<gpx xmlns="http://www.topografix.com/GPX/1/1" xmlns:xsi="http://www.w3.org/2001/XMLSchema-instance" xsi:schemaLocation="http://www.topografix.com/GPX/1/1 http://www.topografix.com/GPX/1/1/gpx.xsd" version="1.1" creator="togpx"><metadata/><wpt lat="43.311127198613356" lon="3.41975212097168"><name></name><desc>label=Rue Paul Riquet, Vias,France</desc></wpt><wpt lat="43.30864460920844" lon="3.438334465026856"><name></name><desc>label=Ruisseau de l'Ardaillou, Vias,France</desc></wpt><wpt lat="43.31627941902955" lon="3.445072174072266"><name></name><desc>label=Pont Saint-Joseph, Agde,France</desc></wpt><wpt lat="43.31960471115754" lon="3.4647488594055176"><name></name><desc>label=Port du Agde, Agde,France</desc></wpt><wpt lat="43.31321936503141" lon="3.4726506471633916"><name></name><desc>label=Avenue du Général de Gaulle, Agde,France</desc></wpt><wpt lat="43.31227867971383" lon="3.474909067153931"><name></name><desc>label=Avenue du Général de Gaulle, Agde,France</desc></wpt><wpt lat="43.312048385239045" lon="3.475563526153565"><name></name><desc>label=Rue de Strasbourg, Agde,France</desc></wpt><wpt lat="43.311704893553475" lon="3.476357460021973"><name></name><desc>label=Plan René Subra, Agde,France</desc></wpt><wpt lat="43.31141799844187" lon="3.4770441055297856"><name></name><desc>label=Avenue du Général de Gaulle, Agde,France</desc></wpt><wpt lat="43.31104522794052" lon="3.478304743766785"><name></name><desc>label=Rond-Point René Bouschet, Agde,France</desc></wpt><wpt lat="43.39103888050543" lon="3.6548209190368657"><name></name><desc>label=Promenade du Lido, Sete,France</desc></wpt><wpt lat="43.39278136278407" lon="3.6913177371025085"><name></name><desc>label=Rue du Chant des Vagues, Sete,France</desc></wpt><wpt lat="43.39430940444591" lon="3.6928734183311467"><name></name><desc>label=Promenade du Maréchal Leclerc, Sete,France</desc></wpt><wpt lat="43.412461695946696" lon="3.6965239048004155"><name></name><desc>label=Place André Cambon, Sete,France</desc></wpt><wpt lat="43.54192245658435" lon="3.8972282409667973"><name></name><desc>label=M 986, Latte,França</desc></wpt><wpt lat="43.55560845264748" lon="3.8963699340820317"><name></name><desc>label=Haras de Tournefort, Latte,França</desc></wpt><wpt lat="43.60046854851032" lon="3.8971424102783208"><name></name><desc>label=Allée de la Méditerranée, Montpellier,França</desc></wpt><wpt lat="43.63259057350973" lon="3.870054327846715"><name></name><desc>label=Bâtiment K - Archéologie Germaine Richier, Montpellier,France</desc></wpt><trk><name></name><desc>ascent=362.4
descent=315.4
opacity=0.9</desc><trkseg><trkpt lat="43.311132" lon="3.419781"><ele>10</ele></trkpt><trkpt lat="43.311013" lon="3.419822"><ele>10</ele></trkpt><trkpt lat="43.310967" lon="3.419821"><ele>10</ele></trkpt><trkpt lat="43.310648" lon="3.419913"><ele>10</ele></trkpt><trkpt lat="43.310133" lon="3.42008"><ele>7</ele></trkpt><trkpt lat="43.30972" lon="3.420195"><ele>7</ele></trkpt><trkpt lat="43.308935" lon="3.420415"><ele>7</ele></trkpt><trkpt lat="43.308914" lon="3.420421"><ele>7</ele></trkpt><trkpt lat="43.308365" lon="3.420589"><ele>7</ele></trkpt><trkpt lat="43.307931" lon="3.420727"><ele>5</ele></trkpt><trkpt lat="43.307761" lon="3.420786"><ele>5</ele></trkpt><trkpt lat="43.306825" lon="3.421224"><ele>5</ele></trkpt><trkpt lat="43.306569" lon="3.421415"><ele>5</ele></trkpt><trkpt lat="43.306315" lon="3.421604"><ele>5</ele></trkpt><trkpt lat="43.306243" lon="3.421634"><ele>5</ele></trkpt><trkpt lat="43.306205" lon="3.421536"><ele>5</ele></trkpt><trkpt lat="43.306155" lon="3.421189"><ele>5</ele></trkpt><trkpt lat="43.3058" lon="3.41899"><ele>3.5</ele></trkpt><trkpt lat="43.305757" lon="3.418875"><ele>3.5</ele></trkpt><trkpt lat="43.305506" lon="3.418527"><ele>3.7</ele></trkpt><trkpt lat="43.305427" lon="3.418441"><ele>3.8</ele></trkpt><trkpt lat="43.30532" lon="3.418382"><ele>3.9</ele></trkpt><trkpt lat="43.305096" lon="3.418326"><ele>4.1</ele></trkpt><trkpt lat="43.304317" lon="3.418188"><ele>4.6</ele></trkpt><trkpt lat="43.303979" lon="3.41815"><ele>4.2</ele></trkpt><trkpt lat="43.303822" lon="3.41816"><ele>4</ele></trkpt><trkpt lat="43.303735" lon="3.418194"><ele>3</ele></trkpt><trkpt lat="43.30299" lon="3.418658"><ele>3</ele></trkpt><trkpt lat="43.302807" lon="3.418799"><ele>3</ele></trkpt><trkpt lat="43.302602" lon="3.418915"><ele>3</ele></trkpt><trkpt lat="43.302497" lon="3.418938"><ele>3</ele></trkpt><trkpt lat="43.30242" lon="3.41895"><ele>3</ele></trkpt><trkpt lat="43.302168" lon="3.41899"><ele>3</ele></trkpt><trkpt lat="43.302046" lon="3.418996"><ele>3</ele></trkpt><trkpt lat="43.302014" lon="3.419098"><ele>3</ele></trkpt><trkpt lat="43.301982" lon="3.419303"><ele>3</ele></trkpt><trkpt lat="43.301954" lon="3.420004"><ele>3</ele></trkpt><trkpt lat="43.301967" lon="3.420108"><ele>3</ele></trkpt><trkpt lat="43.301992" lon="3.420208"><ele>3</ele></trkpt><trkpt lat="43.302129" lon="3.420487"><ele>3</ele></trkpt><trkpt lat="43.302175" lon="3.420643"><ele>3</ele></trkpt><trkpt lat="43.302257" lon="3.421745"><ele>3</ele></trkpt><trkpt lat="43.302429" lon="3.424087"><ele>3</ele></trkpt><trkpt lat="43.302749" lon="3.428758"><ele>3.7</ele></trkpt><trkpt lat="43.302738" lon="3.429012"><ele>4</ele></trkpt><trkpt lat="43.302693" lon="3.429222"><ele>5</ele></trkpt><trkpt lat="43.302656" lon="3.429342"><ele>5</ele></trkpt><trkpt lat="43.302647" lon="3.429459"><ele>5</ele></trkpt><trkpt lat="43.30265" lon="3.429513"><ele>5</ele></trkpt><trkpt lat="43.302682" lon="3.430018"><ele>5</ele></trkpt><trkpt lat="43.302683" lon="3.430075"><ele>5</ele></trkpt><trkpt lat="43.302708" lon="3.43036"><ele>5</ele></trkpt><trkpt lat="43.302731" lon="3.430607"><ele>5</ele></trkpt><trkpt lat="43.302805" lon="3.430625"><ele>5</ele></trkpt><trkpt lat="43.302852" lon="3.430672"><ele>5</ele></trkpt><trkpt lat="43.302877" lon="3.430827"><ele>4.3</ele></trkpt><trkpt lat="43.302902" lon="3.43129"><ele>3</ele></trkpt><trkpt lat="43.30303" lon="3.432918"><ele>3</ele></trkpt><trkpt lat="43.303049" lon="3.433054"><ele>3</ele></trkpt><trkpt lat="43.303129" lon="3.433509"><ele>2.2</ele></trkpt><trkpt lat="43.30325" lon="3.434065"><ele>2.2</ele></trkpt><trkpt lat="43.303315" lon="3.434305"><ele>2.2</ele></trkpt><trkpt lat="43.30348" lon="3.434749"><ele>2.2</ele></trkpt><trkpt lat="43.303699" lon="3.435154"><ele>2.1</ele></trkpt><trkpt lat="43.303786" lon="3.435273"><ele>2.1</ele></trkpt><trkpt lat="43.304157" lon="3.435688"><ele>2.3</ele></trkpt><trkpt lat="43.304325" lon="3.435933"><ele>3</ele></trkpt><trkpt lat="43.304416" lon="3.43613"><ele>3</ele></trkpt><trkpt lat="43.304463" lon="3.436247"><ele>3</ele></trkpt><trkpt lat="43.304513" lon="3.436307"><ele>3</ele></trkpt><trkpt lat="43.304832" lon="3.43653"><ele>3</ele></trkpt><trkpt lat="43.304925" lon="3.436565"><ele>3</ele></trkpt><trkpt lat="43.30515" lon="3.436713"><ele>3</ele></trkpt><trkpt lat="43.305365" lon="3.436872"><ele>3</ele></trkpt><trkpt lat="43.306444" lon="3.437328"><ele>3</ele></trkpt><trkpt lat="43.307218" lon="3.437711"><ele>3</ele></trkpt><trkpt lat="43.307388" lon="3.437745"><ele>3</ele></trkpt><trkpt lat="43.307515" lon="3.437807"><ele>3</ele></trkpt><trkpt lat="43.307568" lon="3.437857"><ele>3</ele></trkpt><trkpt lat="43.308195" lon="3.438176"><ele>3</ele></trkpt><trkpt lat="43.308638" lon="3.438363"><ele>2.9</ele></trkpt><trkpt lat="43.310945" lon="3.439336"><ele>2.8</ele></trkpt><trkpt lat="43.311882" lon="3.439794"><ele>3.1</ele></trkpt><trkpt lat="43.312516" lon="3.440214"><ele>2.9</ele></trkpt><trkpt lat="43.312807" lon="3.440432"><ele>2.7</ele></trkpt><trkpt lat="43.31318" lon="3.440598"><ele>2.3</ele></trkpt><trkpt lat="43.313509" lon="3.440681"><ele>2</ele></trkpt><trkpt lat="43.314153" lon="3.440659"><ele>2</ele></trkpt><trkpt lat="43.314285" lon="3.440655"><ele>2</ele></trkpt><trkpt lat="43.3146" lon="3.440702"><ele>4</ele></trkpt><trkpt lat="43.314747" lon="3.440654"><ele>4.1</ele></trkpt><trkpt lat="43.314834" lon="3.440603"><ele>4.1</ele></trkpt><trkpt lat="43.314964" lon="3.440616"><ele>4.1</ele></trkpt><trkpt lat="43.315051" lon="3.440736"><ele>4.1</ele></trkpt><trkpt lat="43.315079" lon="3.440827"><ele>4.2</ele></trkpt><trkpt lat="43.315326" lon="3.440994"><ele>4.2</ele></trkpt><trkpt lat="43.315428" lon="3.441089"><ele>4.2</ele></trkpt><trkpt lat="43.315605" lon="3.441383"><ele>4.2</ele></trkpt><trkpt lat="43.315664" lon="3.441524"><ele>4.3</ele></trkpt><trkpt lat="43.315716" lon="3.441717"><ele>4.3</ele></trkpt><trkpt lat="43.31595" lon="3.443085"><ele>4.5</ele></trkpt><trkpt lat="43.316036" lon="3.443504"><ele>4.4</ele></trkpt><trkpt lat="43.316288" lon="3.44507"><ele>3.8</ele></trkpt><trkpt lat="43.316419" lon="3.445881"><ele>3.3</ele></trkpt><trkpt lat="43.316593" lon="3.447211"><ele>3</ele></trkpt><trkpt lat="43.316716" lon="3.447597"><ele>3</ele></trkpt><trkpt lat="43.31681" lon="3.448024"><ele>3</ele></trkpt><trkpt lat="43.316824" lon="3.448132"><ele>3</ele></trkpt><trkpt lat="43.317023" lon="3.449267"><ele>3</ele></trkpt><trkpt lat="43.317564" lon="3.452588"><ele>5.8</ele></trkpt><trkpt lat="43.317925" lon="3.454646"><ele>3.6</ele></trkpt><trkpt lat="43.318555" lon="3.458868"><ele>4</ele></trkpt><trkpt lat="43.318599" lon="3.459089"><ele>4.2</ele></trkpt><trkpt lat="43.318645" lon="3.459236"><ele>4.2</ele></trkpt><trkpt lat="43.31887" lon="3.460711"><ele>4.5</ele></trkpt><trkpt lat="43.319053" lon="3.461603"><ele>4.9</ele></trkpt><trkpt lat="43.319147" lon="3.462339"><ele>4.9</ele></trkpt><trkpt lat="43.319367" lon="3.463366"><ele>5</ele></trkpt><trkpt lat="43.319597" lon="3.464751"><ele>5</ele></trkpt><trkpt lat="43.319626" lon="3.464926"><ele>5</ele></trkpt><trkpt lat="43.319863" lon="3.46647"><ele>5.6</ele></trkpt><trkpt lat="43.319911" lon="3.467293"><ele>6</ele></trkpt><trkpt lat="43.319829" lon="3.467321"><ele>6</ele></trkpt><trkpt lat="43.319766" lon="3.467342"><ele>6</ele></trkpt><trkpt lat="43.319007" lon="3.467595"><ele>6</ele></trkpt><trkpt lat="43.318652" lon="3.467707"><ele>6</ele></trkpt><trkpt lat="43.31706" lon="3.468244"><ele>7</ele></trkpt><trkpt lat="43.316444" lon="3.468399"><ele>8</ele></trkpt><trkpt lat="43.315832" lon="3.468579"><ele>8</ele></trkpt><trkpt lat="43.315673" lon="3.468591"><ele>8</ele></trkpt><trkpt lat="43.315514" lon="3.468562"><ele>8</ele></trkpt><trkpt lat="43.3155" lon="3.468476"><ele>8</ele></trkpt><trkpt lat="43.315397" lon="3.4683"><ele>8</ele></trkpt><trkpt lat="43.315373" lon="3.468248"><ele>8</ele></trkpt><trkpt lat="43.315353" lon="3.468261"><ele>8</ele></trkpt><trkpt lat="43.315329" lon="3.468247"><ele>8</ele></trkpt><trkpt lat="43.315084" lon="3.468181"><ele>8</ele></trkpt><trkpt lat="43.315051" lon="3.468223"><ele>8</ele></trkpt><trkpt lat="43.315015" lon="3.468267"><ele>8</ele></trkpt><trkpt lat="43.315094" lon="3.468388"><ele>8</ele></trkpt><trkpt lat="43.315129" lon="3.468531"><ele>8</ele></trkpt><trkpt lat="43.315135" lon="3.468605"><ele>6.6</ele></trkpt><trkpt lat="43.315102" lon="3.468734"><ele>5</ele></trkpt><trkpt lat="43.314757" lon="3.469635"><ele>5</ele></trkpt><trkpt lat="43.314735" lon="3.469741"><ele>5</ele></trkpt><trkpt lat="43.314756" lon="3.469971"><ele>5.5</ele></trkpt><trkpt lat="43.315155" lon="3.470656"><ele>5.7</ele></trkpt><trkpt lat="43.315165" lon="3.470696"><ele>8</ele></trkpt><trkpt lat="43.315183" lon="3.470679"><ele>5</ele></trkpt><trkpt lat="43.315207" lon="3.470792"><ele>7.4</ele></trkpt><trkpt lat="43.315194" lon="3.470875"><ele>7.3</ele></trkpt><trkpt lat="43.315148" lon="3.470992"><ele>8</ele></trkpt><trkpt lat="43.315121" lon="3.471017"><ele>8</ele></trkpt><trkpt lat="43.315096" lon="3.471085"><ele>8</ele></trkpt><trkpt lat="43.315099" lon="3.471285"><ele>8</ele></trkpt><trkpt lat="43.315114" lon="3.47133"><ele>8</ele></trkpt><trkpt lat="43.315082" lon="3.471404"><ele>8</ele></trkpt><trkpt lat="43.314988" lon="3.471504"><ele>8</ele></trkpt><trkpt lat="43.314969" lon="3.471521"><ele>8</ele></trkpt><trkpt lat="43.314784" lon="3.471685"><ele>8</ele></trkpt><trkpt lat="43.314667" lon="3.471843"><ele>8</ele></trkpt><trkpt lat="43.314533" lon="3.47195"><ele>9.8</ele></trkpt><trkpt lat="43.314393" lon="3.472019"><ele>15</ele></trkpt><trkpt lat="43.314055" lon="3.472108"><ele>15</ele></trkpt><trkpt lat="43.313823" lon="3.472164"><ele>15</ele></trkpt><trkpt lat="43.313682" lon="3.472161"><ele>15</ele></trkpt><trkpt lat="43.313535" lon="3.472118"><ele>15</ele></trkpt><trkpt lat="43.313513" lon="3.47211"><ele>15</ele></trkpt><trkpt lat="43.313451" lon="3.472133"><ele>15</ele></trkpt><trkpt lat="43.313419" lon="3.472208"><ele>15</ele></trkpt><trkpt lat="43.313418" lon="3.47222"><ele>15</ele></trkpt><trkpt lat="43.313356" lon="3.472365"><ele>15</ele></trkpt><trkpt lat="43.313306" lon="3.472476"><ele>15</ele></trkpt><trkpt lat="43.313238" lon="3.472604"><ele>13.3</ele></trkpt><trkpt lat="43.313219" lon="3.47265"><ele>12.6</ele></trkpt><trkpt lat="43.312695" lon="3.473931"><ele>12</ele></trkpt><trkpt lat="43.312515" lon="3.474377"><ele>12</ele></trkpt><trkpt lat="43.312295" lon="3.474921"><ele>13.5</ele></trkpt><trkpt lat="43.312198" lon="3.475162"><ele>15</ele></trkpt><trkpt lat="43.312039" lon="3.475556"><ele>15</ele></trkpt><trkpt lat="43.31188" lon="3.475951"><ele>15</ele></trkpt><trkpt lat="43.311831" lon="3.476074"><ele>15</ele></trkpt><trkpt lat="43.31171" lon="3.476362"><ele>15</ele></trkpt><trkpt lat="43.311509" lon="3.476843"><ele>15</ele></trkpt><trkpt lat="43.311447" lon="3.476989"><ele>16</ele></trkpt><trkpt lat="43.311422" lon="3.477047"><ele>16</ele></trkpt><trkpt lat="43.311419" lon="3.477055"><ele>16</ele></trkpt><trkpt lat="43.311353" lon="3.477081"><ele>16</ele></trkpt><trkpt lat="43.311274" lon="3.477204"><ele>16</ele></trkpt><trkpt lat="43.311198" lon="3.477934"><ele>16</ele></trkpt><trkpt lat="43.311185" lon="3.478042"><ele>16</ele></trkpt><trkpt lat="43.311114" lon="3.478202"><ele>16</ele></trkpt><trkpt lat="43.31109" lon="3.47821"><ele>16</ele></trkpt><trkpt lat="43.311059" lon="3.478244"><ele>16</ele></trkpt><trkpt lat="43.311046" lon="3.478296"><ele>16</ele></trkpt><trkpt lat="43.311048" lon="3.478304"><ele>16</ele></trkpt><trkpt lat="43.311055" lon="3.478345"><ele>16</ele></trkpt><trkpt lat="43.31108" lon="3.478381"><ele>16</ele></trkpt><trkpt lat="43.311107" lon="3.47856"><ele>16</ele></trkpt><trkpt lat="43.311148" lon="3.478555"><ele>16</ele></trkpt><trkpt lat="43.311184" lon="3.478548"><ele>16</ele></trkpt><trkpt lat="43.311186" lon="3.478628"><ele>16</ele></trkpt><trkpt lat="43.311125" lon="3.479092"><ele>16</ele></trkpt><trkpt lat="43.311008" lon="3.48001"><ele>16</ele></trkpt><trkpt lat="43.311021" lon="3.48006"><ele>16</ele></trkpt><trkpt lat="43.311062" lon="3.480081"><ele>16</ele></trkpt><trkpt lat="43.311056" lon="3.480126"><ele>16</ele></trkpt><trkpt lat="43.311042" lon="3.480193"><ele>16</ele></trkpt><trkpt lat="43.311003" lon="3.480198"><ele>16</ele></trkpt><trkpt lat="43.310977" lon="3.480241"><ele>16</ele></trkpt><trkpt lat="43.310602" lon="3.483296"><ele>15</ele></trkpt><trkpt lat="43.310581" lon="3.483468"><ele>15</ele></trkpt><trkpt lat="43.310578" lon="3.483562"><ele>15</ele></trkpt><trkpt lat="43.31053" lon="3.483949"><ele>15</ele></trkpt><trkpt lat="43.310442" lon="3.484332"><ele>15</ele></trkpt><trkpt lat="43.30998" lon="3.485813"><ele>15</ele></trkpt><trkpt lat="43.309999" lon="3.485901"><ele>15</ele></trkpt><trkpt lat="43.309129" lon="3.488771"><ele>11</ele></trkpt><trkpt lat="43.309137" lon="3.488835"><ele>11</ele></trkpt><trkpt lat="43.309186" lon="3.488884"><ele>11</ele></trkpt><trkpt lat="43.309176" lon="3.48894"><ele>11</ele></trkpt><trkpt lat="43.309173" lon="3.48896"><ele>11</ele></trkpt><trkpt lat="43.309163" lon="3.489014"><ele>10.3</ele></trkpt><trkpt lat="43.309084" lon="3.489047"><ele>10.2</ele></trkpt><trkpt lat="43.30901" lon="3.489127"><ele>10.1</ele></trkpt><trkpt lat="43.308845" lon="3.489538"><ele>9.8</ele></trkpt><trkpt lat="43.308796" lon="3.489607"><ele>9.9</ele></trkpt><trkpt lat="43.308707" lon="3.489943"><ele>9</ele></trkpt><trkpt lat="43.308506" lon="3.490822"><ele>9</ele></trkpt><trkpt lat="43.308485" lon="3.490931"><ele>9</ele></trkpt><trkpt lat="43.308399" lon="3.491314"><ele>9</ele></trkpt><trkpt lat="43.308386" lon="3.491525"><ele>9</ele></trkpt><trkpt lat="43.308316" lon="3.492024"><ele>7</ele></trkpt><trkpt lat="43.308314" lon="3.492163"><ele>7</ele></trkpt><trkpt lat="43.308254" lon="3.492363"><ele>7.5</ele></trkpt><trkpt lat="43.30815" lon="3.492528"><ele>7.6</ele></trkpt><trkpt lat="43.308116" lon="3.492617"><ele>7.6</ele></trkpt><trkpt lat="43.308115" lon="3.492884"><ele>8</ele></trkpt><trkpt lat="43.308115" lon="3.493023"><ele>8</ele></trkpt><trkpt lat="43.307812" lon="3.494961"><ele>9</ele></trkpt><trkpt lat="43.307809" lon="3.495038"><ele>9</ele></trkpt><trkpt lat="43.307826" lon="3.495145"><ele>9</ele></trkpt><trkpt lat="43.30786" lon="3.495201"><ele>9</ele></trkpt><trkpt lat="43.307901" lon="3.495225"><ele>9</ele></trkpt><trkpt lat="43.307986" lon="3.495201"><ele>9</ele></trkpt><trkpt lat="43.308012" lon="3.495262"><ele>9</ele></trkpt><trkpt lat="43.308022" lon="3.495338"><ele>9.9</ele></trkpt><trkpt lat="43.307971" lon="3.495437"><ele>10.1</ele></trkpt><trkpt lat="43.307963" lon="3.495593"><ele>10.2</ele></trkpt><trkpt lat="43.307943" lon="3.495681"><ele>10.3</ele></trkpt><trkpt lat="43.307842" lon="3.495885"><ele>10.4</ele></trkpt><trkpt lat="43.307815" lon="3.495968"><ele>10.3</ele></trkpt><trkpt lat="43.307801" lon="3.496078"><ele>10.2</ele></trkpt><trkpt lat="43.307763" lon="3.496095"><ele>11</ele></trkpt><trkpt lat="43.30773" lon="3.4961"><ele>11</ele></trkpt><trkpt lat="43.307695" lon="3.496116"><ele>11</ele></trkpt><trkpt lat="43.307576" lon="3.501258"><ele>19</ele></trkpt><trkpt lat="43.30756" lon="3.501363"><ele>19</ele></trkpt><trkpt lat="43.307532" lon="3.501425"><ele>19</ele></trkpt><trkpt lat="43.30748" lon="3.501473"><ele>19</ele></trkpt><trkpt lat="43.307489" lon="3.501526"><ele>19</ele></trkpt><trkpt lat="43.307559" lon="3.50167"><ele>19</ele></trkpt><trkpt lat="43.307568" lon="3.501764"><ele>19</ele></trkpt><trkpt lat="43.307551" lon="3.502062"><ele>18.3</ele></trkpt><trkpt lat="43.307471" lon="3.502694"><ele>18</ele></trkpt><trkpt lat="43.307343" lon="3.505339"><ele>14.2</ele></trkpt><trkpt lat="43.30729" lon="3.50552"><ele>13</ele></trkpt><trkpt lat="43.307244" lon="3.50633"><ele>9.6</ele></trkpt><trkpt lat="43.307181" lon="3.506688"><ele>9.6</ele></trkpt><trkpt lat="43.307067" lon="3.506957"><ele>9.9</ele></trkpt><trkpt lat="43.306868" lon="3.50723"><ele>10.2</ele></trkpt><trkpt lat="43.306486" lon="3.507487"><ele>10.2</ele></trkpt><trkpt lat="43.306246" lon="3.507599"><ele>10.4</ele></trkpt><trkpt lat="43.305984" lon="3.507609"><ele>10.7</ele></trkpt><trkpt lat="43.305725" lon="3.507569"><ele>12</ele></trkpt><trkpt lat="43.305311" lon="3.507528"><ele>12</ele></trkpt><trkpt lat="43.304898" lon="3.507525"><ele>12</ele></trkpt><trkpt lat="43.304594" lon="3.507459"><ele>12</ele></trkpt><trkpt lat="43.30458" lon="3.507578"><ele>12</ele></trkpt><trkpt lat="43.304575" lon="3.507969"><ele>12</ele></trkpt><trkpt lat="43.304578" lon="3.508098"><ele>12</ele></trkpt><trkpt lat="43.304632" lon="3.508168"><ele>12</ele></trkpt><trkpt lat="43.305023" lon="3.508192"><ele>12</ele></trkpt><trkpt lat="43.3057" lon="3.508212"><ele>7</ele></trkpt><trkpt lat="43.306244" lon="3.50826"><ele>5.4</ele></trkpt><trkpt lat="43.306607" lon="3.508372"><ele>5.4</ele></trkpt><trkpt lat="43.306979" lon="3.508648"><ele>5.4</ele></trkpt><trkpt lat="43.307083" lon="3.508758"><ele>5.2</ele></trkpt><trkpt lat="43.307255" lon="3.508957"><ele>5.2</ele></trkpt><trkpt lat="43.307485" lon="3.509381"><ele>4.9</ele></trkpt><trkpt lat="43.307702" lon="3.509974"><ele>4.8</ele></trkpt><trkpt lat="43.307894" lon="3.510599"><ele>3</ele></trkpt><trkpt lat="43.308415" lon="3.512294"><ele>1</ele></trkpt><trkpt lat="43.308734" lon="3.513372"><ele>2</ele></trkpt><trkpt lat="43.308799" lon="3.513351"><ele>2</ele></trkpt><trkpt lat="43.308841" lon="3.513363"><ele>2</ele></trkpt><trkpt lat="43.309454" lon="3.515251"><ele>1</ele></trkpt><trkpt lat="43.310452" lon="3.518413"><ele>1</ele></trkpt><trkpt lat="43.31082" lon="3.51947"><ele>1</ele></trkpt><trkpt lat="43.314036" lon="3.529791"><ele>1</ele></trkpt><trkpt lat="43.3145" lon="3.531282"><ele>1</ele></trkpt><trkpt lat="43.314758" lon="3.532125"><ele>1</ele></trkpt><trkpt lat="43.31545" lon="3.534378"><ele>2</ele></trkpt><trkpt lat="43.315526" lon="3.534748"><ele>2</ele></trkpt><trkpt lat="43.315526" lon="3.534866"><ele>2</ele></trkpt><trkpt lat="43.315487" lon="3.534995"><ele>2</ele></trkpt><trkpt lat="43.315484" lon="3.535072"><ele>2</ele></trkpt><trkpt lat="43.315477" lon="3.535263"><ele>2</ele></trkpt><trkpt lat="43.315491" lon="3.535298"><ele>2</ele></trkpt><trkpt lat="43.315523" lon="3.535349"><ele>2</ele></trkpt><trkpt lat="43.315542" lon="3.535377"><ele>2</ele></trkpt><trkpt lat="43.315595" lon="3.535343"><ele>2</ele></trkpt><trkpt lat="43.31564" lon="3.535343"><ele>2</ele></trkpt><trkpt lat="43.315707" lon="3.535407"><ele>2</ele></trkpt><trkpt lat="43.315871" lon="3.535729"><ele>2</ele></trkpt><trkpt lat="43.318023" lon="3.542687"><ele>0.5</ele></trkpt><trkpt lat="43.318601" lon="3.544602"><ele>1.7</ele></trkpt><trkpt lat="43.318889" lon="3.545743"><ele>2</ele></trkpt><trkpt lat="43.318917" lon="3.545859"><ele>2</ele></trkpt><trkpt lat="43.318884" lon="3.545972"><ele>2</ele></trkpt><trkpt lat="43.318856" lon="3.546188"><ele>2</ele></trkpt><trkpt lat="43.318822" lon="3.546258"><ele>2</ele></trkpt><trkpt lat="43.318844" lon="3.546293"><ele>2</ele></trkpt><trkpt lat="43.318907" lon="3.546422"><ele>2</ele></trkpt><trkpt lat="43.318935" lon="3.546494"><ele>2</ele></trkpt><trkpt lat="43.319033" lon="3.546478"><ele>2</ele></trkpt><trkpt lat="43.319113" lon="3.546515"><ele>2</ele></trkpt><trkpt lat="43.319171" lon="3.546577"><ele>2</ele></trkpt><trkpt lat="43.319695" lon="3.548164"><ele>3</ele></trkpt><trkpt lat="43.320076" lon="3.549416"><ele>3</ele></trkpt><trkpt lat="43.320148" lon="3.549653"><ele>3</ele></trkpt><trkpt lat="43.320314" lon="3.550208"><ele>3</ele></trkpt><trkpt lat="43.32084" lon="3.551903"><ele>0</ele></trkpt><trkpt lat="43.320869" lon="3.551953"><ele>1</ele></trkpt><trkpt lat="43.321018" lon="3.552434"><ele>1</ele></trkpt><trkpt lat="43.321087" lon="3.552632"><ele>1</ele></trkpt><trkpt lat="43.32134" lon="3.553437"><ele>1.4</ele></trkpt><trkpt lat="43.321653" lon="3.554241"><ele>1.6</ele></trkpt><trkpt lat="43.321858" lon="3.55467"><ele>1.8</ele></trkpt><trkpt lat="43.322513" lon="3.555863"><ele>2</ele></trkpt><trkpt lat="43.323177" lon="3.557065"><ele>2</ele></trkpt><trkpt lat="43.323813" lon="3.558212"><ele>2.8</ele></trkpt><trkpt lat="43.324136" lon="3.558827"><ele>3</ele></trkpt><trkpt lat="43.324175" lon="3.558896"><ele>3</ele></trkpt><trkpt lat="43.324184" lon="3.558971"><ele>3</ele></trkpt><trkpt lat="43.32427" lon="3.559138"><ele>3</ele></trkpt><trkpt lat="43.324333" lon="3.559204"><ele>3</ele></trkpt><trkpt lat="43.324437" lon="3.559401"><ele>3</ele></trkpt><trkpt lat="43.324706" lon="3.55994"><ele>3</ele></trkpt><trkpt lat="43.324717" lon="3.560119"><ele>3</ele></trkpt><trkpt lat="43.324745" lon="3.560164"><ele>3</ele></trkpt><trkpt lat="43.32479" lon="3.56024"><ele>3</ele></trkpt><trkpt lat="43.324809" lon="3.560278"><ele>1.7</ele></trkpt><trkpt lat="43.324908" lon="3.560295"><ele>1.4</ele></trkpt><trkpt lat="43.324945" lon="3.560322"><ele>1.4</ele></trkpt><trkpt lat="43.325183" lon="3.560706"><ele>1.5</ele></trkpt><trkpt lat="43.325394" lon="3.561104"><ele>1</ele></trkpt><trkpt lat="43.325675" lon="3.561587"><ele>1</ele></trkpt><trkpt lat="43.325972" lon="3.56218"><ele>1</ele></trkpt><trkpt lat="43.326017" lon="3.56232"><ele>1.6</ele></trkpt><trkpt lat="43.326028" lon="3.562525"><ele>1.7</ele></trkpt><trkpt lat="43.326058" lon="3.56256"><ele>2</ele></trkpt><trkpt lat="43.326128" lon="3.562579"><ele>2</ele></trkpt><trkpt lat="43.326157" lon="3.562654"><ele>2</ele></trkpt><trkpt lat="43.326562" lon="3.563712"><ele>2</ele></trkpt><trkpt lat="43.326985" lon="3.564803"><ele>2</ele></trkpt><trkpt lat="43.327362" lon="3.565743"><ele>2</ele></trkpt><trkpt lat="43.327546" lon="3.566156"><ele>1.7</ele></trkpt><trkpt lat="43.327789" lon="3.566614"><ele>1</ele></trkpt><trkpt lat="43.327812" lon="3.566659"><ele>1</ele></trkpt><trkpt lat="43.328303" lon="3.567563"><ele>1</ele></trkpt><trkpt lat="43.328737" lon="3.568147"><ele>1</ele></trkpt><trkpt lat="43.329097" lon="3.568591"><ele>1</ele></trkpt><trkpt lat="43.330542" lon="3.570299"><ele>1</ele></trkpt><trkpt lat="43.331062" lon="3.5709"><ele>1.8</ele></trkpt><trkpt lat="43.331287" lon="3.571125"><ele>2.2</ele></trkpt><trkpt lat="43.332025" lon="3.572027"><ele>3</ele></trkpt><trkpt lat="43.333179" lon="3.573381"><ele>1</ele></trkpt><trkpt lat="43.333421" lon="3.573689"><ele>1</ele></trkpt><trkpt lat="43.333881" lon="3.574183"><ele>1.5</ele></trkpt><trkpt lat="43.334347" lon="3.57477"><ele>1.6</ele></trkpt><trkpt lat="43.334756" lon="3.575064"><ele>1.8</ele></trkpt><trkpt lat="43.334837" lon="3.575089"><ele>2</ele></trkpt><trkpt lat="43.33489" lon="3.57506"><ele>1.3</ele></trkpt><trkpt lat="43.335148" lon="3.574677"><ele>1.2</ele></trkpt><trkpt lat="43.335223" lon="3.574522"><ele>1.3</ele></trkpt><trkpt lat="43.335251" lon="3.574501"><ele>1.3</ele></trkpt><trkpt lat="43.33529" lon="3.574519"><ele>1.4</ele></trkpt><trkpt lat="43.336524" lon="3.576144"><ele>1</ele></trkpt><trkpt lat="43.337415" lon="3.577325"><ele>1.4</ele></trkpt><trkpt lat="43.337416" lon="3.577387"><ele>1.3</ele></trkpt><trkpt lat="43.337311" lon="3.577567"><ele>1.2</ele></trkpt><trkpt lat="43.33732" lon="3.577682"><ele>1</ele></trkpt><trkpt lat="43.33711" lon="3.577969"><ele>1</ele></trkpt><trkpt lat="43.337048" lon="3.578085"><ele>1</ele></trkpt><trkpt lat="43.337063" lon="3.578157"><ele>1.1</ele></trkpt><trkpt lat="43.337575" lon="3.578802"><ele>1.3</ele></trkpt><trkpt lat="43.339873" lon="3.581563"><ele>1</ele></trkpt><trkpt lat="43.340778" lon="3.5827"><ele>1</ele></trkpt><trkpt lat="43.340995" lon="3.582907"><ele>1</ele></trkpt><trkpt lat="43.342955" lon="3.585313"><ele>1</ele></trkpt><trkpt lat="43.343996" lon="3.586627"><ele>1.3</ele></trkpt><trkpt lat="43.344847" lon="3.587663"><ele>1</ele></trkpt><trkpt lat="43.34622" lon="3.589387"><ele>1</ele></trkpt><trkpt lat="43.347136" lon="3.590518"><ele>1</ele></trkpt><trkpt lat="43.34716" lon="3.590545"><ele>1</ele></trkpt><trkpt lat="43.347269" lon="3.590658"><ele>1</ele></trkpt><trkpt lat="43.347347" lon="3.590686"><ele>1</ele></trkpt><trkpt lat="43.347416" lon="3.590673"><ele>1</ele></trkpt><trkpt lat="43.347494" lon="3.590621"><ele>1</ele></trkpt><trkpt lat="43.347691" lon="3.59034"><ele>1</ele></trkpt><trkpt lat="43.347762" lon="3.590304"><ele>1</ele></trkpt><trkpt lat="43.347825" lon="3.590301"><ele>1</ele></trkpt><trkpt lat="43.347905" lon="3.590351"><ele>1</ele></trkpt><trkpt lat="43.348114" lon="3.590578"><ele>1</ele></trkpt><trkpt lat="43.348301" lon="3.590628"><ele>1</ele></trkpt><trkpt lat="43.34839" lon="3.590681"><ele>1</ele></trkpt><trkpt lat="43.349447" lon="3.592357"><ele>1.6</ele></trkpt><trkpt lat="43.349542" lon="3.592449"><ele>1.6</ele></trkpt><trkpt lat="43.349775" lon="3.592602"><ele>1.7</ele></trkpt><trkpt lat="43.34984" lon="3.592681"><ele>1.7</ele></trkpt><trkpt lat="43.350274" lon="3.593348"><ele>1.4</ele></trkpt><trkpt lat="43.350427" lon="3.593427"><ele>1.3</ele></trkpt><trkpt lat="43.350503" lon="3.59348"><ele>1.3</ele></trkpt><trkpt lat="43.350548" lon="3.59354"><ele>1.2</ele></trkpt><trkpt lat="43.351052" lon="3.594333"><ele>1</ele></trkpt><trkpt lat="43.351088" lon="3.594375"><ele>1</ele></trkpt><trkpt lat="43.351343" lon="3.594548"><ele>1</ele></trkpt><trkpt lat="43.351452" lon="3.594684"><ele>1</ele></trkpt><trkpt lat="43.351942" lon="3.595564"><ele>1</ele></trkpt><trkpt lat="43.353125" lon="3.597482"><ele>1</ele></trkpt><trkpt lat="43.353315" lon="3.597653"><ele>1</ele></trkpt><trkpt lat="43.353502" lon="3.597769"><ele>1</ele></trkpt><trkpt lat="43.353637" lon="3.597929"><ele>1</ele></trkpt><trkpt lat="43.35411" lon="3.598689"><ele>1</ele></trkpt><trkpt lat="43.354839" lon="3.599818"><ele>1</ele></trkpt><trkpt lat="43.355135" lon="3.599876"><ele>1</ele></trkpt><trkpt lat="43.355254" lon="3.599986"><ele>1</ele></trkpt><trkpt lat="43.356039" lon="3.601194"><ele>1.1</ele></trkpt><trkpt lat="43.356293" lon="3.601407"><ele>1.3</ele></trkpt><trkpt lat="43.35698" lon="3.602449"><ele>1.1</ele></trkpt><trkpt lat="43.357776" lon="3.603699"><ele>1</ele></trkpt><trkpt lat="43.357874" lon="3.603753"><ele>1</ele></trkpt><trkpt lat="43.357994" lon="3.603731"><ele>1</ele></trkpt><trkpt lat="43.358081" lon="3.603751"><ele>1</ele></trkpt><trkpt lat="43.358144" lon="3.603778"><ele>1</ele></trkpt><trkpt lat="43.3582" lon="3.60385"><ele>1</ele></trkpt><trkpt lat="43.358893" lon="3.604951"><ele>0.9</ele></trkpt><trkpt lat="43.360186" lon="3.607093"><ele>0</ele></trkpt><trkpt lat="43.360266" lon="3.607205"><ele>0.5</ele></trkpt><trkpt lat="43.36034" lon="3.607225"><ele>0.5</ele></trkpt><trkpt lat="43.360409" lon="3.607213"><ele>0.6</ele></trkpt><trkpt lat="43.360482" lon="3.607165"><ele>0.6</ele></trkpt><trkpt lat="43.3606" lon="3.607049"><ele>0.7</ele></trkpt><trkpt lat="43.360679" lon="3.607017"><ele>0.7</ele></trkpt><trkpt lat="43.360773" lon="3.607027"><ele>0.7</ele></trkpt><trkpt lat="43.360824" lon="3.607054"><ele>0.7</ele></trkpt><trkpt lat="43.360866" lon="3.607104"><ele>0.8</ele></trkpt><trkpt lat="43.36097" lon="3.607253"><ele>0.8</ele></trkpt><trkpt lat="43.363353" lon="3.611128"><ele>1.7</ele></trkpt><trkpt lat="43.363949" lon="3.61205"><ele>2</ele></trkpt><trkpt lat="43.36487" lon="3.613552"><ele>0</ele></trkpt><trkpt lat="43.365028" lon="3.613887"><ele>0</ele></trkpt><trkpt lat="43.365504" lon="3.614688"><ele>1</ele></trkpt><trkpt lat="43.366007" lon="3.615467"><ele>1</ele></trkpt><trkpt lat="43.366137" lon="3.615738"><ele>1</ele></trkpt><trkpt lat="43.366228" lon="3.61587"><ele>1</ele></trkpt><trkpt lat="43.366354" lon="3.616009"><ele>1</ele></trkpt><trkpt lat="43.366576" lon="3.616231"><ele>1</ele></trkpt><trkpt lat="43.366757" lon="3.616536"><ele>1</ele></trkpt><trkpt lat="43.367007" lon="3.616908"><ele>1</ele></trkpt><trkpt lat="43.367296" lon="3.617286"><ele>1</ele></trkpt><trkpt lat="43.36756" lon="3.617606"><ele>1</ele></trkpt><trkpt lat="43.367818" lon="3.617997"><ele>1</ele></trkpt><trkpt lat="43.367985" lon="3.618253"><ele>0.7</ele></trkpt><trkpt lat="43.368365" lon="3.618714"><ele>0</ele></trkpt><trkpt lat="43.368601" lon="3.618977"><ele>0</ele></trkpt><trkpt lat="43.369118" lon="3.619726"><ele>0</ele></trkpt><trkpt lat="43.369613" lon="3.62048"><ele>0</ele></trkpt><trkpt lat="43.369809" lon="3.620729"><ele>0.5</ele></trkpt><trkpt lat="43.370899" lon="3.622275"><ele>1</ele></trkpt><trkpt lat="43.37214" lon="3.624049"><ele>1</ele></trkpt><trkpt lat="43.373381" lon="3.62584"><ele>1</ele></trkpt><trkpt lat="43.374599" lon="3.627638"><ele>0</ele></trkpt><trkpt lat="43.375132" lon="3.628341"><ele>0.4</ele></trkpt><trkpt lat="43.375575" lon="3.628968"><ele>0.7</ele></trkpt><trkpt lat="43.375871" lon="3.629438"><ele>0</ele></trkpt><trkpt lat="43.376847" lon="3.630988"><ele>0</ele></trkpt><trkpt lat="43.377043" lon="3.631291"><ele>1</ele></trkpt><trkpt lat="43.377458" lon="3.631954"><ele>1</ele></trkpt><trkpt lat="43.377904" lon="3.632617"><ele>1</ele></trkpt><trkpt lat="43.378211" lon="3.633086"><ele>1</ele></trkpt><trkpt lat="43.378892" lon="3.634152"><ele>0</ele></trkpt><trkpt lat="43.378958" lon="3.634259"><ele>0</ele></trkpt><trkpt lat="43.379357" lon="3.634908"><ele>1</ele></trkpt><trkpt lat="43.379814" lon="3.635628"><ele>1</ele></trkpt><trkpt lat="43.380284" lon="3.636388"><ele>1</ele></trkpt><trkpt lat="43.380763" lon="3.637153"><ele>1</ele></trkpt><trkpt lat="43.381196" lon="3.63785"><ele>0</ele></trkpt><trkpt lat="43.381708" lon="3.638673"><ele>0</ele></trkpt><trkpt lat="43.382181" lon="3.639434"><ele>0</ele></trkpt><trkpt lat="43.382651" lon="3.640188"><ele>1</ele></trkpt><trkpt lat="43.3831" lon="3.640917"><ele>1</ele></trkpt><trkpt lat="43.383567" lon="3.64167"><ele>1</ele></trkpt><trkpt lat="43.38404" lon="3.64241"><ele>1</ele></trkpt><trkpt lat="43.384505" lon="3.643163"><ele>1</ele></trkpt><trkpt lat="43.384983" lon="3.643905"><ele>0</ele></trkpt><trkpt lat="43.385458" lon="3.644682"><ele>0</ele></trkpt><trkpt lat="43.385912" lon="3.645397"><ele>0</ele></trkpt><trkpt lat="43.386382" lon="3.64615"><ele>2</ele></trkpt><trkpt lat="43.386852" lon="3.646904"><ele>2</ele></trkpt><trkpt lat="43.387272" lon="3.647503"><ele>2</ele></trkpt><trkpt lat="43.387445" lon="3.647754"><ele>1</ele></trkpt><trkpt lat="43.387856" lon="3.648256"><ele>1</ele></trkpt><trkpt lat="43.387913" lon="3.648338"><ele>1</ele></trkpt><trkpt lat="43.38816" lon="3.648829"><ele>1</ele></trkpt><trkpt lat="43.388638" lon="3.649693"><ele>1</ele></trkpt><trkpt lat="43.388721" lon="3.649831"><ele>1</ele></trkpt><trkpt lat="43.388952" lon="3.650247"><ele>0</ele></trkpt><trkpt lat="43.389398" lon="3.651089"><ele>0</ele></trkpt><trkpt lat="43.389592" lon="3.651453"><ele>0</ele></trkpt><trkpt lat="43.389781" lon="3.651814"><ele>0</ele></trkpt><trkpt lat="43.38998" lon="3.652183"><ele>0</ele></trkpt><trkpt lat="43.38999" lon="3.652189"><ele>0</ele></trkpt><trkpt lat="43.39004" lon="3.652308"><ele>0</ele></trkpt><trkpt lat="43.390531" lon="3.653542"><ele>0</ele></trkpt><trkpt lat="43.390964" lon="3.654633"><ele>0</ele></trkpt><trkpt lat="43.391039" lon="3.654821"><ele>0</ele></trkpt><trkpt lat="43.391378" lon="3.655675"><ele>0</ele></trkpt><trkpt lat="43.39178" lon="3.65668"><ele>0</ele></trkpt><trkpt lat="43.392044" lon="3.657362"><ele>0</ele></trkpt><trkpt lat="43.392269" lon="3.657939"><ele>0</ele></trkpt><trkpt lat="43.392706" lon="3.65905"><ele>1</ele></trkpt><trkpt lat="43.392792" lon="3.659258"><ele>1</ele></trkpt><trkpt lat="43.393274" lon="3.660479"><ele>1</ele></trkpt><trkpt lat="43.393275" lon="3.660514"><ele>1</ele></trkpt><trkpt lat="43.393283" lon="3.660974"><ele>1</ele></trkpt><trkpt lat="43.393291" lon="3.661431"><ele>1</ele></trkpt><trkpt lat="43.393291" lon="3.66148"><ele>1</ele></trkpt><trkpt lat="43.393046" lon="3.661747"><ele>0.8</ele></trkpt><trkpt lat="43.393021" lon="3.661869"><ele>0.8</ele></trkpt><trkpt lat="43.393062" lon="3.662036"><ele>0.7</ele></trkpt><trkpt lat="43.393229" lon="3.662457"><ele>0</ele></trkpt><trkpt lat="43.393271" lon="3.662566"><ele>0</ele></trkpt><trkpt lat="43.393289" lon="3.662604"><ele>0</ele></trkpt><trkpt lat="43.393307" lon="3.66269"><ele>0</ele></trkpt><trkpt lat="43.393357" lon="3.662849"><ele>0</ele></trkpt><trkpt lat="43.393522" lon="3.663354"><ele>0</ele></trkpt><trkpt lat="43.393541" lon="3.663414"><ele>0</ele></trkpt><trkpt lat="43.393587" lon="3.663553"><ele>0</ele></trkpt><trkpt lat="43.393649" lon="3.663741"><ele>2.7</ele></trkpt><trkpt lat="43.393637" lon="3.663804"><ele>4</ele></trkpt><trkpt lat="43.393573" lon="3.664003"><ele>0</ele></trkpt><trkpt lat="43.393633" lon="3.664515"><ele>4</ele></trkpt><trkpt lat="43.393659" lon="3.664795"><ele>4</ele></trkpt><trkpt lat="43.393738" lon="3.665444"><ele>4</ele></trkpt><trkpt lat="43.393762" lon="3.665507"><ele>4</ele></trkpt><trkpt lat="43.393866" lon="3.665788"><ele>4</ele></trkpt><trkpt lat="43.393897" lon="3.666016"><ele>4</ele></trkpt><trkpt lat="43.394029" lon="3.666986"><ele>5</ele></trkpt><trkpt lat="43.394123" lon="3.667834"><ele>5</ele></trkpt><trkpt lat="43.394192" lon="3.668491"><ele>5</ele></trkpt><trkpt lat="43.394273" lon="3.669459"><ele>7</ele></trkpt><trkpt lat="43.394269" lon="3.669543"><ele>8</ele></trkpt><trkpt lat="43.394266" lon="3.66959"><ele>8</ele></trkpt><trkpt lat="43.394241" lon="3.669654"><ele>8</ele></trkpt><trkpt lat="43.394208" lon="3.669944"><ele>8</ele></trkpt><trkpt lat="43.394155" lon="3.670139"><ele>8</ele></trkpt><trkpt lat="43.393923" lon="3.670988"><ele>12</ele></trkpt><trkpt lat="43.393855" lon="3.671229"><ele>12</ele></trkpt><trkpt lat="43.393818" lon="3.671379"><ele>12</ele></trkpt><trkpt lat="43.393798" lon="3.671442"><ele>12</ele></trkpt><trkpt lat="43.393733" lon="3.671607"><ele>12</ele></trkpt><trkpt lat="43.392675" lon="3.673584"><ele>10</ele></trkpt><trkpt lat="43.392633" lon="3.673695"><ele>10</ele></trkpt><trkpt lat="43.392602" lon="3.673851"><ele>10</ele></trkpt><trkpt lat="43.392608" lon="3.674479"><ele>11.7</ele></trkpt><trkpt lat="43.392691" lon="3.674915"><ele>12.6</ele></trkpt><trkpt lat="43.392795" lon="3.675133"><ele>15</ele></trkpt><trkpt lat="43.393072" lon="3.675602"><ele>15</ele></trkpt><trkpt lat="43.393219" lon="3.675844"><ele>15</ele></trkpt><trkpt lat="43.393564" lon="3.676277"><ele>15</ele></trkpt><trkpt lat="43.393593" lon="3.676314"><ele>18.6</ele></trkpt><trkpt lat="43.393628" lon="3.676323"><ele>19.3</ele></trkpt><trkpt lat="43.394116" lon="3.676832"><ele>21</ele></trkpt><trkpt lat="43.394234" lon="3.676945"><ele>26</ele></trkpt><trkpt lat="43.39433" lon="3.677017"><ele>26</ele></trkpt><trkpt lat="43.394418" lon="3.67708"><ele>26</ele></trkpt><trkpt lat="43.394501" lon="3.67715"><ele>26</ele></trkpt><trkpt lat="43.394414" lon="3.677432"><ele>26</ele></trkpt><trkpt lat="43.394247" lon="3.677965"><ele>26</ele></trkpt><trkpt lat="43.394197" lon="3.678123"><ele>26</ele></trkpt><trkpt lat="43.394083" lon="3.678529"><ele>26</ele></trkpt><trkpt lat="43.393945" lon="3.679113"><ele>31</ele></trkpt><trkpt lat="43.393815" lon="3.679669"><ele>31</ele></trkpt><trkpt lat="43.393803" lon="3.679724"><ele>31</ele></trkpt><trkpt lat="43.393749" lon="3.679752"><ele>31</ele></trkpt><trkpt lat="43.393708" lon="3.679882"><ele>31</ele></trkpt><trkpt lat="43.393709" lon="3.679939"><ele>31</ele></trkpt><trkpt lat="43.393741" lon="3.680049"><ele>31</ele></trkpt><trkpt lat="43.393727" lon="3.680347"><ele>29.8</ele></trkpt><trkpt lat="43.3938" lon="3.681824"><ele>28</ele></trkpt><trkpt lat="43.393826" lon="3.682248"><ele>21.7</ele></trkpt><trkpt lat="43.393827" lon="3.682641"><ele>19</ele></trkpt><trkpt lat="43.393742" lon="3.683064"><ele>14.3</ele></trkpt><trkpt lat="43.393142" lon="3.684399"><ele>10.4</ele></trkpt><trkpt lat="43.392961" lon="3.6849"><ele>6</ele></trkpt><trkpt lat="43.392809" lon="3.685423"><ele>11.1</ele></trkpt><trkpt lat="43.392637" lon="3.685899"><ele>10.8</ele></trkpt><trkpt lat="43.392594" lon="3.686162"><ele>10.7</ele></trkpt><trkpt lat="43.3926" lon="3.686657"><ele>12</ele></trkpt><trkpt lat="43.392574" lon="3.687214"><ele>12</ele></trkpt><trkpt lat="43.392438" lon="3.689162"><ele>12</ele></trkpt><trkpt lat="43.392397" lon="3.689907"><ele>12</ele></trkpt><trkpt lat="43.392403" lon="3.690112"><ele>12</ele></trkpt><trkpt lat="43.392423" lon="3.690361"><ele>12</ele></trkpt><trkpt lat="43.392556" lon="3.690833"><ele>12</ele></trkpt><trkpt lat="43.392637" lon="3.691063"><ele>12</ele></trkpt><trkpt lat="43.392772" lon="3.691334"><ele>12</ele></trkpt><trkpt lat="43.392784" lon="3.691322"><ele>12</ele></trkpt><trkpt lat="43.392807" lon="3.6913"><ele>12</ele></trkpt><trkpt lat="43.393142" lon="3.691766"><ele>6</ele></trkpt><trkpt lat="43.393269" lon="3.69188"><ele>3</ele></trkpt><trkpt lat="43.393727" lon="3.692209"><ele>23</ele></trkpt><trkpt lat="43.394024" lon="3.692396"><ele>23</ele></trkpt><trkpt lat="43.394168" lon="3.692519"><ele>23</ele></trkpt><trkpt lat="43.394266" lon="3.69265"><ele>23</ele></trkpt><trkpt lat="43.394351" lon="3.692837"><ele>23</ele></trkpt><trkpt lat="43.394367" lon="3.692873"><ele>23</ele></trkpt><trkpt lat="43.394692" lon="3.69387"><ele>3</ele></trkpt><trkpt lat="43.394765" lon="3.694077"><ele>3</ele></trkpt><trkpt lat="43.394719" lon="3.69409"><ele>3</ele></trkpt><trkpt lat="43.394819" lon="3.694428"><ele>3</ele></trkpt><trkpt lat="43.394946" lon="3.694774"><ele>3</ele></trkpt><trkpt lat="43.39497" lon="3.69484"><ele>3</ele></trkpt><trkpt lat="43.395017" lon="3.695148"><ele>3</ele></trkpt><trkpt lat="43.39507" lon="3.695157"><ele>3</ele></trkpt><trkpt lat="43.395091" lon="3.695037"><ele>3</ele></trkpt><trkpt lat="43.395163" lon="3.695047"><ele>3</ele></trkpt><trkpt lat="43.395225" lon="3.695104"><ele>3</ele></trkpt><trkpt lat="43.395466" lon="3.695156"><ele>7.8</ele></trkpt><trkpt lat="43.395818" lon="3.695342"><ele>24</ele></trkpt><trkpt lat="43.396196" lon="3.69563"><ele>16</ele></trkpt><trkpt lat="43.396327" lon="3.69571"><ele>0</ele></trkpt><trkpt lat="43.397171" lon="3.696081"><ele>0</ele></trkpt><trkpt lat="43.39732" lon="3.696134"><ele>0</ele></trkpt><trkpt lat="43.39761" lon="3.696326"><ele>2.1</ele></trkpt><trkpt lat="43.39774" lon="3.696509"><ele>2.7</ele></trkpt><trkpt lat="43.397793" lon="3.696664"><ele>3</ele></trkpt><trkpt lat="43.397946" lon="3.696732"><ele>5</ele></trkpt><trkpt lat="43.398213" lon="3.696871"><ele>5</ele></trkpt><trkpt lat="43.398369" lon="3.696888"><ele>5</ele></trkpt><trkpt lat="43.3987" lon="3.696834"><ele>5</ele></trkpt><trkpt lat="43.399004" lon="3.696743"><ele>5</ele></trkpt><trkpt lat="43.399542" lon="3.69659"><ele>5</ele></trkpt><trkpt lat="43.399571" lon="3.69656"><ele>5</ele></trkpt><trkpt lat="43.399596" lon="3.696524"><ele>5</ele></trkpt><trkpt lat="43.399621" lon="3.696484"><ele>5</ele></trkpt><trkpt lat="43.39971" lon="3.696535"><ele>5</ele></trkpt><trkpt lat="43.399781" lon="3.696556"><ele>5</ele></trkpt><trkpt lat="43.400062" lon="3.696602"><ele>7</ele></trkpt><trkpt lat="43.400408" lon="3.696693"><ele>8</ele></trkpt><trkpt lat="43.400769" lon="3.696799"><ele>8</ele></trkpt><trkpt lat="43.40081" lon="3.696813"><ele>8</ele></trkpt><trkpt lat="43.401663" lon="3.697059"><ele>8</ele></trkpt><trkpt lat="43.401732" lon="3.69717"><ele>8</ele></trkpt><trkpt lat="43.40174" lon="3.697383"><ele>8</ele></trkpt><trkpt lat="43.401742" lon="3.697529"><ele>8</ele></trkpt><trkpt lat="43.401774" lon="3.697752"><ele>8</ele></trkpt><trkpt lat="43.401779" lon="3.697786"><ele>4</ele></trkpt><trkpt lat="43.40181" lon="3.698693"><ele>4</ele></trkpt><trkpt lat="43.402633" lon="3.698655"><ele>7</ele></trkpt><trkpt lat="43.402986" lon="3.698637"><ele>7</ele></trkpt><trkpt lat="43.403871" lon="3.69843"><ele>7</ele></trkpt><trkpt lat="43.404419" lon="3.698293"><ele>6</ele></trkpt><trkpt lat="43.405775" lon="3.697965"><ele>6</ele></trkpt><trkpt lat="43.40617" lon="3.698868"><ele>6</ele></trkpt><trkpt lat="43.406271" lon="3.698942"><ele>6</ele></trkpt><trkpt lat="43.406373" lon="3.698986"><ele>6</ele></trkpt><trkpt lat="43.406435" lon="3.698964"><ele>6</ele></trkpt><trkpt lat="43.406518" lon="3.698899"><ele>6</ele></trkpt><trkpt lat="43.406609" lon="3.698821"><ele>6</ele></trkpt><trkpt lat="43.406692" lon="3.698752"><ele>6</ele></trkpt><trkpt lat="43.406733" lon="3.69867"><ele>6</ele></trkpt><trkpt lat="43.406749" lon="3.698551"><ele>6</ele></trkpt><trkpt lat="43.406745" lon="3.698413"><ele>6</ele></trkpt><trkpt lat="43.406455" lon="3.697804"><ele>6</ele></trkpt><trkpt lat="43.40696" lon="3.69769"><ele>6</ele></trkpt><trkpt lat="43.40888" lon="3.697254"><ele>6</ele></trkpt><trkpt lat="43.409019" lon="3.697934"><ele>8</ele></trkpt><trkpt lat="43.409441" lon="3.697776"><ele>6</ele></trkpt><trkpt lat="43.409788" lon="3.697647"><ele>6</ele></trkpt><trkpt lat="43.410187" lon="3.697498"><ele>6</ele></trkpt><trkpt lat="43.410221" lon="3.697485"><ele>6</ele></trkpt><trkpt lat="43.41095" lon="3.697213"><ele>2</ele></trkpt><trkpt lat="43.411262" lon="3.697097"><ele>2</ele></trkpt><trkpt lat="43.411831" lon="3.696889"><ele>2</ele></trkpt><trkpt lat="43.411875" lon="3.696872"><ele>2</ele></trkpt><trkpt lat="43.412133" lon="3.696777"><ele>2</ele></trkpt><trkpt lat="43.4121" lon="3.696621"><ele>2</ele></trkpt><trkpt lat="43.41218" lon="3.696593"><ele>2</ele></trkpt><trkpt lat="43.41246" lon="3.696513"><ele>1.5</ele></trkpt><trkpt lat="43.412488" lon="3.696505"><ele>1</ele></trkpt><trkpt lat="43.412526" lon="3.69642"><ele>1</ele></trkpt><trkpt lat="43.412469" lon="3.696096"><ele>1</ele></trkpt><trkpt lat="43.412446" lon="3.695967"><ele>1</ele></trkpt><trkpt lat="43.413304" lon="3.695647"><ele>1</ele></trkpt><trkpt lat="43.413394" lon="3.695562"><ele>1</ele></trkpt><trkpt lat="43.413432" lon="3.695552"><ele>1</ele></trkpt><trkpt lat="43.413497" lon="3.695437"><ele>1</ele></trkpt><trkpt lat="43.413502" lon="3.69531"><ele>1</ele></trkpt><trkpt lat="43.413488" lon="3.695173"><ele>1</ele></trkpt><trkpt lat="43.41335" lon="3.694557"><ele>1</ele></trkpt><trkpt lat="43.413455" lon="3.694548"><ele>1</ele></trkpt><trkpt lat="43.413842" lon="3.696388"><ele>1</ele></trkpt><trkpt lat="43.414549" lon="3.699988"><ele>1.8</ele></trkpt><trkpt lat="43.415407" lon="3.704229"><ele>0</ele></trkpt><trkpt lat="43.415575" lon="3.704887"><ele>0</ele></trkpt><trkpt lat="43.415996" lon="3.705931"><ele>0</ele></trkpt><trkpt lat="43.416222" lon="3.706396"><ele>0</ele></trkpt><trkpt lat="43.416099" lon="3.706497"><ele>0</ele></trkpt><trkpt lat="43.416057" lon="3.706638"><ele>0</ele></trkpt><trkpt lat="43.416081" lon="3.706749"><ele>0</ele></trkpt><trkpt lat="43.41625" lon="3.707045"><ele>0</ele></trkpt><trkpt lat="43.41662" lon="3.707626"><ele>0</ele></trkpt><trkpt lat="43.416676" lon="3.707585"><ele>0.6</ele></trkpt><trkpt lat="43.416921" lon="3.708334"><ele>0.9</ele></trkpt><trkpt lat="43.417" lon="3.708456"><ele>1</ele></trkpt><trkpt lat="43.417789" lon="3.709183"><ele>1.8</ele></trkpt><trkpt lat="43.417993" lon="3.709316"><ele>2</ele></trkpt><trkpt lat="43.418425" lon="3.709543"><ele>2</ele></trkpt><trkpt lat="43.418594" lon="3.709718"><ele>2</ele></trkpt><trkpt lat="43.418695" lon="3.709869"><ele>2</ele></trkpt><trkpt lat="43.418794" lon="3.710071"><ele>2</ele></trkpt><trkpt lat="43.418889" lon="3.710313"><ele>2</ele></trkpt><trkpt lat="43.418934" lon="3.710498"><ele>2</ele></trkpt><trkpt lat="43.419224" lon="3.711889"><ele>2</ele></trkpt><trkpt lat="43.419571" lon="3.713633"><ele>1.5</ele></trkpt><trkpt lat="43.419571" lon="3.713765"><ele>1.3</ele></trkpt><trkpt lat="43.420455" lon="3.718219"><ele>0.4</ele></trkpt><trkpt lat="43.420782" lon="3.719852"><ele>0.4</ele></trkpt><trkpt lat="43.42081" lon="3.719885"><ele>0.3</ele></trkpt><trkpt lat="43.42089" lon="3.720277"><ele>0</ele></trkpt><trkpt lat="43.420885" lon="3.720357"><ele>0</ele></trkpt><trkpt lat="43.420915" lon="3.720565"><ele>0</ele></trkpt><trkpt lat="43.42098" lon="3.720922"><ele>1.3</ele></trkpt><trkpt lat="43.420945" lon="3.721349"><ele>2</ele></trkpt><trkpt lat="43.420933" lon="3.721536"><ele>2</ele></trkpt><trkpt lat="43.420907" lon="3.721848"><ele>2</ele></trkpt><trkpt lat="43.420926" lon="3.722162"><ele>2</ele></trkpt><trkpt lat="43.420888" lon="3.722237"><ele>2</ele></trkpt><trkpt lat="43.420837" lon="3.722291"><ele>2</ele></trkpt><trkpt lat="43.420893" lon="3.722568"><ele>2</ele></trkpt><trkpt lat="43.420867" lon="3.7227"><ele>2</ele></trkpt><trkpt lat="43.42088" lon="3.72272"><ele>2</ele></trkpt><trkpt lat="43.420988" lon="3.722728"><ele>2</ele></trkpt><trkpt lat="43.421035" lon="3.722734"><ele>2</ele></trkpt><trkpt lat="43.421753" lon="3.722462"><ele>2</ele></trkpt><trkpt lat="43.422" lon="3.722404"><ele>2</ele></trkpt><trkpt lat="43.422049" lon="3.722391"><ele>2</ele></trkpt><trkpt lat="43.42253" lon="3.722262"><ele>2</ele></trkpt><trkpt lat="43.422562" lon="3.722262"><ele>2</ele></trkpt><trkpt lat="43.422619" lon="3.72234"><ele>2</ele></trkpt><trkpt lat="43.422606" lon="3.722578"><ele>3</ele></trkpt><trkpt lat="43.42264" lon="3.723002"><ele>3.3</ele></trkpt><trkpt lat="43.422606" lon="3.723229"><ele>4</ele></trkpt><trkpt lat="43.422678" lon="3.723647"><ele>4</ele></trkpt><trkpt lat="43.422731" lon="3.723756"><ele>4</ele></trkpt><trkpt lat="43.422768" lon="3.723886"><ele>4</ele></trkpt><trkpt lat="43.42301" lon="3.725129"><ele>3.2</ele></trkpt><trkpt lat="43.423036" lon="3.725447"><ele>3</ele></trkpt><trkpt lat="43.423711" lon="3.728846"><ele>2</ele></trkpt><trkpt lat="43.423988" lon="3.72912"><ele>1.3</ele></trkpt><trkpt lat="43.424138" lon="3.729832"><ele>1.2</ele></trkpt><trkpt lat="43.424234" lon="3.729966"><ele>1</ele></trkpt><trkpt lat="43.424593" lon="3.729671"><ele>1</ele></trkpt><trkpt lat="43.424687" lon="3.729655"><ele>1</ele></trkpt><trkpt lat="43.42469" lon="3.72979"><ele>1.7</ele></trkpt><trkpt lat="43.42491" lon="3.730208"><ele>3</ele></trkpt><trkpt lat="43.425319" lon="3.730964"><ele>2.1</ele></trkpt><trkpt lat="43.425438" lon="3.731269"><ele>1.9</ele></trkpt><trkpt lat="43.42551" lon="3.731562"><ele>1</ele></trkpt><trkpt lat="43.425555" lon="3.731714"><ele>1</ele></trkpt><trkpt lat="43.425533" lon="3.73233"><ele>1</ele></trkpt><trkpt lat="43.425583" lon="3.732813"><ele>1</ele></trkpt><trkpt lat="43.425697" lon="3.733227"><ele>0</ele></trkpt><trkpt lat="43.42576" lon="3.733403"><ele>0</ele></trkpt><trkpt lat="43.426027" lon="3.734016"><ele>0</ele></trkpt><trkpt lat="43.426372" lon="3.73481"><ele>0</ele></trkpt><trkpt lat="43.426538" lon="3.735252"><ele>0</ele></trkpt><trkpt lat="43.42673" lon="3.735785"><ele>-3</ele></trkpt><trkpt lat="43.427162" lon="3.736768"><ele>0.2</ele></trkpt><trkpt lat="43.427342" lon="3.737015"><ele>-0.1</ele></trkpt><trkpt lat="43.427389" lon="3.737051"><ele>1</ele></trkpt><trkpt lat="43.42764" lon="3.737274"><ele>1</ele></trkpt><trkpt lat="43.428194" lon="3.737671"><ele>-2.2</ele></trkpt><trkpt lat="43.428279" lon="3.737766"><ele>-1.9</ele></trkpt><trkpt lat="43.428632" lon="3.738366"><ele>-1.3</ele></trkpt><trkpt lat="43.42916" lon="3.739009"><ele>-1.5</ele></trkpt><trkpt lat="43.429276" lon="3.739119"><ele>-1.8</ele></trkpt><trkpt lat="43.430077" lon="3.73952"><ele>-2.1</ele></trkpt><trkpt lat="43.430493" lon="3.739773"><ele>-1.5</ele></trkpt><trkpt lat="43.430738" lon="3.739968"><ele>-1.2</ele></trkpt><trkpt lat="43.430868" lon="3.740001"><ele>-1</ele></trkpt><trkpt lat="43.430981" lon="3.739985"><ele>-0.8</ele></trkpt><trkpt lat="43.431192" lon="3.739882"><ele>-0.5</ele></trkpt><trkpt lat="43.431279" lon="3.739864"><ele>-0.6</ele></trkpt><trkpt lat="43.431445" lon="3.739902"><ele>-0.5</ele></trkpt><trkpt lat="43.431596" lon="3.739993"><ele>-0.5</ele></trkpt><trkpt lat="43.43176" lon="3.740185"><ele>-0.5</ele></trkpt><trkpt lat="43.432056" lon="3.740729"><ele>-0.4</ele></trkpt><trkpt lat="43.432444" lon="3.741306"><ele>-0.2</ele></trkpt><trkpt lat="43.432671" lon="3.741757"><ele>-0.2</ele></trkpt><trkpt lat="43.432861" lon="3.742026"><ele>-0.2</ele></trkpt><trkpt lat="43.434217" lon="3.743632"><ele>0</ele></trkpt><trkpt lat="43.434371" lon="3.743797"><ele>0</ele></trkpt><trkpt lat="43.434599" lon="3.743983"><ele>0</ele></trkpt><trkpt lat="43.434805" lon="3.744082"><ele>0</ele></trkpt><trkpt lat="43.435516" lon="3.743979"><ele>0</ele></trkpt><trkpt lat="43.435795" lon="3.743976"><ele>0</ele></trkpt><trkpt lat="43.436035" lon="3.744028"><ele>0</ele></trkpt><trkpt lat="43.436137" lon="3.744021"><ele>0</ele></trkpt><trkpt lat="43.436188" lon="3.743997"><ele>0</ele></trkpt><trkpt lat="43.436224" lon="3.744055"><ele>0</ele></trkpt><trkpt lat="43.43627" lon="3.744086"><ele>0</ele></trkpt><trkpt lat="43.436561" lon="3.744183"><ele>0</ele></trkpt><trkpt lat="43.437468" lon="3.744715"><ele>0</ele></trkpt><trkpt lat="43.438751" lon="3.745493"><ele>0</ele></trkpt><trkpt lat="43.43899" lon="3.745609"><ele>0</ele></trkpt><trkpt lat="43.439126" lon="3.745694"><ele>0.5</ele></trkpt><trkpt lat="43.439352" lon="3.745906"><ele>1</ele></trkpt><trkpt lat="43.439678" lon="3.746328"><ele>1</ele></trkpt><trkpt lat="43.44002" lon="3.746871"><ele>1</ele></trkpt><trkpt lat="43.440147" lon="3.747144"><ele>1</ele></trkpt><trkpt lat="43.44023" lon="3.7473"><ele>1</ele></trkpt><trkpt lat="43.440326" lon="3.747459"><ele>1</ele></trkpt><trkpt lat="43.440585" lon="3.747841"><ele>1</ele></trkpt><trkpt lat="43.440634" lon="3.747915"><ele>1</ele></trkpt><trkpt lat="43.440941" lon="3.748289"><ele>1</ele></trkpt><trkpt lat="43.441143" lon="3.748596"><ele>1</ele></trkpt><trkpt lat="43.441178" lon="3.748703"><ele>1</ele></trkpt><trkpt lat="43.441141" lon="3.748749"><ele>1</ele></trkpt><trkpt lat="43.441134" lon="3.748794"><ele>1</ele></trkpt><trkpt lat="43.441156" lon="3.748859"><ele>1</ele></trkpt><trkpt lat="43.440904" lon="3.749121"><ele>1</ele></trkpt><trkpt lat="43.440639" lon="3.749292"><ele>1</ele></trkpt><trkpt lat="43.440513" lon="3.749427"><ele>1</ele></trkpt><trkpt lat="43.4402" lon="3.749731"><ele>1</ele></trkpt><trkpt lat="43.440107" lon="3.749844"><ele>1</ele></trkpt><trkpt lat="43.440072" lon="3.749951"><ele>1</ele></trkpt><trkpt lat="43.44007" lon="3.750029"><ele>1</ele></trkpt><trkpt lat="43.440095" lon="3.750161"><ele>1</ele></trkpt><trkpt lat="43.440257" lon="3.750382"><ele>1</ele></trkpt><trkpt lat="43.440836" lon="3.751018"><ele>1</ele></trkpt><trkpt lat="43.441068" lon="3.751283"><ele>1</ele></trkpt><trkpt lat="43.441294" lon="3.751604"><ele>1</ele></trkpt><trkpt lat="43.441465" lon="3.751896"><ele>1</ele></trkpt><trkpt lat="43.442111" lon="3.752951"><ele>1.7</ele></trkpt><trkpt lat="43.442123" lon="3.752997"><ele>1.7</ele></trkpt><trkpt lat="43.442117" lon="3.753043"><ele>2</ele></trkpt><trkpt lat="43.442057" lon="3.753142"><ele>2</ele></trkpt><trkpt lat="43.441868" lon="3.753348"><ele>2</ele></trkpt><trkpt lat="43.441692" lon="3.753571"><ele>2</ele></trkpt><trkpt lat="43.441443" lon="3.754394"><ele>1</ele></trkpt><trkpt lat="43.442778" lon="3.755198"><ele>2</ele></trkpt><trkpt lat="43.443385" lon="3.755585"><ele>2</ele></trkpt><trkpt lat="43.443497" lon="3.75568"><ele>2</ele></trkpt><trkpt lat="43.443606" lon="3.755924"><ele>2</ele></trkpt><trkpt lat="43.44396" lon="3.756734"><ele>5</ele></trkpt><trkpt lat="43.444196" lon="3.757947"><ele>5</ele></trkpt><trkpt lat="43.444261" lon="3.758331"><ele>2</ele></trkpt><trkpt lat="43.444142" lon="3.75834"><ele>2</ele></trkpt><trkpt lat="43.44399" lon="3.758335"><ele>2</ele></trkpt><trkpt lat="43.443894" lon="3.758339"><ele>2</ele></trkpt><trkpt lat="43.44393" lon="3.758385"><ele>2</ele></trkpt><trkpt lat="43.44406" lon="3.758725"><ele>2</ele></trkpt><trkpt lat="43.444111" lon="3.758891"><ele>2</ele></trkpt><trkpt lat="43.444154" lon="3.759076"><ele>2</ele></trkpt><trkpt lat="43.444176" lon="3.759154"><ele>2</ele></trkpt><trkpt lat="43.444083" lon="3.759223"><ele>2</ele></trkpt><trkpt lat="43.443683" lon="3.75916"><ele>2</ele></trkpt><trkpt lat="43.443166" lon="3.759071"><ele>2</ele></trkpt><trkpt lat="43.442249" lon="3.758838"><ele>2</ele></trkpt><trkpt lat="43.441958" lon="3.758861"><ele>2.2</ele></trkpt><trkpt lat="43.441512" lon="3.758995"><ele>3</ele></trkpt><trkpt lat="43.441342" lon="3.75905"><ele>3</ele></trkpt><trkpt lat="43.441302" lon="3.759062"><ele>3</ele></trkpt><trkpt lat="43.440941" lon="3.759178"><ele>3</ele></trkpt><trkpt lat="43.440531" lon="3.759375"><ele>3</ele></trkpt><trkpt lat="43.440407" lon="3.759432"><ele>3</ele></trkpt><trkpt lat="43.440156" lon="3.759475"><ele>3</ele></trkpt><trkpt lat="43.439536" lon="3.759772"><ele>3</ele></trkpt><trkpt lat="43.439508" lon="3.75977"><ele>3</ele></trkpt><trkpt lat="43.439488" lon="3.759684"><ele>3</ele></trkpt><trkpt lat="43.439469" lon="3.759618"><ele>3</ele></trkpt><trkpt lat="43.438602" lon="3.759982"><ele>2.4</ele></trkpt><trkpt lat="43.438162" lon="3.760124"><ele>2.1</ele></trkpt><trkpt lat="43.438021" lon="3.760214"><ele>2.1</ele></trkpt><trkpt lat="43.437755" lon="3.760497"><ele>2</ele></trkpt><trkpt lat="43.437691" lon="3.760537"><ele>2</ele></trkpt><trkpt lat="43.437531" lon="3.760516"><ele>2</ele></trkpt><trkpt lat="43.437418" lon="3.760449"><ele>2</ele></trkpt><trkpt lat="43.437358" lon="3.760591"><ele>1</ele></trkpt><trkpt lat="43.437233" lon="3.760755"><ele>1</ele></trkpt><trkpt lat="43.43719" lon="3.760902"><ele>1</ele></trkpt><trkpt lat="43.437124" lon="3.760996"><ele>1</ele></trkpt><trkpt lat="43.437171" lon="3.761071"><ele>1</ele></trkpt><trkpt lat="43.437196" lon="3.76116"><ele>1</ele></trkpt><trkpt lat="43.43721" lon="3.761256"><ele>1</ele></trkpt><trkpt lat="43.437204" lon="3.761433"><ele>1</ele></trkpt><trkpt lat="43.437113" lon="3.761718"><ele>1</ele></trkpt><trkpt lat="43.43655" lon="3.762714"><ele>0</ele></trkpt><trkpt lat="43.436181" lon="3.763296"><ele>0</ele></trkpt><trkpt lat="43.436128" lon="3.763357"><ele>0</ele></trkpt><trkpt lat="43.436074" lon="3.763382"><ele>0</ele></trkpt><trkpt lat="43.436002" lon="3.763375"><ele>0</ele></trkpt><trkpt lat="43.435946" lon="3.763342"><ele>0</ele></trkpt><trkpt lat="43.435905" lon="3.763292"><ele>0</ele></trkpt><trkpt lat="43.435881" lon="3.763224"><ele>0</ele></trkpt><trkpt lat="43.435919" lon="3.762772"><ele>0</ele></trkpt><trkpt lat="43.435859" lon="3.762769"><ele>0</ele></trkpt><trkpt lat="43.435831" lon="3.762767"><ele>0</ele></trkpt><trkpt lat="43.435771" lon="3.762764"><ele>0</ele></trkpt><trkpt lat="43.435673" lon="3.764865"><ele>0</ele></trkpt><trkpt lat="43.4357" lon="3.765209"><ele>0</ele></trkpt><trkpt lat="43.435557" lon="3.768116"><ele>0</ele></trkpt><trkpt lat="43.435504" lon="3.768765"><ele>0</ele></trkpt><trkpt lat="43.435424" lon="3.770368"><ele>0</ele></trkpt><trkpt lat="43.435406" lon="3.770582"><ele>0</ele></trkpt><trkpt lat="43.435351" lon="3.770798"><ele>0</ele></trkpt><trkpt lat="43.435285" lon="3.770912"><ele>0.7</ele></trkpt><trkpt lat="43.435128" lon="3.771113"><ele>0.8</ele></trkpt><trkpt lat="43.435118" lon="3.771255"><ele>1</ele></trkpt><trkpt lat="43.435131" lon="3.771337"><ele>1</ele></trkpt><trkpt lat="43.435161" lon="3.771459"><ele>1</ele></trkpt><trkpt lat="43.435301" lon="3.771577"><ele>0.2</ele></trkpt><trkpt lat="43.43533" lon="3.771717"><ele>0.2</ele></trkpt><trkpt lat="43.435336" lon="3.771843"><ele>0.2</ele></trkpt><trkpt lat="43.435289" lon="3.772952"><ele>0.2</ele></trkpt><trkpt lat="43.435214" lon="3.773832"><ele>0</ele></trkpt><trkpt lat="43.435203" lon="3.77397"><ele>0</ele></trkpt><trkpt lat="43.435149" lon="3.774103"><ele>0</ele></trkpt><trkpt lat="43.435136" lon="3.77422"><ele>0</ele></trkpt><trkpt lat="43.435134" lon="3.77432"><ele>0</ele></trkpt><trkpt lat="43.435188" lon="3.774414"><ele>0</ele></trkpt><trkpt lat="43.435198" lon="3.774496"><ele>0</ele></trkpt><trkpt lat="43.435208" lon="3.775021"><ele>0</ele></trkpt><trkpt lat="43.435267" lon="3.775914"><ele>0</ele></trkpt><trkpt lat="43.435325" lon="3.77643"><ele>0</ele></trkpt><trkpt lat="43.43535" lon="3.776694"><ele>0</ele></trkpt><trkpt lat="43.435409" lon="3.777299"><ele>0</ele></trkpt><trkpt lat="43.435461" lon="3.777641"><ele>0</ele></trkpt><trkpt lat="43.435417" lon="3.777812"><ele>0</ele></trkpt><trkpt lat="43.435337" lon="3.778002"><ele>0</ele></trkpt><trkpt lat="43.435354" lon="3.778078"><ele>0</ele></trkpt><trkpt lat="43.43537" lon="3.778149"><ele>0</ele></trkpt><trkpt lat="43.435392" lon="3.778243"><ele>0</ele></trkpt><trkpt lat="43.43542" lon="3.778267"><ele>0</ele></trkpt><trkpt lat="43.435527" lon="3.778291"><ele>0</ele></trkpt><trkpt lat="43.435587" lon="3.778334"><ele>0</ele></trkpt><trkpt lat="43.435667" lon="3.77846"><ele>0</ele></trkpt><trkpt lat="43.43595" lon="3.779004"><ele>0.3</ele></trkpt><trkpt lat="43.437559" lon="3.782487"><ele>0</ele></trkpt><trkpt lat="43.440893" lon="3.789717"><ele>0</ele></trkpt><trkpt lat="43.440959" lon="3.789938"><ele>0</ele></trkpt><trkpt lat="43.441008" lon="3.790189"><ele>0</ele></trkpt><trkpt lat="43.441092" lon="3.791102"><ele>0</ele></trkpt><trkpt lat="43.441105" lon="3.791198"><ele>0.1</ele></trkpt><trkpt lat="43.441096" lon="3.791274"><ele>0.2</ele></trkpt><trkpt lat="43.441041" lon="3.791402"><ele>0.2</ele></trkpt><trkpt lat="43.440929" lon="3.791484"><ele>0.2</ele></trkpt><trkpt lat="43.440932" lon="3.791556"><ele>1</ele></trkpt><trkpt lat="43.440937" lon="3.791673"><ele>1</ele></trkpt><trkpt lat="43.441043" lon="3.791753"><ele>1</ele></trkpt><trkpt lat="43.441095" lon="3.791844"><ele>1</ele></trkpt><trkpt lat="43.441194" lon="3.791954"><ele>1</ele></trkpt><trkpt lat="43.441245" lon="3.792047"><ele>1</ele></trkpt><trkpt lat="43.441306" lon="3.792062"><ele>1</ele></trkpt><trkpt lat="43.441381" lon="3.792054"><ele>1</ele></trkpt><trkpt lat="43.441436" lon="3.79196"><ele>1</ele></trkpt><trkpt lat="43.441645" lon="3.791749"><ele>1</ele></trkpt><trkpt lat="43.44191" lon="3.791788"><ele>1</ele></trkpt><trkpt lat="43.442026" lon="3.791839"><ele>1</ele></trkpt><trkpt lat="43.442247" lon="3.792031"><ele>1</ele></trkpt><trkpt lat="43.442655" lon="3.792525"><ele>1</ele></trkpt><trkpt lat="43.442917" lon="3.792797"><ele>1</ele></trkpt><trkpt lat="43.443345" lon="3.793193"><ele>1</ele></trkpt><trkpt lat="43.447877" lon="3.796981"><ele>0</ele></trkpt><trkpt lat="43.448361" lon="3.797405"><ele>0</ele></trkpt><trkpt lat="43.448795" lon="3.797882"><ele>0</ele></trkpt><trkpt lat="43.449043" lon="3.798204"><ele>0</ele></trkpt><trkpt lat="43.449307" lon="3.798611"><ele>0</ele></trkpt><trkpt lat="43.449582" lon="3.799113"><ele>0</ele></trkpt><trkpt lat="43.449911" lon="3.799789"><ele>0</ele></trkpt><trkpt lat="43.452533" lon="3.805457"><ele>0</ele></trkpt><trkpt lat="43.453102" lon="3.806657"><ele>0</ele></trkpt><trkpt lat="43.455149" lon="3.810718"><ele>0</ele></trkpt><trkpt lat="43.455285" lon="3.811046"><ele>0</ele></trkpt><trkpt lat="43.455313" lon="3.811136"><ele>0</ele></trkpt><trkpt lat="43.455438" lon="3.811303"><ele>0</ele></trkpt><trkpt lat="43.45552" lon="3.811452"><ele>0</ele></trkpt><trkpt lat="43.456999" lon="3.81437"><ele>0</ele></trkpt><trkpt lat="43.45734" lon="3.81494"><ele>0</ele></trkpt><trkpt lat="43.457913" lon="3.815778"><ele>0</ele></trkpt><trkpt lat="43.459117" lon="3.817504"><ele>0</ele></trkpt><trkpt lat="43.459658" lon="3.818288"><ele>0</ele></trkpt><trkpt lat="43.459729" lon="3.818354"><ele>0</ele></trkpt><trkpt lat="43.459988" lon="3.818694"><ele>0</ele></trkpt><trkpt lat="43.460194" lon="3.81893"><ele>0</ele></trkpt><trkpt lat="43.460328" lon="3.819051"><ele>0</ele></trkpt><trkpt lat="43.460664" lon="3.819295"><ele>0</ele></trkpt><trkpt lat="43.460911" lon="3.819434"><ele>0</ele></trkpt><trkpt lat="43.461241" lon="3.819554"><ele>0.1</ele></trkpt><trkpt lat="43.461456" lon="3.819604"><ele>0.2</ele></trkpt><trkpt lat="43.461891" lon="3.819647"><ele>0.3</ele></trkpt><trkpt lat="43.462222" lon="3.819616"><ele>0.4</ele></trkpt><trkpt lat="43.462482" lon="3.819558"><ele>0.5</ele></trkpt><trkpt lat="43.462912" lon="3.819398"><ele>1</ele></trkpt><trkpt lat="43.463251" lon="3.819191"><ele>1.3</ele></trkpt><trkpt lat="43.46349" lon="3.819"><ele>1.3</ele></trkpt><trkpt lat="43.463759" lon="3.818729"><ele>1.4</ele></trkpt><trkpt lat="43.46386" lon="3.818551"><ele>2</ele></trkpt><trkpt lat="43.463928" lon="3.818449"><ele>2</ele></trkpt><trkpt lat="43.465021" lon="3.817118"><ele>0</ele></trkpt><trkpt lat="43.465115" lon="3.817013"><ele>0</ele></trkpt><trkpt lat="43.465411" lon="3.816715"><ele>0</ele></trkpt><trkpt lat="43.465446" lon="3.816712"><ele>0</ele></trkpt><trkpt lat="43.465474" lon="3.81674"><ele>0</ele></trkpt><trkpt lat="43.465483" lon="3.816794"><ele>0</ele></trkpt><trkpt lat="43.465466" lon="3.816839"><ele>0</ele></trkpt><trkpt lat="43.465195" lon="3.817205"><ele>0</ele></trkpt><trkpt lat="43.465099" lon="3.817243"><ele>0</ele></trkpt><trkpt lat="43.465057" lon="3.817244"><ele>0</ele></trkpt><trkpt lat="43.465003" lon="3.817211"><ele>0</ele></trkpt><trkpt lat="43.46495" lon="3.817101"><ele>0</ele></trkpt><trkpt lat="43.464949" lon="3.817026"><ele>0</ele></trkpt><trkpt lat="43.464965" lon="3.816958"><ele>0</ele></trkpt><trkpt lat="43.465004" lon="3.816888"><ele>0</ele></trkpt><trkpt lat="43.465381" lon="3.816547"><ele>0</ele></trkpt><trkpt lat="43.465975" lon="3.815798"><ele>0</ele></trkpt><trkpt lat="43.466484" lon="3.815085"><ele>0</ele></trkpt><trkpt lat="43.466581" lon="3.814941"><ele>0</ele></trkpt><trkpt lat="43.467126" lon="3.814114"><ele>3.5</ele></trkpt><trkpt lat="43.467715" lon="3.813151"><ele>3.5</ele></trkpt><trkpt lat="43.468992" lon="3.810935"><ele>6</ele></trkpt><trkpt lat="43.469277" lon="3.810571"><ele>6</ele></trkpt><trkpt lat="43.469493" lon="3.810272"><ele>6.9</ele></trkpt><trkpt lat="43.469699" lon="3.809806"><ele>5.2</ele></trkpt><trkpt lat="43.469994" lon="3.809483"><ele>4.5</ele></trkpt><trkpt lat="43.470706" lon="3.809027"><ele>3</ele></trkpt><trkpt lat="43.471137" lon="3.808689"><ele>0</ele></trkpt><trkpt lat="43.471353" lon="3.808518"><ele>0</ele></trkpt><trkpt lat="43.471771" lon="3.808253"><ele>0</ele></trkpt><trkpt lat="43.470903" lon="3.80433"><ele>2</ele></trkpt><trkpt lat="43.470729" lon="3.80365"><ele>2</ele></trkpt><trkpt lat="43.470604" lon="3.803162"><ele>2.7</ele></trkpt><trkpt lat="43.470482" lon="3.80261"><ele>2.8</ele></trkpt><trkpt lat="43.470466" lon="3.802439"><ele>2.8</ele></trkpt><trkpt lat="43.470498" lon="3.802006"><ele>3</ele></trkpt><trkpt lat="43.470942" lon="3.799724"><ele>3.8</ele></trkpt><trkpt lat="43.471112" lon="3.798716"><ele>4</ele></trkpt><trkpt lat="43.471498" lon="3.796244"><ele>1.3</ele></trkpt><trkpt lat="43.471561" lon="3.795489"><ele>0</ele></trkpt><trkpt lat="43.471578" lon="3.795232"><ele>0</ele></trkpt><trkpt lat="43.471714" lon="3.795223"><ele>0</ele></trkpt><trkpt lat="43.472491" lon="3.795379"><ele>0</ele></trkpt><trkpt lat="43.472693" lon="3.795379"><ele>0</ele></trkpt><trkpt lat="43.473141" lon="3.795261"><ele>0</ele></trkpt><trkpt lat="43.473537" lon="3.79524"><ele>0</ele></trkpt><trkpt lat="43.473829" lon="3.795337"><ele>0.2</ele></trkpt><trkpt lat="43.474981" lon="3.796076"><ele>1.3</ele></trkpt><trkpt lat="43.475188" lon="3.796177"><ele>2</ele></trkpt><trkpt lat="43.475344" lon="3.796164"><ele>1.9</ele></trkpt><trkpt lat="43.47569" lon="3.796017"><ele>1.9</ele></trkpt><trkpt lat="43.476171" lon="3.795717"><ele>1.9</ele></trkpt><trkpt lat="43.476614" lon="3.795552"><ele>1.7</ele></trkpt><trkpt lat="43.47696" lon="3.795367"><ele>1.7</ele></trkpt><trkpt lat="43.47723" lon="3.795253"><ele>1.7</ele></trkpt><trkpt lat="43.477543" lon="3.795219"><ele>1.9</ele></trkpt><trkpt lat="43.477906" lon="3.795135"><ele>2</ele></trkpt><trkpt lat="43.478425" lon="3.794932"><ele>2.3</ele></trkpt><trkpt lat="43.478627" lon="3.794915"><ele>2.3</ele></trkpt><trkpt lat="43.478864" lon="3.79494"><ele>2.4</ele></trkpt><trkpt lat="43.479134" lon="3.795008"><ele>2.8</ele></trkpt><trkpt lat="43.479535" lon="3.795223"><ele>3.1</ele></trkpt><trkpt lat="43.480092" lon="3.795607"><ele>3.5</ele></trkpt><trkpt lat="43.480298" lon="3.795662"><ele>3.8</ele></trkpt><trkpt lat="43.48067" lon="3.795696"><ele>3.8</ele></trkpt><trkpt lat="43.481175" lon="3.795812"><ele>3</ele></trkpt><trkpt lat="43.481313" lon="3.795848"><ele>3</ele></trkpt><trkpt lat="43.481411" lon="3.795905"><ele>3</ele></trkpt><trkpt lat="43.481473" lon="3.795917"><ele>3</ele></trkpt><trkpt lat="43.481544" lon="3.795932"><ele>3</ele></trkpt><trkpt lat="43.481833" lon="3.795996"><ele>3</ele></trkpt><trkpt lat="43.482017" lon="3.796008"><ele>3</ele></trkpt><trkpt lat="43.482103" lon="3.795996"><ele>3</ele></trkpt><trkpt lat="43.482382" lon="3.795922"><ele>3</ele></trkpt><trkpt lat="43.482491" lon="3.795842"><ele>3.3</ele></trkpt><trkpt lat="43.482731" lon="3.795562"><ele>4</ele></trkpt><trkpt lat="43.483085" lon="3.795036"><ele>4</ele></trkpt><trkpt lat="43.483235" lon="3.794846"><ele>2.9</ele></trkpt><trkpt lat="43.483532" lon="3.794567"><ele>2</ele></trkpt><trkpt lat="43.483862" lon="3.794363"><ele>2.2</ele></trkpt><trkpt lat="43.484075" lon="3.794313"><ele>2.2</ele></trkpt><trkpt lat="43.485531" lon="3.794231"><ele>3</ele></trkpt><trkpt lat="43.485716" lon="3.79427"><ele>5</ele></trkpt><trkpt lat="43.485958" lon="3.794356"><ele>5</ele></trkpt><trkpt lat="43.486669" lon="3.794635"><ele>5</ele></trkpt><trkpt lat="43.48696" lon="3.794722"><ele>5</ele></trkpt><trkpt lat="43.487574" lon="3.794829"><ele>5</ele></trkpt><trkpt lat="43.488125" lon="3.794905"><ele>5</ele></trkpt><trkpt lat="43.48882" lon="3.79492"><ele>5</ele></trkpt><trkpt lat="43.488853" lon="3.79494"><ele>5</ele></trkpt><trkpt lat="43.488894" lon="3.795017"><ele>5</ele></trkpt><trkpt lat="43.489042" lon="3.794909"><ele>5</ele></trkpt><trkpt lat="43.489276" lon="3.794777"><ele>5</ele></trkpt><trkpt lat="43.489298" lon="3.794829"><ele>4.7</ele></trkpt><trkpt lat="43.489759" lon="3.795117"><ele>4</ele></trkpt><trkpt lat="43.489895" lon="3.795221"><ele>4</ele></trkpt><trkpt lat="43.49026" lon="3.795561"><ele>4</ele></trkpt><trkpt lat="43.490391" lon="3.795749"><ele>8.7</ele></trkpt><trkpt lat="43.490499" lon="3.796085"><ele>8.4</ele></trkpt><trkpt lat="43.490592" lon="3.796313"><ele>8.2</ele></trkpt><trkpt lat="43.490671" lon="3.796402"><ele>10</ele></trkpt><trkpt lat="43.490763" lon="3.796201"><ele>10</ele></trkpt><trkpt lat="43.490945" lon="3.795813"><ele>10</ele></trkpt><trkpt lat="43.491007" lon="3.795752"><ele>10</ele></trkpt><trkpt lat="43.49106" lon="3.795767"><ele>10</ele></trkpt><trkpt lat="43.49115" lon="3.795835"><ele>10</ele></trkpt><trkpt lat="43.491239" lon="3.795918"><ele>10</ele></trkpt><trkpt lat="43.491261" lon="3.795939"><ele>10</ele></trkpt><trkpt lat="43.491579" lon="3.796327"><ele>4</ele></trkpt><trkpt lat="43.491676" lon="3.796411"><ele>2</ele></trkpt><trkpt lat="43.49177" lon="3.796382"><ele>2</ele></trkpt><trkpt lat="43.492194" lon="3.796058"><ele>2</ele></trkpt><trkpt lat="43.492287" lon="3.795988"><ele>2</ele></trkpt><trkpt lat="43.493229" lon="3.795345"><ele>0.7</ele></trkpt><trkpt lat="43.493265" lon="3.795335"><ele>0</ele></trkpt><trkpt lat="43.493397" lon="3.795302"><ele>0</ele></trkpt><trkpt lat="43.493553" lon="3.795297"><ele>0.7</ele></trkpt><trkpt lat="43.494231" lon="3.79536"><ele>2</ele></trkpt><trkpt lat="43.494477" lon="3.795411"><ele>2</ele></trkpt><trkpt lat="43.494546" lon="3.795443"><ele>2</ele></trkpt><trkpt lat="43.494653" lon="3.795521"><ele>2</ele></trkpt><trkpt lat="43.494717" lon="3.795534"><ele>2</ele></trkpt><trkpt lat="43.494798" lon="3.795512"><ele>2</ele></trkpt><trkpt lat="43.494886" lon="3.795344"><ele>2</ele></trkpt><trkpt lat="43.495006" lon="3.795077"><ele>2</ele></trkpt><trkpt lat="43.495184" lon="3.794679"><ele>2</ele></trkpt><trkpt lat="43.495559" lon="3.793947"><ele>2</ele></trkpt><trkpt lat="43.495735" lon="3.793612"><ele>2</ele></trkpt><trkpt lat="43.496145" lon="3.792793"><ele>3</ele></trkpt><trkpt lat="43.496233" lon="3.792779"><ele>3</ele></trkpt><trkpt lat="43.496285" lon="3.792807"><ele>3</ele></trkpt><trkpt lat="43.496335" lon="3.792888"><ele>3</ele></trkpt><trkpt lat="43.496356" lon="3.792968"><ele>3</ele></trkpt><trkpt lat="43.496089" lon="3.793596"><ele>2.4</ele></trkpt><trkpt lat="43.496067" lon="3.793719"><ele>2.3</ele></trkpt><trkpt lat="43.496108" lon="3.793904"><ele>2</ele></trkpt><trkpt lat="43.49618" lon="3.794009"><ele>2</ele></trkpt><trkpt lat="43.496992" lon="3.794805"><ele>2</ele></trkpt><trkpt lat="43.498319" lon="3.796183"><ele>1.1</ele></trkpt><trkpt lat="43.498799" lon="3.79639"><ele>1</ele></trkpt><trkpt lat="43.498963" lon="3.796497"><ele>1</ele></trkpt><trkpt lat="43.499193" lon="3.796692"><ele>1</ele></trkpt><trkpt lat="43.499609" lon="3.797187"><ele>1.2</ele></trkpt><trkpt lat="43.5006" lon="3.798907"><ele>1.9</ele></trkpt><trkpt lat="43.500876" lon="3.799267"><ele>1.9</ele></trkpt><trkpt lat="43.50096" lon="3.799352"><ele>2</ele></trkpt><trkpt lat="43.501842" lon="3.800173"><ele>2</ele></trkpt><trkpt lat="43.502181" lon="3.800489"><ele>4</ele></trkpt><trkpt lat="43.502973" lon="3.801208"><ele>4</ele></trkpt><trkpt lat="43.503122" lon="3.801354"><ele>4</ele></trkpt><trkpt lat="43.503342" lon="3.801613"><ele>4</ele></trkpt><trkpt lat="43.503497" lon="3.801843"><ele>4</ele></trkpt><trkpt lat="43.503604" lon="3.801986"><ele>3</ele></trkpt><trkpt lat="43.503743" lon="3.802178"><ele>3</ele></trkpt><trkpt lat="43.504546" lon="3.803322"><ele>6</ele></trkpt><trkpt lat="43.504955" lon="3.80391"><ele>6</ele></trkpt><trkpt lat="43.505141" lon="3.804173"><ele>3</ele></trkpt><trkpt lat="43.505411" lon="3.804546"><ele>3</ele></trkpt><trkpt lat="43.505467" lon="3.804622"><ele>3</ele></trkpt><trkpt lat="43.505901" lon="3.805174"><ele>3</ele></trkpt><trkpt lat="43.506705" lon="3.806159"><ele>2</ele></trkpt><trkpt lat="43.506938" lon="3.806511"><ele>2</ele></trkpt><trkpt lat="43.507028" lon="3.80668"><ele>2</ele></trkpt><trkpt lat="43.507314" lon="3.807214"><ele>2</ele></trkpt><trkpt lat="43.50746" lon="3.807474"><ele>2</ele></trkpt><trkpt lat="43.50782" lon="3.80795"><ele>2</ele></trkpt><trkpt lat="43.50808" lon="3.808291"><ele>2</ele></trkpt><trkpt lat="43.50865" lon="3.808873"><ele>3</ele></trkpt><trkpt lat="43.508788" lon="3.808996"><ele>3</ele></trkpt><trkpt lat="43.509323" lon="3.809652"><ele>3</ele></trkpt><trkpt lat="43.509418" lon="3.809768"><ele>3</ele></trkpt><trkpt lat="43.50949" lon="3.809811"><ele>3</ele></trkpt><trkpt lat="43.509524" lon="3.809881"><ele>3</ele></trkpt><trkpt lat="43.509632" lon="3.809975"><ele>3</ele></trkpt><trkpt lat="43.509868" lon="3.81016"><ele>3</ele></trkpt><trkpt lat="43.510257" lon="3.810655"><ele>3</ele></trkpt><trkpt lat="43.510586" lon="3.811103"><ele>3</ele></trkpt><trkpt lat="43.511193" lon="3.812122"><ele>3</ele></trkpt><trkpt lat="43.511917" lon="3.813608"><ele>3</ele></trkpt><trkpt lat="43.512578" lon="3.814922"><ele>3</ele></trkpt><trkpt lat="43.513204" lon="3.815834"><ele>3</ele></trkpt><trkpt lat="43.513482" lon="3.816177"><ele>3</ele></trkpt><trkpt lat="43.513588" lon="3.816065"><ele>3</ele></trkpt><trkpt lat="43.513833" lon="3.815646"><ele>3.2</ele></trkpt><trkpt lat="43.51418" lon="3.815217"><ele>4.4</ele></trkpt><trkpt lat="43.514596" lon="3.814627"><ele>5.8</ele></trkpt><trkpt lat="43.51513" lon="3.813925"><ele>6.3</ele></trkpt><trkpt lat="43.515326" lon="3.813693"><ele>8</ele></trkpt><trkpt lat="43.515417" lon="3.813897"><ele>6.6</ele></trkpt><trkpt lat="43.515638" lon="3.814496"><ele>6</ele></trkpt><trkpt lat="43.515706" lon="3.814742"><ele>5.7</ele></trkpt><trkpt lat="43.516459" lon="3.81585"><ele>4.6</ele></trkpt><trkpt lat="43.517601" lon="3.817355"><ele>6.7</ele></trkpt><trkpt lat="43.517735" lon="3.817639"><ele>6.6</ele></trkpt><trkpt lat="43.517906" lon="3.818144"><ele>7.3</ele></trkpt><trkpt lat="43.51866" lon="3.819619"><ele>13</ele></trkpt><trkpt lat="43.518935" lon="3.820155"><ele>13</ele></trkpt><trkpt lat="43.519226" lon="3.820584"><ele>13</ele></trkpt><trkpt lat="43.519596" lon="3.821099"><ele>10.2</ele></trkpt><trkpt lat="43.520127" lon="3.821971"><ele>9.5</ele></trkpt><trkpt lat="43.520333" lon="3.822273"><ele>9</ele></trkpt><trkpt lat="43.520821" lon="3.823032"><ele>14.1</ele></trkpt><trkpt lat="43.520903" lon="3.823217"><ele>14.4</ele></trkpt><trkpt lat="43.521135" lon="3.823918"><ele>15.7</ele></trkpt><trkpt lat="43.521239" lon="3.824123"><ele>17</ele></trkpt><trkpt lat="43.52136" lon="3.824329"><ele>14.5</ele></trkpt><trkpt lat="43.521483" lon="3.824637"><ele>15</ele></trkpt><trkpt lat="43.521617" lon="3.824906"><ele>9</ele></trkpt><trkpt lat="43.521658" lon="3.82499"><ele>9</ele></trkpt><trkpt lat="43.521682" lon="3.825148"><ele>9</ele></trkpt><trkpt lat="43.521679" lon="3.825773"><ele>5.9</ele></trkpt><trkpt lat="43.521702" lon="3.826153"><ele>5.4</ele></trkpt><trkpt lat="43.521662" lon="3.8266"><ele>5.6</ele></trkpt><trkpt lat="43.521741" lon="3.827135"><ele>4.8</ele></trkpt><trkpt lat="43.521772" lon="3.82754"><ele>4.1</ele></trkpt><trkpt lat="43.521815" lon="3.827686"><ele>3.3</ele></trkpt><trkpt lat="43.521872" lon="3.827774"><ele>3.1</ele></trkpt><trkpt lat="43.522224" lon="3.828131"><ele>1</ele></trkpt><trkpt lat="43.522776" lon="3.828609"><ele>1</ele></trkpt><trkpt lat="43.523126" lon="3.828897"><ele>2.3</ele></trkpt><trkpt lat="43.523482" lon="3.829097"><ele>2.2</ele></trkpt><trkpt lat="43.523837" lon="3.829241"><ele>2.2</ele></trkpt><trkpt lat="43.523966" lon="3.829247"><ele>2</ele></trkpt><trkpt lat="43.524023" lon="3.829519"><ele>2</ele></trkpt><trkpt lat="43.524321" lon="3.829682"><ele>2</ele></trkpt><trkpt lat="43.524607" lon="3.830029"><ele>1.9</ele></trkpt><trkpt lat="43.524699" lon="3.830215"><ele>1.9</ele></trkpt><trkpt lat="43.524845" lon="3.830768"><ele>2</ele></trkpt><trkpt lat="43.524908" lon="3.831074"><ele>1.8</ele></trkpt><trkpt lat="43.524922" lon="3.831211"><ele>1.9</ele></trkpt><trkpt lat="43.524906" lon="3.831337"><ele>2</ele></trkpt><trkpt lat="43.524861" lon="3.831416"><ele>2</ele></trkpt><trkpt lat="43.524802" lon="3.831469"><ele>2</ele></trkpt><trkpt lat="43.524511" lon="3.831627"><ele>2</ele></trkpt><trkpt lat="43.524479" lon="3.831644"><ele>2</ele></trkpt><trkpt lat="43.524338" lon="3.831709"><ele>2</ele></trkpt><trkpt lat="43.523876" lon="3.831946"><ele>2</ele></trkpt><trkpt lat="43.523609" lon="3.832145"><ele>2</ele></trkpt><trkpt lat="43.522923" lon="3.832984"><ele>2</ele></trkpt><trkpt lat="43.524108" lon="3.836369"><ele>1</ele></trkpt><trkpt lat="43.524497" lon="3.83747"><ele>1.3</ele></trkpt><trkpt lat="43.524808" lon="3.838233"><ele>1.4</ele></trkpt><trkpt lat="43.525112" lon="3.838728"><ele>2</ele></trkpt><trkpt lat="43.526479" lon="3.840846"><ele>2</ele></trkpt><trkpt lat="43.526936" lon="3.841508"><ele>2</ele></trkpt><trkpt lat="43.527382" lon="3.842154"><ele>4.3</ele></trkpt><trkpt lat="43.528101" lon="3.843367"><ele>5.6</ele></trkpt><trkpt lat="43.5289" lon="3.845081"><ele>7.1</ele></trkpt><trkpt lat="43.529061" lon="3.845467"><ele>7.3</ele></trkpt><trkpt lat="43.529181" lon="3.845832"><ele>7.5</ele></trkpt><trkpt lat="43.529273" lon="3.845927"><ele>8</ele></trkpt><trkpt lat="43.529299" lon="3.845957"><ele>8</ele></trkpt><trkpt lat="43.529327" lon="3.846"><ele>8</ele></trkpt><trkpt lat="43.52935" lon="3.846085"><ele>8</ele></trkpt><trkpt lat="43.529342" lon="3.846217"><ele>8</ele></trkpt><trkpt lat="43.529298" lon="3.846352"><ele>8</ele></trkpt><trkpt lat="43.52939" lon="3.846972"><ele>9.7</ele></trkpt><trkpt lat="43.529471" lon="3.847343"><ele>9.9</ele></trkpt><trkpt lat="43.529713" lon="3.847937"><ele>10.3</ele></trkpt><trkpt lat="43.529902" lon="3.848267"><ele>10.4</ele></trkpt><trkpt lat="43.530072" lon="3.848461"><ele>11</ele></trkpt><trkpt lat="43.530286" lon="3.84875"><ele>11.6</ele></trkpt><trkpt lat="43.531064" lon="3.850143"><ele>12</ele></trkpt><trkpt lat="43.531278" lon="3.850462"><ele>12</ele></trkpt><trkpt lat="43.531877" lon="3.851218"><ele>12.7</ele></trkpt><trkpt lat="43.532554" lon="3.852139"><ele>15</ele></trkpt><trkpt lat="43.532591" lon="3.85219"><ele>15</ele></trkpt><trkpt lat="43.532627" lon="3.852337"><ele>15</ele></trkpt><trkpt lat="43.532709" lon="3.85244"><ele>15</ele></trkpt><trkpt lat="43.532754" lon="3.852464"><ele>15</ele></trkpt><trkpt lat="43.532835" lon="3.852448"><ele>15</ele></trkpt><trkpt lat="43.532874" lon="3.852501"><ele>15</ele></trkpt><trkpt lat="43.532907" lon="3.852549"><ele>15</ele></trkpt><trkpt lat="43.532935" lon="3.852588"><ele>15</ele></trkpt><trkpt lat="43.532996" lon="3.852673"><ele>15</ele></trkpt><trkpt lat="43.532975" lon="3.852717"><ele>15</ele></trkpt><trkpt lat="43.532966" lon="3.852838"><ele>15</ele></trkpt><trkpt lat="43.533508" lon="3.852872"><ele>13</ele></trkpt><trkpt lat="43.53388" lon="3.852886"><ele>13</ele></trkpt><trkpt lat="43.533916" lon="3.852908"><ele>13</ele></trkpt><trkpt lat="43.533967" lon="3.852966"><ele>13</ele></trkpt><trkpt lat="43.534378" lon="3.852968"><ele>13</ele></trkpt><trkpt lat="43.534426" lon="3.852929"><ele>13</ele></trkpt><trkpt lat="43.534469" lon="3.852894"><ele>13</ele></trkpt><trkpt lat="43.53483" lon="3.852907"><ele>13</ele></trkpt><trkpt lat="43.535205" lon="3.853312"><ele>13</ele></trkpt><trkpt lat="43.536349" lon="3.854694"><ele>10.7</ele></trkpt><trkpt lat="43.536857" lon="3.855228"><ele>12.5</ele></trkpt><trkpt lat="43.537017" lon="3.855345"><ele>12.8</ele></trkpt><trkpt lat="43.537181" lon="3.855407"><ele>13</ele></trkpt><trkpt lat="43.537522" lon="3.85545"><ele>13.2</ele></trkpt><trkpt lat="43.537771" lon="3.855515"><ele>13.3</ele></trkpt><trkpt lat="43.537874" lon="3.85559"><ele>13.3</ele></trkpt><trkpt lat="43.537975" lon="3.855696"><ele>13.4</ele></trkpt><trkpt lat="43.538108" lon="3.855882"><ele>14</ele></trkpt><trkpt lat="43.53813" lon="3.855975"><ele>13</ele></trkpt><trkpt lat="43.538123" lon="3.856024"><ele>12.9</ele></trkpt><trkpt lat="43.538102" lon="3.85608"><ele>12.7</ele></trkpt><trkpt lat="43.538012" lon="3.856156"><ele>11</ele></trkpt><trkpt lat="43.53803" lon="3.856214"><ele>11</ele></trkpt><trkpt lat="43.538049" lon="3.856301"><ele>11</ele></trkpt><trkpt lat="43.538047" lon="3.85637"><ele>11</ele></trkpt><trkpt lat="43.53816" lon="3.856432"><ele>11</ele></trkpt><trkpt lat="43.538195" lon="3.856479"><ele>11</ele></trkpt><trkpt lat="43.538226" lon="3.856593"><ele>11</ele></trkpt><trkpt lat="43.538226" lon="3.856687"><ele>11</ele></trkpt><trkpt lat="43.538203" lon="3.856799"><ele>11</ele></trkpt><trkpt lat="43.537616" lon="3.859389"><ele>7.7</ele></trkpt><trkpt lat="43.537511" lon="3.86021"><ele>6.7</ele></trkpt><trkpt lat="43.537484" lon="3.861106"><ele>6.1</ele></trkpt><trkpt lat="43.537559" lon="3.862012"><ele>6.4</ele></trkpt><trkpt lat="43.537819" lon="3.864337"><ele>4</ele></trkpt><trkpt lat="43.537852" lon="3.86465"><ele>5</ele></trkpt><trkpt lat="43.538167" lon="3.867512"><ele>3</ele></trkpt><trkpt lat="43.538295" lon="3.868314"><ele>3</ele></trkpt><trkpt lat="43.538365" lon="3.869006"><ele>3</ele></trkpt><trkpt lat="43.538363" lon="3.869104"><ele>3</ele></trkpt><trkpt lat="43.538361" lon="3.869161"><ele>3</ele></trkpt><trkpt lat="43.538328" lon="3.869274"><ele>3</ele></trkpt><trkpt lat="43.538258" lon="3.869373"><ele>3</ele></trkpt><trkpt lat="43.538173" lon="3.869432"><ele>3</ele></trkpt><trkpt lat="43.538177" lon="3.869488"><ele>3</ele></trkpt><trkpt lat="43.538174" lon="3.869599"><ele>3</ele></trkpt><trkpt lat="43.538173" lon="3.869641"><ele>3</ele></trkpt><trkpt lat="43.538292" lon="3.869743"><ele>3</ele></trkpt><trkpt lat="43.538396" lon="3.869876"><ele>3</ele></trkpt><trkpt lat="43.538426" lon="3.86997"><ele>3</ele></trkpt><trkpt lat="43.538452" lon="3.870052"><ele>2.6</ele></trkpt><trkpt lat="43.538478" lon="3.870245"><ele>2.4</ele></trkpt><trkpt lat="43.53853" lon="3.870856"><ele>2.3</ele></trkpt><trkpt lat="43.538642" lon="3.872799"><ele>0.7</ele></trkpt><trkpt lat="43.538721" lon="3.873611"><ele>0.5</ele></trkpt><trkpt lat="43.538768" lon="3.874426"><ele>0</ele></trkpt><trkpt lat="43.538774" lon="3.874592"><ele>0</ele></trkpt><trkpt lat="43.538859" lon="3.877124"><ele>0</ele></trkpt><trkpt lat="43.538839" lon="3.87772"><ele>0</ele></trkpt><trkpt lat="43.538867" lon="3.878562"><ele>0</ele></trkpt><trkpt lat="43.538897" lon="3.879217"><ele>0</ele></trkpt><trkpt lat="43.538932" lon="3.880139"><ele>0</ele></trkpt><trkpt lat="43.539075" lon="3.881288"><ele>0</ele></trkpt><trkpt lat="43.539083" lon="3.881473"><ele>0</ele></trkpt><trkpt lat="43.539092" lon="3.88166"><ele>0</ele></trkpt><trkpt lat="43.539349" lon="3.887013"><ele>0</ele></trkpt><trkpt lat="43.539422" lon="3.888652"><ele>0</ele></trkpt><trkpt lat="43.539575" lon="3.892108"><ele>2</ele></trkpt><trkpt lat="43.539657" lon="3.893555"><ele>2</ele></trkpt><trkpt lat="43.539664" lon="3.893759"><ele>0</ele></trkpt><trkpt lat="43.539725" lon="3.895375"><ele>0</ele></trkpt><trkpt lat="43.539724" lon="3.895697"><ele>0</ele></trkpt><trkpt lat="43.53967" lon="3.895984"><ele>0</ele></trkpt><trkpt lat="43.539535" lon="3.896448"><ele>0</ele></trkpt><trkpt lat="43.539494" lon="3.89667"><ele>0</ele></trkpt><trkpt lat="43.539494" lon="3.896833"><ele>0</ele></trkpt><trkpt lat="43.539524" lon="3.89708"><ele>0</ele></trkpt><trkpt lat="43.539516" lon="3.897146"><ele>0</ele></trkpt><trkpt lat="43.539598" lon="3.897149"><ele>0</ele></trkpt><trkpt lat="43.539634" lon="3.89714"><ele>0</ele></trkpt><trkpt lat="43.539742" lon="3.897008"><ele>0</ele></trkpt><trkpt lat="43.539783" lon="3.89696"><ele>0</ele></trkpt><trkpt lat="43.539835" lon="3.89699"><ele>0</ele></trkpt><trkpt lat="43.540007" lon="3.896988"><ele>0</ele></trkpt><trkpt lat="43.540107" lon="3.897018"><ele>0</ele></trkpt><trkpt lat="43.540382" lon="3.89721"><ele>0</ele></trkpt><trkpt lat="43.540399" lon="3.897257"><ele>0</ele></trkpt><trkpt lat="43.540491" lon="3.897588"><ele>0</ele></trkpt><trkpt lat="43.540507" lon="3.897649"><ele>0</ele></trkpt><trkpt lat="43.540627" lon="3.897577"><ele>0</ele></trkpt><trkpt lat="43.540798" lon="3.897517"><ele>0</ele></trkpt><trkpt lat="43.540864" lon="3.897544"><ele>0</ele></trkpt><trkpt lat="43.541019" lon="3.897504"><ele>0</ele></trkpt><trkpt lat="43.541252" lon="3.897455"><ele>0</ele></trkpt><trkpt lat="43.541531" lon="3.897387"><ele>0.8</ele></trkpt><trkpt lat="43.541925" lon="3.897243"><ele>0.8</ele></trkpt><trkpt lat="43.541987" lon="3.897221"><ele>0.8</ele></trkpt><trkpt lat="43.542296" lon="3.896999"><ele>0.8</ele></trkpt><trkpt lat="43.542631" lon="3.8969"><ele>0.9</ele></trkpt><trkpt lat="43.542933" lon="3.896848"><ele>0.9</ele></trkpt><trkpt lat="43.544143" lon="3.8965"><ele>1</ele></trkpt><trkpt lat="43.545061" lon="3.896315"><ele>1</ele></trkpt><trkpt lat="43.545511" lon="3.896251"><ele>1</ele></trkpt><trkpt lat="43.546202" lon="3.896324"><ele>1</ele></trkpt><trkpt lat="43.546787" lon="3.896451"><ele>0.9</ele></trkpt><trkpt lat="43.547377" lon="3.89635"><ele>0.6</ele></trkpt><trkpt lat="43.548434" lon="3.896079"><ele>0.8</ele></trkpt><trkpt lat="43.548938" lon="3.895851"><ele>0.9</ele></trkpt><trkpt lat="43.549208" lon="3.895689"><ele>1</ele></trkpt><trkpt lat="43.54947" lon="3.895642"><ele>0.8</ele></trkpt><trkpt lat="43.549862" lon="3.895779"><ele>0.5</ele></trkpt><trkpt lat="43.550794" lon="3.895926"><ele>0.7</ele></trkpt><trkpt lat="43.55309" lon="3.896143"><ele>2</ele></trkpt><trkpt lat="43.553571" lon="3.896217"><ele>2</ele></trkpt><trkpt lat="43.554144" lon="3.896228"><ele>2</ele></trkpt><trkpt lat="43.555206" lon="3.896444"><ele>1.7</ele></trkpt><trkpt lat="43.555374" lon="3.896418"><ele>1.6</ele></trkpt><trkpt lat="43.555605" lon="3.896349"><ele>1.5</ele></trkpt><trkpt lat="43.555963" lon="3.896243"><ele>1.4</ele></trkpt><trkpt lat="43.556224" lon="3.896145"><ele>1.2</ele></trkpt><trkpt lat="43.556485" lon="3.895964"><ele>1.3</ele></trkpt><trkpt lat="43.556603" lon="3.895803"><ele>1.4</ele></trkpt><trkpt lat="43.557492" lon="3.894032"><ele>2.6</ele></trkpt><trkpt lat="43.55766" lon="3.893812"><ele>2.8</ele></trkpt><trkpt lat="43.557905" lon="3.893589"><ele>2.9</ele></trkpt><trkpt lat="43.558179" lon="3.893451"><ele>2.8</ele></trkpt><trkpt lat="43.558538" lon="3.893372"><ele>2.8</ele></trkpt><trkpt lat="43.55882" lon="3.893372"><ele>2.8</ele></trkpt><trkpt lat="43.558995" lon="3.893423"><ele>2.6</ele></trkpt><trkpt lat="43.559164" lon="3.893552"><ele>2.5</ele></trkpt><trkpt lat="43.559409" lon="3.893696"><ele>2.3</ele></trkpt><trkpt lat="43.560039" lon="3.894215"><ele>2.1</ele></trkpt><trkpt lat="43.560167" lon="3.894295"><ele>2.1</ele></trkpt><trkpt lat="43.560359" lon="3.894345"><ele>2.1</ele></trkpt><trkpt lat="43.560645" lon="3.894368"><ele>2.1</ele></trkpt><trkpt lat="43.561177" lon="3.894391"><ele>2</ele></trkpt><trkpt lat="43.561279" lon="3.894353"><ele>2</ele></trkpt><trkpt lat="43.561402" lon="3.894372"><ele>2</ele></trkpt><trkpt lat="43.561707" lon="3.894336"><ele>2.3</ele></trkpt><trkpt lat="43.562242" lon="3.894357"><ele>2.3</ele></trkpt><trkpt lat="43.562566" lon="3.894393"><ele>3</ele></trkpt><trkpt lat="43.562831" lon="3.894458"><ele>3</ele></trkpt><trkpt lat="43.562921" lon="3.894562"><ele>3</ele></trkpt><trkpt lat="43.56298" lon="3.894815"><ele>3</ele></trkpt><trkpt lat="43.563074" lon="3.89504"><ele>3</ele></trkpt><trkpt lat="43.563227" lon="3.89513"><ele>3</ele></trkpt><trkpt lat="43.563424" lon="3.895206"><ele>3</ele></trkpt><trkpt lat="43.563802" lon="3.895331"><ele>3</ele></trkpt><trkpt lat="43.564512" lon="3.895504"><ele>3</ele></trkpt><trkpt lat="43.565308" lon="3.895747"><ele>3</ele></trkpt><trkpt lat="43.566726" lon="3.896275"><ele>3.9</ele></trkpt><trkpt lat="43.567156" lon="3.896405"><ele>3.9</ele></trkpt><trkpt lat="43.568013" lon="3.896512"><ele>4</ele></trkpt><trkpt lat="43.568471" lon="3.89654"><ele>4</ele></trkpt><trkpt lat="43.57049" lon="3.897162"><ele>5</ele></trkpt><trkpt lat="43.570686" lon="3.897177"><ele>5</ele></trkpt><trkpt lat="43.570781" lon="3.897123"><ele>5.7</ele></trkpt><trkpt lat="43.570917" lon="3.897169"><ele>6</ele></trkpt><trkpt lat="43.570937" lon="3.897232"><ele>6</ele></trkpt><trkpt lat="43.570693" lon="3.897887"><ele>6</ele></trkpt><trkpt lat="43.570642" lon="3.897984"><ele>6</ele></trkpt><trkpt lat="43.570686" lon="3.898014"><ele>6</ele></trkpt><trkpt lat="43.57083" lon="3.898099"><ele>5.1</ele></trkpt><trkpt lat="43.571034" lon="3.898062"><ele>5.1</ele></trkpt><trkpt lat="43.571194" lon="3.898056"><ele>5.1</ele></trkpt><trkpt lat="43.57139" lon="3.89809"><ele>5.1</ele></trkpt><trkpt lat="43.571447" lon="3.898146"><ele>5</ele></trkpt><trkpt lat="43.571517" lon="3.898185"><ele>5</ele></trkpt><trkpt lat="43.571595" lon="3.898334"><ele>5</ele></trkpt><trkpt lat="43.571644" lon="3.898306"><ele>5</ele></trkpt><trkpt lat="43.571744" lon="3.898189"><ele>5</ele></trkpt><trkpt lat="43.571863" lon="3.898062"><ele>5</ele></trkpt><trkpt lat="43.571918" lon="3.898009"><ele>5</ele></trkpt><trkpt lat="43.571963" lon="3.897959"><ele>5</ele></trkpt><trkpt lat="43.572091" lon="3.897816"><ele>6</ele></trkpt><trkpt lat="43.572195" lon="3.897762"><ele>6.2</ele></trkpt><trkpt lat="43.572308" lon="3.897734"><ele>6</ele></trkpt><trkpt lat="43.573057" lon="3.897711"><ele>5.7</ele></trkpt><trkpt lat="43.573611" lon="3.897823"><ele>5.3</ele></trkpt><trkpt lat="43.574036" lon="3.898027"><ele>5.2</ele></trkpt><trkpt lat="43.574258" lon="3.89821"><ele>5.2</ele></trkpt><trkpt lat="43.574512" lon="3.898529"><ele>5.2</ele></trkpt><trkpt lat="43.574644" lon="3.898736"><ele>5</ele></trkpt><trkpt lat="43.574649" lon="3.898878"><ele>5</ele></trkpt><trkpt lat="43.574619" lon="3.898947"><ele>5</ele></trkpt><trkpt lat="43.574328" lon="3.899291"><ele>5</ele></trkpt><trkpt lat="43.574354" lon="3.899371"><ele>5</ele></trkpt><trkpt lat="43.574534" lon="3.899596"><ele>5</ele></trkpt><trkpt lat="43.574565" lon="3.899655"><ele>5.4</ele></trkpt><trkpt lat="43.574577" lon="3.899774"><ele>5.5</ele></trkpt><trkpt lat="43.574666" lon="3.899968"><ele>6</ele></trkpt><trkpt lat="43.574711" lon="3.90005"><ele>6.6</ele></trkpt><trkpt lat="43.574946" lon="3.900243"><ele>6.8</ele></trkpt><trkpt lat="43.575384" lon="3.900471"><ele>6.7</ele></trkpt><trkpt lat="43.575537" lon="3.900645"><ele>6.7</ele></trkpt><trkpt lat="43.575764" lon="3.900966"><ele>7</ele></trkpt><trkpt lat="43.575899" lon="3.901073"><ele>7</ele></trkpt><trkpt lat="43.575951" lon="3.90101"><ele>7</ele></trkpt><trkpt lat="43.576052" lon="3.900825"><ele>7</ele></trkpt><trkpt lat="43.576091" lon="3.900793"><ele>7</ele></trkpt><trkpt lat="43.576138" lon="3.900809"><ele>7</ele></trkpt><trkpt lat="43.576509" lon="3.901219"><ele>7</ele></trkpt><trkpt lat="43.577943" lon="3.902869"><ele>7</ele></trkpt><trkpt lat="43.578784" lon="3.903885"><ele>6.7</ele></trkpt><trkpt lat="43.578937" lon="3.904141"><ele>6</ele></trkpt><trkpt lat="43.579091" lon="3.904438"><ele>7.5</ele></trkpt><trkpt lat="43.579246" lon="3.904886"><ele>7.5</ele></trkpt><trkpt lat="43.580209" lon="3.906946"><ele>7.9</ele></trkpt><trkpt lat="43.580618" lon="3.907498"><ele>8</ele></trkpt><trkpt lat="43.580838" lon="3.907697"><ele>8</ele></trkpt><trkpt lat="43.581075" lon="3.907831"><ele>8</ele></trkpt><trkpt lat="43.581504" lon="3.907984"><ele>8</ele></trkpt><trkpt lat="43.583428" lon="3.908148"><ele>8</ele></trkpt><trkpt lat="43.583692" lon="3.908148"><ele>8</ele></trkpt><trkpt lat="43.584083" lon="3.908054"><ele>8</ele></trkpt><trkpt lat="43.584277" lon="3.908008"><ele>8</ele></trkpt><trkpt lat="43.584527" lon="3.907911"><ele>8</ele></trkpt><trkpt lat="43.584895" lon="3.907708"><ele>8</ele></trkpt><trkpt lat="43.585231" lon="3.907576"><ele>8</ele></trkpt><trkpt lat="43.585752" lon="3.907434"><ele>8</ele></trkpt><trkpt lat="43.586016" lon="3.907394"><ele>8</ele></trkpt><trkpt lat="43.586443" lon="3.907445"><ele>8</ele></trkpt><trkpt lat="43.586515" lon="3.907509"><ele>8</ele></trkpt><trkpt lat="43.586575" lon="3.907651"><ele>8.1</ele></trkpt><trkpt lat="43.586624" lon="3.907686"><ele>8.1</ele></trkpt><trkpt lat="43.58799" lon="3.908038"><ele>9</ele></trkpt><trkpt lat="43.588076" lon="3.907886"><ele>9</ele></trkpt><trkpt lat="43.58839" lon="3.907893"><ele>9</ele></trkpt><trkpt lat="43.58988" lon="3.907575"><ele>9</ele></trkpt><trkpt lat="43.59037" lon="3.907316"><ele>9</ele></trkpt><trkpt lat="43.590576" lon="3.907163"><ele>9</ele></trkpt><trkpt lat="43.590727" lon="3.907001"><ele>9</ele></trkpt><trkpt lat="43.591079" lon="3.906586"><ele>9.5</ele></trkpt><trkpt lat="43.591299" lon="3.906266"><ele>9.6</ele></trkpt><trkpt lat="43.591436" lon="3.906035"><ele>11</ele></trkpt><trkpt lat="43.591623" lon="3.905719"><ele>12</ele></trkpt><trkpt lat="43.591898" lon="3.905324"><ele>12</ele></trkpt><trkpt lat="43.5922" lon="3.904982"><ele>12</ele></trkpt><trkpt lat="43.592376" lon="3.90482"><ele>12</ele></trkpt><trkpt lat="43.59257" lon="3.904688"><ele>12</ele></trkpt><trkpt lat="43.592784" lon="3.904575"><ele>12</ele></trkpt><trkpt lat="43.593604" lon="3.904188"><ele>12</ele></trkpt><trkpt lat="43.593851" lon="3.904087"><ele>12.1</ele></trkpt><trkpt lat="43.594121" lon="3.903932"><ele>12</ele></trkpt><trkpt lat="43.594475" lon="3.903578"><ele>11</ele></trkpt><trkpt lat="43.594758" lon="3.903281"><ele>11</ele></trkpt><trkpt lat="43.595189" lon="3.902701"><ele>11</ele></trkpt><trkpt lat="43.595252" lon="3.902617"><ele>11</ele></trkpt><trkpt lat="43.59542" lon="3.902392"><ele>11</ele></trkpt><trkpt lat="43.595636" lon="3.902105"><ele>11</ele></trkpt><trkpt lat="43.595937" lon="3.901702"><ele>10</ele></trkpt><trkpt lat="43.596136" lon="3.901436"><ele>10</ele></trkpt><trkpt lat="43.59655" lon="3.900842"><ele>10</ele></trkpt><trkpt lat="43.596622" lon="3.900743"><ele>10</ele></trkpt><trkpt lat="43.597118" lon="3.900028"><ele>10</ele></trkpt><trkpt lat="43.597148" lon="3.899981"><ele>10</ele></trkpt><trkpt lat="43.597179" lon="3.899933"><ele>10</ele></trkpt><trkpt lat="43.597236" lon="3.899828"><ele>11.5</ele></trkpt><trkpt lat="43.597507" lon="3.899565"><ele>11.6</ele></trkpt><trkpt lat="43.597572" lon="3.899444"><ele>12</ele></trkpt><trkpt lat="43.597819" lon="3.899221"><ele>10.5</ele></trkpt><trkpt lat="43.597948" lon="3.899133"><ele>10.5</ele></trkpt><trkpt lat="43.598178" lon="3.898995"><ele>10.4</ele></trkpt><trkpt lat="43.598598" lon="3.898798"><ele>10</ele></trkpt><trkpt lat="43.598995" lon="3.898618"><ele>10</ele></trkpt><trkpt lat="43.599294" lon="3.898444"><ele>10</ele></trkpt><trkpt lat="43.599524" lon="3.898284"><ele>10</ele></trkpt><trkpt lat="43.599837" lon="3.898013"><ele>10</ele></trkpt><trkpt lat="43.600097" lon="3.897781"><ele>16</ele></trkpt><trkpt lat="43.600351" lon="3.897333"><ele>14</ele></trkpt><trkpt lat="43.600466" lon="3.897139"><ele>14</ele></trkpt><trkpt lat="43.600486" lon="3.897105"><ele>14</ele></trkpt><trkpt lat="43.600599" lon="3.896937"><ele>14</ele></trkpt><trkpt lat="43.600717" lon="3.896802"><ele>14</ele></trkpt><trkpt lat="43.600845" lon="3.896696"><ele>14</ele></trkpt><trkpt lat="43.601329" lon="3.896351"><ele>14</ele></trkpt><trkpt lat="43.601487" lon="3.896284"><ele>14</ele></trkpt><trkpt lat="43.601707" lon="3.896305"><ele>14</ele></trkpt><trkpt lat="43.601797" lon="3.896327"><ele>14</ele></trkpt><trkpt lat="43.602355" lon="3.896474"><ele>18</ele></trkpt><trkpt lat="43.602433" lon="3.896498"><ele>18</ele></trkpt><trkpt lat="43.602779" lon="3.896632"><ele>18</ele></trkpt><trkpt lat="43.603005" lon="3.896742"><ele>18</ele></trkpt><trkpt lat="43.603093" lon="3.896788"><ele>18</ele></trkpt><trkpt lat="43.603172" lon="3.896825"><ele>18</ele></trkpt><trkpt lat="43.603732" lon="3.897344"><ele>18</ele></trkpt><trkpt lat="43.603813" lon="3.897398"><ele>18</ele></trkpt><trkpt lat="43.604072" lon="3.897515"><ele>18</ele></trkpt><trkpt lat="43.60414" lon="3.897529"><ele>18</ele></trkpt><trkpt lat="43.604139" lon="3.897491"><ele>18</ele></trkpt><trkpt lat="43.604061" lon="3.896272"><ele>18</ele></trkpt><trkpt lat="43.604304" lon="3.896374"><ele>18</ele></trkpt><trkpt lat="43.604335" lon="3.896363"><ele>18</ele></trkpt><trkpt lat="43.604385" lon="3.896351"><ele>17.7</ele></trkpt><trkpt lat="43.604936" lon="3.896595"><ele>17.7</ele></trkpt><trkpt lat="43.605281" lon="3.89672"><ele>17.5</ele></trkpt><trkpt lat="43.605703" lon="3.896833"><ele>17.5</ele></trkpt><trkpt lat="43.605866" lon="3.896858"><ele>17.5</ele></trkpt><trkpt lat="43.606297" lon="3.896875"><ele>16.9</ele></trkpt><trkpt lat="43.606389" lon="3.896853"><ele>15</ele></trkpt><trkpt lat="43.60665" lon="3.896723"><ele>15</ele></trkpt><trkpt lat="43.606789" lon="3.89669"><ele>15</ele></trkpt><trkpt lat="43.607487" lon="3.896766"><ele>15</ele></trkpt><trkpt lat="43.607648" lon="3.896782"><ele>15</ele></trkpt><trkpt lat="43.608344" lon="3.89688"><ele>16</ele></trkpt><trkpt lat="43.608478" lon="3.8969"><ele>16</ele></trkpt><trkpt lat="43.608763" lon="3.896902"><ele>16</ele></trkpt><trkpt lat="43.609207" lon="3.896904"><ele>16</ele></trkpt><trkpt lat="43.609332" lon="3.896885"><ele>16</ele></trkpt><trkpt lat="43.609888" lon="3.896658"><ele>16</ele></trkpt><trkpt lat="43.610836" lon="3.896399"><ele>20</ele></trkpt><trkpt lat="43.610981" lon="3.896423"><ele>20</ele></trkpt><trkpt lat="43.611294" lon="3.896315"><ele>20</ele></trkpt><trkpt lat="43.611498" lon="3.896278"><ele>20</ele></trkpt><trkpt lat="43.611829" lon="3.896185"><ele>20</ele></trkpt><trkpt lat="43.612038" lon="3.896072"><ele>20</ele></trkpt><trkpt lat="43.612315" lon="3.895836"><ele>20</ele></trkpt><trkpt lat="43.612374" lon="3.89583"><ele>19.9</ele></trkpt><trkpt lat="43.612556" lon="3.895695"><ele>19.7</ele></trkpt><trkpt lat="43.612646" lon="3.895604"><ele>19.9</ele></trkpt><trkpt lat="43.612813" lon="3.895367"><ele>21</ele></trkpt><trkpt lat="43.613102" lon="3.895049"><ele>21</ele></trkpt><trkpt lat="43.613241" lon="3.894894"><ele>21</ele></trkpt><trkpt lat="43.61347" lon="3.894491"><ele>21.3</ele></trkpt><trkpt lat="43.613684" lon="3.894176"><ele>21.5</ele></trkpt><trkpt lat="43.61423" lon="3.893485"><ele>22</ele></trkpt><trkpt lat="43.614646" lon="3.892888"><ele>21.9</ele></trkpt><trkpt lat="43.61475" lon="3.892706"><ele>21.9</ele></trkpt><trkpt lat="43.614868" lon="3.892345"><ele>22</ele></trkpt><trkpt lat="43.61493" lon="3.892187"><ele>22</ele></trkpt><trkpt lat="43.614977" lon="3.892156"><ele>22</ele></trkpt><trkpt lat="43.615013" lon="3.892132"><ele>22</ele></trkpt><trkpt lat="43.61504" lon="3.892045"><ele>22</ele></trkpt><trkpt lat="43.615033" lon="3.892006"><ele>22</ele></trkpt><trkpt lat="43.615013" lon="3.891915"><ele>22</ele></trkpt><trkpt lat="43.614965" lon="3.891773"><ele>22</ele></trkpt><trkpt lat="43.614808" lon="3.891583"><ele>22</ele></trkpt><trkpt lat="43.614794" lon="3.891496"><ele>23</ele></trkpt><trkpt lat="43.614678" lon="3.891328"><ele>23</ele></trkpt><trkpt lat="43.61443" lon="3.890917"><ele>23</ele></trkpt><trkpt lat="43.614249" lon="3.890603"><ele>23.6</ele></trkpt><trkpt lat="43.614182" lon="3.890416"><ele>23.7</ele></trkpt><trkpt lat="43.61416" lon="3.89031"><ele>23.8</ele></trkpt><trkpt lat="43.61408" lon="3.889412"><ele>28</ele></trkpt><trkpt lat="43.61407" lon="3.889319"><ele>28</ele></trkpt><trkpt lat="43.614057" lon="3.889178"><ele>28</ele></trkpt><trkpt lat="43.614044" lon="3.889049"><ele>28</ele></trkpt><trkpt lat="43.614029" lon="3.888861"><ele>28</ele></trkpt><trkpt lat="43.614022" lon="3.888719"><ele>28</ele></trkpt><trkpt lat="43.614063" lon="3.887734"><ele>28</ele></trkpt><trkpt lat="43.614072" lon="3.887438"><ele>28</ele></trkpt><trkpt lat="43.614064" lon="3.887132"><ele>33</ele></trkpt><trkpt lat="43.614063" lon="3.886578"><ele>31.9</ele></trkpt><trkpt lat="43.613962" lon="3.885955"><ele>31.8</ele></trkpt><trkpt lat="43.61395" lon="3.885768"><ele>31.8</ele></trkpt><trkpt lat="43.613981" lon="3.885004"><ele>31.1</ele></trkpt><trkpt lat="43.614035" lon="3.884672"><ele>30.9</ele></trkpt><trkpt lat="43.614133" lon="3.884338"><ele>30.7</ele></trkpt><trkpt lat="43.614278" lon="3.884027"><ele>30.3</ele></trkpt><trkpt lat="43.61439" lon="3.883866"><ele>30.1</ele></trkpt><trkpt lat="43.61445" lon="3.883835"><ele>25</ele></trkpt><trkpt lat="43.614494" lon="3.883782"><ele>25</ele></trkpt><trkpt lat="43.61474" lon="3.883466"><ele>25</ele></trkpt><trkpt lat="43.61484" lon="3.883431"><ele>25</ele></trkpt><trkpt lat="43.614847" lon="3.883383"><ele>25</ele></trkpt><trkpt lat="43.614854" lon="3.883322"><ele>25</ele></trkpt><trkpt lat="43.61485" lon="3.883248"><ele>25</ele></trkpt><trkpt lat="43.614871" lon="3.883196"><ele>25</ele></trkpt><trkpt lat="43.614895" lon="3.883137"><ele>26</ele></trkpt><trkpt lat="43.614877" lon="3.883119"><ele>26</ele></trkpt><trkpt lat="43.614865" lon="3.883106"><ele>26</ele></trkpt><trkpt lat="43.614947" lon="3.882938"><ele>26</ele></trkpt><trkpt lat="43.614972" lon="3.882807"><ele>26</ele></trkpt><trkpt lat="43.615011" lon="3.882584"><ele>26</ele></trkpt><trkpt lat="43.615011" lon="3.882447"><ele>26</ele></trkpt><trkpt lat="43.615035" lon="3.882388"><ele>26</ele></trkpt><trkpt lat="43.615032" lon="3.882034"><ele>26</ele></trkpt><trkpt lat="43.614994" lon="3.881533"><ele>26</ele></trkpt><trkpt lat="43.614984" lon="3.881347"><ele>26</ele></trkpt><trkpt lat="43.614978" lon="3.881281"><ele>26</ele></trkpt><trkpt lat="43.615022" lon="3.88127"><ele>26</ele></trkpt><trkpt lat="43.615647" lon="3.881048"><ele>29</ele></trkpt><trkpt lat="43.615717" lon="3.881011"><ele>29</ele></trkpt><trkpt lat="43.615784" lon="3.880944"><ele>29</ele></trkpt><trkpt lat="43.615828" lon="3.880897"><ele>29</ele></trkpt><trkpt lat="43.61599" lon="3.880723"><ele>29</ele></trkpt><trkpt lat="43.61629" lon="3.880438"><ele>29</ele></trkpt><trkpt lat="43.616331" lon="3.880421"><ele>29</ele></trkpt><trkpt lat="43.616462" lon="3.880559"><ele>29</ele></trkpt><trkpt lat="43.616495" lon="3.880606"><ele>29</ele></trkpt><trkpt lat="43.616528" lon="3.880533"><ele>29</ele></trkpt><trkpt lat="43.616663" lon="3.880263"><ele>29</ele></trkpt><trkpt lat="43.616751" lon="3.880091"><ele>29</ele></trkpt><trkpt lat="43.616801" lon="3.880002"><ele>29</ele></trkpt><trkpt lat="43.616828" lon="3.879938"><ele>29</ele></trkpt><trkpt lat="43.616938" lon="3.879752"><ele>29</ele></trkpt><trkpt lat="43.617101" lon="3.879577"><ele>29</ele></trkpt><trkpt lat="43.617326" lon="3.879351"><ele>29</ele></trkpt><trkpt lat="43.617339" lon="3.879339"><ele>29</ele></trkpt><trkpt lat="43.617564" lon="3.879104"><ele>29</ele></trkpt><trkpt lat="43.617953" lon="3.878728"><ele>32</ele></trkpt><trkpt lat="43.618082" lon="3.878603"><ele>32</ele></trkpt><trkpt lat="43.618188" lon="3.878503"><ele>32</ele></trkpt><trkpt lat="43.618249" lon="3.878446"><ele>32</ele></trkpt><trkpt lat="43.618676" lon="3.878021"><ele>33</ele></trkpt><trkpt lat="43.618928" lon="3.877773"><ele>33</ele></trkpt><trkpt lat="43.618981" lon="3.87772"><ele>33</ele></trkpt><trkpt lat="43.619222" lon="3.877481"><ele>33</ele></trkpt><trkpt lat="43.619263" lon="3.877441"><ele>33</ele></trkpt><trkpt lat="43.619596" lon="3.877114"><ele>33</ele></trkpt><trkpt lat="43.620085" lon="3.876673"><ele>33</ele></trkpt><trkpt lat="43.620404" lon="3.876353"><ele>33</ele></trkpt><trkpt lat="43.620503" lon="3.876205"><ele>33</ele></trkpt><trkpt lat="43.62053" lon="3.876158"><ele>33</ele></trkpt><trkpt lat="43.620613" lon="3.876041"><ele>33</ele></trkpt><trkpt lat="43.620588" lon="3.875996"><ele>33</ele></trkpt><trkpt lat="43.620778" lon="3.875802"><ele>36.2</ele></trkpt><trkpt lat="43.621115" lon="3.875543"><ele>36.5</ele></trkpt><trkpt lat="43.62165" lon="3.874812"><ele>37.3</ele></trkpt><trkpt lat="43.62175" lon="3.874638"><ele>39</ele></trkpt><trkpt lat="43.621803" lon="3.874514"><ele>39</ele></trkpt><trkpt lat="43.62217" lon="3.873826"><ele>42.9</ele></trkpt><trkpt lat="43.622708" lon="3.872993"><ele>44.6</ele></trkpt><trkpt lat="43.622797" lon="3.872794"><ele>46.6</ele></trkpt><trkpt lat="43.622817" lon="3.872655"><ele>51</ele></trkpt><trkpt lat="43.622817" lon="3.872612"><ele>51</ele></trkpt><trkpt lat="43.622891" lon="3.872652"><ele>51</ele></trkpt><trkpt lat="43.622974" lon="3.872625"><ele>51</ele></trkpt><trkpt lat="43.623001" lon="3.872581"><ele>51</ele></trkpt><trkpt lat="43.623023" lon="3.872476"><ele>51</ele></trkpt><trkpt lat="43.62304" lon="3.872408"><ele>51</ele></trkpt><trkpt lat="43.623753" lon="3.871926"><ele>51</ele></trkpt><trkpt lat="43.624698" lon="3.871313"><ele>51</ele></trkpt><trkpt lat="43.624722" lon="3.871296"><ele>51</ele></trkpt><trkpt lat="43.625093" lon="3.87105"><ele>50</ele></trkpt><trkpt lat="43.625205" lon="3.870974"><ele>50</ele></trkpt><trkpt lat="43.625278" lon="3.870925"><ele>50</ele></trkpt><trkpt lat="43.625562" lon="3.870732"><ele>50</ele></trkpt><trkpt lat="43.626372" lon="3.87019"><ele>49</ele></trkpt><trkpt lat="43.626387" lon="3.87018"><ele>49</ele></trkpt><trkpt lat="43.626601" lon="3.870039"><ele>49</ele></trkpt><trkpt lat="43.626822" lon="3.869831"><ele>49</ele></trkpt><trkpt lat="43.626913" lon="3.869732"><ele>49</ele></trkpt><trkpt lat="43.627031" lon="3.869669"><ele>49</ele></trkpt><trkpt lat="43.627045" lon="3.869707"><ele>49</ele></trkpt><trkpt lat="43.627536" lon="3.86947"><ele>49</ele></trkpt><trkpt lat="43.627715" lon="3.869404"><ele>49</ele></trkpt><trkpt lat="43.627893" lon="3.869386"><ele>49</ele></trkpt><trkpt lat="43.628065" lon="3.869386"><ele>49.1</ele></trkpt><trkpt lat="43.628185" lon="3.869411"><ele>49.1</ele></trkpt><trkpt lat="43.62847" lon="3.869537"><ele>49.1</ele></trkpt><trkpt lat="43.629218" lon="3.869929"><ele>50</ele></trkpt><trkpt lat="43.629223" lon="3.86991"><ele>50</ele></trkpt><trkpt lat="43.629365" lon="3.869995"><ele>50</ele></trkpt><trkpt lat="43.629464" lon="3.870033"><ele>50</ele></trkpt><trkpt lat="43.629582" lon="3.870041"><ele>50</ele></trkpt><trkpt lat="43.629593" lon="3.87017"><ele>50</ele></trkpt><trkpt lat="43.629649" lon="3.870344"><ele>50</ele></trkpt><trkpt lat="43.629752" lon="3.870356"><ele>50</ele></trkpt><trkpt lat="43.629837" lon="3.870376"><ele>50</ele></trkpt><trkpt lat="43.630667" lon="3.870863"><ele>56</ele></trkpt><trkpt lat="43.631782" lon="3.871535"><ele>62</ele></trkpt><trkpt lat="43.631828" lon="3.871342"><ele>62</ele></trkpt><trkpt lat="43.631883" lon="3.87132"><ele>62</ele></trkpt><trkpt lat="43.631935" lon="3.871234"><ele>62</ele></trkpt><trkpt lat="43.63205" lon="3.871091"><ele>62</ele></trkpt><trkpt lat="43.632117" lon="3.870801"><ele>62</ele></trkpt><trkpt lat="43.632173" lon="3.870734"><ele>60.4</ele></trkpt><trkpt lat="43.632384" lon="3.870599"><ele>57</ele></trkpt><trkpt lat="43.632332" lon="3.870435"><ele>57</ele></trkpt><trkpt lat="43.632291" lon="3.870304"><ele>57</ele></trkpt><trkpt lat="43.632276" lon="3.870258"><ele>57</ele></trkpt><trkpt lat="43.632358" lon="3.870204"><ele>57</ele></trkpt><trkpt lat="43.63259" lon="3.870053"><ele>57</ele></trkpt></trkseg></trk></gpx>