<?xml version="1.0" encoding="UTF-8"?>
<gpx xmlns:xsi="http://www.w3.org/2001/XMLSchema-instance" xsi:schemaLocation="http://www.topografix.com/GPX/1/1 http://www.topografix.com/GPX/1/1/gpx.xsd" creator="StravaGPX" version="1.1" xmlns="http://www.topografix.com/GPX/1/1">
 <trk>
  <name>3Cs Route, Montpellier-Turim | Dia 5 Parte 2</name>
  <type>cycling</type>
  <trkseg>
   <trkpt lat="45.1385030" lon="7.1515510">
    <ele>435.1</ele>
   </trkpt>
   <trkpt lat="45.1384960" lon="7.1515910">
    <ele>435.1</ele>
   </trkpt>
   <trkpt lat="45.1384870" lon="7.1516300">
    <ele>435.1</ele>
   </trkpt>
   <trkpt lat="45.1384880" lon="7.1516770">
    <ele>435.2</ele>
   </trkpt>
   <trkpt lat="45.1384850" lon="7.1517230">
    <ele>435.2</ele>
   </trkpt>
   <trkpt lat="45.1384830" lon="7.1517310">
    <ele>435.2</ele>
   </trkpt>
   <trkpt lat="45.1384790" lon="7.1517510">
    <ele>435.2</ele>
   </trkpt>
   <trkpt lat="45.1384760" lon="7.1517610">
    <ele>435.2</ele>
   </trkpt>
   <trkpt lat="45.1384730" lon="7.1517700">
    <ele>435.2</ele>
   </trkpt>
   <trkpt lat="45.1384700" lon="7.1517800">
    <ele>435.2</ele>
   </trkpt>
   <trkpt lat="45.1384660" lon="7.1518180">
    <ele>435.2</ele>
   </trkpt>
   <trkpt lat="45.1384640" lon="7.1518340">
    <ele>435.2</ele>
   </trkpt>
   <trkpt lat="45.1384590" lon="7.1518940">
    <ele>435.1</ele>
   </trkpt>
   <trkpt lat="45.1384570" lon="7.1519160">
    <ele>435.1</ele>
   </trkpt>
   <trkpt lat="45.1384510" lon="7.1519700">
    <ele>435.1</ele>
   </trkpt>
   <trkpt lat="45.1384470" lon="7.1520220">
    <ele>435.1</ele>
   </trkpt>
   <trkpt lat="45.1384420" lon="7.1520800">
    <ele>435.0</ele>
   </trkpt>
   <trkpt lat="45.1384370" lon="7.1521400">
    <ele>435.0</ele>
   </trkpt>
   <trkpt lat="45.1384350" lon="7.1522040">
    <ele>435.0</ele>
   </trkpt>
   <trkpt lat="45.1384330" lon="7.1522640">
    <ele>434.9</ele>
   </trkpt>
   <trkpt lat="45.1384300" lon="7.1523190">
    <ele>434.9</ele>
   </trkpt>
   <trkpt lat="45.1384350" lon="7.1523720">
    <ele>434.9</ele>
   </trkpt>
   <trkpt lat="45.1384370" lon="7.1524260">
    <ele>434.8</ele>
   </trkpt>
   <trkpt lat="45.1384350" lon="7.1524770">
    <ele>434.8</ele>
   </trkpt>
   <trkpt lat="45.1384330" lon="7.1525310">
    <ele>434.8</ele>
   </trkpt>
   <trkpt lat="45.1384290" lon="7.1525880">
    <ele>434.8</ele>
   </trkpt>
   <trkpt lat="45.1384220" lon="7.1526440">
    <ele>434.7</ele>
   </trkpt>
   <trkpt lat="45.1384150" lon="7.1526990">
    <ele>434.7</ele>
   </trkpt>
   <trkpt lat="45.1384070" lon="7.1527500">
    <ele>434.7</ele>
   </trkpt>
   <trkpt lat="45.1383980" lon="7.1528020">
    <ele>434.6</ele>
   </trkpt>
   <trkpt lat="45.1383890" lon="7.1528580">
    <ele>434.6</ele>
   </trkpt>
   <trkpt lat="45.1383840" lon="7.1529110">
    <ele>434.6</ele>
   </trkpt>
   <trkpt lat="45.1383830" lon="7.1529660">
    <ele>434.6</ele>
   </trkpt>
   <trkpt lat="45.1383750" lon="7.1530210">
    <ele>434.5</ele>
   </trkpt>
   <trkpt lat="45.1383700" lon="7.1530810">
    <ele>434.5</ele>
   </trkpt>
   <trkpt lat="45.1383630" lon="7.1531360">
    <ele>434.5</ele>
   </trkpt>
   <trkpt lat="45.1383570" lon="7.1531920">
    <ele>434.5</ele>
   </trkpt>
   <trkpt lat="45.1383510" lon="7.1532450">
    <ele>434.4</ele>
   </trkpt>
   <trkpt lat="45.1383440" lon="7.1532940">
    <ele>434.4</ele>
   </trkpt>
   <trkpt lat="45.1383340" lon="7.1533410">
    <ele>434.4</ele>
   </trkpt>
   <trkpt lat="45.1383230" lon="7.1533900">
    <ele>434.4</ele>
   </trkpt>
   <trkpt lat="45.1383140" lon="7.1534310">
    <ele>434.4</ele>
   </trkpt>
   <trkpt lat="45.1383040" lon="7.1534680">
    <ele>434.4</ele>
   </trkpt>
   <trkpt lat="45.1382980" lon="7.1535060">
    <ele>434.3</ele>
   </trkpt>
   <trkpt lat="45.1382910" lon="7.1535460">
    <ele>434.3</ele>
   </trkpt>
   <trkpt lat="45.1382880" lon="7.1535870">
    <ele>434.3</ele>
   </trkpt>
   <trkpt lat="45.1382810" lon="7.1536340">
    <ele>434.3</ele>
   </trkpt>
   <trkpt lat="45.1382780" lon="7.1536470">
    <ele>434.3</ele>
   </trkpt>
   <trkpt lat="45.1382730" lon="7.1536730">
    <ele>434.3</ele>
   </trkpt>
   <trkpt lat="45.1382690" lon="7.1536960">
    <ele>434.2</ele>
   </trkpt>
   <trkpt lat="45.1382650" lon="7.1537140">
    <ele>434.2</ele>
   </trkpt>
   <trkpt lat="45.1382660" lon="7.1537260">
    <ele>434.2</ele>
   </trkpt>
   <trkpt lat="45.1382670" lon="7.1537270">
    <ele>434.2</ele>
   </trkpt>
   <trkpt lat="45.1382660" lon="7.1537260">
    <ele>434.2</ele>
   </trkpt>
   <trkpt lat="45.1382650" lon="7.1537250">
    <ele>434.2</ele>
   </trkpt>
   <trkpt lat="45.1382650" lon="7.1537240">
    <ele>434.2</ele>
   </trkpt>
   <trkpt lat="45.1382650" lon="7.1537240">
    <ele>434.2</ele>
   </trkpt>
   <trkpt lat="45.1382650" lon="7.1537240">
    <ele>434.2</ele>
   </trkpt>
   <trkpt lat="45.1382650" lon="7.1537230">
    <ele>434.2</ele>
   </trkpt>
   <trkpt lat="45.1382660" lon="7.1537230">
    <ele>434.2</ele>
   </trkpt>
   <trkpt lat="45.1382660" lon="7.1537230">
    <ele>434.2</ele>
   </trkpt>
   <trkpt lat="45.1382660" lon="7.1537230">
    <ele>434.2</ele>
   </trkpt>
   <trkpt lat="45.1382620" lon="7.1537340">
    <ele>434.2</ele>
   </trkpt>
   <trkpt lat="45.1382560" lon="7.1537440">
    <ele>434.2</ele>
   </trkpt>
   <trkpt lat="45.1382560" lon="7.1537570">
    <ele>434.2</ele>
   </trkpt>
   <trkpt lat="45.1382550" lon="7.1537780">
    <ele>434.2</ele>
   </trkpt>
   <trkpt lat="45.1382520" lon="7.1538330">
    <ele>434.2</ele>
   </trkpt>
   <trkpt lat="45.1382500" lon="7.1538520">
    <ele>434.2</ele>
   </trkpt>
   <trkpt lat="45.1382500" lon="7.1538970">
    <ele>434.1</ele>
   </trkpt>
   <trkpt lat="45.1382460" lon="7.1539420">
    <ele>434.1</ele>
   </trkpt>
   <trkpt lat="45.1382420" lon="7.1539920">
    <ele>434.1</ele>
   </trkpt>
   <trkpt lat="45.1382390" lon="7.1540390">
    <ele>434.1</ele>
   </trkpt>
   <trkpt lat="45.1382400" lon="7.1540700">
    <ele>434.1</ele>
   </trkpt>
   <trkpt lat="45.1382400" lon="7.1540860">
    <ele>434.1</ele>
   </trkpt>
   <trkpt lat="45.1382410" lon="7.1540860">
    <ele>434.1</ele>
   </trkpt>
   <trkpt lat="45.1382420" lon="7.1540850">
    <ele>434.0</ele>
   </trkpt>
   <trkpt lat="45.1382420" lon="7.1540840">
    <ele>434.0</ele>
   </trkpt>
   <trkpt lat="45.1382450" lon="7.1540810">
    <ele>434.0</ele>
   </trkpt>
   <trkpt lat="45.1382470" lon="7.1540830">
    <ele>434.0</ele>
   </trkpt>
   <trkpt lat="45.1382460" lon="7.1540980">
    <ele>434.0</ele>
   </trkpt>
   <trkpt lat="45.1382410" lon="7.1541260">
    <ele>434.0</ele>
   </trkpt>
   <trkpt lat="45.1382340" lon="7.1541730">
    <ele>434.0</ele>
   </trkpt>
   <trkpt lat="45.1382260" lon="7.1542260">
    <ele>434.0</ele>
   </trkpt>
   <trkpt lat="45.1382210" lon="7.1542740">
    <ele>434.0</ele>
   </trkpt>
   <trkpt lat="45.1382130" lon="7.1543250">
    <ele>434.0</ele>
   </trkpt>
   <trkpt lat="45.1382020" lon="7.1543780">
    <ele>434.0</ele>
   </trkpt>
   <trkpt lat="45.1381940" lon="7.1544470">
    <ele>434.0</ele>
   </trkpt>
   <trkpt lat="45.1381890" lon="7.1545190">
    <ele>433.9</ele>
   </trkpt>
   <trkpt lat="45.1381800" lon="7.1545870">
    <ele>433.9</ele>
   </trkpt>
   <trkpt lat="45.1381730" lon="7.1546550">
    <ele>433.9</ele>
   </trkpt>
   <trkpt lat="45.1381640" lon="7.1547270">
    <ele>433.8</ele>
   </trkpt>
   <trkpt lat="45.1381540" lon="7.1547980">
    <ele>433.8</ele>
   </trkpt>
   <trkpt lat="45.1381450" lon="7.1548670">
    <ele>433.8</ele>
   </trkpt>
   <trkpt lat="45.1381390" lon="7.1549360">
    <ele>433.7</ele>
   </trkpt>
   <trkpt lat="45.1381290" lon="7.1550080">
    <ele>433.7</ele>
   </trkpt>
   <trkpt lat="45.1381230" lon="7.1550860">
    <ele>433.7</ele>
   </trkpt>
   <trkpt lat="45.1381170" lon="7.1551650">
    <ele>433.6</ele>
   </trkpt>
   <trkpt lat="45.1381090" lon="7.1552440">
    <ele>433.6</ele>
   </trkpt>
   <trkpt lat="45.1381000" lon="7.1553180">
    <ele>433.6</ele>
   </trkpt>
   <trkpt lat="45.1380940" lon="7.1553970">
    <ele>433.6</ele>
   </trkpt>
   <trkpt lat="45.1380850" lon="7.1554780">
    <ele>433.6</ele>
   </trkpt>
   <trkpt lat="45.1380790" lon="7.1555630">
    <ele>433.5</ele>
   </trkpt>
   <trkpt lat="45.1380780" lon="7.1556420">
    <ele>433.5</ele>
   </trkpt>
   <trkpt lat="45.1380740" lon="7.1557260">
    <ele>433.5</ele>
   </trkpt>
   <trkpt lat="45.1380680" lon="7.1558020">
    <ele>433.5</ele>
   </trkpt>
   <trkpt lat="45.1380570" lon="7.1558760">
    <ele>433.5</ele>
   </trkpt>
   <trkpt lat="45.1380520" lon="7.1559450">
    <ele>433.5</ele>
   </trkpt>
   <trkpt lat="45.1380450" lon="7.1560030">
    <ele>433.5</ele>
   </trkpt>
   <trkpt lat="45.1380420" lon="7.1560550">
    <ele>433.5</ele>
   </trkpt>
   <trkpt lat="45.1380420" lon="7.1561060">
    <ele>433.5</ele>
   </trkpt>
   <trkpt lat="45.1380420" lon="7.1561400">
    <ele>433.5</ele>
   </trkpt>
   <trkpt lat="45.1380430" lon="7.1561850">
    <ele>433.5</ele>
   </trkpt>
   <trkpt lat="45.1380480" lon="7.1562270">
    <ele>433.5</ele>
   </trkpt>
   <trkpt lat="45.1380710" lon="7.1562660">
    <ele>433.5</ele>
   </trkpt>
   <trkpt lat="45.1380810" lon="7.1562700">
    <ele>433.5</ele>
   </trkpt>
   <trkpt lat="45.1380990" lon="7.1562570">
    <ele>433.5</ele>
   </trkpt>
   <trkpt lat="45.1380990" lon="7.1562450">
    <ele>433.5</ele>
   </trkpt>
   <trkpt lat="45.1380990" lon="7.1562340">
    <ele>433.5</ele>
   </trkpt>
   <trkpt lat="45.1381010" lon="7.1562180">
    <ele>433.5</ele>
   </trkpt>
   <trkpt lat="45.1381020" lon="7.1562040">
    <ele>433.5</ele>
   </trkpt>
   <trkpt lat="45.1381020" lon="7.1561870">
    <ele>433.5</ele>
   </trkpt>
   <trkpt lat="45.1381010" lon="7.1561760">
    <ele>433.5</ele>
   </trkpt>
   <trkpt lat="45.1381030" lon="7.1561730">
    <ele>433.5</ele>
   </trkpt>
   <trkpt lat="45.1381050" lon="7.1561710">
    <ele>433.5</ele>
   </trkpt>
   <trkpt lat="45.1381070" lon="7.1561690">
    <ele>433.5</ele>
   </trkpt>
   <trkpt lat="45.1381090" lon="7.1561670">
    <ele>433.5</ele>
   </trkpt>
   <trkpt lat="45.1381110" lon="7.1561640">
    <ele>433.5</ele>
   </trkpt>
   <trkpt lat="45.1381130" lon="7.1561620">
    <ele>433.5</ele>
   </trkpt>
   <trkpt lat="45.1381140" lon="7.1561600">
    <ele>433.5</ele>
   </trkpt>
   <trkpt lat="45.1381160" lon="7.1561570">
    <ele>433.5</ele>
   </trkpt>
   <trkpt lat="45.1381180" lon="7.1561550">
    <ele>433.5</ele>
   </trkpt>
   <trkpt lat="45.1381200" lon="7.1561530">
    <ele>433.5</ele>
   </trkpt>
   <trkpt lat="45.1381220" lon="7.1561510">
    <ele>433.5</ele>
   </trkpt>
   <trkpt lat="45.1381240" lon="7.1561480">
    <ele>433.5</ele>
   </trkpt>
   <trkpt lat="45.1381260" lon="7.1561460">
    <ele>433.5</ele>
   </trkpt>
   <trkpt lat="45.1381540" lon="7.1561370">
    <ele>433.5</ele>
   </trkpt>
   <trkpt lat="45.1381620" lon="7.1561330">
    <ele>433.5</ele>
   </trkpt>
   <trkpt lat="45.1381590" lon="7.1561350">
    <ele>433.5</ele>
   </trkpt>
   <trkpt lat="45.1381450" lon="7.1561430">
    <ele>433.5</ele>
   </trkpt>
   <trkpt lat="45.1381290" lon="7.1561520">
    <ele>433.5</ele>
   </trkpt>
   <trkpt lat="45.1381240" lon="7.1561540">
    <ele>433.5</ele>
   </trkpt>
   <trkpt lat="45.1381110" lon="7.1561570">
    <ele>433.5</ele>
   </trkpt>
   <trkpt lat="45.1380970" lon="7.1561520">
    <ele>433.5</ele>
   </trkpt>
   <trkpt lat="45.1380860" lon="7.1561420">
    <ele>433.5</ele>
   </trkpt>
   <trkpt lat="45.1380800" lon="7.1561350">
    <ele>433.5</ele>
   </trkpt>
   <trkpt lat="45.1380780" lon="7.1561280">
    <ele>433.5</ele>
   </trkpt>
   <trkpt lat="45.1380780" lon="7.1561220">
    <ele>433.5</ele>
   </trkpt>
   <trkpt lat="45.1380820" lon="7.1561210">
    <ele>433.5</ele>
   </trkpt>
   <trkpt lat="45.1380870" lon="7.1561210">
    <ele>433.5</ele>
   </trkpt>
   <trkpt lat="45.1380920" lon="7.1561230">
    <ele>433.5</ele>
   </trkpt>
   <trkpt lat="45.1380980" lon="7.1561320">
    <ele>433.5</ele>
   </trkpt>
   <trkpt lat="45.1381030" lon="7.1561340">
    <ele>433.5</ele>
   </trkpt>
   <trkpt lat="45.1381070" lon="7.1561330">
    <ele>433.5</ele>
   </trkpt>
   <trkpt lat="45.1381120" lon="7.1561280">
    <ele>433.5</ele>
   </trkpt>
   <trkpt lat="45.1381130" lon="7.1561280">
    <ele>433.5</ele>
   </trkpt>
   <trkpt lat="45.1381130" lon="7.1561270">
    <ele>433.5</ele>
   </trkpt>
   <trkpt lat="45.1381130" lon="7.1561260">
    <ele>433.5</ele>
   </trkpt>
   <trkpt lat="45.1381130" lon="7.1561260">
    <ele>433.5</ele>
   </trkpt>
   <trkpt lat="45.1381140" lon="7.1561250">
    <ele>433.5</ele>
   </trkpt>
   <trkpt lat="45.1381140" lon="7.1561250">
    <ele>433.5</ele>
   </trkpt>
   <trkpt lat="45.1381140" lon="7.1561240">
    <ele>433.5</ele>
   </trkpt>
   <trkpt lat="45.1381150" lon="7.1561230">
    <ele>433.5</ele>
   </trkpt>
   <trkpt lat="45.1381150" lon="7.1561230">
    <ele>433.5</ele>
   </trkpt>
   <trkpt lat="45.1381150" lon="7.1561220">
    <ele>433.5</ele>
   </trkpt>
   <trkpt lat="45.1381150" lon="7.1561210">
    <ele>433.5</ele>
   </trkpt>
   <trkpt lat="45.1381160" lon="7.1561210">
    <ele>433.5</ele>
   </trkpt>
   <trkpt lat="45.1381160" lon="7.1561200">
    <ele>433.5</ele>
   </trkpt>
   <trkpt lat="45.1381160" lon="7.1561190">
    <ele>433.5</ele>
   </trkpt>
   <trkpt lat="45.1381170" lon="7.1561190">
    <ele>433.5</ele>
   </trkpt>
   <trkpt lat="45.1381170" lon="7.1561180">
    <ele>433.5</ele>
   </trkpt>
   <trkpt lat="45.1381170" lon="7.1561180">
    <ele>433.5</ele>
   </trkpt>
   <trkpt lat="45.1381170" lon="7.1561170">
    <ele>433.5</ele>
   </trkpt>
   <trkpt lat="45.1381180" lon="7.1561160">
    <ele>433.5</ele>
   </trkpt>
   <trkpt lat="45.1381180" lon="7.1561160">
    <ele>433.5</ele>
   </trkpt>
   <trkpt lat="45.1381180" lon="7.1561150">
    <ele>433.5</ele>
   </trkpt>
   <trkpt lat="45.1381180" lon="7.1561140">
    <ele>433.5</ele>
   </trkpt>
   <trkpt lat="45.1381190" lon="7.1561140">
    <ele>433.5</ele>
   </trkpt>
   <trkpt lat="45.1381190" lon="7.1561130">
    <ele>433.5</ele>
   </trkpt>
   <trkpt lat="45.1381190" lon="7.1561130">
    <ele>433.5</ele>
   </trkpt>
   <trkpt lat="45.1381200" lon="7.1561120">
    <ele>433.5</ele>
   </trkpt>
   <trkpt lat="45.1381200" lon="7.1561110">
    <ele>433.5</ele>
   </trkpt>
   <trkpt lat="45.1381200" lon="7.1561110">
    <ele>433.5</ele>
   </trkpt>
   <trkpt lat="45.1381200" lon="7.1561100">
    <ele>433.5</ele>
   </trkpt>
   <trkpt lat="45.1381210" lon="7.1561090">
    <ele>433.5</ele>
   </trkpt>
   <trkpt lat="45.1381210" lon="7.1561090">
    <ele>433.5</ele>
   </trkpt>
   <trkpt lat="45.1381210" lon="7.1561080">
    <ele>433.5</ele>
   </trkpt>
   <trkpt lat="45.1381220" lon="7.1561070">
    <ele>433.5</ele>
   </trkpt>
   <trkpt lat="45.1381220" lon="7.1561070">
    <ele>433.5</ele>
   </trkpt>
   <trkpt lat="45.1381220" lon="7.1561060">
    <ele>433.5</ele>
   </trkpt>
   <trkpt lat="45.1381220" lon="7.1561060">
    <ele>433.5</ele>
   </trkpt>
   <trkpt lat="45.1381230" lon="7.1561050">
    <ele>433.5</ele>
   </trkpt>
   <trkpt lat="45.1381230" lon="7.1561040">
    <ele>433.5</ele>
   </trkpt>
   <trkpt lat="45.1381230" lon="7.1561040">
    <ele>433.5</ele>
   </trkpt>
   <trkpt lat="45.1381240" lon="7.1561030">
    <ele>433.5</ele>
   </trkpt>
   <trkpt lat="45.1381240" lon="7.1561020">
    <ele>433.5</ele>
   </trkpt>
   <trkpt lat="45.1381240" lon="7.1561020">
    <ele>433.5</ele>
   </trkpt>
   <trkpt lat="45.1381240" lon="7.1561010">
    <ele>433.5</ele>
   </trkpt>
   <trkpt lat="45.1381250" lon="7.1561000">
    <ele>433.5</ele>
   </trkpt>
   <trkpt lat="45.1381250" lon="7.1561000">
    <ele>433.5</ele>
   </trkpt>
   <trkpt lat="45.1381250" lon="7.1560990">
    <ele>433.5</ele>
   </trkpt>
   <trkpt lat="45.1381260" lon="7.1560990">
    <ele>433.5</ele>
   </trkpt>
   <trkpt lat="45.1381260" lon="7.1560980">
    <ele>433.5</ele>
   </trkpt>
   <trkpt lat="45.1381260" lon="7.1560970">
    <ele>433.5</ele>
   </trkpt>
   <trkpt lat="45.1381260" lon="7.1560970">
    <ele>433.5</ele>
   </trkpt>
   <trkpt lat="45.1381270" lon="7.1560960">
    <ele>433.5</ele>
   </trkpt>
   <trkpt lat="45.1381270" lon="7.1560950">
    <ele>433.5</ele>
   </trkpt>
   <trkpt lat="45.1381270" lon="7.1560950">
    <ele>433.5</ele>
   </trkpt>
   <trkpt lat="45.1381270" lon="7.1560940">
    <ele>433.5</ele>
   </trkpt>
   <trkpt lat="45.1381280" lon="7.1560940">
    <ele>433.5</ele>
   </trkpt>
   <trkpt lat="45.1381280" lon="7.1560930">
    <ele>433.5</ele>
   </trkpt>
   <trkpt lat="45.1381280" lon="7.1560920">
    <ele>433.5</ele>
   </trkpt>
   <trkpt lat="45.1381290" lon="7.1560920">
    <ele>433.5</ele>
   </trkpt>
   <trkpt lat="45.1381290" lon="7.1560910">
    <ele>433.5</ele>
   </trkpt>
   <trkpt lat="45.1381290" lon="7.1560900">
    <ele>433.5</ele>
   </trkpt>
   <trkpt lat="45.1381290" lon="7.1560900">
    <ele>433.5</ele>
   </trkpt>
   <trkpt lat="45.1381300" lon="7.1560890">
    <ele>433.5</ele>
   </trkpt>
   <trkpt lat="45.1381300" lon="7.1560880">
    <ele>433.5</ele>
   </trkpt>
   <trkpt lat="45.1381300" lon="7.1560880">
    <ele>433.5</ele>
   </trkpt>
   <trkpt lat="45.1381310" lon="7.1560870">
    <ele>433.5</ele>
   </trkpt>
   <trkpt lat="45.1381310" lon="7.1560870">
    <ele>433.5</ele>
   </trkpt>
   <trkpt lat="45.1381310" lon="7.1560860">
    <ele>433.5</ele>
   </trkpt>
   <trkpt lat="45.1381310" lon="7.1560850">
    <ele>433.5</ele>
   </trkpt>
   <trkpt lat="45.1381320" lon="7.1560850">
    <ele>433.5</ele>
   </trkpt>
   <trkpt lat="45.1381320" lon="7.1560840">
    <ele>433.5</ele>
   </trkpt>
   <trkpt lat="45.1381550" lon="7.1561000">
    <ele>433.5</ele>
   </trkpt>
   <trkpt lat="45.1381680" lon="7.1561050">
    <ele>433.5</ele>
   </trkpt>
   <trkpt lat="45.1381900" lon="7.1561080">
    <ele>433.5</ele>
   </trkpt>
   <trkpt lat="45.1381910" lon="7.1561090">
    <ele>433.5</ele>
   </trkpt>
   <trkpt lat="45.1381920" lon="7.1561090">
    <ele>433.5</ele>
   </trkpt>
   <trkpt lat="45.1381930" lon="7.1561090">
    <ele>433.5</ele>
   </trkpt>
   <trkpt lat="45.1381940" lon="7.1561090">
    <ele>433.5</ele>
   </trkpt>
   <trkpt lat="45.1381940" lon="7.1561100">
    <ele>433.5</ele>
   </trkpt>
   <trkpt lat="45.1381950" lon="7.1561100">
    <ele>433.5</ele>
   </trkpt>
   <trkpt lat="45.1381960" lon="7.1561100">
    <ele>433.5</ele>
   </trkpt>
   <trkpt lat="45.1381970" lon="7.1561100">
    <ele>433.5</ele>
   </trkpt>
   <trkpt lat="45.1381980" lon="7.1561110">
    <ele>433.5</ele>
   </trkpt>
   <trkpt lat="45.1381990" lon="7.1561110">
    <ele>433.5</ele>
   </trkpt>
   <trkpt lat="45.1382000" lon="7.1561110">
    <ele>433.5</ele>
   </trkpt>
   <trkpt lat="45.1382010" lon="7.1561120">
    <ele>433.5</ele>
   </trkpt>
   <trkpt lat="45.1382020" lon="7.1561120">
    <ele>433.5</ele>
   </trkpt>
   <trkpt lat="45.1382030" lon="7.1561120">
    <ele>433.5</ele>
   </trkpt>
   <trkpt lat="45.1382040" lon="7.1561120">
    <ele>433.5</ele>
   </trkpt>
   <trkpt lat="45.1382050" lon="7.1561130">
    <ele>433.5</ele>
   </trkpt>
   <trkpt lat="45.1382050" lon="7.1561130">
    <ele>433.5</ele>
   </trkpt>
   <trkpt lat="45.1382060" lon="7.1561130">
    <ele>433.5</ele>
   </trkpt>
   <trkpt lat="45.1382070" lon="7.1561130">
    <ele>433.5</ele>
   </trkpt>
   <trkpt lat="45.1382080" lon="7.1561140">
    <ele>433.5</ele>
   </trkpt>
   <trkpt lat="45.1382090" lon="7.1561140">
    <ele>433.5</ele>
   </trkpt>
   <trkpt lat="45.1382100" lon="7.1561140">
    <ele>433.5</ele>
   </trkpt>
   <trkpt lat="45.1382110" lon="7.1561150">
    <ele>433.5</ele>
   </trkpt>
   <trkpt lat="45.1382120" lon="7.1561150">
    <ele>433.5</ele>
   </trkpt>
   <trkpt lat="45.1382130" lon="7.1561150">
    <ele>433.5</ele>
   </trkpt>
   <trkpt lat="45.1382140" lon="7.1561150">
    <ele>433.5</ele>
   </trkpt>
   <trkpt lat="45.1382150" lon="7.1561160">
    <ele>433.5</ele>
   </trkpt>
   <trkpt lat="45.1382160" lon="7.1561160">
    <ele>433.5</ele>
   </trkpt>
   <trkpt lat="45.1382160" lon="7.1561160">
    <ele>433.5</ele>
   </trkpt>
   <trkpt lat="45.1382170" lon="7.1561160">
    <ele>433.5</ele>
   </trkpt>
   <trkpt lat="45.1382180" lon="7.1561170">
    <ele>433.5</ele>
   </trkpt>
   <trkpt lat="45.1382190" lon="7.1561170">
    <ele>433.5</ele>
   </trkpt>
   <trkpt lat="45.1382200" lon="7.1561170">
    <ele>433.5</ele>
   </trkpt>
   <trkpt lat="45.1382210" lon="7.1561170">
    <ele>433.5</ele>
   </trkpt>
   <trkpt lat="45.1382220" lon="7.1561180">
    <ele>433.5</ele>
   </trkpt>
   <trkpt lat="45.1382230" lon="7.1561180">
    <ele>433.5</ele>
   </trkpt>
   <trkpt lat="45.1382240" lon="7.1561180">
    <ele>433.5</ele>
   </trkpt>
   <trkpt lat="45.1382250" lon="7.1561190">
    <ele>433.5</ele>
   </trkpt>
   <trkpt lat="45.1382260" lon="7.1561190">
    <ele>433.5</ele>
   </trkpt>
   <trkpt lat="45.1382260" lon="7.1561190">
    <ele>433.5</ele>
   </trkpt>
   <trkpt lat="45.1382270" lon="7.1561190">
    <ele>433.5</ele>
   </trkpt>
   <trkpt lat="45.1382280" lon="7.1561200">
    <ele>433.5</ele>
   </trkpt>
   <trkpt lat="45.1382290" lon="7.1561200">
    <ele>433.5</ele>
   </trkpt>
   <trkpt lat="45.1382300" lon="7.1561200">
    <ele>433.5</ele>
   </trkpt>
   <trkpt lat="45.1382310" lon="7.1561200">
    <ele>433.5</ele>
   </trkpt>
   <trkpt lat="45.1382320" lon="7.1561210">
    <ele>433.5</ele>
   </trkpt>
   <trkpt lat="45.1382330" lon="7.1561210">
    <ele>433.5</ele>
   </trkpt>
   <trkpt lat="45.1382340" lon="7.1561210">
    <ele>433.5</ele>
   </trkpt>
   <trkpt lat="45.1382350" lon="7.1561220">
    <ele>433.5</ele>
   </trkpt>
   <trkpt lat="45.1382360" lon="7.1561220">
    <ele>433.5</ele>
   </trkpt>
   <trkpt lat="45.1382370" lon="7.1561220">
    <ele>433.5</ele>
   </trkpt>
   <trkpt lat="45.1382370" lon="7.1561220">
    <ele>433.5</ele>
   </trkpt>
   <trkpt lat="45.1382380" lon="7.1561230">
    <ele>433.5</ele>
   </trkpt>
   <trkpt lat="45.1382390" lon="7.1561230">
    <ele>433.5</ele>
   </trkpt>
   <trkpt lat="45.1382400" lon="7.1561230">
    <ele>433.5</ele>
   </trkpt>
   <trkpt lat="45.1382410" lon="7.1561230">
    <ele>433.5</ele>
   </trkpt>
   <trkpt lat="45.1382420" lon="7.1561240">
    <ele>433.5</ele>
   </trkpt>
   <trkpt lat="45.1382430" lon="7.1561240">
    <ele>433.5</ele>
   </trkpt>
   <trkpt lat="45.1382440" lon="7.1561240">
    <ele>433.5</ele>
   </trkpt>
   <trkpt lat="45.1382450" lon="7.1561250">
    <ele>433.5</ele>
   </trkpt>
   <trkpt lat="45.1382460" lon="7.1561250">
    <ele>433.5</ele>
   </trkpt>
   <trkpt lat="45.1382470" lon="7.1561250">
    <ele>433.5</ele>
   </trkpt>
   <trkpt lat="45.1382480" lon="7.1561250">
    <ele>433.5</ele>
   </trkpt>
   <trkpt lat="45.1382480" lon="7.1561260">
    <ele>433.5</ele>
   </trkpt>
   <trkpt lat="45.1382490" lon="7.1561260">
    <ele>433.5</ele>
   </trkpt>
   <trkpt lat="45.1382500" lon="7.1561260">
    <ele>433.5</ele>
   </trkpt>
   <trkpt lat="45.1382510" lon="7.1561260">
    <ele>433.5</ele>
   </trkpt>
   <trkpt lat="45.1382520" lon="7.1561270">
    <ele>433.5</ele>
   </trkpt>
   <trkpt lat="45.1382530" lon="7.1561270">
    <ele>433.5</ele>
   </trkpt>
   <trkpt lat="45.1382750" lon="7.1561140">
    <ele>433.5</ele>
   </trkpt>
   <trkpt lat="45.1382840" lon="7.1561080">
    <ele>433.5</ele>
   </trkpt>
   <trkpt lat="45.1382940" lon="7.1561030">
    <ele>433.5</ele>
   </trkpt>
   <trkpt lat="45.1382980" lon="7.1560980">
    <ele>433.5</ele>
   </trkpt>
   <trkpt lat="45.1383030" lon="7.1560880">
    <ele>433.5</ele>
   </trkpt>
   <trkpt lat="45.1382990" lon="7.1560840">
    <ele>433.5</ele>
   </trkpt>
   <trkpt lat="45.1382960" lon="7.1560790">
    <ele>433.5</ele>
   </trkpt>
   <trkpt lat="45.1382950" lon="7.1560750">
    <ele>433.5</ele>
   </trkpt>
   <trkpt lat="45.1382910" lon="7.1560660">
    <ele>433.5</ele>
   </trkpt>
   <trkpt lat="45.1382950" lon="7.1560600">
    <ele>433.5</ele>
   </trkpt>
   <trkpt lat="45.1383010" lon="7.1560550">
    <ele>433.5</ele>
   </trkpt>
   <trkpt lat="45.1383040" lon="7.1560590">
    <ele>433.5</ele>
   </trkpt>
   <trkpt lat="45.1382990" lon="7.1560630">
    <ele>433.5</ele>
   </trkpt>
   <trkpt lat="45.1382970" lon="7.1560640">
    <ele>433.5</ele>
   </trkpt>
   <trkpt lat="45.1382970" lon="7.1560640">
    <ele>433.5</ele>
   </trkpt>
   <trkpt lat="45.1382970" lon="7.1560640">
    <ele>433.5</ele>
   </trkpt>
   <trkpt lat="45.1382970" lon="7.1560640">
    <ele>433.5</ele>
   </trkpt>
   <trkpt lat="45.1382970" lon="7.1560640">
    <ele>433.5</ele>
   </trkpt>
   <trkpt lat="45.1382970" lon="7.1560640">
    <ele>433.5</ele>
   </trkpt>
   <trkpt lat="45.1382970" lon="7.1560640">
    <ele>433.5</ele>
   </trkpt>
   <trkpt lat="45.1382970" lon="7.1560640">
    <ele>433.5</ele>
   </trkpt>
   <trkpt lat="45.1382600" lon="7.1560660">
    <ele>433.5</ele>
   </trkpt>
   <trkpt lat="45.1382530" lon="7.1560710">
    <ele>433.5</ele>
   </trkpt>
   <trkpt lat="45.1382400" lon="7.1560740">
    <ele>433.5</ele>
   </trkpt>
   <trkpt lat="45.1382370" lon="7.1560740">
    <ele>433.5</ele>
   </trkpt>
   <trkpt lat="45.1382370" lon="7.1560750">
    <ele>433.5</ele>
   </trkpt>
   <trkpt lat="45.1382360" lon="7.1560750">
    <ele>433.5</ele>
   </trkpt>
   <trkpt lat="45.1382360" lon="7.1560750">
    <ele>433.5</ele>
   </trkpt>
   <trkpt lat="45.1382360" lon="7.1560750">
    <ele>433.5</ele>
   </trkpt>
   <trkpt lat="45.1382360" lon="7.1560750">
    <ele>433.5</ele>
   </trkpt>
   <trkpt lat="45.1382250" lon="7.1560640">
    <ele>433.5</ele>
   </trkpt>
   <trkpt lat="45.1382230" lon="7.1560630">
    <ele>433.5</ele>
   </trkpt>
   <trkpt lat="45.1382250" lon="7.1560590">
    <ele>433.5</ele>
   </trkpt>
   <trkpt lat="45.1382300" lon="7.1560620">
    <ele>433.5</ele>
   </trkpt>
   <trkpt lat="45.1382310" lon="7.1560630">
    <ele>433.5</ele>
   </trkpt>
   <trkpt lat="45.1382310" lon="7.1560630">
    <ele>433.5</ele>
   </trkpt>
   <trkpt lat="45.1382340" lon="7.1560700">
    <ele>433.5</ele>
   </trkpt>
   <trkpt lat="45.1382350" lon="7.1560710">
    <ele>433.5</ele>
   </trkpt>
   <trkpt lat="45.1382340" lon="7.1560710">
    <ele>433.5</ele>
   </trkpt>
   <trkpt lat="45.1382340" lon="7.1560710">
    <ele>433.5</ele>
   </trkpt>
   <trkpt lat="45.1382340" lon="7.1560710">
    <ele>433.5</ele>
   </trkpt>
   <trkpt lat="45.1382340" lon="7.1560710">
    <ele>433.5</ele>
   </trkpt>
   <trkpt lat="45.1382280" lon="7.1560770">
    <ele>433.5</ele>
   </trkpt>
   <trkpt lat="45.1382310" lon="7.1560800">
    <ele>433.5</ele>
   </trkpt>
   <trkpt lat="45.1382330" lon="7.1560820">
    <ele>433.5</ele>
   </trkpt>
   <trkpt lat="45.1382330" lon="7.1560860">
    <ele>433.5</ele>
   </trkpt>
   <trkpt lat="45.1382330" lon="7.1560870">
    <ele>433.5</ele>
   </trkpt>
   <trkpt lat="45.1382530" lon="7.1560800">
    <ele>433.5</ele>
   </trkpt>
   <trkpt lat="45.1382510" lon="7.1560780">
    <ele>433.5</ele>
   </trkpt>
   <trkpt lat="45.1382470" lon="7.1560840">
    <ele>433.5</ele>
   </trkpt>
   <trkpt lat="45.1382440" lon="7.1560880">
    <ele>433.5</ele>
   </trkpt>
   <trkpt lat="45.1382430" lon="7.1560880">
    <ele>433.5</ele>
   </trkpt>
   <trkpt lat="45.1382430" lon="7.1560880">
    <ele>433.5</ele>
   </trkpt>
   <trkpt lat="45.1382430" lon="7.1560880">
    <ele>433.5</ele>
   </trkpt>
   <trkpt lat="45.1382430" lon="7.1560880">
    <ele>433.5</ele>
   </trkpt>
   <trkpt lat="45.1382430" lon="7.1560880">
    <ele>433.5</ele>
   </trkpt>
   <trkpt lat="45.1382430" lon="7.1560880">
    <ele>433.5</ele>
   </trkpt>
   <trkpt lat="45.1382450" lon="7.1560760">
    <ele>433.5</ele>
   </trkpt>
   <trkpt lat="45.1382400" lon="7.1560770">
    <ele>433.5</ele>
   </trkpt>
   <trkpt lat="45.1382070" lon="7.1561080">
    <ele>433.5</ele>
   </trkpt>
   <trkpt lat="45.1382080" lon="7.1561060">
    <ele>433.5</ele>
   </trkpt>
   <trkpt lat="45.1382170" lon="7.1561010">
    <ele>433.5</ele>
   </trkpt>
   <trkpt lat="45.1382300" lon="7.1561030">
    <ele>433.5</ele>
   </trkpt>
   <trkpt lat="45.1382250" lon="7.1561100">
    <ele>433.5</ele>
   </trkpt>
   <trkpt lat="45.1382230" lon="7.1561120">
    <ele>433.5</ele>
   </trkpt>
   <trkpt lat="45.1382230" lon="7.1561120">
    <ele>433.5</ele>
   </trkpt>
   <trkpt lat="45.1382220" lon="7.1561130">
    <ele>433.5</ele>
   </trkpt>
   <trkpt lat="45.1382220" lon="7.1561130">
    <ele>433.5</ele>
   </trkpt>
   <trkpt lat="45.1382220" lon="7.1561130">
    <ele>433.5</ele>
   </trkpt>
   <trkpt lat="45.1382220" lon="7.1561130">
    <ele>433.5</ele>
   </trkpt>
   <trkpt lat="45.1382220" lon="7.1561130">
    <ele>433.5</ele>
   </trkpt>
   <trkpt lat="45.1382220" lon="7.1561130">
    <ele>433.5</ele>
   </trkpt>
   <trkpt lat="45.1382220" lon="7.1561130">
    <ele>433.5</ele>
   </trkpt>
   <trkpt lat="45.1381740" lon="7.1561130">
    <ele>433.5</ele>
   </trkpt>
   <trkpt lat="45.1381650" lon="7.1561180">
    <ele>433.5</ele>
   </trkpt>
   <trkpt lat="45.1381650" lon="7.1561180">
    <ele>433.5</ele>
   </trkpt>
   <trkpt lat="45.1381530" lon="7.1561310">
    <ele>433.5</ele>
   </trkpt>
   <trkpt lat="45.1381480" lon="7.1561460">
    <ele>433.5</ele>
   </trkpt>
   <trkpt lat="45.1381440" lon="7.1561640">
    <ele>433.5</ele>
   </trkpt>
   <trkpt lat="45.1381380" lon="7.1561760">
    <ele>433.5</ele>
   </trkpt>
   <trkpt lat="45.1381320" lon="7.1561900">
    <ele>433.5</ele>
   </trkpt>
   <trkpt lat="45.1381300" lon="7.1562010">
    <ele>433.5</ele>
   </trkpt>
   <trkpt lat="45.1381320" lon="7.1561940">
    <ele>433.5</ele>
   </trkpt>
   <trkpt lat="45.1381320" lon="7.1561930">
    <ele>433.5</ele>
   </trkpt>
   <trkpt lat="45.1381320" lon="7.1561930">
    <ele>433.5</ele>
   </trkpt>
   <trkpt lat="45.1381320" lon="7.1561930">
    <ele>433.5</ele>
   </trkpt>
   <trkpt lat="45.1381320" lon="7.1561930">
    <ele>433.5</ele>
   </trkpt>
   <trkpt lat="45.1381290" lon="7.1561850">
    <ele>433.5</ele>
   </trkpt>
   <trkpt lat="45.1381300" lon="7.1561870">
    <ele>433.5</ele>
   </trkpt>
   <trkpt lat="45.1381310" lon="7.1561870">
    <ele>433.5</ele>
   </trkpt>
   <trkpt lat="45.1381310" lon="7.1561870">
    <ele>433.5</ele>
   </trkpt>
   <trkpt lat="45.1381320" lon="7.1561880">
    <ele>433.5</ele>
   </trkpt>
   <trkpt lat="45.1381320" lon="7.1561880">
    <ele>433.5</ele>
   </trkpt>
   <trkpt lat="45.1381320" lon="7.1561880">
    <ele>433.5</ele>
   </trkpt>
   <trkpt lat="45.1381320" lon="7.1561880">
    <ele>433.5</ele>
   </trkpt>
   <trkpt lat="45.1381320" lon="7.1561880">
    <ele>433.5</ele>
   </trkpt>
   <trkpt lat="45.1381320" lon="7.1561880">
    <ele>433.5</ele>
   </trkpt>
   <trkpt lat="45.1381320" lon="7.1561880">
    <ele>433.5</ele>
   </trkpt>
   <trkpt lat="45.1380960" lon="7.1561830">
    <ele>433.5</ele>
   </trkpt>
   <trkpt lat="45.1380640" lon="7.1562000">
    <ele>433.5</ele>
   </trkpt>
   <trkpt lat="45.1380650" lon="7.1561770">
    <ele>433.5</ele>
   </trkpt>
   <trkpt lat="45.1380810" lon="7.1561700">
    <ele>433.5</ele>
   </trkpt>
   <trkpt lat="45.1380980" lon="7.1561870">
    <ele>433.5</ele>
   </trkpt>
   <trkpt lat="45.1381010" lon="7.1561870">
    <ele>433.5</ele>
   </trkpt>
   <trkpt lat="45.1381060" lon="7.1561900">
    <ele>433.5</ele>
   </trkpt>
   <trkpt lat="45.1381070" lon="7.1561910">
    <ele>433.5</ele>
   </trkpt>
   <trkpt lat="45.1381080" lon="7.1561910">
    <ele>433.5</ele>
   </trkpt>
   <trkpt lat="45.1381080" lon="7.1561910">
    <ele>433.5</ele>
   </trkpt>
   <trkpt lat="45.1381080" lon="7.1561920">
    <ele>433.5</ele>
   </trkpt>
   <trkpt lat="45.1381080" lon="7.1561920">
    <ele>433.5</ele>
   </trkpt>
   <trkpt lat="45.1381080" lon="7.1561920">
    <ele>433.5</ele>
   </trkpt>
   <trkpt lat="45.1380640" lon="7.1562300">
    <ele>433.5</ele>
   </trkpt>
   <trkpt lat="45.1380600" lon="7.1562460">
    <ele>433.5</ele>
   </trkpt>
   <trkpt lat="45.1380520" lon="7.1562710">
    <ele>433.5</ele>
   </trkpt>
   <trkpt lat="45.1380430" lon="7.1562920">
    <ele>433.5</ele>
   </trkpt>
   <trkpt lat="45.1380360" lon="7.1563100">
    <ele>433.5</ele>
   </trkpt>
   <trkpt lat="45.1380230" lon="7.1563390">
    <ele>433.5</ele>
   </trkpt>
   <trkpt lat="45.1380150" lon="7.1563560">
    <ele>433.5</ele>
   </trkpt>
   <trkpt lat="45.1380070" lon="7.1563740">
    <ele>433.5</ele>
   </trkpt>
   <trkpt lat="45.1379970" lon="7.1564140">
    <ele>433.5</ele>
   </trkpt>
   <trkpt lat="45.1379880" lon="7.1564550">
    <ele>433.5</ele>
   </trkpt>
   <trkpt lat="45.1379770" lon="7.1565010">
    <ele>433.5</ele>
   </trkpt>
   <trkpt lat="45.1379630" lon="7.1565560">
    <ele>433.5</ele>
   </trkpt>
   <trkpt lat="45.1379480" lon="7.1566270">
    <ele>433.5</ele>
   </trkpt>
   <trkpt lat="45.1379370" lon="7.1566920">
    <ele>433.5</ele>
   </trkpt>
   <trkpt lat="45.1379320" lon="7.1567660">
    <ele>433.5</ele>
   </trkpt>
   <trkpt lat="45.1379290" lon="7.1568320">
    <ele>433.6</ele>
   </trkpt>
   <trkpt lat="45.1379190" lon="7.1569040">
    <ele>433.6</ele>
   </trkpt>
   <trkpt lat="45.1379100" lon="7.1569670">
    <ele>433.6</ele>
   </trkpt>
   <trkpt lat="45.1378940" lon="7.1570270">
    <ele>433.6</ele>
   </trkpt>
   <trkpt lat="45.1378870" lon="7.1570910">
    <ele>433.7</ele>
   </trkpt>
   <trkpt lat="45.1378830" lon="7.1571430">
    <ele>433.7</ele>
   </trkpt>
   <trkpt lat="45.1378700" lon="7.1571960">
    <ele>433.7</ele>
   </trkpt>
   <trkpt lat="45.1378680" lon="7.1572600">
    <ele>433.7</ele>
   </trkpt>
   <trkpt lat="45.1378550" lon="7.1573190">
    <ele>433.7</ele>
   </trkpt>
   <trkpt lat="45.1378420" lon="7.1573860">
    <ele>433.8</ele>
   </trkpt>
   <trkpt lat="45.1378460" lon="7.1574360">
    <ele>433.8</ele>
   </trkpt>
   <trkpt lat="45.1378420" lon="7.1574820">
    <ele>433.8</ele>
   </trkpt>
   <trkpt lat="45.1378430" lon="7.1575400">
    <ele>433.8</ele>
   </trkpt>
   <trkpt lat="45.1378370" lon="7.1576020">
    <ele>433.9</ele>
   </trkpt>
   <trkpt lat="45.1378340" lon="7.1576590">
    <ele>433.9</ele>
   </trkpt>
   <trkpt lat="45.1378280" lon="7.1577160">
    <ele>433.9</ele>
   </trkpt>
   <trkpt lat="45.1378210" lon="7.1577750">
    <ele>433.9</ele>
   </trkpt>
   <trkpt lat="45.1378100" lon="7.1578370">
    <ele>434.0</ele>
   </trkpt>
   <trkpt lat="45.1378010" lon="7.1579020">
    <ele>434.0</ele>
   </trkpt>
   <trkpt lat="45.1377980" lon="7.1579780">
    <ele>434.0</ele>
   </trkpt>
   <trkpt lat="45.1377930" lon="7.1580530">
    <ele>434.0</ele>
   </trkpt>
   <trkpt lat="45.1377850" lon="7.1581300">
    <ele>434.1</ele>
   </trkpt>
   <trkpt lat="45.1377780" lon="7.1582080">
    <ele>434.1</ele>
   </trkpt>
   <trkpt lat="45.1377670" lon="7.1582840">
    <ele>434.1</ele>
   </trkpt>
   <trkpt lat="45.1377590" lon="7.1583570">
    <ele>434.1</ele>
   </trkpt>
   <trkpt lat="45.1377490" lon="7.1584290">
    <ele>434.2</ele>
   </trkpt>
   <trkpt lat="45.1377390" lon="7.1585020">
    <ele>434.2</ele>
   </trkpt>
   <trkpt lat="45.1377360" lon="7.1585730">
    <ele>434.2</ele>
   </trkpt>
   <trkpt lat="45.1377330" lon="7.1586460">
    <ele>434.3</ele>
   </trkpt>
   <trkpt lat="45.1377220" lon="7.1587220">
    <ele>434.3</ele>
   </trkpt>
   <trkpt lat="45.1377130" lon="7.1587950">
    <ele>434.3</ele>
   </trkpt>
   <trkpt lat="45.1377030" lon="7.1588760">
    <ele>434.4</ele>
   </trkpt>
   <trkpt lat="45.1376900" lon="7.1589630">
    <ele>434.4</ele>
   </trkpt>
   <trkpt lat="45.1376780" lon="7.1590480">
    <ele>434.4</ele>
   </trkpt>
   <trkpt lat="45.1376660" lon="7.1591380">
    <ele>434.5</ele>
   </trkpt>
   <trkpt lat="45.1376540" lon="7.1592210">
    <ele>434.5</ele>
   </trkpt>
   <trkpt lat="45.1376440" lon="7.1593020">
    <ele>434.6</ele>
   </trkpt>
   <trkpt lat="45.1376320" lon="7.1593860">
    <ele>434.6</ele>
   </trkpt>
   <trkpt lat="45.1376240" lon="7.1594670">
    <ele>434.6</ele>
   </trkpt>
   <trkpt lat="45.1376180" lon="7.1595450">
    <ele>434.7</ele>
   </trkpt>
   <trkpt lat="45.1376080" lon="7.1596200">
    <ele>434.7</ele>
   </trkpt>
   <trkpt lat="45.1375970" lon="7.1597030">
    <ele>434.8</ele>
   </trkpt>
   <trkpt lat="45.1375880" lon="7.1597850">
    <ele>434.8</ele>
   </trkpt>
   <trkpt lat="45.1375780" lon="7.1598660">
    <ele>434.9</ele>
   </trkpt>
   <trkpt lat="45.1375690" lon="7.1599470">
    <ele>434.9</ele>
   </trkpt>
   <trkpt lat="45.1375650" lon="7.1600280">
    <ele>435.0</ele>
   </trkpt>
   <trkpt lat="45.1375560" lon="7.1601030">
    <ele>435.0</ele>
   </trkpt>
   <trkpt lat="45.1375440" lon="7.1601700">
    <ele>435.1</ele>
   </trkpt>
   <trkpt lat="45.1375300" lon="7.1602370">
    <ele>435.1</ele>
   </trkpt>
   <trkpt lat="45.1375190" lon="7.1603100">
    <ele>435.2</ele>
   </trkpt>
   <trkpt lat="45.1375080" lon="7.1603780">
    <ele>435.2</ele>
   </trkpt>
   <trkpt lat="45.1375010" lon="7.1604460">
    <ele>435.2</ele>
   </trkpt>
   <trkpt lat="45.1374970" lon="7.1605170">
    <ele>435.3</ele>
   </trkpt>
   <trkpt lat="45.1374850" lon="7.1605860">
    <ele>435.3</ele>
   </trkpt>
   <trkpt lat="45.1374750" lon="7.1606480">
    <ele>435.3</ele>
   </trkpt>
   <trkpt lat="45.1374700" lon="7.1607160">
    <ele>435.3</ele>
   </trkpt>
   <trkpt lat="45.1374630" lon="7.1607830">
    <ele>435.4</ele>
   </trkpt>
   <trkpt lat="45.1374540" lon="7.1608520">
    <ele>435.4</ele>
   </trkpt>
   <trkpt lat="45.1374450" lon="7.1609200">
    <ele>435.4</ele>
   </trkpt>
   <trkpt lat="45.1374320" lon="7.1609900">
    <ele>435.5</ele>
   </trkpt>
   <trkpt lat="45.1374200" lon="7.1610630">
    <ele>435.5</ele>
   </trkpt>
   <trkpt lat="45.1374120" lon="7.1611350">
    <ele>435.5</ele>
   </trkpt>
   <trkpt lat="45.1374020" lon="7.1612010">
    <ele>435.6</ele>
   </trkpt>
   <trkpt lat="45.1373890" lon="7.1612660">
    <ele>435.6</ele>
   </trkpt>
   <trkpt lat="45.1373790" lon="7.1613320">
    <ele>435.6</ele>
   </trkpt>
   <trkpt lat="45.1373700" lon="7.1613950">
    <ele>435.7</ele>
   </trkpt>
   <trkpt lat="45.1373580" lon="7.1614660">
    <ele>435.7</ele>
   </trkpt>
   <trkpt lat="45.1373510" lon="7.1615340">
    <ele>435.7</ele>
   </trkpt>
   <trkpt lat="45.1373460" lon="7.1616070">
    <ele>435.8</ele>
   </trkpt>
   <trkpt lat="45.1373360" lon="7.1616780">
    <ele>435.8</ele>
   </trkpt>
   <trkpt lat="45.1373250" lon="7.1617490">
    <ele>435.8</ele>
   </trkpt>
   <trkpt lat="45.1373170" lon="7.1618130">
    <ele>435.9</ele>
   </trkpt>
   <trkpt lat="45.1373090" lon="7.1618760">
    <ele>435.9</ele>
   </trkpt>
   <trkpt lat="45.1373030" lon="7.1619450">
    <ele>435.9</ele>
   </trkpt>
   <trkpt lat="45.1372970" lon="7.1620150">
    <ele>436.0</ele>
   </trkpt>
   <trkpt lat="45.1372890" lon="7.1620840">
    <ele>436.0</ele>
   </trkpt>
   <trkpt lat="45.1372810" lon="7.1621520">
    <ele>436.0</ele>
   </trkpt>
   <trkpt lat="45.1372740" lon="7.1622200">
    <ele>436.1</ele>
   </trkpt>
   <trkpt lat="45.1372750" lon="7.1622890">
    <ele>436.1</ele>
   </trkpt>
   <trkpt lat="45.1372710" lon="7.1623560">
    <ele>436.1</ele>
   </trkpt>
   <trkpt lat="45.1372640" lon="7.1624250">
    <ele>436.1</ele>
   </trkpt>
   <trkpt lat="45.1372570" lon="7.1624900">
    <ele>436.2</ele>
   </trkpt>
   <trkpt lat="45.1372530" lon="7.1625650">
    <ele>436.2</ele>
   </trkpt>
   <trkpt lat="45.1372490" lon="7.1626360">
    <ele>436.2</ele>
   </trkpt>
   <trkpt lat="45.1372420" lon="7.1627100">
    <ele>436.3</ele>
   </trkpt>
   <trkpt lat="45.1372350" lon="7.1627830">
    <ele>436.3</ele>
   </trkpt>
   <trkpt lat="45.1372320" lon="7.1628630">
    <ele>436.3</ele>
   </trkpt>
   <trkpt lat="45.1372240" lon="7.1629430">
    <ele>436.3</ele>
   </trkpt>
   <trkpt lat="45.1372180" lon="7.1630230">
    <ele>436.3</ele>
   </trkpt>
   <trkpt lat="45.1372170" lon="7.1631020">
    <ele>436.3</ele>
   </trkpt>
   <trkpt lat="45.1372070" lon="7.1631840">
    <ele>436.4</ele>
   </trkpt>
   <trkpt lat="45.1371960" lon="7.1632690">
    <ele>436.4</ele>
   </trkpt>
   <trkpt lat="45.1371870" lon="7.1633540">
    <ele>436.4</ele>
   </trkpt>
   <trkpt lat="45.1371730" lon="7.1634310">
    <ele>436.4</ele>
   </trkpt>
   <trkpt lat="45.1371650" lon="7.1635150">
    <ele>436.4</ele>
   </trkpt>
   <trkpt lat="45.1371540" lon="7.1636000">
    <ele>436.5</ele>
   </trkpt>
   <trkpt lat="45.1371420" lon="7.1636840">
    <ele>436.5</ele>
   </trkpt>
   <trkpt lat="45.1371300" lon="7.1637670">
    <ele>436.5</ele>
   </trkpt>
   <trkpt lat="45.1371170" lon="7.1638480">
    <ele>436.5</ele>
   </trkpt>
   <trkpt lat="45.1371070" lon="7.1639330">
    <ele>436.5</ele>
   </trkpt>
   <trkpt lat="45.1370950" lon="7.1640190">
    <ele>436.5</ele>
   </trkpt>
   <trkpt lat="45.1370870" lon="7.1641060">
    <ele>436.5</ele>
   </trkpt>
   <trkpt lat="45.1370840" lon="7.1641970">
    <ele>436.5</ele>
   </trkpt>
   <trkpt lat="45.1370720" lon="7.1642830">
    <ele>436.5</ele>
   </trkpt>
   <trkpt lat="45.1370620" lon="7.1643740">
    <ele>436.5</ele>
   </trkpt>
   <trkpt lat="45.1370520" lon="7.1644580">
    <ele>436.5</ele>
   </trkpt>
   <trkpt lat="45.1370410" lon="7.1645410">
    <ele>436.5</ele>
   </trkpt>
   <trkpt lat="45.1370300" lon="7.1646280">
    <ele>436.5</ele>
   </trkpt>
   <trkpt lat="45.1370190" lon="7.1647130">
    <ele>436.5</ele>
   </trkpt>
   <trkpt lat="45.1370160" lon="7.1648100">
    <ele>436.5</ele>
   </trkpt>
   <trkpt lat="45.1369950" lon="7.1649020">
    <ele>436.5</ele>
   </trkpt>
   <trkpt lat="45.1369810" lon="7.1649910">
    <ele>436.5</ele>
   </trkpt>
   <trkpt lat="45.1369740" lon="7.1650800">
    <ele>436.5</ele>
   </trkpt>
   <trkpt lat="45.1369650" lon="7.1651770">
    <ele>436.5</ele>
   </trkpt>
   <trkpt lat="45.1369560" lon="7.1652650">
    <ele>436.5</ele>
   </trkpt>
   <trkpt lat="45.1369470" lon="7.1653550">
    <ele>436.5</ele>
   </trkpt>
   <trkpt lat="45.1369350" lon="7.1654430">
    <ele>436.5</ele>
   </trkpt>
   <trkpt lat="45.1369260" lon="7.1655300">
    <ele>436.4</ele>
   </trkpt>
   <trkpt lat="45.1369210" lon="7.1656240">
    <ele>436.4</ele>
   </trkpt>
   <trkpt lat="45.1369120" lon="7.1657140">
    <ele>436.4</ele>
   </trkpt>
   <trkpt lat="45.1369050" lon="7.1658050">
    <ele>436.4</ele>
   </trkpt>
   <trkpt lat="45.1368950" lon="7.1658980">
    <ele>436.4</ele>
   </trkpt>
   <trkpt lat="45.1368810" lon="7.1659940">
    <ele>436.4</ele>
   </trkpt>
   <trkpt lat="45.1368670" lon="7.1660860">
    <ele>436.4</ele>
   </trkpt>
   <trkpt lat="45.1368580" lon="7.1661760">
    <ele>436.4</ele>
   </trkpt>
   <trkpt lat="45.1368460" lon="7.1662610">
    <ele>436.4</ele>
   </trkpt>
   <trkpt lat="45.1368330" lon="7.1663480">
    <ele>436.4</ele>
   </trkpt>
   <trkpt lat="45.1368220" lon="7.1664350">
    <ele>436.4</ele>
   </trkpt>
   <trkpt lat="45.1368140" lon="7.1665170">
    <ele>436.4</ele>
   </trkpt>
   <trkpt lat="45.1368060" lon="7.1665970">
    <ele>436.5</ele>
   </trkpt>
   <trkpt lat="45.1367980" lon="7.1666920">
    <ele>436.5</ele>
   </trkpt>
   <trkpt lat="45.1367870" lon="7.1667860">
    <ele>436.5</ele>
   </trkpt>
   <trkpt lat="45.1367760" lon="7.1668800">
    <ele>436.5</ele>
   </trkpt>
   <trkpt lat="45.1367640" lon="7.1669710">
    <ele>436.5</ele>
   </trkpt>
   <trkpt lat="45.1367550" lon="7.1670570">
    <ele>436.5</ele>
   </trkpt>
   <trkpt lat="45.1367450" lon="7.1671410">
    <ele>436.5</ele>
   </trkpt>
   <trkpt lat="45.1367380" lon="7.1672280">
    <ele>436.5</ele>
   </trkpt>
   <trkpt lat="45.1367290" lon="7.1673170">
    <ele>436.5</ele>
   </trkpt>
   <trkpt lat="45.1367180" lon="7.1674080">
    <ele>436.5</ele>
   </trkpt>
   <trkpt lat="45.1367100" lon="7.1675010">
    <ele>436.5</ele>
   </trkpt>
   <trkpt lat="45.1367010" lon="7.1675980">
    <ele>436.5</ele>
   </trkpt>
   <trkpt lat="45.1366850" lon="7.1676880">
    <ele>436.5</ele>
   </trkpt>
   <trkpt lat="45.1366680" lon="7.1677810">
    <ele>436.5</ele>
   </trkpt>
   <trkpt lat="45.1366550" lon="7.1678690">
    <ele>436.6</ele>
   </trkpt>
   <trkpt lat="45.1366470" lon="7.1679570">
    <ele>436.5</ele>
   </trkpt>
   <trkpt lat="45.1366380" lon="7.1680410">
    <ele>436.5</ele>
   </trkpt>
   <trkpt lat="45.1366320" lon="7.1681230">
    <ele>436.5</ele>
   </trkpt>
   <trkpt lat="45.1366180" lon="7.1682060">
    <ele>436.5</ele>
   </trkpt>
   <trkpt lat="45.1366070" lon="7.1682900">
    <ele>436.5</ele>
   </trkpt>
   <trkpt lat="45.1365950" lon="7.1683730">
    <ele>436.5</ele>
   </trkpt>
   <trkpt lat="45.1365860" lon="7.1684490">
    <ele>436.5</ele>
   </trkpt>
   <trkpt lat="45.1365760" lon="7.1685330">
    <ele>436.5</ele>
   </trkpt>
   <trkpt lat="45.1365690" lon="7.1686130">
    <ele>436.4</ele>
   </trkpt>
   <trkpt lat="45.1365620" lon="7.1686940">
    <ele>436.4</ele>
   </trkpt>
   <trkpt lat="45.1365490" lon="7.1687760">
    <ele>436.4</ele>
   </trkpt>
   <trkpt lat="45.1365370" lon="7.1688590">
    <ele>436.3</ele>
   </trkpt>
   <trkpt lat="45.1365290" lon="7.1689380">
    <ele>436.3</ele>
   </trkpt>
   <trkpt lat="45.1365210" lon="7.1690120">
    <ele>436.2</ele>
   </trkpt>
   <trkpt lat="45.1365140" lon="7.1690920">
    <ele>436.2</ele>
   </trkpt>
   <trkpt lat="45.1365050" lon="7.1691750">
    <ele>436.1</ele>
   </trkpt>
   <trkpt lat="45.1364930" lon="7.1692590">
    <ele>436.0</ele>
   </trkpt>
   <trkpt lat="45.1364820" lon="7.1693470">
    <ele>436.0</ele>
   </trkpt>
   <trkpt lat="45.1364730" lon="7.1694340">
    <ele>435.9</ele>
   </trkpt>
   <trkpt lat="45.1364670" lon="7.1695240">
    <ele>435.8</ele>
   </trkpt>
   <trkpt lat="45.1364560" lon="7.1696140">
    <ele>435.8</ele>
   </trkpt>
   <trkpt lat="45.1364490" lon="7.1697030">
    <ele>435.7</ele>
   </trkpt>
   <trkpt lat="45.1364410" lon="7.1697920">
    <ele>435.6</ele>
   </trkpt>
   <trkpt lat="45.1364310" lon="7.1698800">
    <ele>435.5</ele>
   </trkpt>
   <trkpt lat="45.1364200" lon="7.1699730">
    <ele>435.4</ele>
   </trkpt>
   <trkpt lat="45.1364080" lon="7.1700600">
    <ele>435.3</ele>
   </trkpt>
   <trkpt lat="45.1363940" lon="7.1701500">
    <ele>435.2</ele>
   </trkpt>
   <trkpt lat="45.1363800" lon="7.1702390">
    <ele>435.1</ele>
   </trkpt>
   <trkpt lat="45.1363700" lon="7.1703290">
    <ele>435.0</ele>
   </trkpt>
   <trkpt lat="45.1363600" lon="7.1704240">
    <ele>434.8</ele>
   </trkpt>
   <trkpt lat="45.1363490" lon="7.1705290">
    <ele>434.7</ele>
   </trkpt>
   <trkpt lat="45.1363380" lon="7.1706340">
    <ele>434.5</ele>
   </trkpt>
   <trkpt lat="45.1363250" lon="7.1707350">
    <ele>434.3</ele>
   </trkpt>
   <trkpt lat="45.1363140" lon="7.1708300">
    <ele>434.2</ele>
   </trkpt>
   <trkpt lat="45.1363030" lon="7.1709320">
    <ele>434.0</ele>
   </trkpt>
   <trkpt lat="45.1362910" lon="7.1710310">
    <ele>433.9</ele>
   </trkpt>
   <trkpt lat="45.1362800" lon="7.1711290">
    <ele>433.8</ele>
   </trkpt>
   <trkpt lat="45.1362700" lon="7.1712290">
    <ele>433.6</ele>
   </trkpt>
   <trkpt lat="45.1362590" lon="7.1713260">
    <ele>433.4</ele>
   </trkpt>
   <trkpt lat="45.1362490" lon="7.1714210">
    <ele>433.3</ele>
   </trkpt>
   <trkpt lat="45.1362380" lon="7.1715170">
    <ele>433.1</ele>
   </trkpt>
   <trkpt lat="45.1362300" lon="7.1716190">
    <ele>433.0</ele>
   </trkpt>
   <trkpt lat="45.1362230" lon="7.1717190">
    <ele>432.8</ele>
   </trkpt>
   <trkpt lat="45.1362120" lon="7.1718170">
    <ele>432.7</ele>
   </trkpt>
   <trkpt lat="45.1362000" lon="7.1719130">
    <ele>432.6</ele>
   </trkpt>
   <trkpt lat="45.1361910" lon="7.1720130">
    <ele>432.5</ele>
   </trkpt>
   <trkpt lat="45.1361780" lon="7.1721100">
    <ele>432.3</ele>
   </trkpt>
   <trkpt lat="45.1361680" lon="7.1722080">
    <ele>432.2</ele>
   </trkpt>
   <trkpt lat="45.1361590" lon="7.1723050">
    <ele>432.0</ele>
   </trkpt>
   <trkpt lat="45.1361500" lon="7.1724050">
    <ele>431.9</ele>
   </trkpt>
   <trkpt lat="45.1361360" lon="7.1725040">
    <ele>431.7</ele>
   </trkpt>
   <trkpt lat="45.1361230" lon="7.1726030">
    <ele>431.6</ele>
   </trkpt>
   <trkpt lat="45.1361110" lon="7.1727000">
    <ele>431.4</ele>
   </trkpt>
   <trkpt lat="45.1360980" lon="7.1728000">
    <ele>431.3</ele>
   </trkpt>
   <trkpt lat="45.1360830" lon="7.1729000">
    <ele>431.1</ele>
   </trkpt>
   <trkpt lat="45.1360710" lon="7.1730010">
    <ele>431.0</ele>
   </trkpt>
   <trkpt lat="45.1360590" lon="7.1731000">
    <ele>430.9</ele>
   </trkpt>
   <trkpt lat="45.1360510" lon="7.1732000">
    <ele>430.7</ele>
   </trkpt>
   <trkpt lat="45.1360430" lon="7.1732980">
    <ele>430.6</ele>
   </trkpt>
   <trkpt lat="45.1360360" lon="7.1733950">
    <ele>430.5</ele>
   </trkpt>
   <trkpt lat="45.1360250" lon="7.1734880">
    <ele>430.3</ele>
   </trkpt>
   <trkpt lat="45.1360130" lon="7.1735810">
    <ele>430.2</ele>
   </trkpt>
   <trkpt lat="45.1360020" lon="7.1736790">
    <ele>430.1</ele>
   </trkpt>
   <trkpt lat="45.1359930" lon="7.1737720">
    <ele>430.0</ele>
   </trkpt>
   <trkpt lat="45.1359820" lon="7.1738690">
    <ele>429.9</ele>
   </trkpt>
   <trkpt lat="45.1359700" lon="7.1739640">
    <ele>429.7</ele>
   </trkpt>
   <trkpt lat="45.1359570" lon="7.1740580">
    <ele>429.6</ele>
   </trkpt>
   <trkpt lat="45.1359440" lon="7.1741500">
    <ele>429.5</ele>
   </trkpt>
   <trkpt lat="45.1359280" lon="7.1742440">
    <ele>429.4</ele>
   </trkpt>
   <trkpt lat="45.1359080" lon="7.1743350">
    <ele>429.3</ele>
   </trkpt>
   <trkpt lat="45.1358820" lon="7.1744150">
    <ele>429.3</ele>
   </trkpt>
   <trkpt lat="45.1358540" lon="7.1744960">
    <ele>429.3</ele>
   </trkpt>
   <trkpt lat="45.1358170" lon="7.1745750">
    <ele>429.3</ele>
   </trkpt>
   <trkpt lat="45.1357800" lon="7.1746470">
    <ele>429.3</ele>
   </trkpt>
   <trkpt lat="45.1357300" lon="7.1746990">
    <ele>429.2</ele>
   </trkpt>
   <trkpt lat="45.1356880" lon="7.1747260">
    <ele>429.2</ele>
   </trkpt>
   <trkpt lat="45.1356560" lon="7.1747360">
    <ele>429.2</ele>
   </trkpt>
   <trkpt lat="45.1356210" lon="7.1747560">
    <ele>429.2</ele>
   </trkpt>
   <trkpt lat="45.1355780" lon="7.1747860">
    <ele>429.1</ele>
   </trkpt>
   <trkpt lat="45.1355390" lon="7.1748240">
    <ele>428.9</ele>
   </trkpt>
   <trkpt lat="45.1355130" lon="7.1748720">
    <ele>428.8</ele>
   </trkpt>
   <trkpt lat="45.1354920" lon="7.1749430">
    <ele>428.6</ele>
   </trkpt>
   <trkpt lat="45.1354910" lon="7.1750160">
    <ele>428.5</ele>
   </trkpt>
   <trkpt lat="45.1355140" lon="7.1750940">
    <ele>428.4</ele>
   </trkpt>
   <trkpt lat="45.1355370" lon="7.1751660">
    <ele>428.3</ele>
   </trkpt>
   <trkpt lat="45.1355540" lon="7.1752410">
    <ele>428.2</ele>
   </trkpt>
   <trkpt lat="45.1355660" lon="7.1753180">
    <ele>428.2</ele>
   </trkpt>
   <trkpt lat="45.1355730" lon="7.1753980">
    <ele>428.1</ele>
   </trkpt>
   <trkpt lat="45.1355780" lon="7.1754790">
    <ele>428.0</ele>
   </trkpt>
   <trkpt lat="45.1355830" lon="7.1755620">
    <ele>427.9</ele>
   </trkpt>
   <trkpt lat="45.1355890" lon="7.1756540">
    <ele>427.8</ele>
   </trkpt>
   <trkpt lat="45.1355940" lon="7.1757480">
    <ele>427.7</ele>
   </trkpt>
   <trkpt lat="45.1355990" lon="7.1758430">
    <ele>427.6</ele>
   </trkpt>
   <trkpt lat="45.1356070" lon="7.1759350">
    <ele>427.5</ele>
   </trkpt>
   <trkpt lat="45.1356110" lon="7.1760260">
    <ele>427.4</ele>
   </trkpt>
   <trkpt lat="45.1356160" lon="7.1761230">
    <ele>427.2</ele>
   </trkpt>
   <trkpt lat="45.1356180" lon="7.1762200">
    <ele>427.1</ele>
   </trkpt>
   <trkpt lat="45.1356210" lon="7.1763190">
    <ele>427.0</ele>
   </trkpt>
   <trkpt lat="45.1356200" lon="7.1764200">
    <ele>426.8</ele>
   </trkpt>
   <trkpt lat="45.1356180" lon="7.1765220">
    <ele>426.7</ele>
   </trkpt>
   <trkpt lat="45.1356140" lon="7.1766130">
    <ele>426.6</ele>
   </trkpt>
   <trkpt lat="45.1356100" lon="7.1767110">
    <ele>426.4</ele>
   </trkpt>
   <trkpt lat="45.1356090" lon="7.1768120">
    <ele>426.3</ele>
   </trkpt>
   <trkpt lat="45.1356060" lon="7.1769140">
    <ele>426.2</ele>
   </trkpt>
   <trkpt lat="45.1356010" lon="7.1770160">
    <ele>426.1</ele>
   </trkpt>
   <trkpt lat="45.1355930" lon="7.1771190">
    <ele>425.9</ele>
   </trkpt>
   <trkpt lat="45.1355840" lon="7.1772150">
    <ele>425.8</ele>
   </trkpt>
   <trkpt lat="45.1355750" lon="7.1773110">
    <ele>425.7</ele>
   </trkpt>
   <trkpt lat="45.1355650" lon="7.1774120">
    <ele>425.5</ele>
   </trkpt>
   <trkpt lat="45.1355530" lon="7.1775090">
    <ele>425.4</ele>
   </trkpt>
   <trkpt lat="45.1355430" lon="7.1776030">
    <ele>425.3</ele>
   </trkpt>
   <trkpt lat="45.1355330" lon="7.1776910">
    <ele>425.2</ele>
   </trkpt>
   <trkpt lat="45.1355230" lon="7.1777780">
    <ele>425.1</ele>
   </trkpt>
   <trkpt lat="45.1355130" lon="7.1778510">
    <ele>425.0</ele>
   </trkpt>
   <trkpt lat="45.1355040" lon="7.1779340">
    <ele>424.9</ele>
   </trkpt>
   <trkpt lat="45.1354940" lon="7.1780220">
    <ele>424.8</ele>
   </trkpt>
   <trkpt lat="45.1354810" lon="7.1781150">
    <ele>424.6</ele>
   </trkpt>
   <trkpt lat="45.1354710" lon="7.1782100">
    <ele>424.5</ele>
   </trkpt>
   <trkpt lat="45.1354600" lon="7.1783060">
    <ele>424.4</ele>
   </trkpt>
   <trkpt lat="45.1354490" lon="7.1784030">
    <ele>424.3</ele>
   </trkpt>
   <trkpt lat="45.1354360" lon="7.1785010">
    <ele>424.2</ele>
   </trkpt>
   <trkpt lat="45.1354200" lon="7.1785990">
    <ele>424.1</ele>
   </trkpt>
   <trkpt lat="45.1354020" lon="7.1786920">
    <ele>424.0</ele>
   </trkpt>
   <trkpt lat="45.1353850" lon="7.1787890">
    <ele>423.9</ele>
   </trkpt>
   <trkpt lat="45.1353700" lon="7.1788840">
    <ele>423.8</ele>
   </trkpt>
   <trkpt lat="45.1353560" lon="7.1789810">
    <ele>423.7</ele>
   </trkpt>
   <trkpt lat="45.1353390" lon="7.1790830">
    <ele>423.6</ele>
   </trkpt>
   <trkpt lat="45.1353200" lon="7.1791790">
    <ele>423.5</ele>
   </trkpt>
   <trkpt lat="45.1353000" lon="7.1792710">
    <ele>423.3</ele>
   </trkpt>
   <trkpt lat="45.1352800" lon="7.1793640">
    <ele>423.2</ele>
   </trkpt>
   <trkpt lat="45.1352590" lon="7.1794590">
    <ele>423.2</ele>
   </trkpt>
   <trkpt lat="45.1352370" lon="7.1795510">
    <ele>423.1</ele>
   </trkpt>
   <trkpt lat="45.1352180" lon="7.1796460">
    <ele>423.1</ele>
   </trkpt>
   <trkpt lat="45.1351980" lon="7.1797390">
    <ele>423.0</ele>
   </trkpt>
   <trkpt lat="45.1351800" lon="7.1798250">
    <ele>422.9</ele>
   </trkpt>
   <trkpt lat="45.1351620" lon="7.1799140">
    <ele>422.9</ele>
   </trkpt>
   <trkpt lat="45.1351430" lon="7.1800010">
    <ele>422.8</ele>
   </trkpt>
   <trkpt lat="45.1351260" lon="7.1800890">
    <ele>422.8</ele>
   </trkpt>
   <trkpt lat="45.1351060" lon="7.1801770">
    <ele>422.7</ele>
   </trkpt>
   <trkpt lat="45.1350850" lon="7.1802630">
    <ele>422.7</ele>
   </trkpt>
   <trkpt lat="45.1350690" lon="7.1803490">
    <ele>422.7</ele>
   </trkpt>
   <trkpt lat="45.1350540" lon="7.1804320">
    <ele>422.6</ele>
   </trkpt>
   <trkpt lat="45.1350340" lon="7.1805130">
    <ele>422.6</ele>
   </trkpt>
   <trkpt lat="45.1350150" lon="7.1806060">
    <ele>422.5</ele>
   </trkpt>
   <trkpt lat="45.1349960" lon="7.1806940">
    <ele>422.5</ele>
   </trkpt>
   <trkpt lat="45.1349740" lon="7.1807860">
    <ele>422.5</ele>
   </trkpt>
   <trkpt lat="45.1349570" lon="7.1808760">
    <ele>422.4</ele>
   </trkpt>
   <trkpt lat="45.1349380" lon="7.1809630">
    <ele>422.4</ele>
   </trkpt>
   <trkpt lat="45.1349180" lon="7.1810500">
    <ele>422.4</ele>
   </trkpt>
   <trkpt lat="45.1348990" lon="7.1811310">
    <ele>422.3</ele>
   </trkpt>
   <trkpt lat="45.1348810" lon="7.1812140">
    <ele>422.3</ele>
   </trkpt>
   <trkpt lat="45.1348620" lon="7.1813070">
    <ele>422.2</ele>
   </trkpt>
   <trkpt lat="45.1348390" lon="7.1813970">
    <ele>422.2</ele>
   </trkpt>
   <trkpt lat="45.1348170" lon="7.1814860">
    <ele>422.1</ele>
   </trkpt>
   <trkpt lat="45.1347950" lon="7.1815800">
    <ele>422.0</ele>
   </trkpt>
   <trkpt lat="45.1347700" lon="7.1816740">
    <ele>421.9</ele>
   </trkpt>
   <trkpt lat="45.1347480" lon="7.1817640">
    <ele>421.8</ele>
   </trkpt>
   <trkpt lat="45.1347260" lon="7.1818590">
    <ele>421.7</ele>
   </trkpt>
   <trkpt lat="45.1347060" lon="7.1819560">
    <ele>421.6</ele>
   </trkpt>
   <trkpt lat="45.1346850" lon="7.1820560">
    <ele>421.5</ele>
   </trkpt>
   <trkpt lat="45.1346660" lon="7.1821550">
    <ele>421.5</ele>
   </trkpt>
   <trkpt lat="45.1346450" lon="7.1822560">
    <ele>421.4</ele>
   </trkpt>
   <trkpt lat="45.1346190" lon="7.1823530">
    <ele>421.3</ele>
   </trkpt>
   <trkpt lat="45.1345960" lon="7.1824460">
    <ele>421.2</ele>
   </trkpt>
   <trkpt lat="45.1345750" lon="7.1825360">
    <ele>421.1</ele>
   </trkpt>
   <trkpt lat="45.1345550" lon="7.1826340">
    <ele>421.0</ele>
   </trkpt>
   <trkpt lat="45.1345350" lon="7.1827330">
    <ele>420.9</ele>
   </trkpt>
   <trkpt lat="45.1345150" lon="7.1828280">
    <ele>420.8</ele>
   </trkpt>
   <trkpt lat="45.1344960" lon="7.1829220">
    <ele>420.8</ele>
   </trkpt>
   <trkpt lat="45.1344770" lon="7.1830120">
    <ele>420.7</ele>
   </trkpt>
   <trkpt lat="45.1344540" lon="7.1831100">
    <ele>420.6</ele>
   </trkpt>
   <trkpt lat="45.1344300" lon="7.1831990">
    <ele>420.5</ele>
   </trkpt>
   <trkpt lat="45.1344040" lon="7.1832970">
    <ele>420.4</ele>
   </trkpt>
   <trkpt lat="45.1343790" lon="7.1833930">
    <ele>420.4</ele>
   </trkpt>
   <trkpt lat="45.1343590" lon="7.1834850">
    <ele>420.3</ele>
   </trkpt>
   <trkpt lat="45.1343400" lon="7.1835840">
    <ele>420.1</ele>
   </trkpt>
   <trkpt lat="45.1343180" lon="7.1836780">
    <ele>419.9</ele>
   </trkpt>
   <trkpt lat="45.1342950" lon="7.1837720">
    <ele>419.8</ele>
   </trkpt>
   <trkpt lat="45.1342760" lon="7.1838690">
    <ele>419.8</ele>
   </trkpt>
   <trkpt lat="45.1342560" lon="7.1839630">
    <ele>419.7</ele>
   </trkpt>
   <trkpt lat="45.1342350" lon="7.1840530">
    <ele>419.7</ele>
   </trkpt>
   <trkpt lat="45.1342160" lon="7.1841400">
    <ele>419.6</ele>
   </trkpt>
   <trkpt lat="45.1341990" lon="7.1842250">
    <ele>419.6</ele>
   </trkpt>
   <trkpt lat="45.1341810" lon="7.1843090">
    <ele>419.5</ele>
   </trkpt>
   <trkpt lat="45.1341600" lon="7.1843960">
    <ele>419.5</ele>
   </trkpt>
   <trkpt lat="45.1341420" lon="7.1844740">
    <ele>419.4</ele>
   </trkpt>
   <trkpt lat="45.1341250" lon="7.1845530">
    <ele>419.4</ele>
   </trkpt>
   <trkpt lat="45.1341060" lon="7.1846330">
    <ele>419.4</ele>
   </trkpt>
   <trkpt lat="45.1340860" lon="7.1847160">
    <ele>419.3</ele>
   </trkpt>
   <trkpt lat="45.1340680" lon="7.1848050">
    <ele>419.3</ele>
   </trkpt>
   <trkpt lat="45.1340480" lon="7.1848890">
    <ele>419.2</ele>
   </trkpt>
   <trkpt lat="45.1340260" lon="7.1849790">
    <ele>419.2</ele>
   </trkpt>
   <trkpt lat="45.1340050" lon="7.1850690">
    <ele>419.1</ele>
   </trkpt>
   <trkpt lat="45.1339840" lon="7.1851590">
    <ele>419.1</ele>
   </trkpt>
   <trkpt lat="45.1339640" lon="7.1852490">
    <ele>419.0</ele>
   </trkpt>
   <trkpt lat="45.1339440" lon="7.1853420">
    <ele>419.0</ele>
   </trkpt>
   <trkpt lat="45.1339260" lon="7.1854290">
    <ele>419.0</ele>
   </trkpt>
   <trkpt lat="45.1339090" lon="7.1855130">
    <ele>419.0</ele>
   </trkpt>
   <trkpt lat="45.1338920" lon="7.1856040">
    <ele>419.0</ele>
   </trkpt>
   <trkpt lat="45.1338740" lon="7.1856980">
    <ele>419.0</ele>
   </trkpt>
   <trkpt lat="45.1338550" lon="7.1857920">
    <ele>418.9</ele>
   </trkpt>
   <trkpt lat="45.1338380" lon="7.1858780">
    <ele>418.9</ele>
   </trkpt>
   <trkpt lat="45.1338200" lon="7.1859660">
    <ele>418.8</ele>
   </trkpt>
   <trkpt lat="45.1338000" lon="7.1860550">
    <ele>418.8</ele>
   </trkpt>
   <trkpt lat="45.1337780" lon="7.1861410">
    <ele>418.7</ele>
   </trkpt>
   <trkpt lat="45.1337580" lon="7.1862290">
    <ele>418.7</ele>
   </trkpt>
   <trkpt lat="45.1337370" lon="7.1863160">
    <ele>418.7</ele>
   </trkpt>
   <trkpt lat="45.1337180" lon="7.1864100">
    <ele>418.6</ele>
   </trkpt>
   <trkpt lat="45.1336980" lon="7.1865070">
    <ele>418.6</ele>
   </trkpt>
   <trkpt lat="45.1336740" lon="7.1866020">
    <ele>418.5</ele>
   </trkpt>
   <trkpt lat="45.1336520" lon="7.1867030">
    <ele>418.5</ele>
   </trkpt>
   <trkpt lat="45.1336310" lon="7.1868040">
    <ele>418.4</ele>
   </trkpt>
   <trkpt lat="45.1336080" lon="7.1868990">
    <ele>418.4</ele>
   </trkpt>
   <trkpt lat="45.1335870" lon="7.1869990">
    <ele>418.3</ele>
   </trkpt>
   <trkpt lat="45.1335650" lon="7.1870930">
    <ele>418.3</ele>
   </trkpt>
   <trkpt lat="45.1335450" lon="7.1871880">
    <ele>418.3</ele>
   </trkpt>
   <trkpt lat="45.1335250" lon="7.1872800">
    <ele>418.2</ele>
   </trkpt>
   <trkpt lat="45.1335030" lon="7.1873750">
    <ele>418.2</ele>
   </trkpt>
   <trkpt lat="45.1334830" lon="7.1874670">
    <ele>418.2</ele>
   </trkpt>
   <trkpt lat="45.1334630" lon="7.1875570">
    <ele>418.1</ele>
   </trkpt>
   <trkpt lat="45.1334430" lon="7.1876420">
    <ele>418.1</ele>
   </trkpt>
   <trkpt lat="45.1334220" lon="7.1877280">
    <ele>418.1</ele>
   </trkpt>
   <trkpt lat="45.1334020" lon="7.1878120">
    <ele>418.0</ele>
   </trkpt>
   <trkpt lat="45.1333810" lon="7.1878980">
    <ele>418.0</ele>
   </trkpt>
   <trkpt lat="45.1333580" lon="7.1879810">
    <ele>418.0</ele>
   </trkpt>
   <trkpt lat="45.1333380" lon="7.1880640">
    <ele>418.0</ele>
   </trkpt>
   <trkpt lat="45.1333250" lon="7.1881420">
    <ele>418.0</ele>
   </trkpt>
   <trkpt lat="45.1333080" lon="7.1882270">
    <ele>418.0</ele>
   </trkpt>
   <trkpt lat="45.1332870" lon="7.1883080">
    <ele>418.0</ele>
   </trkpt>
   <trkpt lat="45.1332680" lon="7.1883910">
    <ele>418.0</ele>
   </trkpt>
   <trkpt lat="45.1332530" lon="7.1884770">
    <ele>417.9</ele>
   </trkpt>
   <trkpt lat="45.1332350" lon="7.1885650">
    <ele>417.8</ele>
   </trkpt>
   <trkpt lat="45.1332130" lon="7.1886470">
    <ele>417.8</ele>
   </trkpt>
   <trkpt lat="45.1331910" lon="7.1887310">
    <ele>417.7</ele>
   </trkpt>
   <trkpt lat="45.1331720" lon="7.1888150">
    <ele>417.7</ele>
   </trkpt>
   <trkpt lat="45.1331540" lon="7.1888980">
    <ele>417.6</ele>
   </trkpt>
   <trkpt lat="45.1331380" lon="7.1889840">
    <ele>417.6</ele>
   </trkpt>
   <trkpt lat="45.1331200" lon="7.1890680">
    <ele>417.6</ele>
   </trkpt>
   <trkpt lat="45.1330980" lon="7.1891540">
    <ele>417.5</ele>
   </trkpt>
   <trkpt lat="45.1330780" lon="7.1892390">
    <ele>417.5</ele>
   </trkpt>
   <trkpt lat="45.1330570" lon="7.1893180">
    <ele>417.5</ele>
   </trkpt>
   <trkpt lat="45.1330400" lon="7.1893990">
    <ele>417.4</ele>
   </trkpt>
   <trkpt lat="45.1330180" lon="7.1894860">
    <ele>417.4</ele>
   </trkpt>
   <trkpt lat="45.1330000" lon="7.1895780">
    <ele>417.4</ele>
   </trkpt>
   <trkpt lat="45.1329860" lon="7.1896580">
    <ele>417.3</ele>
   </trkpt>
   <trkpt lat="45.1329790" lon="7.1897460">
    <ele>417.3</ele>
   </trkpt>
   <trkpt lat="45.1329570" lon="7.1898330">
    <ele>417.2</ele>
   </trkpt>
   <trkpt lat="45.1329330" lon="7.1899270">
    <ele>417.2</ele>
   </trkpt>
   <trkpt lat="45.1328980" lon="7.1900880">
    <ele>417.1</ele>
   </trkpt>
   <trkpt lat="45.1328680" lon="7.1901710">
    <ele>417.1</ele>
   </trkpt>
   <trkpt lat="45.1328510" lon="7.1902520">
    <ele>417.0</ele>
   </trkpt>
   <trkpt lat="45.1328310" lon="7.1903480">
    <ele>417.0</ele>
   </trkpt>
   <trkpt lat="45.1327900" lon="7.1905330">
    <ele>416.8</ele>
   </trkpt>
   <trkpt lat="45.1327760" lon="7.1906130">
    <ele>416.8</ele>
   </trkpt>
   <trkpt lat="45.1327530" lon="7.1906960">
    <ele>416.8</ele>
   </trkpt>
   <trkpt lat="45.1327390" lon="7.1907830">
    <ele>416.7</ele>
   </trkpt>
   <trkpt lat="45.1326360" lon="7.1912710">
    <ele>416.5</ele>
   </trkpt>
   <trkpt lat="45.1326260" lon="7.1913330">
    <ele>416.4</ele>
   </trkpt>
   <trkpt lat="45.1326150" lon="7.1913940">
    <ele>416.4</ele>
   </trkpt>
   <trkpt lat="45.1326040" lon="7.1914560">
    <ele>416.4</ele>
   </trkpt>
   <trkpt lat="45.1325840" lon="7.1915250">
    <ele>416.4</ele>
   </trkpt>
   <trkpt lat="45.1325580" lon="7.1916200">
    <ele>416.3</ele>
   </trkpt>
   <trkpt lat="45.1325360" lon="7.1917030">
    <ele>416.3</ele>
   </trkpt>
   <trkpt lat="45.1325160" lon="7.1918000">
    <ele>416.2</ele>
   </trkpt>
   <trkpt lat="45.1324950" lon="7.1918870">
    <ele>416.2</ele>
   </trkpt>
   <trkpt lat="45.1324740" lon="7.1919750">
    <ele>416.1</ele>
   </trkpt>
   <trkpt lat="45.1324580" lon="7.1920640">
    <ele>416.1</ele>
   </trkpt>
   <trkpt lat="45.1324320" lon="7.1921610">
    <ele>416.0</ele>
   </trkpt>
   <trkpt lat="45.1324110" lon="7.1922520">
    <ele>416.0</ele>
   </trkpt>
   <trkpt lat="45.1323940" lon="7.1923390">
    <ele>416.0</ele>
   </trkpt>
   <trkpt lat="45.1323780" lon="7.1924260">
    <ele>415.9</ele>
   </trkpt>
   <trkpt lat="45.1323590" lon="7.1925150">
    <ele>415.9</ele>
   </trkpt>
   <trkpt lat="45.1323370" lon="7.1926030">
    <ele>415.9</ele>
   </trkpt>
   <trkpt lat="45.1323120" lon="7.1926930">
    <ele>415.8</ele>
   </trkpt>
   <trkpt lat="45.1322940" lon="7.1927790">
    <ele>415.8</ele>
   </trkpt>
   <trkpt lat="45.1322750" lon="7.1928650">
    <ele>415.8</ele>
   </trkpt>
   <trkpt lat="45.1322580" lon="7.1929520">
    <ele>415.8</ele>
   </trkpt>
   <trkpt lat="45.1322430" lon="7.1930390">
    <ele>415.7</ele>
   </trkpt>
   <trkpt lat="45.1322250" lon="7.1931240">
    <ele>415.7</ele>
   </trkpt>
   <trkpt lat="45.1322040" lon="7.1932110">
    <ele>415.6</ele>
   </trkpt>
   <trkpt lat="45.1321860" lon="7.1932970">
    <ele>415.6</ele>
   </trkpt>
   <trkpt lat="45.1321680" lon="7.1933860">
    <ele>415.5</ele>
   </trkpt>
   <trkpt lat="45.1321490" lon="7.1934710">
    <ele>415.5</ele>
   </trkpt>
   <trkpt lat="45.1321330" lon="7.1935530">
    <ele>415.5</ele>
   </trkpt>
   <trkpt lat="45.1321120" lon="7.1936370">
    <ele>415.4</ele>
   </trkpt>
   <trkpt lat="45.1320920" lon="7.1937270">
    <ele>415.4</ele>
   </trkpt>
   <trkpt lat="45.1320680" lon="7.1938130">
    <ele>415.3</ele>
   </trkpt>
   <trkpt lat="45.1320420" lon="7.1939060">
    <ele>415.3</ele>
   </trkpt>
   <trkpt lat="45.1320220" lon="7.1939930">
    <ele>415.3</ele>
   </trkpt>
   <trkpt lat="45.1320000" lon="7.1940780">
    <ele>415.2</ele>
   </trkpt>
   <trkpt lat="45.1319800" lon="7.1941580">
    <ele>415.2</ele>
   </trkpt>
   <trkpt lat="45.1319580" lon="7.1942380">
    <ele>415.2</ele>
   </trkpt>
   <trkpt lat="45.1319410" lon="7.1943170">
    <ele>415.2</ele>
   </trkpt>
   <trkpt lat="45.1319250" lon="7.1943930">
    <ele>415.1</ele>
   </trkpt>
   <trkpt lat="45.1319140" lon="7.1944780">
    <ele>415.1</ele>
   </trkpt>
   <trkpt lat="45.1318990" lon="7.1945580">
    <ele>415.1</ele>
   </trkpt>
   <trkpt lat="45.1318820" lon="7.1946370">
    <ele>415.1</ele>
   </trkpt>
   <trkpt lat="45.1318600" lon="7.1947370">
    <ele>415.0</ele>
   </trkpt>
   <trkpt lat="45.1318410" lon="7.1948340">
    <ele>415.0</ele>
   </trkpt>
   <trkpt lat="45.1318210" lon="7.1949280">
    <ele>414.9</ele>
   </trkpt>
   <trkpt lat="45.1318050" lon="7.1950180">
    <ele>414.9</ele>
   </trkpt>
   <trkpt lat="45.1317870" lon="7.1951040">
    <ele>414.8</ele>
   </trkpt>
   <trkpt lat="45.1317680" lon="7.1951890">
    <ele>414.8</ele>
   </trkpt>
   <trkpt lat="45.1317490" lon="7.1952770">
    <ele>414.7</ele>
   </trkpt>
   <trkpt lat="45.1317270" lon="7.1953650">
    <ele>414.7</ele>
   </trkpt>
   <trkpt lat="45.1317050" lon="7.1954500">
    <ele>414.7</ele>
   </trkpt>
   <trkpt lat="45.1316890" lon="7.1955370">
    <ele>414.6</ele>
   </trkpt>
   <trkpt lat="45.1316690" lon="7.1956180">
    <ele>414.6</ele>
   </trkpt>
   <trkpt lat="45.1316460" lon="7.1956980">
    <ele>414.5</ele>
   </trkpt>
   <trkpt lat="45.1316260" lon="7.1957790">
    <ele>414.5</ele>
   </trkpt>
   <trkpt lat="45.1316110" lon="7.1958600">
    <ele>414.4</ele>
   </trkpt>
   <trkpt lat="45.1315860" lon="7.1959360">
    <ele>414.4</ele>
   </trkpt>
   <trkpt lat="45.1315650" lon="7.1960330">
    <ele>414.4</ele>
   </trkpt>
   <trkpt lat="45.1315520" lon="7.1961180">
    <ele>414.3</ele>
   </trkpt>
   <trkpt lat="45.1315380" lon="7.1962000">
    <ele>414.3</ele>
   </trkpt>
   <trkpt lat="45.1315200" lon="7.1962960">
    <ele>414.3</ele>
   </trkpt>
   <trkpt lat="45.1314990" lon="7.1963850">
    <ele>414.3</ele>
   </trkpt>
   <trkpt lat="45.1314760" lon="7.1964700">
    <ele>414.2</ele>
   </trkpt>
   <trkpt lat="45.1314560" lon="7.1965600">
    <ele>414.2</ele>
   </trkpt>
   <trkpt lat="45.1314360" lon="7.1966480">
    <ele>414.1</ele>
   </trkpt>
   <trkpt lat="45.1314190" lon="7.1967410">
    <ele>414.0</ele>
   </trkpt>
   <trkpt lat="45.1314000" lon="7.1968340">
    <ele>414.0</ele>
   </trkpt>
   <trkpt lat="45.1313810" lon="7.1969210">
    <ele>413.9</ele>
   </trkpt>
   <trkpt lat="45.1313590" lon="7.1970100">
    <ele>413.8</ele>
   </trkpt>
   <trkpt lat="45.1313330" lon="7.1970990">
    <ele>413.8</ele>
   </trkpt>
   <trkpt lat="45.1313110" lon="7.1971870">
    <ele>413.7</ele>
   </trkpt>
   <trkpt lat="45.1312900" lon="7.1972730">
    <ele>413.7</ele>
   </trkpt>
   <trkpt lat="45.1312720" lon="7.1973600">
    <ele>413.6</ele>
   </trkpt>
   <trkpt lat="45.1312540" lon="7.1974520">
    <ele>413.6</ele>
   </trkpt>
   <trkpt lat="45.1312360" lon="7.1975400">
    <ele>413.6</ele>
   </trkpt>
   <trkpt lat="45.1312160" lon="7.1976210">
    <ele>413.5</ele>
   </trkpt>
   <trkpt lat="45.1311990" lon="7.1977040">
    <ele>413.5</ele>
   </trkpt>
   <trkpt lat="45.1311810" lon="7.1977870">
    <ele>413.5</ele>
   </trkpt>
   <trkpt lat="45.1311620" lon="7.1978680">
    <ele>413.4</ele>
   </trkpt>
   <trkpt lat="45.1311430" lon="7.1979530">
    <ele>413.4</ele>
   </trkpt>
   <trkpt lat="45.1311240" lon="7.1980320">
    <ele>413.4</ele>
   </trkpt>
   <trkpt lat="45.1311030" lon="7.1981110">
    <ele>413.3</ele>
   </trkpt>
   <trkpt lat="45.1310830" lon="7.1981960">
    <ele>413.3</ele>
   </trkpt>
   <trkpt lat="45.1310650" lon="7.1982830">
    <ele>413.2</ele>
   </trkpt>
   <trkpt lat="45.1310490" lon="7.1983670">
    <ele>413.2</ele>
   </trkpt>
   <trkpt lat="45.1310290" lon="7.1984530">
    <ele>413.2</ele>
   </trkpt>
   <trkpt lat="45.1310060" lon="7.1985390">
    <ele>413.2</ele>
   </trkpt>
   <trkpt lat="45.1309860" lon="7.1986300">
    <ele>413.1</ele>
   </trkpt>
   <trkpt lat="45.1309660" lon="7.1987180">
    <ele>413.1</ele>
   </trkpt>
   <trkpt lat="45.1309530" lon="7.1988060">
    <ele>413.1</ele>
   </trkpt>
   <trkpt lat="45.1309310" lon="7.1988950">
    <ele>413.0</ele>
   </trkpt>
   <trkpt lat="45.1309180" lon="7.1990000">
    <ele>413.0</ele>
   </trkpt>
   <trkpt lat="45.1308980" lon="7.1990960">
    <ele>412.9</ele>
   </trkpt>
   <trkpt lat="45.1308730" lon="7.1991800">
    <ele>412.9</ele>
   </trkpt>
   <trkpt lat="45.1308530" lon="7.1992710">
    <ele>412.8</ele>
   </trkpt>
   <trkpt lat="45.1308300" lon="7.1993680">
    <ele>412.8</ele>
   </trkpt>
   <trkpt lat="45.1308110" lon="7.1994730">
    <ele>412.7</ele>
   </trkpt>
   <trkpt lat="45.1307880" lon="7.1995680">
    <ele>412.7</ele>
   </trkpt>
   <trkpt lat="45.1307650" lon="7.1996530">
    <ele>412.6</ele>
   </trkpt>
   <trkpt lat="45.1307400" lon="7.1997400">
    <ele>412.6</ele>
   </trkpt>
   <trkpt lat="45.1307200" lon="7.1998310">
    <ele>412.5</ele>
   </trkpt>
   <trkpt lat="45.1307010" lon="7.1999250">
    <ele>412.5</ele>
   </trkpt>
   <trkpt lat="45.1306810" lon="7.2000120">
    <ele>412.5</ele>
   </trkpt>
   <trkpt lat="45.1306620" lon="7.2001030">
    <ele>412.4</ele>
   </trkpt>
   <trkpt lat="45.1306440" lon="7.2001930">
    <ele>412.4</ele>
   </trkpt>
   <trkpt lat="45.1306220" lon="7.2002810">
    <ele>412.3</ele>
   </trkpt>
   <trkpt lat="45.1306030" lon="7.2003730">
    <ele>412.3</ele>
   </trkpt>
   <trkpt lat="45.1305870" lon="7.2004660">
    <ele>412.2</ele>
   </trkpt>
   <trkpt lat="45.1305690" lon="7.2005530">
    <ele>412.2</ele>
   </trkpt>
   <trkpt lat="45.1305480" lon="7.2006440">
    <ele>412.1</ele>
   </trkpt>
   <trkpt lat="45.1305270" lon="7.2007340">
    <ele>412.1</ele>
   </trkpt>
   <trkpt lat="45.1305080" lon="7.2008280">
    <ele>412.1</ele>
   </trkpt>
   <trkpt lat="45.1304860" lon="7.2009200">
    <ele>412.0</ele>
   </trkpt>
   <trkpt lat="45.1304610" lon="7.2010060">
    <ele>412.0</ele>
   </trkpt>
   <trkpt lat="45.1304360" lon="7.2010940">
    <ele>411.9</ele>
   </trkpt>
   <trkpt lat="45.1304200" lon="7.2011840">
    <ele>411.9</ele>
   </trkpt>
   <trkpt lat="45.1304050" lon="7.2012720">
    <ele>411.8</ele>
   </trkpt>
   <trkpt lat="45.1303860" lon="7.2013540">
    <ele>411.8</ele>
   </trkpt>
   <trkpt lat="45.1303670" lon="7.2014400">
    <ele>411.7</ele>
   </trkpt>
   <trkpt lat="45.1303510" lon="7.2015240">
    <ele>411.6</ele>
   </trkpt>
   <trkpt lat="45.1303310" lon="7.2016070">
    <ele>411.6</ele>
   </trkpt>
   <trkpt lat="45.1303100" lon="7.2016930">
    <ele>411.5</ele>
   </trkpt>
   <trkpt lat="45.1302880" lon="7.2017800">
    <ele>411.5</ele>
   </trkpt>
   <trkpt lat="45.1302670" lon="7.2018630">
    <ele>411.4</ele>
   </trkpt>
   <trkpt lat="45.1302470" lon="7.2019490">
    <ele>411.4</ele>
   </trkpt>
   <trkpt lat="45.1302300" lon="7.2020300">
    <ele>411.4</ele>
   </trkpt>
   <trkpt lat="45.1302140" lon="7.2021030">
    <ele>411.3</ele>
   </trkpt>
   <trkpt lat="45.1302050" lon="7.2021530">
    <ele>411.3</ele>
   </trkpt>
   <trkpt lat="45.1301980" lon="7.2021730">
    <ele>411.3</ele>
   </trkpt>
   <trkpt lat="45.1301970" lon="7.2021660">
    <ele>411.3</ele>
   </trkpt>
   <trkpt lat="45.1301970" lon="7.2021640">
    <ele>411.3</ele>
   </trkpt>
   <trkpt lat="45.1301960" lon="7.2021630">
    <ele>411.3</ele>
   </trkpt>
   <trkpt lat="45.1301930" lon="7.2021680">
    <ele>411.3</ele>
   </trkpt>
   <trkpt lat="45.1301930" lon="7.2021680">
    <ele>411.3</ele>
   </trkpt>
   <trkpt lat="45.1301930" lon="7.2021680">
    <ele>411.3</ele>
   </trkpt>
   <trkpt lat="45.1301850" lon="7.2021940">
    <ele>411.3</ele>
   </trkpt>
   <trkpt lat="45.1301920" lon="7.2022020">
    <ele>411.3</ele>
   </trkpt>
   <trkpt lat="45.1301760" lon="7.2022380">
    <ele>411.3</ele>
   </trkpt>
   <trkpt lat="45.1301750" lon="7.2022470">
    <ele>411.2</ele>
   </trkpt>
   <trkpt lat="45.1301730" lon="7.2022540">
    <ele>411.2</ele>
   </trkpt>
   <trkpt lat="45.1301740" lon="7.2022550">
    <ele>411.2</ele>
   </trkpt>
   <trkpt lat="45.1301750" lon="7.2022560">
    <ele>411.2</ele>
   </trkpt>
   <trkpt lat="45.1301750" lon="7.2022560">
    <ele>411.2</ele>
   </trkpt>
   <trkpt lat="45.1301730" lon="7.2022690">
    <ele>411.2</ele>
   </trkpt>
   <trkpt lat="45.1301720" lon="7.2022630">
    <ele>411.2</ele>
   </trkpt>
   <trkpt lat="45.1301670" lon="7.2022760">
    <ele>411.2</ele>
   </trkpt>
   <trkpt lat="45.1301570" lon="7.2023160">
    <ele>411.2</ele>
   </trkpt>
   <trkpt lat="45.1301520" lon="7.2023410">
    <ele>411.2</ele>
   </trkpt>
   <trkpt lat="45.1301390" lon="7.2024050">
    <ele>411.2</ele>
   </trkpt>
   <trkpt lat="45.1301320" lon="7.2024690">
    <ele>411.1</ele>
   </trkpt>
   <trkpt lat="45.1301220" lon="7.2025360">
    <ele>411.1</ele>
   </trkpt>
   <trkpt lat="45.1301070" lon="7.2026120">
    <ele>411.1</ele>
   </trkpt>
   <trkpt lat="45.1300840" lon="7.2027030">
    <ele>411.0</ele>
   </trkpt>
   <trkpt lat="45.1300630" lon="7.2027970">
    <ele>411.0</ele>
   </trkpt>
   <trkpt lat="45.1300440" lon="7.2028960">
    <ele>410.9</ele>
   </trkpt>
   <trkpt lat="45.1300200" lon="7.2030080">
    <ele>410.8</ele>
   </trkpt>
   <trkpt lat="45.1300020" lon="7.2031110">
    <ele>410.8</ele>
   </trkpt>
   <trkpt lat="45.1299760" lon="7.2032260">
    <ele>410.7</ele>
   </trkpt>
   <trkpt lat="45.1299520" lon="7.2033300">
    <ele>410.6</ele>
   </trkpt>
   <trkpt lat="45.1299280" lon="7.2034340">
    <ele>410.6</ele>
   </trkpt>
   <trkpt lat="45.1299050" lon="7.2035460">
    <ele>410.5</ele>
   </trkpt>
   <trkpt lat="45.1298820" lon="7.2036570">
    <ele>410.5</ele>
   </trkpt>
   <trkpt lat="45.1298520" lon="7.2037700">
    <ele>410.4</ele>
   </trkpt>
   <trkpt lat="45.1298250" lon="7.2038860">
    <ele>410.4</ele>
   </trkpt>
   <trkpt lat="45.1297970" lon="7.2040020">
    <ele>410.3</ele>
   </trkpt>
   <trkpt lat="45.1297710" lon="7.2041290">
    <ele>410.1</ele>
   </trkpt>
   <trkpt lat="45.1297410" lon="7.2042600">
    <ele>410.0</ele>
   </trkpt>
   <trkpt lat="45.1297140" lon="7.2043860">
    <ele>409.9</ele>
   </trkpt>
   <trkpt lat="45.1296840" lon="7.2045160">
    <ele>409.9</ele>
   </trkpt>
   <trkpt lat="45.1296570" lon="7.2046420">
    <ele>409.8</ele>
   </trkpt>
   <trkpt lat="45.1296280" lon="7.2047670">
    <ele>409.8</ele>
   </trkpt>
   <trkpt lat="45.1295960" lon="7.2048950">
    <ele>409.7</ele>
   </trkpt>
   <trkpt lat="45.1295680" lon="7.2050240">
    <ele>409.6</ele>
   </trkpt>
   <trkpt lat="45.1295450" lon="7.2051530">
    <ele>409.6</ele>
   </trkpt>
   <trkpt lat="45.1295180" lon="7.2052850">
    <ele>409.5</ele>
   </trkpt>
   <trkpt lat="45.1294880" lon="7.2054080">
    <ele>409.4</ele>
   </trkpt>
   <trkpt lat="45.1294580" lon="7.2055260">
    <ele>409.4</ele>
   </trkpt>
   <trkpt lat="45.1294310" lon="7.2056520">
    <ele>409.3</ele>
   </trkpt>
   <trkpt lat="45.1294010" lon="7.2057710">
    <ele>409.3</ele>
   </trkpt>
   <trkpt lat="45.1293740" lon="7.2058920">
    <ele>409.3</ele>
   </trkpt>
   <trkpt lat="45.1293490" lon="7.2060120">
    <ele>409.2</ele>
   </trkpt>
   <trkpt lat="45.1293250" lon="7.2061330">
    <ele>409.2</ele>
   </trkpt>
   <trkpt lat="45.1293000" lon="7.2062570">
    <ele>409.1</ele>
   </trkpt>
   <trkpt lat="45.1292740" lon="7.2063780">
    <ele>409.1</ele>
   </trkpt>
   <trkpt lat="45.1292500" lon="7.2064970">
    <ele>409.1</ele>
   </trkpt>
   <trkpt lat="45.1292250" lon="7.2066180">
    <ele>409.0</ele>
   </trkpt>
   <trkpt lat="45.1291980" lon="7.2067300">
    <ele>409.0</ele>
   </trkpt>
   <trkpt lat="45.1291700" lon="7.2068450">
    <ele>408.9</ele>
   </trkpt>
   <trkpt lat="45.1291400" lon="7.2069650">
    <ele>408.9</ele>
   </trkpt>
   <trkpt lat="45.1291150" lon="7.2070830">
    <ele>408.8</ele>
   </trkpt>
   <trkpt lat="45.1290910" lon="7.2071980">
    <ele>408.8</ele>
   </trkpt>
   <trkpt lat="45.1290670" lon="7.2073150">
    <ele>408.7</ele>
   </trkpt>
   <trkpt lat="45.1290410" lon="7.2074300">
    <ele>408.7</ele>
   </trkpt>
   <trkpt lat="45.1290150" lon="7.2075480">
    <ele>408.7</ele>
   </trkpt>
   <trkpt lat="45.1289900" lon="7.2076590">
    <ele>408.6</ele>
   </trkpt>
   <trkpt lat="45.1289660" lon="7.2077750">
    <ele>408.6</ele>
   </trkpt>
   <trkpt lat="45.1289420" lon="7.2078850">
    <ele>408.6</ele>
   </trkpt>
   <trkpt lat="45.1289170" lon="7.2079950">
    <ele>408.6</ele>
   </trkpt>
   <trkpt lat="45.1288900" lon="7.2081010">
    <ele>408.5</ele>
   </trkpt>
   <trkpt lat="45.1288530" lon="7.2081990">
    <ele>408.5</ele>
   </trkpt>
   <trkpt lat="45.1288030" lon="7.2082740">
    <ele>408.5</ele>
   </trkpt>
   <trkpt lat="45.1287410" lon="7.2083350">
    <ele>408.5</ele>
   </trkpt>
   <trkpt lat="45.1286770" lon="7.2083900">
    <ele>408.4</ele>
   </trkpt>
   <trkpt lat="45.1286310" lon="7.2084700">
    <ele>408.4</ele>
   </trkpt>
   <trkpt lat="45.1286270" lon="7.2086880">
    <ele>408.3</ele>
   </trkpt>
   <trkpt lat="45.1286560" lon="7.2087910">
    <ele>408.3</ele>
   </trkpt>
   <trkpt lat="45.1286780" lon="7.2088940">
    <ele>408.3</ele>
   </trkpt>
   <trkpt lat="45.1286770" lon="7.2090170">
    <ele>408.3</ele>
   </trkpt>
   <trkpt lat="45.1286610" lon="7.2091280">
    <ele>408.2</ele>
   </trkpt>
   <trkpt lat="45.1286330" lon="7.2092420">
    <ele>408.2</ele>
   </trkpt>
   <trkpt lat="45.1286130" lon="7.2093590">
    <ele>408.1</ele>
   </trkpt>
   <trkpt lat="45.1285870" lon="7.2094780">
    <ele>408.1</ele>
   </trkpt>
   <trkpt lat="45.1285620" lon="7.2095920">
    <ele>408.0</ele>
   </trkpt>
   <trkpt lat="45.1285360" lon="7.2097020">
    <ele>407.9</ele>
   </trkpt>
   <trkpt lat="45.1285100" lon="7.2098120">
    <ele>407.9</ele>
   </trkpt>
   <trkpt lat="45.1284840" lon="7.2099250">
    <ele>407.8</ele>
   </trkpt>
   <trkpt lat="45.1284580" lon="7.2100380">
    <ele>407.8</ele>
   </trkpt>
   <trkpt lat="45.1284340" lon="7.2101510">
    <ele>407.7</ele>
   </trkpt>
   <trkpt lat="45.1284120" lon="7.2102650">
    <ele>407.6</ele>
   </trkpt>
   <trkpt lat="45.1283870" lon="7.2103780">
    <ele>407.5</ele>
   </trkpt>
   <trkpt lat="45.1283610" lon="7.2104920">
    <ele>407.5</ele>
   </trkpt>
   <trkpt lat="45.1283350" lon="7.2106060">
    <ele>407.4</ele>
   </trkpt>
   <trkpt lat="45.1283080" lon="7.2107210">
    <ele>407.3</ele>
   </trkpt>
   <trkpt lat="45.1282830" lon="7.2108280">
    <ele>407.3</ele>
   </trkpt>
   <trkpt lat="45.1282600" lon="7.2109320">
    <ele>407.2</ele>
   </trkpt>
   <trkpt lat="45.1282380" lon="7.2110320">
    <ele>407.2</ele>
   </trkpt>
   <trkpt lat="45.1282160" lon="7.2111210">
    <ele>407.1</ele>
   </trkpt>
   <trkpt lat="45.1281950" lon="7.2112160">
    <ele>407.1</ele>
   </trkpt>
   <trkpt lat="45.1281730" lon="7.2113130">
    <ele>407.1</ele>
   </trkpt>
   <trkpt lat="45.1281510" lon="7.2114080">
    <ele>407.0</ele>
   </trkpt>
   <trkpt lat="45.1281310" lon="7.2115010">
    <ele>407.0</ele>
   </trkpt>
   <trkpt lat="45.1281120" lon="7.2115900">
    <ele>407.0</ele>
   </trkpt>
   <trkpt lat="45.1280930" lon="7.2116840">
    <ele>406.9</ele>
   </trkpt>
   <trkpt lat="45.1280720" lon="7.2117790">
    <ele>406.9</ele>
   </trkpt>
   <trkpt lat="45.1280490" lon="7.2118680">
    <ele>406.8</ele>
   </trkpt>
   <trkpt lat="45.1280280" lon="7.2119560">
    <ele>406.8</ele>
   </trkpt>
   <trkpt lat="45.1280070" lon="7.2120440">
    <ele>406.7</ele>
   </trkpt>
   <trkpt lat="45.1279860" lon="7.2121360">
    <ele>406.7</ele>
   </trkpt>
   <trkpt lat="45.1279640" lon="7.2122340">
    <ele>406.6</ele>
   </trkpt>
   <trkpt lat="45.1279410" lon="7.2123310">
    <ele>406.6</ele>
   </trkpt>
   <trkpt lat="45.1279170" lon="7.2124220">
    <ele>406.5</ele>
   </trkpt>
   <trkpt lat="45.1278930" lon="7.2125230">
    <ele>406.5</ele>
   </trkpt>
   <trkpt lat="45.1278710" lon="7.2126250">
    <ele>406.4</ele>
   </trkpt>
   <trkpt lat="45.1278480" lon="7.2127250">
    <ele>406.4</ele>
   </trkpt>
   <trkpt lat="45.1278270" lon="7.2128270">
    <ele>406.3</ele>
   </trkpt>
   <trkpt lat="45.1278050" lon="7.2129250">
    <ele>406.3</ele>
   </trkpt>
   <trkpt lat="45.1277800" lon="7.2130250">
    <ele>406.2</ele>
   </trkpt>
   <trkpt lat="45.1277570" lon="7.2131260">
    <ele>406.1</ele>
   </trkpt>
   <trkpt lat="45.1277360" lon="7.2132260">
    <ele>406.1</ele>
   </trkpt>
   <trkpt lat="45.1277160" lon="7.2133240">
    <ele>406.1</ele>
   </trkpt>
   <trkpt lat="45.1276950" lon="7.2134260">
    <ele>406.0</ele>
   </trkpt>
   <trkpt lat="45.1276720" lon="7.2135270">
    <ele>405.9</ele>
   </trkpt>
   <trkpt lat="45.1276520" lon="7.2136300">
    <ele>405.8</ele>
   </trkpt>
   <trkpt lat="45.1276290" lon="7.2137270">
    <ele>405.8</ele>
   </trkpt>
   <trkpt lat="45.1276100" lon="7.2138220">
    <ele>405.7</ele>
   </trkpt>
   <trkpt lat="45.1275880" lon="7.2139140">
    <ele>405.7</ele>
   </trkpt>
   <trkpt lat="45.1275690" lon="7.2140070">
    <ele>405.6</ele>
   </trkpt>
   <trkpt lat="45.1275510" lon="7.2141010">
    <ele>405.6</ele>
   </trkpt>
   <trkpt lat="45.1275300" lon="7.2141920">
    <ele>405.5</ele>
   </trkpt>
   <trkpt lat="45.1275100" lon="7.2142810">
    <ele>405.5</ele>
   </trkpt>
   <trkpt lat="45.1274910" lon="7.2143710">
    <ele>405.4</ele>
   </trkpt>
   <trkpt lat="45.1274690" lon="7.2144610">
    <ele>405.4</ele>
   </trkpt>
   <trkpt lat="45.1274480" lon="7.2145500">
    <ele>405.3</ele>
   </trkpt>
   <trkpt lat="45.1274270" lon="7.2146420">
    <ele>405.3</ele>
   </trkpt>
   <trkpt lat="45.1274080" lon="7.2147340">
    <ele>405.2</ele>
   </trkpt>
   <trkpt lat="45.1273850" lon="7.2148300">
    <ele>405.2</ele>
   </trkpt>
   <trkpt lat="45.1273620" lon="7.2149250">
    <ele>405.1</ele>
   </trkpt>
   <trkpt lat="45.1273420" lon="7.2150180">
    <ele>405.1</ele>
   </trkpt>
   <trkpt lat="45.1273220" lon="7.2151160">
    <ele>405.0</ele>
   </trkpt>
   <trkpt lat="45.1273010" lon="7.2152050">
    <ele>405.0</ele>
   </trkpt>
   <trkpt lat="45.1272790" lon="7.2152970">
    <ele>405.0</ele>
   </trkpt>
   <trkpt lat="45.1272580" lon="7.2153890">
    <ele>404.9</ele>
   </trkpt>
   <trkpt lat="45.1272360" lon="7.2154820">
    <ele>404.9</ele>
   </trkpt>
   <trkpt lat="45.1272140" lon="7.2155790">
    <ele>404.9</ele>
   </trkpt>
   <trkpt lat="45.1271920" lon="7.2156780">
    <ele>404.8</ele>
   </trkpt>
   <trkpt lat="45.1271710" lon="7.2157780">
    <ele>404.8</ele>
   </trkpt>
   <trkpt lat="45.1271500" lon="7.2158750">
    <ele>404.8</ele>
   </trkpt>
   <trkpt lat="45.1271300" lon="7.2159730">
    <ele>404.7</ele>
   </trkpt>
   <trkpt lat="45.1271110" lon="7.2160680">
    <ele>404.7</ele>
   </trkpt>
   <trkpt lat="45.1270920" lon="7.2161600">
    <ele>404.6</ele>
   </trkpt>
   <trkpt lat="45.1270730" lon="7.2162520">
    <ele>404.6</ele>
   </trkpt>
   <trkpt lat="45.1270530" lon="7.2163430">
    <ele>404.6</ele>
   </trkpt>
   <trkpt lat="45.1270300" lon="7.2164350">
    <ele>404.5</ele>
   </trkpt>
   <trkpt lat="45.1270060" lon="7.2165270">
    <ele>404.5</ele>
   </trkpt>
   <trkpt lat="45.1269810" lon="7.2166140">
    <ele>404.4</ele>
   </trkpt>
   <trkpt lat="45.1269550" lon="7.2167120">
    <ele>404.4</ele>
   </trkpt>
   <trkpt lat="45.1269360" lon="7.2168180">
    <ele>404.3</ele>
   </trkpt>
   <trkpt lat="45.1269180" lon="7.2169170">
    <ele>404.3</ele>
   </trkpt>
   <trkpt lat="45.1268980" lon="7.2170220">
    <ele>404.2</ele>
   </trkpt>
   <trkpt lat="45.1268720" lon="7.2171260">
    <ele>404.2</ele>
   </trkpt>
   <trkpt lat="45.1268510" lon="7.2172240">
    <ele>404.2</ele>
   </trkpt>
   <trkpt lat="45.1268290" lon="7.2173200">
    <ele>404.1</ele>
   </trkpt>
   <trkpt lat="45.1268010" lon="7.2174150">
    <ele>404.1</ele>
   </trkpt>
   <trkpt lat="45.1267770" lon="7.2175070">
    <ele>404.0</ele>
   </trkpt>
   <trkpt lat="45.1267570" lon="7.2176030">
    <ele>404.0</ele>
   </trkpt>
   <trkpt lat="45.1267390" lon="7.2177000">
    <ele>403.9</ele>
   </trkpt>
   <trkpt lat="45.1267200" lon="7.2178040">
    <ele>403.9</ele>
   </trkpt>
   <trkpt lat="45.1267000" lon="7.2178990">
    <ele>403.8</ele>
   </trkpt>
   <trkpt lat="45.1266790" lon="7.2179960">
    <ele>403.8</ele>
   </trkpt>
   <trkpt lat="45.1266590" lon="7.2180930">
    <ele>403.8</ele>
   </trkpt>
   <trkpt lat="45.1266400" lon="7.2181890">
    <ele>403.8</ele>
   </trkpt>
   <trkpt lat="45.1266210" lon="7.2182840">
    <ele>403.7</ele>
   </trkpt>
   <trkpt lat="45.1265970" lon="7.2183780">
    <ele>403.7</ele>
   </trkpt>
   <trkpt lat="45.1265740" lon="7.2184750">
    <ele>403.6</ele>
   </trkpt>
   <trkpt lat="45.1265510" lon="7.2185760">
    <ele>403.6</ele>
   </trkpt>
   <trkpt lat="45.1265310" lon="7.2186710">
    <ele>403.5</ele>
   </trkpt>
   <trkpt lat="45.1265090" lon="7.2187630">
    <ele>403.5</ele>
   </trkpt>
   <trkpt lat="45.1264900" lon="7.2188550">
    <ele>403.4</ele>
   </trkpt>
   <trkpt lat="45.1264700" lon="7.2189470">
    <ele>403.3</ele>
   </trkpt>
   <trkpt lat="45.1264480" lon="7.2190430">
    <ele>403.3</ele>
   </trkpt>
   <trkpt lat="45.1264240" lon="7.2191380">
    <ele>403.3</ele>
   </trkpt>
   <trkpt lat="45.1264040" lon="7.2192340">
    <ele>403.2</ele>
   </trkpt>
   <trkpt lat="45.1263820" lon="7.2193290">
    <ele>403.2</ele>
   </trkpt>
   <trkpt lat="45.1263580" lon="7.2194220">
    <ele>403.1</ele>
   </trkpt>
   <trkpt lat="45.1263350" lon="7.2195140">
    <ele>403.1</ele>
   </trkpt>
   <trkpt lat="45.1263140" lon="7.2196040">
    <ele>403.0</ele>
   </trkpt>
   <trkpt lat="45.1262930" lon="7.2196980">
    <ele>403.0</ele>
   </trkpt>
   <trkpt lat="45.1262720" lon="7.2197910">
    <ele>402.9</ele>
   </trkpt>
   <trkpt lat="45.1262530" lon="7.2198880">
    <ele>402.9</ele>
   </trkpt>
   <trkpt lat="45.1262320" lon="7.2199830">
    <ele>402.8</ele>
   </trkpt>
   <trkpt lat="45.1262130" lon="7.2200790">
    <ele>402.8</ele>
   </trkpt>
   <trkpt lat="45.1261910" lon="7.2201770">
    <ele>402.7</ele>
   </trkpt>
   <trkpt lat="45.1261690" lon="7.2202720">
    <ele>402.7</ele>
   </trkpt>
   <trkpt lat="45.1261490" lon="7.2203720">
    <ele>402.6</ele>
   </trkpt>
   <trkpt lat="45.1261280" lon="7.2204660">
    <ele>402.6</ele>
   </trkpt>
   <trkpt lat="45.1261060" lon="7.2205630">
    <ele>402.5</ele>
   </trkpt>
   <trkpt lat="45.1260860" lon="7.2206600">
    <ele>402.5</ele>
   </trkpt>
   <trkpt lat="45.1260630" lon="7.2207550">
    <ele>402.5</ele>
   </trkpt>
   <trkpt lat="45.1260440" lon="7.2208500">
    <ele>402.4</ele>
   </trkpt>
   <trkpt lat="45.1260250" lon="7.2209400">
    <ele>402.4</ele>
   </trkpt>
   <trkpt lat="45.1260060" lon="7.2210330">
    <ele>402.4</ele>
   </trkpt>
   <trkpt lat="45.1259860" lon="7.2211250">
    <ele>402.3</ele>
   </trkpt>
   <trkpt lat="45.1259630" lon="7.2212120">
    <ele>402.3</ele>
   </trkpt>
   <trkpt lat="45.1259410" lon="7.2213020">
    <ele>402.3</ele>
   </trkpt>
   <trkpt lat="45.1259220" lon="7.2213940">
    <ele>402.2</ele>
   </trkpt>
   <trkpt lat="45.1259040" lon="7.2214840">
    <ele>402.2</ele>
   </trkpt>
   <trkpt lat="45.1258840" lon="7.2215790">
    <ele>402.1</ele>
   </trkpt>
   <trkpt lat="45.1258620" lon="7.2216650">
    <ele>402.1</ele>
   </trkpt>
   <trkpt lat="45.1258390" lon="7.2217560">
    <ele>402.1</ele>
   </trkpt>
   <trkpt lat="45.1258200" lon="7.2218460">
    <ele>402.0</ele>
   </trkpt>
   <trkpt lat="45.1258010" lon="7.2219360">
    <ele>402.0</ele>
   </trkpt>
   <trkpt lat="45.1257810" lon="7.2220230">
    <ele>402.0</ele>
   </trkpt>
   <trkpt lat="45.1257600" lon="7.2221130">
    <ele>401.9</ele>
   </trkpt>
   <trkpt lat="45.1257400" lon="7.2221990">
    <ele>401.9</ele>
   </trkpt>
   <trkpt lat="45.1257200" lon="7.2222900">
    <ele>401.9</ele>
   </trkpt>
   <trkpt lat="45.1257000" lon="7.2223780">
    <ele>401.8</ele>
   </trkpt>
   <trkpt lat="45.1256780" lon="7.2224670">
    <ele>401.8</ele>
   </trkpt>
   <trkpt lat="45.1256570" lon="7.2225560">
    <ele>401.7</ele>
   </trkpt>
   <trkpt lat="45.1256370" lon="7.2226490">
    <ele>401.6</ele>
   </trkpt>
   <trkpt lat="45.1256150" lon="7.2227430">
    <ele>401.6</ele>
   </trkpt>
   <trkpt lat="45.1255920" lon="7.2228410">
    <ele>401.6</ele>
   </trkpt>
   <trkpt lat="45.1255740" lon="7.2229330">
    <ele>401.5</ele>
   </trkpt>
   <trkpt lat="45.1255530" lon="7.2230310">
    <ele>401.5</ele>
   </trkpt>
   <trkpt lat="45.1255310" lon="7.2231270">
    <ele>401.5</ele>
   </trkpt>
   <trkpt lat="45.1255100" lon="7.2232220">
    <ele>401.4</ele>
   </trkpt>
   <trkpt lat="45.1254870" lon="7.2233220">
    <ele>401.4</ele>
   </trkpt>
   <trkpt lat="45.1254640" lon="7.2234200">
    <ele>401.4</ele>
   </trkpt>
   <trkpt lat="45.1254430" lon="7.2235130">
    <ele>401.3</ele>
   </trkpt>
   <trkpt lat="45.1254200" lon="7.2236050">
    <ele>401.3</ele>
   </trkpt>
   <trkpt lat="45.1254030" lon="7.2236950">
    <ele>401.2</ele>
   </trkpt>
   <trkpt lat="45.1253840" lon="7.2237920">
    <ele>401.2</ele>
   </trkpt>
   <trkpt lat="45.1253630" lon="7.2238840">
    <ele>401.2</ele>
   </trkpt>
   <trkpt lat="45.1253420" lon="7.2239800">
    <ele>401.1</ele>
   </trkpt>
   <trkpt lat="45.1253200" lon="7.2240700">
    <ele>401.1</ele>
   </trkpt>
   <trkpt lat="45.1252990" lon="7.2241610">
    <ele>401.1</ele>
   </trkpt>
   <trkpt lat="45.1252750" lon="7.2242560">
    <ele>401.1</ele>
   </trkpt>
   <trkpt lat="45.1252550" lon="7.2243490">
    <ele>401.0</ele>
   </trkpt>
   <trkpt lat="45.1252330" lon="7.2244430">
    <ele>401.0</ele>
   </trkpt>
   <trkpt lat="45.1252120" lon="7.2245380">
    <ele>400.9</ele>
   </trkpt>
   <trkpt lat="45.1251900" lon="7.2246300">
    <ele>400.9</ele>
   </trkpt>
   <trkpt lat="45.1251710" lon="7.2247280">
    <ele>400.9</ele>
   </trkpt>
   <trkpt lat="45.1251500" lon="7.2248180">
    <ele>400.8</ele>
   </trkpt>
   <trkpt lat="45.1251270" lon="7.2249130">
    <ele>400.8</ele>
   </trkpt>
   <trkpt lat="45.1251070" lon="7.2250050">
    <ele>400.7</ele>
   </trkpt>
   <trkpt lat="45.1250900" lon="7.2250980">
    <ele>400.7</ele>
   </trkpt>
   <trkpt lat="45.1250720" lon="7.2251910">
    <ele>400.7</ele>
   </trkpt>
   <trkpt lat="45.1250510" lon="7.2252830">
    <ele>400.6</ele>
   </trkpt>
   <trkpt lat="45.1250240" lon="7.2253760">
    <ele>400.6</ele>
   </trkpt>
   <trkpt lat="45.1250020" lon="7.2254660">
    <ele>400.6</ele>
   </trkpt>
   <trkpt lat="45.1249840" lon="7.2255540">
    <ele>400.6</ele>
   </trkpt>
   <trkpt lat="45.1249650" lon="7.2256480">
    <ele>400.5</ele>
   </trkpt>
   <trkpt lat="45.1249460" lon="7.2257400">
    <ele>400.5</ele>
   </trkpt>
   <trkpt lat="45.1249250" lon="7.2258250">
    <ele>400.5</ele>
   </trkpt>
   <trkpt lat="45.1249050" lon="7.2259120">
    <ele>400.5</ele>
   </trkpt>
   <trkpt lat="45.1248840" lon="7.2260030">
    <ele>400.4</ele>
   </trkpt>
   <trkpt lat="45.1248630" lon="7.2260910">
    <ele>400.4</ele>
   </trkpt>
   <trkpt lat="45.1248460" lon="7.2261770">
    <ele>400.3</ele>
   </trkpt>
   <trkpt lat="45.1248280" lon="7.2262600">
    <ele>400.3</ele>
   </trkpt>
   <trkpt lat="45.1248090" lon="7.2263450">
    <ele>400.3</ele>
   </trkpt>
   <trkpt lat="45.1247890" lon="7.2264330">
    <ele>400.2</ele>
   </trkpt>
   <trkpt lat="45.1247770" lon="7.2265170">
    <ele>400.2</ele>
   </trkpt>
   <trkpt lat="45.1247610" lon="7.2266050">
    <ele>400.2</ele>
   </trkpt>
   <trkpt lat="45.1247420" lon="7.2266880">
    <ele>400.2</ele>
   </trkpt>
   <trkpt lat="45.1247200" lon="7.2267700">
    <ele>400.2</ele>
   </trkpt>
   <trkpt lat="45.1247050" lon="7.2268500">
    <ele>400.1</ele>
   </trkpt>
   <trkpt lat="45.1246890" lon="7.2269340">
    <ele>400.2</ele>
   </trkpt>
   <trkpt lat="45.1246650" lon="7.2270020">
    <ele>400.2</ele>
   </trkpt>
   <trkpt lat="45.1246230" lon="7.2270660">
    <ele>400.2</ele>
   </trkpt>
   <trkpt lat="45.1245760" lon="7.2271230">
    <ele>400.2</ele>
   </trkpt>
   <trkpt lat="45.1245200" lon="7.2271850">
    <ele>400.2</ele>
   </trkpt>
   <trkpt lat="45.1244850" lon="7.2272660">
    <ele>400.3</ele>
   </trkpt>
   <trkpt lat="45.1244790" lon="7.2273590">
    <ele>400.3</ele>
   </trkpt>
   <trkpt lat="45.1244920" lon="7.2274460">
    <ele>400.2</ele>
   </trkpt>
   <trkpt lat="45.1245040" lon="7.2275430">
    <ele>400.1</ele>
   </trkpt>
   <trkpt lat="45.1245200" lon="7.2276300">
    <ele>400.1</ele>
   </trkpt>
   <trkpt lat="45.1245180" lon="7.2277200">
    <ele>400.0</ele>
   </trkpt>
   <trkpt lat="45.1244990" lon="7.2278130">
    <ele>399.9</ele>
   </trkpt>
   <trkpt lat="45.1244750" lon="7.2278960">
    <ele>399.8</ele>
   </trkpt>
   <trkpt lat="45.1244290" lon="7.2280890">
    <ele>399.8</ele>
   </trkpt>
   <trkpt lat="45.1244090" lon="7.2281820">
    <ele>399.7</ele>
   </trkpt>
   <trkpt lat="45.1243880" lon="7.2282710">
    <ele>399.7</ele>
   </trkpt>
   <trkpt lat="45.1243690" lon="7.2283690">
    <ele>399.7</ele>
   </trkpt>
   <trkpt lat="45.1243510" lon="7.2284600">
    <ele>399.6</ele>
   </trkpt>
   <trkpt lat="45.1243290" lon="7.2285540">
    <ele>399.6</ele>
   </trkpt>
   <trkpt lat="45.1243070" lon="7.2286560">
    <ele>399.6</ele>
   </trkpt>
   <trkpt lat="45.1242870" lon="7.2287500">
    <ele>399.5</ele>
   </trkpt>
   <trkpt lat="45.1242640" lon="7.2288470">
    <ele>399.5</ele>
   </trkpt>
   <trkpt lat="45.1242420" lon="7.2289420">
    <ele>399.4</ele>
   </trkpt>
   <trkpt lat="45.1242190" lon="7.2290350">
    <ele>399.4</ele>
   </trkpt>
   <trkpt lat="45.1241970" lon="7.2291280">
    <ele>399.4</ele>
   </trkpt>
   <trkpt lat="45.1241750" lon="7.2292160">
    <ele>399.3</ele>
   </trkpt>
   <trkpt lat="45.1241530" lon="7.2293050">
    <ele>399.3</ele>
   </trkpt>
   <trkpt lat="45.1241310" lon="7.2293940">
    <ele>399.3</ele>
   </trkpt>
   <trkpt lat="45.1241100" lon="7.2294870">
    <ele>399.3</ele>
   </trkpt>
   <trkpt lat="45.1240860" lon="7.2295790">
    <ele>399.2</ele>
   </trkpt>
   <trkpt lat="45.1240630" lon="7.2296730">
    <ele>399.2</ele>
   </trkpt>
   <trkpt lat="45.1240450" lon="7.2297670">
    <ele>399.2</ele>
   </trkpt>
   <trkpt lat="45.1240280" lon="7.2298550">
    <ele>399.1</ele>
   </trkpt>
   <trkpt lat="45.1240070" lon="7.2299500">
    <ele>399.1</ele>
   </trkpt>
   <trkpt lat="45.1239860" lon="7.2300450">
    <ele>399.1</ele>
   </trkpt>
   <trkpt lat="45.1239640" lon="7.2301450">
    <ele>399.0</ele>
   </trkpt>
   <trkpt lat="45.1239410" lon="7.2302420">
    <ele>399.0</ele>
   </trkpt>
   <trkpt lat="45.1239220" lon="7.2303330">
    <ele>399.0</ele>
   </trkpt>
   <trkpt lat="45.1239030" lon="7.2304240">
    <ele>399.0</ele>
   </trkpt>
   <trkpt lat="45.1238860" lon="7.2305130">
    <ele>398.9</ele>
   </trkpt>
   <trkpt lat="45.1238660" lon="7.2306040">
    <ele>398.9</ele>
   </trkpt>
   <trkpt lat="45.1238470" lon="7.2306920">
    <ele>398.9</ele>
   </trkpt>
   <trkpt lat="45.1238280" lon="7.2307740">
    <ele>398.8</ele>
   </trkpt>
   <trkpt lat="45.1238080" lon="7.2308620">
    <ele>398.8</ele>
   </trkpt>
   <trkpt lat="45.1237880" lon="7.2309490">
    <ele>398.8</ele>
   </trkpt>
   <trkpt lat="45.1237690" lon="7.2310380">
    <ele>398.8</ele>
   </trkpt>
   <trkpt lat="45.1237500" lon="7.2311280">
    <ele>398.7</ele>
   </trkpt>
   <trkpt lat="45.1237300" lon="7.2312180">
    <ele>398.7</ele>
   </trkpt>
   <trkpt lat="45.1237090" lon="7.2313080">
    <ele>398.6</ele>
   </trkpt>
   <trkpt lat="45.1236880" lon="7.2313960">
    <ele>398.6</ele>
   </trkpt>
   <trkpt lat="45.1236660" lon="7.2314840">
    <ele>398.6</ele>
   </trkpt>
   <trkpt lat="45.1236460" lon="7.2315720">
    <ele>398.6</ele>
   </trkpt>
   <trkpt lat="45.1236250" lon="7.2316620">
    <ele>398.6</ele>
   </trkpt>
   <trkpt lat="45.1236030" lon="7.2317490">
    <ele>398.6</ele>
   </trkpt>
   <trkpt lat="45.1235800" lon="7.2318380">
    <ele>398.5</ele>
   </trkpt>
   <trkpt lat="45.1235590" lon="7.2319280">
    <ele>398.5</ele>
   </trkpt>
   <trkpt lat="45.1235380" lon="7.2320240">
    <ele>398.5</ele>
   </trkpt>
   <trkpt lat="45.1235160" lon="7.2321200">
    <ele>398.5</ele>
   </trkpt>
   <trkpt lat="45.1234930" lon="7.2322140">
    <ele>398.5</ele>
   </trkpt>
   <trkpt lat="45.1234710" lon="7.2323080">
    <ele>398.5</ele>
   </trkpt>
   <trkpt lat="45.1234520" lon="7.2324010">
    <ele>398.5</ele>
   </trkpt>
   <trkpt lat="45.1234320" lon="7.2324950">
    <ele>398.5</ele>
   </trkpt>
   <trkpt lat="45.1234120" lon="7.2325870">
    <ele>398.5</ele>
   </trkpt>
   <trkpt lat="45.1233960" lon="7.2326750">
    <ele>398.5</ele>
   </trkpt>
   <trkpt lat="45.1233760" lon="7.2327690">
    <ele>398.5</ele>
   </trkpt>
   <trkpt lat="45.1233540" lon="7.2328600">
    <ele>398.5</ele>
   </trkpt>
   <trkpt lat="45.1233330" lon="7.2329550">
    <ele>398.5</ele>
   </trkpt>
   <trkpt lat="45.1233100" lon="7.2330470">
    <ele>398.5</ele>
   </trkpt>
   <trkpt lat="45.1232880" lon="7.2331430">
    <ele>398.5</ele>
   </trkpt>
   <trkpt lat="45.1232640" lon="7.2332400">
    <ele>398.4</ele>
   </trkpt>
   <trkpt lat="45.1232420" lon="7.2333370">
    <ele>398.4</ele>
   </trkpt>
   <trkpt lat="45.1232210" lon="7.2334310">
    <ele>398.4</ele>
   </trkpt>
   <trkpt lat="45.1232000" lon="7.2335270">
    <ele>398.4</ele>
   </trkpt>
   <trkpt lat="45.1231790" lon="7.2336150">
    <ele>398.4</ele>
   </trkpt>
   <trkpt lat="45.1231590" lon="7.2337110">
    <ele>398.4</ele>
   </trkpt>
   <trkpt lat="45.1231390" lon="7.2338050">
    <ele>398.4</ele>
   </trkpt>
   <trkpt lat="45.1231210" lon="7.2338950">
    <ele>398.4</ele>
   </trkpt>
   <trkpt lat="45.1231020" lon="7.2339900">
    <ele>398.4</ele>
   </trkpt>
   <trkpt lat="45.1230820" lon="7.2340780">
    <ele>398.4</ele>
   </trkpt>
   <trkpt lat="45.1230620" lon="7.2341630">
    <ele>398.4</ele>
   </trkpt>
   <trkpt lat="45.1230400" lon="7.2342520">
    <ele>398.3</ele>
   </trkpt>
   <trkpt lat="45.1230230" lon="7.2343410">
    <ele>398.3</ele>
   </trkpt>
   <trkpt lat="45.1230070" lon="7.2344250">
    <ele>398.3</ele>
   </trkpt>
   <trkpt lat="45.1229890" lon="7.2345130">
    <ele>398.3</ele>
   </trkpt>
   <trkpt lat="45.1229680" lon="7.2346020">
    <ele>398.3</ele>
   </trkpt>
   <trkpt lat="45.1229470" lon="7.2346910">
    <ele>398.3</ele>
   </trkpt>
   <trkpt lat="45.1229260" lon="7.2347800">
    <ele>398.3</ele>
   </trkpt>
   <trkpt lat="45.1229070" lon="7.2348730">
    <ele>398.3</ele>
   </trkpt>
   <trkpt lat="45.1228880" lon="7.2349640">
    <ele>398.3</ele>
   </trkpt>
   <trkpt lat="45.1228700" lon="7.2350580">
    <ele>398.3</ele>
   </trkpt>
   <trkpt lat="45.1228520" lon="7.2351480">
    <ele>398.3</ele>
   </trkpt>
   <trkpt lat="45.1228320" lon="7.2352340">
    <ele>398.3</ele>
   </trkpt>
   <trkpt lat="45.1228130" lon="7.2353220">
    <ele>398.3</ele>
   </trkpt>
   <trkpt lat="45.1227960" lon="7.2354060">
    <ele>398.3</ele>
   </trkpt>
   <trkpt lat="45.1227750" lon="7.2354900">
    <ele>398.2</ele>
   </trkpt>
   <trkpt lat="45.1227540" lon="7.2355690">
    <ele>398.2</ele>
   </trkpt>
   <trkpt lat="45.1227380" lon="7.2356510">
    <ele>398.2</ele>
   </trkpt>
   <trkpt lat="45.1227230" lon="7.2357360">
    <ele>398.2</ele>
   </trkpt>
   <trkpt lat="45.1227040" lon="7.2358120">
    <ele>398.2</ele>
   </trkpt>
   <trkpt lat="45.1226800" lon="7.2358960">
    <ele>398.2</ele>
   </trkpt>
   <trkpt lat="45.1226570" lon="7.2359780">
    <ele>398.2</ele>
   </trkpt>
   <trkpt lat="45.1226350" lon="7.2360660">
    <ele>398.2</ele>
   </trkpt>
   <trkpt lat="45.1226140" lon="7.2361540">
    <ele>398.2</ele>
   </trkpt>
   <trkpt lat="45.1225920" lon="7.2362390">
    <ele>398.2</ele>
   </trkpt>
   <trkpt lat="45.1225710" lon="7.2363260">
    <ele>398.2</ele>
   </trkpt>
   <trkpt lat="45.1225490" lon="7.2364220">
    <ele>398.2</ele>
   </trkpt>
   <trkpt lat="45.1225190" lon="7.2364990">
    <ele>398.2</ele>
   </trkpt>
   <trkpt lat="45.1225050" lon="7.2365880">
    <ele>398.2</ele>
   </trkpt>
   <trkpt lat="45.1224820" lon="7.2366770">
    <ele>398.3</ele>
   </trkpt>
   <trkpt lat="45.1224590" lon="7.2367680">
    <ele>398.3</ele>
   </trkpt>
   <trkpt lat="45.1224340" lon="7.2368370">
    <ele>398.3</ele>
   </trkpt>
   <trkpt lat="45.1224100" lon="7.2369120">
    <ele>398.4</ele>
   </trkpt>
   <trkpt lat="45.1223850" lon="7.2369880">
    <ele>398.4</ele>
   </trkpt>
   <trkpt lat="45.1223540" lon="7.2370690">
    <ele>398.4</ele>
   </trkpt>
   <trkpt lat="45.1223190" lon="7.2371490">
    <ele>398.5</ele>
   </trkpt>
   <trkpt lat="45.1222860" lon="7.2372310">
    <ele>398.5</ele>
   </trkpt>
   <trkpt lat="45.1222560" lon="7.2373020">
    <ele>398.5</ele>
   </trkpt>
   <trkpt lat="45.1222260" lon="7.2373760">
    <ele>398.6</ele>
   </trkpt>
   <trkpt lat="45.1221960" lon="7.2374560">
    <ele>398.6</ele>
   </trkpt>
   <trkpt lat="45.1221630" lon="7.2375320">
    <ele>398.6</ele>
   </trkpt>
   <trkpt lat="45.1221330" lon="7.2376060">
    <ele>398.6</ele>
   </trkpt>
   <trkpt lat="45.1221010" lon="7.2376900">
    <ele>398.6</ele>
   </trkpt>
   <trkpt lat="45.1220650" lon="7.2377720">
    <ele>398.6</ele>
   </trkpt>
   <trkpt lat="45.1220350" lon="7.2378490">
    <ele>398.6</ele>
   </trkpt>
   <trkpt lat="45.1220020" lon="7.2379280">
    <ele>398.5</ele>
   </trkpt>
   <trkpt lat="45.1219640" lon="7.2380070">
    <ele>398.5</ele>
   </trkpt>
   <trkpt lat="45.1219290" lon="7.2380910">
    <ele>398.5</ele>
   </trkpt>
   <trkpt lat="45.1218900" lon="7.2381710">
    <ele>398.5</ele>
   </trkpt>
   <trkpt lat="45.1218540" lon="7.2382440">
    <ele>398.5</ele>
   </trkpt>
   <trkpt lat="45.1218170" lon="7.2383170">
    <ele>398.5</ele>
   </trkpt>
   <trkpt lat="45.1217790" lon="7.2383910">
    <ele>398.4</ele>
   </trkpt>
   <trkpt lat="45.1217460" lon="7.2384670">
    <ele>398.4</ele>
   </trkpt>
   <trkpt lat="45.1217130" lon="7.2385380">
    <ele>398.4</ele>
   </trkpt>
   <trkpt lat="45.1216810" lon="7.2386040">
    <ele>398.4</ele>
   </trkpt>
   <trkpt lat="45.1216470" lon="7.2386710">
    <ele>398.4</ele>
   </trkpt>
   <trkpt lat="45.1216100" lon="7.2387410">
    <ele>398.4</ele>
   </trkpt>
   <trkpt lat="45.1215710" lon="7.2388080">
    <ele>398.4</ele>
   </trkpt>
   <trkpt lat="45.1215300" lon="7.2388740">
    <ele>398.4</ele>
   </trkpt>
   <trkpt lat="45.1214910" lon="7.2389340">
    <ele>398.5</ele>
   </trkpt>
   <trkpt lat="45.1214490" lon="7.2389950">
    <ele>398.5</ele>
   </trkpt>
   <trkpt lat="45.1214050" lon="7.2390580">
    <ele>398.5</ele>
   </trkpt>
   <trkpt lat="45.1213630" lon="7.2391230">
    <ele>398.6</ele>
   </trkpt>
   <trkpt lat="45.1213190" lon="7.2391850">
    <ele>398.6</ele>
   </trkpt>
   <trkpt lat="45.1212730" lon="7.2392400">
    <ele>398.6</ele>
   </trkpt>
   <trkpt lat="45.1212240" lon="7.2392990">
    <ele>398.6</ele>
   </trkpt>
   <trkpt lat="45.1211760" lon="7.2393560">
    <ele>398.6</ele>
   </trkpt>
   <trkpt lat="45.1211280" lon="7.2394110">
    <ele>398.6</ele>
   </trkpt>
   <trkpt lat="45.1210830" lon="7.2394620">
    <ele>398.6</ele>
   </trkpt>
   <trkpt lat="45.1210320" lon="7.2395120">
    <ele>398.6</ele>
   </trkpt>
   <trkpt lat="45.1209830" lon="7.2395630">
    <ele>398.6</ele>
   </trkpt>
   <trkpt lat="45.1209310" lon="7.2396080">
    <ele>398.6</ele>
   </trkpt>
   <trkpt lat="45.1208790" lon="7.2396550">
    <ele>398.6</ele>
   </trkpt>
   <trkpt lat="45.1208220" lon="7.2396950">
    <ele>398.6</ele>
   </trkpt>
   <trkpt lat="45.1207660" lon="7.2397400">
    <ele>398.5</ele>
   </trkpt>
   <trkpt lat="45.1207090" lon="7.2397720">
    <ele>398.5</ele>
   </trkpt>
   <trkpt lat="45.1206510" lon="7.2398050">
    <ele>398.5</ele>
   </trkpt>
   <trkpt lat="45.1205920" lon="7.2398380">
    <ele>398.4</ele>
   </trkpt>
   <trkpt lat="45.1205320" lon="7.2398750">
    <ele>398.4</ele>
   </trkpt>
   <trkpt lat="45.1204690" lon="7.2399050">
    <ele>398.4</ele>
   </trkpt>
   <trkpt lat="45.1204090" lon="7.2399320">
    <ele>398.4</ele>
   </trkpt>
   <trkpt lat="45.1203530" lon="7.2399550">
    <ele>398.4</ele>
   </trkpt>
   <trkpt lat="45.1202940" lon="7.2399730">
    <ele>398.4</ele>
   </trkpt>
   <trkpt lat="45.1202350" lon="7.2399860">
    <ele>398.5</ele>
   </trkpt>
   <trkpt lat="45.1201730" lon="7.2399980">
    <ele>398.5</ele>
   </trkpt>
   <trkpt lat="45.1201130" lon="7.2400060">
    <ele>398.6</ele>
   </trkpt>
   <trkpt lat="45.1200530" lon="7.2400170">
    <ele>398.6</ele>
   </trkpt>
   <trkpt lat="45.1199930" lon="7.2400280">
    <ele>398.6</ele>
   </trkpt>
   <trkpt lat="45.1199330" lon="7.2400210">
    <ele>398.6</ele>
   </trkpt>
   <trkpt lat="45.1198750" lon="7.2400020">
    <ele>398.6</ele>
   </trkpt>
   <trkpt lat="45.1198230" lon="7.2399730">
    <ele>398.7</ele>
   </trkpt>
   <trkpt lat="45.1197670" lon="7.2399540">
    <ele>398.7</ele>
   </trkpt>
   <trkpt lat="45.1197100" lon="7.2399460">
    <ele>398.8</ele>
   </trkpt>
   <trkpt lat="45.1196530" lon="7.2399610">
    <ele>398.8</ele>
   </trkpt>
   <trkpt lat="45.1196050" lon="7.2399990">
    <ele>398.7</ele>
   </trkpt>
   <trkpt lat="45.1195690" lon="7.2400580">
    <ele>398.6</ele>
   </trkpt>
   <trkpt lat="45.1195480" lon="7.2401270">
    <ele>398.4</ele>
   </trkpt>
   <trkpt lat="45.1195440" lon="7.2402040">
    <ele>398.3</ele>
   </trkpt>
   <trkpt lat="45.1195500" lon="7.2402810">
    <ele>398.2</ele>
   </trkpt>
   <trkpt lat="45.1195610" lon="7.2403620">
    <ele>397.9</ele>
   </trkpt>
   <trkpt lat="45.1195790" lon="7.2404420">
    <ele>397.7</ele>
   </trkpt>
   <trkpt lat="45.1195910" lon="7.2405270">
    <ele>397.5</ele>
   </trkpt>
   <trkpt lat="45.1195940" lon="7.2406220">
    <ele>397.2</ele>
   </trkpt>
   <trkpt lat="45.1195770" lon="7.2407160">
    <ele>396.9</ele>
   </trkpt>
   <trkpt lat="45.1195370" lon="7.2407990">
    <ele>396.6</ele>
   </trkpt>
   <trkpt lat="45.1194790" lon="7.2408770">
    <ele>396.3</ele>
   </trkpt>
   <trkpt lat="45.1194230" lon="7.2409500">
    <ele>396.1</ele>
   </trkpt>
   <trkpt lat="45.1193720" lon="7.2410210">
    <ele>395.9</ele>
   </trkpt>
   <trkpt lat="45.1193240" lon="7.2410900">
    <ele>395.8</ele>
   </trkpt>
   <trkpt lat="45.1192700" lon="7.2411590">
    <ele>395.7</ele>
   </trkpt>
   <trkpt lat="45.1192150" lon="7.2412350">
    <ele>395.5</ele>
   </trkpt>
   <trkpt lat="45.1191660" lon="7.2413160">
    <ele>395.4</ele>
   </trkpt>
   <trkpt lat="45.1191180" lon="7.2414010">
    <ele>395.3</ele>
   </trkpt>
   <trkpt lat="45.1190710" lon="7.2414900">
    <ele>395.2</ele>
   </trkpt>
   <trkpt lat="45.1190280" lon="7.2415770">
    <ele>395.2</ele>
   </trkpt>
   <trkpt lat="45.1189920" lon="7.2416680">
    <ele>395.2</ele>
   </trkpt>
   <trkpt lat="45.1189560" lon="7.2417570">
    <ele>395.2</ele>
   </trkpt>
   <trkpt lat="45.1189230" lon="7.2418430">
    <ele>395.2</ele>
   </trkpt>
   <trkpt lat="45.1188890" lon="7.2419330">
    <ele>395.3</ele>
   </trkpt>
   <trkpt lat="45.1188600" lon="7.2420170">
    <ele>395.3</ele>
   </trkpt>
   <trkpt lat="45.1188340" lon="7.2421040">
    <ele>395.4</ele>
   </trkpt>
   <trkpt lat="45.1188120" lon="7.2421830">
    <ele>395.4</ele>
   </trkpt>
   <trkpt lat="45.1187960" lon="7.2422620">
    <ele>395.4</ele>
   </trkpt>
   <trkpt lat="45.1187790" lon="7.2423380">
    <ele>395.4</ele>
   </trkpt>
   <trkpt lat="45.1187630" lon="7.2424140">
    <ele>395.5</ele>
   </trkpt>
   <trkpt lat="45.1187460" lon="7.2424960">
    <ele>395.6</ele>
   </trkpt>
   <trkpt lat="45.1187350" lon="7.2425750">
    <ele>395.7</ele>
   </trkpt>
   <trkpt lat="45.1187240" lon="7.2426620">
    <ele>395.9</ele>
   </trkpt>
   <trkpt lat="45.1187150" lon="7.2427450">
    <ele>396.0</ele>
   </trkpt>
   <trkpt lat="45.1187030" lon="7.2428350">
    <ele>396.2</ele>
   </trkpt>
   <trkpt lat="45.1186970" lon="7.2429170">
    <ele>396.4</ele>
   </trkpt>
   <trkpt lat="45.1186920" lon="7.2430020">
    <ele>396.6</ele>
   </trkpt>
   <trkpt lat="45.1186890" lon="7.2430810">
    <ele>396.8</ele>
   </trkpt>
   <trkpt lat="45.1186860" lon="7.2431520">
    <ele>397.0</ele>
   </trkpt>
   <trkpt lat="45.1186890" lon="7.2432180">
    <ele>397.1</ele>
   </trkpt>
   <trkpt lat="45.1186900" lon="7.2432810">
    <ele>397.3</ele>
   </trkpt>
   <trkpt lat="45.1186900" lon="7.2433460">
    <ele>397.5</ele>
   </trkpt>
   <trkpt lat="45.1186950" lon="7.2434140">
    <ele>397.7</ele>
   </trkpt>
   <trkpt lat="45.1187050" lon="7.2434880">
    <ele>397.9</ele>
   </trkpt>
   <trkpt lat="45.1187120" lon="7.2435600">
    <ele>398.1</ele>
   </trkpt>
   <trkpt lat="45.1187190" lon="7.2436320">
    <ele>398.3</ele>
   </trkpt>
   <trkpt lat="45.1187270" lon="7.2437050">
    <ele>398.5</ele>
   </trkpt>
   <trkpt lat="45.1187340" lon="7.2437800">
    <ele>398.7</ele>
   </trkpt>
   <trkpt lat="45.1187450" lon="7.2438480">
    <ele>398.9</ele>
   </trkpt>
   <trkpt lat="45.1187560" lon="7.2439180">
    <ele>399.1</ele>
   </trkpt>
   <trkpt lat="45.1187670" lon="7.2439910">
    <ele>399.3</ele>
   </trkpt>
   <trkpt lat="45.1187790" lon="7.2440640">
    <ele>399.5</ele>
   </trkpt>
   <trkpt lat="45.1187920" lon="7.2441380">
    <ele>399.7</ele>
   </trkpt>
   <trkpt lat="45.1188050" lon="7.2442130">
    <ele>399.9</ele>
   </trkpt>
   <trkpt lat="45.1188210" lon="7.2442900">
    <ele>400.2</ele>
   </trkpt>
   <trkpt lat="45.1188320" lon="7.2443660">
    <ele>400.4</ele>
   </trkpt>
   <trkpt lat="45.1188450" lon="7.2444420">
    <ele>400.6</ele>
   </trkpt>
   <trkpt lat="45.1188580" lon="7.2445160">
    <ele>400.8</ele>
   </trkpt>
   <trkpt lat="45.1188690" lon="7.2445910">
    <ele>401.0</ele>
   </trkpt>
   <trkpt lat="45.1188810" lon="7.2446660">
    <ele>401.2</ele>
   </trkpt>
   <trkpt lat="45.1188940" lon="7.2447420">
    <ele>401.3</ele>
   </trkpt>
   <trkpt lat="45.1189060" lon="7.2448170">
    <ele>401.5</ele>
   </trkpt>
   <trkpt lat="45.1189210" lon="7.2448910">
    <ele>401.7</ele>
   </trkpt>
   <trkpt lat="45.1189340" lon="7.2449690">
    <ele>401.8</ele>
   </trkpt>
   <trkpt lat="45.1189460" lon="7.2450450">
    <ele>402.0</ele>
   </trkpt>
   <trkpt lat="45.1189580" lon="7.2451220">
    <ele>402.1</ele>
   </trkpt>
   <trkpt lat="45.1189670" lon="7.2451960">
    <ele>402.2</ele>
   </trkpt>
   <trkpt lat="45.1189810" lon="7.2452750">
    <ele>402.4</ele>
   </trkpt>
   <trkpt lat="45.1189950" lon="7.2453550">
    <ele>402.5</ele>
   </trkpt>
   <trkpt lat="45.1190080" lon="7.2454360">
    <ele>402.6</ele>
   </trkpt>
   <trkpt lat="45.1190200" lon="7.2455170">
    <ele>402.7</ele>
   </trkpt>
   <trkpt lat="45.1190340" lon="7.2456000">
    <ele>402.7</ele>
   </trkpt>
   <trkpt lat="45.1190470" lon="7.2456850">
    <ele>402.7</ele>
   </trkpt>
   <trkpt lat="45.1190620" lon="7.2457700">
    <ele>402.7</ele>
   </trkpt>
   <trkpt lat="45.1190760" lon="7.2458560">
    <ele>402.7</ele>
   </trkpt>
   <trkpt lat="45.1190890" lon="7.2459440">
    <ele>402.7</ele>
   </trkpt>
   <trkpt lat="45.1191030" lon="7.2460280">
    <ele>402.6</ele>
   </trkpt>
   <trkpt lat="45.1191180" lon="7.2461170">
    <ele>402.5</ele>
   </trkpt>
   <trkpt lat="45.1191350" lon="7.2462050">
    <ele>402.4</ele>
   </trkpt>
   <trkpt lat="45.1191520" lon="7.2462940">
    <ele>402.3</ele>
   </trkpt>
   <trkpt lat="45.1191680" lon="7.2463850">
    <ele>402.1</ele>
   </trkpt>
   <trkpt lat="45.1191850" lon="7.2464780">
    <ele>401.9</ele>
   </trkpt>
   <trkpt lat="45.1192030" lon="7.2465770">
    <ele>401.7</ele>
   </trkpt>
   <trkpt lat="45.1192230" lon="7.2466770">
    <ele>401.5</ele>
   </trkpt>
   <trkpt lat="45.1192420" lon="7.2467770">
    <ele>401.3</ele>
   </trkpt>
   <trkpt lat="45.1192580" lon="7.2468810">
    <ele>401.1</ele>
   </trkpt>
   <trkpt lat="45.1192760" lon="7.2469900">
    <ele>400.8</ele>
   </trkpt>
   <trkpt lat="45.1192960" lon="7.2471010">
    <ele>400.5</ele>
   </trkpt>
   <trkpt lat="45.1193140" lon="7.2472180">
    <ele>400.2</ele>
   </trkpt>
   <trkpt lat="45.1193310" lon="7.2473350">
    <ele>399.9</ele>
   </trkpt>
   <trkpt lat="45.1193500" lon="7.2474520">
    <ele>399.6</ele>
   </trkpt>
   <trkpt lat="45.1193690" lon="7.2475660">
    <ele>399.4</ele>
   </trkpt>
   <trkpt lat="45.1193900" lon="7.2476810">
    <ele>399.1</ele>
   </trkpt>
   <trkpt lat="45.1194090" lon="7.2478000">
    <ele>398.7</ele>
   </trkpt>
   <trkpt lat="45.1194300" lon="7.2479260">
    <ele>398.1</ele>
   </trkpt>
   <trkpt lat="45.1194490" lon="7.2480530">
    <ele>397.6</ele>
   </trkpt>
   <trkpt lat="45.1194700" lon="7.2481850">
    <ele>397.0</ele>
   </trkpt>
   <trkpt lat="45.1194920" lon="7.2483140">
    <ele>396.4</ele>
   </trkpt>
   <trkpt lat="45.1195140" lon="7.2484410">
    <ele>395.9</ele>
   </trkpt>
   <trkpt lat="45.1195370" lon="7.2485700">
    <ele>395.3</ele>
   </trkpt>
   <trkpt lat="45.1195550" lon="7.2487030">
    <ele>394.7</ele>
   </trkpt>
   <trkpt lat="45.1195690" lon="7.2488290">
    <ele>394.2</ele>
   </trkpt>
   <trkpt lat="45.1195760" lon="7.2489570">
    <ele>393.7</ele>
   </trkpt>
   <trkpt lat="45.1195800" lon="7.2490880">
    <ele>393.1</ele>
   </trkpt>
   <trkpt lat="45.1195790" lon="7.2492230">
    <ele>392.7</ele>
   </trkpt>
   <trkpt lat="45.1195730" lon="7.2493610">
    <ele>392.4</ele>
   </trkpt>
   <trkpt lat="45.1195630" lon="7.2495040">
    <ele>392.2</ele>
   </trkpt>
   <trkpt lat="45.1195470" lon="7.2496440">
    <ele>392.0</ele>
   </trkpt>
   <trkpt lat="45.1195230" lon="7.2497830">
    <ele>391.9</ele>
   </trkpt>
   <trkpt lat="45.1195000" lon="7.2499130">
    <ele>391.8</ele>
   </trkpt>
   <trkpt lat="45.1194670" lon="7.2500370">
    <ele>391.7</ele>
   </trkpt>
   <trkpt lat="45.1194300" lon="7.2501620">
    <ele>391.6</ele>
   </trkpt>
   <trkpt lat="45.1193900" lon="7.2502780">
    <ele>391.5</ele>
   </trkpt>
   <trkpt lat="45.1193440" lon="7.2503900">
    <ele>391.4</ele>
   </trkpt>
   <trkpt lat="45.1192990" lon="7.2504960">
    <ele>391.3</ele>
   </trkpt>
   <trkpt lat="45.1192500" lon="7.2505970">
    <ele>391.2</ele>
   </trkpt>
   <trkpt lat="45.1191980" lon="7.2506940">
    <ele>391.2</ele>
   </trkpt>
   <trkpt lat="45.1191460" lon="7.2507900">
    <ele>391.1</ele>
   </trkpt>
   <trkpt lat="45.1190930" lon="7.2508750">
    <ele>391.1</ele>
   </trkpt>
   <trkpt lat="45.1190320" lon="7.2509400">
    <ele>391.0</ele>
   </trkpt>
   <trkpt lat="45.1189740" lon="7.2510150">
    <ele>390.9</ele>
   </trkpt>
   <trkpt lat="45.1189200" lon="7.2510900">
    <ele>390.9</ele>
   </trkpt>
   <trkpt lat="45.1188660" lon="7.2511640">
    <ele>390.9</ele>
   </trkpt>
   <trkpt lat="45.1188090" lon="7.2512340">
    <ele>390.8</ele>
   </trkpt>
   <trkpt lat="45.1187540" lon="7.2513050">
    <ele>390.8</ele>
   </trkpt>
   <trkpt lat="45.1187030" lon="7.2513760">
    <ele>390.8</ele>
   </trkpt>
   <trkpt lat="45.1186470" lon="7.2514440">
    <ele>390.7</ele>
   </trkpt>
   <trkpt lat="45.1185910" lon="7.2515190">
    <ele>390.7</ele>
   </trkpt>
   <trkpt lat="45.1185370" lon="7.2515860">
    <ele>390.7</ele>
   </trkpt>
   <trkpt lat="45.1184850" lon="7.2516480">
    <ele>390.6</ele>
   </trkpt>
   <trkpt lat="45.1184310" lon="7.2517120">
    <ele>390.6</ele>
   </trkpt>
   <trkpt lat="45.1183800" lon="7.2517770">
    <ele>390.6</ele>
   </trkpt>
   <trkpt lat="45.1183320" lon="7.2518450">
    <ele>390.6</ele>
   </trkpt>
   <trkpt lat="45.1182840" lon="7.2519080">
    <ele>390.6</ele>
   </trkpt>
   <trkpt lat="45.1182370" lon="7.2519680">
    <ele>390.6</ele>
   </trkpt>
   <trkpt lat="45.1181890" lon="7.2520260">
    <ele>390.6</ele>
   </trkpt>
   <trkpt lat="45.1181430" lon="7.2520810">
    <ele>390.6</ele>
   </trkpt>
   <trkpt lat="45.1180940" lon="7.2521400">
    <ele>390.6</ele>
   </trkpt>
   <trkpt lat="45.1180390" lon="7.2521980">
    <ele>390.5</ele>
   </trkpt>
   <trkpt lat="45.1179890" lon="7.2522590">
    <ele>390.5</ele>
   </trkpt>
   <trkpt lat="45.1179410" lon="7.2523210">
    <ele>390.5</ele>
   </trkpt>
   <trkpt lat="45.1178930" lon="7.2523900">
    <ele>390.4</ele>
   </trkpt>
   <trkpt lat="45.1178430" lon="7.2524560">
    <ele>390.4</ele>
   </trkpt>
   <trkpt lat="45.1177930" lon="7.2525240">
    <ele>390.4</ele>
   </trkpt>
   <trkpt lat="45.1177450" lon="7.2525970">
    <ele>390.3</ele>
   </trkpt>
   <trkpt lat="45.1176940" lon="7.2526630">
    <ele>390.3</ele>
   </trkpt>
   <trkpt lat="45.1176390" lon="7.2527240">
    <ele>390.3</ele>
   </trkpt>
   <trkpt lat="45.1175860" lon="7.2527860">
    <ele>390.2</ele>
   </trkpt>
   <trkpt lat="45.1175340" lon="7.2528510">
    <ele>390.2</ele>
   </trkpt>
   <trkpt lat="45.1174810" lon="7.2529160">
    <ele>390.2</ele>
   </trkpt>
   <trkpt lat="45.1174310" lon="7.2529860">
    <ele>390.1</ele>
   </trkpt>
   <trkpt lat="45.1173790" lon="7.2530550">
    <ele>390.1</ele>
   </trkpt>
   <trkpt lat="45.1173250" lon="7.2531240">
    <ele>390.0</ele>
   </trkpt>
   <trkpt lat="45.1172730" lon="7.2531910">
    <ele>390.0</ele>
   </trkpt>
   <trkpt lat="45.1172230" lon="7.2532620">
    <ele>389.9</ele>
   </trkpt>
   <trkpt lat="45.1171720" lon="7.2533330">
    <ele>389.8</ele>
   </trkpt>
   <trkpt lat="45.1171230" lon="7.2534000">
    <ele>389.8</ele>
   </trkpt>
   <trkpt lat="45.1170750" lon="7.2534610">
    <ele>389.8</ele>
   </trkpt>
   <trkpt lat="45.1170270" lon="7.2535180">
    <ele>389.8</ele>
   </trkpt>
   <trkpt lat="45.1169770" lon="7.2535790">
    <ele>389.8</ele>
   </trkpt>
   <trkpt lat="45.1169260" lon="7.2536440">
    <ele>389.8</ele>
   </trkpt>
   <trkpt lat="45.1168800" lon="7.2537070">
    <ele>389.7</ele>
   </trkpt>
   <trkpt lat="45.1168320" lon="7.2537730">
    <ele>389.7</ele>
   </trkpt>
   <trkpt lat="45.1167820" lon="7.2538370">
    <ele>389.6</ele>
   </trkpt>
   <trkpt lat="45.1167350" lon="7.2539010">
    <ele>389.5</ele>
   </trkpt>
   <trkpt lat="45.1166840" lon="7.2539650">
    <ele>389.5</ele>
   </trkpt>
   <trkpt lat="45.1166330" lon="7.2540260">
    <ele>389.5</ele>
   </trkpt>
   <trkpt lat="45.1165840" lon="7.2540850">
    <ele>389.4</ele>
   </trkpt>
   <trkpt lat="45.1165350" lon="7.2541470">
    <ele>389.4</ele>
   </trkpt>
   <trkpt lat="45.1164860" lon="7.2542100">
    <ele>389.4</ele>
   </trkpt>
   <trkpt lat="45.1164350" lon="7.2542740">
    <ele>389.3</ele>
   </trkpt>
   <trkpt lat="45.1163860" lon="7.2543340">
    <ele>389.3</ele>
   </trkpt>
   <trkpt lat="45.1163380" lon="7.2544010">
    <ele>389.3</ele>
   </trkpt>
   <trkpt lat="45.1162880" lon="7.2544680">
    <ele>389.2</ele>
   </trkpt>
   <trkpt lat="45.1162380" lon="7.2545290">
    <ele>389.2</ele>
   </trkpt>
   <trkpt lat="45.1161910" lon="7.2545900">
    <ele>389.2</ele>
   </trkpt>
   <trkpt lat="45.1161450" lon="7.2546510">
    <ele>389.2</ele>
   </trkpt>
   <trkpt lat="45.1160970" lon="7.2547170">
    <ele>389.1</ele>
   </trkpt>
   <trkpt lat="45.1160490" lon="7.2547770">
    <ele>389.1</ele>
   </trkpt>
   <trkpt lat="45.1159970" lon="7.2548390">
    <ele>389.1</ele>
   </trkpt>
   <trkpt lat="45.1159460" lon="7.2549040">
    <ele>389.0</ele>
   </trkpt>
   <trkpt lat="45.1158960" lon="7.2549730">
    <ele>389.0</ele>
   </trkpt>
   <trkpt lat="45.1158490" lon="7.2550350">
    <ele>389.0</ele>
   </trkpt>
   <trkpt lat="45.1157990" lon="7.2550960">
    <ele>388.9</ele>
   </trkpt>
   <trkpt lat="45.1157500" lon="7.2551600">
    <ele>388.9</ele>
   </trkpt>
   <trkpt lat="45.1156990" lon="7.2552250">
    <ele>388.9</ele>
   </trkpt>
   <trkpt lat="45.1156500" lon="7.2552890">
    <ele>388.8</ele>
   </trkpt>
   <trkpt lat="45.1156010" lon="7.2553510">
    <ele>388.8</ele>
   </trkpt>
   <trkpt lat="45.1155510" lon="7.2554180">
    <ele>388.8</ele>
   </trkpt>
   <trkpt lat="45.1155050" lon="7.2554830">
    <ele>388.8</ele>
   </trkpt>
   <trkpt lat="45.1154580" lon="7.2555430">
    <ele>388.7</ele>
   </trkpt>
   <trkpt lat="45.1154110" lon="7.2556020">
    <ele>388.7</ele>
   </trkpt>
   <trkpt lat="45.1153630" lon="7.2556670">
    <ele>388.7</ele>
   </trkpt>
   <trkpt lat="45.1153150" lon="7.2557330">
    <ele>388.7</ele>
   </trkpt>
   <trkpt lat="45.1152660" lon="7.2557930">
    <ele>388.6</ele>
   </trkpt>
   <trkpt lat="45.1152220" lon="7.2558500">
    <ele>388.6</ele>
   </trkpt>
   <trkpt lat="45.1151770" lon="7.2559070">
    <ele>388.5</ele>
   </trkpt>
   <trkpt lat="45.1151350" lon="7.2559650">
    <ele>388.5</ele>
   </trkpt>
   <trkpt lat="45.1150910" lon="7.2560260">
    <ele>388.4</ele>
   </trkpt>
   <trkpt lat="45.1150470" lon="7.2560900">
    <ele>388.4</ele>
   </trkpt>
   <trkpt lat="45.1150070" lon="7.2561530">
    <ele>388.4</ele>
   </trkpt>
   <trkpt lat="45.1149660" lon="7.2562180">
    <ele>388.3</ele>
   </trkpt>
   <trkpt lat="45.1149250" lon="7.2562800">
    <ele>388.3</ele>
   </trkpt>
   <trkpt lat="45.1148850" lon="7.2563490">
    <ele>388.3</ele>
   </trkpt>
   <trkpt lat="45.1148460" lon="7.2564190">
    <ele>388.2</ele>
   </trkpt>
   <trkpt lat="45.1148070" lon="7.2564920">
    <ele>388.2</ele>
   </trkpt>
   <trkpt lat="45.1147670" lon="7.2565600">
    <ele>388.2</ele>
   </trkpt>
   <trkpt lat="45.1147290" lon="7.2566290">
    <ele>388.2</ele>
   </trkpt>
   <trkpt lat="45.1146910" lon="7.2567040">
    <ele>388.1</ele>
   </trkpt>
   <trkpt lat="45.1146550" lon="7.2567790">
    <ele>388.1</ele>
   </trkpt>
   <trkpt lat="45.1146170" lon="7.2568560">
    <ele>388.1</ele>
   </trkpt>
   <trkpt lat="45.1145790" lon="7.2569310">
    <ele>388.1</ele>
   </trkpt>
   <trkpt lat="45.1145450" lon="7.2570100">
    <ele>388.1</ele>
   </trkpt>
   <trkpt lat="45.1145120" lon="7.2570900">
    <ele>388.1</ele>
   </trkpt>
   <trkpt lat="45.1144770" lon="7.2571730">
    <ele>388.1</ele>
   </trkpt>
   <trkpt lat="45.1144440" lon="7.2572560">
    <ele>388.1</ele>
   </trkpt>
   <trkpt lat="45.1144130" lon="7.2573410">
    <ele>388.0</ele>
   </trkpt>
   <trkpt lat="45.1143820" lon="7.2574280">
    <ele>388.0</ele>
   </trkpt>
   <trkpt lat="45.1143540" lon="7.2575140">
    <ele>387.9</ele>
   </trkpt>
   <trkpt lat="45.1143250" lon="7.2576030">
    <ele>387.9</ele>
   </trkpt>
   <trkpt lat="45.1142970" lon="7.2576920">
    <ele>387.8</ele>
   </trkpt>
   <trkpt lat="45.1142700" lon="7.2577820">
    <ele>387.8</ele>
   </trkpt>
   <trkpt lat="45.1142430" lon="7.2578760">
    <ele>387.7</ele>
   </trkpt>
   <trkpt lat="45.1142190" lon="7.2579670">
    <ele>387.7</ele>
   </trkpt>
   <trkpt lat="45.1141910" lon="7.2580540">
    <ele>387.6</ele>
   </trkpt>
   <trkpt lat="45.1141640" lon="7.2581410">
    <ele>387.6</ele>
   </trkpt>
   <trkpt lat="45.1141370" lon="7.2582280">
    <ele>387.5</ele>
   </trkpt>
   <trkpt lat="45.1141090" lon="7.2583100">
    <ele>387.5</ele>
   </trkpt>
   <trkpt lat="45.1140530" lon="7.2584670">
    <ele>387.4</ele>
   </trkpt>
   <trkpt lat="45.1140310" lon="7.2585530">
    <ele>387.3</ele>
   </trkpt>
   <trkpt lat="45.1140020" lon="7.2586410">
    <ele>387.3</ele>
   </trkpt>
   <trkpt lat="45.1139740" lon="7.2587380">
    <ele>387.2</ele>
   </trkpt>
   <trkpt lat="45.1139530" lon="7.2588220">
    <ele>387.2</ele>
   </trkpt>
   <trkpt lat="45.1139290" lon="7.2589020">
    <ele>387.1</ele>
   </trkpt>
   <trkpt lat="45.1139050" lon="7.2589850">
    <ele>387.0</ele>
   </trkpt>
   <trkpt lat="45.1138800" lon="7.2590780">
    <ele>387.0</ele>
   </trkpt>
   <trkpt lat="45.1138520" lon="7.2591690">
    <ele>386.9</ele>
   </trkpt>
   <trkpt lat="45.1138220" lon="7.2592580">
    <ele>386.9</ele>
   </trkpt>
   <trkpt lat="45.1137920" lon="7.2593430">
    <ele>386.8</ele>
   </trkpt>
   <trkpt lat="45.1137630" lon="7.2594310">
    <ele>386.8</ele>
   </trkpt>
   <trkpt lat="45.1137360" lon="7.2595200">
    <ele>386.7</ele>
   </trkpt>
   <trkpt lat="45.1137050" lon="7.2596070">
    <ele>386.7</ele>
   </trkpt>
   <trkpt lat="45.1136770" lon="7.2596890">
    <ele>386.7</ele>
   </trkpt>
   <trkpt lat="45.1136500" lon="7.2597760">
    <ele>386.7</ele>
   </trkpt>
   <trkpt lat="45.1136230" lon="7.2598600">
    <ele>386.7</ele>
   </trkpt>
   <trkpt lat="45.1135950" lon="7.2599490">
    <ele>386.7</ele>
   </trkpt>
   <trkpt lat="45.1135690" lon="7.2600380">
    <ele>386.7</ele>
   </trkpt>
   <trkpt lat="45.1135410" lon="7.2601280">
    <ele>386.6</ele>
   </trkpt>
   <trkpt lat="45.1135160" lon="7.2602110">
    <ele>386.6</ele>
   </trkpt>
   <trkpt lat="45.1134890" lon="7.2602940">
    <ele>386.6</ele>
   </trkpt>
   <trkpt lat="45.1134620" lon="7.2603780">
    <ele>386.6</ele>
   </trkpt>
   <trkpt lat="45.1134370" lon="7.2604650">
    <ele>386.6</ele>
   </trkpt>
   <trkpt lat="45.1134110" lon="7.2605470">
    <ele>386.6</ele>
   </trkpt>
   <trkpt lat="45.1133820" lon="7.2606310">
    <ele>386.6</ele>
   </trkpt>
   <trkpt lat="45.1133540" lon="7.2607180">
    <ele>386.6</ele>
   </trkpt>
   <trkpt lat="45.1133310" lon="7.2608030">
    <ele>386.6</ele>
   </trkpt>
   <trkpt lat="45.1133070" lon="7.2608880">
    <ele>386.6</ele>
   </trkpt>
   <trkpt lat="45.1132860" lon="7.2609770">
    <ele>386.6</ele>
   </trkpt>
   <trkpt lat="45.1132670" lon="7.2610610">
    <ele>386.6</ele>
   </trkpt>
   <trkpt lat="45.1132460" lon="7.2611540">
    <ele>386.6</ele>
   </trkpt>
   <trkpt lat="45.1132270" lon="7.2612390">
    <ele>386.6</ele>
   </trkpt>
   <trkpt lat="45.1132080" lon="7.2613250">
    <ele>386.6</ele>
   </trkpt>
   <trkpt lat="45.1131890" lon="7.2614100">
    <ele>386.6</ele>
   </trkpt>
   <trkpt lat="45.1131690" lon="7.2614960">
    <ele>386.6</ele>
   </trkpt>
   <trkpt lat="45.1131540" lon="7.2615830">
    <ele>386.6</ele>
   </trkpt>
   <trkpt lat="45.1131400" lon="7.2616670">
    <ele>386.6</ele>
   </trkpt>
   <trkpt lat="45.1131340" lon="7.2617550">
    <ele>386.6</ele>
   </trkpt>
   <trkpt lat="45.1131290" lon="7.2618400">
    <ele>386.5</ele>
   </trkpt>
   <trkpt lat="45.1131250" lon="7.2619280">
    <ele>386.5</ele>
   </trkpt>
   <trkpt lat="45.1131190" lon="7.2620200">
    <ele>386.4</ele>
   </trkpt>
   <trkpt lat="45.1131140" lon="7.2621100">
    <ele>386.4</ele>
   </trkpt>
   <trkpt lat="45.1131080" lon="7.2622060">
    <ele>386.3</ele>
   </trkpt>
   <trkpt lat="45.1131010" lon="7.2623000">
    <ele>386.3</ele>
   </trkpt>
   <trkpt lat="45.1131000" lon="7.2623880">
    <ele>386.3</ele>
   </trkpt>
   <trkpt lat="45.1131000" lon="7.2624820">
    <ele>386.2</ele>
   </trkpt>
   <trkpt lat="45.1131060" lon="7.2625740">
    <ele>386.2</ele>
   </trkpt>
   <trkpt lat="45.1131100" lon="7.2626660">
    <ele>386.2</ele>
   </trkpt>
   <trkpt lat="45.1131090" lon="7.2627510">
    <ele>386.1</ele>
   </trkpt>
   <trkpt lat="45.1131100" lon="7.2628420">
    <ele>386.1</ele>
   </trkpt>
   <trkpt lat="45.1131110" lon="7.2629300">
    <ele>386.0</ele>
   </trkpt>
   <trkpt lat="45.1131100" lon="7.2630210">
    <ele>386.0</ele>
   </trkpt>
   <trkpt lat="45.1131110" lon="7.2631160">
    <ele>385.9</ele>
   </trkpt>
   <trkpt lat="45.1131080" lon="7.2632060">
    <ele>385.8</ele>
   </trkpt>
   <trkpt lat="45.1131100" lon="7.2632910">
    <ele>385.8</ele>
   </trkpt>
   <trkpt lat="45.1131160" lon="7.2633770">
    <ele>385.8</ele>
   </trkpt>
   <trkpt lat="45.1131190" lon="7.2636330">
    <ele>385.7</ele>
   </trkpt>
   <trkpt lat="45.1131200" lon="7.2637210">
    <ele>385.7</ele>
   </trkpt>
   <trkpt lat="45.1131160" lon="7.2638080">
    <ele>385.7</ele>
   </trkpt>
   <trkpt lat="45.1131140" lon="7.2638870">
    <ele>385.7</ele>
   </trkpt>
   <trkpt lat="45.1131070" lon="7.2639720">
    <ele>385.6</ele>
   </trkpt>
   <trkpt lat="45.1131040" lon="7.2640700">
    <ele>385.6</ele>
   </trkpt>
   <trkpt lat="45.1131120" lon="7.2641580">
    <ele>385.5</ele>
   </trkpt>
   <trkpt lat="45.1131270" lon="7.2642400">
    <ele>385.5</ele>
   </trkpt>
   <trkpt lat="45.1131390" lon="7.2643340">
    <ele>385.5</ele>
   </trkpt>
   <trkpt lat="45.1131570" lon="7.2644180">
    <ele>385.4</ele>
   </trkpt>
   <trkpt lat="45.1131740" lon="7.2645110">
    <ele>385.4</ele>
   </trkpt>
   <trkpt lat="45.1131800" lon="7.2646020">
    <ele>385.4</ele>
   </trkpt>
   <trkpt lat="45.1131910" lon="7.2646960">
    <ele>385.3</ele>
   </trkpt>
   <trkpt lat="45.1132060" lon="7.2647880">
    <ele>385.3</ele>
   </trkpt>
   <trkpt lat="45.1132150" lon="7.2648890">
    <ele>385.3</ele>
   </trkpt>
   <trkpt lat="45.1132360" lon="7.2649660">
    <ele>385.2</ele>
   </trkpt>
   <trkpt lat="45.1132550" lon="7.2650640">
    <ele>385.2</ele>
   </trkpt>
   <trkpt lat="45.1132750" lon="7.2651460">
    <ele>385.2</ele>
   </trkpt>
   <trkpt lat="45.1132980" lon="7.2652330">
    <ele>385.1</ele>
   </trkpt>
   <trkpt lat="45.1133280" lon="7.2653240">
    <ele>385.1</ele>
   </trkpt>
   <trkpt lat="45.1133620" lon="7.2654160">
    <ele>385.1</ele>
   </trkpt>
   <trkpt lat="45.1133930" lon="7.2655050">
    <ele>385.0</ele>
   </trkpt>
   <trkpt lat="45.1134280" lon="7.2655980">
    <ele>385.0</ele>
   </trkpt>
   <trkpt lat="45.1134600" lon="7.2656920">
    <ele>384.9</ele>
   </trkpt>
   <trkpt lat="45.1134930" lon="7.2657880">
    <ele>384.8</ele>
   </trkpt>
   <trkpt lat="45.1135190" lon="7.2658830">
    <ele>384.8</ele>
   </trkpt>
   <trkpt lat="45.1135480" lon="7.2659830">
    <ele>384.8</ele>
   </trkpt>
   <trkpt lat="45.1135820" lon="7.2660730">
    <ele>384.8</ele>
   </trkpt>
   <trkpt lat="45.1136150" lon="7.2661590">
    <ele>384.7</ele>
   </trkpt>
   <trkpt lat="45.1137390" lon="7.2665030">
    <ele>384.6</ele>
   </trkpt>
   <trkpt lat="45.1137740" lon="7.2666030">
    <ele>384.5</ele>
   </trkpt>
   <trkpt lat="45.1139300" lon="7.2670780">
    <ele>384.3</ele>
   </trkpt>
   <trkpt lat="45.1139480" lon="7.2671330">
    <ele>384.3</ele>
   </trkpt>
   <trkpt lat="45.1139650" lon="7.2671870">
    <ele>384.3</ele>
   </trkpt>
   <trkpt lat="45.1139940" lon="7.2672650">
    <ele>384.3</ele>
   </trkpt>
   <trkpt lat="45.1140210" lon="7.2673500">
    <ele>384.3</ele>
   </trkpt>
   <trkpt lat="45.1140480" lon="7.2674320">
    <ele>384.3</ele>
   </trkpt>
   <trkpt lat="45.1140670" lon="7.2675260">
    <ele>384.4</ele>
   </trkpt>
   <trkpt lat="45.1140740" lon="7.2676210">
    <ele>384.5</ele>
   </trkpt>
   <trkpt lat="45.1140660" lon="7.2677210">
    <ele>384.5</ele>
   </trkpt>
   <trkpt lat="45.1140710" lon="7.2678090">
    <ele>384.5</ele>
   </trkpt>
   <trkpt lat="45.1140990" lon="7.2678880">
    <ele>384.5</ele>
   </trkpt>
   <trkpt lat="45.1141380" lon="7.2679430">
    <ele>384.4</ele>
   </trkpt>
   <trkpt lat="45.1141900" lon="7.2679960">
    <ele>384.3</ele>
   </trkpt>
   <trkpt lat="45.1142340" lon="7.2680520">
    <ele>384.1</ele>
   </trkpt>
   <trkpt lat="45.1142740" lon="7.2681250">
    <ele>384.0</ele>
   </trkpt>
   <trkpt lat="45.1143090" lon="7.2682080">
    <ele>383.9</ele>
   </trkpt>
   <trkpt lat="45.1143410" lon="7.2682930">
    <ele>383.7</ele>
   </trkpt>
   <trkpt lat="45.1143740" lon="7.2683810">
    <ele>383.6</ele>
   </trkpt>
   <trkpt lat="45.1144070" lon="7.2684730">
    <ele>383.5</ele>
   </trkpt>
   <trkpt lat="45.1144370" lon="7.2685520">
    <ele>383.5</ele>
   </trkpt>
   <trkpt lat="45.1144640" lon="7.2686390">
    <ele>383.4</ele>
   </trkpt>
   <trkpt lat="45.1144960" lon="7.2687290">
    <ele>383.4</ele>
   </trkpt>
   <trkpt lat="45.1145260" lon="7.2688160">
    <ele>383.3</ele>
   </trkpt>
   <trkpt lat="45.1145570" lon="7.2689070">
    <ele>383.3</ele>
   </trkpt>
   <trkpt lat="45.1145900" lon="7.2689980">
    <ele>383.2</ele>
   </trkpt>
   <trkpt lat="45.1146250" lon="7.2690920">
    <ele>383.2</ele>
   </trkpt>
   <trkpt lat="45.1146550" lon="7.2691890">
    <ele>383.2</ele>
   </trkpt>
   <trkpt lat="45.1146880" lon="7.2692800">
    <ele>383.1</ele>
   </trkpt>
   <trkpt lat="45.1147210" lon="7.2693690">
    <ele>383.1</ele>
   </trkpt>
   <trkpt lat="45.1147520" lon="7.2694550">
    <ele>383.0</ele>
   </trkpt>
   <trkpt lat="45.1147860" lon="7.2695490">
    <ele>383.0</ele>
   </trkpt>
   <trkpt lat="45.1148180" lon="7.2696520">
    <ele>383.0</ele>
   </trkpt>
   <trkpt lat="45.1148390" lon="7.2697310">
    <ele>382.9</ele>
   </trkpt>
   <trkpt lat="45.1148660" lon="7.2698140">
    <ele>382.9</ele>
   </trkpt>
   <trkpt lat="45.1148930" lon="7.2698990">
    <ele>382.9</ele>
   </trkpt>
   <trkpt lat="45.1149240" lon="7.2699880">
    <ele>382.9</ele>
   </trkpt>
   <trkpt lat="45.1149530" lon="7.2700630">
    <ele>382.8</ele>
   </trkpt>
   <trkpt lat="45.1149840" lon="7.2701490">
    <ele>382.8</ele>
   </trkpt>
   <trkpt lat="45.1150090" lon="7.2702320">
    <ele>382.8</ele>
   </trkpt>
   <trkpt lat="45.1150330" lon="7.2703110">
    <ele>382.8</ele>
   </trkpt>
   <trkpt lat="45.1150610" lon="7.2703940">
    <ele>382.7</ele>
   </trkpt>
   <trkpt lat="45.1150880" lon="7.2704780">
    <ele>382.7</ele>
   </trkpt>
   <trkpt lat="45.1151170" lon="7.2705640">
    <ele>382.7</ele>
   </trkpt>
   <trkpt lat="45.1151480" lon="7.2706490">
    <ele>382.7</ele>
   </trkpt>
   <trkpt lat="45.1151780" lon="7.2707350">
    <ele>382.6</ele>
   </trkpt>
   <trkpt lat="45.1152050" lon="7.2708150">
    <ele>382.6</ele>
   </trkpt>
   <trkpt lat="45.1152320" lon="7.2709000">
    <ele>382.6</ele>
   </trkpt>
   <trkpt lat="45.1152610" lon="7.2709800">
    <ele>382.6</ele>
   </trkpt>
   <trkpt lat="45.1152910" lon="7.2710540">
    <ele>382.6</ele>
   </trkpt>
   <trkpt lat="45.1153170" lon="7.2711360">
    <ele>382.6</ele>
   </trkpt>
   <trkpt lat="45.1153450" lon="7.2712200">
    <ele>382.6</ele>
   </trkpt>
   <trkpt lat="45.1153740" lon="7.2712950">
    <ele>382.6</ele>
   </trkpt>
   <trkpt lat="45.1154020" lon="7.2713680">
    <ele>382.6</ele>
   </trkpt>
   <trkpt lat="45.1154310" lon="7.2714520">
    <ele>382.6</ele>
   </trkpt>
   <trkpt lat="45.1154600" lon="7.2715340">
    <ele>382.6</ele>
   </trkpt>
   <trkpt lat="45.1154880" lon="7.2716190">
    <ele>382.6</ele>
   </trkpt>
   <trkpt lat="45.1155130" lon="7.2717070">
    <ele>382.6</ele>
   </trkpt>
   <trkpt lat="45.1155450" lon="7.2717940">
    <ele>382.6</ele>
   </trkpt>
   <trkpt lat="45.1155750" lon="7.2718720">
    <ele>382.6</ele>
   </trkpt>
   <trkpt lat="45.1156030" lon="7.2719560">
    <ele>382.6</ele>
   </trkpt>
   <trkpt lat="45.1156380" lon="7.2720460">
    <ele>382.6</ele>
   </trkpt>
   <trkpt lat="45.1156720" lon="7.2721270">
    <ele>382.6</ele>
   </trkpt>
   <trkpt lat="45.1157080" lon="7.2722150">
    <ele>382.6</ele>
   </trkpt>
   <trkpt lat="45.1157380" lon="7.2722960">
    <ele>382.6</ele>
   </trkpt>
   <trkpt lat="45.1157610" lon="7.2723760">
    <ele>382.6</ele>
   </trkpt>
   <trkpt lat="45.1157860" lon="7.2724620">
    <ele>382.6</ele>
   </trkpt>
   <trkpt lat="45.1158080" lon="7.2725250">
    <ele>382.6</ele>
   </trkpt>
   <trkpt lat="45.1158320" lon="7.2726050">
    <ele>382.5</ele>
   </trkpt>
   <trkpt lat="45.1158610" lon="7.2726930">
    <ele>382.5</ele>
   </trkpt>
   <trkpt lat="45.1158910" lon="7.2727790">
    <ele>382.4</ele>
   </trkpt>
   <trkpt lat="45.1159190" lon="7.2728700">
    <ele>382.4</ele>
   </trkpt>
   <trkpt lat="45.1159460" lon="7.2729470">
    <ele>382.4</ele>
   </trkpt>
   <trkpt lat="45.1160190" lon="7.2731360">
    <ele>382.3</ele>
   </trkpt>
   <trkpt lat="45.1160840" lon="7.2733050">
    <ele>382.2</ele>
   </trkpt>
   <trkpt lat="45.1161090" lon="7.2733900">
    <ele>382.2</ele>
   </trkpt>
   <trkpt lat="45.1161330" lon="7.2734730">
    <ele>382.1</ele>
   </trkpt>
   <trkpt lat="45.1161470" lon="7.2735610">
    <ele>382.1</ele>
   </trkpt>
   <trkpt lat="45.1161700" lon="7.2736390">
    <ele>382.0</ele>
   </trkpt>
   <trkpt lat="45.1161930" lon="7.2737160">
    <ele>382.0</ele>
   </trkpt>
   <trkpt lat="45.1162170" lon="7.2738000">
    <ele>381.9</ele>
   </trkpt>
   <trkpt lat="45.1162360" lon="7.2738900">
    <ele>381.9</ele>
   </trkpt>
   <trkpt lat="45.1162500" lon="7.2739750">
    <ele>381.9</ele>
   </trkpt>
   <trkpt lat="45.1162730" lon="7.2740780">
    <ele>381.8</ele>
   </trkpt>
   <trkpt lat="45.1162970" lon="7.2741610">
    <ele>381.8</ele>
   </trkpt>
   <trkpt lat="45.1163120" lon="7.2742550">
    <ele>381.8</ele>
   </trkpt>
   <trkpt lat="45.1163280" lon="7.2743550">
    <ele>381.7</ele>
   </trkpt>
   <trkpt lat="45.1163440" lon="7.2744630">
    <ele>381.7</ele>
   </trkpt>
   <trkpt lat="45.1163580" lon="7.2745610">
    <ele>381.7</ele>
   </trkpt>
   <trkpt lat="45.1163720" lon="7.2746510">
    <ele>381.7</ele>
   </trkpt>
   <trkpt lat="45.1163860" lon="7.2747490">
    <ele>381.7</ele>
   </trkpt>
   <trkpt lat="45.1163960" lon="7.2748500">
    <ele>381.6</ele>
   </trkpt>
   <trkpt lat="45.1164080" lon="7.2749510">
    <ele>381.6</ele>
   </trkpt>
   <trkpt lat="45.1164160" lon="7.2750530">
    <ele>381.6</ele>
   </trkpt>
   <trkpt lat="45.1164280" lon="7.2751570">
    <ele>381.5</ele>
   </trkpt>
   <trkpt lat="45.1164380" lon="7.2752580">
    <ele>381.5</ele>
   </trkpt>
   <trkpt lat="45.1164420" lon="7.2753570">
    <ele>381.5</ele>
   </trkpt>
   <trkpt lat="45.1164480" lon="7.2754730">
    <ele>381.4</ele>
   </trkpt>
   <trkpt lat="45.1164450" lon="7.2755800">
    <ele>381.4</ele>
   </trkpt>
   <trkpt lat="45.1164430" lon="7.2756840">
    <ele>381.4</ele>
   </trkpt>
   <trkpt lat="45.1164430" lon="7.2757960">
    <ele>381.3</ele>
   </trkpt>
   <trkpt lat="45.1164400" lon="7.2759140">
    <ele>381.3</ele>
   </trkpt>
   <trkpt lat="45.1164330" lon="7.2760250">
    <ele>381.2</ele>
   </trkpt>
   <trkpt lat="45.1164280" lon="7.2761370">
    <ele>381.1</ele>
   </trkpt>
   <trkpt lat="45.1164230" lon="7.2762550">
    <ele>381.0</ele>
   </trkpt>
   <trkpt lat="45.1164170" lon="7.2763710">
    <ele>381.0</ele>
   </trkpt>
   <trkpt lat="45.1164110" lon="7.2764850">
    <ele>381.0</ele>
   </trkpt>
   <trkpt lat="45.1164040" lon="7.2765980">
    <ele>381.0</ele>
   </trkpt>
   <trkpt lat="45.1163960" lon="7.2767090">
    <ele>381.0</ele>
   </trkpt>
   <trkpt lat="45.1163900" lon="7.2768170">
    <ele>381.0</ele>
   </trkpt>
   <trkpt lat="45.1163850" lon="7.2769220">
    <ele>381.0</ele>
   </trkpt>
   <trkpt lat="45.1163810" lon="7.2770240">
    <ele>381.0</ele>
   </trkpt>
   <trkpt lat="45.1163750" lon="7.2771220">
    <ele>381.0</ele>
   </trkpt>
   <trkpt lat="45.1163720" lon="7.2772170">
    <ele>381.0</ele>
   </trkpt>
   <trkpt lat="45.1163680" lon="7.2773090">
    <ele>381.0</ele>
   </trkpt>
   <trkpt lat="45.1163640" lon="7.2773950">
    <ele>381.0</ele>
   </trkpt>
   <trkpt lat="45.1163620" lon="7.2774810">
    <ele>381.0</ele>
   </trkpt>
   <trkpt lat="45.1163570" lon="7.2775700">
    <ele>381.0</ele>
   </trkpt>
   <trkpt lat="45.1163530" lon="7.2776610">
    <ele>381.0</ele>
   </trkpt>
   <trkpt lat="45.1163480" lon="7.2777490">
    <ele>380.9</ele>
   </trkpt>
   <trkpt lat="45.1163430" lon="7.2778350">
    <ele>380.9</ele>
   </trkpt>
   <trkpt lat="45.1163400" lon="7.2779180">
    <ele>380.8</ele>
   </trkpt>
   <trkpt lat="45.1163350" lon="7.2779980">
    <ele>380.8</ele>
   </trkpt>
   <trkpt lat="45.1163300" lon="7.2780760">
    <ele>380.7</ele>
   </trkpt>
   <trkpt lat="45.1163270" lon="7.2781490">
    <ele>380.7</ele>
   </trkpt>
   <trkpt lat="45.1163240" lon="7.2782250">
    <ele>380.7</ele>
   </trkpt>
   <trkpt lat="45.1163200" lon="7.2783000">
    <ele>380.7</ele>
   </trkpt>
   <trkpt lat="45.1163160" lon="7.2783760">
    <ele>380.6</ele>
   </trkpt>
   <trkpt lat="45.1163090" lon="7.2784570">
    <ele>380.6</ele>
   </trkpt>
   <trkpt lat="45.1163030" lon="7.2785370">
    <ele>380.6</ele>
   </trkpt>
   <trkpt lat="45.1162980" lon="7.2786220">
    <ele>380.6</ele>
   </trkpt>
   <trkpt lat="45.1162880" lon="7.2788040">
    <ele>380.5</ele>
   </trkpt>
   <trkpt lat="45.1162830" lon="7.2788990">
    <ele>380.5</ele>
   </trkpt>
   <trkpt lat="45.1162780" lon="7.2789950">
    <ele>380.5</ele>
   </trkpt>
   <trkpt lat="45.1162730" lon="7.2790910">
    <ele>380.5</ele>
   </trkpt>
   <trkpt lat="45.1162690" lon="7.2791880">
    <ele>380.5</ele>
   </trkpt>
   <trkpt lat="45.1162650" lon="7.2792820">
    <ele>380.4</ele>
   </trkpt>
   <trkpt lat="45.1162600" lon="7.2793800">
    <ele>380.4</ele>
   </trkpt>
   <trkpt lat="45.1162570" lon="7.2794770">
    <ele>380.4</ele>
   </trkpt>
   <trkpt lat="45.1162530" lon="7.2795740">
    <ele>380.3</ele>
   </trkpt>
   <trkpt lat="45.1162470" lon="7.2796720">
    <ele>380.3</ele>
   </trkpt>
   <trkpt lat="45.1162430" lon="7.2797670">
    <ele>380.3</ele>
   </trkpt>
   <trkpt lat="45.1162400" lon="7.2798560">
    <ele>380.3</ele>
   </trkpt>
   <trkpt lat="45.1162340" lon="7.2799510">
    <ele>380.2</ele>
   </trkpt>
   <trkpt lat="45.1162310" lon="7.2800480">
    <ele>380.2</ele>
   </trkpt>
   <trkpt lat="45.1162240" lon="7.2801470">
    <ele>380.2</ele>
   </trkpt>
   <trkpt lat="45.1162190" lon="7.2802460">
    <ele>380.1</ele>
   </trkpt>
   <trkpt lat="45.1162140" lon="7.2803400">
    <ele>380.1</ele>
   </trkpt>
   <trkpt lat="45.1162100" lon="7.2804370">
    <ele>380.1</ele>
   </trkpt>
   <trkpt lat="45.1162060" lon="7.2805350">
    <ele>380.0</ele>
   </trkpt>
   <trkpt lat="45.1161990" lon="7.2806350">
    <ele>380.0</ele>
   </trkpt>
   <trkpt lat="45.1161930" lon="7.2807350">
    <ele>380.0</ele>
   </trkpt>
   <trkpt lat="45.1161900" lon="7.2808360">
    <ele>380.0</ele>
   </trkpt>
   <trkpt lat="45.1161870" lon="7.2809390">
    <ele>379.9</ele>
   </trkpt>
   <trkpt lat="45.1161840" lon="7.2810400">
    <ele>379.9</ele>
   </trkpt>
   <trkpt lat="45.1161790" lon="7.2811390">
    <ele>379.9</ele>
   </trkpt>
   <trkpt lat="45.1161740" lon="7.2812340">
    <ele>379.8</ele>
   </trkpt>
   <trkpt lat="45.1161700" lon="7.2813340">
    <ele>379.8</ele>
   </trkpt>
   <trkpt lat="45.1161680" lon="7.2814300">
    <ele>379.8</ele>
   </trkpt>
   <trkpt lat="45.1161640" lon="7.2815280">
    <ele>379.8</ele>
   </trkpt>
   <trkpt lat="45.1161580" lon="7.2816170">
    <ele>379.8</ele>
   </trkpt>
   <trkpt lat="45.1161520" lon="7.2817110">
    <ele>379.7</ele>
   </trkpt>
   <trkpt lat="45.1161430" lon="7.2818120">
    <ele>379.7</ele>
   </trkpt>
   <trkpt lat="45.1161330" lon="7.2819120">
    <ele>379.7</ele>
   </trkpt>
   <trkpt lat="45.1161290" lon="7.2820100">
    <ele>379.6</ele>
   </trkpt>
   <trkpt lat="45.1161240" lon="7.2821110">
    <ele>379.6</ele>
   </trkpt>
   <trkpt lat="45.1161220" lon="7.2822050">
    <ele>379.6</ele>
   </trkpt>
   <trkpt lat="45.1161150" lon="7.2823030">
    <ele>379.6</ele>
   </trkpt>
   <trkpt lat="45.1161090" lon="7.2823990">
    <ele>379.5</ele>
   </trkpt>
   <trkpt lat="45.1161060" lon="7.2824950">
    <ele>379.5</ele>
   </trkpt>
   <trkpt lat="45.1161020" lon="7.2825900">
    <ele>379.5</ele>
   </trkpt>
   <trkpt lat="45.1160980" lon="7.2826880">
    <ele>379.4</ele>
   </trkpt>
   <trkpt lat="45.1160940" lon="7.2827870">
    <ele>379.4</ele>
   </trkpt>
   <trkpt lat="45.1160890" lon="7.2828870">
    <ele>379.3</ele>
   </trkpt>
   <trkpt lat="45.1160840" lon="7.2829870">
    <ele>379.3</ele>
   </trkpt>
   <trkpt lat="45.1160810" lon="7.2830840">
    <ele>379.3</ele>
   </trkpt>
   <trkpt lat="45.1160800" lon="7.2831840">
    <ele>379.2</ele>
   </trkpt>
   <trkpt lat="45.1160770" lon="7.2832820">
    <ele>379.2</ele>
   </trkpt>
   <trkpt lat="45.1160700" lon="7.2833790">
    <ele>379.2</ele>
   </trkpt>
   <trkpt lat="45.1160640" lon="7.2834740">
    <ele>379.1</ele>
   </trkpt>
   <trkpt lat="45.1160580" lon="7.2835720">
    <ele>379.1</ele>
   </trkpt>
   <trkpt lat="45.1160530" lon="7.2836760">
    <ele>379.1</ele>
   </trkpt>
   <trkpt lat="45.1160470" lon="7.2837750">
    <ele>379.0</ele>
   </trkpt>
   <trkpt lat="45.1160420" lon="7.2838740">
    <ele>379.0</ele>
   </trkpt>
   <trkpt lat="45.1160410" lon="7.2839690">
    <ele>379.0</ele>
   </trkpt>
   <trkpt lat="45.1160320" lon="7.2840530">
    <ele>379.0</ele>
   </trkpt>
   <trkpt lat="45.1160260" lon="7.2841420">
    <ele>379.0</ele>
   </trkpt>
   <trkpt lat="45.1160220" lon="7.2842300">
    <ele>379.0</ele>
   </trkpt>
   <trkpt lat="45.1160190" lon="7.2843260">
    <ele>379.0</ele>
   </trkpt>
   <trkpt lat="45.1160140" lon="7.2844240">
    <ele>379.0</ele>
   </trkpt>
   <trkpt lat="45.1160070" lon="7.2845200">
    <ele>379.0</ele>
   </trkpt>
   <trkpt lat="45.1160050" lon="7.2846090">
    <ele>379.0</ele>
   </trkpt>
   <trkpt lat="45.1159990" lon="7.2846930">
    <ele>379.0</ele>
   </trkpt>
   <trkpt lat="45.1159940" lon="7.2847790">
    <ele>378.9</ele>
   </trkpt>
   <trkpt lat="45.1159880" lon="7.2848610">
    <ele>378.9</ele>
   </trkpt>
   <trkpt lat="45.1159800" lon="7.2850360">
    <ele>378.9</ele>
   </trkpt>
   <trkpt lat="45.1159770" lon="7.2851240">
    <ele>378.9</ele>
   </trkpt>
   <trkpt lat="45.1159720" lon="7.2852170">
    <ele>378.8</ele>
   </trkpt>
   <trkpt lat="45.1159680" lon="7.2853040">
    <ele>378.8</ele>
   </trkpt>
   <trkpt lat="45.1159650" lon="7.2853980">
    <ele>378.8</ele>
   </trkpt>
   <trkpt lat="45.1159620" lon="7.2854890">
    <ele>378.8</ele>
   </trkpt>
   <trkpt lat="45.1159580" lon="7.2855720">
    <ele>378.7</ele>
   </trkpt>
   <trkpt lat="45.1159520" lon="7.2856680">
    <ele>378.7</ele>
   </trkpt>
   <trkpt lat="45.1159450" lon="7.2857650">
    <ele>378.7</ele>
   </trkpt>
   <trkpt lat="45.1159410" lon="7.2858580">
    <ele>378.6</ele>
   </trkpt>
   <trkpt lat="45.1159400" lon="7.2859570">
    <ele>378.6</ele>
   </trkpt>
   <trkpt lat="45.1159380" lon="7.2860580">
    <ele>378.5</ele>
   </trkpt>
   <trkpt lat="45.1159320" lon="7.2861560">
    <ele>378.5</ele>
   </trkpt>
   <trkpt lat="45.1159290" lon="7.2862490">
    <ele>378.5</ele>
   </trkpt>
   <trkpt lat="45.1159270" lon="7.2863470">
    <ele>378.4</ele>
   </trkpt>
   <trkpt lat="45.1159220" lon="7.2864420">
    <ele>378.4</ele>
   </trkpt>
   <trkpt lat="45.1159170" lon="7.2865320">
    <ele>378.4</ele>
   </trkpt>
   <trkpt lat="45.1159140" lon="7.2866250">
    <ele>378.4</ele>
   </trkpt>
   <trkpt lat="45.1159100" lon="7.2867140">
    <ele>378.4</ele>
   </trkpt>
   <trkpt lat="45.1159060" lon="7.2867990">
    <ele>378.4</ele>
   </trkpt>
   <trkpt lat="45.1158980" lon="7.2868810">
    <ele>378.4</ele>
   </trkpt>
   <trkpt lat="45.1158870" lon="7.2869710">
    <ele>378.4</ele>
   </trkpt>
   <trkpt lat="45.1158710" lon="7.2870570">
    <ele>378.4</ele>
   </trkpt>
   <trkpt lat="45.1158510" lon="7.2871510">
    <ele>378.4</ele>
   </trkpt>
   <trkpt lat="45.1158250" lon="7.2872330">
    <ele>378.4</ele>
   </trkpt>
   <trkpt lat="45.1157930" lon="7.2873050">
    <ele>378.4</ele>
   </trkpt>
   <trkpt lat="45.1157710" lon="7.2873940">
    <ele>378.3</ele>
   </trkpt>
   <trkpt lat="45.1157730" lon="7.2874910">
    <ele>378.3</ele>
   </trkpt>
   <trkpt lat="45.1157880" lon="7.2875880">
    <ele>378.3</ele>
   </trkpt>
   <trkpt lat="45.1158120" lon="7.2876780">
    <ele>378.3</ele>
   </trkpt>
   <trkpt lat="45.1158340" lon="7.2877670">
    <ele>378.3</ele>
   </trkpt>
   <trkpt lat="45.1158440" lon="7.2878640">
    <ele>378.2</ele>
   </trkpt>
   <trkpt lat="45.1158380" lon="7.2879620">
    <ele>378.2</ele>
   </trkpt>
   <trkpt lat="45.1158380" lon="7.2880550">
    <ele>378.2</ele>
   </trkpt>
   <trkpt lat="45.1158380" lon="7.2881490">
    <ele>378.2</ele>
   </trkpt>
   <trkpt lat="45.1158360" lon="7.2882430">
    <ele>378.2</ele>
   </trkpt>
   <trkpt lat="45.1158270" lon="7.2883310">
    <ele>378.2</ele>
   </trkpt>
   <trkpt lat="45.1158220" lon="7.2884220">
    <ele>378.2</ele>
   </trkpt>
   <trkpt lat="45.1158190" lon="7.2885150">
    <ele>378.2</ele>
   </trkpt>
   <trkpt lat="45.1158160" lon="7.2886110">
    <ele>378.2</ele>
   </trkpt>
   <trkpt lat="45.1158130" lon="7.2887040">
    <ele>378.2</ele>
   </trkpt>
   <trkpt lat="45.1158110" lon="7.2887950">
    <ele>378.2</ele>
   </trkpt>
   <trkpt lat="45.1158040" lon="7.2888850">
    <ele>378.2</ele>
   </trkpt>
   <trkpt lat="45.1157990" lon="7.2889780">
    <ele>378.3</ele>
   </trkpt>
   <trkpt lat="45.1157920" lon="7.2890620">
    <ele>378.3</ele>
   </trkpt>
   <trkpt lat="45.1157880" lon="7.2891470">
    <ele>378.3</ele>
   </trkpt>
   <trkpt lat="45.1157850" lon="7.2892360">
    <ele>378.3</ele>
   </trkpt>
   <trkpt lat="45.1157830" lon="7.2893240">
    <ele>378.3</ele>
   </trkpt>
   <trkpt lat="45.1157790" lon="7.2894110">
    <ele>378.3</ele>
   </trkpt>
   <trkpt lat="45.1157750" lon="7.2895000">
    <ele>378.3</ele>
   </trkpt>
   <trkpt lat="45.1157720" lon="7.2895900">
    <ele>378.3</ele>
   </trkpt>
   <trkpt lat="45.1157680" lon="7.2896780">
    <ele>378.4</ele>
   </trkpt>
   <trkpt lat="45.1157640" lon="7.2897670">
    <ele>378.4</ele>
   </trkpt>
   <trkpt lat="45.1157610" lon="7.2898570">
    <ele>378.4</ele>
   </trkpt>
   <trkpt lat="45.1157570" lon="7.2899460">
    <ele>378.4</ele>
   </trkpt>
   <trkpt lat="45.1157510" lon="7.2900270">
    <ele>378.4</ele>
   </trkpt>
   <trkpt lat="45.1157470" lon="7.2901160">
    <ele>378.5</ele>
   </trkpt>
   <trkpt lat="45.1157420" lon="7.2902070">
    <ele>378.5</ele>
   </trkpt>
   <trkpt lat="45.1157400" lon="7.2902950">
    <ele>378.5</ele>
   </trkpt>
   <trkpt lat="45.1157370" lon="7.2903810">
    <ele>378.6</ele>
   </trkpt>
   <trkpt lat="45.1157360" lon="7.2904740">
    <ele>378.6</ele>
   </trkpt>
   <trkpt lat="45.1157350" lon="7.2905610">
    <ele>378.6</ele>
   </trkpt>
   <trkpt lat="45.1157340" lon="7.2906480">
    <ele>378.7</ele>
   </trkpt>
   <trkpt lat="45.1157310" lon="7.2907310">
    <ele>378.7</ele>
   </trkpt>
   <trkpt lat="45.1157310" lon="7.2908160">
    <ele>378.8</ele>
   </trkpt>
   <trkpt lat="45.1157310" lon="7.2909000">
    <ele>378.8</ele>
   </trkpt>
   <trkpt lat="45.1157310" lon="7.2909840">
    <ele>378.8</ele>
   </trkpt>
   <trkpt lat="45.1157300" lon="7.2910680">
    <ele>378.9</ele>
   </trkpt>
   <trkpt lat="45.1157310" lon="7.2911580">
    <ele>378.9</ele>
   </trkpt>
   <trkpt lat="45.1157330" lon="7.2912430">
    <ele>379.0</ele>
   </trkpt>
   <trkpt lat="45.1157370" lon="7.2913280">
    <ele>379.0</ele>
   </trkpt>
   <trkpt lat="45.1157410" lon="7.2914160">
    <ele>379.1</ele>
   </trkpt>
   <trkpt lat="45.1157420" lon="7.2915030">
    <ele>379.1</ele>
   </trkpt>
   <trkpt lat="45.1157450" lon="7.2915860">
    <ele>379.2</ele>
   </trkpt>
   <trkpt lat="45.1157460" lon="7.2916660">
    <ele>379.3</ele>
   </trkpt>
   <trkpt lat="45.1157480" lon="7.2917520">
    <ele>379.3</ele>
   </trkpt>
   <trkpt lat="45.1157510" lon="7.2918400">
    <ele>379.4</ele>
   </trkpt>
   <trkpt lat="45.1157550" lon="7.2919220">
    <ele>379.4</ele>
   </trkpt>
   <trkpt lat="45.1157560" lon="7.2920040">
    <ele>379.5</ele>
   </trkpt>
   <trkpt lat="45.1157580" lon="7.2920900">
    <ele>379.5</ele>
   </trkpt>
   <trkpt lat="45.1157610" lon="7.2921770">
    <ele>379.6</ele>
   </trkpt>
   <trkpt lat="45.1157640" lon="7.2922660">
    <ele>379.6</ele>
   </trkpt>
   <trkpt lat="45.1157660" lon="7.2923550">
    <ele>379.7</ele>
   </trkpt>
   <trkpt lat="45.1157690" lon="7.2924480">
    <ele>379.8</ele>
   </trkpt>
   <trkpt lat="45.1157720" lon="7.2925360">
    <ele>379.8</ele>
   </trkpt>
   <trkpt lat="45.1157760" lon="7.2926250">
    <ele>379.9</ele>
   </trkpt>
   <trkpt lat="45.1157790" lon="7.2927150">
    <ele>380.0</ele>
   </trkpt>
   <trkpt lat="45.1157840" lon="7.2928080">
    <ele>380.1</ele>
   </trkpt>
   <trkpt lat="45.1157860" lon="7.2928980">
    <ele>380.2</ele>
   </trkpt>
   <trkpt lat="45.1157870" lon="7.2929810">
    <ele>380.3</ele>
   </trkpt>
   <trkpt lat="45.1157900" lon="7.2930650">
    <ele>380.4</ele>
   </trkpt>
   <trkpt lat="45.1157920" lon="7.2931520">
    <ele>380.4</ele>
   </trkpt>
   <trkpt lat="45.1157940" lon="7.2932350">
    <ele>380.5</ele>
   </trkpt>
   <trkpt lat="45.1157970" lon="7.2933200">
    <ele>380.6</ele>
   </trkpt>
   <trkpt lat="45.1157970" lon="7.2934040">
    <ele>380.7</ele>
   </trkpt>
   <trkpt lat="45.1157960" lon="7.2934940">
    <ele>380.9</ele>
   </trkpt>
   <trkpt lat="45.1157990" lon="7.2935900">
    <ele>381.0</ele>
   </trkpt>
   <trkpt lat="45.1158050" lon="7.2936780">
    <ele>381.1</ele>
   </trkpt>
   <trkpt lat="45.1158070" lon="7.2937650">
    <ele>381.3</ele>
   </trkpt>
   <trkpt lat="45.1158070" lon="7.2938550">
    <ele>381.4</ele>
   </trkpt>
   <trkpt lat="45.1158080" lon="7.2939440">
    <ele>381.6</ele>
   </trkpt>
   <trkpt lat="45.1158090" lon="7.2940340">
    <ele>381.8</ele>
   </trkpt>
   <trkpt lat="45.1158120" lon="7.2941220">
    <ele>382.0</ele>
   </trkpt>
   <trkpt lat="45.1158130" lon="7.2942090">
    <ele>382.2</ele>
   </trkpt>
   <trkpt lat="45.1158120" lon="7.2942910">
    <ele>382.5</ele>
   </trkpt>
   <trkpt lat="45.1158100" lon="7.2943720">
    <ele>382.7</ele>
   </trkpt>
   <trkpt lat="45.1158090" lon="7.2944570">
    <ele>382.9</ele>
   </trkpt>
   <trkpt lat="45.1158100" lon="7.2946240">
    <ele>383.4</ele>
   </trkpt>
   <trkpt lat="45.1158070" lon="7.2947080">
    <ele>383.7</ele>
   </trkpt>
   <trkpt lat="45.1158060" lon="7.2947920">
    <ele>383.9</ele>
   </trkpt>
   <trkpt lat="45.1158020" lon="7.2948750">
    <ele>384.1</ele>
   </trkpt>
   <trkpt lat="45.1157970" lon="7.2949570">
    <ele>384.3</ele>
   </trkpt>
   <trkpt lat="45.1157910" lon="7.2950330">
    <ele>384.6</ele>
   </trkpt>
   <trkpt lat="45.1157850" lon="7.2951090">
    <ele>384.6</ele>
   </trkpt>
   <trkpt lat="45.1157770" lon="7.2951890">
    <ele>384.7</ele>
   </trkpt>
   <trkpt lat="45.1157800" lon="7.2952680">
    <ele>384.8</ele>
   </trkpt>
   <trkpt lat="45.1157790" lon="7.2953330">
    <ele>384.9</ele>
   </trkpt>
   <trkpt lat="45.1157740" lon="7.2955540">
    <ele>385.4</ele>
   </trkpt>
   <trkpt lat="45.1157670" lon="7.2956190">
    <ele>385.5</ele>
   </trkpt>
   <trkpt lat="45.1157520" lon="7.2956900">
    <ele>385.7</ele>
   </trkpt>
   <trkpt lat="45.1157470" lon="7.2957720">
    <ele>385.9</ele>
   </trkpt>
   <trkpt lat="45.1157440" lon="7.2958420">
    <ele>386.1</ele>
   </trkpt>
   <trkpt lat="45.1157390" lon="7.2959180">
    <ele>386.2</ele>
   </trkpt>
   <trkpt lat="45.1157240" lon="7.2959940">
    <ele>386.4</ele>
   </trkpt>
   <trkpt lat="45.1157120" lon="7.2960650">
    <ele>386.6</ele>
   </trkpt>
   <trkpt lat="45.1157020" lon="7.2961430">
    <ele>386.8</ele>
   </trkpt>
   <trkpt lat="45.1156900" lon="7.2962280">
    <ele>387.0</ele>
   </trkpt>
   <trkpt lat="45.1156830" lon="7.2963050">
    <ele>387.2</ele>
   </trkpt>
   <trkpt lat="45.1156730" lon="7.2963700">
    <ele>387.4</ele>
   </trkpt>
   <trkpt lat="45.1156640" lon="7.2964480">
    <ele>387.6</ele>
   </trkpt>
   <trkpt lat="45.1156590" lon="7.2965220">
    <ele>387.8</ele>
   </trkpt>
   <trkpt lat="45.1156410" lon="7.2966060">
    <ele>388.0</ele>
   </trkpt>
   <trkpt lat="45.1156270" lon="7.2966850">
    <ele>388.2</ele>
   </trkpt>
   <trkpt lat="45.1155970" lon="7.2968440">
    <ele>388.6</ele>
   </trkpt>
   <trkpt lat="45.1155870" lon="7.2969230">
    <ele>388.8</ele>
   </trkpt>
   <trkpt lat="45.1155770" lon="7.2970020">
    <ele>389.0</ele>
   </trkpt>
   <trkpt lat="45.1155610" lon="7.2970820">
    <ele>389.2</ele>
   </trkpt>
   <trkpt lat="45.1155470" lon="7.2971620">
    <ele>389.4</ele>
   </trkpt>
   <trkpt lat="45.1155370" lon="7.2972420">
    <ele>389.6</ele>
   </trkpt>
   <trkpt lat="45.1155250" lon="7.2973260">
    <ele>389.8</ele>
   </trkpt>
   <trkpt lat="45.1155130" lon="7.2973970">
    <ele>390.0</ele>
   </trkpt>
   <trkpt lat="45.1155010" lon="7.2974760">
    <ele>390.2</ele>
   </trkpt>
   <trkpt lat="45.1154900" lon="7.2975420">
    <ele>390.4</ele>
   </trkpt>
   <trkpt lat="45.1154770" lon="7.2976160">
    <ele>390.5</ele>
   </trkpt>
   <trkpt lat="45.1154630" lon="7.2976910">
    <ele>390.7</ele>
   </trkpt>
   <trkpt lat="45.1154450" lon="7.2977760">
    <ele>390.8</ele>
   </trkpt>
   <trkpt lat="45.1154280" lon="7.2978590">
    <ele>391.0</ele>
   </trkpt>
   <trkpt lat="45.1154110" lon="7.2979390">
    <ele>391.0</ele>
   </trkpt>
   <trkpt lat="45.1154020" lon="7.2980050">
    <ele>391.1</ele>
   </trkpt>
   <trkpt lat="45.1153900" lon="7.2980870">
    <ele>391.1</ele>
   </trkpt>
   <trkpt lat="45.1153770" lon="7.2981690">
    <ele>391.1</ele>
   </trkpt>
   <trkpt lat="45.1153670" lon="7.2982530">
    <ele>391.1</ele>
   </trkpt>
   <trkpt lat="45.1153530" lon="7.2983460">
    <ele>391.1</ele>
   </trkpt>
   <trkpt lat="45.1153370" lon="7.2984320">
    <ele>391.0</ele>
   </trkpt>
   <trkpt lat="45.1153320" lon="7.2985120">
    <ele>391.0</ele>
   </trkpt>
   <trkpt lat="45.1153140" lon="7.2985920">
    <ele>390.9</ele>
   </trkpt>
   <trkpt lat="45.1152940" lon="7.2986800">
    <ele>390.8</ele>
   </trkpt>
   <trkpt lat="45.1152830" lon="7.2987690">
    <ele>390.7</ele>
   </trkpt>
   <trkpt lat="45.1152710" lon="7.2988730">
    <ele>390.5</ele>
   </trkpt>
   <trkpt lat="45.1152550" lon="7.2989680">
    <ele>390.4</ele>
   </trkpt>
   <trkpt lat="45.1152400" lon="7.2990640">
    <ele>390.2</ele>
   </trkpt>
   <trkpt lat="45.1152250" lon="7.2991610">
    <ele>390.1</ele>
   </trkpt>
   <trkpt lat="45.1152030" lon="7.2992710">
    <ele>389.9</ele>
   </trkpt>
   <trkpt lat="45.1151780" lon="7.2993810">
    <ele>389.7</ele>
   </trkpt>
   <trkpt lat="45.1151620" lon="7.2994910">
    <ele>389.5</ele>
   </trkpt>
   <trkpt lat="45.1151470" lon="7.2995920">
    <ele>389.4</ele>
   </trkpt>
   <trkpt lat="45.1151250" lon="7.2996970">
    <ele>389.2</ele>
   </trkpt>
   <trkpt lat="45.1151040" lon="7.2998030">
    <ele>389.1</ele>
   </trkpt>
   <trkpt lat="45.1150830" lon="7.2999130">
    <ele>388.9</ele>
   </trkpt>
   <trkpt lat="45.1150590" lon="7.3000210">
    <ele>388.8</ele>
   </trkpt>
   <trkpt lat="45.1150330" lon="7.3001220">
    <ele>388.7</ele>
   </trkpt>
   <trkpt lat="45.1150060" lon="7.3002070">
    <ele>388.5</ele>
   </trkpt>
   <trkpt lat="45.1149780" lon="7.3002960">
    <ele>388.5</ele>
   </trkpt>
   <trkpt lat="45.1149520" lon="7.3003850">
    <ele>388.4</ele>
   </trkpt>
   <trkpt lat="45.1149320" lon="7.3004730">
    <ele>388.4</ele>
   </trkpt>
   <trkpt lat="45.1149060" lon="7.3005650">
    <ele>388.3</ele>
   </trkpt>
   <trkpt lat="45.1148680" lon="7.3006410">
    <ele>388.3</ele>
   </trkpt>
   <trkpt lat="45.1148220" lon="7.3007100">
    <ele>388.1</ele>
   </trkpt>
   <trkpt lat="45.1147900" lon="7.3007960">
    <ele>388.0</ele>
   </trkpt>
   <trkpt lat="45.1147770" lon="7.3009020">
    <ele>387.9</ele>
   </trkpt>
   <trkpt lat="45.1147760" lon="7.3009990">
    <ele>387.7</ele>
   </trkpt>
   <trkpt lat="45.1147720" lon="7.3011010">
    <ele>387.5</ele>
   </trkpt>
   <trkpt lat="45.1147490" lon="7.3011960">
    <ele>387.3</ele>
   </trkpt>
   <trkpt lat="45.1147160" lon="7.3012830">
    <ele>387.1</ele>
   </trkpt>
   <trkpt lat="45.1146800" lon="7.3013630">
    <ele>387.0</ele>
   </trkpt>
   <trkpt lat="45.1146370" lon="7.3014450">
    <ele>386.8</ele>
   </trkpt>
   <trkpt lat="45.1146010" lon="7.3015270">
    <ele>386.7</ele>
   </trkpt>
   <trkpt lat="45.1145650" lon="7.3016110">
    <ele>386.6</ele>
   </trkpt>
   <trkpt lat="45.1145270" lon="7.3016970">
    <ele>386.6</ele>
   </trkpt>
   <trkpt lat="45.1144910" lon="7.3017830">
    <ele>386.5</ele>
   </trkpt>
   <trkpt lat="45.1144540" lon="7.3018650">
    <ele>386.4</ele>
   </trkpt>
   <trkpt lat="45.1144210" lon="7.3019430">
    <ele>386.4</ele>
   </trkpt>
   <trkpt lat="45.1143870" lon="7.3020200">
    <ele>386.3</ele>
   </trkpt>
   <trkpt lat="45.1143500" lon="7.3021010">
    <ele>386.2</ele>
   </trkpt>
   <trkpt lat="45.1143130" lon="7.3021790">
    <ele>386.2</ele>
   </trkpt>
   <trkpt lat="45.1142780" lon="7.3022570">
    <ele>386.1</ele>
   </trkpt>
   <trkpt lat="45.1142460" lon="7.3023380">
    <ele>386.0</ele>
   </trkpt>
   <trkpt lat="45.1142100" lon="7.3024200">
    <ele>386.0</ele>
   </trkpt>
   <trkpt lat="45.1141740" lon="7.3024980">
    <ele>385.9</ele>
   </trkpt>
   <trkpt lat="45.1141380" lon="7.3025780">
    <ele>385.8</ele>
   </trkpt>
   <trkpt lat="45.1141040" lon="7.3026640">
    <ele>385.6</ele>
   </trkpt>
   <trkpt lat="45.1140680" lon="7.3027440">
    <ele>385.5</ele>
   </trkpt>
   <trkpt lat="45.1140350" lon="7.3028200">
    <ele>385.4</ele>
   </trkpt>
   <trkpt lat="45.1140010" lon="7.3028990">
    <ele>385.3</ele>
   </trkpt>
   <trkpt lat="45.1138030" lon="7.3033760">
    <ele>384.5</ele>
   </trkpt>
   <trkpt lat="45.1137700" lon="7.3034350">
    <ele>384.4</ele>
   </trkpt>
   <trkpt lat="45.1135110" lon="7.3040030">
    <ele>383.1</ele>
   </trkpt>
   <trkpt lat="45.1134790" lon="7.3040860">
    <ele>382.9</ele>
   </trkpt>
   <trkpt lat="45.1134410" lon="7.3041900">
    <ele>382.6</ele>
   </trkpt>
   <trkpt lat="45.1134030" lon="7.3042830">
    <ele>382.4</ele>
   </trkpt>
   <trkpt lat="45.1133670" lon="7.3043730">
    <ele>382.2</ele>
   </trkpt>
   <trkpt lat="45.1133340" lon="7.3044680">
    <ele>382.0</ele>
   </trkpt>
   <trkpt lat="45.1132930" lon="7.3045560">
    <ele>381.8</ele>
   </trkpt>
   <trkpt lat="45.1132470" lon="7.3046520">
    <ele>381.5</ele>
   </trkpt>
   <trkpt lat="45.1132030" lon="7.3047450">
    <ele>381.3</ele>
   </trkpt>
   <trkpt lat="45.1131700" lon="7.3048400">
    <ele>381.1</ele>
   </trkpt>
   <trkpt lat="45.1131350" lon="7.3049420">
    <ele>380.8</ele>
   </trkpt>
   <trkpt lat="45.1130900" lon="7.3050280">
    <ele>380.6</ele>
   </trkpt>
   <trkpt lat="45.1130480" lon="7.3051200">
    <ele>380.4</ele>
   </trkpt>
   <trkpt lat="45.1130060" lon="7.3052170">
    <ele>380.2</ele>
   </trkpt>
   <trkpt lat="45.1129620" lon="7.3053130">
    <ele>380.1</ele>
   </trkpt>
   <trkpt lat="45.1129210" lon="7.3054080">
    <ele>379.9</ele>
   </trkpt>
   <trkpt lat="45.1128790" lon="7.3054990">
    <ele>379.7</ele>
   </trkpt>
   <trkpt lat="45.1128390" lon="7.3055900">
    <ele>379.6</ele>
   </trkpt>
   <trkpt lat="45.1127970" lon="7.3056800">
    <ele>379.5</ele>
   </trkpt>
   <trkpt lat="45.1127530" lon="7.3057700">
    <ele>379.3</ele>
   </trkpt>
   <trkpt lat="45.1127150" lon="7.3058640">
    <ele>379.1</ele>
   </trkpt>
   <trkpt lat="45.1126790" lon="7.3059520">
    <ele>378.9</ele>
   </trkpt>
   <trkpt lat="45.1126430" lon="7.3060340">
    <ele>378.7</ele>
   </trkpt>
   <trkpt lat="45.1126050" lon="7.3061250">
    <ele>378.5</ele>
   </trkpt>
   <trkpt lat="45.1125620" lon="7.3062120">
    <ele>378.3</ele>
   </trkpt>
   <trkpt lat="45.1125240" lon="7.3063070">
    <ele>378.1</ele>
   </trkpt>
   <trkpt lat="45.1124840" lon="7.3063980">
    <ele>377.9</ele>
   </trkpt>
   <trkpt lat="45.1124440" lon="7.3064900">
    <ele>377.7</ele>
   </trkpt>
   <trkpt lat="45.1124050" lon="7.3065850">
    <ele>377.5</ele>
   </trkpt>
   <trkpt lat="45.1123610" lon="7.3066800">
    <ele>377.2</ele>
   </trkpt>
   <trkpt lat="45.1123240" lon="7.3067740">
    <ele>377.0</ele>
   </trkpt>
   <trkpt lat="45.1122860" lon="7.3068740">
    <ele>376.8</ele>
   </trkpt>
   <trkpt lat="45.1122420" lon="7.3069670">
    <ele>376.6</ele>
   </trkpt>
   <trkpt lat="45.1122000" lon="7.3070590">
    <ele>376.3</ele>
   </trkpt>
   <trkpt lat="45.1121590" lon="7.3071560">
    <ele>376.1</ele>
   </trkpt>
   <trkpt lat="45.1121150" lon="7.3072500">
    <ele>375.9</ele>
   </trkpt>
   <trkpt lat="45.1120740" lon="7.3073480">
    <ele>375.7</ele>
   </trkpt>
   <trkpt lat="45.1120300" lon="7.3074490">
    <ele>375.4</ele>
   </trkpt>
   <trkpt lat="45.1119850" lon="7.3075470">
    <ele>375.2</ele>
   </trkpt>
   <trkpt lat="45.1119410" lon="7.3076450">
    <ele>374.9</ele>
   </trkpt>
   <trkpt lat="45.1118960" lon="7.3077420">
    <ele>374.7</ele>
   </trkpt>
   <trkpt lat="45.1118520" lon="7.3078410">
    <ele>374.5</ele>
   </trkpt>
   <trkpt lat="45.1118100" lon="7.3079450">
    <ele>374.2</ele>
   </trkpt>
   <trkpt lat="45.1117660" lon="7.3080410">
    <ele>374.0</ele>
   </trkpt>
   <trkpt lat="45.1117230" lon="7.3081510">
    <ele>373.7</ele>
   </trkpt>
   <trkpt lat="45.1116770" lon="7.3082560">
    <ele>373.5</ele>
   </trkpt>
   <trkpt lat="45.1116320" lon="7.3083510">
    <ele>373.2</ele>
   </trkpt>
   <trkpt lat="45.1115950" lon="7.3084420">
    <ele>373.0</ele>
   </trkpt>
   <trkpt lat="45.1115580" lon="7.3085290">
    <ele>372.9</ele>
   </trkpt>
   <trkpt lat="45.1115200" lon="7.3086190">
    <ele>372.7</ele>
   </trkpt>
   <trkpt lat="45.1114820" lon="7.3087090">
    <ele>372.6</ele>
   </trkpt>
   <trkpt lat="45.1114420" lon="7.3088040">
    <ele>372.4</ele>
   </trkpt>
   <trkpt lat="45.1114000" lon="7.3088830">
    <ele>372.3</ele>
   </trkpt>
   <trkpt lat="45.1113610" lon="7.3089740">
    <ele>372.2</ele>
   </trkpt>
   <trkpt lat="45.1113230" lon="7.3090620">
    <ele>372.1</ele>
   </trkpt>
   <trkpt lat="45.1112830" lon="7.3091440">
    <ele>372.0</ele>
   </trkpt>
   <trkpt lat="45.1112460" lon="7.3092320">
    <ele>371.9</ele>
   </trkpt>
   <trkpt lat="45.1112110" lon="7.3093280">
    <ele>371.8</ele>
   </trkpt>
   <trkpt lat="45.1111700" lon="7.3094250">
    <ele>371.7</ele>
   </trkpt>
   <trkpt lat="45.1111310" lon="7.3095070">
    <ele>371.6</ele>
   </trkpt>
   <trkpt lat="45.1110950" lon="7.3095970">
    <ele>371.6</ele>
   </trkpt>
   <trkpt lat="45.1110530" lon="7.3096830">
    <ele>371.5</ele>
   </trkpt>
   <trkpt lat="45.1110110" lon="7.3097710">
    <ele>371.5</ele>
   </trkpt>
   <trkpt lat="45.1109740" lon="7.3098610">
    <ele>371.4</ele>
   </trkpt>
   <trkpt lat="45.1109410" lon="7.3099400">
    <ele>371.4</ele>
   </trkpt>
   <trkpt lat="45.1109020" lon="7.3100180">
    <ele>371.3</ele>
   </trkpt>
   <trkpt lat="45.1108630" lon="7.3101070">
    <ele>371.3</ele>
   </trkpt>
   <trkpt lat="45.1108270" lon="7.3101880">
    <ele>371.3</ele>
   </trkpt>
   <trkpt lat="45.1107930" lon="7.3102670">
    <ele>371.3</ele>
   </trkpt>
   <trkpt lat="45.1107610" lon="7.3103500">
    <ele>371.2</ele>
   </trkpt>
   <trkpt lat="45.1107270" lon="7.3104360">
    <ele>371.2</ele>
   </trkpt>
   <trkpt lat="45.1106940" lon="7.3105150">
    <ele>371.2</ele>
   </trkpt>
   <trkpt lat="45.1106590" lon="7.3105890">
    <ele>371.2</ele>
   </trkpt>
   <trkpt lat="45.1106280" lon="7.3106650">
    <ele>371.2</ele>
   </trkpt>
   <trkpt lat="45.1105910" lon="7.3107450">
    <ele>371.2</ele>
   </trkpt>
   <trkpt lat="45.1105600" lon="7.3108210">
    <ele>371.1</ele>
   </trkpt>
   <trkpt lat="45.1105210" lon="7.3108920">
    <ele>371.1</ele>
   </trkpt>
   <trkpt lat="45.1104930" lon="7.3109720">
    <ele>371.1</ele>
   </trkpt>
   <trkpt lat="45.1104520" lon="7.3110460">
    <ele>371.1</ele>
   </trkpt>
   <trkpt lat="45.1104230" lon="7.3111100">
    <ele>371.1</ele>
   </trkpt>
   <trkpt lat="45.1103990" lon="7.3111810">
    <ele>371.0</ele>
   </trkpt>
   <trkpt lat="45.1103700" lon="7.3112660">
    <ele>371.0</ele>
   </trkpt>
   <trkpt lat="45.1103320" lon="7.3113400">
    <ele>370.9</ele>
   </trkpt>
   <trkpt lat="45.1103010" lon="7.3114240">
    <ele>370.9</ele>
   </trkpt>
   <trkpt lat="45.1102650" lon="7.3114890">
    <ele>370.8</ele>
   </trkpt>
   <trkpt lat="45.1102280" lon="7.3115630">
    <ele>370.8</ele>
   </trkpt>
   <trkpt lat="45.1102010" lon="7.3116360">
    <ele>370.8</ele>
   </trkpt>
   <trkpt lat="45.1101700" lon="7.3117140">
    <ele>370.7</ele>
   </trkpt>
   <trkpt lat="45.1101350" lon="7.3117920">
    <ele>370.7</ele>
   </trkpt>
   <trkpt lat="45.1101030" lon="7.3118660">
    <ele>370.7</ele>
   </trkpt>
   <trkpt lat="45.1100710" lon="7.3119450">
    <ele>370.7</ele>
   </trkpt>
   <trkpt lat="45.1100360" lon="7.3120200">
    <ele>370.7</ele>
   </trkpt>
   <trkpt lat="45.1100020" lon="7.3120900">
    <ele>370.6</ele>
   </trkpt>
   <trkpt lat="45.1099700" lon="7.3121650">
    <ele>370.6</ele>
   </trkpt>
   <trkpt lat="45.1099390" lon="7.3122410">
    <ele>370.6</ele>
   </trkpt>
   <trkpt lat="45.1099050" lon="7.3123170">
    <ele>370.6</ele>
   </trkpt>
   <trkpt lat="45.1098740" lon="7.3123950">
    <ele>370.6</ele>
   </trkpt>
   <trkpt lat="45.1098440" lon="7.3124750">
    <ele>370.6</ele>
   </trkpt>
   <trkpt lat="45.1098140" lon="7.3125530">
    <ele>370.6</ele>
   </trkpt>
   <trkpt lat="45.1097850" lon="7.3126350">
    <ele>370.5</ele>
   </trkpt>
   <trkpt lat="45.1097580" lon="7.3127170">
    <ele>370.5</ele>
   </trkpt>
   <trkpt lat="45.1097310" lon="7.3127990">
    <ele>370.5</ele>
   </trkpt>
   <trkpt lat="45.1097070" lon="7.3128800">
    <ele>370.5</ele>
   </trkpt>
   <trkpt lat="45.1096830" lon="7.3129580">
    <ele>370.5</ele>
   </trkpt>
   <trkpt lat="45.1096590" lon="7.3130390">
    <ele>370.6</ele>
   </trkpt>
   <trkpt lat="45.1096390" lon="7.3131210">
    <ele>370.6</ele>
   </trkpt>
   <trkpt lat="45.1096210" lon="7.3132030">
    <ele>370.6</ele>
   </trkpt>
   <trkpt lat="45.1096060" lon="7.3132870">
    <ele>370.6</ele>
   </trkpt>
   <trkpt lat="45.1095910" lon="7.3133730">
    <ele>370.7</ele>
   </trkpt>
   <trkpt lat="45.1095790" lon="7.3134560">
    <ele>370.7</ele>
   </trkpt>
   <trkpt lat="45.1095700" lon="7.3135350">
    <ele>370.7</ele>
   </trkpt>
   <trkpt lat="45.1095620" lon="7.3136200">
    <ele>370.8</ele>
   </trkpt>
   <trkpt lat="45.1095550" lon="7.3137020">
    <ele>370.8</ele>
   </trkpt>
   <trkpt lat="45.1095490" lon="7.3137830">
    <ele>370.9</ele>
   </trkpt>
   <trkpt lat="45.1095440" lon="7.3138650">
    <ele>370.9</ele>
   </trkpt>
   <trkpt lat="45.1095440" lon="7.3139430">
    <ele>370.9</ele>
   </trkpt>
   <trkpt lat="45.1095430" lon="7.3140210">
    <ele>371.0</ele>
   </trkpt>
   <trkpt lat="45.1095430" lon="7.3141030">
    <ele>371.0</ele>
   </trkpt>
   <trkpt lat="45.1095470" lon="7.3141840">
    <ele>371.1</ele>
   </trkpt>
   <trkpt lat="45.1095470" lon="7.3142620">
    <ele>371.2</ele>
   </trkpt>
   <trkpt lat="45.1095400" lon="7.3143440">
    <ele>371.2</ele>
   </trkpt>
   <trkpt lat="45.1095210" lon="7.3144290">
    <ele>371.3</ele>
   </trkpt>
   <trkpt lat="45.1095000" lon="7.3145040">
    <ele>371.4</ele>
   </trkpt>
   <trkpt lat="45.1094760" lon="7.3145740">
    <ele>371.4</ele>
   </trkpt>
   <trkpt lat="45.1094480" lon="7.3146410">
    <ele>371.5</ele>
   </trkpt>
   <trkpt lat="45.1094240" lon="7.3147090">
    <ele>371.5</ele>
   </trkpt>
   <trkpt lat="45.1094150" lon="7.3147810">
    <ele>371.6</ele>
   </trkpt>
   <trkpt lat="45.1094290" lon="7.3148620">
    <ele>371.6</ele>
   </trkpt>
   <trkpt lat="45.1094550" lon="7.3149320">
    <ele>371.6</ele>
   </trkpt>
   <trkpt lat="45.1094880" lon="7.3150000">
    <ele>371.5</ele>
   </trkpt>
   <trkpt lat="45.1095160" lon="7.3150740">
    <ele>371.4</ele>
   </trkpt>
   <trkpt lat="45.1095400" lon="7.3151560">
    <ele>371.2</ele>
   </trkpt>
   <trkpt lat="45.1095590" lon="7.3152430">
    <ele>371.1</ele>
   </trkpt>
   <trkpt lat="45.1095670" lon="7.3153360">
    <ele>370.9</ele>
   </trkpt>
   <trkpt lat="45.1095690" lon="7.3154350">
    <ele>370.7</ele>
   </trkpt>
   <trkpt lat="45.1095710" lon="7.3155360">
    <ele>370.5</ele>
   </trkpt>
   <trkpt lat="45.1095710" lon="7.3156360">
    <ele>370.3</ele>
   </trkpt>
   <trkpt lat="45.1095720" lon="7.3157400">
    <ele>370.1</ele>
   </trkpt>
   <trkpt lat="45.1095760" lon="7.3158420">
    <ele>370.0</ele>
   </trkpt>
   <trkpt lat="45.1095800" lon="7.3159520">
    <ele>369.8</ele>
   </trkpt>
   <trkpt lat="45.1095840" lon="7.3160630">
    <ele>369.6</ele>
   </trkpt>
   <trkpt lat="45.1095870" lon="7.3161690">
    <ele>369.4</ele>
   </trkpt>
   <trkpt lat="45.1095890" lon="7.3162800">
    <ele>369.3</ele>
   </trkpt>
   <trkpt lat="45.1095920" lon="7.3163910">
    <ele>369.2</ele>
   </trkpt>
   <trkpt lat="45.1095930" lon="7.3164970">
    <ele>369.1</ele>
   </trkpt>
   <trkpt lat="45.1095930" lon="7.3166000">
    <ele>369.0</ele>
   </trkpt>
   <trkpt lat="45.1095960" lon="7.3167040">
    <ele>369.0</ele>
   </trkpt>
   <trkpt lat="45.1095970" lon="7.3168080">
    <ele>368.9</ele>
   </trkpt>
   <trkpt lat="45.1096020" lon="7.3169120">
    <ele>368.9</ele>
   </trkpt>
   <trkpt lat="45.1096070" lon="7.3170120">
    <ele>368.8</ele>
   </trkpt>
   <trkpt lat="45.1096110" lon="7.3171080">
    <ele>368.8</ele>
   </trkpt>
   <trkpt lat="45.1096110" lon="7.3172060">
    <ele>368.8</ele>
   </trkpt>
   <trkpt lat="45.1096090" lon="7.3173040">
    <ele>368.7</ele>
   </trkpt>
   <trkpt lat="45.1096090" lon="7.3174020">
    <ele>368.7</ele>
   </trkpt>
   <trkpt lat="45.1096140" lon="7.3174950">
    <ele>368.7</ele>
   </trkpt>
   <trkpt lat="45.1096170" lon="7.3175950">
    <ele>368.7</ele>
   </trkpt>
   <trkpt lat="45.1096180" lon="7.3176910">
    <ele>368.7</ele>
   </trkpt>
   <trkpt lat="45.1096160" lon="7.3177870">
    <ele>368.7</ele>
   </trkpt>
   <trkpt lat="45.1096190" lon="7.3178820">
    <ele>368.7</ele>
   </trkpt>
   <trkpt lat="45.1096220" lon="7.3179730">
    <ele>368.6</ele>
   </trkpt>
   <trkpt lat="45.1096230" lon="7.3180710">
    <ele>368.6</ele>
   </trkpt>
   <trkpt lat="45.1096260" lon="7.3181710">
    <ele>368.7</ele>
   </trkpt>
   <trkpt lat="45.1096290" lon="7.3182640">
    <ele>368.7</ele>
   </trkpt>
   <trkpt lat="45.1096380" lon="7.3183580">
    <ele>368.7</ele>
   </trkpt>
   <trkpt lat="45.1096460" lon="7.3184560">
    <ele>368.7</ele>
   </trkpt>
   <trkpt lat="45.1096540" lon="7.3185560">
    <ele>368.7</ele>
   </trkpt>
   <trkpt lat="45.1096630" lon="7.3186560">
    <ele>368.7</ele>
   </trkpt>
   <trkpt lat="45.1096730" lon="7.3187560">
    <ele>368.7</ele>
   </trkpt>
   <trkpt lat="45.1096820" lon="7.3188510">
    <ele>368.7</ele>
   </trkpt>
   <trkpt lat="45.1096920" lon="7.3189510">
    <ele>368.6</ele>
   </trkpt>
   <trkpt lat="45.1097010" lon="7.3190570">
    <ele>368.6</ele>
   </trkpt>
   <trkpt lat="45.1097160" lon="7.3191630">
    <ele>368.6</ele>
   </trkpt>
   <trkpt lat="45.1097330" lon="7.3192660">
    <ele>368.6</ele>
   </trkpt>
   <trkpt lat="45.1097540" lon="7.3193670">
    <ele>368.6</ele>
   </trkpt>
   <trkpt lat="45.1097730" lon="7.3194650">
    <ele>368.6</ele>
   </trkpt>
   <trkpt lat="45.1097920" lon="7.3195630">
    <ele>368.6</ele>
   </trkpt>
   <trkpt lat="45.1098100" lon="7.3196610">
    <ele>368.6</ele>
   </trkpt>
   <trkpt lat="45.1098310" lon="7.3197560">
    <ele>368.6</ele>
   </trkpt>
   <trkpt lat="45.1098550" lon="7.3198500">
    <ele>368.5</ele>
   </trkpt>
   <trkpt lat="45.1098780" lon="7.3199430">
    <ele>368.5</ele>
   </trkpt>
   <trkpt lat="45.1099020" lon="7.3200410">
    <ele>368.5</ele>
   </trkpt>
   <trkpt lat="45.1099280" lon="7.3201360">
    <ele>368.5</ele>
   </trkpt>
   <trkpt lat="45.1099550" lon="7.3202360">
    <ele>368.5</ele>
   </trkpt>
   <trkpt lat="45.1099800" lon="7.3203310">
    <ele>368.5</ele>
   </trkpt>
   <trkpt lat="45.1100060" lon="7.3204230">
    <ele>368.5</ele>
   </trkpt>
   <trkpt lat="45.1100330" lon="7.3205120">
    <ele>368.5</ele>
   </trkpt>
   <trkpt lat="45.1100610" lon="7.3205980">
    <ele>368.5</ele>
   </trkpt>
   <trkpt lat="45.1100910" lon="7.3206870">
    <ele>368.5</ele>
   </trkpt>
   <trkpt lat="45.1101230" lon="7.3207720">
    <ele>368.4</ele>
   </trkpt>
   <trkpt lat="45.1101560" lon="7.3208550">
    <ele>368.4</ele>
   </trkpt>
   <trkpt lat="45.1101880" lon="7.3209390">
    <ele>368.4</ele>
   </trkpt>
   <trkpt lat="45.1102230" lon="7.3210230">
    <ele>368.3</ele>
   </trkpt>
   <trkpt lat="45.1102590" lon="7.3211110">
    <ele>368.3</ele>
   </trkpt>
   <trkpt lat="45.1102940" lon="7.3211950">
    <ele>368.3</ele>
   </trkpt>
   <trkpt lat="45.1103280" lon="7.3212760">
    <ele>368.3</ele>
   </trkpt>
   <trkpt lat="45.1103620" lon="7.3213570">
    <ele>368.2</ele>
   </trkpt>
   <trkpt lat="45.1103960" lon="7.3214440">
    <ele>368.2</ele>
   </trkpt>
   <trkpt lat="45.1104280" lon="7.3215300">
    <ele>368.2</ele>
   </trkpt>
   <trkpt lat="45.1104610" lon="7.3216120">
    <ele>368.2</ele>
   </trkpt>
   <trkpt lat="45.1104920" lon="7.3216980">
    <ele>368.2</ele>
   </trkpt>
   <trkpt lat="45.1105220" lon="7.3217780">
    <ele>368.1</ele>
   </trkpt>
   <trkpt lat="45.1105570" lon="7.3218530">
    <ele>368.1</ele>
   </trkpt>
   <trkpt lat="45.1105880" lon="7.3219270">
    <ele>368.0</ele>
   </trkpt>
   <trkpt lat="45.1106190" lon="7.3220040">
    <ele>368.0</ele>
   </trkpt>
   <trkpt lat="45.1106490" lon="7.3220780">
    <ele>367.9</ele>
   </trkpt>
   <trkpt lat="45.1106770" lon="7.3221460">
    <ele>367.9</ele>
   </trkpt>
   <trkpt lat="45.1107050" lon="7.3222130">
    <ele>367.9</ele>
   </trkpt>
   <trkpt lat="45.1107590" lon="7.3223620">
    <ele>367.9</ele>
   </trkpt>
   <trkpt lat="45.1107960" lon="7.3224420">
    <ele>367.8</ele>
   </trkpt>
   <trkpt lat="45.1108310" lon="7.3225170">
    <ele>367.8</ele>
   </trkpt>
   <trkpt lat="45.1108630" lon="7.3225900">
    <ele>367.8</ele>
   </trkpt>
   <trkpt lat="45.1108850" lon="7.3226610">
    <ele>367.7</ele>
   </trkpt>
   <trkpt lat="45.1109220" lon="7.3227330">
    <ele>367.7</ele>
   </trkpt>
   <trkpt lat="45.1109510" lon="7.3228150">
    <ele>367.6</ele>
   </trkpt>
   <trkpt lat="45.1109850" lon="7.3228920">
    <ele>367.6</ele>
   </trkpt>
   <trkpt lat="45.1110190" lon="7.3229670">
    <ele>367.6</ele>
   </trkpt>
   <trkpt lat="45.1110490" lon="7.3230420">
    <ele>367.6</ele>
   </trkpt>
   <trkpt lat="45.1110840" lon="7.3231310">
    <ele>367.6</ele>
   </trkpt>
   <trkpt lat="45.1111190" lon="7.3232180">
    <ele>367.6</ele>
   </trkpt>
   <trkpt lat="45.1111530" lon="7.3232960">
    <ele>367.7</ele>
   </trkpt>
   <trkpt lat="45.1111830" lon="7.3233680">
    <ele>367.7</ele>
   </trkpt>
   <trkpt lat="45.1112090" lon="7.3234410">
    <ele>367.7</ele>
   </trkpt>
   <trkpt lat="45.1112330" lon="7.3235200">
    <ele>367.7</ele>
   </trkpt>
   <trkpt lat="45.1112650" lon="7.3235920">
    <ele>367.8</ele>
   </trkpt>
   <trkpt lat="45.1113000" lon="7.3236670">
    <ele>367.8</ele>
   </trkpt>
   <trkpt lat="45.1113300" lon="7.3237410">
    <ele>367.8</ele>
   </trkpt>
   <trkpt lat="45.1113600" lon="7.3238140">
    <ele>367.9</ele>
   </trkpt>
   <trkpt lat="45.1113930" lon="7.3238930">
    <ele>367.9</ele>
   </trkpt>
   <trkpt lat="45.1114220" lon="7.3239630">
    <ele>367.9</ele>
   </trkpt>
   <trkpt lat="45.1114500" lon="7.3240420">
    <ele>367.9</ele>
   </trkpt>
   <trkpt lat="45.1114790" lon="7.3241200">
    <ele>367.9</ele>
   </trkpt>
   <trkpt lat="45.1115110" lon="7.3241980">
    <ele>367.9</ele>
   </trkpt>
   <trkpt lat="45.1115460" lon="7.3242780">
    <ele>367.9</ele>
   </trkpt>
   <trkpt lat="45.1115830" lon="7.3243610">
    <ele>368.0</ele>
   </trkpt>
   <trkpt lat="45.1116160" lon="7.3244380">
    <ele>368.0</ele>
   </trkpt>
   <trkpt lat="45.1116510" lon="7.3245130">
    <ele>368.0</ele>
   </trkpt>
   <trkpt lat="45.1116850" lon="7.3245930">
    <ele>368.1</ele>
   </trkpt>
   <trkpt lat="45.1117080" lon="7.3246730">
    <ele>368.1</ele>
   </trkpt>
   <trkpt lat="45.1117380" lon="7.3247530">
    <ele>368.1</ele>
   </trkpt>
   <trkpt lat="45.1117670" lon="7.3248180">
    <ele>368.1</ele>
   </trkpt>
   <trkpt lat="45.1118000" lon="7.3248860">
    <ele>368.1</ele>
   </trkpt>
   <trkpt lat="45.1118290" lon="7.3249670">
    <ele>368.1</ele>
   </trkpt>
   <trkpt lat="45.1118570" lon="7.3250410">
    <ele>368.1</ele>
   </trkpt>
   <trkpt lat="45.1118890" lon="7.3251240">
    <ele>368.1</ele>
   </trkpt>
   <trkpt lat="45.1119230" lon="7.3252020">
    <ele>368.1</ele>
   </trkpt>
   <trkpt lat="45.1119600" lon="7.3252810">
    <ele>368.1</ele>
   </trkpt>
   <trkpt lat="45.1119950" lon="7.3253550">
    <ele>368.1</ele>
   </trkpt>
   <trkpt lat="45.1120250" lon="7.3254380">
    <ele>368.1</ele>
   </trkpt>
   <trkpt lat="45.1120550" lon="7.3255170">
    <ele>368.2</ele>
   </trkpt>
   <trkpt lat="45.1120810" lon="7.3255850">
    <ele>368.2</ele>
   </trkpt>
   <trkpt lat="45.1121090" lon="7.3256540">
    <ele>368.2</ele>
   </trkpt>
   <trkpt lat="45.1121400" lon="7.3257260">
    <ele>368.2</ele>
   </trkpt>
   <trkpt lat="45.1121670" lon="7.3257950">
    <ele>368.2</ele>
   </trkpt>
   <trkpt lat="45.1121970" lon="7.3258620">
    <ele>368.3</ele>
   </trkpt>
   <trkpt lat="45.1122270" lon="7.3259340">
    <ele>368.3</ele>
   </trkpt>
   <trkpt lat="45.1122550" lon="7.3260080">
    <ele>368.3</ele>
   </trkpt>
   <trkpt lat="45.1122840" lon="7.3260870">
    <ele>368.3</ele>
   </trkpt>
   <trkpt lat="45.1123140" lon="7.3261690">
    <ele>368.3</ele>
   </trkpt>
   <trkpt lat="45.1123410" lon="7.3262490">
    <ele>368.3</ele>
   </trkpt>
   <trkpt lat="45.1123720" lon="7.3263250">
    <ele>368.3</ele>
   </trkpt>
   <trkpt lat="45.1124080" lon="7.3263970">
    <ele>368.3</ele>
   </trkpt>
   <trkpt lat="45.1124400" lon="7.3264660">
    <ele>368.3</ele>
   </trkpt>
   <trkpt lat="45.1124770" lon="7.3265370">
    <ele>368.3</ele>
   </trkpt>
   <trkpt lat="45.1125120" lon="7.3266110">
    <ele>368.3</ele>
   </trkpt>
   <trkpt lat="45.1125470" lon="7.3266880">
    <ele>368.4</ele>
   </trkpt>
   <trkpt lat="45.1125830" lon="7.3267540">
    <ele>368.4</ele>
   </trkpt>
   <trkpt lat="45.1126230" lon="7.3268180">
    <ele>368.5</ele>
   </trkpt>
   <trkpt lat="45.1126620" lon="7.3268860">
    <ele>368.5</ele>
   </trkpt>
   <trkpt lat="45.1126960" lon="7.3269560">
    <ele>368.6</ele>
   </trkpt>
   <trkpt lat="45.1127140" lon="7.3270440">
    <ele>368.6</ele>
   </trkpt>
   <trkpt lat="45.1127250" lon="7.3271370">
    <ele>368.6</ele>
   </trkpt>
   <trkpt lat="45.1127510" lon="7.3272300">
    <ele>368.6</ele>
   </trkpt>
   <trkpt lat="45.1127840" lon="7.3273120">
    <ele>368.6</ele>
   </trkpt>
   <trkpt lat="45.1128160" lon="7.3273930">
    <ele>368.6</ele>
   </trkpt>
   <trkpt lat="45.1128470" lon="7.3274780">
    <ele>368.6</ele>
   </trkpt>
   <trkpt lat="45.1128760" lon="7.3275620">
    <ele>368.6</ele>
   </trkpt>
   <trkpt lat="45.1128990" lon="7.3276480">
    <ele>368.6</ele>
   </trkpt>
   <trkpt lat="45.1129240" lon="7.3277340">
    <ele>368.5</ele>
   </trkpt>
   <trkpt lat="45.1129490" lon="7.3278180">
    <ele>368.6</ele>
   </trkpt>
   <trkpt lat="45.1129780" lon="7.3279030">
    <ele>368.6</ele>
   </trkpt>
   <trkpt lat="45.1129980" lon="7.3279840">
    <ele>368.6</ele>
   </trkpt>
   <trkpt lat="45.1130180" lon="7.3280700">
    <ele>368.7</ele>
   </trkpt>
   <trkpt lat="45.1130370" lon="7.3281530">
    <ele>368.7</ele>
   </trkpt>
   <trkpt lat="45.1130520" lon="7.3282370">
    <ele>368.8</ele>
   </trkpt>
   <trkpt lat="45.1130660" lon="7.3283160">
    <ele>368.9</ele>
   </trkpt>
   <trkpt lat="45.1130770" lon="7.3283950">
    <ele>369.0</ele>
   </trkpt>
   <trkpt lat="45.1130880" lon="7.3284720">
    <ele>369.1</ele>
   </trkpt>
   <trkpt lat="45.1130940" lon="7.3285490">
    <ele>369.2</ele>
   </trkpt>
   <trkpt lat="45.1131020" lon="7.3286270">
    <ele>369.3</ele>
   </trkpt>
   <trkpt lat="45.1131110" lon="7.3287030">
    <ele>369.5</ele>
   </trkpt>
   <trkpt lat="45.1131180" lon="7.3287760">
    <ele>369.6</ele>
   </trkpt>
   <trkpt lat="45.1131220" lon="7.3288490">
    <ele>369.8</ele>
   </trkpt>
   <trkpt lat="45.1131250" lon="7.3289260">
    <ele>369.9</ele>
   </trkpt>
   <trkpt lat="45.1131270" lon="7.3290000">
    <ele>370.1</ele>
   </trkpt>
   <trkpt lat="45.1131330" lon="7.3290700">
    <ele>370.2</ele>
   </trkpt>
   <trkpt lat="45.1131320" lon="7.3291460">
    <ele>370.3</ele>
   </trkpt>
   <trkpt lat="45.1131290" lon="7.3292190">
    <ele>370.5</ele>
   </trkpt>
   <trkpt lat="45.1131240" lon="7.3292940">
    <ele>370.6</ele>
   </trkpt>
   <trkpt lat="45.1131220" lon="7.3293630">
    <ele>370.8</ele>
   </trkpt>
   <trkpt lat="45.1131200" lon="7.3294340">
    <ele>370.9</ele>
   </trkpt>
   <trkpt lat="45.1131140" lon="7.3295070">
    <ele>371.1</ele>
   </trkpt>
   <trkpt lat="45.1131060" lon="7.3295750">
    <ele>371.3</ele>
   </trkpt>
   <trkpt lat="45.1130990" lon="7.3296530">
    <ele>371.4</ele>
   </trkpt>
   <trkpt lat="45.1130920" lon="7.3297250">
    <ele>371.6</ele>
   </trkpt>
   <trkpt lat="45.1130880" lon="7.3298010">
    <ele>371.7</ele>
   </trkpt>
   <trkpt lat="45.1130810" lon="7.3298770">
    <ele>371.9</ele>
   </trkpt>
   <trkpt lat="45.1130770" lon="7.3299460">
    <ele>372.0</ele>
   </trkpt>
   <trkpt lat="45.1130730" lon="7.3300170">
    <ele>372.1</ele>
   </trkpt>
   <trkpt lat="45.1130650" lon="7.3300870">
    <ele>372.2</ele>
   </trkpt>
   <trkpt lat="45.1130580" lon="7.3301620">
    <ele>372.3</ele>
   </trkpt>
   <trkpt lat="45.1130510" lon="7.3302390">
    <ele>372.3</ele>
   </trkpt>
   <trkpt lat="45.1130450" lon="7.3303150">
    <ele>372.3</ele>
   </trkpt>
   <trkpt lat="45.1130350" lon="7.3303960">
    <ele>372.3</ele>
   </trkpt>
   <trkpt lat="45.1130270" lon="7.3304810">
    <ele>372.3</ele>
   </trkpt>
   <trkpt lat="45.1130230" lon="7.3305620">
    <ele>372.3</ele>
   </trkpt>
   <trkpt lat="45.1130140" lon="7.3306560">
    <ele>372.3</ele>
   </trkpt>
   <trkpt lat="45.1130040" lon="7.3307440">
    <ele>372.2</ele>
   </trkpt>
   <trkpt lat="45.1129930" lon="7.3308370">
    <ele>372.1</ele>
   </trkpt>
   <trkpt lat="45.1129850" lon="7.3309350">
    <ele>372.0</ele>
   </trkpt>
   <trkpt lat="45.1129740" lon="7.3310320">
    <ele>371.8</ele>
   </trkpt>
   <trkpt lat="45.1129680" lon="7.3311270">
    <ele>371.7</ele>
   </trkpt>
   <trkpt lat="45.1129600" lon="7.3312320">
    <ele>371.5</ele>
   </trkpt>
   <trkpt lat="45.1129520" lon="7.3313360">
    <ele>371.3</ele>
   </trkpt>
   <trkpt lat="45.1129400" lon="7.3314460">
    <ele>371.0</ele>
   </trkpt>
   <trkpt lat="45.1129300" lon="7.3315510">
    <ele>370.8</ele>
   </trkpt>
   <trkpt lat="45.1129190" lon="7.3316620">
    <ele>370.5</ele>
   </trkpt>
   <trkpt lat="45.1129110" lon="7.3317720">
    <ele>370.3</ele>
   </trkpt>
   <trkpt lat="45.1129030" lon="7.3318900">
    <ele>370.0</ele>
   </trkpt>
   <trkpt lat="45.1128960" lon="7.3320050">
    <ele>369.7</ele>
   </trkpt>
   <trkpt lat="45.1128870" lon="7.3321200">
    <ele>369.4</ele>
   </trkpt>
   <trkpt lat="45.1128780" lon="7.3322410">
    <ele>369.2</ele>
   </trkpt>
   <trkpt lat="45.1128650" lon="7.3323600">
    <ele>368.9</ele>
   </trkpt>
   <trkpt lat="45.1128560" lon="7.3324790">
    <ele>368.6</ele>
   </trkpt>
   <trkpt lat="45.1128490" lon="7.3326010">
    <ele>368.4</ele>
   </trkpt>
   <trkpt lat="45.1128410" lon="7.3327250">
    <ele>368.2</ele>
   </trkpt>
   <trkpt lat="45.1128290" lon="7.3328470">
    <ele>368.0</ele>
   </trkpt>
   <trkpt lat="45.1128180" lon="7.3329680">
    <ele>367.8</ele>
   </trkpt>
   <trkpt lat="45.1128070" lon="7.3330940">
    <ele>367.7</ele>
   </trkpt>
   <trkpt lat="45.1127980" lon="7.3332140">
    <ele>367.5</ele>
   </trkpt>
   <trkpt lat="45.1127810" lon="7.3333290">
    <ele>367.4</ele>
   </trkpt>
   <trkpt lat="45.1127600" lon="7.3334400">
    <ele>367.3</ele>
   </trkpt>
   <trkpt lat="45.1127490" lon="7.3335480">
    <ele>367.2</ele>
   </trkpt>
   <trkpt lat="45.1127410" lon="7.3336590">
    <ele>367.1</ele>
   </trkpt>
   <trkpt lat="45.1127370" lon="7.3337670">
    <ele>367.1</ele>
   </trkpt>
   <trkpt lat="45.1127360" lon="7.3338730">
    <ele>367.0</ele>
   </trkpt>
   <trkpt lat="45.1127330" lon="7.3339790">
    <ele>367.0</ele>
   </trkpt>
   <trkpt lat="45.1127260" lon="7.3340820">
    <ele>367.0</ele>
   </trkpt>
   <trkpt lat="45.1127230" lon="7.3341880">
    <ele>367.0</ele>
   </trkpt>
   <trkpt lat="45.1127200" lon="7.3342950">
    <ele>367.0</ele>
   </trkpt>
   <trkpt lat="45.1127170" lon="7.3344010">
    <ele>367.0</ele>
   </trkpt>
   <trkpt lat="45.1127170" lon="7.3345020">
    <ele>366.9</ele>
   </trkpt>
   <trkpt lat="45.1127150" lon="7.3346010">
    <ele>366.9</ele>
   </trkpt>
   <trkpt lat="45.1127140" lon="7.3346980">
    <ele>366.9</ele>
   </trkpt>
   <trkpt lat="45.1127130" lon="7.3347920">
    <ele>366.9</ele>
   </trkpt>
   <trkpt lat="45.1127150" lon="7.3348860">
    <ele>366.9</ele>
   </trkpt>
   <trkpt lat="45.1127180" lon="7.3349820">
    <ele>366.9</ele>
   </trkpt>
   <trkpt lat="45.1127200" lon="7.3350790">
    <ele>366.8</ele>
   </trkpt>
   <trkpt lat="45.1127210" lon="7.3351760">
    <ele>366.7</ele>
   </trkpt>
   <trkpt lat="45.1127230" lon="7.3352690">
    <ele>366.7</ele>
   </trkpt>
   <trkpt lat="45.1127270" lon="7.3353670">
    <ele>366.6</ele>
   </trkpt>
   <trkpt lat="45.1127310" lon="7.3354670">
    <ele>366.6</ele>
   </trkpt>
   <trkpt lat="45.1127340" lon="7.3355720">
    <ele>366.5</ele>
   </trkpt>
   <trkpt lat="45.1127400" lon="7.3356690">
    <ele>366.5</ele>
   </trkpt>
   <trkpt lat="45.1127450" lon="7.3357710">
    <ele>366.4</ele>
   </trkpt>
   <trkpt lat="45.1127490" lon="7.3358750">
    <ele>366.4</ele>
   </trkpt>
   <trkpt lat="45.1127510" lon="7.3359770">
    <ele>366.3</ele>
   </trkpt>
   <trkpt lat="45.1127560" lon="7.3360830">
    <ele>366.3</ele>
   </trkpt>
   <trkpt lat="45.1127650" lon="7.3361920">
    <ele>366.2</ele>
   </trkpt>
   <trkpt lat="45.1127650" lon="7.3362990">
    <ele>366.2</ele>
   </trkpt>
   <trkpt lat="45.1127690" lon="7.3364060">
    <ele>366.1</ele>
   </trkpt>
   <trkpt lat="45.1127730" lon="7.3365120">
    <ele>366.0</ele>
   </trkpt>
   <trkpt lat="45.1127770" lon="7.3366150">
    <ele>366.0</ele>
   </trkpt>
   <trkpt lat="45.1127790" lon="7.3367210">
    <ele>365.9</ele>
   </trkpt>
   <trkpt lat="45.1127820" lon="7.3368240">
    <ele>365.8</ele>
   </trkpt>
   <trkpt lat="45.1127840" lon="7.3369250">
    <ele>365.8</ele>
   </trkpt>
   <trkpt lat="45.1127860" lon="7.3370250">
    <ele>365.7</ele>
   </trkpt>
   <trkpt lat="45.1127900" lon="7.3371270">
    <ele>365.7</ele>
   </trkpt>
   <trkpt lat="45.1127930" lon="7.3372230">
    <ele>365.6</ele>
   </trkpt>
   <trkpt lat="45.1127980" lon="7.3373200">
    <ele>365.6</ele>
   </trkpt>
   <trkpt lat="45.1128040" lon="7.3374130">
    <ele>365.5</ele>
   </trkpt>
   <trkpt lat="45.1128080" lon="7.3375080">
    <ele>365.5</ele>
   </trkpt>
   <trkpt lat="45.1128090" lon="7.3376020">
    <ele>365.4</ele>
   </trkpt>
   <trkpt lat="45.1128130" lon="7.3376940">
    <ele>365.4</ele>
   </trkpt>
   <trkpt lat="45.1128160" lon="7.3377860">
    <ele>365.3</ele>
   </trkpt>
   <trkpt lat="45.1128220" lon="7.3378770">
    <ele>365.2</ele>
   </trkpt>
   <trkpt lat="45.1128270" lon="7.3379690">
    <ele>365.2</ele>
   </trkpt>
   <trkpt lat="45.1128280" lon="7.3380650">
    <ele>365.1</ele>
   </trkpt>
   <trkpt lat="45.1128300" lon="7.3381620">
    <ele>365.0</ele>
   </trkpt>
   <trkpt lat="45.1128340" lon="7.3382550">
    <ele>364.9</ele>
   </trkpt>
   <trkpt lat="45.1128360" lon="7.3383500">
    <ele>364.8</ele>
   </trkpt>
   <trkpt lat="45.1128370" lon="7.3384490">
    <ele>364.7</ele>
   </trkpt>
   <trkpt lat="45.1128400" lon="7.3385390">
    <ele>364.7</ele>
   </trkpt>
   <trkpt lat="45.1128450" lon="7.3386270">
    <ele>364.6</ele>
   </trkpt>
   <trkpt lat="45.1128490" lon="7.3387210">
    <ele>364.6</ele>
   </trkpt>
   <trkpt lat="45.1128520" lon="7.3388180">
    <ele>364.6</ele>
   </trkpt>
   <trkpt lat="45.1128570" lon="7.3389090">
    <ele>364.5</ele>
   </trkpt>
   <trkpt lat="45.1128630" lon="7.3389990">
    <ele>364.5</ele>
   </trkpt>
   <trkpt lat="45.1128660" lon="7.3390850">
    <ele>364.4</ele>
   </trkpt>
   <trkpt lat="45.1128690" lon="7.3391740">
    <ele>364.4</ele>
   </trkpt>
   <trkpt lat="45.1128730" lon="7.3392600">
    <ele>364.4</ele>
   </trkpt>
   <trkpt lat="45.1128780" lon="7.3393440">
    <ele>364.3</ele>
   </trkpt>
   <trkpt lat="45.1128800" lon="7.3394270">
    <ele>364.3</ele>
   </trkpt>
   <trkpt lat="45.1128820" lon="7.3395100">
    <ele>364.3</ele>
   </trkpt>
   <trkpt lat="45.1128850" lon="7.3396000">
    <ele>364.2</ele>
   </trkpt>
   <trkpt lat="45.1128880" lon="7.3396910">
    <ele>364.1</ele>
   </trkpt>
   <trkpt lat="45.1128890" lon="7.3397800">
    <ele>364.1</ele>
   </trkpt>
   <trkpt lat="45.1128920" lon="7.3398710">
    <ele>364.0</ele>
   </trkpt>
   <trkpt lat="45.1128980" lon="7.3399650">
    <ele>364.0</ele>
   </trkpt>
   <trkpt lat="45.1129030" lon="7.3400560">
    <ele>363.9</ele>
   </trkpt>
   <trkpt lat="45.1129090" lon="7.3401450">
    <ele>363.8</ele>
   </trkpt>
   <trkpt lat="45.1129120" lon="7.3402360">
    <ele>363.8</ele>
   </trkpt>
   <trkpt lat="45.1129130" lon="7.3403280">
    <ele>363.7</ele>
   </trkpt>
   <trkpt lat="45.1129170" lon="7.3404170">
    <ele>363.7</ele>
   </trkpt>
   <trkpt lat="45.1129220" lon="7.3405100">
    <ele>363.6</ele>
   </trkpt>
   <trkpt lat="45.1129250" lon="7.3405980">
    <ele>363.6</ele>
   </trkpt>
   <trkpt lat="45.1129320" lon="7.3406870">
    <ele>363.5</ele>
   </trkpt>
   <trkpt lat="45.1129370" lon="7.3407740">
    <ele>363.5</ele>
   </trkpt>
   <trkpt lat="45.1129440" lon="7.3408670">
    <ele>363.5</ele>
   </trkpt>
   <trkpt lat="45.1129500" lon="7.3409620">
    <ele>363.5</ele>
   </trkpt>
   <trkpt lat="45.1129560" lon="7.3410600">
    <ele>363.5</ele>
   </trkpt>
   <trkpt lat="45.1129630" lon="7.3411550">
    <ele>363.4</ele>
   </trkpt>
   <trkpt lat="45.1129690" lon="7.3412450">
    <ele>363.4</ele>
   </trkpt>
   <trkpt lat="45.1129750" lon="7.3413340">
    <ele>363.4</ele>
   </trkpt>
   <trkpt lat="45.1129750" lon="7.3414210">
    <ele>363.3</ele>
   </trkpt>
   <trkpt lat="45.1129720" lon="7.3415100">
    <ele>363.3</ele>
   </trkpt>
   <trkpt lat="45.1129670" lon="7.3415990">
    <ele>363.2</ele>
   </trkpt>
   <trkpt lat="45.1129630" lon="7.3416970">
    <ele>363.2</ele>
   </trkpt>
   <trkpt lat="45.1129660" lon="7.3417930">
    <ele>363.1</ele>
   </trkpt>
   <trkpt lat="45.1129740" lon="7.3418850">
    <ele>363.1</ele>
   </trkpt>
   <trkpt lat="45.1129790" lon="7.3419760">
    <ele>363.0</ele>
   </trkpt>
   <trkpt lat="45.1129830" lon="7.3420690">
    <ele>363.0</ele>
   </trkpt>
   <trkpt lat="45.1129890" lon="7.3421610">
    <ele>362.9</ele>
   </trkpt>
   <trkpt lat="45.1129900" lon="7.3422480">
    <ele>362.9</ele>
   </trkpt>
   <trkpt lat="45.1129890" lon="7.3423370">
    <ele>362.9</ele>
   </trkpt>
   <trkpt lat="45.1129920" lon="7.3424280">
    <ele>362.8</ele>
   </trkpt>
   <trkpt lat="45.1129970" lon="7.3425190">
    <ele>362.7</ele>
   </trkpt>
   <trkpt lat="45.1129990" lon="7.3426100">
    <ele>362.7</ele>
   </trkpt>
   <trkpt lat="45.1130000" lon="7.3427000">
    <ele>362.6</ele>
   </trkpt>
   <trkpt lat="45.1130010" lon="7.3427950">
    <ele>362.6</ele>
   </trkpt>
   <trkpt lat="45.1130070" lon="7.3428890">
    <ele>362.5</ele>
   </trkpt>
   <trkpt lat="45.1130110" lon="7.3429800">
    <ele>362.4</ele>
   </trkpt>
   <trkpt lat="45.1130150" lon="7.3430780">
    <ele>362.4</ele>
   </trkpt>
   <trkpt lat="45.1130200" lon="7.3431690">
    <ele>362.3</ele>
   </trkpt>
   <trkpt lat="45.1130210" lon="7.3432580">
    <ele>362.3</ele>
   </trkpt>
   <trkpt lat="45.1130190" lon="7.3433480">
    <ele>362.2</ele>
   </trkpt>
   <trkpt lat="45.1130200" lon="7.3434380">
    <ele>362.1</ele>
   </trkpt>
   <trkpt lat="45.1130250" lon="7.3435270">
    <ele>362.1</ele>
   </trkpt>
   <trkpt lat="45.1130290" lon="7.3436220">
    <ele>362.0</ele>
   </trkpt>
   <trkpt lat="45.1130330" lon="7.3437210">
    <ele>362.0</ele>
   </trkpt>
   <trkpt lat="45.1130360" lon="7.3438200">
    <ele>362.0</ele>
   </trkpt>
   <trkpt lat="45.1130420" lon="7.3439140">
    <ele>361.9</ele>
   </trkpt>
   <trkpt lat="45.1130460" lon="7.3440070">
    <ele>361.9</ele>
   </trkpt>
   <trkpt lat="45.1130510" lon="7.3440980">
    <ele>361.8</ele>
   </trkpt>
   <trkpt lat="45.1130530" lon="7.3441920">
    <ele>361.8</ele>
   </trkpt>
   <trkpt lat="45.1130520" lon="7.3442900">
    <ele>361.8</ele>
   </trkpt>
   <trkpt lat="45.1130570" lon="7.3443900">
    <ele>361.7</ele>
   </trkpt>
   <trkpt lat="45.1130650" lon="7.3444850">
    <ele>361.7</ele>
   </trkpt>
   <trkpt lat="45.1130700" lon="7.3445770">
    <ele>361.6</ele>
   </trkpt>
   <trkpt lat="45.1130760" lon="7.3446710">
    <ele>361.6</ele>
   </trkpt>
   <trkpt lat="45.1130800" lon="7.3447620">
    <ele>361.5</ele>
   </trkpt>
   <trkpt lat="45.1130820" lon="7.3448560">
    <ele>361.5</ele>
   </trkpt>
   <trkpt lat="45.1130830" lon="7.3449540">
    <ele>361.4</ele>
   </trkpt>
   <trkpt lat="45.1130850" lon="7.3450470">
    <ele>361.4</ele>
   </trkpt>
   <trkpt lat="45.1130890" lon="7.3451410">
    <ele>361.3</ele>
   </trkpt>
   <trkpt lat="45.1130970" lon="7.3452300">
    <ele>361.3</ele>
   </trkpt>
   <trkpt lat="45.1131040" lon="7.3453150">
    <ele>361.2</ele>
   </trkpt>
   <trkpt lat="45.1131090" lon="7.3454070">
    <ele>361.2</ele>
   </trkpt>
   <trkpt lat="45.1131140" lon="7.3454930">
    <ele>361.2</ele>
   </trkpt>
   <trkpt lat="45.1131160" lon="7.3455700">
    <ele>361.1</ele>
   </trkpt>
   <trkpt lat="45.1131150" lon="7.3456520">
    <ele>361.1</ele>
   </trkpt>
   <trkpt lat="45.1131160" lon="7.3457310">
    <ele>361.1</ele>
   </trkpt>
   <trkpt lat="45.1131200" lon="7.3458070">
    <ele>361.1</ele>
   </trkpt>
   <trkpt lat="45.1131230" lon="7.3458890">
    <ele>361.0</ele>
   </trkpt>
   <trkpt lat="45.1131290" lon="7.3459690">
    <ele>361.0</ele>
   </trkpt>
   <trkpt lat="45.1131360" lon="7.3460510">
    <ele>361.0</ele>
   </trkpt>
   <trkpt lat="45.1131380" lon="7.3461310">
    <ele>360.9</ele>
   </trkpt>
   <trkpt lat="45.1131390" lon="7.3462110">
    <ele>360.9</ele>
   </trkpt>
   <trkpt lat="45.1131420" lon="7.3463030">
    <ele>360.9</ele>
   </trkpt>
   <trkpt lat="45.1131460" lon="7.3464000">
    <ele>360.8</ele>
   </trkpt>
   <trkpt lat="45.1131470" lon="7.3464910">
    <ele>360.8</ele>
   </trkpt>
   <trkpt lat="45.1131490" lon="7.3465800">
    <ele>360.8</ele>
   </trkpt>
   <trkpt lat="45.1131550" lon="7.3466680">
    <ele>360.7</ele>
   </trkpt>
   <trkpt lat="45.1131600" lon="7.3467580">
    <ele>360.7</ele>
   </trkpt>
   <trkpt lat="45.1131670" lon="7.3468450">
    <ele>360.7</ele>
   </trkpt>
   <trkpt lat="45.1131730" lon="7.3469350">
    <ele>360.6</ele>
   </trkpt>
   <trkpt lat="45.1131790" lon="7.3470210">
    <ele>360.6</ele>
   </trkpt>
   <trkpt lat="45.1131820" lon="7.3471020">
    <ele>360.6</ele>
   </trkpt>
   <trkpt lat="45.1131860" lon="7.3471800">
    <ele>360.6</ele>
   </trkpt>
   <trkpt lat="45.1131920" lon="7.3472570">
    <ele>360.6</ele>
   </trkpt>
   <trkpt lat="45.1131960" lon="7.3473330">
    <ele>360.6</ele>
   </trkpt>
   <trkpt lat="45.1131990" lon="7.3474140">
    <ele>360.6</ele>
   </trkpt>
   <trkpt lat="45.1132030" lon="7.3475050">
    <ele>360.5</ele>
   </trkpt>
   <trkpt lat="45.1132090" lon="7.3475930">
    <ele>360.5</ele>
   </trkpt>
   <trkpt lat="45.1132150" lon="7.3476810">
    <ele>360.5</ele>
   </trkpt>
   <trkpt lat="45.1132210" lon="7.3477660">
    <ele>360.5</ele>
   </trkpt>
   <trkpt lat="45.1132250" lon="7.3478500">
    <ele>360.5</ele>
   </trkpt>
   <trkpt lat="45.1132270" lon="7.3479330">
    <ele>360.5</ele>
   </trkpt>
   <trkpt lat="45.1132170" lon="7.3480180">
    <ele>360.5</ele>
   </trkpt>
   <trkpt lat="45.1132070" lon="7.3480960">
    <ele>360.5</ele>
   </trkpt>
   <trkpt lat="45.1132030" lon="7.3481800">
    <ele>360.5</ele>
   </trkpt>
   <trkpt lat="45.1132070" lon="7.3482630">
    <ele>360.4</ele>
   </trkpt>
   <trkpt lat="45.1132110" lon="7.3483520">
    <ele>360.4</ele>
   </trkpt>
   <trkpt lat="45.1132170" lon="7.3484410">
    <ele>360.4</ele>
   </trkpt>
   <trkpt lat="45.1132210" lon="7.3485230">
    <ele>360.4</ele>
   </trkpt>
   <trkpt lat="45.1132250" lon="7.3486120">
    <ele>360.3</ele>
   </trkpt>
   <trkpt lat="45.1132260" lon="7.3487020">
    <ele>360.3</ele>
   </trkpt>
   <trkpt lat="45.1132280" lon="7.3487920">
    <ele>360.3</ele>
   </trkpt>
   <trkpt lat="45.1132280" lon="7.3488800">
    <ele>360.2</ele>
   </trkpt>
   <trkpt lat="45.1132270" lon="7.3489670">
    <ele>360.2</ele>
   </trkpt>
   <trkpt lat="45.1132290" lon="7.3490560">
    <ele>360.2</ele>
   </trkpt>
   <trkpt lat="45.1132390" lon="7.3491510">
    <ele>360.1</ele>
   </trkpt>
   <trkpt lat="45.1132440" lon="7.3492460">
    <ele>360.1</ele>
   </trkpt>
   <trkpt lat="45.1132430" lon="7.3493350">
    <ele>360.2</ele>
   </trkpt>
   <trkpt lat="45.1132450" lon="7.3494260">
    <ele>360.2</ele>
   </trkpt>
   <trkpt lat="45.1132460" lon="7.3495220">
    <ele>360.2</ele>
   </trkpt>
   <trkpt lat="45.1132510" lon="7.3496210">
    <ele>360.2</ele>
   </trkpt>
   <trkpt lat="45.1132560" lon="7.3497210">
    <ele>360.2</ele>
   </trkpt>
   <trkpt lat="45.1132600" lon="7.3498230">
    <ele>360.2</ele>
   </trkpt>
   <trkpt lat="45.1132650" lon="7.3499210">
    <ele>360.2</ele>
   </trkpt>
   <trkpt lat="45.1132670" lon="7.3500160">
    <ele>360.1</ele>
   </trkpt>
   <trkpt lat="45.1132700" lon="7.3501160">
    <ele>360.1</ele>
   </trkpt>
   <trkpt lat="45.1132750" lon="7.3502150">
    <ele>360.1</ele>
   </trkpt>
   <trkpt lat="45.1132770" lon="7.3503140">
    <ele>360.0</ele>
   </trkpt>
   <trkpt lat="45.1132820" lon="7.3504120">
    <ele>360.0</ele>
   </trkpt>
   <trkpt lat="45.1132860" lon="7.3505070">
    <ele>360.0</ele>
   </trkpt>
   <trkpt lat="45.1132890" lon="7.3506040">
    <ele>359.9</ele>
   </trkpt>
   <trkpt lat="45.1132940" lon="7.3507060">
    <ele>359.9</ele>
   </trkpt>
   <trkpt lat="45.1132960" lon="7.3508070">
    <ele>359.8</ele>
   </trkpt>
   <trkpt lat="45.1132990" lon="7.3509070">
    <ele>359.8</ele>
   </trkpt>
   <trkpt lat="45.1133030" lon="7.3510030">
    <ele>359.8</ele>
   </trkpt>
   <trkpt lat="45.1133050" lon="7.3511050">
    <ele>359.7</ele>
   </trkpt>
   <trkpt lat="45.1133090" lon="7.3512090">
    <ele>359.7</ele>
   </trkpt>
   <trkpt lat="45.1133140" lon="7.3513180">
    <ele>359.7</ele>
   </trkpt>
   <trkpt lat="45.1133170" lon="7.3514230">
    <ele>359.7</ele>
   </trkpt>
   <trkpt lat="45.1133210" lon="7.3515270">
    <ele>359.6</ele>
   </trkpt>
   <trkpt lat="45.1133260" lon="7.3516320">
    <ele>359.6</ele>
   </trkpt>
   <trkpt lat="45.1133320" lon="7.3517260">
    <ele>359.6</ele>
   </trkpt>
   <trkpt lat="45.1133360" lon="7.3518290">
    <ele>359.6</ele>
   </trkpt>
   <trkpt lat="45.1133400" lon="7.3519300">
    <ele>359.5</ele>
   </trkpt>
   <trkpt lat="45.1133400" lon="7.3520280">
    <ele>359.5</ele>
   </trkpt>
   <trkpt lat="45.1133450" lon="7.3521250">
    <ele>359.5</ele>
   </trkpt>
   <trkpt lat="45.1133470" lon="7.3522320">
    <ele>359.4</ele>
   </trkpt>
   <trkpt lat="45.1133510" lon="7.3523390">
    <ele>359.4</ele>
   </trkpt>
   <trkpt lat="45.1133560" lon="7.3524350">
    <ele>359.4</ele>
   </trkpt>
   <trkpt lat="45.1133590" lon="7.3525280">
    <ele>359.3</ele>
   </trkpt>
   <trkpt lat="45.1133630" lon="7.3526230">
    <ele>359.3</ele>
   </trkpt>
   <trkpt lat="45.1133630" lon="7.3527230">
    <ele>359.2</ele>
   </trkpt>
   <trkpt lat="45.1133680" lon="7.3528200">
    <ele>359.2</ele>
   </trkpt>
   <trkpt lat="45.1133690" lon="7.3529170">
    <ele>359.1</ele>
   </trkpt>
   <trkpt lat="45.1133740" lon="7.3530180">
    <ele>359.1</ele>
   </trkpt>
   <trkpt lat="45.1133800" lon="7.3531270">
    <ele>359.1</ele>
   </trkpt>
   <trkpt lat="45.1133850" lon="7.3532320">
    <ele>359.0</ele>
   </trkpt>
   <trkpt lat="45.1133880" lon="7.3533360">
    <ele>359.0</ele>
   </trkpt>
   <trkpt lat="45.1133960" lon="7.3534430">
    <ele>358.9</ele>
   </trkpt>
   <trkpt lat="45.1134010" lon="7.3535480">
    <ele>358.9</ele>
   </trkpt>
   <trkpt lat="45.1134040" lon="7.3536520">
    <ele>358.9</ele>
   </trkpt>
   <trkpt lat="45.1134070" lon="7.3537510">
    <ele>358.8</ele>
   </trkpt>
   <trkpt lat="45.1134050" lon="7.3538490">
    <ele>358.8</ele>
   </trkpt>
   <trkpt lat="45.1134060" lon="7.3539520">
    <ele>358.8</ele>
   </trkpt>
   <trkpt lat="45.1134080" lon="7.3540550">
    <ele>358.8</ele>
   </trkpt>
   <trkpt lat="45.1134150" lon="7.3541540">
    <ele>358.7</ele>
   </trkpt>
   <trkpt lat="45.1134250" lon="7.3542550">
    <ele>358.7</ele>
   </trkpt>
   <trkpt lat="45.1134300" lon="7.3543510">
    <ele>358.7</ele>
   </trkpt>
   <trkpt lat="45.1134350" lon="7.3544520">
    <ele>358.7</ele>
   </trkpt>
   <trkpt lat="45.1134410" lon="7.3545510">
    <ele>358.7</ele>
   </trkpt>
   <trkpt lat="45.1134440" lon="7.3546470">
    <ele>358.6</ele>
   </trkpt>
   <trkpt lat="45.1134490" lon="7.3547470">
    <ele>358.6</ele>
   </trkpt>
   <trkpt lat="45.1134530" lon="7.3548460">
    <ele>358.6</ele>
   </trkpt>
   <trkpt lat="45.1134570" lon="7.3549460">
    <ele>358.5</ele>
   </trkpt>
   <trkpt lat="45.1134600" lon="7.3550420">
    <ele>358.5</ele>
   </trkpt>
   <trkpt lat="45.1134610" lon="7.3551400">
    <ele>358.5</ele>
   </trkpt>
   <trkpt lat="45.1134650" lon="7.3552410">
    <ele>358.5</ele>
   </trkpt>
   <trkpt lat="45.1134710" lon="7.3553470">
    <ele>358.5</ele>
   </trkpt>
   <trkpt lat="45.1134730" lon="7.3554450">
    <ele>358.5</ele>
   </trkpt>
   <trkpt lat="45.1134750" lon="7.3555470">
    <ele>358.4</ele>
   </trkpt>
   <trkpt lat="45.1134770" lon="7.3556450">
    <ele>358.4</ele>
   </trkpt>
   <trkpt lat="45.1134780" lon="7.3557430">
    <ele>358.4</ele>
   </trkpt>
   <trkpt lat="45.1134820" lon="7.3558420">
    <ele>358.3</ele>
   </trkpt>
   <trkpt lat="45.1134870" lon="7.3559390">
    <ele>358.3</ele>
   </trkpt>
   <trkpt lat="45.1134900" lon="7.3560390">
    <ele>358.3</ele>
   </trkpt>
   <trkpt lat="45.1134920" lon="7.3561370">
    <ele>358.2</ele>
   </trkpt>
   <trkpt lat="45.1134940" lon="7.3562340">
    <ele>358.2</ele>
   </trkpt>
   <trkpt lat="45.1134930" lon="7.3563300">
    <ele>358.2</ele>
   </trkpt>
   <trkpt lat="45.1134880" lon="7.3564270">
    <ele>358.1</ele>
   </trkpt>
   <trkpt lat="45.1134860" lon="7.3565160">
    <ele>358.1</ele>
   </trkpt>
   <trkpt lat="45.1134820" lon="7.3566110">
    <ele>358.0</ele>
   </trkpt>
   <trkpt lat="45.1134780" lon="7.3567080">
    <ele>358.0</ele>
   </trkpt>
   <trkpt lat="45.1134720" lon="7.3568040">
    <ele>357.9</ele>
   </trkpt>
   <trkpt lat="45.1134670" lon="7.3569060">
    <ele>357.9</ele>
   </trkpt>
   <trkpt lat="45.1134600" lon="7.3570040">
    <ele>357.9</ele>
   </trkpt>
   <trkpt lat="45.1134510" lon="7.3570990">
    <ele>357.8</ele>
   </trkpt>
   <trkpt lat="45.1134370" lon="7.3572030">
    <ele>357.8</ele>
   </trkpt>
   <trkpt lat="45.1134210" lon="7.3573030">
    <ele>357.8</ele>
   </trkpt>
   <trkpt lat="45.1134060" lon="7.3574050">
    <ele>357.8</ele>
   </trkpt>
   <trkpt lat="45.1133910" lon="7.3574960">
    <ele>357.7</ele>
   </trkpt>
   <trkpt lat="45.1133700" lon="7.3575850">
    <ele>357.7</ele>
   </trkpt>
   <trkpt lat="45.1133510" lon="7.3576760">
    <ele>357.7</ele>
   </trkpt>
   <trkpt lat="45.1133320" lon="7.3577570">
    <ele>357.6</ele>
   </trkpt>
   <trkpt lat="45.1133130" lon="7.3578470">
    <ele>357.6</ele>
   </trkpt>
   <trkpt lat="45.1132910" lon="7.3579350">
    <ele>357.6</ele>
   </trkpt>
   <trkpt lat="45.1132640" lon="7.3580210">
    <ele>357.6</ele>
   </trkpt>
   <trkpt lat="45.1132420" lon="7.3581060">
    <ele>357.6</ele>
   </trkpt>
   <trkpt lat="45.1132240" lon="7.3581900">
    <ele>357.6</ele>
   </trkpt>
   <trkpt lat="45.1132030" lon="7.3582770">
    <ele>357.6</ele>
   </trkpt>
   <trkpt lat="45.1131810" lon="7.3583650">
    <ele>357.6</ele>
   </trkpt>
   <trkpt lat="45.1131600" lon="7.3584550">
    <ele>357.6</ele>
   </trkpt>
   <trkpt lat="45.1131360" lon="7.3585430">
    <ele>357.6</ele>
   </trkpt>
   <trkpt lat="45.1131110" lon="7.3586290">
    <ele>357.5</ele>
   </trkpt>
   <trkpt lat="45.1130870" lon="7.3587120">
    <ele>357.5</ele>
   </trkpt>
   <trkpt lat="45.1130620" lon="7.3588000">
    <ele>357.5</ele>
   </trkpt>
   <trkpt lat="45.1130360" lon="7.3588870">
    <ele>357.5</ele>
   </trkpt>
   <trkpt lat="45.1130170" lon="7.3589690">
    <ele>357.4</ele>
   </trkpt>
   <trkpt lat="45.1129950" lon="7.3590590">
    <ele>357.4</ele>
   </trkpt>
   <trkpt lat="45.1129730" lon="7.3591500">
    <ele>357.4</ele>
   </trkpt>
   <trkpt lat="45.1129510" lon="7.3592380">
    <ele>357.4</ele>
   </trkpt>
   <trkpt lat="45.1129280" lon="7.3593270">
    <ele>357.4</ele>
   </trkpt>
   <trkpt lat="45.1129060" lon="7.3594190">
    <ele>357.3</ele>
   </trkpt>
   <trkpt lat="45.1128870" lon="7.3595050">
    <ele>357.3</ele>
   </trkpt>
   <trkpt lat="45.1128640" lon="7.3595920">
    <ele>357.3</ele>
   </trkpt>
   <trkpt lat="45.1128410" lon="7.3596830">
    <ele>357.3</ele>
   </trkpt>
   <trkpt lat="45.1128160" lon="7.3597700">
    <ele>357.3</ele>
   </trkpt>
   <trkpt lat="45.1127930" lon="7.3598580">
    <ele>357.3</ele>
   </trkpt>
   <trkpt lat="45.1127720" lon="7.3599470">
    <ele>357.3</ele>
   </trkpt>
   <trkpt lat="45.1127470" lon="7.3600370">
    <ele>357.3</ele>
   </trkpt>
   <trkpt lat="45.1127260" lon="7.3601220">
    <ele>357.2</ele>
   </trkpt>
   <trkpt lat="45.1127030" lon="7.3602070">
    <ele>357.2</ele>
   </trkpt>
   <trkpt lat="45.1126800" lon="7.3602900">
    <ele>357.2</ele>
   </trkpt>
   <trkpt lat="45.1126570" lon="7.3603790">
    <ele>357.1</ele>
   </trkpt>
   <trkpt lat="45.1126340" lon="7.3604640">
    <ele>357.1</ele>
   </trkpt>
   <trkpt lat="45.1126110" lon="7.3605480">
    <ele>357.1</ele>
   </trkpt>
   <trkpt lat="45.1125870" lon="7.3606320">
    <ele>357.1</ele>
   </trkpt>
   <trkpt lat="45.1125640" lon="7.3607150">
    <ele>357.1</ele>
   </trkpt>
   <trkpt lat="45.1125430" lon="7.3607990">
    <ele>357.1</ele>
   </trkpt>
   <trkpt lat="45.1125190" lon="7.3608820">
    <ele>357.0</ele>
   </trkpt>
   <trkpt lat="45.1124980" lon="7.3609690">
    <ele>357.0</ele>
   </trkpt>
   <trkpt lat="45.1124760" lon="7.3610580">
    <ele>357.0</ele>
   </trkpt>
   <trkpt lat="45.1124550" lon="7.3611470">
    <ele>357.0</ele>
   </trkpt>
   <trkpt lat="45.1124350" lon="7.3612290">
    <ele>357.0</ele>
   </trkpt>
   <trkpt lat="45.1124130" lon="7.3613100">
    <ele>357.1</ele>
   </trkpt>
   <trkpt lat="45.1123970" lon="7.3613920">
    <ele>357.1</ele>
   </trkpt>
   <trkpt lat="45.1123780" lon="7.3614710">
    <ele>357.1</ele>
   </trkpt>
   <trkpt lat="45.1123530" lon="7.3615470">
    <ele>357.1</ele>
   </trkpt>
   <trkpt lat="45.1123210" lon="7.3616200">
    <ele>357.1</ele>
   </trkpt>
   <trkpt lat="45.1122800" lon="7.3616900">
    <ele>357.1</ele>
   </trkpt>
   <trkpt lat="45.1122300" lon="7.3617490">
    <ele>357.1</ele>
   </trkpt>
   <trkpt lat="45.1121810" lon="7.3618020">
    <ele>357.1</ele>
   </trkpt>
   <trkpt lat="45.1121480" lon="7.3618750">
    <ele>357.1</ele>
   </trkpt>
   <trkpt lat="45.1121350" lon="7.3619640">
    <ele>357.1</ele>
   </trkpt>
   <trkpt lat="45.1121370" lon="7.3620540">
    <ele>357.1</ele>
   </trkpt>
   <trkpt lat="45.1121510" lon="7.3621390">
    <ele>357.1</ele>
   </trkpt>
   <trkpt lat="45.1121600" lon="7.3622220">
    <ele>357.1</ele>
   </trkpt>
   <trkpt lat="45.1121460" lon="7.3623120">
    <ele>357.0</ele>
   </trkpt>
   <trkpt lat="45.1121220" lon="7.3623990">
    <ele>357.0</ele>
   </trkpt>
   <trkpt lat="45.1121060" lon="7.3624840">
    <ele>357.0</ele>
   </trkpt>
   <trkpt lat="45.1120850" lon="7.3625740">
    <ele>357.0</ele>
   </trkpt>
   <trkpt lat="45.1120640" lon="7.3626600">
    <ele>356.9</ele>
   </trkpt>
   <trkpt lat="45.1120450" lon="7.3627460">
    <ele>356.9</ele>
   </trkpt>
   <trkpt lat="45.1120250" lon="7.3628290">
    <ele>356.9</ele>
   </trkpt>
   <trkpt lat="45.1120040" lon="7.3629160">
    <ele>356.9</ele>
   </trkpt>
   <trkpt lat="45.1119850" lon="7.3630030">
    <ele>356.8</ele>
   </trkpt>
   <trkpt lat="45.1119600" lon="7.3630920">
    <ele>356.8</ele>
   </trkpt>
   <trkpt lat="45.1119340" lon="7.3631830">
    <ele>356.8</ele>
   </trkpt>
   <trkpt lat="45.1119110" lon="7.3632720">
    <ele>356.8</ele>
   </trkpt>
   <trkpt lat="45.1118860" lon="7.3633610">
    <ele>356.8</ele>
   </trkpt>
   <trkpt lat="45.1118620" lon="7.3634480">
    <ele>356.8</ele>
   </trkpt>
   <trkpt lat="45.1118400" lon="7.3635420">
    <ele>356.8</ele>
   </trkpt>
   <trkpt lat="45.1118180" lon="7.3636250">
    <ele>356.8</ele>
   </trkpt>
   <trkpt lat="45.1117940" lon="7.3637140">
    <ele>356.8</ele>
   </trkpt>
   <trkpt lat="45.1117720" lon="7.3638030">
    <ele>356.8</ele>
   </trkpt>
   <trkpt lat="45.1117510" lon="7.3638910">
    <ele>356.8</ele>
   </trkpt>
   <trkpt lat="45.1117300" lon="7.3639770">
    <ele>356.8</ele>
   </trkpt>
   <trkpt lat="45.1117090" lon="7.3640660">
    <ele>356.8</ele>
   </trkpt>
   <trkpt lat="45.1116850" lon="7.3641490">
    <ele>356.7</ele>
   </trkpt>
   <trkpt lat="45.1116650" lon="7.3642360">
    <ele>356.7</ele>
   </trkpt>
   <trkpt lat="45.1116410" lon="7.3643240">
    <ele>356.7</ele>
   </trkpt>
   <trkpt lat="45.1116140" lon="7.3644120">
    <ele>356.7</ele>
   </trkpt>
   <trkpt lat="45.1115920" lon="7.3644980">
    <ele>356.7</ele>
   </trkpt>
   <trkpt lat="45.1115710" lon="7.3645790">
    <ele>356.6</ele>
   </trkpt>
   <trkpt lat="45.1115500" lon="7.3646630">
    <ele>356.6</ele>
   </trkpt>
   <trkpt lat="45.1115290" lon="7.3647540">
    <ele>356.6</ele>
   </trkpt>
   <trkpt lat="45.1115080" lon="7.3648410">
    <ele>356.6</ele>
   </trkpt>
   <trkpt lat="45.1114890" lon="7.3649270">
    <ele>356.6</ele>
   </trkpt>
   <trkpt lat="45.1114670" lon="7.3650060">
    <ele>356.6</ele>
   </trkpt>
   <trkpt lat="45.1114430" lon="7.3650910">
    <ele>356.5</ele>
   </trkpt>
   <trkpt lat="45.1114180" lon="7.3651780">
    <ele>356.5</ele>
   </trkpt>
   <trkpt lat="45.1113940" lon="7.3652660">
    <ele>356.5</ele>
   </trkpt>
   <trkpt lat="45.1113730" lon="7.3653560">
    <ele>356.5</ele>
   </trkpt>
   <trkpt lat="45.1113510" lon="7.3654480">
    <ele>356.5</ele>
   </trkpt>
   <trkpt lat="45.1113310" lon="7.3655360">
    <ele>356.4</ele>
   </trkpt>
   <trkpt lat="45.1113070" lon="7.3656270">
    <ele>356.4</ele>
   </trkpt>
   <trkpt lat="45.1112820" lon="7.3657160">
    <ele>356.4</ele>
   </trkpt>
   <trkpt lat="45.1112570" lon="7.3658110">
    <ele>356.4</ele>
   </trkpt>
   <trkpt lat="45.1112340" lon="7.3658960">
    <ele>356.4</ele>
   </trkpt>
   <trkpt lat="45.1112120" lon="7.3659860">
    <ele>356.3</ele>
   </trkpt>
   <trkpt lat="45.1111890" lon="7.3660720">
    <ele>356.3</ele>
   </trkpt>
   <trkpt lat="45.1111640" lon="7.3661690">
    <ele>356.3</ele>
   </trkpt>
   <trkpt lat="45.1111400" lon="7.3662630">
    <ele>356.3</ele>
   </trkpt>
   <trkpt lat="45.1111180" lon="7.3663600">
    <ele>356.2</ele>
   </trkpt>
   <trkpt lat="45.1110930" lon="7.3664480">
    <ele>356.2</ele>
   </trkpt>
   <trkpt lat="45.1110670" lon="7.3665370">
    <ele>356.2</ele>
   </trkpt>
   <trkpt lat="45.1110430" lon="7.3666220">
    <ele>356.2</ele>
   </trkpt>
   <trkpt lat="45.1110210" lon="7.3667060">
    <ele>356.1</ele>
   </trkpt>
   <trkpt lat="45.1110000" lon="7.3667890">
    <ele>356.1</ele>
   </trkpt>
   <trkpt lat="45.1109760" lon="7.3668720">
    <ele>356.1</ele>
   </trkpt>
   <trkpt lat="45.1109530" lon="7.3669520">
    <ele>356.1</ele>
   </trkpt>
   <trkpt lat="45.1109270" lon="7.3670310">
    <ele>356.1</ele>
   </trkpt>
   <trkpt lat="45.1109020" lon="7.3671110">
    <ele>356.1</ele>
   </trkpt>
   <trkpt lat="45.1108780" lon="7.3671830">
    <ele>356.0</ele>
   </trkpt>
   <trkpt lat="45.1108530" lon="7.3672650">
    <ele>356.0</ele>
   </trkpt>
   <trkpt lat="45.1108270" lon="7.3673440">
    <ele>356.0</ele>
   </trkpt>
   <trkpt lat="45.1108000" lon="7.3674230">
    <ele>356.0</ele>
   </trkpt>
   <trkpt lat="45.1107700" lon="7.3674990">
    <ele>356.0</ele>
   </trkpt>
   <trkpt lat="45.1107410" lon="7.3675750">
    <ele>356.1</ele>
   </trkpt>
   <trkpt lat="45.1107130" lon="7.3676560">
    <ele>356.1</ele>
   </trkpt>
   <trkpt lat="45.1106830" lon="7.3677330">
    <ele>356.1</ele>
   </trkpt>
   <trkpt lat="45.1106510" lon="7.3678090">
    <ele>356.1</ele>
   </trkpt>
   <trkpt lat="45.1106170" lon="7.3678780">
    <ele>356.2</ele>
   </trkpt>
   <trkpt lat="45.1105850" lon="7.3679500">
    <ele>356.2</ele>
   </trkpt>
   <trkpt lat="45.1105550" lon="7.3680200">
    <ele>356.2</ele>
   </trkpt>
   <trkpt lat="45.1105220" lon="7.3680910">
    <ele>356.2</ele>
   </trkpt>
   <trkpt lat="45.1104850" lon="7.3681650">
    <ele>356.3</ele>
   </trkpt>
   <trkpt lat="45.1104480" lon="7.3682320">
    <ele>356.3</ele>
   </trkpt>
   <trkpt lat="45.1104110" lon="7.3683010">
    <ele>356.4</ele>
   </trkpt>
   <trkpt lat="45.1103770" lon="7.3683690">
    <ele>356.4</ele>
   </trkpt>
   <trkpt lat="45.1103390" lon="7.3684370">
    <ele>356.5</ele>
   </trkpt>
   <trkpt lat="45.1103000" lon="7.3685050">
    <ele>356.5</ele>
   </trkpt>
   <trkpt lat="45.1102600" lon="7.3685700">
    <ele>356.5</ele>
   </trkpt>
   <trkpt lat="45.1102210" lon="7.3686350">
    <ele>356.6</ele>
   </trkpt>
   <trkpt lat="45.1101820" lon="7.3687030">
    <ele>356.6</ele>
   </trkpt>
   <trkpt lat="45.1101420" lon="7.3687690">
    <ele>356.6</ele>
   </trkpt>
   <trkpt lat="45.1100990" lon="7.3688350">
    <ele>356.7</ele>
   </trkpt>
   <trkpt lat="45.1100580" lon="7.3689020">
    <ele>356.7</ele>
   </trkpt>
   <trkpt lat="45.1100150" lon="7.3689710">
    <ele>356.8</ele>
   </trkpt>
   <trkpt lat="45.1099720" lon="7.3690330">
    <ele>356.8</ele>
   </trkpt>
   <trkpt lat="45.1099270" lon="7.3690970">
    <ele>356.9</ele>
   </trkpt>
   <trkpt lat="45.1098780" lon="7.3691610">
    <ele>356.9</ele>
   </trkpt>
   <trkpt lat="45.1098290" lon="7.3692220">
    <ele>357.0</ele>
   </trkpt>
   <trkpt lat="45.1097820" lon="7.3692820">
    <ele>357.0</ele>
   </trkpt>
   <trkpt lat="45.1097310" lon="7.3693420">
    <ele>357.1</ele>
   </trkpt>
   <trkpt lat="45.1096830" lon="7.3694030">
    <ele>357.2</ele>
   </trkpt>
   <trkpt lat="45.1096340" lon="7.3694670">
    <ele>357.2</ele>
   </trkpt>
   <trkpt lat="45.1095860" lon="7.3695260">
    <ele>357.3</ele>
   </trkpt>
   <trkpt lat="45.1095350" lon="7.3695800">
    <ele>357.3</ele>
   </trkpt>
   <trkpt lat="45.1094830" lon="7.3696320">
    <ele>357.4</ele>
   </trkpt>
   <trkpt lat="45.1094370" lon="7.3696780">
    <ele>357.4</ele>
   </trkpt>
   <trkpt lat="45.1093860" lon="7.3697280">
    <ele>357.5</ele>
   </trkpt>
   <trkpt lat="45.1093380" lon="7.3697730">
    <ele>357.6</ele>
   </trkpt>
   <trkpt lat="45.1092910" lon="7.3698180">
    <ele>357.7</ele>
   </trkpt>
   <trkpt lat="45.1092430" lon="7.3698660">
    <ele>357.7</ele>
   </trkpt>
   <trkpt lat="45.1091940" lon="7.3699100">
    <ele>357.8</ele>
   </trkpt>
   <trkpt lat="45.1091470" lon="7.3699510">
    <ele>357.9</ele>
   </trkpt>
   <trkpt lat="45.1090990" lon="7.3699930">
    <ele>358.0</ele>
   </trkpt>
   <trkpt lat="45.1090530" lon="7.3700380">
    <ele>358.0</ele>
   </trkpt>
   <trkpt lat="45.1090040" lon="7.3700750">
    <ele>358.1</ele>
   </trkpt>
   <trkpt lat="45.1089560" lon="7.3701120">
    <ele>358.1</ele>
   </trkpt>
   <trkpt lat="45.1089090" lon="7.3701540">
    <ele>358.1</ele>
   </trkpt>
   <trkpt lat="45.1088610" lon="7.3701940">
    <ele>358.2</ele>
   </trkpt>
   <trkpt lat="45.1088110" lon="7.3702330">
    <ele>358.2</ele>
   </trkpt>
   <trkpt lat="45.1087640" lon="7.3702650">
    <ele>358.2</ele>
   </trkpt>
   <trkpt lat="45.1087140" lon="7.3703070">
    <ele>358.2</ele>
   </trkpt>
   <trkpt lat="45.1086670" lon="7.3703470">
    <ele>358.2</ele>
   </trkpt>
   <trkpt lat="45.1086130" lon="7.3703800">
    <ele>358.2</ele>
   </trkpt>
   <trkpt lat="45.1085550" lon="7.3704170">
    <ele>358.2</ele>
   </trkpt>
   <trkpt lat="45.1084970" lon="7.3704490">
    <ele>358.3</ele>
   </trkpt>
   <trkpt lat="45.1084400" lon="7.3704820">
    <ele>358.3</ele>
   </trkpt>
   <trkpt lat="45.1083790" lon="7.3705150">
    <ele>358.3</ele>
   </trkpt>
   <trkpt lat="45.1083110" lon="7.3705420">
    <ele>358.3</ele>
   </trkpt>
   <trkpt lat="45.1082510" lon="7.3705760">
    <ele>358.4</ele>
   </trkpt>
   <trkpt lat="45.1081900" lon="7.3706100">
    <ele>358.4</ele>
   </trkpt>
   <trkpt lat="45.1081320" lon="7.3706410">
    <ele>358.4</ele>
   </trkpt>
   <trkpt lat="45.1080750" lon="7.3706690">
    <ele>358.4</ele>
   </trkpt>
   <trkpt lat="45.1080180" lon="7.3706960">
    <ele>358.4</ele>
   </trkpt>
   <trkpt lat="45.1079610" lon="7.3707140">
    <ele>358.4</ele>
   </trkpt>
   <trkpt lat="45.1079050" lon="7.3707370">
    <ele>358.4</ele>
   </trkpt>
   <trkpt lat="45.1078520" lon="7.3707630">
    <ele>358.4</ele>
   </trkpt>
   <trkpt lat="45.1077930" lon="7.3707860">
    <ele>358.4</ele>
   </trkpt>
   <trkpt lat="45.1077380" lon="7.3708080">
    <ele>358.4</ele>
   </trkpt>
   <trkpt lat="45.1076820" lon="7.3708290">
    <ele>358.4</ele>
   </trkpt>
   <trkpt lat="45.1076210" lon="7.3708500">
    <ele>358.3</ele>
   </trkpt>
   <trkpt lat="45.1075620" lon="7.3708630">
    <ele>358.3</ele>
   </trkpt>
   <trkpt lat="45.1075020" lon="7.3708760">
    <ele>358.2</ele>
   </trkpt>
   <trkpt lat="45.1074400" lon="7.3708900">
    <ele>358.2</ele>
   </trkpt>
   <trkpt lat="45.1073750" lon="7.3709070">
    <ele>358.1</ele>
   </trkpt>
   <trkpt lat="45.1073110" lon="7.3709210">
    <ele>358.0</ele>
   </trkpt>
   <trkpt lat="45.1072440" lon="7.3709320">
    <ele>358.0</ele>
   </trkpt>
   <trkpt lat="45.1071760" lon="7.3709390">
    <ele>357.8</ele>
   </trkpt>
   <trkpt lat="45.1071100" lon="7.3709440">
    <ele>357.7</ele>
   </trkpt>
   <trkpt lat="45.1070460" lon="7.3709490">
    <ele>357.6</ele>
   </trkpt>
   <trkpt lat="45.1069790" lon="7.3709560">
    <ele>357.5</ele>
   </trkpt>
   <trkpt lat="45.1069120" lon="7.3709600">
    <ele>357.4</ele>
   </trkpt>
   <trkpt lat="45.1068420" lon="7.3709620">
    <ele>357.3</ele>
   </trkpt>
   <trkpt lat="45.1067760" lon="7.3709660">
    <ele>357.2</ele>
   </trkpt>
   <trkpt lat="45.1067090" lon="7.3709770">
    <ele>357.1</ele>
   </trkpt>
   <trkpt lat="45.1066430" lon="7.3709820">
    <ele>357.0</ele>
   </trkpt>
   <trkpt lat="45.1065730" lon="7.3709930">
    <ele>356.9</ele>
   </trkpt>
   <trkpt lat="45.1065050" lon="7.3709960">
    <ele>356.8</ele>
   </trkpt>
   <trkpt lat="45.1064360" lon="7.3710060">
    <ele>356.7</ele>
   </trkpt>
   <trkpt lat="45.1063640" lon="7.3710170">
    <ele>356.6</ele>
   </trkpt>
   <trkpt lat="45.1062920" lon="7.3710230">
    <ele>356.5</ele>
   </trkpt>
   <trkpt lat="45.1062190" lon="7.3710330">
    <ele>356.5</ele>
   </trkpt>
   <trkpt lat="45.1061480" lon="7.3710390">
    <ele>356.4</ele>
   </trkpt>
   <trkpt lat="45.1060770" lon="7.3710450">
    <ele>356.3</ele>
   </trkpt>
   <trkpt lat="45.1060090" lon="7.3710560">
    <ele>356.2</ele>
   </trkpt>
   <trkpt lat="45.1059350" lon="7.3710710">
    <ele>356.1</ele>
   </trkpt>
   <trkpt lat="45.1058630" lon="7.3710790">
    <ele>356.0</ele>
   </trkpt>
   <trkpt lat="45.1057930" lon="7.3710880">
    <ele>355.8</ele>
   </trkpt>
   <trkpt lat="45.1057210" lon="7.3710980">
    <ele>355.7</ele>
   </trkpt>
   <trkpt lat="45.1056500" lon="7.3711000">
    <ele>355.6</ele>
   </trkpt>
   <trkpt lat="45.1055770" lon="7.3711050">
    <ele>355.5</ele>
   </trkpt>
   <trkpt lat="45.1055050" lon="7.3711150">
    <ele>355.4</ele>
   </trkpt>
   <trkpt lat="45.1054320" lon="7.3711200">
    <ele>355.3</ele>
   </trkpt>
   <trkpt lat="45.1053610" lon="7.3711230">
    <ele>355.3</ele>
   </trkpt>
   <trkpt lat="45.1052910" lon="7.3711320">
    <ele>355.3</ele>
   </trkpt>
   <trkpt lat="45.1052200" lon="7.3711500">
    <ele>355.3</ele>
   </trkpt>
   <trkpt lat="45.1051510" lon="7.3711710">
    <ele>355.2</ele>
   </trkpt>
   <trkpt lat="45.1050830" lon="7.3711900">
    <ele>355.2</ele>
   </trkpt>
   <trkpt lat="45.1050180" lon="7.3712240">
    <ele>355.2</ele>
   </trkpt>
   <trkpt lat="45.1049540" lon="7.3712620">
    <ele>355.2</ele>
   </trkpt>
   <trkpt lat="45.1048920" lon="7.3713040">
    <ele>355.1</ele>
   </trkpt>
   <trkpt lat="45.1048280" lon="7.3713470">
    <ele>355.1</ele>
   </trkpt>
   <trkpt lat="45.1047650" lon="7.3713970">
    <ele>355.1</ele>
   </trkpt>
   <trkpt lat="45.1047110" lon="7.3714490">
    <ele>355.1</ele>
   </trkpt>
   <trkpt lat="45.1046570" lon="7.3715090">
    <ele>355.1</ele>
   </trkpt>
   <trkpt lat="45.1046020" lon="7.3715650">
    <ele>355.2</ele>
   </trkpt>
   <trkpt lat="45.1045510" lon="7.3716200">
    <ele>355.2</ele>
   </trkpt>
   <trkpt lat="45.1044960" lon="7.3716740">
    <ele>355.1</ele>
   </trkpt>
   <trkpt lat="45.1044440" lon="7.3717200">
    <ele>355.1</ele>
   </trkpt>
   <trkpt lat="45.1043930" lon="7.3717700">
    <ele>355.1</ele>
   </trkpt>
   <trkpt lat="45.1043380" lon="7.3718140">
    <ele>355.1</ele>
   </trkpt>
   <trkpt lat="45.1042890" lon="7.3718590">
    <ele>355.1</ele>
   </trkpt>
   <trkpt lat="45.1042380" lon="7.3719130">
    <ele>355.1</ele>
   </trkpt>
   <trkpt lat="45.1041910" lon="7.3719650">
    <ele>355.0</ele>
   </trkpt>
   <trkpt lat="45.1041400" lon="7.3720170">
    <ele>354.9</ele>
   </trkpt>
   <trkpt lat="45.1040850" lon="7.3720740">
    <ele>354.8</ele>
   </trkpt>
   <trkpt lat="45.1040340" lon="7.3721340">
    <ele>354.8</ele>
   </trkpt>
   <trkpt lat="45.1039830" lon="7.3721960">
    <ele>354.7</ele>
   </trkpt>
   <trkpt lat="45.1039400" lon="7.3722510">
    <ele>354.6</ele>
   </trkpt>
   <trkpt lat="45.1038960" lon="7.3723140">
    <ele>354.5</ele>
   </trkpt>
   <trkpt lat="45.1038530" lon="7.3723820">
    <ele>354.5</ele>
   </trkpt>
   <trkpt lat="45.1038100" lon="7.3724540">
    <ele>354.5</ele>
   </trkpt>
   <trkpt lat="45.1037690" lon="7.3725280">
    <ele>354.5</ele>
   </trkpt>
   <trkpt lat="45.1037310" lon="7.3726060">
    <ele>354.5</ele>
   </trkpt>
   <trkpt lat="45.1037000" lon="7.3726870">
    <ele>354.6</ele>
   </trkpt>
   <trkpt lat="45.1036620" lon="7.3727610">
    <ele>354.6</ele>
   </trkpt>
   <trkpt lat="45.1036160" lon="7.3728310">
    <ele>354.6</ele>
   </trkpt>
   <trkpt lat="45.1035690" lon="7.3728890">
    <ele>354.5</ele>
   </trkpt>
   <trkpt lat="45.1035250" lon="7.3729590">
    <ele>354.5</ele>
   </trkpt>
   <trkpt lat="45.1034950" lon="7.3730330">
    <ele>354.4</ele>
   </trkpt>
   <trkpt lat="45.1034770" lon="7.3731340">
    <ele>354.3</ele>
   </trkpt>
   <trkpt lat="45.1034530" lon="7.3732250">
    <ele>354.2</ele>
   </trkpt>
   <trkpt lat="45.1034180" lon="7.3733110">
    <ele>354.1</ele>
   </trkpt>
   <trkpt lat="45.1033820" lon="7.3733950">
    <ele>354.0</ele>
   </trkpt>
   <trkpt lat="45.1033460" lon="7.3734790">
    <ele>353.9</ele>
   </trkpt>
   <trkpt lat="45.1033130" lon="7.3735660">
    <ele>353.8</ele>
   </trkpt>
   <trkpt lat="45.1032840" lon="7.3736590">
    <ele>353.7</ele>
   </trkpt>
   <trkpt lat="45.1032620" lon="7.3737560">
    <ele>353.7</ele>
   </trkpt>
   <trkpt lat="45.1032420" lon="7.3738470">
    <ele>353.6</ele>
   </trkpt>
   <trkpt lat="45.1032230" lon="7.3739450">
    <ele>353.5</ele>
   </trkpt>
   <trkpt lat="45.1032000" lon="7.3740370">
    <ele>353.4</ele>
   </trkpt>
   <trkpt lat="45.1031690" lon="7.3741190">
    <ele>353.3</ele>
   </trkpt>
   <trkpt lat="45.1031280" lon="7.3741920">
    <ele>353.2</ele>
   </trkpt>
   <trkpt lat="45.1030710" lon="7.3742380">
    <ele>353.2</ele>
   </trkpt>
   <trkpt lat="45.1030110" lon="7.3742870">
    <ele>353.1</ele>
   </trkpt>
   <trkpt lat="45.1029780" lon="7.3743670">
    <ele>353.1</ele>
   </trkpt>
   <trkpt lat="45.1029670" lon="7.3744340">
    <ele>353.0</ele>
   </trkpt>
   <trkpt lat="45.1029630" lon="7.3744880">
    <ele>353.0</ele>
   </trkpt>
   <trkpt lat="45.1029550" lon="7.3745340">
    <ele>353.0</ele>
   </trkpt>
   <trkpt lat="45.1029450" lon="7.3745800">
    <ele>352.9</ele>
   </trkpt>
   <trkpt lat="45.1029460" lon="7.3746310">
    <ele>352.9</ele>
   </trkpt>
   <trkpt lat="45.1029650" lon="7.3746800">
    <ele>352.8</ele>
   </trkpt>
   <trkpt lat="45.1029960" lon="7.3747300">
    <ele>352.8</ele>
   </trkpt>
   <trkpt lat="45.1030300" lon="7.3747870">
    <ele>352.7</ele>
   </trkpt>
   <trkpt lat="45.1030570" lon="7.3748690">
    <ele>352.6</ele>
   </trkpt>
   <trkpt lat="45.1030760" lon="7.3749550">
    <ele>352.5</ele>
   </trkpt>
   <trkpt lat="45.1030830" lon="7.3750500">
    <ele>352.3</ele>
   </trkpt>
   <trkpt lat="45.1030810" lon="7.3751410">
    <ele>352.2</ele>
   </trkpt>
   <trkpt lat="45.1030770" lon="7.3752480">
    <ele>352.2</ele>
   </trkpt>
   <trkpt lat="45.1030730" lon="7.3753500">
    <ele>352.1</ele>
   </trkpt>
   <trkpt lat="45.1030680" lon="7.3754470">
    <ele>352.0</ele>
   </trkpt>
   <trkpt lat="45.1030620" lon="7.3755460">
    <ele>352.0</ele>
   </trkpt>
   <trkpt lat="45.1030560" lon="7.3756430">
    <ele>351.9</ele>
   </trkpt>
   <trkpt lat="45.1030500" lon="7.3757370">
    <ele>351.8</ele>
   </trkpt>
   <trkpt lat="45.1030470" lon="7.3758350">
    <ele>351.8</ele>
   </trkpt>
   <trkpt lat="45.1030470" lon="7.3759330">
    <ele>351.7</ele>
   </trkpt>
   <trkpt lat="45.1030500" lon="7.3760240">
    <ele>351.6</ele>
   </trkpt>
   <trkpt lat="45.1030460" lon="7.3761220">
    <ele>351.5</ele>
   </trkpt>
   <trkpt lat="45.1030360" lon="7.3762210">
    <ele>351.5</ele>
   </trkpt>
   <trkpt lat="45.1030270" lon="7.3763210">
    <ele>351.4</ele>
   </trkpt>
   <trkpt lat="45.1030170" lon="7.3764220">
    <ele>351.4</ele>
   </trkpt>
   <trkpt lat="45.1030050" lon="7.3765220">
    <ele>351.4</ele>
   </trkpt>
   <trkpt lat="45.1029940" lon="7.3766230">
    <ele>351.3</ele>
   </trkpt>
   <trkpt lat="45.1029800" lon="7.3767200">
    <ele>351.3</ele>
   </trkpt>
   <trkpt lat="45.1029660" lon="7.3768150">
    <ele>351.3</ele>
   </trkpt>
   <trkpt lat="45.1029580" lon="7.3769090">
    <ele>351.2</ele>
   </trkpt>
   <trkpt lat="45.1029500" lon="7.3770060">
    <ele>351.2</ele>
   </trkpt>
   <trkpt lat="45.1029420" lon="7.3771060">
    <ele>351.1</ele>
   </trkpt>
   <trkpt lat="45.1029330" lon="7.3772030">
    <ele>351.1</ele>
   </trkpt>
   <trkpt lat="45.1029230" lon="7.3772980">
    <ele>351.0</ele>
   </trkpt>
   <trkpt lat="45.1029160" lon="7.3773950">
    <ele>351.0</ele>
   </trkpt>
   <trkpt lat="45.1029060" lon="7.3774890">
    <ele>351.0</ele>
   </trkpt>
   <trkpt lat="45.1028980" lon="7.3775790">
    <ele>351.0</ele>
   </trkpt>
   <trkpt lat="45.1028910" lon="7.3776690">
    <ele>351.0</ele>
   </trkpt>
   <trkpt lat="45.1028800" lon="7.3777580">
    <ele>351.0</ele>
   </trkpt>
   <trkpt lat="45.1028680" lon="7.3778460">
    <ele>351.0</ele>
   </trkpt>
   <trkpt lat="45.1028580" lon="7.3779380">
    <ele>350.9</ele>
   </trkpt>
   <trkpt lat="45.1028540" lon="7.3780280">
    <ele>350.9</ele>
   </trkpt>
   <trkpt lat="45.1028450" lon="7.3781160">
    <ele>350.9</ele>
   </trkpt>
   <trkpt lat="45.1028320" lon="7.3782000">
    <ele>350.8</ele>
   </trkpt>
   <trkpt lat="45.1028220" lon="7.3782840">
    <ele>350.8</ele>
   </trkpt>
   <trkpt lat="45.1028100" lon="7.3783730">
    <ele>350.8</ele>
   </trkpt>
   <trkpt lat="45.1027990" lon="7.3784660">
    <ele>350.8</ele>
   </trkpt>
   <trkpt lat="45.1027950" lon="7.3785480">
    <ele>350.7</ele>
   </trkpt>
   <trkpt lat="45.1027860" lon="7.3786250">
    <ele>350.7</ele>
   </trkpt>
   <trkpt lat="45.1027750" lon="7.3787100">
    <ele>350.7</ele>
   </trkpt>
   <trkpt lat="45.1027600" lon="7.3788040">
    <ele>350.6</ele>
   </trkpt>
   <trkpt lat="45.1027480" lon="7.3788930">
    <ele>350.6</ele>
   </trkpt>
   <trkpt lat="45.1027370" lon="7.3789810">
    <ele>350.6</ele>
   </trkpt>
   <trkpt lat="45.1027280" lon="7.3790720">
    <ele>350.6</ele>
   </trkpt>
   <trkpt lat="45.1027190" lon="7.3791640">
    <ele>350.5</ele>
   </trkpt>
   <trkpt lat="45.1027110" lon="7.3792520">
    <ele>350.5</ele>
   </trkpt>
   <trkpt lat="45.1027010" lon="7.3793380">
    <ele>350.5</ele>
   </trkpt>
   <trkpt lat="45.1026930" lon="7.3794220">
    <ele>350.4</ele>
   </trkpt>
   <trkpt lat="45.1026870" lon="7.3795040">
    <ele>350.4</ele>
   </trkpt>
   <trkpt lat="45.1026820" lon="7.3795850">
    <ele>350.4</ele>
   </trkpt>
   <trkpt lat="45.1026770" lon="7.3796670">
    <ele>350.3</ele>
   </trkpt>
   <trkpt lat="45.1026710" lon="7.3797610">
    <ele>350.3</ele>
   </trkpt>
   <trkpt lat="45.1026660" lon="7.3798370">
    <ele>350.2</ele>
   </trkpt>
   <trkpt lat="45.1026510" lon="7.3799160">
    <ele>350.2</ele>
   </trkpt>
   <trkpt lat="45.1026410" lon="7.3799980">
    <ele>350.2</ele>
   </trkpt>
   <trkpt lat="45.1026310" lon="7.3800810">
    <ele>350.2</ele>
   </trkpt>
   <trkpt lat="45.1026210" lon="7.3801670">
    <ele>350.2</ele>
   </trkpt>
   <trkpt lat="45.1026150" lon="7.3802560">
    <ele>350.2</ele>
   </trkpt>
   <trkpt lat="45.1026070" lon="7.3803430">
    <ele>350.1</ele>
   </trkpt>
   <trkpt lat="45.1025980" lon="7.3804320">
    <ele>350.1</ele>
   </trkpt>
   <trkpt lat="45.1025910" lon="7.3805140">
    <ele>350.1</ele>
   </trkpt>
   <trkpt lat="45.1025840" lon="7.3806000">
    <ele>350.1</ele>
   </trkpt>
   <trkpt lat="45.1025750" lon="7.3806870">
    <ele>350.1</ele>
   </trkpt>
   <trkpt lat="45.1025640" lon="7.3807700">
    <ele>350.1</ele>
   </trkpt>
   <trkpt lat="45.1025540" lon="7.3808450">
    <ele>350.1</ele>
   </trkpt>
   <trkpt lat="45.1025460" lon="7.3809260">
    <ele>350.1</ele>
   </trkpt>
   <trkpt lat="45.1025380" lon="7.3810090">
    <ele>350.0</ele>
   </trkpt>
   <trkpt lat="45.1025310" lon="7.3810920">
    <ele>350.0</ele>
   </trkpt>
   <trkpt lat="45.1025290" lon="7.3811670">
    <ele>350.0</ele>
   </trkpt>
   <trkpt lat="45.1025100" lon="7.3813290">
    <ele>350.0</ele>
   </trkpt>
   <trkpt lat="45.1024990" lon="7.3814050">
    <ele>349.9</ele>
   </trkpt>
   <trkpt lat="45.1024860" lon="7.3814750">
    <ele>349.9</ele>
   </trkpt>
   <trkpt lat="45.1024690" lon="7.3815690">
    <ele>349.9</ele>
   </trkpt>
   <trkpt lat="45.1024560" lon="7.3816510">
    <ele>349.9</ele>
   </trkpt>
   <trkpt lat="45.1024480" lon="7.3817400">
    <ele>349.9</ele>
   </trkpt>
   <trkpt lat="45.1024370" lon="7.3818270">
    <ele>349.9</ele>
   </trkpt>
   <trkpt lat="45.1024310" lon="7.3819150">
    <ele>349.9</ele>
   </trkpt>
   <trkpt lat="45.1024210" lon="7.3820080">
    <ele>349.8</ele>
   </trkpt>
   <trkpt lat="45.1024140" lon="7.3820920">
    <ele>349.8</ele>
   </trkpt>
   <trkpt lat="45.1024150" lon="7.3821760">
    <ele>349.8</ele>
   </trkpt>
   <trkpt lat="45.1024080" lon="7.3822560">
    <ele>349.8</ele>
   </trkpt>
   <trkpt lat="45.1024000" lon="7.3823470">
    <ele>349.8</ele>
   </trkpt>
   <trkpt lat="45.1023940" lon="7.3824300">
    <ele>349.8</ele>
   </trkpt>
   <trkpt lat="45.1023820" lon="7.3825200">
    <ele>349.8</ele>
   </trkpt>
   <trkpt lat="45.1023750" lon="7.3826210">
    <ele>349.7</ele>
   </trkpt>
   <trkpt lat="45.1023660" lon="7.3827140">
    <ele>349.7</ele>
   </trkpt>
   <trkpt lat="45.1023570" lon="7.3828080">
    <ele>349.6</ele>
   </trkpt>
   <trkpt lat="45.1023480" lon="7.3829030">
    <ele>349.5</ele>
   </trkpt>
   <trkpt lat="45.1023350" lon="7.3829930">
    <ele>349.5</ele>
   </trkpt>
   <trkpt lat="45.1023280" lon="7.3830860">
    <ele>349.5</ele>
   </trkpt>
   <trkpt lat="45.1023260" lon="7.3831770">
    <ele>349.4</ele>
   </trkpt>
   <trkpt lat="45.1023180" lon="7.3832640">
    <ele>349.4</ele>
   </trkpt>
   <trkpt lat="45.1023020" lon="7.3833570">
    <ele>349.4</ele>
   </trkpt>
   <trkpt lat="45.1022960" lon="7.3834510">
    <ele>349.4</ele>
   </trkpt>
   <trkpt lat="45.1022920" lon="7.3835510">
    <ele>349.4</ele>
   </trkpt>
   <trkpt lat="45.1022790" lon="7.3836630">
    <ele>349.4</ele>
   </trkpt>
   <trkpt lat="45.1022630" lon="7.3837620">
    <ele>349.3</ele>
   </trkpt>
   <trkpt lat="45.1022450" lon="7.3838420">
    <ele>349.3</ele>
   </trkpt>
   <trkpt lat="45.1022380" lon="7.3839530">
    <ele>349.2</ele>
   </trkpt>
   <trkpt lat="45.1022280" lon="7.3840620">
    <ele>349.2</ele>
   </trkpt>
   <trkpt lat="45.1022180" lon="7.3841460">
    <ele>349.2</ele>
   </trkpt>
   <trkpt lat="45.1022090" lon="7.3842540">
    <ele>349.2</ele>
   </trkpt>
   <trkpt lat="45.1021970" lon="7.3843540">
    <ele>349.1</ele>
   </trkpt>
   <trkpt lat="45.1021880" lon="7.3844530">
    <ele>349.1</ele>
   </trkpt>
   <trkpt lat="45.1021800" lon="7.3845500">
    <ele>349.1</ele>
   </trkpt>
   <trkpt lat="45.1021700" lon="7.3846500">
    <ele>349.0</ele>
   </trkpt>
   <trkpt lat="45.1021590" lon="7.3847490">
    <ele>349.0</ele>
   </trkpt>
   <trkpt lat="45.1021460" lon="7.3848490">
    <ele>349.0</ele>
   </trkpt>
   <trkpt lat="45.1021360" lon="7.3849460">
    <ele>349.0</ele>
   </trkpt>
   <trkpt lat="45.1021280" lon="7.3850380">
    <ele>348.9</ele>
   </trkpt>
   <trkpt lat="45.1021170" lon="7.3851310">
    <ele>348.9</ele>
   </trkpt>
   <trkpt lat="45.1021080" lon="7.3852260">
    <ele>348.9</ele>
   </trkpt>
   <trkpt lat="45.1021020" lon="7.3853240">
    <ele>348.9</ele>
   </trkpt>
   <trkpt lat="45.1020930" lon="7.3854230">
    <ele>348.9</ele>
   </trkpt>
   <trkpt lat="45.1020810" lon="7.3855190">
    <ele>348.9</ele>
   </trkpt>
   <trkpt lat="45.1020710" lon="7.3856150">
    <ele>348.9</ele>
   </trkpt>
   <trkpt lat="45.1020630" lon="7.3857100">
    <ele>348.9</ele>
   </trkpt>
   <trkpt lat="45.1020540" lon="7.3857990">
    <ele>348.9</ele>
   </trkpt>
   <trkpt lat="45.1020460" lon="7.3858850">
    <ele>348.9</ele>
   </trkpt>
   <trkpt lat="45.1020380" lon="7.3859770">
    <ele>348.8</ele>
   </trkpt>
   <trkpt lat="45.1020290" lon="7.3860630">
    <ele>348.8</ele>
   </trkpt>
   <trkpt lat="45.1020150" lon="7.3861530">
    <ele>348.8</ele>
   </trkpt>
   <trkpt lat="45.1020080" lon="7.3862350">
    <ele>348.8</ele>
   </trkpt>
   <trkpt lat="45.1019940" lon="7.3863150">
    <ele>348.8</ele>
   </trkpt>
   <trkpt lat="45.1019910" lon="7.3864140">
    <ele>348.8</ele>
   </trkpt>
   <trkpt lat="45.1019850" lon="7.3865110">
    <ele>348.7</ele>
   </trkpt>
   <trkpt lat="45.1019740" lon="7.3865860">
    <ele>348.7</ele>
   </trkpt>
   <trkpt lat="45.1019620" lon="7.3866770">
    <ele>348.7</ele>
   </trkpt>
   <trkpt lat="45.1019470" lon="7.3867640">
    <ele>348.7</ele>
   </trkpt>
   <trkpt lat="45.1019370" lon="7.3868490">
    <ele>348.7</ele>
   </trkpt>
   <trkpt lat="45.1019260" lon="7.3869320">
    <ele>348.6</ele>
   </trkpt>
   <trkpt lat="45.1019200" lon="7.3870220">
    <ele>348.6</ele>
   </trkpt>
   <trkpt lat="45.1019170" lon="7.3871070">
    <ele>348.6</ele>
   </trkpt>
   <trkpt lat="45.1019110" lon="7.3871880">
    <ele>348.6</ele>
   </trkpt>
   <trkpt lat="45.1018990" lon="7.3872770">
    <ele>348.5</ele>
   </trkpt>
   <trkpt lat="45.1018880" lon="7.3873620">
    <ele>348.5</ele>
   </trkpt>
   <trkpt lat="45.1018790" lon="7.3874520">
    <ele>348.4</ele>
   </trkpt>
   <trkpt lat="45.1018680" lon="7.3875460">
    <ele>348.4</ele>
   </trkpt>
   <trkpt lat="45.1018570" lon="7.3876340">
    <ele>348.4</ele>
   </trkpt>
   <trkpt lat="45.1018510" lon="7.3877190">
    <ele>348.3</ele>
   </trkpt>
   <trkpt lat="45.1018410" lon="7.3877990">
    <ele>348.3</ele>
   </trkpt>
   <trkpt lat="45.1018280" lon="7.3878780">
    <ele>348.3</ele>
   </trkpt>
   <trkpt lat="45.1018140" lon="7.3879550">
    <ele>348.3</ele>
   </trkpt>
   <trkpt lat="45.1017970" lon="7.3880300">
    <ele>348.3</ele>
   </trkpt>
   <trkpt lat="45.1017880" lon="7.3881020">
    <ele>348.3</ele>
   </trkpt>
   <trkpt lat="45.1017770" lon="7.3881700">
    <ele>348.3</ele>
   </trkpt>
   <trkpt lat="45.1017650" lon="7.3882460">
    <ele>348.2</ele>
   </trkpt>
   <trkpt lat="45.1017460" lon="7.3883260">
    <ele>348.2</ele>
   </trkpt>
   <trkpt lat="45.1017370" lon="7.3884090">
    <ele>348.2</ele>
   </trkpt>
   <trkpt lat="45.1017250" lon="7.3884900">
    <ele>348.2</ele>
   </trkpt>
   <trkpt lat="45.1017110" lon="7.3885740">
    <ele>348.2</ele>
   </trkpt>
   <trkpt lat="45.1016930" lon="7.3886560">
    <ele>348.1</ele>
   </trkpt>
   <trkpt lat="45.1016730" lon="7.3887370">
    <ele>348.1</ele>
   </trkpt>
   <trkpt lat="45.1016580" lon="7.3888180">
    <ele>348.1</ele>
   </trkpt>
   <trkpt lat="45.1016430" lon="7.3889010">
    <ele>348.1</ele>
   </trkpt>
   <trkpt lat="45.1016270" lon="7.3889830">
    <ele>348.1</ele>
   </trkpt>
   <trkpt lat="45.1016100" lon="7.3890620">
    <ele>348.1</ele>
   </trkpt>
   <trkpt lat="45.1015940" lon="7.3891460">
    <ele>348.1</ele>
   </trkpt>
   <trkpt lat="45.1015780" lon="7.3892290">
    <ele>348.1</ele>
   </trkpt>
   <trkpt lat="45.1015600" lon="7.3893070">
    <ele>348.1</ele>
   </trkpt>
   <trkpt lat="45.1015470" lon="7.3893870">
    <ele>348.1</ele>
   </trkpt>
   <trkpt lat="45.1015310" lon="7.3894580">
    <ele>348.1</ele>
   </trkpt>
   <trkpt lat="45.1015150" lon="7.3895380">
    <ele>348.1</ele>
   </trkpt>
   <trkpt lat="45.1014980" lon="7.3896240">
    <ele>348.1</ele>
   </trkpt>
   <trkpt lat="45.1014810" lon="7.3897090">
    <ele>348.0</ele>
   </trkpt>
   <trkpt lat="45.1014640" lon="7.3897910">
    <ele>348.0</ele>
   </trkpt>
   <trkpt lat="45.1014470" lon="7.3898730">
    <ele>348.0</ele>
   </trkpt>
   <trkpt lat="45.1014280" lon="7.3899610">
    <ele>348.0</ele>
   </trkpt>
   <trkpt lat="45.1014140" lon="7.3900530">
    <ele>347.9</ele>
   </trkpt>
   <trkpt lat="45.1013980" lon="7.3901430">
    <ele>347.9</ele>
   </trkpt>
   <trkpt lat="45.1013810" lon="7.3902280">
    <ele>347.9</ele>
   </trkpt>
   <trkpt lat="45.1013660" lon="7.3903170">
    <ele>347.9</ele>
   </trkpt>
   <trkpt lat="45.1013450" lon="7.3904040">
    <ele>347.9</ele>
   </trkpt>
   <trkpt lat="45.1013260" lon="7.3904980">
    <ele>347.8</ele>
   </trkpt>
   <trkpt lat="45.1013080" lon="7.3905880">
    <ele>347.8</ele>
   </trkpt>
   <trkpt lat="45.1012870" lon="7.3906780">
    <ele>347.7</ele>
   </trkpt>
   <trkpt lat="45.1012660" lon="7.3907650">
    <ele>347.7</ele>
   </trkpt>
   <trkpt lat="45.1012460" lon="7.3908530">
    <ele>347.6</ele>
   </trkpt>
   <trkpt lat="45.1012270" lon="7.3909410">
    <ele>347.6</ele>
   </trkpt>
   <trkpt lat="45.1012070" lon="7.3910290">
    <ele>347.6</ele>
   </trkpt>
   <trkpt lat="45.1011900" lon="7.3911220">
    <ele>347.6</ele>
   </trkpt>
   <trkpt lat="45.1011720" lon="7.3912130">
    <ele>347.6</ele>
   </trkpt>
   <trkpt lat="45.1011530" lon="7.3913010">
    <ele>347.6</ele>
   </trkpt>
   <trkpt lat="45.1011360" lon="7.3913860">
    <ele>347.6</ele>
   </trkpt>
   <trkpt lat="45.1011190" lon="7.3914680">
    <ele>347.6</ele>
   </trkpt>
   <trkpt lat="45.1011020" lon="7.3915550">
    <ele>347.6</ele>
   </trkpt>
   <trkpt lat="45.1010840" lon="7.3916450">
    <ele>347.6</ele>
   </trkpt>
   <trkpt lat="45.1010640" lon="7.3917360">
    <ele>347.6</ele>
   </trkpt>
   <trkpt lat="45.1010440" lon="7.3918320">
    <ele>347.5</ele>
   </trkpt>
   <trkpt lat="45.1010230" lon="7.3919260">
    <ele>347.5</ele>
   </trkpt>
   <trkpt lat="45.1010050" lon="7.3920130">
    <ele>347.5</ele>
   </trkpt>
   <trkpt lat="45.1009880" lon="7.3920980">
    <ele>347.5</ele>
   </trkpt>
   <trkpt lat="45.1009710" lon="7.3921850">
    <ele>347.5</ele>
   </trkpt>
   <trkpt lat="45.1009530" lon="7.3922700">
    <ele>347.5</ele>
   </trkpt>
   <trkpt lat="45.1009330" lon="7.3923540">
    <ele>347.5</ele>
   </trkpt>
   <trkpt lat="45.1009140" lon="7.3924400">
    <ele>347.5</ele>
   </trkpt>
   <trkpt lat="45.1008960" lon="7.3925250">
    <ele>347.4</ele>
   </trkpt>
   <trkpt lat="45.1008760" lon="7.3926080">
    <ele>347.4</ele>
   </trkpt>
   <trkpt lat="45.1008600" lon="7.3927030">
    <ele>347.4</ele>
   </trkpt>
   <trkpt lat="45.1008430" lon="7.3927940">
    <ele>347.3</ele>
   </trkpt>
   <trkpt lat="45.1008220" lon="7.3928840">
    <ele>347.3</ele>
   </trkpt>
   <trkpt lat="45.1008050" lon="7.3929730">
    <ele>347.3</ele>
   </trkpt>
   <trkpt lat="45.1007860" lon="7.3930650">
    <ele>347.2</ele>
   </trkpt>
   <trkpt lat="45.1007700" lon="7.3931560">
    <ele>347.2</ele>
   </trkpt>
   <trkpt lat="45.1007530" lon="7.3932500">
    <ele>347.2</ele>
   </trkpt>
   <trkpt lat="45.1007340" lon="7.3933360">
    <ele>347.2</ele>
   </trkpt>
   <trkpt lat="45.1007190" lon="7.3934300">
    <ele>347.2</ele>
   </trkpt>
   <trkpt lat="45.1007110" lon="7.3935230">
    <ele>347.1</ele>
   </trkpt>
   <trkpt lat="45.1006940" lon="7.3936110">
    <ele>347.1</ele>
   </trkpt>
   <trkpt lat="45.1006730" lon="7.3936950">
    <ele>347.1</ele>
   </trkpt>
   <trkpt lat="45.1006480" lon="7.3937870">
    <ele>347.1</ele>
   </trkpt>
   <trkpt lat="45.1006230" lon="7.3938830">
    <ele>347.1</ele>
   </trkpt>
   <trkpt lat="45.1006050" lon="7.3939710">
    <ele>347.0</ele>
   </trkpt>
   <trkpt lat="45.1005870" lon="7.3940640">
    <ele>347.0</ele>
   </trkpt>
   <trkpt lat="45.1005670" lon="7.3941570">
    <ele>347.0</ele>
   </trkpt>
   <trkpt lat="45.1005410" lon="7.3942460">
    <ele>347.0</ele>
   </trkpt>
   <trkpt lat="45.1005290" lon="7.3943370">
    <ele>346.9</ele>
   </trkpt>
   <trkpt lat="45.1005100" lon="7.3944380">
    <ele>346.9</ele>
   </trkpt>
   <trkpt lat="45.1004890" lon="7.3945240">
    <ele>346.9</ele>
   </trkpt>
   <trkpt lat="45.1004700" lon="7.3946180">
    <ele>346.8</ele>
   </trkpt>
   <trkpt lat="45.1004470" lon="7.3946980">
    <ele>346.8</ele>
   </trkpt>
   <trkpt lat="45.1004240" lon="7.3947830">
    <ele>346.7</ele>
   </trkpt>
   <trkpt lat="45.1004040" lon="7.3948630">
    <ele>346.7</ele>
   </trkpt>
   <trkpt lat="45.1003820" lon="7.3949420">
    <ele>346.7</ele>
   </trkpt>
   <trkpt lat="45.1003630" lon="7.3950180">
    <ele>346.6</ele>
   </trkpt>
   <trkpt lat="45.1003440" lon="7.3950940">
    <ele>346.6</ele>
   </trkpt>
   <trkpt lat="45.1003250" lon="7.3951690">
    <ele>346.6</ele>
   </trkpt>
   <trkpt lat="45.1003060" lon="7.3952470">
    <ele>346.6</ele>
   </trkpt>
   <trkpt lat="45.1002860" lon="7.3953230">
    <ele>346.5</ele>
   </trkpt>
   <trkpt lat="45.1002650" lon="7.3953950">
    <ele>346.5</ele>
   </trkpt>
   <trkpt lat="45.1002440" lon="7.3954640">
    <ele>346.5</ele>
   </trkpt>
   <trkpt lat="45.1002190" lon="7.3955370">
    <ele>346.5</ele>
   </trkpt>
   <trkpt lat="45.1001950" lon="7.3956100">
    <ele>346.5</ele>
   </trkpt>
   <trkpt lat="45.1001710" lon="7.3956800">
    <ele>346.5</ele>
   </trkpt>
   <trkpt lat="45.1001530" lon="7.3957530">
    <ele>346.5</ele>
   </trkpt>
   <trkpt lat="45.1001330" lon="7.3958270">
    <ele>346.5</ele>
   </trkpt>
   <trkpt lat="45.1001100" lon="7.3958980">
    <ele>346.5</ele>
   </trkpt>
   <trkpt lat="45.1000850" lon="7.3959710">
    <ele>346.4</ele>
   </trkpt>
   <trkpt lat="45.1000590" lon="7.3960450">
    <ele>346.4</ele>
   </trkpt>
   <trkpt lat="45.1000340" lon="7.3961130">
    <ele>346.4</ele>
   </trkpt>
   <trkpt lat="45.1000100" lon="7.3961850">
    <ele>346.4</ele>
   </trkpt>
   <trkpt lat="45.0999840" lon="7.3962600">
    <ele>346.4</ele>
   </trkpt>
   <trkpt lat="45.0999640" lon="7.3963370">
    <ele>346.3</ele>
   </trkpt>
   <trkpt lat="45.0999390" lon="7.3964170">
    <ele>346.3</ele>
   </trkpt>
   <trkpt lat="45.0999120" lon="7.3964910">
    <ele>346.3</ele>
   </trkpt>
   <trkpt lat="45.0998860" lon="7.3965670">
    <ele>346.3</ele>
   </trkpt>
   <trkpt lat="45.0998630" lon="7.3966460">
    <ele>346.2</ele>
   </trkpt>
   <trkpt lat="45.0998410" lon="7.3967190">
    <ele>346.2</ele>
   </trkpt>
   <trkpt lat="45.0998180" lon="7.3967950">
    <ele>346.2</ele>
   </trkpt>
   <trkpt lat="45.0997950" lon="7.3968710">
    <ele>346.2</ele>
   </trkpt>
   <trkpt lat="45.0997730" lon="7.3969460">
    <ele>346.2</ele>
   </trkpt>
   <trkpt lat="45.0997470" lon="7.3970210">
    <ele>346.1</ele>
   </trkpt>
   <trkpt lat="45.0997200" lon="7.3970990">
    <ele>346.1</ele>
   </trkpt>
   <trkpt lat="45.0996950" lon="7.3971710">
    <ele>346.1</ele>
   </trkpt>
   <trkpt lat="45.0996680" lon="7.3972400">
    <ele>346.1</ele>
   </trkpt>
   <trkpt lat="45.0996460" lon="7.3973150">
    <ele>346.1</ele>
   </trkpt>
   <trkpt lat="45.0996210" lon="7.3973910">
    <ele>346.0</ele>
   </trkpt>
   <trkpt lat="45.0995940" lon="7.3974710">
    <ele>346.0</ele>
   </trkpt>
   <trkpt lat="45.0995650" lon="7.3975480">
    <ele>346.0</ele>
   </trkpt>
   <trkpt lat="45.0995370" lon="7.3976250">
    <ele>346.0</ele>
   </trkpt>
   <trkpt lat="45.0995060" lon="7.3976990">
    <ele>346.0</ele>
   </trkpt>
   <trkpt lat="45.0994750" lon="7.3977720">
    <ele>346.0</ele>
   </trkpt>
   <trkpt lat="45.0994430" lon="7.3978450">
    <ele>346.0</ele>
   </trkpt>
   <trkpt lat="45.0994110" lon="7.3979220">
    <ele>346.0</ele>
   </trkpt>
   <trkpt lat="45.0993760" lon="7.3979910">
    <ele>346.1</ele>
   </trkpt>
   <trkpt lat="45.0993390" lon="7.3980550">
    <ele>346.1</ele>
   </trkpt>
   <trkpt lat="45.0992990" lon="7.3981160">
    <ele>346.1</ele>
   </trkpt>
   <trkpt lat="45.0992600" lon="7.3981750">
    <ele>346.1</ele>
   </trkpt>
   <trkpt lat="45.0992180" lon="7.3982290">
    <ele>346.1</ele>
   </trkpt>
   <trkpt lat="45.0991720" lon="7.3982840">
    <ele>346.1</ele>
   </trkpt>
   <trkpt lat="45.0991250" lon="7.3983430">
    <ele>346.1</ele>
   </trkpt>
   <trkpt lat="45.0990770" lon="7.3983950">
    <ele>346.1</ele>
   </trkpt>
   <trkpt lat="45.0990300" lon="7.3984450">
    <ele>346.1</ele>
   </trkpt>
   <trkpt lat="45.0989840" lon="7.3984980">
    <ele>346.1</ele>
   </trkpt>
   <trkpt lat="45.0989440" lon="7.3985600">
    <ele>346.1</ele>
   </trkpt>
   <trkpt lat="45.0989160" lon="7.3986320">
    <ele>346.0</ele>
   </trkpt>
   <trkpt lat="45.0988980" lon="7.3987100">
    <ele>346.0</ele>
   </trkpt>
   <trkpt lat="45.0988870" lon="7.3987910">
    <ele>346.0</ele>
   </trkpt>
   <trkpt lat="45.0988860" lon="7.3988790">
    <ele>346.0</ele>
   </trkpt>
   <trkpt lat="45.0988880" lon="7.3989650">
    <ele>345.9</ele>
   </trkpt>
   <trkpt lat="45.0988900" lon="7.3990530">
    <ele>345.9</ele>
   </trkpt>
   <trkpt lat="45.0988960" lon="7.3991420">
    <ele>345.8</ele>
   </trkpt>
   <trkpt lat="45.0988970" lon="7.3992290">
    <ele>345.7</ele>
   </trkpt>
   <trkpt lat="45.0988910" lon="7.3993170">
    <ele>345.7</ele>
   </trkpt>
   <trkpt lat="45.0988850" lon="7.3993990">
    <ele>345.6</ele>
   </trkpt>
   <trkpt lat="45.0988760" lon="7.3994770">
    <ele>345.5</ele>
   </trkpt>
   <trkpt lat="45.0988570" lon="7.3995560">
    <ele>345.4</ele>
   </trkpt>
   <trkpt lat="45.0988310" lon="7.3996230">
    <ele>345.4</ele>
   </trkpt>
   <trkpt lat="45.0988020" lon="7.3996880">
    <ele>345.3</ele>
   </trkpt>
   <trkpt lat="45.0987690" lon="7.3997540">
    <ele>345.2</ele>
   </trkpt>
   <trkpt lat="45.0987330" lon="7.3998220">
    <ele>345.1</ele>
   </trkpt>
   <trkpt lat="45.0987010" lon="7.3998850">
    <ele>345.1</ele>
   </trkpt>
   <trkpt lat="45.0986720" lon="7.3999490">
    <ele>345.0</ele>
   </trkpt>
   <trkpt lat="45.0986410" lon="7.4000090">
    <ele>345.0</ele>
   </trkpt>
   <trkpt lat="45.0986080" lon="7.4000640">
    <ele>345.0</ele>
   </trkpt>
   <trkpt lat="45.0985750" lon="7.4001180">
    <ele>345.0</ele>
   </trkpt>
   <trkpt lat="45.0985420" lon="7.4001710">
    <ele>344.9</ele>
   </trkpt>
   <trkpt lat="45.0985080" lon="7.4002310">
    <ele>344.9</ele>
   </trkpt>
   <trkpt lat="45.0984730" lon="7.4002890">
    <ele>344.9</ele>
   </trkpt>
   <trkpt lat="45.0984350" lon="7.4003490">
    <ele>344.9</ele>
   </trkpt>
   <trkpt lat="45.0983990" lon="7.4004120">
    <ele>344.9</ele>
   </trkpt>
   <trkpt lat="45.0983600" lon="7.4004710">
    <ele>344.8</ele>
   </trkpt>
   <trkpt lat="45.0983210" lon="7.4005290">
    <ele>344.8</ele>
   </trkpt>
   <trkpt lat="45.0982870" lon="7.4005950">
    <ele>344.8</ele>
   </trkpt>
   <trkpt lat="45.0982470" lon="7.4006590">
    <ele>344.7</ele>
   </trkpt>
   <trkpt lat="45.0982070" lon="7.4007180">
    <ele>344.7</ele>
   </trkpt>
   <trkpt lat="45.0981650" lon="7.4007780">
    <ele>344.7</ele>
   </trkpt>
   <trkpt lat="45.0981260" lon="7.4008380">
    <ele>344.7</ele>
   </trkpt>
   <trkpt lat="45.0980870" lon="7.4008980">
    <ele>344.6</ele>
   </trkpt>
   <trkpt lat="45.0980500" lon="7.4009570">
    <ele>344.6</ele>
   </trkpt>
   <trkpt lat="45.0980120" lon="7.4010160">
    <ele>344.6</ele>
   </trkpt>
   <trkpt lat="45.0979720" lon="7.4010760">
    <ele>344.5</ele>
   </trkpt>
   <trkpt lat="45.0979340" lon="7.4011360">
    <ele>344.5</ele>
   </trkpt>
   <trkpt lat="45.0978980" lon="7.4011910">
    <ele>344.5</ele>
   </trkpt>
   <trkpt lat="45.0978630" lon="7.4012480">
    <ele>344.5</ele>
   </trkpt>
   <trkpt lat="45.0978260" lon="7.4013040">
    <ele>344.5</ele>
   </trkpt>
   <trkpt lat="45.0977870" lon="7.4013620">
    <ele>344.5</ele>
   </trkpt>
   <trkpt lat="45.0977490" lon="7.4014240">
    <ele>344.4</ele>
   </trkpt>
   <trkpt lat="45.0977120" lon="7.4014830">
    <ele>344.4</ele>
   </trkpt>
   <trkpt lat="45.0976720" lon="7.4015420">
    <ele>344.4</ele>
   </trkpt>
   <trkpt lat="45.0976310" lon="7.4016020">
    <ele>344.4</ele>
   </trkpt>
   <trkpt lat="45.0975890" lon="7.4016620">
    <ele>344.3</ele>
   </trkpt>
   <trkpt lat="45.0975470" lon="7.4017220">
    <ele>344.3</ele>
   </trkpt>
   <trkpt lat="45.0975080" lon="7.4017780">
    <ele>344.3</ele>
   </trkpt>
   <trkpt lat="45.0974690" lon="7.4018360">
    <ele>344.2</ele>
   </trkpt>
   <trkpt lat="45.0974310" lon="7.4018930">
    <ele>344.2</ele>
   </trkpt>
   <trkpt lat="45.0973940" lon="7.4019520">
    <ele>344.2</ele>
   </trkpt>
   <trkpt lat="45.0973590" lon="7.4020160">
    <ele>344.2</ele>
   </trkpt>
   <trkpt lat="45.0973220" lon="7.4020760">
    <ele>344.2</ele>
   </trkpt>
   <trkpt lat="45.0972820" lon="7.4021360">
    <ele>344.1</ele>
   </trkpt>
   <trkpt lat="45.0972430" lon="7.4021910">
    <ele>344.1</ele>
   </trkpt>
   <trkpt lat="45.0972030" lon="7.4022390">
    <ele>344.1</ele>
   </trkpt>
   <trkpt lat="45.0971670" lon="7.4022940">
    <ele>344.0</ele>
   </trkpt>
   <trkpt lat="45.0971310" lon="7.4023510">
    <ele>344.0</ele>
   </trkpt>
   <trkpt lat="45.0970890" lon="7.4024110">
    <ele>344.0</ele>
   </trkpt>
   <trkpt lat="45.0970530" lon="7.4024670">
    <ele>343.9</ele>
   </trkpt>
   <trkpt lat="45.0970120" lon="7.4025240">
    <ele>343.9</ele>
   </trkpt>
   <trkpt lat="45.0969720" lon="7.4025790">
    <ele>343.8</ele>
   </trkpt>
   <trkpt lat="45.0969330" lon="7.4026380">
    <ele>343.8</ele>
   </trkpt>
   <trkpt lat="45.0968940" lon="7.4026930">
    <ele>343.8</ele>
   </trkpt>
   <trkpt lat="45.0968510" lon="7.4027500">
    <ele>343.8</ele>
   </trkpt>
   <trkpt lat="45.0968100" lon="7.4028090">
    <ele>343.7</ele>
   </trkpt>
   <trkpt lat="45.0967730" lon="7.4028730">
    <ele>343.7</ele>
   </trkpt>
   <trkpt lat="45.0967350" lon="7.4029320">
    <ele>343.7</ele>
   </trkpt>
   <trkpt lat="45.0966980" lon="7.4029910">
    <ele>343.7</ele>
   </trkpt>
   <trkpt lat="45.0966590" lon="7.4030480">
    <ele>343.7</ele>
   </trkpt>
   <trkpt lat="45.0966200" lon="7.4031060">
    <ele>343.7</ele>
   </trkpt>
   <trkpt lat="45.0965830" lon="7.4031650">
    <ele>343.6</ele>
   </trkpt>
   <trkpt lat="45.0965460" lon="7.4032190">
    <ele>343.6</ele>
   </trkpt>
   <trkpt lat="45.0965110" lon="7.4032760">
    <ele>343.6</ele>
   </trkpt>
   <trkpt lat="45.0964720" lon="7.4033410">
    <ele>343.6</ele>
   </trkpt>
   <trkpt lat="45.0964270" lon="7.4034090">
    <ele>343.6</ele>
   </trkpt>
   <trkpt lat="45.0963880" lon="7.4034660">
    <ele>343.6</ele>
   </trkpt>
   <trkpt lat="45.0963480" lon="7.4035190">
    <ele>343.6</ele>
   </trkpt>
   <trkpt lat="45.0963090" lon="7.4035710">
    <ele>343.6</ele>
   </trkpt>
   <trkpt lat="45.0962690" lon="7.4036300">
    <ele>343.6</ele>
   </trkpt>
   <trkpt lat="45.0962290" lon="7.4036890">
    <ele>343.6</ele>
   </trkpt>
   <trkpt lat="45.0961920" lon="7.4037460">
    <ele>343.6</ele>
   </trkpt>
   <trkpt lat="45.0961560" lon="7.4038080">
    <ele>343.7</ele>
   </trkpt>
   <trkpt lat="45.0961200" lon="7.4038640">
    <ele>343.7</ele>
   </trkpt>
   <trkpt lat="45.0960800" lon="7.4039240">
    <ele>343.7</ele>
   </trkpt>
   <trkpt lat="45.0960470" lon="7.4039870">
    <ele>343.7</ele>
   </trkpt>
   <trkpt lat="45.0960150" lon="7.4040440">
    <ele>343.8</ele>
   </trkpt>
   <trkpt lat="45.0959770" lon="7.4041000">
    <ele>343.8</ele>
   </trkpt>
   <trkpt lat="45.0959360" lon="7.4041420">
    <ele>343.8</ele>
   </trkpt>
   <trkpt lat="45.0958880" lon="7.4041700">
    <ele>343.8</ele>
   </trkpt>
   <trkpt lat="45.0958460" lon="7.4042040">
    <ele>343.8</ele>
   </trkpt>
   <trkpt lat="45.0958080" lon="7.4042480">
    <ele>343.7</ele>
   </trkpt>
   <trkpt lat="45.0957710" lon="7.4042840">
    <ele>343.7</ele>
   </trkpt>
   <trkpt lat="45.0957260" lon="7.4043170">
    <ele>343.7</ele>
   </trkpt>
   <trkpt lat="45.0956770" lon="7.4043380">
    <ele>343.7</ele>
   </trkpt>
   <trkpt lat="45.0956310" lon="7.4043410">
    <ele>343.6</ele>
   </trkpt>
   <trkpt lat="45.0955890" lon="7.4043420">
    <ele>343.6</ele>
   </trkpt>
   <trkpt lat="45.0955410" lon="7.4043400">
    <ele>343.6</ele>
   </trkpt>
   <trkpt lat="45.0954980" lon="7.4043290">
    <ele>343.5</ele>
   </trkpt>
   <trkpt lat="45.0954540" lon="7.4043220">
    <ele>343.5</ele>
   </trkpt>
   <trkpt lat="45.0954150" lon="7.4043120">
    <ele>343.4</ele>
   </trkpt>
   <trkpt lat="45.0953770" lon="7.4043040">
    <ele>343.4</ele>
   </trkpt>
   <trkpt lat="45.0953330" lon="7.4042990">
    <ele>343.3</ele>
   </trkpt>
   <trkpt lat="45.0952890" lon="7.4042950">
    <ele>343.3</ele>
   </trkpt>
   <trkpt lat="45.0952500" lon="7.4042860">
    <ele>343.2</ele>
   </trkpt>
   <trkpt lat="45.0952130" lon="7.4042670">
    <ele>343.2</ele>
   </trkpt>
   <trkpt lat="45.0951720" lon="7.4042530">
    <ele>343.2</ele>
   </trkpt>
   <trkpt lat="45.0951330" lon="7.4042430">
    <ele>343.1</ele>
   </trkpt>
   <trkpt lat="45.0950920" lon="7.4042420">
    <ele>343.1</ele>
   </trkpt>
   <trkpt lat="45.0950540" lon="7.4042310">
    <ele>343.1</ele>
   </trkpt>
   <trkpt lat="45.0950160" lon="7.4042250">
    <ele>343.1</ele>
   </trkpt>
   <trkpt lat="45.0949790" lon="7.4042170">
    <ele>343.0</ele>
   </trkpt>
   <trkpt lat="45.0949440" lon="7.4042140">
    <ele>343.0</ele>
   </trkpt>
   <trkpt lat="45.0949070" lon="7.4042020">
    <ele>343.0</ele>
   </trkpt>
   <trkpt lat="45.0948690" lon="7.4041950">
    <ele>343.0</ele>
   </trkpt>
   <trkpt lat="45.0948270" lon="7.4041870">
    <ele>343.0</ele>
   </trkpt>
   <trkpt lat="45.0947760" lon="7.4041820">
    <ele>343.0</ele>
   </trkpt>
   <trkpt lat="45.0947220" lon="7.4041750">
    <ele>343.0</ele>
   </trkpt>
   <trkpt lat="45.0946710" lon="7.4041670">
    <ele>343.1</ele>
   </trkpt>
   <trkpt lat="45.0946200" lon="7.4041510">
    <ele>343.1</ele>
   </trkpt>
   <trkpt lat="45.0945660" lon="7.4041440">
    <ele>343.1</ele>
   </trkpt>
   <trkpt lat="45.0945130" lon="7.4041370">
    <ele>343.1</ele>
   </trkpt>
   <trkpt lat="45.0944600" lon="7.4041320">
    <ele>343.0</ele>
   </trkpt>
   <trkpt lat="45.0944030" lon="7.4041170">
    <ele>343.0</ele>
   </trkpt>
   <trkpt lat="45.0943520" lon="7.4041070">
    <ele>342.9</ele>
   </trkpt>
   <trkpt lat="45.0943040" lon="7.4041070">
    <ele>342.9</ele>
   </trkpt>
   <trkpt lat="45.0942560" lon="7.4040990">
    <ele>342.9</ele>
   </trkpt>
   <trkpt lat="45.0942080" lon="7.4040840">
    <ele>342.8</ele>
   </trkpt>
   <trkpt lat="45.0941610" lon="7.4040710">
    <ele>342.8</ele>
   </trkpt>
   <trkpt lat="45.0941110" lon="7.4040610">
    <ele>342.8</ele>
   </trkpt>
   <trkpt lat="45.0940600" lon="7.4040490">
    <ele>342.7</ele>
   </trkpt>
   <trkpt lat="45.0940100" lon="7.4040370">
    <ele>342.7</ele>
   </trkpt>
   <trkpt lat="45.0939590" lon="7.4040220">
    <ele>342.7</ele>
   </trkpt>
   <trkpt lat="45.0939100" lon="7.4040060">
    <ele>342.7</ele>
   </trkpt>
   <trkpt lat="45.0938550" lon="7.4039910">
    <ele>342.7</ele>
   </trkpt>
   <trkpt lat="45.0937990" lon="7.4039740">
    <ele>342.7</ele>
   </trkpt>
   <trkpt lat="45.0937460" lon="7.4039600">
    <ele>342.7</ele>
   </trkpt>
   <trkpt lat="45.0936910" lon="7.4039400">
    <ele>342.7</ele>
   </trkpt>
   <trkpt lat="45.0936410" lon="7.4039260">
    <ele>342.7</ele>
   </trkpt>
   <trkpt lat="45.0935910" lon="7.4039090">
    <ele>342.8</ele>
   </trkpt>
   <trkpt lat="45.0935410" lon="7.4038920">
    <ele>342.8</ele>
   </trkpt>
   <trkpt lat="45.0934940" lon="7.4038770">
    <ele>342.8</ele>
   </trkpt>
   <trkpt lat="45.0934500" lon="7.4038590">
    <ele>342.9</ele>
   </trkpt>
   <trkpt lat="45.0934060" lon="7.4038450">
    <ele>342.9</ele>
   </trkpt>
   <trkpt lat="45.0933610" lon="7.4038350">
    <ele>342.9</ele>
   </trkpt>
   <trkpt lat="45.0933140" lon="7.4038230">
    <ele>342.9</ele>
   </trkpt>
   <trkpt lat="45.0932730" lon="7.4038050">
    <ele>343.0</ele>
   </trkpt>
   <trkpt lat="45.0932330" lon="7.4038000">
    <ele>343.0</ele>
   </trkpt>
   <trkpt lat="45.0931940" lon="7.4037880">
    <ele>343.0</ele>
   </trkpt>
   <trkpt lat="45.0931470" lon="7.4037660">
    <ele>343.0</ele>
   </trkpt>
   <trkpt lat="45.0930920" lon="7.4037400">
    <ele>343.0</ele>
   </trkpt>
   <trkpt lat="45.0930360" lon="7.4037250">
    <ele>343.0</ele>
   </trkpt>
   <trkpt lat="45.0929840" lon="7.4037070">
    <ele>343.0</ele>
   </trkpt>
   <trkpt lat="45.0929340" lon="7.4036870">
    <ele>343.0</ele>
   </trkpt>
   <trkpt lat="45.0928810" lon="7.4036710">
    <ele>343.0</ele>
   </trkpt>
   <trkpt lat="45.0928340" lon="7.4036570">
    <ele>343.0</ele>
   </trkpt>
   <trkpt lat="45.0927860" lon="7.4036450">
    <ele>343.0</ele>
   </trkpt>
   <trkpt lat="45.0927350" lon="7.4036280">
    <ele>343.0</ele>
   </trkpt>
   <trkpt lat="45.0926850" lon="7.4036090">
    <ele>343.0</ele>
   </trkpt>
   <trkpt lat="45.0926360" lon="7.4035920">
    <ele>343.0</ele>
   </trkpt>
   <trkpt lat="45.0925840" lon="7.4035760">
    <ele>343.0</ele>
   </trkpt>
   <trkpt lat="45.0925280" lon="7.4035590">
    <ele>343.0</ele>
   </trkpt>
   <trkpt lat="45.0924780" lon="7.4035440">
    <ele>343.0</ele>
   </trkpt>
   <trkpt lat="45.0924310" lon="7.4035300">
    <ele>343.0</ele>
   </trkpt>
   <trkpt lat="45.0923840" lon="7.4035130">
    <ele>343.0</ele>
   </trkpt>
   <trkpt lat="45.0923370" lon="7.4034900">
    <ele>343.0</ele>
   </trkpt>
   <trkpt lat="45.0922910" lon="7.4034720">
    <ele>343.0</ele>
   </trkpt>
   <trkpt lat="45.0922420" lon="7.4034550">
    <ele>343.0</ele>
   </trkpt>
   <trkpt lat="45.0921980" lon="7.4034500">
    <ele>343.0</ele>
   </trkpt>
   <trkpt lat="45.0921530" lon="7.4034410">
    <ele>343.0</ele>
   </trkpt>
   <trkpt lat="45.0921040" lon="7.4034290">
    <ele>343.0</ele>
   </trkpt>
   <trkpt lat="45.0920600" lon="7.4034210">
    <ele>343.0</ele>
   </trkpt>
   <trkpt lat="45.0920140" lon="7.4034050">
    <ele>343.0</ele>
   </trkpt>
   <trkpt lat="45.0919660" lon="7.4033870">
    <ele>343.0</ele>
   </trkpt>
   <trkpt lat="45.0919180" lon="7.4033690">
    <ele>343.0</ele>
   </trkpt>
   <trkpt lat="45.0918720" lon="7.4033450">
    <ele>343.0</ele>
   </trkpt>
   <trkpt lat="45.0918320" lon="7.4033210">
    <ele>343.0</ele>
   </trkpt>
   <trkpt lat="45.0917850" lon="7.4033150">
    <ele>343.1</ele>
   </trkpt>
   <trkpt lat="45.0917440" lon="7.4033050">
    <ele>343.1</ele>
   </trkpt>
   <trkpt lat="45.0917060" lon="7.4032980">
    <ele>343.1</ele>
   </trkpt>
   <trkpt lat="45.0916700" lon="7.4032840">
    <ele>343.1</ele>
   </trkpt>
   <trkpt lat="45.0916320" lon="7.4032720">
    <ele>343.2</ele>
   </trkpt>
   <trkpt lat="45.0915870" lon="7.4032610">
    <ele>343.2</ele>
   </trkpt>
   <trkpt lat="45.0915440" lon="7.4032500">
    <ele>343.2</ele>
   </trkpt>
   <trkpt lat="45.0914990" lon="7.4032310">
    <ele>343.3</ele>
   </trkpt>
   <trkpt lat="45.0914550" lon="7.4032140">
    <ele>343.3</ele>
   </trkpt>
   <trkpt lat="45.0914000" lon="7.4031970">
    <ele>343.4</ele>
   </trkpt>
   <trkpt lat="45.0913530" lon="7.4031860">
    <ele>343.4</ele>
   </trkpt>
   <trkpt lat="45.0913080" lon="7.4031690">
    <ele>343.5</ele>
   </trkpt>
   <trkpt lat="45.0912610" lon="7.4031610">
    <ele>343.5</ele>
   </trkpt>
   <trkpt lat="45.0912120" lon="7.4031440">
    <ele>343.6</ele>
   </trkpt>
   <trkpt lat="45.0911670" lon="7.4031240">
    <ele>343.7</ele>
   </trkpt>
   <trkpt lat="45.0911250" lon="7.4031060">
    <ele>343.7</ele>
   </trkpt>
   <trkpt lat="45.0910790" lon="7.4030880">
    <ele>343.8</ele>
   </trkpt>
   <trkpt lat="45.0910350" lon="7.4030680">
    <ele>343.9</ele>
   </trkpt>
   <trkpt lat="45.0909930" lon="7.4030520">
    <ele>344.0</ele>
   </trkpt>
   <trkpt lat="45.0909450" lon="7.4030340">
    <ele>344.1</ele>
   </trkpt>
   <trkpt lat="45.0908980" lon="7.4030170">
    <ele>344.1</ele>
   </trkpt>
   <trkpt lat="45.0908520" lon="7.4030020">
    <ele>344.2</ele>
   </trkpt>
   <trkpt lat="45.0908070" lon="7.4029880">
    <ele>344.3</ele>
   </trkpt>
   <trkpt lat="45.0907580" lon="7.4029820">
    <ele>344.4</ele>
   </trkpt>
   <trkpt lat="45.0907160" lon="7.4029700">
    <ele>344.5</ele>
   </trkpt>
   <trkpt lat="45.0906720" lon="7.4029520">
    <ele>344.6</ele>
   </trkpt>
   <trkpt lat="45.0906270" lon="7.4029360">
    <ele>344.7</ele>
   </trkpt>
   <trkpt lat="45.0905860" lon="7.4029230">
    <ele>344.8</ele>
   </trkpt>
   <trkpt lat="45.0905430" lon="7.4029100">
    <ele>344.9</ele>
   </trkpt>
   <trkpt lat="45.0905000" lon="7.4028970">
    <ele>344.9</ele>
   </trkpt>
   <trkpt lat="45.0904530" lon="7.4028780">
    <ele>345.0</ele>
   </trkpt>
   <trkpt lat="45.0904030" lon="7.4028710">
    <ele>345.1</ele>
   </trkpt>
   <trkpt lat="45.0903570" lon="7.4028590">
    <ele>345.2</ele>
   </trkpt>
   <trkpt lat="45.0903130" lon="7.4028400">
    <ele>345.3</ele>
   </trkpt>
   <trkpt lat="45.0902670" lon="7.4028230">
    <ele>345.3</ele>
   </trkpt>
   <trkpt lat="45.0902240" lon="7.4028100">
    <ele>345.3</ele>
   </trkpt>
   <trkpt lat="45.0901800" lon="7.4027910">
    <ele>345.4</ele>
   </trkpt>
   <trkpt lat="45.0901370" lon="7.4027710">
    <ele>345.4</ele>
   </trkpt>
   <trkpt lat="45.0900950" lon="7.4027640">
    <ele>345.4</ele>
   </trkpt>
   <trkpt lat="45.0900550" lon="7.4027580">
    <ele>345.4</ele>
   </trkpt>
   <trkpt lat="45.0900150" lon="7.4027480">
    <ele>345.4</ele>
   </trkpt>
   <trkpt lat="45.0899750" lon="7.4027300">
    <ele>345.4</ele>
   </trkpt>
   <trkpt lat="45.0899310" lon="7.4027160">
    <ele>345.4</ele>
   </trkpt>
   <trkpt lat="45.0898880" lon="7.4027040">
    <ele>345.4</ele>
   </trkpt>
   <trkpt lat="45.0898420" lon="7.4026900">
    <ele>345.4</ele>
   </trkpt>
   <trkpt lat="45.0897970" lon="7.4026760">
    <ele>345.4</ele>
   </trkpt>
   <trkpt lat="45.0897560" lon="7.4026570">
    <ele>345.3</ele>
   </trkpt>
   <trkpt lat="45.0897110" lon="7.4026410">
    <ele>345.3</ele>
   </trkpt>
   <trkpt lat="45.0896630" lon="7.4026260">
    <ele>345.3</ele>
   </trkpt>
   <trkpt lat="45.0896170" lon="7.4026060">
    <ele>345.3</ele>
   </trkpt>
   <trkpt lat="45.0895730" lon="7.4025870">
    <ele>345.3</ele>
   </trkpt>
   <trkpt lat="45.0895260" lon="7.4025730">
    <ele>345.3</ele>
   </trkpt>
   <trkpt lat="45.0894800" lon="7.4025590">
    <ele>345.3</ele>
   </trkpt>
   <trkpt lat="45.0894350" lon="7.4025470">
    <ele>345.3</ele>
   </trkpt>
   <trkpt lat="45.0893890" lon="7.4025300">
    <ele>345.4</ele>
   </trkpt>
   <trkpt lat="45.0893430" lon="7.4025160">
    <ele>345.4</ele>
   </trkpt>
   <trkpt lat="45.0892970" lon="7.4025010">
    <ele>345.4</ele>
   </trkpt>
   <trkpt lat="45.0892510" lon="7.4024840">
    <ele>345.4</ele>
   </trkpt>
   <trkpt lat="45.0892030" lon="7.4024690">
    <ele>345.4</ele>
   </trkpt>
   <trkpt lat="45.0891580" lon="7.4024540">
    <ele>345.4</ele>
   </trkpt>
   <trkpt lat="45.0891120" lon="7.4024380">
    <ele>345.4</ele>
   </trkpt>
   <trkpt lat="45.0890620" lon="7.4024200">
    <ele>345.4</ele>
   </trkpt>
   <trkpt lat="45.0890140" lon="7.4024070">
    <ele>345.4</ele>
   </trkpt>
   <trkpt lat="45.0889640" lon="7.4023920">
    <ele>345.3</ele>
   </trkpt>
   <trkpt lat="45.0889150" lon="7.4023760">
    <ele>345.2</ele>
   </trkpt>
   <trkpt lat="45.0888630" lon="7.4023640">
    <ele>345.2</ele>
   </trkpt>
   <trkpt lat="45.0888110" lon="7.4023470">
    <ele>345.1</ele>
   </trkpt>
   <trkpt lat="45.0887580" lon="7.4023260">
    <ele>345.0</ele>
   </trkpt>
   <trkpt lat="45.0887040" lon="7.4023070">
    <ele>344.9</ele>
   </trkpt>
   <trkpt lat="45.0886510" lon="7.4022870">
    <ele>344.8</ele>
   </trkpt>
   <trkpt lat="45.0885920" lon="7.4022720">
    <ele>344.7</ele>
   </trkpt>
   <trkpt lat="45.0885330" lon="7.4022570">
    <ele>344.6</ele>
   </trkpt>
   <trkpt lat="45.0884760" lon="7.4022360">
    <ele>344.5</ele>
   </trkpt>
   <trkpt lat="45.0884150" lon="7.4022220">
    <ele>344.4</ele>
   </trkpt>
   <trkpt lat="45.0883510" lon="7.4022150">
    <ele>344.3</ele>
   </trkpt>
   <trkpt lat="45.0882940" lon="7.4022030">
    <ele>344.2</ele>
   </trkpt>
   <trkpt lat="45.0882350" lon="7.4021900">
    <ele>344.1</ele>
   </trkpt>
   <trkpt lat="45.0881770" lon="7.4021840">
    <ele>344.1</ele>
   </trkpt>
   <trkpt lat="45.0881190" lon="7.4021730">
    <ele>344.0</ele>
   </trkpt>
   <trkpt lat="45.0880600" lon="7.4021480">
    <ele>344.0</ele>
   </trkpt>
   <trkpt lat="45.0879990" lon="7.4021280">
    <ele>344.0</ele>
   </trkpt>
   <trkpt lat="45.0879440" lon="7.4020850">
    <ele>343.9</ele>
   </trkpt>
   <trkpt lat="45.0879060" lon="7.4020230">
    <ele>344.0</ele>
   </trkpt>
   <trkpt lat="45.0878670" lon="7.4019580">
    <ele>344.0</ele>
   </trkpt>
   <trkpt lat="45.0878090" lon="7.4019370">
    <ele>344.1</ele>
   </trkpt>
   <trkpt lat="45.0877500" lon="7.4019580">
    <ele>344.1</ele>
   </trkpt>
   <trkpt lat="45.0877090" lon="7.4020160">
    <ele>344.1</ele>
   </trkpt>
   <trkpt lat="45.0877070" lon="7.4020890">
    <ele>344.0</ele>
   </trkpt>
   <trkpt lat="45.0877330" lon="7.4021760">
    <ele>343.8</ele>
   </trkpt>
   <trkpt lat="45.0877450" lon="7.4022450">
    <ele>343.8</ele>
   </trkpt>
   <trkpt lat="45.0877400" lon="7.4023150">
    <ele>343.7</ele>
   </trkpt>
   <trkpt lat="45.0877210" lon="7.4023790">
    <ele>343.6</ele>
   </trkpt>
   <trkpt lat="45.0877010" lon="7.4024410">
    <ele>343.5</ele>
   </trkpt>
   <trkpt lat="45.0876810" lon="7.4024940">
    <ele>343.4</ele>
   </trkpt>
   <trkpt lat="45.0876640" lon="7.4025440">
    <ele>343.3</ele>
   </trkpt>
   <trkpt lat="45.0876460" lon="7.4025940">
    <ele>343.3</ele>
   </trkpt>
   <trkpt lat="45.0876470" lon="7.4026580">
    <ele>343.2</ele>
   </trkpt>
   <trkpt lat="45.0876210" lon="7.4027150">
    <ele>343.1</ele>
   </trkpt>
   <trkpt lat="45.0875900" lon="7.4027680">
    <ele>343.1</ele>
   </trkpt>
   <trkpt lat="45.0875670" lon="7.4028140">
    <ele>343.0</ele>
   </trkpt>
   <trkpt lat="45.0875420" lon="7.4028590">
    <ele>343.0</ele>
   </trkpt>
   <trkpt lat="45.0875270" lon="7.4029070">
    <ele>342.9</ele>
   </trkpt>
   <trkpt lat="45.0875050" lon="7.4029590">
    <ele>342.9</ele>
   </trkpt>
   <trkpt lat="45.0874830" lon="7.4030170">
    <ele>342.8</ele>
   </trkpt>
   <trkpt lat="45.0874610" lon="7.4030760">
    <ele>342.8</ele>
   </trkpt>
   <trkpt lat="45.0874410" lon="7.4031380">
    <ele>342.8</ele>
   </trkpt>
   <trkpt lat="45.0874230" lon="7.4031930">
    <ele>342.8</ele>
   </trkpt>
   <trkpt lat="45.0874010" lon="7.4032480">
    <ele>342.7</ele>
   </trkpt>
   <trkpt lat="45.0873800" lon="7.4033010">
    <ele>342.7</ele>
   </trkpt>
   <trkpt lat="45.0873590" lon="7.4033550">
    <ele>342.7</ele>
   </trkpt>
   <trkpt lat="45.0873380" lon="7.4034090">
    <ele>342.7</ele>
   </trkpt>
   <trkpt lat="45.0873180" lon="7.4034650">
    <ele>342.7</ele>
   </trkpt>
   <trkpt lat="45.0872980" lon="7.4035180">
    <ele>342.8</ele>
   </trkpt>
   <trkpt lat="45.0872760" lon="7.4035750">
    <ele>342.8</ele>
   </trkpt>
   <trkpt lat="45.0872570" lon="7.4036390">
    <ele>342.8</ele>
   </trkpt>
   <trkpt lat="45.0872410" lon="7.4037030">
    <ele>342.8</ele>
   </trkpt>
   <trkpt lat="45.0872190" lon="7.4037640">
    <ele>342.8</ele>
   </trkpt>
   <trkpt lat="45.0871990" lon="7.4038250">
    <ele>342.7</ele>
   </trkpt>
   <trkpt lat="45.0871780" lon="7.4038940">
    <ele>342.7</ele>
   </trkpt>
   <trkpt lat="45.0871520" lon="7.4039630">
    <ele>342.7</ele>
   </trkpt>
   <trkpt lat="45.0871310" lon="7.4040240">
    <ele>342.7</ele>
   </trkpt>
   <trkpt lat="45.0871060" lon="7.4040860">
    <ele>342.7</ele>
   </trkpt>
   <trkpt lat="45.0870840" lon="7.4041440">
    <ele>342.7</ele>
   </trkpt>
   <trkpt lat="45.0870630" lon="7.4042060">
    <ele>342.6</ele>
   </trkpt>
   <trkpt lat="45.0870400" lon="7.4042670">
    <ele>342.6</ele>
   </trkpt>
   <trkpt lat="45.0870180" lon="7.4043270">
    <ele>342.6</ele>
   </trkpt>
   <trkpt lat="45.0869990" lon="7.4043960">
    <ele>342.6</ele>
   </trkpt>
   <trkpt lat="45.0869770" lon="7.4044580">
    <ele>342.6</ele>
   </trkpt>
   <trkpt lat="45.0869550" lon="7.4045180">
    <ele>342.6</ele>
   </trkpt>
   <trkpt lat="45.0869330" lon="7.4045760">
    <ele>342.6</ele>
   </trkpt>
   <trkpt lat="45.0869110" lon="7.4046330">
    <ele>342.5</ele>
   </trkpt>
   <trkpt lat="45.0868920" lon="7.4046920">
    <ele>342.5</ele>
   </trkpt>
   <trkpt lat="45.0868680" lon="7.4047560">
    <ele>342.5</ele>
   </trkpt>
   <trkpt lat="45.0868450" lon="7.4048170">
    <ele>342.5</ele>
   </trkpt>
   <trkpt lat="45.0868220" lon="7.4048760">
    <ele>342.5</ele>
   </trkpt>
   <trkpt lat="45.0867980" lon="7.4049350">
    <ele>342.5</ele>
   </trkpt>
   <trkpt lat="45.0867760" lon="7.4049990">
    <ele>342.5</ele>
   </trkpt>
   <trkpt lat="45.0867540" lon="7.4050630">
    <ele>342.5</ele>
   </trkpt>
   <trkpt lat="45.0867320" lon="7.4051260">
    <ele>342.5</ele>
   </trkpt>
   <trkpt lat="45.0867110" lon="7.4051900">
    <ele>342.5</ele>
   </trkpt>
   <trkpt lat="45.0866880" lon="7.4052530">
    <ele>342.5</ele>
   </trkpt>
   <trkpt lat="45.0866630" lon="7.4053190">
    <ele>342.5</ele>
   </trkpt>
   <trkpt lat="45.0866420" lon="7.4053860">
    <ele>342.5</ele>
   </trkpt>
   <trkpt lat="45.0866220" lon="7.4054580">
    <ele>342.5</ele>
   </trkpt>
   <trkpt lat="45.0865970" lon="7.4055200">
    <ele>342.5</ele>
   </trkpt>
   <trkpt lat="45.0865700" lon="7.4055950">
    <ele>342.5</ele>
   </trkpt>
   <trkpt lat="45.0865400" lon="7.4056580">
    <ele>342.4</ele>
   </trkpt>
   <trkpt lat="45.0865170" lon="7.4057170">
    <ele>342.4</ele>
   </trkpt>
   <trkpt lat="45.0864980" lon="7.4057850">
    <ele>342.4</ele>
   </trkpt>
   <trkpt lat="45.0864800" lon="7.4058480">
    <ele>342.4</ele>
   </trkpt>
   <trkpt lat="45.0864620" lon="7.4059160">
    <ele>342.4</ele>
   </trkpt>
   <trkpt lat="45.0864330" lon="7.4059860">
    <ele>342.4</ele>
   </trkpt>
   <trkpt lat="45.0864120" lon="7.4060570">
    <ele>342.3</ele>
   </trkpt>
   <trkpt lat="45.0863960" lon="7.4061350">
    <ele>342.3</ele>
   </trkpt>
   <trkpt lat="45.0863800" lon="7.4062070">
    <ele>342.2</ele>
   </trkpt>
   <trkpt lat="45.0863630" lon="7.4062760">
    <ele>342.2</ele>
   </trkpt>
   <trkpt lat="45.0863440" lon="7.4063470">
    <ele>342.1</ele>
   </trkpt>
   <trkpt lat="45.0863260" lon="7.4064110">
    <ele>342.1</ele>
   </trkpt>
   <trkpt lat="45.0863040" lon="7.4064760">
    <ele>342.0</ele>
   </trkpt>
   <trkpt lat="45.0862880" lon="7.4065410">
    <ele>342.0</ele>
   </trkpt>
   <trkpt lat="45.0862720" lon="7.4066090">
    <ele>341.9</ele>
   </trkpt>
   <trkpt lat="45.0862560" lon="7.4066720">
    <ele>341.9</ele>
   </trkpt>
   <trkpt lat="45.0862390" lon="7.4067370">
    <ele>341.9</ele>
   </trkpt>
   <trkpt lat="45.0862240" lon="7.4067960">
    <ele>341.9</ele>
   </trkpt>
   <trkpt lat="45.0862110" lon="7.4068580">
    <ele>341.9</ele>
   </trkpt>
   <trkpt lat="45.0861980" lon="7.4069210">
    <ele>341.9</ele>
   </trkpt>
   <trkpt lat="45.0861810" lon="7.4069860">
    <ele>342.0</ele>
   </trkpt>
   <trkpt lat="45.0861680" lon="7.4070480">
    <ele>342.0</ele>
   </trkpt>
   <trkpt lat="45.0861540" lon="7.4071100">
    <ele>342.0</ele>
   </trkpt>
   <trkpt lat="45.0861400" lon="7.4071700">
    <ele>342.1</ele>
   </trkpt>
   <trkpt lat="45.0861240" lon="7.4072380">
    <ele>342.1</ele>
   </trkpt>
   <trkpt lat="45.0861020" lon="7.4073070">
    <ele>342.1</ele>
   </trkpt>
   <trkpt lat="45.0860810" lon="7.4073610">
    <ele>342.1</ele>
   </trkpt>
   <trkpt lat="45.0860570" lon="7.4073960">
    <ele>342.1</ele>
   </trkpt>
   <trkpt lat="45.0860250" lon="7.4074180">
    <ele>342.1</ele>
   </trkpt>
   <trkpt lat="45.0859920" lon="7.4074410">
    <ele>342.1</ele>
   </trkpt>
   <trkpt lat="45.0859530" lon="7.4074650">
    <ele>342.1</ele>
   </trkpt>
   <trkpt lat="45.0859110" lon="7.4074950">
    <ele>342.1</ele>
   </trkpt>
   <trkpt lat="45.0858700" lon="7.4075320">
    <ele>342.1</ele>
   </trkpt>
   <trkpt lat="45.0858250" lon="7.4075630">
    <ele>342.1</ele>
   </trkpt>
   <trkpt lat="45.0857800" lon="7.4075770">
    <ele>342.1</ele>
   </trkpt>
   <trkpt lat="45.0857270" lon="7.4075780">
    <ele>342.1</ele>
   </trkpt>
   <trkpt lat="45.0856760" lon="7.4075580">
    <ele>342.1</ele>
   </trkpt>
   <trkpt lat="45.0856230" lon="7.4075470">
    <ele>342.2</ele>
   </trkpt>
   <trkpt lat="45.0855810" lon="7.4075420">
    <ele>342.2</ele>
   </trkpt>
   <trkpt lat="45.0855290" lon="7.4075310">
    <ele>342.3</ele>
   </trkpt>
   <trkpt lat="45.0854820" lon="7.4075120">
    <ele>342.3</ele>
   </trkpt>
   <trkpt lat="45.0854310" lon="7.4074840">
    <ele>342.3</ele>
   </trkpt>
   <trkpt lat="45.0853890" lon="7.4074490">
    <ele>342.3</ele>
   </trkpt>
   <trkpt lat="45.0853450" lon="7.4074100">
    <ele>342.3</ele>
   </trkpt>
   <trkpt lat="45.0853000" lon="7.4073650">
    <ele>342.2</ele>
   </trkpt>
   <trkpt lat="45.0852550" lon="7.4073290">
    <ele>342.2</ele>
   </trkpt>
   <trkpt lat="45.0852000" lon="7.4073230">
    <ele>342.2</ele>
   </trkpt>
   <trkpt lat="45.0851530" lon="7.4073440">
    <ele>342.3</ele>
   </trkpt>
   <trkpt lat="45.0851150" lon="7.4073440">
    <ele>342.3</ele>
   </trkpt>
   <trkpt lat="45.0850690" lon="7.4073330">
    <ele>342.3</ele>
   </trkpt>
   <trkpt lat="45.0850200" lon="7.4073110">
    <ele>342.2</ele>
   </trkpt>
   <trkpt lat="45.0849720" lon="7.4072930">
    <ele>342.2</ele>
   </trkpt>
   <trkpt lat="45.0849270" lon="7.4072760">
    <ele>342.1</ele>
   </trkpt>
   <trkpt lat="45.0848820" lon="7.4072570">
    <ele>342.1</ele>
   </trkpt>
   <trkpt lat="45.0848370" lon="7.4072350">
    <ele>342.1</ele>
   </trkpt>
   <trkpt lat="45.0847950" lon="7.4072140">
    <ele>342.1</ele>
   </trkpt>
   <trkpt lat="45.0847550" lon="7.4071990">
    <ele>342.1</ele>
   </trkpt>
   <trkpt lat="45.0847130" lon="7.4071830">
    <ele>342.1</ele>
   </trkpt>
   <trkpt lat="45.0846730" lon="7.4071680">
    <ele>342.1</ele>
   </trkpt>
   <trkpt lat="45.0846410" lon="7.4071450">
    <ele>342.1</ele>
   </trkpt>
   <trkpt lat="45.0846010" lon="7.4071200">
    <ele>342.0</ele>
   </trkpt>
   <trkpt lat="45.0845600" lon="7.4071110">
    <ele>342.0</ele>
   </trkpt>
   <trkpt lat="45.0845210" lon="7.4070980">
    <ele>341.9</ele>
   </trkpt>
   <trkpt lat="45.0844840" lon="7.4070820">
    <ele>341.9</ele>
   </trkpt>
   <trkpt lat="45.0844380" lon="7.4070660">
    <ele>341.8</ele>
   </trkpt>
   <trkpt lat="45.0843930" lon="7.4070450">
    <ele>341.7</ele>
   </trkpt>
   <trkpt lat="45.0843470" lon="7.4070260">
    <ele>341.7</ele>
   </trkpt>
   <trkpt lat="45.0843040" lon="7.4070080">
    <ele>341.7</ele>
   </trkpt>
   <trkpt lat="45.0842600" lon="7.4069760">
    <ele>341.7</ele>
   </trkpt>
   <trkpt lat="45.0842250" lon="7.4069330">
    <ele>341.7</ele>
   </trkpt>
   <trkpt lat="45.0842060" lon="7.4068720">
    <ele>341.7</ele>
   </trkpt>
   <trkpt lat="45.0842060" lon="7.4067960">
    <ele>341.7</ele>
   </trkpt>
   <trkpt lat="45.0842170" lon="7.4067180">
    <ele>341.8</ele>
   </trkpt>
   <trkpt lat="45.0842470" lon="7.4066550">
    <ele>341.9</ele>
   </trkpt>
   <trkpt lat="45.0842710" lon="7.4066050">
    <ele>342.0</ele>
   </trkpt>
   <trkpt lat="45.0842940" lon="7.4065520">
    <ele>342.1</ele>
   </trkpt>
   <trkpt lat="45.0843130" lon="7.4064970">
    <ele>342.2</ele>
   </trkpt>
   <trkpt lat="45.0843340" lon="7.4064350">
    <ele>342.2</ele>
   </trkpt>
   <trkpt lat="45.0843500" lon="7.4063940">
    <ele>342.3</ele>
   </trkpt>
   <trkpt lat="45.0843680" lon="7.4063390">
    <ele>342.4</ele>
   </trkpt>
   <trkpt lat="45.0843790" lon="7.4062900">
    <ele>342.5</ele>
   </trkpt>
   <trkpt lat="45.0843860" lon="7.4062430">
    <ele>342.6</ele>
   </trkpt>
   <trkpt lat="45.0843980" lon="7.4061910">
    <ele>342.7</ele>
   </trkpt>
   <trkpt lat="45.0844100" lon="7.4061360">
    <ele>342.8</ele>
   </trkpt>
   <trkpt lat="45.0844210" lon="7.4060840">
    <ele>342.8</ele>
   </trkpt>
   <trkpt lat="45.0844370" lon="7.4060320">
    <ele>342.9</ele>
   </trkpt>
   <trkpt lat="45.0844500" lon="7.4059850">
    <ele>343.0</ele>
   </trkpt>
   <trkpt lat="45.0844590" lon="7.4059410">
    <ele>343.0</ele>
   </trkpt>
   <trkpt lat="45.0844670" lon="7.4059020">
    <ele>343.0</ele>
   </trkpt>
   <trkpt lat="45.0844800" lon="7.4058530">
    <ele>343.1</ele>
   </trkpt>
   <trkpt lat="45.0844840" lon="7.4058370">
    <ele>343.1</ele>
   </trkpt>
   <trkpt lat="45.0844810" lon="7.4057850">
    <ele>343.2</ele>
   </trkpt>
   <trkpt lat="45.0844760" lon="7.4057680">
    <ele>343.3</ele>
   </trkpt>
   <trkpt lat="45.0844580" lon="7.4057380">
    <ele>343.5</ele>
   </trkpt>
   <trkpt lat="45.0844300" lon="7.4057050">
    <ele>343.6</ele>
   </trkpt>
   <trkpt lat="45.0843950" lon="7.4056850">
    <ele>343.8</ele>
   </trkpt>
   <trkpt lat="45.0843580" lon="7.4056720">
    <ele>343.8</ele>
   </trkpt>
   <trkpt lat="45.0843220" lon="7.4056530">
    <ele>343.8</ele>
   </trkpt>
   <trkpt lat="45.0842830" lon="7.4056340">
    <ele>343.8</ele>
   </trkpt>
   <trkpt lat="45.0842670" lon="7.4056290">
    <ele>343.8</ele>
   </trkpt>
   <trkpt lat="45.0842320" lon="7.4056140">
    <ele>343.8</ele>
   </trkpt>
   <trkpt lat="45.0841860" lon="7.4055860">
    <ele>343.8</ele>
   </trkpt>
   <trkpt lat="45.0841330" lon="7.4055550">
    <ele>343.9</ele>
   </trkpt>
   <trkpt lat="45.0840800" lon="7.4055230">
    <ele>343.9</ele>
   </trkpt>
   <trkpt lat="45.0840410" lon="7.4055170">
    <ele>344.0</ele>
   </trkpt>
   <trkpt lat="45.0840050" lon="7.4055060">
    <ele>344.0</ele>
   </trkpt>
   <trkpt lat="45.0839690" lon="7.4054930">
    <ele>344.1</ele>
   </trkpt>
   <trkpt lat="45.0839360" lon="7.4054870">
    <ele>344.2</ele>
   </trkpt>
   <trkpt lat="45.0839030" lon="7.4054780">
    <ele>344.3</ele>
   </trkpt>
   <trkpt lat="45.0838620" lon="7.4054710">
    <ele>344.4</ele>
   </trkpt>
   <trkpt lat="45.0838300" lon="7.4054470">
    <ele>344.5</ele>
   </trkpt>
   <trkpt lat="45.0837940" lon="7.4054320">
    <ele>344.7</ele>
   </trkpt>
   <trkpt lat="45.0837590" lon="7.4054170">
    <ele>344.8</ele>
   </trkpt>
   <trkpt lat="45.0837280" lon="7.4053960">
    <ele>344.9</ele>
   </trkpt>
   <trkpt lat="45.0836940" lon="7.4053750">
    <ele>345.1</ele>
   </trkpt>
   <trkpt lat="45.0836590" lon="7.4053540">
    <ele>345.3</ele>
   </trkpt>
   <trkpt lat="45.0836230" lon="7.4053370">
    <ele>345.4</ele>
   </trkpt>
   <trkpt lat="45.0835880" lon="7.4053140">
    <ele>345.6</ele>
   </trkpt>
   <trkpt lat="45.0835560" lon="7.4052920">
    <ele>345.8</ele>
   </trkpt>
   <trkpt lat="45.0835210" lon="7.4052720">
    <ele>346.0</ele>
   </trkpt>
   <trkpt lat="45.0834880" lon="7.4052630">
    <ele>346.2</ele>
   </trkpt>
   <trkpt lat="45.0834560" lon="7.4052560">
    <ele>346.4</ele>
   </trkpt>
   <trkpt lat="45.0834220" lon="7.4052500">
    <ele>346.6</ele>
   </trkpt>
   <trkpt lat="45.0833920" lon="7.4052400">
    <ele>346.6</ele>
   </trkpt>
   <trkpt lat="45.0833590" lon="7.4052260">
    <ele>346.7</ele>
   </trkpt>
   <trkpt lat="45.0833480" lon="7.4052220">
    <ele>346.8</ele>
   </trkpt>
   <trkpt lat="45.0833190" lon="7.4052110">
    <ele>346.8</ele>
   </trkpt>
   <trkpt lat="45.0832900" lon="7.4051940">
    <ele>347.1</ele>
   </trkpt>
   <trkpt lat="45.0832620" lon="7.4051780">
    <ele>347.3</ele>
   </trkpt>
   <trkpt lat="45.0832320" lon="7.4051660">
    <ele>347.6</ele>
   </trkpt>
   <trkpt lat="45.0831980" lon="7.4051530">
    <ele>347.9</ele>
   </trkpt>
   <trkpt lat="45.0831650" lon="7.4051360">
    <ele>348.1</ele>
   </trkpt>
   <trkpt lat="45.0831300" lon="7.4051170">
    <ele>348.4</ele>
   </trkpt>
   <trkpt lat="45.0830960" lon="7.4051010">
    <ele>348.7</ele>
   </trkpt>
   <trkpt lat="45.0830370" lon="7.4050640">
    <ele>349.3</ele>
   </trkpt>
   <trkpt lat="45.0830120" lon="7.4050360">
    <ele>349.4</ele>
   </trkpt>
   <trkpt lat="45.0829950" lon="7.4050030">
    <ele>349.6</ele>
   </trkpt>
   <trkpt lat="45.0829890" lon="7.4049610">
    <ele>349.8</ele>
   </trkpt>
   <trkpt lat="45.0829830" lon="7.4049130">
    <ele>350.0</ele>
   </trkpt>
   <trkpt lat="45.0829750" lon="7.4048710">
    <ele>350.0</ele>
   </trkpt>
   <trkpt lat="45.0829750" lon="7.4048150">
    <ele>350.1</ele>
   </trkpt>
   <trkpt lat="45.0829720" lon="7.4047920">
    <ele>350.1</ele>
   </trkpt>
   <trkpt lat="45.0829720" lon="7.4047410">
    <ele>350.2</ele>
   </trkpt>
   <trkpt lat="45.0829690" lon="7.4046920">
    <ele>350.2</ele>
   </trkpt>
   <trkpt lat="45.0829680" lon="7.4046370">
    <ele>350.3</ele>
   </trkpt>
   <trkpt lat="45.0829640" lon="7.4045810">
    <ele>350.4</ele>
   </trkpt>
   <trkpt lat="45.0829630" lon="7.4045270">
    <ele>350.4</ele>
   </trkpt>
   <trkpt lat="45.0829650" lon="7.4044700">
    <ele>350.4</ele>
   </trkpt>
   <trkpt lat="45.0829670" lon="7.4044110">
    <ele>350.5</ele>
   </trkpt>
   <trkpt lat="45.0829560" lon="7.4043530">
    <ele>350.5</ele>
   </trkpt>
   <trkpt lat="45.0829320" lon="7.4043150">
    <ele>350.5</ele>
   </trkpt>
   <trkpt lat="45.0829180" lon="7.4042540">
    <ele>350.6</ele>
   </trkpt>
   <trkpt lat="45.0829020" lon="7.4041710">
    <ele>350.6</ele>
   </trkpt>
   <trkpt lat="45.0828790" lon="7.4040980">
    <ele>350.6</ele>
   </trkpt>
   <trkpt lat="45.0828730" lon="7.4040530">
    <ele>350.6</ele>
   </trkpt>
   <trkpt lat="45.0828860" lon="7.4039970">
    <ele>350.5</ele>
   </trkpt>
   <trkpt lat="45.0828940" lon="7.4039740">
    <ele>350.5</ele>
   </trkpt>
   <trkpt lat="45.0829060" lon="7.4039250">
    <ele>350.5</ele>
   </trkpt>
   <trkpt lat="45.0829170" lon="7.4038700">
    <ele>350.4</ele>
   </trkpt>
   <trkpt lat="45.0829210" lon="7.4038240">
    <ele>350.3</ele>
   </trkpt>
   <trkpt lat="45.0829240" lon="7.4037770">
    <ele>350.3</ele>
   </trkpt>
   <trkpt lat="45.0829270" lon="7.4037290">
    <ele>350.2</ele>
   </trkpt>
   <trkpt lat="45.0829300" lon="7.4036820">
    <ele>350.2</ele>
   </trkpt>
   <trkpt lat="45.0829350" lon="7.4036360">
    <ele>350.1</ele>
   </trkpt>
   <trkpt lat="45.0829420" lon="7.4035850">
    <ele>350.1</ele>
   </trkpt>
   <trkpt lat="45.0829510" lon="7.4035200">
    <ele>350.0</ele>
   </trkpt>
   <trkpt lat="45.0829580" lon="7.4034570">
    <ele>349.9</ele>
   </trkpt>
   <trkpt lat="45.0829640" lon="7.4033960">
    <ele>349.9</ele>
   </trkpt>
   <trkpt lat="45.0829630" lon="7.4033290">
    <ele>349.8</ele>
   </trkpt>
   <trkpt lat="45.0829680" lon="7.4032650">
    <ele>349.8</ele>
   </trkpt>
   <trkpt lat="45.0829710" lon="7.4032020">
    <ele>349.7</ele>
   </trkpt>
   <trkpt lat="45.0829720" lon="7.4031360">
    <ele>349.6</ele>
   </trkpt>
   <trkpt lat="45.0829800" lon="7.4030680">
    <ele>349.5</ele>
   </trkpt>
   <trkpt lat="45.0829890" lon="7.4029960">
    <ele>349.5</ele>
   </trkpt>
   <trkpt lat="45.0829990" lon="7.4029320">
    <ele>349.4</ele>
   </trkpt>
   <trkpt lat="45.0830080" lon="7.4028640">
    <ele>349.3</ele>
   </trkpt>
   <trkpt lat="45.0829990" lon="7.4027620">
    <ele>349.2</ele>
   </trkpt>
   <trkpt lat="45.0829950" lon="7.4026940">
    <ele>349.1</ele>
   </trkpt>
   <trkpt lat="45.0829980" lon="7.4026310">
    <ele>349.1</ele>
   </trkpt>
   <trkpt lat="45.0829970" lon="7.4025720">
    <ele>349.0</ele>
   </trkpt>
   <trkpt lat="45.0829900" lon="7.4025010">
    <ele>349.0</ele>
   </trkpt>
   <trkpt lat="45.0829840" lon="7.4024360">
    <ele>348.9</ele>
   </trkpt>
   <trkpt lat="45.0829780" lon="7.4023790">
    <ele>348.9</ele>
   </trkpt>
   <trkpt lat="45.0829640" lon="7.4023100">
    <ele>348.8</ele>
   </trkpt>
   <trkpt lat="45.0829520" lon="7.4022480">
    <ele>348.8</ele>
   </trkpt>
   <trkpt lat="45.0829530" lon="7.4021890">
    <ele>348.8</ele>
   </trkpt>
   <trkpt lat="45.0829510" lon="7.4021490">
    <ele>348.7</ele>
   </trkpt>
   <trkpt lat="45.0829430" lon="7.4021030">
    <ele>348.7</ele>
   </trkpt>
   <trkpt lat="45.0829300" lon="7.4020500">
    <ele>348.7</ele>
   </trkpt>
   <trkpt lat="45.0829210" lon="7.4020000">
    <ele>348.7</ele>
   </trkpt>
   <trkpt lat="45.0829220" lon="7.4019590">
    <ele>348.7</ele>
   </trkpt>
   <trkpt lat="45.0829280" lon="7.4019020">
    <ele>348.7</ele>
   </trkpt>
   <trkpt lat="45.0829300" lon="7.4018820">
    <ele>348.6</ele>
   </trkpt>
   <trkpt lat="45.0829300" lon="7.4018580">
    <ele>348.6</ele>
   </trkpt>
   <trkpt lat="45.0829270" lon="7.4018480">
    <ele>348.6</ele>
   </trkpt>
   <trkpt lat="45.0829200" lon="7.4018400">
    <ele>348.6</ele>
   </trkpt>
   <trkpt lat="45.0829200" lon="7.4018390">
    <ele>348.6</ele>
   </trkpt>
   <trkpt lat="45.0829190" lon="7.4018390">
    <ele>348.6</ele>
   </trkpt>
   <trkpt lat="45.0829190" lon="7.4018390">
    <ele>348.6</ele>
   </trkpt>
   <trkpt lat="45.0829190" lon="7.4018390">
    <ele>348.6</ele>
   </trkpt>
   <trkpt lat="45.0829190" lon="7.4018390">
    <ele>348.6</ele>
   </trkpt>
   <trkpt lat="45.0829160" lon="7.4018300">
    <ele>348.6</ele>
   </trkpt>
   <trkpt lat="45.0829000" lon="7.4018310">
    <ele>348.6</ele>
   </trkpt>
   <trkpt lat="45.0828930" lon="7.4018340">
    <ele>348.6</ele>
   </trkpt>
   <trkpt lat="45.0828880" lon="7.4018370">
    <ele>348.6</ele>
   </trkpt>
   <trkpt lat="45.0828830" lon="7.4018360">
    <ele>348.6</ele>
   </trkpt>
   <trkpt lat="45.0828820" lon="7.4018370">
    <ele>348.6</ele>
   </trkpt>
   <trkpt lat="45.0828870" lon="7.4018360">
    <ele>348.6</ele>
   </trkpt>
   <trkpt lat="45.0828880" lon="7.4018350">
    <ele>348.6</ele>
   </trkpt>
   <trkpt lat="45.0828880" lon="7.4018350">
    <ele>348.6</ele>
   </trkpt>
   <trkpt lat="45.0828880" lon="7.4018350">
    <ele>348.6</ele>
   </trkpt>
   <trkpt lat="45.0828880" lon="7.4018350">
    <ele>348.6</ele>
   </trkpt>
   <trkpt lat="45.0828800" lon="7.4018450">
    <ele>348.6</ele>
   </trkpt>
   <trkpt lat="45.0828860" lon="7.4018520">
    <ele>348.6</ele>
   </trkpt>
   <trkpt lat="45.0828860" lon="7.4018520">
    <ele>348.6</ele>
   </trkpt>
   <trkpt lat="45.0828860" lon="7.4018530">
    <ele>348.6</ele>
   </trkpt>
   <trkpt lat="45.0828860" lon="7.4018530">
    <ele>348.6</ele>
   </trkpt>
   <trkpt lat="45.0828860" lon="7.4018530">
    <ele>348.6</ele>
   </trkpt>
   <trkpt lat="45.0828850" lon="7.4018530">
    <ele>348.6</ele>
   </trkpt>
   <trkpt lat="45.0828850" lon="7.4018530">
    <ele>348.6</ele>
   </trkpt>
   <trkpt lat="45.0828850" lon="7.4018530">
    <ele>348.6</ele>
   </trkpt>
   <trkpt lat="45.0828850" lon="7.4018530">
    <ele>348.6</ele>
   </trkpt>
   <trkpt lat="45.0828850" lon="7.4018530">
    <ele>348.6</ele>
   </trkpt>
   <trkpt lat="45.0828850" lon="7.4018530">
    <ele>348.6</ele>
   </trkpt>
   <trkpt lat="45.0828930" lon="7.4017920">
    <ele>348.6</ele>
   </trkpt>
   <trkpt lat="45.0828860" lon="7.4017820">
    <ele>348.6</ele>
   </trkpt>
   <trkpt lat="45.0828890" lon="7.4017670">
    <ele>348.6</ele>
   </trkpt>
   <trkpt lat="45.0828920" lon="7.4017610">
    <ele>348.6</ele>
   </trkpt>
   <trkpt lat="45.0828970" lon="7.4017560">
    <ele>348.6</ele>
   </trkpt>
   <trkpt lat="45.0828990" lon="7.4017550">
    <ele>348.6</ele>
   </trkpt>
   <trkpt lat="45.0828990" lon="7.4017550">
    <ele>348.6</ele>
   </trkpt>
   <trkpt lat="45.0828990" lon="7.4017540">
    <ele>348.6</ele>
   </trkpt>
   <trkpt lat="45.0828990" lon="7.4017540">
    <ele>348.6</ele>
   </trkpt>
   <trkpt lat="45.0828990" lon="7.4017550">
    <ele>348.6</ele>
   </trkpt>
   <trkpt lat="45.0828990" lon="7.4017550">
    <ele>348.6</ele>
   </trkpt>
   <trkpt lat="45.0828990" lon="7.4017550">
    <ele>348.6</ele>
   </trkpt>
   <trkpt lat="45.0828990" lon="7.4017550">
    <ele>348.6</ele>
   </trkpt>
   <trkpt lat="45.0828990" lon="7.4017550">
    <ele>348.6</ele>
   </trkpt>
   <trkpt lat="45.0829040" lon="7.4017980">
    <ele>348.6</ele>
   </trkpt>
   <trkpt lat="45.0829000" lon="7.4018030">
    <ele>348.6</ele>
   </trkpt>
   <trkpt lat="45.0829040" lon="7.4018110">
    <ele>348.6</ele>
   </trkpt>
   <trkpt lat="45.0829060" lon="7.4018220">
    <ele>348.6</ele>
   </trkpt>
   <trkpt lat="45.0829090" lon="7.4018280">
    <ele>348.6</ele>
   </trkpt>
   <trkpt lat="45.0829050" lon="7.4018400">
    <ele>348.6</ele>
   </trkpt>
   <trkpt lat="45.0829040" lon="7.4018410">
    <ele>348.6</ele>
   </trkpt>
   <trkpt lat="45.0829040" lon="7.4018410">
    <ele>348.6</ele>
   </trkpt>
   <trkpt lat="45.0828920" lon="7.4018580">
    <ele>348.6</ele>
   </trkpt>
   <trkpt lat="45.0828810" lon="7.4018730">
    <ele>348.6</ele>
   </trkpt>
   <trkpt lat="45.0828730" lon="7.4018810">
    <ele>348.6</ele>
   </trkpt>
   <trkpt lat="45.0828700" lon="7.4018890">
    <ele>348.6</ele>
   </trkpt>
   <trkpt lat="45.0828720" lon="7.4018920">
    <ele>348.6</ele>
   </trkpt>
   <trkpt lat="45.0828760" lon="7.4018980">
    <ele>348.6</ele>
   </trkpt>
   <trkpt lat="45.0828780" lon="7.4019030">
    <ele>348.6</ele>
   </trkpt>
   <trkpt lat="45.0828840" lon="7.4019080">
    <ele>348.6</ele>
   </trkpt>
   <trkpt lat="45.0828890" lon="7.4019150">
    <ele>348.6</ele>
   </trkpt>
   <trkpt lat="45.0828950" lon="7.4019200">
    <ele>348.6</ele>
   </trkpt>
   <trkpt lat="45.0829010" lon="7.4019220">
    <ele>348.6</ele>
   </trkpt>
   <trkpt lat="45.0829030" lon="7.4019230">
    <ele>348.6</ele>
   </trkpt>
   <trkpt lat="45.0829110" lon="7.4019290">
    <ele>348.6</ele>
   </trkpt>
   <trkpt lat="45.0829160" lon="7.4019250">
    <ele>348.6</ele>
   </trkpt>
   <trkpt lat="45.0829190" lon="7.4019210">
    <ele>348.6</ele>
   </trkpt>
   <trkpt lat="45.0829250" lon="7.4019160">
    <ele>348.6</ele>
   </trkpt>
   <trkpt lat="45.0829260" lon="7.4019150">
    <ele>348.6</ele>
   </trkpt>
   <trkpt lat="45.0829260" lon="7.4019150">
    <ele>348.6</ele>
   </trkpt>
   <trkpt lat="45.0829260" lon="7.4019150">
    <ele>348.6</ele>
   </trkpt>
   <trkpt lat="45.0829260" lon="7.4019150">
    <ele>348.6</ele>
   </trkpt>
   <trkpt lat="45.0829260" lon="7.4019150">
    <ele>348.6</ele>
   </trkpt>
   <trkpt lat="45.0829260" lon="7.4019150">
    <ele>348.6</ele>
   </trkpt>
   <trkpt lat="45.0829260" lon="7.4019150">
    <ele>348.6</ele>
   </trkpt>
   <trkpt lat="45.0829260" lon="7.4019150">
    <ele>348.6</ele>
   </trkpt>
   <trkpt lat="45.0829160" lon="7.4019720">
    <ele>348.6</ele>
   </trkpt>
   <trkpt lat="45.0829110" lon="7.4019800">
    <ele>348.6</ele>
   </trkpt>
   <trkpt lat="45.0829060" lon="7.4019840">
    <ele>348.6</ele>
   </trkpt>
   <trkpt lat="45.0829080" lon="7.4019900">
    <ele>348.6</ele>
   </trkpt>
   <trkpt lat="45.0829080" lon="7.4019980">
    <ele>348.6</ele>
   </trkpt>
   <trkpt lat="45.0829050" lon="7.4020040">
    <ele>348.6</ele>
   </trkpt>
   <trkpt lat="45.0829020" lon="7.4020070">
    <ele>348.6</ele>
   </trkpt>
   <trkpt lat="45.0828990" lon="7.4020120">
    <ele>348.6</ele>
   </trkpt>
   <trkpt lat="45.0828960" lon="7.4020240">
    <ele>348.6</ele>
   </trkpt>
   <trkpt lat="45.0828960" lon="7.4020300">
    <ele>348.5</ele>
   </trkpt>
   <trkpt lat="45.0829010" lon="7.4020290">
    <ele>348.5</ele>
   </trkpt>
   <trkpt lat="45.0829040" lon="7.4020220">
    <ele>348.5</ele>
   </trkpt>
   <trkpt lat="45.0829050" lon="7.4020140">
    <ele>348.5</ele>
   </trkpt>
   <trkpt lat="45.0829050" lon="7.4020040">
    <ele>348.5</ele>
   </trkpt>
   <trkpt lat="45.0829020" lon="7.4019960">
    <ele>348.5</ele>
   </trkpt>
   <trkpt lat="45.0829000" lon="7.4019920">
    <ele>348.5</ele>
   </trkpt>
   <trkpt lat="45.0828990" lon="7.4019900">
    <ele>348.5</ele>
   </trkpt>
   <trkpt lat="45.0828930" lon="7.4019900">
    <ele>348.5</ele>
   </trkpt>
   <trkpt lat="45.0828920" lon="7.4019920">
    <ele>348.5</ele>
   </trkpt>
   <trkpt lat="45.0828950" lon="7.4019980">
    <ele>348.5</ele>
   </trkpt>
   <trkpt lat="45.0828990" lon="7.4020030">
    <ele>348.5</ele>
   </trkpt>
   <trkpt lat="45.0829050" lon="7.4020030">
    <ele>348.5</ele>
   </trkpt>
   <trkpt lat="45.0829050" lon="7.4020020">
    <ele>348.5</ele>
   </trkpt>
   <trkpt lat="45.0829090" lon="7.4020000">
    <ele>348.5</ele>
   </trkpt>
   <trkpt lat="45.0829100" lon="7.4019880">
    <ele>348.5</ele>
   </trkpt>
   <trkpt lat="45.0829110" lon="7.4019900">
    <ele>348.5</ele>
   </trkpt>
   <trkpt lat="45.0829090" lon="7.4020000">
    <ele>348.5</ele>
   </trkpt>
   <trkpt lat="45.0828990" lon="7.4020100">
    <ele>348.5</ele>
   </trkpt>
   <trkpt lat="45.0828860" lon="7.4020170">
    <ele>348.5</ele>
   </trkpt>
   <trkpt lat="45.0828780" lon="7.4020190">
    <ele>348.5</ele>
   </trkpt>
   <trkpt lat="45.0828730" lon="7.4020160">
    <ele>348.5</ele>
   </trkpt>
   <trkpt lat="45.0828650" lon="7.4020280">
    <ele>348.5</ele>
   </trkpt>
   <trkpt lat="45.0828540" lon="7.4020460">
    <ele>348.5</ele>
   </trkpt>
   <trkpt lat="45.0828490" lon="7.4020610">
    <ele>348.5</ele>
   </trkpt>
   <trkpt lat="45.0828500" lon="7.4020740">
    <ele>348.5</ele>
   </trkpt>
   <trkpt lat="45.0828540" lon="7.4020790">
    <ele>348.5</ele>
   </trkpt>
   <trkpt lat="45.0828580" lon="7.4020840">
    <ele>348.5</ele>
   </trkpt>
   <trkpt lat="45.0828720" lon="7.4020770">
    <ele>348.5</ele>
   </trkpt>
   <trkpt lat="45.0828780" lon="7.4020740">
    <ele>348.5</ele>
   </trkpt>
   <trkpt lat="45.0828810" lon="7.4020720">
    <ele>348.5</ele>
   </trkpt>
   <trkpt lat="45.0828800" lon="7.4020710">
    <ele>348.5</ele>
   </trkpt>
   <trkpt lat="45.0828660" lon="7.4020760">
    <ele>348.5</ele>
   </trkpt>
   <trkpt lat="45.0828520" lon="7.4020800">
    <ele>348.5</ele>
   </trkpt>
   <trkpt lat="45.0828490" lon="7.4020860">
    <ele>348.5</ele>
   </trkpt>
   <trkpt lat="45.0828500" lon="7.4020860">
    <ele>348.5</ele>
   </trkpt>
   <trkpt lat="45.0828500" lon="7.4020850">
    <ele>348.5</ele>
   </trkpt>
   <trkpt lat="45.0828490" lon="7.4020790">
    <ele>348.5</ele>
   </trkpt>
   <trkpt lat="45.0828430" lon="7.4020740">
    <ele>348.5</ele>
   </trkpt>
   <trkpt lat="45.0828300" lon="7.4020590">
    <ele>348.5</ele>
   </trkpt>
   <trkpt lat="45.0828140" lon="7.4020450">
    <ele>348.5</ele>
   </trkpt>
   <trkpt lat="45.0827790" lon="7.4020280">
    <ele>348.5</ele>
   </trkpt>
   <trkpt lat="45.0827660" lon="7.4020240">
    <ele>348.5</ele>
   </trkpt>
   <trkpt lat="45.0827520" lon="7.4020020">
    <ele>348.5</ele>
   </trkpt>
   <trkpt lat="45.0827500" lon="7.4019840">
    <ele>348.5</ele>
   </trkpt>
   <trkpt lat="45.0827530" lon="7.4019700">
    <ele>348.5</ele>
   </trkpt>
   <trkpt lat="45.0827580" lon="7.4019650">
    <ele>348.5</ele>
   </trkpt>
   <trkpt lat="45.0827770" lon="7.4019630">
    <ele>348.5</ele>
   </trkpt>
   <trkpt lat="45.0828020" lon="7.4019410">
    <ele>348.5</ele>
   </trkpt>
   <trkpt lat="45.0828160" lon="7.4019380">
    <ele>348.4</ele>
   </trkpt>
   <trkpt lat="45.0828280" lon="7.4019320">
    <ele>348.4</ele>
   </trkpt>
   <trkpt lat="45.0828270" lon="7.4019370">
    <ele>348.4</ele>
   </trkpt>
   <trkpt lat="45.0828290" lon="7.4019370">
    <ele>348.4</ele>
   </trkpt>
   <trkpt lat="45.0828290" lon="7.4019340">
    <ele>348.4</ele>
   </trkpt>
   <trkpt lat="45.0828290" lon="7.4019280">
    <ele>348.4</ele>
   </trkpt>
   <trkpt lat="45.0828300" lon="7.4019230">
    <ele>348.4</ele>
   </trkpt>
   <trkpt lat="45.0828300" lon="7.4019170">
    <ele>348.4</ele>
   </trkpt>
   <trkpt lat="45.0828310" lon="7.4019120">
    <ele>348.4</ele>
   </trkpt>
   <trkpt lat="45.0828320" lon="7.4019070">
    <ele>348.4</ele>
   </trkpt>
   <trkpt lat="45.0828320" lon="7.4019010">
    <ele>348.4</ele>
   </trkpt>
   <trkpt lat="45.0828330" lon="7.4018960">
    <ele>348.4</ele>
   </trkpt>
   <trkpt lat="45.0828330" lon="7.4018900">
    <ele>348.4</ele>
   </trkpt>
   <trkpt lat="45.0828340" lon="7.4018850">
    <ele>348.4</ele>
   </trkpt>
   <trkpt lat="45.0828310" lon="7.4018440">
    <ele>348.4</ele>
   </trkpt>
   <trkpt lat="45.0828220" lon="7.4018080">
    <ele>348.4</ele>
   </trkpt>
   <trkpt lat="45.0828140" lon="7.4017670">
    <ele>348.4</ele>
   </trkpt>
   <trkpt lat="45.0828140" lon="7.4017570">
    <ele>348.4</ele>
   </trkpt>
   <trkpt lat="45.0828090" lon="7.4017450">
    <ele>348.4</ele>
   </trkpt>
   <trkpt lat="45.0828030" lon="7.4017380">
    <ele>348.4</ele>
   </trkpt>
   <trkpt lat="45.0828010" lon="7.4017360">
    <ele>348.4</ele>
   </trkpt>
   <trkpt lat="45.0828030" lon="7.4017450">
    <ele>348.4</ele>
   </trkpt>
   <trkpt lat="45.0828100" lon="7.4017570">
    <ele>348.4</ele>
   </trkpt>
   <trkpt lat="45.0828190" lon="7.4017770">
    <ele>348.4</ele>
   </trkpt>
   <trkpt lat="45.0828260" lon="7.4017930">
    <ele>348.4</ele>
   </trkpt>
   <trkpt lat="45.0828320" lon="7.4018090">
    <ele>348.4</ele>
   </trkpt>
   <trkpt lat="45.0828310" lon="7.4018260">
    <ele>348.4</ele>
   </trkpt>
   <trkpt lat="45.0828260" lon="7.4018440">
    <ele>348.4</ele>
   </trkpt>
   <trkpt lat="45.0828070" lon="7.4018730">
    <ele>348.4</ele>
   </trkpt>
   <trkpt lat="45.0828010" lon="7.4018820">
    <ele>348.4</ele>
   </trkpt>
   <trkpt lat="45.0827930" lon="7.4018870">
    <ele>348.4</ele>
   </trkpt>
   <trkpt lat="45.0827920" lon="7.4018890">
    <ele>348.4</ele>
   </trkpt>
   <trkpt lat="45.0827900" lon="7.4018910">
    <ele>348.4</ele>
   </trkpt>
   <trkpt lat="45.0827880" lon="7.4018930">
    <ele>348.4</ele>
   </trkpt>
   <trkpt lat="45.0827870" lon="7.4018950">
    <ele>348.4</ele>
   </trkpt>
   <trkpt lat="45.0827850" lon="7.4018970">
    <ele>348.4</ele>
   </trkpt>
   <trkpt lat="45.0827840" lon="7.4019000">
    <ele>348.4</ele>
   </trkpt>
   <trkpt lat="45.0827820" lon="7.4019020">
    <ele>348.4</ele>
   </trkpt>
   <trkpt lat="45.0827800" lon="7.4019040">
    <ele>348.5</ele>
   </trkpt>
   <trkpt lat="45.0827790" lon="7.4019060">
    <ele>348.5</ele>
   </trkpt>
   <trkpt lat="45.0827770" lon="7.4019080">
    <ele>348.5</ele>
   </trkpt>
   <trkpt lat="45.0827750" lon="7.4019100">
    <ele>348.5</ele>
   </trkpt>
   <trkpt lat="45.0827740" lon="7.4019120">
    <ele>348.5</ele>
   </trkpt>
   <trkpt lat="45.0827720" lon="7.4019140">
    <ele>348.5</ele>
   </trkpt>
   <trkpt lat="45.0827460" lon="7.4019010">
    <ele>348.5</ele>
   </trkpt>
   <trkpt lat="45.0826930" lon="7.4019030">
    <ele>348.5</ele>
   </trkpt>
   <trkpt lat="45.0826910" lon="7.4019010">
    <ele>348.5</ele>
   </trkpt>
   <trkpt lat="45.0826900" lon="7.4019000">
    <ele>348.5</ele>
   </trkpt>
   <trkpt lat="45.0826880" lon="7.4018980">
    <ele>348.5</ele>
   </trkpt>
   <trkpt lat="45.0826870" lon="7.4018970">
    <ele>348.5</ele>
   </trkpt>
   <trkpt lat="45.0826290" lon="7.4018930">
    <ele>348.5</ele>
   </trkpt>
   <trkpt lat="45.0825950" lon="7.4018990">
    <ele>348.5</ele>
   </trkpt>
   <trkpt lat="45.0825720" lon="7.4019050">
    <ele>348.5</ele>
   </trkpt>
   <trkpt lat="45.0825690" lon="7.4019180">
    <ele>348.5</ele>
   </trkpt>
   <trkpt lat="45.0825800" lon="7.4019300">
    <ele>348.5</ele>
   </trkpt>
   <trkpt lat="45.0825850" lon="7.4019320">
    <ele>348.5</ele>
   </trkpt>
   <trkpt lat="45.0825830" lon="7.4019250">
    <ele>348.5</ele>
   </trkpt>
   <trkpt lat="45.0825880" lon="7.4019180">
    <ele>348.5</ele>
   </trkpt>
   <trkpt lat="45.0826000" lon="7.4019100">
    <ele>348.5</ele>
   </trkpt>
   <trkpt lat="45.0826150" lon="7.4019020">
    <ele>348.5</ele>
   </trkpt>
   <trkpt lat="45.0826200" lon="7.4018960">
    <ele>348.5</ele>
   </trkpt>
   <trkpt lat="45.0826270" lon="7.4018900">
    <ele>348.5</ele>
   </trkpt>
   <trkpt lat="45.0826410" lon="7.4018860">
    <ele>348.5</ele>
   </trkpt>
   <trkpt lat="45.0826520" lon="7.4018800">
    <ele>348.5</ele>
   </trkpt>
   <trkpt lat="45.0826530" lon="7.4018780">
    <ele>348.5</ele>
   </trkpt>
   <trkpt lat="45.0826540" lon="7.4018760">
    <ele>348.5</ele>
   </trkpt>
   <trkpt lat="45.0826560" lon="7.4018740">
    <ele>348.5</ele>
   </trkpt>
   <trkpt lat="45.0826570" lon="7.4018740">
    <ele>348.5</ele>
   </trkpt>
   <trkpt lat="45.0826570" lon="7.4018740">
    <ele>348.5</ele>
   </trkpt>
   <trkpt lat="45.0826580" lon="7.4018730">
    <ele>348.5</ele>
   </trkpt>
   <trkpt lat="45.0826600" lon="7.4018730">
    <ele>348.5</ele>
   </trkpt>
   <trkpt lat="45.0826620" lon="7.4018720">
    <ele>348.5</ele>
   </trkpt>
   <trkpt lat="45.0826630" lon="7.4018720">
    <ele>348.5</ele>
   </trkpt>
   <trkpt lat="45.0826630" lon="7.4018720">
    <ele>348.5</ele>
   </trkpt>
   <trkpt lat="45.0826630" lon="7.4018720">
    <ele>348.5</ele>
   </trkpt>
   <trkpt lat="45.0826680" lon="7.4018810">
    <ele>348.5</ele>
   </trkpt>
   <trkpt lat="45.0826730" lon="7.4018900">
    <ele>348.5</ele>
   </trkpt>
   <trkpt lat="45.0826740" lon="7.4018980">
    <ele>348.5</ele>
   </trkpt>
   <trkpt lat="45.0826750" lon="7.4018990">
    <ele>348.5</ele>
   </trkpt>
   <trkpt lat="45.0826770" lon="7.4018990">
    <ele>348.5</ele>
   </trkpt>
   <trkpt lat="45.0826810" lon="7.4019030">
    <ele>348.5</ele>
   </trkpt>
   <trkpt lat="45.0826850" lon="7.4019020">
    <ele>348.5</ele>
   </trkpt>
   <trkpt lat="45.0826850" lon="7.4018990">
    <ele>348.5</ele>
   </trkpt>
   <trkpt lat="45.0826860" lon="7.4018980">
    <ele>348.5</ele>
   </trkpt>
   <trkpt lat="45.0826860" lon="7.4018970">
    <ele>348.5</ele>
   </trkpt>
   <trkpt lat="45.0826870" lon="7.4018970">
    <ele>348.6</ele>
   </trkpt>
   <trkpt lat="45.0826870" lon="7.4018970">
    <ele>348.6</ele>
   </trkpt>
   <trkpt lat="45.0826960" lon="7.4018930">
    <ele>348.6</ele>
   </trkpt>
   <trkpt lat="45.0827050" lon="7.4018910">
    <ele>348.6</ele>
   </trkpt>
   <trkpt lat="45.0827120" lon="7.4018890">
    <ele>348.6</ele>
   </trkpt>
   <trkpt lat="45.0827170" lon="7.4018890">
    <ele>348.6</ele>
   </trkpt>
   <trkpt lat="45.0827220" lon="7.4018890">
    <ele>348.6</ele>
   </trkpt>
   <trkpt lat="45.0827270" lon="7.4018880">
    <ele>348.6</ele>
   </trkpt>
   <trkpt lat="45.0827320" lon="7.4018880">
    <ele>348.6</ele>
   </trkpt>
   <trkpt lat="45.0827370" lon="7.4018880">
    <ele>348.6</ele>
   </trkpt>
   <trkpt lat="45.0827420" lon="7.4018880">
    <ele>348.6</ele>
   </trkpt>
   <trkpt lat="45.0827720" lon="7.4018960">
    <ele>348.6</ele>
   </trkpt>
   <trkpt lat="45.0827840" lon="7.4019000">
    <ele>348.6</ele>
   </trkpt>
   <trkpt lat="45.0828170" lon="7.4018940">
    <ele>348.6</ele>
   </trkpt>
   <trkpt lat="45.0828220" lon="7.4018880">
    <ele>348.6</ele>
   </trkpt>
   <trkpt lat="45.0828340" lon="7.4018860">
    <ele>348.6</ele>
   </trkpt>
   <trkpt lat="45.0828380" lon="7.4018850">
    <ele>348.6</ele>
   </trkpt>
   <trkpt lat="45.0828390" lon="7.4018850">
    <ele>348.6</ele>
   </trkpt>
   <trkpt lat="45.0828390" lon="7.4018850">
    <ele>348.6</ele>
   </trkpt>
   <trkpt lat="45.0828390" lon="7.4018850">
    <ele>348.6</ele>
   </trkpt>
   <trkpt lat="45.0828390" lon="7.4018850">
    <ele>348.6</ele>
   </trkpt>
   <trkpt lat="45.0828390" lon="7.4018860">
    <ele>348.6</ele>
   </trkpt>
   <trkpt lat="45.0828390" lon="7.4018860">
    <ele>348.6</ele>
   </trkpt>
   <trkpt lat="45.0828390" lon="7.4018860">
    <ele>348.6</ele>
   </trkpt>
   <trkpt lat="45.0828390" lon="7.4018860">
    <ele>348.6</ele>
   </trkpt>
   <trkpt lat="45.0828390" lon="7.4018860">
    <ele>348.6</ele>
   </trkpt>
   <trkpt lat="45.0828390" lon="7.4018860">
    <ele>348.6</ele>
   </trkpt>
   <trkpt lat="45.0828420" lon="7.4018870">
    <ele>348.6</ele>
   </trkpt>
   <trkpt lat="45.0828460" lon="7.4018930">
    <ele>348.6</ele>
   </trkpt>
   <trkpt lat="45.0828490" lon="7.4018960">
    <ele>348.6</ele>
   </trkpt>
   <trkpt lat="45.0828500" lon="7.4018970">
    <ele>348.6</ele>
   </trkpt>
   <trkpt lat="45.0828510" lon="7.4018980">
    <ele>348.6</ele>
   </trkpt>
   <trkpt lat="45.0828510" lon="7.4018980">
    <ele>348.6</ele>
   </trkpt>
   <trkpt lat="45.0828510" lon="7.4018980">
    <ele>348.6</ele>
   </trkpt>
   <trkpt lat="45.0828510" lon="7.4018980">
    <ele>348.6</ele>
   </trkpt>
   <trkpt lat="45.0828510" lon="7.4018980">
    <ele>348.6</ele>
   </trkpt>
   <trkpt lat="45.0828510" lon="7.4018980">
    <ele>348.6</ele>
   </trkpt>
   <trkpt lat="45.0828290" lon="7.4019040">
    <ele>348.6</ele>
   </trkpt>
   <trkpt lat="45.0828260" lon="7.4019090">
    <ele>348.6</ele>
   </trkpt>
   <trkpt lat="45.0828230" lon="7.4019170">
    <ele>348.6</ele>
   </trkpt>
   <trkpt lat="45.0828170" lon="7.4019210">
    <ele>348.6</ele>
   </trkpt>
   <trkpt lat="45.0828150" lon="7.4019250">
    <ele>348.6</ele>
   </trkpt>
   <trkpt lat="45.0828150" lon="7.4019260">
    <ele>348.6</ele>
   </trkpt>
   <trkpt lat="45.0828120" lon="7.4019460">
    <ele>348.6</ele>
   </trkpt>
   <trkpt lat="45.0828280" lon="7.4019220">
    <ele>348.6</ele>
   </trkpt>
   <trkpt lat="45.0828340" lon="7.4019220">
    <ele>348.6</ele>
   </trkpt>
   <trkpt lat="45.0828400" lon="7.4019210">
    <ele>348.6</ele>
   </trkpt>
   <trkpt lat="45.0828460" lon="7.4019210">
    <ele>348.6</ele>
   </trkpt>
   <trkpt lat="45.0828520" lon="7.4019200">
    <ele>348.6</ele>
   </trkpt>
   <trkpt lat="45.0828580" lon="7.4019200">
    <ele>348.6</ele>
   </trkpt>
   <trkpt lat="45.0828640" lon="7.4019190">
    <ele>348.6</ele>
   </trkpt>
   <trkpt lat="45.0828700" lon="7.4019190">
    <ele>348.6</ele>
   </trkpt>
   <trkpt lat="45.0828770" lon="7.4019180">
    <ele>348.6</ele>
   </trkpt>
   <trkpt lat="45.0828830" lon="7.4019180">
    <ele>348.6</ele>
   </trkpt>
   <trkpt lat="45.0828890" lon="7.4019170">
    <ele>348.6</ele>
   </trkpt>
   <trkpt lat="45.0828950" lon="7.4019170">
    <ele>348.6</ele>
   </trkpt>
   <trkpt lat="45.0829010" lon="7.4019160">
    <ele>348.6</ele>
   </trkpt>
   <trkpt lat="45.0829070" lon="7.4019160">
    <ele>348.6</ele>
   </trkpt>
   <trkpt lat="45.0829130" lon="7.4019150">
    <ele>348.6</ele>
   </trkpt>
   <trkpt lat="45.0829190" lon="7.4019150">
    <ele>348.6</ele>
   </trkpt>
   <trkpt lat="45.0829250" lon="7.4019140">
    <ele>348.6</ele>
   </trkpt>
   <trkpt lat="45.0829250" lon="7.4019130">
    <ele>348.6</ele>
   </trkpt>
   <trkpt lat="45.0829230" lon="7.4019130">
    <ele>348.6</ele>
   </trkpt>
   <trkpt lat="45.0829220" lon="7.4019130">
    <ele>348.6</ele>
   </trkpt>
   <trkpt lat="45.0829200" lon="7.4019130">
    <ele>348.6</ele>
   </trkpt>
   <trkpt lat="45.0829190" lon="7.4019120">
    <ele>348.6</ele>
   </trkpt>
   <trkpt lat="45.0829170" lon="7.4019120">
    <ele>348.6</ele>
   </trkpt>
   <trkpt lat="45.0829160" lon="7.4019120">
    <ele>348.6</ele>
   </trkpt>
   <trkpt lat="45.0829140" lon="7.4019120">
    <ele>348.6</ele>
   </trkpt>
   <trkpt lat="45.0829130" lon="7.4019120">
    <ele>348.6</ele>
   </trkpt>
   <trkpt lat="45.0829110" lon="7.4019120">
    <ele>348.6</ele>
   </trkpt>
   <trkpt lat="45.0829090" lon="7.4019120">
    <ele>348.6</ele>
   </trkpt>
   <trkpt lat="45.0829080" lon="7.4019120">
    <ele>348.6</ele>
   </trkpt>
   <trkpt lat="45.0829070" lon="7.4019110">
    <ele>348.6</ele>
   </trkpt>
   <trkpt lat="45.0829050" lon="7.4019110">
    <ele>348.6</ele>
   </trkpt>
   <trkpt lat="45.0829040" lon="7.4019110">
    <ele>348.6</ele>
   </trkpt>
   <trkpt lat="45.0829020" lon="7.4019110">
    <ele>348.6</ele>
   </trkpt>
   <trkpt lat="45.0829010" lon="7.4019110">
    <ele>348.6</ele>
   </trkpt>
   <trkpt lat="45.0828990" lon="7.4019110">
    <ele>348.6</ele>
   </trkpt>
   <trkpt lat="45.0828980" lon="7.4019110">
    <ele>348.6</ele>
   </trkpt>
   <trkpt lat="45.0828960" lon="7.4019110">
    <ele>348.7</ele>
   </trkpt>
   <trkpt lat="45.0828950" lon="7.4019110">
    <ele>348.7</ele>
   </trkpt>
   <trkpt lat="45.0828930" lon="7.4019100">
    <ele>348.7</ele>
   </trkpt>
   <trkpt lat="45.0828910" lon="7.4019100">
    <ele>348.7</ele>
   </trkpt>
   <trkpt lat="45.0828900" lon="7.4019100">
    <ele>348.7</ele>
   </trkpt>
   <trkpt lat="45.0828880" lon="7.4019100">
    <ele>348.7</ele>
   </trkpt>
   <trkpt lat="45.0828870" lon="7.4019100">
    <ele>348.7</ele>
   </trkpt>
   <trkpt lat="45.0828590" lon="7.4019070">
    <ele>348.7</ele>
   </trkpt>
   <trkpt lat="45.0828560" lon="7.4018820">
    <ele>348.7</ele>
   </trkpt>
   <trkpt lat="45.0828550" lon="7.4018820">
    <ele>348.7</ele>
   </trkpt>
   <trkpt lat="45.0828550" lon="7.4018860">
    <ele>348.7</ele>
   </trkpt>
   <trkpt lat="45.0828550" lon="7.4018880">
    <ele>348.7</ele>
   </trkpt>
   <trkpt lat="45.0828550" lon="7.4018890">
    <ele>348.7</ele>
   </trkpt>
   <trkpt lat="45.0828550" lon="7.4018890">
    <ele>348.7</ele>
   </trkpt>
   <trkpt lat="45.0828550" lon="7.4018890">
    <ele>348.7</ele>
   </trkpt>
   <trkpt lat="45.0828550" lon="7.4018890">
    <ele>348.7</ele>
   </trkpt>
   <trkpt lat="45.0828550" lon="7.4018890">
    <ele>348.7</ele>
   </trkpt>
   <trkpt lat="45.0828530" lon="7.4019090">
    <ele>348.7</ele>
   </trkpt>
   <trkpt lat="45.0828580" lon="7.4019240">
    <ele>348.7</ele>
   </trkpt>
   <trkpt lat="45.0828590" lon="7.4019290">
    <ele>348.7</ele>
   </trkpt>
   <trkpt lat="45.0828610" lon="7.4019340">
    <ele>348.7</ele>
   </trkpt>
   <trkpt lat="45.0828610" lon="7.4019350">
    <ele>348.7</ele>
   </trkpt>
   <trkpt lat="45.0828650" lon="7.4019360">
    <ele>348.7</ele>
   </trkpt>
   <trkpt lat="45.0828640" lon="7.4019350">
    <ele>348.7</ele>
   </trkpt>
   <trkpt lat="45.0828640" lon="7.4019360">
    <ele>348.7</ele>
   </trkpt>
   <trkpt lat="45.0828650" lon="7.4019360">
    <ele>348.7</ele>
   </trkpt>
   <trkpt lat="45.0828650" lon="7.4019360">
    <ele>348.7</ele>
   </trkpt>
   <trkpt lat="45.0828650" lon="7.4019360">
    <ele>348.7</ele>
   </trkpt>
   <trkpt lat="45.0828650" lon="7.4019360">
    <ele>348.7</ele>
   </trkpt>
   <trkpt lat="45.0828650" lon="7.4019360">
    <ele>348.7</ele>
   </trkpt>
   <trkpt lat="45.0828650" lon="7.4019360">
    <ele>348.7</ele>
   </trkpt>
   <trkpt lat="45.0828650" lon="7.4019360">
    <ele>348.7</ele>
   </trkpt>
   <trkpt lat="45.0828650" lon="7.4019360">
    <ele>348.7</ele>
   </trkpt>
   <trkpt lat="45.0828650" lon="7.4019360">
    <ele>348.7</ele>
   </trkpt>
   <trkpt lat="45.0829070" lon="7.4019770">
    <ele>348.7</ele>
   </trkpt>
   <trkpt lat="45.0829090" lon="7.4019960">
    <ele>348.7</ele>
   </trkpt>
   <trkpt lat="45.0829110" lon="7.4020210">
    <ele>348.7</ele>
   </trkpt>
   <trkpt lat="45.0829170" lon="7.4020780">
    <ele>348.7</ele>
   </trkpt>
   <trkpt lat="45.0829190" lon="7.4020980">
    <ele>348.7</ele>
   </trkpt>
   <trkpt lat="45.0829240" lon="7.4021450">
    <ele>348.7</ele>
   </trkpt>
   <trkpt lat="45.0829280" lon="7.4021900">
    <ele>348.8</ele>
   </trkpt>
   <trkpt lat="45.0829330" lon="7.4022360">
    <ele>348.8</ele>
   </trkpt>
   <trkpt lat="45.0829370" lon="7.4022850">
    <ele>348.8</ele>
   </trkpt>
   <trkpt lat="45.0829370" lon="7.4023260">
    <ele>348.8</ele>
   </trkpt>
   <trkpt lat="45.0829390" lon="7.4023660">
    <ele>348.8</ele>
   </trkpt>
   <trkpt lat="45.0829450" lon="7.4024060">
    <ele>348.9</ele>
   </trkpt>
   <trkpt lat="45.0829490" lon="7.4024440">
    <ele>348.9</ele>
   </trkpt>
   <trkpt lat="45.0829550" lon="7.4025000">
    <ele>348.9</ele>
   </trkpt>
   <trkpt lat="45.0829560" lon="7.4025220">
    <ele>349.0</ele>
   </trkpt>
   <trkpt lat="45.0829560" lon="7.4025840">
    <ele>349.0</ele>
   </trkpt>
   <trkpt lat="45.0829530" lon="7.4026080">
    <ele>349.0</ele>
   </trkpt>
   <trkpt lat="45.0829560" lon="7.4026610">
    <ele>349.1</ele>
   </trkpt>
   <trkpt lat="45.0829670" lon="7.4027070">
    <ele>349.1</ele>
   </trkpt>
   <trkpt lat="45.0829820" lon="7.4027580">
    <ele>349.2</ele>
   </trkpt>
   <trkpt lat="45.0829810" lon="7.4027800">
    <ele>349.2</ele>
   </trkpt>
   <trkpt lat="45.0829920" lon="7.4030130">
    <ele>349.5</ele>
   </trkpt>
   <trkpt lat="45.0829820" lon="7.4030880">
    <ele>349.6</ele>
   </trkpt>
   <trkpt lat="45.0829720" lon="7.4031630">
    <ele>349.6</ele>
   </trkpt>
   <trkpt lat="45.0829650" lon="7.4032190">
    <ele>349.7</ele>
   </trkpt>
   <trkpt lat="45.0829540" lon="7.4032780">
    <ele>349.8</ele>
   </trkpt>
   <trkpt lat="45.0829440" lon="7.4033390">
    <ele>349.8</ele>
   </trkpt>
   <trkpt lat="45.0829330" lon="7.4033930">
    <ele>349.9</ele>
   </trkpt>
   <trkpt lat="45.0829210" lon="7.4034550">
    <ele>350.0</ele>
   </trkpt>
   <trkpt lat="45.0829140" lon="7.4035130">
    <ele>350.0</ele>
   </trkpt>
   <trkpt lat="45.0829070" lon="7.4035730">
    <ele>350.1</ele>
   </trkpt>
   <trkpt lat="45.0828990" lon="7.4036440">
    <ele>350.2</ele>
   </trkpt>
   <trkpt lat="45.0828920" lon="7.4037100">
    <ele>350.2</ele>
   </trkpt>
   <trkpt lat="45.0828900" lon="7.4037770">
    <ele>350.3</ele>
   </trkpt>
   <trkpt lat="45.0828900" lon="7.4038450">
    <ele>350.4</ele>
   </trkpt>
   <trkpt lat="45.0828940" lon="7.4039160">
    <ele>350.5</ele>
   </trkpt>
   <trkpt lat="45.0828990" lon="7.4039930">
    <ele>350.5</ele>
   </trkpt>
   <trkpt lat="45.0828990" lon="7.4040770">
    <ele>350.6</ele>
   </trkpt>
   <trkpt lat="45.0828990" lon="7.4041630">
    <ele>350.6</ele>
   </trkpt>
   <trkpt lat="45.0829020" lon="7.4042420">
    <ele>350.6</ele>
   </trkpt>
   <trkpt lat="45.0829080" lon="7.4043240">
    <ele>350.5</ele>
   </trkpt>
   <trkpt lat="45.0829150" lon="7.4044040">
    <ele>350.5</ele>
   </trkpt>
   <trkpt lat="45.0829220" lon="7.4044900">
    <ele>350.4</ele>
   </trkpt>
   <trkpt lat="45.0829280" lon="7.4045700">
    <ele>350.4</ele>
   </trkpt>
   <trkpt lat="45.0829330" lon="7.4046550">
    <ele>350.3</ele>
   </trkpt>
   <trkpt lat="45.0829360" lon="7.4047390">
    <ele>350.2</ele>
   </trkpt>
   <trkpt lat="45.0829380" lon="7.4048150">
    <ele>350.1</ele>
   </trkpt>
   <trkpt lat="45.0829390" lon="7.4048880">
    <ele>350.0</ele>
   </trkpt>
   <trkpt lat="45.0829260" lon="7.4049600">
    <ele>349.9</ele>
   </trkpt>
   <trkpt lat="45.0828920" lon="7.4050110">
    <ele>350.2</ele>
   </trkpt>
   <trkpt lat="45.0828500" lon="7.4050430">
    <ele>350.4</ele>
   </trkpt>
   <trkpt lat="45.0828100" lon="7.4050630">
    <ele>350.7</ele>
   </trkpt>
   <trkpt lat="45.0827680" lon="7.4050700">
    <ele>351.0</ele>
   </trkpt>
   <trkpt lat="45.0827260" lon="7.4050730">
    <ele>351.3</ele>
   </trkpt>
   <trkpt lat="45.0826840" lon="7.4050710">
    <ele>351.6</ele>
   </trkpt>
   <trkpt lat="45.0826350" lon="7.4050650">
    <ele>351.9</ele>
   </trkpt>
   <trkpt lat="45.0825950" lon="7.4050650">
    <ele>352.1</ele>
   </trkpt>
   <trkpt lat="45.0825520" lon="7.4050640">
    <ele>352.2</ele>
   </trkpt>
   <trkpt lat="45.0825070" lon="7.4050690">
    <ele>352.5</ele>
   </trkpt>
   <trkpt lat="45.0824660" lon="7.4050740">
    <ele>352.7</ele>
   </trkpt>
   <trkpt lat="45.0824230" lon="7.4050670">
    <ele>352.9</ele>
   </trkpt>
   <trkpt lat="45.0823850" lon="7.4050690">
    <ele>353.1</ele>
   </trkpt>
   <trkpt lat="45.0823320" lon="7.4050610">
    <ele>353.4</ele>
   </trkpt>
   <trkpt lat="45.0822860" lon="7.4050530">
    <ele>353.6</ele>
   </trkpt>
   <trkpt lat="45.0822470" lon="7.4050520">
    <ele>353.8</ele>
   </trkpt>
   <trkpt lat="45.0822090" lon="7.4050580">
    <ele>354.0</ele>
   </trkpt>
   <trkpt lat="45.0821650" lon="7.4050600">
    <ele>354.2</ele>
   </trkpt>
   <trkpt lat="45.0821250" lon="7.4050540">
    <ele>354.4</ele>
   </trkpt>
   <trkpt lat="45.0820830" lon="7.4050590">
    <ele>354.6</ele>
   </trkpt>
   <trkpt lat="45.0820440" lon="7.4050540">
    <ele>354.8</ele>
   </trkpt>
   <trkpt lat="45.0820290" lon="7.4050520">
    <ele>354.9</ele>
   </trkpt>
   <trkpt lat="45.0819960" lon="7.4050460">
    <ele>355.1</ele>
   </trkpt>
   <trkpt lat="45.0819650" lon="7.4050310">
    <ele>355.2</ele>
   </trkpt>
   <trkpt lat="45.0819220" lon="7.4050370">
    <ele>355.4</ele>
   </trkpt>
   <trkpt lat="45.0818850" lon="7.4050430">
    <ele>355.6</ele>
   </trkpt>
   <trkpt lat="45.0818570" lon="7.4050460">
    <ele>355.8</ele>
   </trkpt>
   <trkpt lat="45.0818110" lon="7.4050420">
    <ele>356.0</ele>
   </trkpt>
   <trkpt lat="45.0817680" lon="7.4050410">
    <ele>356.2</ele>
   </trkpt>
   <trkpt lat="45.0817310" lon="7.4050390">
    <ele>356.4</ele>
   </trkpt>
   <trkpt lat="45.0816910" lon="7.4050370">
    <ele>356.6</ele>
   </trkpt>
   <trkpt lat="45.0816510" lon="7.4050420">
    <ele>356.8</ele>
   </trkpt>
   <trkpt lat="45.0816200" lon="7.4050090">
    <ele>357.0</ele>
   </trkpt>
   <trkpt lat="45.0815770" lon="7.4050090">
    <ele>357.3</ele>
   </trkpt>
   <trkpt lat="45.0815600" lon="7.4050110">
    <ele>357.4</ele>
   </trkpt>
   <trkpt lat="45.0815220" lon="7.4050210">
    <ele>357.6</ele>
   </trkpt>
   <trkpt lat="45.0814850" lon="7.4050180">
    <ele>357.8</ele>
   </trkpt>
   <trkpt lat="45.0814480" lon="7.4050130">
    <ele>358.0</ele>
   </trkpt>
   <trkpt lat="45.0814090" lon="7.4050130">
    <ele>358.2</ele>
   </trkpt>
   <trkpt lat="45.0813760" lon="7.4050150">
    <ele>358.5</ele>
   </trkpt>
   <trkpt lat="45.0813410" lon="7.4050220">
    <ele>358.8</ele>
   </trkpt>
   <trkpt lat="45.0813050" lon="7.4050260">
    <ele>359.1</ele>
   </trkpt>
   <trkpt lat="45.0812690" lon="7.4050290">
    <ele>359.3</ele>
   </trkpt>
   <trkpt lat="45.0812360" lon="7.4050310">
    <ele>359.5</ele>
   </trkpt>
   <trkpt lat="45.0812000" lon="7.4050340">
    <ele>359.6</ele>
   </trkpt>
   <trkpt lat="45.0811650" lon="7.4050450">
    <ele>359.8</ele>
   </trkpt>
   <trkpt lat="45.0811330" lon="7.4050770">
    <ele>360.0</ele>
   </trkpt>
   <trkpt lat="45.0811190" lon="7.4051210">
    <ele>359.9</ele>
   </trkpt>
   <trkpt lat="45.0811200" lon="7.4051690">
    <ele>359.8</ele>
   </trkpt>
   <trkpt lat="45.0811280" lon="7.4052230">
    <ele>359.8</ele>
   </trkpt>
   <trkpt lat="45.0811310" lon="7.4052420">
    <ele>359.7</ele>
   </trkpt>
   <trkpt lat="45.0811340" lon="7.4052890">
    <ele>359.6</ele>
   </trkpt>
   <trkpt lat="45.0811390" lon="7.4053330">
    <ele>359.6</ele>
   </trkpt>
   <trkpt lat="45.0811460" lon="7.4053790">
    <ele>359.5</ele>
   </trkpt>
   <trkpt lat="45.0811530" lon="7.4054260">
    <ele>359.4</ele>
   </trkpt>
   <trkpt lat="45.0811580" lon="7.4054710">
    <ele>359.4</ele>
   </trkpt>
   <trkpt lat="45.0811620" lon="7.4055220">
    <ele>359.3</ele>
   </trkpt>
   <trkpt lat="45.0811650" lon="7.4055880">
    <ele>359.2</ele>
   </trkpt>
   <trkpt lat="45.0811680" lon="7.4056480">
    <ele>359.1</ele>
   </trkpt>
   <trkpt lat="45.0811660" lon="7.4057030">
    <ele>359.1</ele>
   </trkpt>
   <trkpt lat="45.0811680" lon="7.4057580">
    <ele>359.0</ele>
   </trkpt>
   <trkpt lat="45.0811730" lon="7.4058160">
    <ele>358.9</ele>
   </trkpt>
   <trkpt lat="45.0811800" lon="7.4058750">
    <ele>358.9</ele>
   </trkpt>
   <trkpt lat="45.0811800" lon="7.4059340">
    <ele>358.8</ele>
   </trkpt>
   <trkpt lat="45.0811790" lon="7.4059930">
    <ele>358.7</ele>
   </trkpt>
   <trkpt lat="45.0811840" lon="7.4060500">
    <ele>358.7</ele>
   </trkpt>
   <trkpt lat="45.0811900" lon="7.4061030">
    <ele>358.6</ele>
   </trkpt>
   <trkpt lat="45.0811880" lon="7.4061590">
    <ele>358.5</ele>
   </trkpt>
   <trkpt lat="45.0811900" lon="7.4062180">
    <ele>358.4</ele>
   </trkpt>
   <trkpt lat="45.0811940" lon="7.4062790">
    <ele>358.3</ele>
   </trkpt>
   <trkpt lat="45.0811990" lon="7.4063470">
    <ele>358.2</ele>
   </trkpt>
   <trkpt lat="45.0812010" lon="7.4064210">
    <ele>358.1</ele>
   </trkpt>
   <trkpt lat="45.0812030" lon="7.4064930">
    <ele>358.1</ele>
   </trkpt>
   <trkpt lat="45.0812050" lon="7.4065700">
    <ele>358.0</ele>
   </trkpt>
   <trkpt lat="45.0812050" lon="7.4066410">
    <ele>358.0</ele>
   </trkpt>
   <trkpt lat="45.0812010" lon="7.4067100">
    <ele>358.0</ele>
   </trkpt>
   <trkpt lat="45.0812010" lon="7.4067800">
    <ele>358.0</ele>
   </trkpt>
   <trkpt lat="45.0812050" lon="7.4068500">
    <ele>358.0</ele>
   </trkpt>
   <trkpt lat="45.0812100" lon="7.4069220">
    <ele>358.0</ele>
   </trkpt>
   <trkpt lat="45.0812100" lon="7.4069960">
    <ele>358.0</ele>
   </trkpt>
   <trkpt lat="45.0812140" lon="7.4070680">
    <ele>358.0</ele>
   </trkpt>
   <trkpt lat="45.0812150" lon="7.4071410">
    <ele>358.1</ele>
   </trkpt>
   <trkpt lat="45.0812150" lon="7.4072170">
    <ele>358.1</ele>
   </trkpt>
   <trkpt lat="45.0812150" lon="7.4072900">
    <ele>358.2</ele>
   </trkpt>
   <trkpt lat="45.0812140" lon="7.4073630">
    <ele>358.2</ele>
   </trkpt>
   <trkpt lat="45.0812140" lon="7.4074390">
    <ele>358.3</ele>
   </trkpt>
   <trkpt lat="45.0812120" lon="7.4075160">
    <ele>358.4</ele>
   </trkpt>
   <trkpt lat="45.0812170" lon="7.4075920">
    <ele>358.4</ele>
   </trkpt>
   <trkpt lat="45.0812160" lon="7.4076660">
    <ele>358.5</ele>
   </trkpt>
   <trkpt lat="45.0812150" lon="7.4077420">
    <ele>358.6</ele>
   </trkpt>
   <trkpt lat="45.0812140" lon="7.4078230">
    <ele>358.7</ele>
   </trkpt>
   <trkpt lat="45.0812130" lon="7.4079020">
    <ele>358.8</ele>
   </trkpt>
   <trkpt lat="45.0812140" lon="7.4079820">
    <ele>358.9</ele>
   </trkpt>
   <trkpt lat="45.0812130" lon="7.4080590">
    <ele>359.0</ele>
   </trkpt>
   <trkpt lat="45.0812110" lon="7.4081380">
    <ele>359.0</ele>
   </trkpt>
   <trkpt lat="45.0812120" lon="7.4082120">
    <ele>359.0</ele>
   </trkpt>
   <trkpt lat="45.0812100" lon="7.4082930">
    <ele>359.0</ele>
   </trkpt>
   <trkpt lat="45.0812090" lon="7.4083640">
    <ele>359.0</ele>
   </trkpt>
   <trkpt lat="45.0812120" lon="7.4084340">
    <ele>359.1</ele>
   </trkpt>
   <trkpt lat="45.0812160" lon="7.4085020">
    <ele>359.2</ele>
   </trkpt>
   <trkpt lat="45.0812240" lon="7.4085720">
    <ele>359.2</ele>
   </trkpt>
   <trkpt lat="45.0812330" lon="7.4086370">
    <ele>359.2</ele>
   </trkpt>
   <trkpt lat="45.0812420" lon="7.4087040">
    <ele>359.2</ele>
   </trkpt>
   <trkpt lat="45.0812600" lon="7.4087730">
    <ele>359.1</ele>
   </trkpt>
   <trkpt lat="45.0812750" lon="7.4088480">
    <ele>359.0</ele>
   </trkpt>
   <trkpt lat="45.0812850" lon="7.4089220">
    <ele>358.9</ele>
   </trkpt>
   <trkpt lat="45.0812950" lon="7.4090020">
    <ele>358.8</ele>
   </trkpt>
   <trkpt lat="45.0813060" lon="7.4090920">
    <ele>358.5</ele>
   </trkpt>
   <trkpt lat="45.0813210" lon="7.4091910">
    <ele>358.3</ele>
   </trkpt>
   <trkpt lat="45.0813280" lon="7.4092840">
    <ele>358.0</ele>
   </trkpt>
   <trkpt lat="45.0813300" lon="7.4093890">
    <ele>357.6</ele>
   </trkpt>
   <trkpt lat="45.0813330" lon="7.4095100">
    <ele>357.1</ele>
   </trkpt>
   <trkpt lat="45.0813370" lon="7.4096270">
    <ele>356.6</ele>
   </trkpt>
   <trkpt lat="45.0813440" lon="7.4097470">
    <ele>356.3</ele>
   </trkpt>
   <trkpt lat="45.0813500" lon="7.4098600">
    <ele>356.0</ele>
   </trkpt>
   <trkpt lat="45.0813520" lon="7.4099780">
    <ele>355.8</ele>
   </trkpt>
   <trkpt lat="45.0813500" lon="7.4100890">
    <ele>355.7</ele>
   </trkpt>
   <trkpt lat="45.0813310" lon="7.4101880">
    <ele>355.7</ele>
   </trkpt>
   <trkpt lat="45.0813100" lon="7.4102810">
    <ele>355.7</ele>
   </trkpt>
   <trkpt lat="45.0812850" lon="7.4103670">
    <ele>355.9</ele>
   </trkpt>
   <trkpt lat="45.0812580" lon="7.4104450">
    <ele>356.0</ele>
   </trkpt>
   <trkpt lat="45.0812380" lon="7.4105240">
    <ele>356.1</ele>
   </trkpt>
   <trkpt lat="45.0812220" lon="7.4106070">
    <ele>356.2</ele>
   </trkpt>
   <trkpt lat="45.0812110" lon="7.4106910">
    <ele>356.4</ele>
   </trkpt>
   <trkpt lat="45.0811960" lon="7.4107790">
    <ele>356.5</ele>
   </trkpt>
   <trkpt lat="45.0811880" lon="7.4108590">
    <ele>356.7</ele>
   </trkpt>
   <trkpt lat="45.0811860" lon="7.4109390">
    <ele>356.8</ele>
   </trkpt>
   <trkpt lat="45.0811880" lon="7.4110190">
    <ele>357.0</ele>
   </trkpt>
   <trkpt lat="45.0811890" lon="7.4110960">
    <ele>357.2</ele>
   </trkpt>
   <trkpt lat="45.0811890" lon="7.4111730">
    <ele>357.4</ele>
   </trkpt>
   <trkpt lat="45.0811930" lon="7.4112440">
    <ele>357.6</ele>
   </trkpt>
   <trkpt lat="45.0811940" lon="7.4113180">
    <ele>357.8</ele>
   </trkpt>
   <trkpt lat="45.0811900" lon="7.4113860">
    <ele>358.0</ele>
   </trkpt>
   <trkpt lat="45.0811820" lon="7.4114540">
    <ele>358.2</ele>
   </trkpt>
   <trkpt lat="45.0811690" lon="7.4115170">
    <ele>358.4</ele>
   </trkpt>
   <trkpt lat="45.0811520" lon="7.4115780">
    <ele>358.7</ele>
   </trkpt>
   <trkpt lat="45.0811370" lon="7.4116380">
    <ele>358.9</ele>
   </trkpt>
   <trkpt lat="45.0811180" lon="7.4116870">
    <ele>359.2</ele>
   </trkpt>
   <trkpt lat="45.0810960" lon="7.4117310">
    <ele>359.4</ele>
   </trkpt>
   <trkpt lat="45.0810810" lon="7.4117770">
    <ele>359.6</ele>
   </trkpt>
   <trkpt lat="45.0810670" lon="7.4118240">
    <ele>359.8</ele>
   </trkpt>
   <trkpt lat="45.0810510" lon="7.4118680">
    <ele>360.1</ele>
   </trkpt>
   <trkpt lat="45.0810290" lon="7.4119110">
    <ele>360.3</ele>
   </trkpt>
   <trkpt lat="45.0810030" lon="7.4119600">
    <ele>360.6</ele>
   </trkpt>
   <trkpt lat="45.0809820" lon="7.4120030">
    <ele>360.9</ele>
   </trkpt>
   <trkpt lat="45.0809570" lon="7.4120460">
    <ele>361.2</ele>
   </trkpt>
   <trkpt lat="45.0809350" lon="7.4120920">
    <ele>361.4</ele>
   </trkpt>
   <trkpt lat="45.0809210" lon="7.4121440">
    <ele>361.7</ele>
   </trkpt>
   <trkpt lat="45.0809120" lon="7.4122030">
    <ele>362.0</ele>
   </trkpt>
   <trkpt lat="45.0809040" lon="7.4122530">
    <ele>362.2</ele>
   </trkpt>
   <trkpt lat="45.0808820" lon="7.4123640">
    <ele>362.7</ele>
   </trkpt>
   <trkpt lat="45.0808760" lon="7.4123930">
    <ele>362.8</ele>
   </trkpt>
   <trkpt lat="45.0808850" lon="7.4124350">
    <ele>363.0</ele>
   </trkpt>
   <trkpt lat="45.0808830" lon="7.4124610">
    <ele>363.1</ele>
   </trkpt>
   <trkpt lat="45.0808830" lon="7.4124700">
    <ele>363.1</ele>
   </trkpt>
   <trkpt lat="45.0808820" lon="7.4124790">
    <ele>363.1</ele>
   </trkpt>
   <trkpt lat="45.0808820" lon="7.4124880">
    <ele>363.2</ele>
   </trkpt>
   <trkpt lat="45.0808810" lon="7.4124970">
    <ele>363.2</ele>
   </trkpt>
   <trkpt lat="45.0808750" lon="7.4125250">
    <ele>363.3</ele>
   </trkpt>
   <trkpt lat="45.0808800" lon="7.4125410">
    <ele>363.4</ele>
   </trkpt>
   <trkpt lat="45.0808900" lon="7.4125780">
    <ele>363.5</ele>
   </trkpt>
   <trkpt lat="45.0808930" lon="7.4125970">
    <ele>363.5</ele>
   </trkpt>
   <trkpt lat="45.0808920" lon="7.4126500">
    <ele>363.6</ele>
   </trkpt>
   <trkpt lat="45.0808880" lon="7.4127080">
    <ele>363.7</ele>
   </trkpt>
   <trkpt lat="45.0808860" lon="7.4127800">
    <ele>363.8</ele>
   </trkpt>
   <trkpt lat="45.0808900" lon="7.4128500">
    <ele>363.8</ele>
   </trkpt>
   <trkpt lat="45.0808980" lon="7.4129420">
    <ele>363.7</ele>
   </trkpt>
   <trkpt lat="45.0809100" lon="7.4130280">
    <ele>363.6</ele>
   </trkpt>
   <trkpt lat="45.0809150" lon="7.4131110">
    <ele>363.5</ele>
   </trkpt>
   <trkpt lat="45.0809180" lon="7.4131940">
    <ele>363.3</ele>
   </trkpt>
   <trkpt lat="45.0809220" lon="7.4132630">
    <ele>363.3</ele>
   </trkpt>
   <trkpt lat="45.0809280" lon="7.4133300">
    <ele>363.1</ele>
   </trkpt>
   <trkpt lat="45.0809390" lon="7.4133990">
    <ele>363.0</ele>
   </trkpt>
   <trkpt lat="45.0809490" lon="7.4134750">
    <ele>362.8</ele>
   </trkpt>
   <trkpt lat="45.0809540" lon="7.4135470">
    <ele>362.7</ele>
   </trkpt>
   <trkpt lat="45.0809600" lon="7.4136280">
    <ele>362.5</ele>
   </trkpt>
   <trkpt lat="45.0809720" lon="7.4137070">
    <ele>362.4</ele>
   </trkpt>
   <trkpt lat="45.0809780" lon="7.4137910">
    <ele>362.2</ele>
   </trkpt>
   <trkpt lat="45.0809720" lon="7.4138800">
    <ele>362.0</ele>
   </trkpt>
   <trkpt lat="45.0809680" lon="7.4139650">
    <ele>361.9</ele>
   </trkpt>
   <trkpt lat="45.0809630" lon="7.4140480">
    <ele>361.7</ele>
   </trkpt>
   <trkpt lat="45.0809580" lon="7.4141330">
    <ele>361.6</ele>
   </trkpt>
   <trkpt lat="45.0809490" lon="7.4142180">
    <ele>361.4</ele>
   </trkpt>
   <trkpt lat="45.0809360" lon="7.4143080">
    <ele>361.3</ele>
   </trkpt>
   <trkpt lat="45.0809260" lon="7.4143970">
    <ele>361.2</ele>
   </trkpt>
   <trkpt lat="45.0809160" lon="7.4144830">
    <ele>361.1</ele>
   </trkpt>
   <trkpt lat="45.0809100" lon="7.4145690">
    <ele>361.0</ele>
   </trkpt>
   <trkpt lat="45.0809030" lon="7.4146570">
    <ele>361.0</ele>
   </trkpt>
   <trkpt lat="45.0808870" lon="7.4147340">
    <ele>361.0</ele>
   </trkpt>
   <trkpt lat="45.0808550" lon="7.4148040">
    <ele>360.9</ele>
   </trkpt>
   <trkpt lat="45.0808510" lon="7.4148490">
    <ele>360.9</ele>
   </trkpt>
   <trkpt lat="45.0808570" lon="7.4149050">
    <ele>360.9</ele>
   </trkpt>
   <trkpt lat="45.0808780" lon="7.4150040">
    <ele>360.9</ele>
   </trkpt>
   <trkpt lat="45.0808930" lon="7.4151060">
    <ele>360.9</ele>
   </trkpt>
   <trkpt lat="45.0809060" lon="7.4151860">
    <ele>360.9</ele>
   </trkpt>
   <trkpt lat="45.0809270" lon="7.4152610">
    <ele>360.9</ele>
   </trkpt>
   <trkpt lat="45.0809360" lon="7.4153390">
    <ele>360.8</ele>
   </trkpt>
   <trkpt lat="45.0809420" lon="7.4154120">
    <ele>360.8</ele>
   </trkpt>
   <trkpt lat="45.0809440" lon="7.4154810">
    <ele>360.7</ele>
   </trkpt>
   <trkpt lat="45.0809440" lon="7.4155510">
    <ele>360.6</ele>
   </trkpt>
   <trkpt lat="45.0809500" lon="7.4156300">
    <ele>360.4</ele>
   </trkpt>
   <trkpt lat="45.0809540" lon="7.4157200">
    <ele>360.3</ele>
   </trkpt>
   <trkpt lat="45.0809480" lon="7.4158190">
    <ele>360.1</ele>
   </trkpt>
   <trkpt lat="45.0809300" lon="7.4159110">
    <ele>359.9</ele>
   </trkpt>
   <trkpt lat="45.0809080" lon="7.4160030">
    <ele>359.7</ele>
   </trkpt>
   <trkpt lat="45.0808840" lon="7.4160900">
    <ele>359.5</ele>
   </trkpt>
   <trkpt lat="45.0808630" lon="7.4161770">
    <ele>359.2</ele>
   </trkpt>
   <trkpt lat="45.0808350" lon="7.4162680">
    <ele>359.0</ele>
   </trkpt>
   <trkpt lat="45.0808010" lon="7.4163680">
    <ele>358.7</ele>
   </trkpt>
   <trkpt lat="45.0807660" lon="7.4164620">
    <ele>358.4</ele>
   </trkpt>
   <trkpt lat="45.0807330" lon="7.4165590">
    <ele>358.1</ele>
   </trkpt>
   <trkpt lat="45.0806960" lon="7.4166500">
    <ele>357.9</ele>
   </trkpt>
   <trkpt lat="45.0806580" lon="7.4167370">
    <ele>357.7</ele>
   </trkpt>
   <trkpt lat="45.0806180" lon="7.4168240">
    <ele>357.6</ele>
   </trkpt>
   <trkpt lat="45.0805850" lon="7.4169140">
    <ele>357.4</ele>
   </trkpt>
   <trkpt lat="45.0805580" lon="7.4170010">
    <ele>357.3</ele>
   </trkpt>
   <trkpt lat="45.0805350" lon="7.4170890">
    <ele>357.2</ele>
   </trkpt>
   <trkpt lat="45.0805240" lon="7.4171870">
    <ele>357.1</ele>
   </trkpt>
   <trkpt lat="45.0805210" lon="7.4172910">
    <ele>357.1</ele>
   </trkpt>
   <trkpt lat="45.0805170" lon="7.4173960">
    <ele>357.1</ele>
   </trkpt>
   <trkpt lat="45.0805150" lon="7.4174990">
    <ele>357.1</ele>
   </trkpt>
   <trkpt lat="45.0805070" lon="7.4175940">
    <ele>357.1</ele>
   </trkpt>
   <trkpt lat="45.0805040" lon="7.4176870">
    <ele>357.2</ele>
   </trkpt>
   <trkpt lat="45.0804990" lon="7.4177730">
    <ele>357.3</ele>
   </trkpt>
   <trkpt lat="45.0805000" lon="7.4178600">
    <ele>357.4</ele>
   </trkpt>
   <trkpt lat="45.0804980" lon="7.4179450">
    <ele>357.5</ele>
   </trkpt>
   <trkpt lat="45.0805000" lon="7.4180220">
    <ele>357.6</ele>
   </trkpt>
   <trkpt lat="45.0804990" lon="7.4180950">
    <ele>357.6</ele>
   </trkpt>
   <trkpt lat="45.0804990" lon="7.4181640">
    <ele>357.7</ele>
   </trkpt>
   <trkpt lat="45.0804950" lon="7.4182330">
    <ele>357.7</ele>
   </trkpt>
   <trkpt lat="45.0804910" lon="7.4182980">
    <ele>357.7</ele>
   </trkpt>
   <trkpt lat="45.0804910" lon="7.4183700">
    <ele>357.7</ele>
   </trkpt>
   <trkpt lat="45.0805040" lon="7.4184450">
    <ele>357.7</ele>
   </trkpt>
   <trkpt lat="45.0805130" lon="7.4185240">
    <ele>357.7</ele>
   </trkpt>
   <trkpt lat="45.0805150" lon="7.4185930">
    <ele>357.7</ele>
   </trkpt>
   <trkpt lat="45.0805220" lon="7.4186650">
    <ele>357.6</ele>
   </trkpt>
   <trkpt lat="45.0805340" lon="7.4187380">
    <ele>357.6</ele>
   </trkpt>
   <trkpt lat="45.0805550" lon="7.4188060">
    <ele>357.5</ele>
   </trkpt>
   <trkpt lat="45.0805810" lon="7.4188780">
    <ele>357.3</ele>
   </trkpt>
   <trkpt lat="45.0806090" lon="7.4189600">
    <ele>357.0</ele>
   </trkpt>
   <trkpt lat="45.0806260" lon="7.4190390">
    <ele>356.8</ele>
   </trkpt>
   <trkpt lat="45.0806380" lon="7.4191190">
    <ele>356.6</ele>
   </trkpt>
   <trkpt lat="45.0806470" lon="7.4192010">
    <ele>356.3</ele>
   </trkpt>
   <trkpt lat="45.0806510" lon="7.4192860">
    <ele>356.1</ele>
   </trkpt>
   <trkpt lat="45.0806600" lon="7.4193770">
    <ele>355.8</ele>
   </trkpt>
   <trkpt lat="45.0806620" lon="7.4194660">
    <ele>355.6</ele>
   </trkpt>
   <trkpt lat="45.0806660" lon="7.4195600">
    <ele>355.3</ele>
   </trkpt>
   <trkpt lat="45.0806750" lon="7.4196560">
    <ele>355.1</ele>
   </trkpt>
   <trkpt lat="45.0806800" lon="7.4197560">
    <ele>354.9</ele>
   </trkpt>
   <trkpt lat="45.0806860" lon="7.4198530">
    <ele>354.7</ele>
   </trkpt>
   <trkpt lat="45.0806930" lon="7.4199540">
    <ele>354.5</ele>
   </trkpt>
   <trkpt lat="45.0807040" lon="7.4200530">
    <ele>354.3</ele>
   </trkpt>
   <trkpt lat="45.0807090" lon="7.4201550">
    <ele>354.1</ele>
   </trkpt>
   <trkpt lat="45.0807130" lon="7.4202530">
    <ele>353.9</ele>
   </trkpt>
   <trkpt lat="45.0807160" lon="7.4203470">
    <ele>353.7</ele>
   </trkpt>
   <trkpt lat="45.0807170" lon="7.4204450">
    <ele>353.5</ele>
   </trkpt>
   <trkpt lat="45.0807170" lon="7.4205420">
    <ele>353.3</ele>
   </trkpt>
   <trkpt lat="45.0807190" lon="7.4206330">
    <ele>353.1</ele>
   </trkpt>
   <trkpt lat="45.0807290" lon="7.4207260">
    <ele>352.9</ele>
   </trkpt>
   <trkpt lat="45.0807360" lon="7.4208200">
    <ele>352.7</ele>
   </trkpt>
   <trkpt lat="45.0807430" lon="7.4209180">
    <ele>352.5</ele>
   </trkpt>
   <trkpt lat="45.0807500" lon="7.4210170">
    <ele>352.3</ele>
   </trkpt>
   <trkpt lat="45.0807500" lon="7.4211130">
    <ele>352.0</ele>
   </trkpt>
   <trkpt lat="45.0807470" lon="7.4212050">
    <ele>351.7</ele>
   </trkpt>
   <trkpt lat="45.0807360" lon="7.4212980">
    <ele>351.4</ele>
   </trkpt>
   <trkpt lat="45.0807230" lon="7.4213890">
    <ele>351.1</ele>
   </trkpt>
   <trkpt lat="45.0807040" lon="7.4214810">
    <ele>350.8</ele>
   </trkpt>
   <trkpt lat="45.0806900" lon="7.4215860">
    <ele>350.5</ele>
   </trkpt>
   <trkpt lat="45.0806780" lon="7.4217060">
    <ele>350.1</ele>
   </trkpt>
   <trkpt lat="45.0806570" lon="7.4218250">
    <ele>349.8</ele>
   </trkpt>
   <trkpt lat="45.0806400" lon="7.4219440">
    <ele>349.6</ele>
   </trkpt>
   <trkpt lat="45.0806200" lon="7.4220630">
    <ele>349.3</ele>
   </trkpt>
   <trkpt lat="45.0806000" lon="7.4221780">
    <ele>349.2</ele>
   </trkpt>
   <trkpt lat="45.0805750" lon="7.4222990">
    <ele>349.1</ele>
   </trkpt>
   <trkpt lat="45.0805530" lon="7.4224130">
    <ele>349.0</ele>
   </trkpt>
   <trkpt lat="45.0805320" lon="7.4225210">
    <ele>349.0</ele>
   </trkpt>
   <trkpt lat="45.0805070" lon="7.4226240">
    <ele>349.0</ele>
   </trkpt>
   <trkpt lat="45.0804770" lon="7.4227280">
    <ele>349.0</ele>
   </trkpt>
   <trkpt lat="45.0804460" lon="7.4228320">
    <ele>349.1</ele>
   </trkpt>
   <trkpt lat="45.0804130" lon="7.4229350">
    <ele>349.1</ele>
   </trkpt>
   <trkpt lat="45.0803710" lon="7.4230550">
    <ele>349.2</ele>
   </trkpt>
   <trkpt lat="45.0803230" lon="7.4233220">
    <ele>349.6</ele>
   </trkpt>
   <trkpt lat="45.0803100" lon="7.4234740">
    <ele>349.8</ele>
   </trkpt>
   <trkpt lat="45.0802980" lon="7.4236270">
    <ele>350.2</ele>
   </trkpt>
   <trkpt lat="45.0802850" lon="7.4237790">
    <ele>350.5</ele>
   </trkpt>
   <trkpt lat="45.0802770" lon="7.4238620">
    <ele>350.8</ele>
   </trkpt>
   <trkpt lat="45.0802770" lon="7.4239210">
    <ele>350.9</ele>
   </trkpt>
   <trkpt lat="45.0802830" lon="7.4239370">
    <ele>351.0</ele>
   </trkpt>
   <trkpt lat="45.0802910" lon="7.4239370">
    <ele>351.0</ele>
   </trkpt>
   <trkpt lat="45.0802880" lon="7.4239470">
    <ele>351.1</ele>
   </trkpt>
   <trkpt lat="45.0802920" lon="7.4239390">
    <ele>351.1</ele>
   </trkpt>
   <trkpt lat="45.0802880" lon="7.4239450">
    <ele>351.1</ele>
   </trkpt>
   <trkpt lat="45.0802880" lon="7.4239460">
    <ele>351.1</ele>
   </trkpt>
   <trkpt lat="45.0802870" lon="7.4239460">
    <ele>351.1</ele>
   </trkpt>
   <trkpt lat="45.0802870" lon="7.4239460">
    <ele>351.1</ele>
   </trkpt>
   <trkpt lat="45.0802870" lon="7.4239460">
    <ele>351.1</ele>
   </trkpt>
   <trkpt lat="45.0802870" lon="7.4239460">
    <ele>351.1</ele>
   </trkpt>
   <trkpt lat="45.0802870" lon="7.4239460">
    <ele>351.1</ele>
   </trkpt>
   <trkpt lat="45.0802870" lon="7.4239460">
    <ele>351.1</ele>
   </trkpt>
   <trkpt lat="45.0802870" lon="7.4239460">
    <ele>351.1</ele>
   </trkpt>
   <trkpt lat="45.0802870" lon="7.4239460">
    <ele>351.1</ele>
   </trkpt>
   <trkpt lat="45.0802870" lon="7.4239620">
    <ele>351.2</ele>
   </trkpt>
   <trkpt lat="45.0802810" lon="7.4239820">
    <ele>351.2</ele>
   </trkpt>
   <trkpt lat="45.0802710" lon="7.4239730">
    <ele>351.3</ele>
   </trkpt>
   <trkpt lat="45.0802910" lon="7.4239610">
    <ele>351.4</ele>
   </trkpt>
   <trkpt lat="45.0802870" lon="7.4239680">
    <ele>351.4</ele>
   </trkpt>
   <trkpt lat="45.0802860" lon="7.4239830">
    <ele>351.4</ele>
   </trkpt>
   <trkpt lat="45.0802730" lon="7.4239970">
    <ele>351.5</ele>
   </trkpt>
   <trkpt lat="45.0802720" lon="7.4240140">
    <ele>351.6</ele>
   </trkpt>
   <trkpt lat="45.0802670" lon="7.4240340">
    <ele>351.6</ele>
   </trkpt>
   <trkpt lat="45.0802640" lon="7.4240360">
    <ele>351.7</ele>
   </trkpt>
   <trkpt lat="45.0802590" lon="7.4240450">
    <ele>351.7</ele>
   </trkpt>
   <trkpt lat="45.0802520" lon="7.4240440">
    <ele>351.7</ele>
   </trkpt>
   <trkpt lat="45.0802410" lon="7.4240320">
    <ele>351.8</ele>
   </trkpt>
   <trkpt lat="45.0802370" lon="7.4240280">
    <ele>351.8</ele>
   </trkpt>
   <trkpt lat="45.0802360" lon="7.4240270">
    <ele>351.8</ele>
   </trkpt>
   <trkpt lat="45.0802350" lon="7.4240270">
    <ele>351.8</ele>
   </trkpt>
   <trkpt lat="45.0802350" lon="7.4240270">
    <ele>351.8</ele>
   </trkpt>
   <trkpt lat="45.0802350" lon="7.4240270">
    <ele>351.8</ele>
   </trkpt>
   <trkpt lat="45.0802350" lon="7.4240270">
    <ele>351.8</ele>
   </trkpt>
   <trkpt lat="45.0802350" lon="7.4240270">
    <ele>351.8</ele>
   </trkpt>
   <trkpt lat="45.0802520" lon="7.4240700">
    <ele>352.0</ele>
   </trkpt>
   <trkpt lat="45.0802570" lon="7.4240890">
    <ele>352.0</ele>
   </trkpt>
   <trkpt lat="45.0802610" lon="7.4241090">
    <ele>352.1</ele>
   </trkpt>
   <trkpt lat="45.0802620" lon="7.4241110">
    <ele>352.1</ele>
   </trkpt>
   <trkpt lat="45.0802620" lon="7.4241110">
    <ele>352.1</ele>
   </trkpt>
   <trkpt lat="45.0802620" lon="7.4241110">
    <ele>352.1</ele>
   </trkpt>
   <trkpt lat="45.0802620" lon="7.4241110">
    <ele>352.1</ele>
   </trkpt>
   <trkpt lat="45.0802630" lon="7.4241350">
    <ele>352.2</ele>
   </trkpt>
   <trkpt lat="45.0802670" lon="7.4241590">
    <ele>352.3</ele>
   </trkpt>
   <trkpt lat="45.0802730" lon="7.4241780">
    <ele>352.3</ele>
   </trkpt>
   <trkpt lat="45.0802750" lon="7.4241990">
    <ele>352.4</ele>
   </trkpt>
   <trkpt lat="45.0802760" lon="7.4242020">
    <ele>352.4</ele>
   </trkpt>
   <trkpt lat="45.0802720" lon="7.4242180">
    <ele>352.5</ele>
   </trkpt>
   <trkpt lat="45.0802690" lon="7.4242320">
    <ele>352.5</ele>
   </trkpt>
   <trkpt lat="45.0802690" lon="7.4242340">
    <ele>352.5</ele>
   </trkpt>
   <trkpt lat="45.0802690" lon="7.4242350">
    <ele>352.5</ele>
   </trkpt>
   <trkpt lat="45.0802690" lon="7.4242350">
    <ele>352.5</ele>
   </trkpt>
   <trkpt lat="45.0802690" lon="7.4242350">
    <ele>352.5</ele>
   </trkpt>
   <trkpt lat="45.0802690" lon="7.4242350">
    <ele>352.5</ele>
   </trkpt>
   <trkpt lat="45.0802690" lon="7.4242350">
    <ele>352.5</ele>
   </trkpt>
   <trkpt lat="45.0802690" lon="7.4242350">
    <ele>352.5</ele>
   </trkpt>
   <trkpt lat="45.0802690" lon="7.4242350">
    <ele>352.5</ele>
   </trkpt>
   <trkpt lat="45.0802720" lon="7.4242560">
    <ele>352.6</ele>
   </trkpt>
   <trkpt lat="45.0802680" lon="7.4242890">
    <ele>352.7</ele>
   </trkpt>
   <trkpt lat="45.0802700" lon="7.4243010">
    <ele>352.7</ele>
   </trkpt>
   <trkpt lat="45.0802720" lon="7.4243130">
    <ele>352.7</ele>
   </trkpt>
   <trkpt lat="45.0802740" lon="7.4243470">
    <ele>352.8</ele>
   </trkpt>
   <trkpt lat="45.0802730" lon="7.4243610">
    <ele>352.9</ele>
   </trkpt>
   <trkpt lat="45.0802720" lon="7.4243750">
    <ele>352.9</ele>
   </trkpt>
   <trkpt lat="45.0802730" lon="7.4244270">
    <ele>353.0</ele>
   </trkpt>
   <trkpt lat="45.0802730" lon="7.4244470">
    <ele>353.1</ele>
   </trkpt>
   <trkpt lat="45.0802730" lon="7.4244920">
    <ele>353.2</ele>
   </trkpt>
   <trkpt lat="45.0802680" lon="7.4245520">
    <ele>353.3</ele>
   </trkpt>
   <trkpt lat="45.0802640" lon="7.4246220">
    <ele>353.5</ele>
   </trkpt>
   <trkpt lat="45.0802650" lon="7.4246950">
    <ele>353.7</ele>
   </trkpt>
   <trkpt lat="45.0802620" lon="7.4247650">
    <ele>353.9</ele>
   </trkpt>
   <trkpt lat="45.0802540" lon="7.4248310">
    <ele>354.0</ele>
   </trkpt>
   <trkpt lat="45.0802400" lon="7.4249030">
    <ele>354.2</ele>
   </trkpt>
   <trkpt lat="45.0802280" lon="7.4249800">
    <ele>354.4</ele>
   </trkpt>
   <trkpt lat="45.0802260" lon="7.4250720">
    <ele>354.6</ele>
   </trkpt>
   <trkpt lat="45.0802180" lon="7.4251510">
    <ele>354.8</ele>
   </trkpt>
   <trkpt lat="45.0802130" lon="7.4252240">
    <ele>354.9</ele>
   </trkpt>
   <trkpt lat="45.0801980" lon="7.4253030">
    <ele>355.1</ele>
   </trkpt>
   <trkpt lat="45.0801800" lon="7.4253850">
    <ele>355.2</ele>
   </trkpt>
   <trkpt lat="45.0801730" lon="7.4254540">
    <ele>355.3</ele>
   </trkpt>
   <trkpt lat="45.0801510" lon="7.4255040">
    <ele>355.5</ele>
   </trkpt>
   <trkpt lat="45.0801090" lon="7.4255380">
    <ele>355.6</ele>
   </trkpt>
   <trkpt lat="45.0800680" lon="7.4255540">
    <ele>355.7</ele>
   </trkpt>
   <trkpt lat="45.0800270" lon="7.4255730">
    <ele>355.9</ele>
   </trkpt>
   <trkpt lat="45.0799790" lon="7.4256060">
    <ele>356.1</ele>
   </trkpt>
   <trkpt lat="45.0799340" lon="7.4256470">
    <ele>356.3</ele>
   </trkpt>
   <trkpt lat="45.0798810" lon="7.4256890">
    <ele>356.6</ele>
   </trkpt>
   <trkpt lat="45.0798370" lon="7.4257300">
    <ele>356.9</ele>
   </trkpt>
   <trkpt lat="45.0798030" lon="7.4257720">
    <ele>357.2</ele>
   </trkpt>
   <trkpt lat="45.0797730" lon="7.4258270">
    <ele>357.6</ele>
   </trkpt>
   <trkpt lat="45.0797440" lon="7.4258840">
    <ele>358.0</ele>
   </trkpt>
   <trkpt lat="45.0797150" lon="7.4259400">
    <ele>358.5</ele>
   </trkpt>
   <trkpt lat="45.0796860" lon="7.4259830">
    <ele>358.9</ele>
   </trkpt>
   <trkpt lat="45.0796670" lon="7.4260240">
    <ele>359.2</ele>
   </trkpt>
   <trkpt lat="45.0796560" lon="7.4260630">
    <ele>359.5</ele>
   </trkpt>
   <trkpt lat="45.0796520" lon="7.4260890">
    <ele>359.7</ele>
   </trkpt>
   <trkpt lat="45.0796510" lon="7.4261020">
    <ele>359.7</ele>
   </trkpt>
   <trkpt lat="45.0796490" lon="7.4261150">
    <ele>359.8</ele>
   </trkpt>
   <trkpt lat="45.0796510" lon="7.4261340">
    <ele>360.0</ele>
   </trkpt>
   <trkpt lat="45.0796490" lon="7.4261490">
    <ele>360.1</ele>
   </trkpt>
   <trkpt lat="45.0796550" lon="7.4261680">
    <ele>360.2</ele>
   </trkpt>
   <trkpt lat="45.0796630" lon="7.4261770">
    <ele>360.3</ele>
   </trkpt>
   <trkpt lat="45.0796700" lon="7.4261870">
    <ele>360.4</ele>
   </trkpt>
   <trkpt lat="45.0796770" lon="7.4261960">
    <ele>360.5</ele>
   </trkpt>
   <trkpt lat="45.0796970" lon="7.4262270">
    <ele>360.3</ele>
   </trkpt>
   <trkpt lat="45.0797240" lon="7.4262640">
    <ele>360.0</ele>
   </trkpt>
   <trkpt lat="45.0797570" lon="7.4263050">
    <ele>359.7</ele>
   </trkpt>
   <trkpt lat="45.0797930" lon="7.4263510">
    <ele>359.3</ele>
   </trkpt>
   <trkpt lat="45.0798280" lon="7.4264020">
    <ele>358.9</ele>
   </trkpt>
   <trkpt lat="45.0798630" lon="7.4264590">
    <ele>358.6</ele>
   </trkpt>
   <trkpt lat="45.0799080" lon="7.4265170">
    <ele>358.1</ele>
   </trkpt>
   <trkpt lat="45.0799480" lon="7.4265810">
    <ele>357.6</ele>
   </trkpt>
   <trkpt lat="45.0799930" lon="7.4266470">
    <ele>357.1</ele>
   </trkpt>
   <trkpt lat="45.0800430" lon="7.4267170">
    <ele>356.5</ele>
   </trkpt>
   <trkpt lat="45.0800980" lon="7.4267880">
    <ele>355.8</ele>
   </trkpt>
   <trkpt lat="45.0801540" lon="7.4268660">
    <ele>355.1</ele>
   </trkpt>
   <trkpt lat="45.0802100" lon="7.4269540">
    <ele>354.3</ele>
   </trkpt>
   <trkpt lat="45.0802630" lon="7.4270580">
    <ele>353.6</ele>
   </trkpt>
   <trkpt lat="45.0803090" lon="7.4271760">
    <ele>352.9</ele>
   </trkpt>
   <trkpt lat="45.0803530" lon="7.4273110">
    <ele>352.2</ele>
   </trkpt>
   <trkpt lat="45.0803860" lon="7.4274500">
    <ele>351.6</ele>
   </trkpt>
   <trkpt lat="45.0804110" lon="7.4275880">
    <ele>351.1</ele>
   </trkpt>
   <trkpt lat="45.0804360" lon="7.4277290">
    <ele>350.6</ele>
   </trkpt>
   <trkpt lat="45.0804630" lon="7.4278690">
    <ele>350.0</ele>
   </trkpt>
   <trkpt lat="45.0804930" lon="7.4280080">
    <ele>349.5</ele>
   </trkpt>
   <trkpt lat="45.0805190" lon="7.4281480">
    <ele>349.0</ele>
   </trkpt>
   <trkpt lat="45.0805380" lon="7.4282880">
    <ele>348.6</ele>
   </trkpt>
   <trkpt lat="45.0805520" lon="7.4284280">
    <ele>348.1</ele>
   </trkpt>
   <trkpt lat="45.0805620" lon="7.4285690">
    <ele>347.8</ele>
   </trkpt>
   <trkpt lat="45.0805730" lon="7.4287090">
    <ele>347.5</ele>
   </trkpt>
   <trkpt lat="45.0805830" lon="7.4288420">
    <ele>347.2</ele>
   </trkpt>
   <trkpt lat="45.0805940" lon="7.4289760">
    <ele>346.9</ele>
   </trkpt>
   <trkpt lat="45.0806070" lon="7.4291060">
    <ele>346.6</ele>
   </trkpt>
   <trkpt lat="45.0806250" lon="7.4292230">
    <ele>346.4</ele>
   </trkpt>
   <trkpt lat="45.0806440" lon="7.4293370">
    <ele>346.1</ele>
   </trkpt>
   <trkpt lat="45.0806570" lon="7.4294560">
    <ele>345.6</ele>
   </trkpt>
   <trkpt lat="45.0806620" lon="7.4295790">
    <ele>345.1</ele>
   </trkpt>
   <trkpt lat="45.0806690" lon="7.4297070">
    <ele>344.5</ele>
   </trkpt>
   <trkpt lat="45.0806680" lon="7.4298330">
    <ele>344.0</ele>
   </trkpt>
   <trkpt lat="45.0806640" lon="7.4299570">
    <ele>343.5</ele>
   </trkpt>
   <trkpt lat="45.0806680" lon="7.4300610">
    <ele>343.1</ele>
   </trkpt>
   <trkpt lat="45.0806750" lon="7.4301650">
    <ele>342.8</ele>
   </trkpt>
   <trkpt lat="45.0806820" lon="7.4302620">
    <ele>342.5</ele>
   </trkpt>
   <trkpt lat="45.0806930" lon="7.4303510">
    <ele>342.2</ele>
   </trkpt>
   <trkpt lat="45.0807220" lon="7.4304250">
    <ele>342.0</ele>
   </trkpt>
   <trkpt lat="45.0807770" lon="7.4304710">
    <ele>341.9</ele>
   </trkpt>
   <trkpt lat="45.0808380" lon="7.4304740">
    <ele>341.7</ele>
   </trkpt>
   <trkpt lat="45.0808990" lon="7.4304770">
    <ele>341.6</ele>
   </trkpt>
   <trkpt lat="45.0809680" lon="7.4304850">
    <ele>341.5</ele>
   </trkpt>
   <trkpt lat="45.0810260" lon="7.4304940">
    <ele>341.3</ele>
   </trkpt>
   <trkpt lat="45.0810620" lon="7.4305030">
    <ele>341.2</ele>
   </trkpt>
   <trkpt lat="45.0810690" lon="7.4305570">
    <ele>341.1</ele>
   </trkpt>
   <trkpt lat="45.0810640" lon="7.4305820">
    <ele>341.0</ele>
   </trkpt>
   <trkpt lat="45.0810480" lon="7.4306270">
    <ele>340.9</ele>
   </trkpt>
   <trkpt lat="45.0810350" lon="7.4306790">
    <ele>340.8</ele>
   </trkpt>
   <trkpt lat="45.0810300" lon="7.4307420">
    <ele>340.7</ele>
   </trkpt>
   <trkpt lat="45.0810170" lon="7.4308240">
    <ele>340.5</ele>
   </trkpt>
   <trkpt lat="45.0810110" lon="7.4308950">
    <ele>340.5</ele>
   </trkpt>
   <trkpt lat="45.0809970" lon="7.4309670">
    <ele>340.4</ele>
   </trkpt>
   <trkpt lat="45.0809860" lon="7.4310330">
    <ele>340.3</ele>
   </trkpt>
   <trkpt lat="45.0809680" lon="7.4311040">
    <ele>340.3</ele>
   </trkpt>
   <trkpt lat="45.0809560" lon="7.4311790">
    <ele>340.2</ele>
   </trkpt>
   <trkpt lat="45.0809490" lon="7.4312670">
    <ele>340.2</ele>
   </trkpt>
   <trkpt lat="45.0809420" lon="7.4313600">
    <ele>340.2</ele>
   </trkpt>
   <trkpt lat="45.0809370" lon="7.4314500">
    <ele>340.2</ele>
   </trkpt>
   <trkpt lat="45.0809270" lon="7.4315390">
    <ele>340.2</ele>
   </trkpt>
   <trkpt lat="45.0809160" lon="7.4316230">
    <ele>340.1</ele>
   </trkpt>
   <trkpt lat="45.0809020" lon="7.4317090">
    <ele>340.1</ele>
   </trkpt>
   <trkpt lat="45.0808770" lon="7.4318760">
    <ele>340.2</ele>
   </trkpt>
   <trkpt lat="45.0808640" lon="7.4319630">
    <ele>340.2</ele>
   </trkpt>
   <trkpt lat="45.0808530" lon="7.4320470">
    <ele>340.2</ele>
   </trkpt>
   <trkpt lat="45.0808410" lon="7.4321310">
    <ele>340.3</ele>
   </trkpt>
   <trkpt lat="45.0808320" lon="7.4322180">
    <ele>340.3</ele>
   </trkpt>
   <trkpt lat="45.0808210" lon="7.4323070">
    <ele>340.4</ele>
   </trkpt>
   <trkpt lat="45.0808090" lon="7.4323950">
    <ele>340.4</ele>
   </trkpt>
   <trkpt lat="45.0807990" lon="7.4324760">
    <ele>340.5</ele>
   </trkpt>
   <trkpt lat="45.0807890" lon="7.4325590">
    <ele>340.5</ele>
   </trkpt>
   <trkpt lat="45.0807780" lon="7.4326420">
    <ele>340.6</ele>
   </trkpt>
   <trkpt lat="45.0807640" lon="7.4327260">
    <ele>340.7</ele>
   </trkpt>
   <trkpt lat="45.0807510" lon="7.4328110">
    <ele>340.7</ele>
   </trkpt>
   <trkpt lat="45.0807410" lon="7.4328940">
    <ele>340.7</ele>
   </trkpt>
   <trkpt lat="45.0807280" lon="7.4329740">
    <ele>340.7</ele>
   </trkpt>
   <trkpt lat="45.0807200" lon="7.4330540">
    <ele>340.7</ele>
   </trkpt>
   <trkpt lat="45.0807120" lon="7.4331310">
    <ele>340.8</ele>
   </trkpt>
   <trkpt lat="45.0807090" lon="7.4332180">
    <ele>340.8</ele>
   </trkpt>
   <trkpt lat="45.0807030" lon="7.4333010">
    <ele>340.8</ele>
   </trkpt>
   <trkpt lat="45.0806950" lon="7.4333770">
    <ele>340.8</ele>
   </trkpt>
   <trkpt lat="45.0806900" lon="7.4334500">
    <ele>340.8</ele>
   </trkpt>
   <trkpt lat="45.0806810" lon="7.4335230">
    <ele>340.8</ele>
   </trkpt>
   <trkpt lat="45.0806650" lon="7.4336040">
    <ele>340.8</ele>
   </trkpt>
   <trkpt lat="45.0806460" lon="7.4336800">
    <ele>340.8</ele>
   </trkpt>
   <trkpt lat="45.0806340" lon="7.4337580">
    <ele>340.8</ele>
   </trkpt>
   <trkpt lat="45.0806220" lon="7.4338410">
    <ele>340.8</ele>
   </trkpt>
   <trkpt lat="45.0806080" lon="7.4339240">
    <ele>340.8</ele>
   </trkpt>
   <trkpt lat="45.0805950" lon="7.4340080">
    <ele>340.8</ele>
   </trkpt>
   <trkpt lat="45.0805860" lon="7.4340900">
    <ele>340.8</ele>
   </trkpt>
   <trkpt lat="45.0805730" lon="7.4341660">
    <ele>340.8</ele>
   </trkpt>
   <trkpt lat="45.0805590" lon="7.4342390">
    <ele>340.8</ele>
   </trkpt>
   <trkpt lat="45.0805420" lon="7.4343190">
    <ele>340.8</ele>
   </trkpt>
   <trkpt lat="45.0805250" lon="7.4343970">
    <ele>340.7</ele>
   </trkpt>
   <trkpt lat="45.0805100" lon="7.4344770">
    <ele>340.7</ele>
   </trkpt>
   <trkpt lat="45.0805040" lon="7.4345680">
    <ele>340.7</ele>
   </trkpt>
   <trkpt lat="45.0804910" lon="7.4346530">
    <ele>340.6</ele>
   </trkpt>
   <trkpt lat="45.0804850" lon="7.4347410">
    <ele>340.5</ele>
   </trkpt>
   <trkpt lat="45.0804750" lon="7.4348240">
    <ele>340.5</ele>
   </trkpt>
   <trkpt lat="45.0804690" lon="7.4349060">
    <ele>340.4</ele>
   </trkpt>
   <trkpt lat="45.0804660" lon="7.4349790">
    <ele>340.3</ele>
   </trkpt>
   <trkpt lat="45.0804630" lon="7.4350530">
    <ele>340.3</ele>
   </trkpt>
   <trkpt lat="45.0804520" lon="7.4351370">
    <ele>340.2</ele>
   </trkpt>
   <trkpt lat="45.0804510" lon="7.4352210">
    <ele>340.2</ele>
   </trkpt>
   <trkpt lat="45.0804540" lon="7.4352980">
    <ele>340.1</ele>
   </trkpt>
   <trkpt lat="45.0804490" lon="7.4353740">
    <ele>340.0</ele>
   </trkpt>
   <trkpt lat="45.0804370" lon="7.4354510">
    <ele>340.0</ele>
   </trkpt>
   <trkpt lat="45.0804230" lon="7.4355340">
    <ele>339.9</ele>
   </trkpt>
   <trkpt lat="45.0804030" lon="7.4357020">
    <ele>339.8</ele>
   </trkpt>
   <trkpt lat="45.0804000" lon="7.4357940">
    <ele>339.7</ele>
   </trkpt>
   <trkpt lat="45.0804010" lon="7.4358800">
    <ele>339.7</ele>
   </trkpt>
   <trkpt lat="45.0803970" lon="7.4359610">
    <ele>339.7</ele>
   </trkpt>
   <trkpt lat="45.0803930" lon="7.4360430">
    <ele>339.7</ele>
   </trkpt>
   <trkpt lat="45.0803880" lon="7.4361290">
    <ele>339.6</ele>
   </trkpt>
   <trkpt lat="45.0803880" lon="7.4362170">
    <ele>339.6</ele>
   </trkpt>
   <trkpt lat="45.0803920" lon="7.4362990">
    <ele>339.7</ele>
   </trkpt>
   <trkpt lat="45.0803940" lon="7.4363870">
    <ele>339.7</ele>
   </trkpt>
   <trkpt lat="45.0803930" lon="7.4364730">
    <ele>339.7</ele>
   </trkpt>
   <trkpt lat="45.0803930" lon="7.4365520">
    <ele>339.8</ele>
   </trkpt>
   <trkpt lat="45.0803960" lon="7.4366390">
    <ele>339.8</ele>
   </trkpt>
   <trkpt lat="45.0803900" lon="7.4367180">
    <ele>339.8</ele>
   </trkpt>
   <trkpt lat="45.0803810" lon="7.4368030">
    <ele>339.9</ele>
   </trkpt>
   <trkpt lat="45.0803680" lon="7.4368830">
    <ele>339.9</ele>
   </trkpt>
   <trkpt lat="45.0803660" lon="7.4369650">
    <ele>339.9</ele>
   </trkpt>
   <trkpt lat="45.0803630" lon="7.4370410">
    <ele>340.0</ele>
   </trkpt>
   <trkpt lat="45.0803660" lon="7.4371220">
    <ele>340.0</ele>
   </trkpt>
   <trkpt lat="45.0803630" lon="7.4371990">
    <ele>340.0</ele>
   </trkpt>
   <trkpt lat="45.0803660" lon="7.4372740">
    <ele>340.1</ele>
   </trkpt>
   <trkpt lat="45.0803720" lon="7.4373490">
    <ele>340.1</ele>
   </trkpt>
   <trkpt lat="45.0803780" lon="7.4374210">
    <ele>340.1</ele>
   </trkpt>
   <trkpt lat="45.0803820" lon="7.4374920">
    <ele>340.1</ele>
   </trkpt>
   <trkpt lat="45.0803850" lon="7.4375630">
    <ele>340.1</ele>
   </trkpt>
   <trkpt lat="45.0803980" lon="7.4376990">
    <ele>340.0</ele>
   </trkpt>
   <trkpt lat="45.0804020" lon="7.4378380">
    <ele>340.0</ele>
   </trkpt>
   <trkpt lat="45.0803960" lon="7.4379060">
    <ele>340.0</ele>
   </trkpt>
   <trkpt lat="45.0803940" lon="7.4379790">
    <ele>340.0</ele>
   </trkpt>
   <trkpt lat="45.0803950" lon="7.4380580">
    <ele>340.0</ele>
   </trkpt>
   <trkpt lat="45.0803970" lon="7.4381370">
    <ele>340.0</ele>
   </trkpt>
   <trkpt lat="45.0804040" lon="7.4382220">
    <ele>339.9</ele>
   </trkpt>
   <trkpt lat="45.0804120" lon="7.4383050">
    <ele>339.9</ele>
   </trkpt>
   <trkpt lat="45.0804180" lon="7.4383840">
    <ele>339.9</ele>
   </trkpt>
   <trkpt lat="45.0804210" lon="7.4384630">
    <ele>339.9</ele>
   </trkpt>
   <trkpt lat="45.0804260" lon="7.4385440">
    <ele>339.9</ele>
   </trkpt>
   <trkpt lat="45.0804320" lon="7.4386930">
    <ele>339.9</ele>
   </trkpt>
   <trkpt lat="45.0804260" lon="7.4387740">
    <ele>339.9</ele>
   </trkpt>
   <trkpt lat="45.0804160" lon="7.4388490">
    <ele>339.9</ele>
   </trkpt>
   <trkpt lat="45.0804090" lon="7.4389170">
    <ele>339.9</ele>
   </trkpt>
   <trkpt lat="45.0804040" lon="7.4389840">
    <ele>339.8</ele>
   </trkpt>
   <trkpt lat="45.0804040" lon="7.4390510">
    <ele>339.8</ele>
   </trkpt>
   <trkpt lat="45.0804100" lon="7.4391260">
    <ele>339.7</ele>
   </trkpt>
   <trkpt lat="45.0804180" lon="7.4392060">
    <ele>339.7</ele>
   </trkpt>
   <trkpt lat="45.0804310" lon="7.4392900">
    <ele>339.6</ele>
   </trkpt>
   <trkpt lat="45.0804430" lon="7.4393780">
    <ele>339.6</ele>
   </trkpt>
   <trkpt lat="45.0804520" lon="7.4394670">
    <ele>339.5</ele>
   </trkpt>
   <trkpt lat="45.0804830" lon="7.4396420">
    <ele>339.4</ele>
   </trkpt>
   <trkpt lat="45.0804980" lon="7.4397290">
    <ele>339.4</ele>
   </trkpt>
   <trkpt lat="45.0805080" lon="7.4398110">
    <ele>339.4</ele>
   </trkpt>
   <trkpt lat="45.0805140" lon="7.4398910">
    <ele>339.4</ele>
   </trkpt>
   <trkpt lat="45.0805180" lon="7.4399720">
    <ele>339.3</ele>
   </trkpt>
   <trkpt lat="45.0805330" lon="7.4401240">
    <ele>339.2</ele>
   </trkpt>
   <trkpt lat="45.0805450" lon="7.4402110">
    <ele>339.2</ele>
   </trkpt>
   <trkpt lat="45.0805530" lon="7.4402950">
    <ele>339.1</ele>
   </trkpt>
   <trkpt lat="45.0805570" lon="7.4403750">
    <ele>339.1</ele>
   </trkpt>
   <trkpt lat="45.0805660" lon="7.4404630">
    <ele>339.1</ele>
   </trkpt>
   <trkpt lat="45.0805750" lon="7.4405510">
    <ele>339.1</ele>
   </trkpt>
   <trkpt lat="45.0805870" lon="7.4406370">
    <ele>339.1</ele>
   </trkpt>
   <trkpt lat="45.0805960" lon="7.4407190">
    <ele>339.0</ele>
   </trkpt>
   <trkpt lat="45.0806040" lon="7.4408020">
    <ele>339.0</ele>
   </trkpt>
   <trkpt lat="45.0806100" lon="7.4408830">
    <ele>339.0</ele>
   </trkpt>
   <trkpt lat="45.0806160" lon="7.4409680">
    <ele>339.1</ele>
   </trkpt>
   <trkpt lat="45.0806190" lon="7.4410530">
    <ele>339.1</ele>
   </trkpt>
   <trkpt lat="45.0806180" lon="7.4411350">
    <ele>339.1</ele>
   </trkpt>
   <trkpt lat="45.0806210" lon="7.4412170">
    <ele>339.2</ele>
   </trkpt>
   <trkpt lat="45.0806270" lon="7.4412970">
    <ele>339.2</ele>
   </trkpt>
   <trkpt lat="45.0806290" lon="7.4413770">
    <ele>339.3</ele>
   </trkpt>
   <trkpt lat="45.0806340" lon="7.4414560">
    <ele>339.4</ele>
   </trkpt>
   <trkpt lat="45.0806330" lon="7.4415940">
    <ele>339.7</ele>
   </trkpt>
   <trkpt lat="45.0806320" lon="7.4416620">
    <ele>339.8</ele>
   </trkpt>
   <trkpt lat="45.0806300" lon="7.4417300">
    <ele>339.9</ele>
   </trkpt>
   <trkpt lat="45.0806350" lon="7.4417990">
    <ele>340.0</ele>
   </trkpt>
   <trkpt lat="45.0806360" lon="7.4418670">
    <ele>340.1</ele>
   </trkpt>
   <trkpt lat="45.0806340" lon="7.4419400">
    <ele>340.2</ele>
   </trkpt>
   <trkpt lat="45.0806300" lon="7.4420130">
    <ele>340.2</ele>
   </trkpt>
   <trkpt lat="45.0806290" lon="7.4420900">
    <ele>340.3</ele>
   </trkpt>
   <trkpt lat="45.0806310" lon="7.4421680">
    <ele>340.4</ele>
   </trkpt>
   <trkpt lat="45.0806330" lon="7.4422480">
    <ele>340.4</ele>
   </trkpt>
   <trkpt lat="45.0806400" lon="7.4423280">
    <ele>340.4</ele>
   </trkpt>
   <trkpt lat="45.0806480" lon="7.4424050">
    <ele>340.4</ele>
   </trkpt>
   <trkpt lat="45.0806550" lon="7.4424810">
    <ele>340.4</ele>
   </trkpt>
   <trkpt lat="45.0806600" lon="7.4425540">
    <ele>340.4</ele>
   </trkpt>
   <trkpt lat="45.0806710" lon="7.4426270">
    <ele>340.4</ele>
   </trkpt>
   <trkpt lat="45.0806810" lon="7.4427020">
    <ele>340.3</ele>
   </trkpt>
   <trkpt lat="45.0806880" lon="7.4427750">
    <ele>340.3</ele>
   </trkpt>
   <trkpt lat="45.0806960" lon="7.4428530">
    <ele>340.2</ele>
   </trkpt>
   <trkpt lat="45.0807050" lon="7.4429340">
    <ele>340.2</ele>
   </trkpt>
   <trkpt lat="45.0807190" lon="7.4430140">
    <ele>340.2</ele>
   </trkpt>
   <trkpt lat="45.0807320" lon="7.4430930">
    <ele>340.1</ele>
   </trkpt>
   <trkpt lat="45.0807410" lon="7.4431750">
    <ele>340.1</ele>
   </trkpt>
   <trkpt lat="45.0807500" lon="7.4432550">
    <ele>340.0</ele>
   </trkpt>
   <trkpt lat="45.0807670" lon="7.4434140">
    <ele>340.0</ele>
   </trkpt>
   <trkpt lat="45.0807730" lon="7.4434960">
    <ele>339.9</ele>
   </trkpt>
   <trkpt lat="45.0807820" lon="7.4435760">
    <ele>339.9</ele>
   </trkpt>
   <trkpt lat="45.0807880" lon="7.4436550">
    <ele>339.9</ele>
   </trkpt>
   <trkpt lat="45.0807950" lon="7.4437350">
    <ele>339.8</ele>
   </trkpt>
   <trkpt lat="45.0807980" lon="7.4438140">
    <ele>339.8</ele>
   </trkpt>
   <trkpt lat="45.0808030" lon="7.4438960">
    <ele>339.7</ele>
   </trkpt>
   <trkpt lat="45.0808070" lon="7.4439790">
    <ele>339.7</ele>
   </trkpt>
   <trkpt lat="45.0808120" lon="7.4440600">
    <ele>339.7</ele>
   </trkpt>
   <trkpt lat="45.0808200" lon="7.4441420">
    <ele>339.6</ele>
   </trkpt>
   <trkpt lat="45.0808330" lon="7.4442250">
    <ele>339.6</ele>
   </trkpt>
   <trkpt lat="45.0808400" lon="7.4443100">
    <ele>339.5</ele>
   </trkpt>
   <trkpt lat="45.0808440" lon="7.4443920">
    <ele>339.5</ele>
   </trkpt>
   <trkpt lat="45.0808530" lon="7.4444760">
    <ele>339.4</ele>
   </trkpt>
   <trkpt lat="45.0808590" lon="7.4445570">
    <ele>339.3</ele>
   </trkpt>
   <trkpt lat="45.0808650" lon="7.4446420">
    <ele>339.3</ele>
   </trkpt>
   <trkpt lat="45.0808740" lon="7.4447260">
    <ele>339.3</ele>
   </trkpt>
   <trkpt lat="45.0808800" lon="7.4448100">
    <ele>339.2</ele>
   </trkpt>
   <trkpt lat="45.0808880" lon="7.4448960">
    <ele>339.2</ele>
   </trkpt>
   <trkpt lat="45.0808940" lon="7.4449840">
    <ele>339.2</ele>
   </trkpt>
   <trkpt lat="45.0809020" lon="7.4451610">
    <ele>339.1</ele>
   </trkpt>
   <trkpt lat="45.0809120" lon="7.4453350">
    <ele>339.1</ele>
   </trkpt>
   <trkpt lat="45.0809220" lon="7.4454210">
    <ele>339.1</ele>
   </trkpt>
   <trkpt lat="45.0809310" lon="7.4455040">
    <ele>339.1</ele>
   </trkpt>
   <trkpt lat="45.0809390" lon="7.4455930">
    <ele>339.1</ele>
   </trkpt>
   <trkpt lat="45.0809440" lon="7.4456750">
    <ele>339.1</ele>
   </trkpt>
   <trkpt lat="45.0809540" lon="7.4457620">
    <ele>339.1</ele>
   </trkpt>
   <trkpt lat="45.0809650" lon="7.4458490">
    <ele>339.1</ele>
   </trkpt>
   <trkpt lat="45.0809710" lon="7.4459360">
    <ele>339.1</ele>
   </trkpt>
   <trkpt lat="45.0809770" lon="7.4460250">
    <ele>339.1</ele>
   </trkpt>
   <trkpt lat="45.0809800" lon="7.4461040">
    <ele>339.1</ele>
   </trkpt>
   <trkpt lat="45.0809860" lon="7.4461940">
    <ele>339.1</ele>
   </trkpt>
   <trkpt lat="45.0810010" lon="7.4463570">
    <ele>339.1</ele>
   </trkpt>
   <trkpt lat="45.0810120" lon="7.4464360">
    <ele>339.1</ele>
   </trkpt>
   <trkpt lat="45.0810230" lon="7.4465210">
    <ele>339.1</ele>
   </trkpt>
   <trkpt lat="45.0810040" lon="7.4465860">
    <ele>339.1</ele>
   </trkpt>
   <trkpt lat="45.0810480" lon="7.4470130">
    <ele>339.2</ele>
   </trkpt>
   <trkpt lat="45.0810530" lon="7.4470640">
    <ele>339.2</ele>
   </trkpt>
   <trkpt lat="45.0810570" lon="7.4471160">
    <ele>339.2</ele>
   </trkpt>
   <trkpt lat="45.0810610" lon="7.4471670">
    <ele>339.2</ele>
   </trkpt>
   <trkpt lat="45.0810630" lon="7.4472290">
    <ele>339.2</ele>
   </trkpt>
   <trkpt lat="45.0810660" lon="7.4472920">
    <ele>339.2</ele>
   </trkpt>
   <trkpt lat="45.0810780" lon="7.4473580">
    <ele>339.2</ele>
   </trkpt>
   <trkpt lat="45.0810930" lon="7.4474300">
    <ele>339.2</ele>
   </trkpt>
   <trkpt lat="45.0811030" lon="7.4475010">
    <ele>339.2</ele>
   </trkpt>
   <trkpt lat="45.0810990" lon="7.4475630">
    <ele>339.2</ele>
   </trkpt>
   <trkpt lat="45.0811080" lon="7.4476260">
    <ele>339.2</ele>
   </trkpt>
   <trkpt lat="45.0811040" lon="7.4476940">
    <ele>339.2</ele>
   </trkpt>
   <trkpt lat="45.0811070" lon="7.4477690">
    <ele>339.2</ele>
   </trkpt>
   <trkpt lat="45.0811090" lon="7.4478440">
    <ele>339.2</ele>
   </trkpt>
   <trkpt lat="45.0811060" lon="7.4479130">
    <ele>339.2</ele>
   </trkpt>
   <trkpt lat="45.0811050" lon="7.4479770">
    <ele>339.2</ele>
   </trkpt>
   <trkpt lat="45.0811040" lon="7.4480360">
    <ele>339.3</ele>
   </trkpt>
   <trkpt lat="45.0811000" lon="7.4480770">
    <ele>339.3</ele>
   </trkpt>
   <trkpt lat="45.0811030" lon="7.4481340">
    <ele>339.3</ele>
   </trkpt>
   <trkpt lat="45.0811060" lon="7.4482030">
    <ele>339.3</ele>
   </trkpt>
   <trkpt lat="45.0811020" lon="7.4482720">
    <ele>339.4</ele>
   </trkpt>
   <trkpt lat="45.0810940" lon="7.4483480">
    <ele>339.4</ele>
   </trkpt>
   <trkpt lat="45.0810930" lon="7.4484290">
    <ele>339.4</ele>
   </trkpt>
   <trkpt lat="45.0811070" lon="7.4484980">
    <ele>339.5</ele>
   </trkpt>
   <trkpt lat="45.0811240" lon="7.4485570">
    <ele>339.5</ele>
   </trkpt>
   <trkpt lat="45.0811270" lon="7.4486040">
    <ele>339.5</ele>
   </trkpt>
   <trkpt lat="45.0811420" lon="7.4486650">
    <ele>339.6</ele>
   </trkpt>
   <trkpt lat="45.0811500" lon="7.4487100">
    <ele>339.6</ele>
   </trkpt>
   <trkpt lat="45.0811490" lon="7.4487220">
    <ele>339.6</ele>
   </trkpt>
   <trkpt lat="45.0811450" lon="7.4487520">
    <ele>339.6</ele>
   </trkpt>
   <trkpt lat="45.0811450" lon="7.4487680">
    <ele>339.6</ele>
   </trkpt>
   <trkpt lat="45.0811460" lon="7.4487850">
    <ele>339.6</ele>
   </trkpt>
   <trkpt lat="45.0811490" lon="7.4488340">
    <ele>339.6</ele>
   </trkpt>
   <trkpt lat="45.0811520" lon="7.4488480">
    <ele>339.6</ele>
   </trkpt>
   <trkpt lat="45.0811480" lon="7.4488570">
    <ele>339.6</ele>
   </trkpt>
   <trkpt lat="45.0811530" lon="7.4488560">
    <ele>339.6</ele>
   </trkpt>
   <trkpt lat="45.0811430" lon="7.4488590">
    <ele>339.6</ele>
   </trkpt>
   <trkpt lat="45.0811250" lon="7.4488520">
    <ele>339.6</ele>
   </trkpt>
   <trkpt lat="45.0811200" lon="7.4488500">
    <ele>339.6</ele>
   </trkpt>
   <trkpt lat="45.0811190" lon="7.4488490">
    <ele>339.6</ele>
   </trkpt>
   <trkpt lat="45.0811220" lon="7.4488560">
    <ele>339.6</ele>
   </trkpt>
   <trkpt lat="45.0811370" lon="7.4488520">
    <ele>339.6</ele>
   </trkpt>
   <trkpt lat="45.0811430" lon="7.4488610">
    <ele>339.6</ele>
   </trkpt>
   <trkpt lat="45.0811400" lon="7.4488710">
    <ele>339.6</ele>
   </trkpt>
   <trkpt lat="45.0811280" lon="7.4488770">
    <ele>339.6</ele>
   </trkpt>
   <trkpt lat="45.0811280" lon="7.4488980">
    <ele>339.6</ele>
   </trkpt>
   <trkpt lat="45.0811270" lon="7.4489070">
    <ele>339.6</ele>
   </trkpt>
   <trkpt lat="45.0811270" lon="7.4489090">
    <ele>339.6</ele>
   </trkpt>
   <trkpt lat="45.0811280" lon="7.4489080">
    <ele>339.6</ele>
   </trkpt>
   <trkpt lat="45.0811260" lon="7.4489200">
    <ele>339.6</ele>
   </trkpt>
   <trkpt lat="45.0811200" lon="7.4489340">
    <ele>339.6</ele>
   </trkpt>
   <trkpt lat="45.0811210" lon="7.4489440">
    <ele>339.6</ele>
   </trkpt>
   <trkpt lat="45.0811280" lon="7.4489640">
    <ele>339.6</ele>
   </trkpt>
   <trkpt lat="45.0811350" lon="7.4489780">
    <ele>339.6</ele>
   </trkpt>
   <trkpt lat="45.0811380" lon="7.4489870">
    <ele>339.6</ele>
   </trkpt>
   <trkpt lat="45.0811380" lon="7.4489940">
    <ele>339.6</ele>
   </trkpt>
   <trkpt lat="45.0811370" lon="7.4489970">
    <ele>339.6</ele>
   </trkpt>
   <trkpt lat="45.0811330" lon="7.4489990">
    <ele>339.6</ele>
   </trkpt>
   <trkpt lat="45.0811340" lon="7.4490020">
    <ele>339.6</ele>
   </trkpt>
   <trkpt lat="45.0811350" lon="7.4490050">
    <ele>339.6</ele>
   </trkpt>
   <trkpt lat="45.0811370" lon="7.4490130">
    <ele>339.6</ele>
   </trkpt>
   <trkpt lat="45.0811440" lon="7.4490170">
    <ele>339.6</ele>
   </trkpt>
   <trkpt lat="45.0811490" lon="7.4490140">
    <ele>339.6</ele>
   </trkpt>
   <trkpt lat="45.0811510" lon="7.4490100">
    <ele>339.6</ele>
   </trkpt>
   <trkpt lat="45.0811610" lon="7.4490090">
    <ele>339.6</ele>
   </trkpt>
   <trkpt lat="45.0811610" lon="7.4490060">
    <ele>339.6</ele>
   </trkpt>
   <trkpt lat="45.0811710" lon="7.4490010">
    <ele>339.6</ele>
   </trkpt>
   <trkpt lat="45.0811730" lon="7.4489990">
    <ele>339.6</ele>
   </trkpt>
   <trkpt lat="45.0811730" lon="7.4489980">
    <ele>339.6</ele>
   </trkpt>
   <trkpt lat="45.0811730" lon="7.4489980">
    <ele>339.6</ele>
   </trkpt>
   <trkpt lat="45.0811730" lon="7.4489980">
    <ele>339.6</ele>
   </trkpt>
   <trkpt lat="45.0811730" lon="7.4489980">
    <ele>339.6</ele>
   </trkpt>
   <trkpt lat="45.0811720" lon="7.4489970">
    <ele>339.6</ele>
   </trkpt>
   <trkpt lat="45.0811670" lon="7.4489980">
    <ele>339.6</ele>
   </trkpt>
   <trkpt lat="45.0811620" lon="7.4490010">
    <ele>339.6</ele>
   </trkpt>
   <trkpt lat="45.0811610" lon="7.4490020">
    <ele>339.6</ele>
   </trkpt>
   <trkpt lat="45.0811610" lon="7.4490020">
    <ele>339.6</ele>
   </trkpt>
   <trkpt lat="45.0811610" lon="7.4490010">
    <ele>339.6</ele>
   </trkpt>
   <trkpt lat="45.0811610" lon="7.4490010">
    <ele>339.6</ele>
   </trkpt>
   <trkpt lat="45.0811610" lon="7.4490010">
    <ele>339.6</ele>
   </trkpt>
   <trkpt lat="45.0811650" lon="7.4490090">
    <ele>339.6</ele>
   </trkpt>
   <trkpt lat="45.0811690" lon="7.4490120">
    <ele>339.6</ele>
   </trkpt>
   <trkpt lat="45.0811680" lon="7.4490040">
    <ele>339.6</ele>
   </trkpt>
   <trkpt lat="45.0811660" lon="7.4489920">
    <ele>339.6</ele>
   </trkpt>
   <trkpt lat="45.0811650" lon="7.4489890">
    <ele>339.6</ele>
   </trkpt>
   <trkpt lat="45.0811650" lon="7.4489880">
    <ele>339.6</ele>
   </trkpt>
   <trkpt lat="45.0811650" lon="7.4489880">
    <ele>339.6</ele>
   </trkpt>
   <trkpt lat="45.0811650" lon="7.4489870">
    <ele>339.6</ele>
   </trkpt>
   <trkpt lat="45.0811650" lon="7.4489870">
    <ele>339.6</ele>
   </trkpt>
   <trkpt lat="45.0811690" lon="7.4489950">
    <ele>339.6</ele>
   </trkpt>
   <trkpt lat="45.0811710" lon="7.4489920">
    <ele>339.6</ele>
   </trkpt>
   <trkpt lat="45.0811720" lon="7.4489850">
    <ele>339.6</ele>
   </trkpt>
   <trkpt lat="45.0811740" lon="7.4489800">
    <ele>339.6</ele>
   </trkpt>
   <trkpt lat="45.0811830" lon="7.4489860">
    <ele>339.6</ele>
   </trkpt>
   <trkpt lat="45.0811880" lon="7.4490000">
    <ele>339.6</ele>
   </trkpt>
   <trkpt lat="45.0811830" lon="7.4489910">
    <ele>339.6</ele>
   </trkpt>
   <trkpt lat="45.0811820" lon="7.4489870">
    <ele>339.6</ele>
   </trkpt>
   <trkpt lat="45.0811870" lon="7.4489810">
    <ele>339.6</ele>
   </trkpt>
   <trkpt lat="45.0811880" lon="7.4489770">
    <ele>339.6</ele>
   </trkpt>
   <trkpt lat="45.0811890" lon="7.4489760">
    <ele>339.6</ele>
   </trkpt>
   <trkpt lat="45.0811890" lon="7.4489750">
    <ele>339.6</ele>
   </trkpt>
   <trkpt lat="45.0811890" lon="7.4489740">
    <ele>339.6</ele>
   </trkpt>
   <trkpt lat="45.0811840" lon="7.4489690">
    <ele>339.6</ele>
   </trkpt>
   <trkpt lat="45.0811810" lon="7.4489670">
    <ele>339.6</ele>
   </trkpt>
   <trkpt lat="45.0811790" lon="7.4489660">
    <ele>339.6</ele>
   </trkpt>
   <trkpt lat="45.0811770" lon="7.4489660">
    <ele>339.6</ele>
   </trkpt>
   <trkpt lat="45.0811770" lon="7.4489650">
    <ele>339.6</ele>
   </trkpt>
   <trkpt lat="45.0811770" lon="7.4489650">
    <ele>339.6</ele>
   </trkpt>
   <trkpt lat="45.0811770" lon="7.4489640">
    <ele>339.6</ele>
   </trkpt>
   <trkpt lat="45.0811770" lon="7.4489640">
    <ele>339.6</ele>
   </trkpt>
   <trkpt lat="45.0811770" lon="7.4489630">
    <ele>339.6</ele>
   </trkpt>
   <trkpt lat="45.0811770" lon="7.4489630">
    <ele>339.6</ele>
   </trkpt>
   <trkpt lat="45.0811750" lon="7.4489680">
    <ele>339.6</ele>
   </trkpt>
   <trkpt lat="45.0811670" lon="7.4489630">
    <ele>339.6</ele>
   </trkpt>
   <trkpt lat="45.0811620" lon="7.4489600">
    <ele>339.6</ele>
   </trkpt>
   <trkpt lat="45.0811570" lon="7.4489590">
    <ele>339.5</ele>
   </trkpt>
   <trkpt lat="45.0811540" lon="7.4489580">
    <ele>339.5</ele>
   </trkpt>
   <trkpt lat="45.0811510" lon="7.4489600">
    <ele>339.5</ele>
   </trkpt>
   <trkpt lat="45.0811440" lon="7.4489720">
    <ele>339.5</ele>
   </trkpt>
   <trkpt lat="45.0811400" lon="7.4489840">
    <ele>339.5</ele>
   </trkpt>
   <trkpt lat="45.0811290" lon="7.4489990">
    <ele>339.5</ele>
   </trkpt>
   <trkpt lat="45.0811280" lon="7.4490160">
    <ele>339.5</ele>
   </trkpt>
   <trkpt lat="45.0811070" lon="7.4490300">
    <ele>339.5</ele>
   </trkpt>
   <trkpt lat="45.0811070" lon="7.4490180">
    <ele>339.5</ele>
   </trkpt>
   <trkpt lat="45.0811180" lon="7.4489970">
    <ele>339.5</ele>
   </trkpt>
   <trkpt lat="45.0811330" lon="7.4489720">
    <ele>339.5</ele>
   </trkpt>
   <trkpt lat="45.0811370" lon="7.4489730">
    <ele>339.5</ele>
   </trkpt>
   <trkpt lat="45.0811410" lon="7.4489730">
    <ele>339.5</ele>
   </trkpt>
   <trkpt lat="45.0811410" lon="7.4489700">
    <ele>339.5</ele>
   </trkpt>
   <trkpt lat="45.0811390" lon="7.4489690">
    <ele>339.5</ele>
   </trkpt>
   <trkpt lat="45.0811380" lon="7.4489690">
    <ele>339.5</ele>
   </trkpt>
   <trkpt lat="45.0811380" lon="7.4489690">
    <ele>339.5</ele>
   </trkpt>
   <trkpt lat="45.0811380" lon="7.4489690">
    <ele>339.5</ele>
   </trkpt>
   <trkpt lat="45.0811380" lon="7.4489690">
    <ele>339.5</ele>
   </trkpt>
   <trkpt lat="45.0811380" lon="7.4489700">
    <ele>339.5</ele>
   </trkpt>
   <trkpt lat="45.0811380" lon="7.4489700">
    <ele>339.5</ele>
   </trkpt>
   <trkpt lat="45.0811390" lon="7.4489700">
    <ele>339.5</ele>
   </trkpt>
   <trkpt lat="45.0811390" lon="7.4489700">
    <ele>339.5</ele>
   </trkpt>
   <trkpt lat="45.0811390" lon="7.4489700">
    <ele>339.5</ele>
   </trkpt>
   <trkpt lat="45.0811390" lon="7.4489700">
    <ele>339.5</ele>
   </trkpt>
   <trkpt lat="45.0811390" lon="7.4489700">
    <ele>339.5</ele>
   </trkpt>
   <trkpt lat="45.0811390" lon="7.4489700">
    <ele>339.5</ele>
   </trkpt>
   <trkpt lat="45.0811390" lon="7.4489700">
    <ele>339.5</ele>
   </trkpt>
   <trkpt lat="45.0811390" lon="7.4489700">
    <ele>339.5</ele>
   </trkpt>
   <trkpt lat="45.0811390" lon="7.4489700">
    <ele>339.5</ele>
   </trkpt>
   <trkpt lat="45.0811480" lon="7.4490060">
    <ele>339.5</ele>
   </trkpt>
   <trkpt lat="45.0811450" lon="7.4490130">
    <ele>339.5</ele>
   </trkpt>
   <trkpt lat="45.0811450" lon="7.4490150">
    <ele>339.5</ele>
   </trkpt>
   <trkpt lat="45.0811490" lon="7.4490210">
    <ele>339.5</ele>
   </trkpt>
   <trkpt lat="45.0811460" lon="7.4490290">
    <ele>339.5</ele>
   </trkpt>
   <trkpt lat="45.0811410" lon="7.4490300">
    <ele>339.5</ele>
   </trkpt>
   <trkpt lat="45.0811400" lon="7.4490300">
    <ele>339.5</ele>
   </trkpt>
   <trkpt lat="45.0811350" lon="7.4490320">
    <ele>339.5</ele>
   </trkpt>
   <trkpt lat="45.0811340" lon="7.4490320">
    <ele>339.5</ele>
   </trkpt>
   <trkpt lat="45.0811340" lon="7.4490320">
    <ele>339.5</ele>
   </trkpt>
   <trkpt lat="45.0811340" lon="7.4490320">
    <ele>339.5</ele>
   </trkpt>
   <trkpt lat="45.0811340" lon="7.4490320">
    <ele>339.5</ele>
   </trkpt>
   <trkpt lat="45.0811340" lon="7.4490320">
    <ele>339.5</ele>
   </trkpt>
   <trkpt lat="45.0811340" lon="7.4490320">
    <ele>339.5</ele>
   </trkpt>
   <trkpt lat="45.0811340" lon="7.4490320">
    <ele>339.5</ele>
   </trkpt>
   <trkpt lat="45.0811340" lon="7.4490320">
    <ele>339.5</ele>
   </trkpt>
   <trkpt lat="45.0811340" lon="7.4490320">
    <ele>339.5</ele>
   </trkpt>
   <trkpt lat="45.0811410" lon="7.4490250">
    <ele>339.5</ele>
   </trkpt>
   <trkpt lat="45.0811460" lon="7.4490410">
    <ele>339.5</ele>
   </trkpt>
   <trkpt lat="45.0811460" lon="7.4490510">
    <ele>339.5</ele>
   </trkpt>
   <trkpt lat="45.0811450" lon="7.4490540">
    <ele>339.5</ele>
   </trkpt>
   <trkpt lat="45.0811420" lon="7.4490540">
    <ele>339.5</ele>
   </trkpt>
   <trkpt lat="45.0811420" lon="7.4490540">
    <ele>339.5</ele>
   </trkpt>
   <trkpt lat="45.0811420" lon="7.4490540">
    <ele>339.5</ele>
   </trkpt>
   <trkpt lat="45.0811420" lon="7.4490540">
    <ele>339.5</ele>
   </trkpt>
   <trkpt lat="45.0811270" lon="7.4490450">
    <ele>339.5</ele>
   </trkpt>
   <trkpt lat="45.0811240" lon="7.4490410">
    <ele>339.5</ele>
   </trkpt>
   <trkpt lat="45.0811150" lon="7.4490420">
    <ele>339.5</ele>
   </trkpt>
   <trkpt lat="45.0811690" lon="7.4490920">
    <ele>339.5</ele>
   </trkpt>
   <trkpt lat="45.0811970" lon="7.4491260">
    <ele>339.5</ele>
   </trkpt>
   <trkpt lat="45.0812110" lon="7.4491650">
    <ele>339.5</ele>
   </trkpt>
   <trkpt lat="45.0812150" lon="7.4491810">
    <ele>339.5</ele>
   </trkpt>
   <trkpt lat="45.0812330" lon="7.4492250">
    <ele>339.5</ele>
   </trkpt>
   <trkpt lat="45.0812390" lon="7.4492380">
    <ele>339.5</ele>
   </trkpt>
   <trkpt lat="45.0812630" lon="7.4492710">
    <ele>339.5</ele>
   </trkpt>
   <trkpt lat="45.0812710" lon="7.4492830">
    <ele>339.5</ele>
   </trkpt>
   <trkpt lat="45.0812840" lon="7.4493030">
    <ele>339.5</ele>
   </trkpt>
   <trkpt lat="45.0812920" lon="7.4493210">
    <ele>339.5</ele>
   </trkpt>
   <trkpt lat="45.0813020" lon="7.4493350">
    <ele>339.5</ele>
   </trkpt>
   <trkpt lat="45.0813130" lon="7.4493490">
    <ele>339.5</ele>
   </trkpt>
   <trkpt lat="45.0813200" lon="7.4493610">
    <ele>339.5</ele>
   </trkpt>
   <trkpt lat="45.0813190" lon="7.4493670">
    <ele>339.5</ele>
   </trkpt>
   <trkpt lat="45.0813180" lon="7.4493730">
    <ele>339.5</ele>
   </trkpt>
   <trkpt lat="45.0813170" lon="7.4493790">
    <ele>339.5</ele>
   </trkpt>
   <trkpt lat="45.0813160" lon="7.4493850">
    <ele>339.5</ele>
   </trkpt>
   <trkpt lat="45.0813150" lon="7.4493910">
    <ele>339.5</ele>
   </trkpt>
   <trkpt lat="45.0813140" lon="7.4493970">
    <ele>339.5</ele>
   </trkpt>
   <trkpt lat="45.0813130" lon="7.4494030">
    <ele>339.5</ele>
   </trkpt>
   <trkpt lat="45.0813120" lon="7.4494090">
    <ele>339.6</ele>
   </trkpt>
   <trkpt lat="45.0813110" lon="7.4494150">
    <ele>339.6</ele>
   </trkpt>
   <trkpt lat="45.0813220" lon="7.4494250">
    <ele>339.6</ele>
   </trkpt>
   <trkpt lat="45.0813200" lon="7.4494250">
    <ele>339.6</ele>
   </trkpt>
   <trkpt lat="45.0813190" lon="7.4494260">
    <ele>339.6</ele>
   </trkpt>
   <trkpt lat="45.0813180" lon="7.4494260">
    <ele>339.6</ele>
   </trkpt>
   <trkpt lat="45.0813180" lon="7.4494260">
    <ele>339.6</ele>
   </trkpt>
   <trkpt lat="45.0813180" lon="7.4494260">
    <ele>339.6</ele>
   </trkpt>
   <trkpt lat="45.0813180" lon="7.4494260">
    <ele>339.6</ele>
   </trkpt>
   <trkpt lat="45.0813180" lon="7.4494260">
    <ele>339.6</ele>
   </trkpt>
   <trkpt lat="45.0813160" lon="7.4494300">
    <ele>339.6</ele>
   </trkpt>
   <trkpt lat="45.0813150" lon="7.4494400">
    <ele>339.6</ele>
   </trkpt>
   <trkpt lat="45.0813140" lon="7.4494630">
    <ele>339.6</ele>
   </trkpt>
   <trkpt lat="45.0813120" lon="7.4494850">
    <ele>339.6</ele>
   </trkpt>
   <trkpt lat="45.0813090" lon="7.4495050">
    <ele>339.6</ele>
   </trkpt>
   <trkpt lat="45.0813030" lon="7.4495460">
    <ele>339.6</ele>
   </trkpt>
   <trkpt lat="45.0812980" lon="7.4495660">
    <ele>339.6</ele>
   </trkpt>
   <trkpt lat="45.0812940" lon="7.4495860">
    <ele>339.6</ele>
   </trkpt>
   <trkpt lat="45.0812840" lon="7.4496310">
    <ele>339.6</ele>
   </trkpt>
   <trkpt lat="45.0812760" lon="7.4496800">
    <ele>339.7</ele>
   </trkpt>
   <trkpt lat="45.0812780" lon="7.4497270">
    <ele>339.7</ele>
   </trkpt>
   <trkpt lat="45.0812790" lon="7.4497770">
    <ele>339.7</ele>
   </trkpt>
   <trkpt lat="45.0812690" lon="7.4498280">
    <ele>339.8</ele>
   </trkpt>
   <trkpt lat="45.0812410" lon="7.4498920">
    <ele>339.8</ele>
   </trkpt>
   <trkpt lat="45.0812170" lon="7.4499430">
    <ele>339.9</ele>
   </trkpt>
   <trkpt lat="45.0812010" lon="7.4499900">
    <ele>340.0</ele>
   </trkpt>
   <trkpt lat="45.0811820" lon="7.4500330">
    <ele>340.1</ele>
   </trkpt>
   <trkpt lat="45.0811520" lon="7.4500750">
    <ele>340.2</ele>
   </trkpt>
   <trkpt lat="45.0811240" lon="7.4501170">
    <ele>340.3</ele>
   </trkpt>
   <trkpt lat="45.0811010" lon="7.4501600">
    <ele>340.3</ele>
   </trkpt>
   <trkpt lat="45.0810850" lon="7.4502090">
    <ele>340.4</ele>
   </trkpt>
   <trkpt lat="45.0810730" lon="7.4502620">
    <ele>340.6</ele>
   </trkpt>
   <trkpt lat="45.0810610" lon="7.4503200">
    <ele>340.7</ele>
   </trkpt>
   <trkpt lat="45.0810490" lon="7.4503850">
    <ele>340.8</ele>
   </trkpt>
   <trkpt lat="45.0810320" lon="7.4504460">
    <ele>340.9</ele>
   </trkpt>
   <trkpt lat="45.0810090" lon="7.4505030">
    <ele>341.1</ele>
   </trkpt>
   <trkpt lat="45.0809810" lon="7.4505560">
    <ele>341.2</ele>
   </trkpt>
   <trkpt lat="45.0809580" lon="7.4506100">
    <ele>341.4</ele>
   </trkpt>
   <trkpt lat="45.0809390" lon="7.4506700">
    <ele>341.6</ele>
   </trkpt>
   <trkpt lat="45.0809240" lon="7.4507320">
    <ele>341.9</ele>
   </trkpt>
   <trkpt lat="45.0809040" lon="7.4507920">
    <ele>342.1</ele>
   </trkpt>
   <trkpt lat="45.0808790" lon="7.4508520">
    <ele>342.3</ele>
   </trkpt>
   <trkpt lat="45.0808580" lon="7.4509130">
    <ele>342.6</ele>
   </trkpt>
   <trkpt lat="45.0808380" lon="7.4509650">
    <ele>342.9</ele>
   </trkpt>
   <trkpt lat="45.0808160" lon="7.4510200">
    <ele>343.1</ele>
   </trkpt>
   <trkpt lat="45.0807930" lon="7.4510760">
    <ele>343.4</ele>
   </trkpt>
   <trkpt lat="45.0807770" lon="7.4511270">
    <ele>343.7</ele>
   </trkpt>
   <trkpt lat="45.0807590" lon="7.4511850">
    <ele>344.1</ele>
   </trkpt>
   <trkpt lat="45.0807390" lon="7.4512410">
    <ele>344.4</ele>
   </trkpt>
   <trkpt lat="45.0807130" lon="7.4512920">
    <ele>344.8</ele>
   </trkpt>
   <trkpt lat="45.0806840" lon="7.4513430">
    <ele>345.0</ele>
   </trkpt>
   <trkpt lat="45.0806650" lon="7.4513820">
    <ele>345.2</ele>
   </trkpt>
   <trkpt lat="45.0806520" lon="7.4514220">
    <ele>345.3</ele>
   </trkpt>
   <trkpt lat="45.0806430" lon="7.4514680">
    <ele>345.5</ele>
   </trkpt>
   <trkpt lat="45.0806350" lon="7.4515170">
    <ele>345.6</ele>
   </trkpt>
   <trkpt lat="45.0806220" lon="7.4515670">
    <ele>345.8</ele>
   </trkpt>
   <trkpt lat="45.0806070" lon="7.4516180">
    <ele>345.9</ele>
   </trkpt>
   <trkpt lat="45.0805920" lon="7.4516670">
    <ele>346.0</ele>
   </trkpt>
   <trkpt lat="45.0805760" lon="7.4517270">
    <ele>346.2</ele>
   </trkpt>
   <trkpt lat="45.0805630" lon="7.4517810">
    <ele>346.3</ele>
   </trkpt>
   <trkpt lat="45.0805520" lon="7.4518370">
    <ele>346.4</ele>
   </trkpt>
   <trkpt lat="45.0805450" lon="7.4518920">
    <ele>346.6</ele>
   </trkpt>
   <trkpt lat="45.0805310" lon="7.4519470">
    <ele>346.7</ele>
   </trkpt>
   <trkpt lat="45.0805130" lon="7.4519980">
    <ele>346.8</ele>
   </trkpt>
   <trkpt lat="45.0804930" lon="7.4520480">
    <ele>347.0</ele>
   </trkpt>
   <trkpt lat="45.0804780" lon="7.4520980">
    <ele>347.1</ele>
   </trkpt>
   <trkpt lat="45.0804660" lon="7.4521470">
    <ele>347.3</ele>
   </trkpt>
   <trkpt lat="45.0804560" lon="7.4521960">
    <ele>347.4</ele>
   </trkpt>
   <trkpt lat="45.0804490" lon="7.4522430">
    <ele>347.5</ele>
   </trkpt>
   <trkpt lat="45.0804430" lon="7.4522880">
    <ele>347.7</ele>
   </trkpt>
   <trkpt lat="45.0804360" lon="7.4523310">
    <ele>347.8</ele>
   </trkpt>
   <trkpt lat="45.0804290" lon="7.4523800">
    <ele>347.9</ele>
   </trkpt>
   <trkpt lat="45.0804200" lon="7.4524320">
    <ele>348.0</ele>
   </trkpt>
   <trkpt lat="45.0804090" lon="7.4524880">
    <ele>348.1</ele>
   </trkpt>
   <trkpt lat="45.0803960" lon="7.4525420">
    <ele>348.3</ele>
   </trkpt>
   <trkpt lat="45.0803860" lon="7.4525930">
    <ele>348.4</ele>
   </trkpt>
   <trkpt lat="45.0803790" lon="7.4526480">
    <ele>348.5</ele>
   </trkpt>
   <trkpt lat="45.0803700" lon="7.4527100">
    <ele>348.7</ele>
   </trkpt>
   <trkpt lat="45.0803580" lon="7.4527700">
    <ele>348.8</ele>
   </trkpt>
   <trkpt lat="45.0803500" lon="7.4528230">
    <ele>349.0</ele>
   </trkpt>
   <trkpt lat="45.0803450" lon="7.4528720">
    <ele>349.1</ele>
   </trkpt>
   <trkpt lat="45.0803410" lon="7.4529240">
    <ele>349.2</ele>
   </trkpt>
   <trkpt lat="45.0803330" lon="7.4529760">
    <ele>349.3</ele>
   </trkpt>
   <trkpt lat="45.0803240" lon="7.4530250">
    <ele>349.5</ele>
   </trkpt>
   <trkpt lat="45.0803130" lon="7.4530760">
    <ele>349.6</ele>
   </trkpt>
   <trkpt lat="45.0802980" lon="7.4531250">
    <ele>349.7</ele>
   </trkpt>
   <trkpt lat="45.0802870" lon="7.4531750">
    <ele>349.8</ele>
   </trkpt>
   <trkpt lat="45.0802760" lon="7.4532310">
    <ele>349.9</ele>
   </trkpt>
   <trkpt lat="45.0802620" lon="7.4532840">
    <ele>350.0</ele>
   </trkpt>
   <trkpt lat="45.0802470" lon="7.4533400">
    <ele>350.1</ele>
   </trkpt>
   <trkpt lat="45.0802340" lon="7.4534020">
    <ele>350.2</ele>
   </trkpt>
   <trkpt lat="45.0802230" lon="7.4534650">
    <ele>350.3</ele>
   </trkpt>
   <trkpt lat="45.0802080" lon="7.4535260">
    <ele>350.4</ele>
   </trkpt>
   <trkpt lat="45.0801910" lon="7.4535920">
    <ele>350.5</ele>
   </trkpt>
   <trkpt lat="45.0801780" lon="7.4536520">
    <ele>350.5</ele>
   </trkpt>
   <trkpt lat="45.0801640" lon="7.4537180">
    <ele>350.5</ele>
   </trkpt>
   <trkpt lat="45.0801520" lon="7.4537810">
    <ele>350.5</ele>
   </trkpt>
   <trkpt lat="45.0801370" lon="7.4538440">
    <ele>350.4</ele>
   </trkpt>
   <trkpt lat="45.0801200" lon="7.4539110">
    <ele>350.4</ele>
   </trkpt>
   <trkpt lat="45.0801050" lon="7.4539810">
    <ele>350.3</ele>
   </trkpt>
   <trkpt lat="45.0800900" lon="7.4540550">
    <ele>350.2</ele>
   </trkpt>
   <trkpt lat="45.0800730" lon="7.4541330">
    <ele>350.1</ele>
   </trkpt>
   <trkpt lat="45.0800560" lon="7.4542140">
    <ele>350.0</ele>
   </trkpt>
   <trkpt lat="45.0800400" lon="7.4542990">
    <ele>349.9</ele>
   </trkpt>
   <trkpt lat="45.0800240" lon="7.4543860">
    <ele>349.8</ele>
   </trkpt>
   <trkpt lat="45.0800080" lon="7.4544720">
    <ele>349.7</ele>
   </trkpt>
   <trkpt lat="45.0799930" lon="7.4545600">
    <ele>349.6</ele>
   </trkpt>
   <trkpt lat="45.0799740" lon="7.4546470">
    <ele>349.5</ele>
   </trkpt>
   <trkpt lat="45.0799570" lon="7.4547300">
    <ele>349.4</ele>
   </trkpt>
   <trkpt lat="45.0799340" lon="7.4548200">
    <ele>349.4</ele>
   </trkpt>
   <trkpt lat="45.0798900" lon="7.4549860">
    <ele>349.2</ele>
   </trkpt>
   <trkpt lat="45.0798670" lon="7.4550740">
    <ele>349.2</ele>
   </trkpt>
   <trkpt lat="45.0798430" lon="7.4551520">
    <ele>349.1</ele>
   </trkpt>
   <trkpt lat="45.0798200" lon="7.4552300">
    <ele>349.1</ele>
   </trkpt>
   <trkpt lat="45.0797920" lon="7.4553100">
    <ele>349.0</ele>
   </trkpt>
   <trkpt lat="45.0797670" lon="7.4553950">
    <ele>348.9</ele>
   </trkpt>
   <trkpt lat="45.0797430" lon="7.4554790">
    <ele>348.9</ele>
   </trkpt>
   <trkpt lat="45.0797160" lon="7.4555650">
    <ele>348.8</ele>
   </trkpt>
   <trkpt lat="45.0796950" lon="7.4556480">
    <ele>348.8</ele>
   </trkpt>
   <trkpt lat="45.0796720" lon="7.4557260">
    <ele>348.8</ele>
   </trkpt>
   <trkpt lat="45.0796500" lon="7.4558070">
    <ele>348.8</ele>
   </trkpt>
   <trkpt lat="45.0796260" lon="7.4558860">
    <ele>348.8</ele>
   </trkpt>
   <trkpt lat="45.0796000" lon="7.4559620">
    <ele>348.8</ele>
   </trkpt>
   <trkpt lat="45.0795770" lon="7.4560290">
    <ele>348.9</ele>
   </trkpt>
   <trkpt lat="45.0795520" lon="7.4561020">
    <ele>348.9</ele>
   </trkpt>
   <trkpt lat="45.0795220" lon="7.4561760">
    <ele>349.0</ele>
   </trkpt>
   <trkpt lat="45.0794800" lon="7.4562340">
    <ele>349.0</ele>
   </trkpt>
   <trkpt lat="45.0794230" lon="7.4562690">
    <ele>349.1</ele>
   </trkpt>
   <trkpt lat="45.0793640" lon="7.4562750">
    <ele>349.2</ele>
   </trkpt>
   <trkpt lat="45.0793080" lon="7.4562720">
    <ele>349.3</ele>
   </trkpt>
   <trkpt lat="45.0792580" lon="7.4562610">
    <ele>349.5</ele>
   </trkpt>
   <trkpt lat="45.0792130" lon="7.4562380">
    <ele>349.7</ele>
   </trkpt>
   <trkpt lat="45.0791720" lon="7.4562130">
    <ele>349.9</ele>
   </trkpt>
   <trkpt lat="45.0791370" lon="7.4561850">
    <ele>350.1</ele>
   </trkpt>
   <trkpt lat="45.0790970" lon="7.4561590">
    <ele>350.3</ele>
   </trkpt>
   <trkpt lat="45.0790240" lon="7.4561000">
    <ele>350.7</ele>
   </trkpt>
   <trkpt lat="45.0789850" lon="7.4560720">
    <ele>350.9</ele>
   </trkpt>
   <trkpt lat="45.0789460" lon="7.4560480">
    <ele>351.2</ele>
   </trkpt>
   <trkpt lat="45.0789110" lon="7.4560190">
    <ele>351.4</ele>
   </trkpt>
   <trkpt lat="45.0788730" lon="7.4559930">
    <ele>351.6</ele>
   </trkpt>
   <trkpt lat="45.0788300" lon="7.4559660">
    <ele>351.9</ele>
   </trkpt>
   <trkpt lat="45.0787920" lon="7.4559350">
    <ele>352.2</ele>
   </trkpt>
   <trkpt lat="45.0787510" lon="7.4559090">
    <ele>352.5</ele>
   </trkpt>
   <trkpt lat="45.0787150" lon="7.4558810">
    <ele>352.8</ele>
   </trkpt>
   <trkpt lat="45.0786780" lon="7.4558570">
    <ele>353.0</ele>
   </trkpt>
   <trkpt lat="45.0786440" lon="7.4558290">
    <ele>353.3</ele>
   </trkpt>
   <trkpt lat="45.0786050" lon="7.4558020">
    <ele>353.5</ele>
   </trkpt>
   <trkpt lat="45.0785640" lon="7.4557750">
    <ele>353.8</ele>
   </trkpt>
   <trkpt lat="45.0785230" lon="7.4557500">
    <ele>354.1</ele>
   </trkpt>
   <trkpt lat="45.0784850" lon="7.4557300">
    <ele>354.3</ele>
   </trkpt>
   <trkpt lat="45.0784480" lon="7.4557090">
    <ele>354.5</ele>
   </trkpt>
   <trkpt lat="45.0784090" lon="7.4556890">
    <ele>354.6</ele>
   </trkpt>
   <trkpt lat="45.0783710" lon="7.4556650">
    <ele>354.8</ele>
   </trkpt>
   <trkpt lat="45.0783310" lon="7.4556440">
    <ele>354.9</ele>
   </trkpt>
   <trkpt lat="45.0782960" lon="7.4556270">
    <ele>355.0</ele>
   </trkpt>
   <trkpt lat="45.0782630" lon="7.4556040">
    <ele>355.1</ele>
   </trkpt>
   <trkpt lat="45.0782330" lon="7.4555870">
    <ele>355.1</ele>
   </trkpt>
   <trkpt lat="45.0782040" lon="7.4555670">
    <ele>355.1</ele>
   </trkpt>
   <trkpt lat="45.0781790" lon="7.4555490">
    <ele>355.1</ele>
   </trkpt>
   <trkpt lat="45.0781420" lon="7.4555280">
    <ele>355.1</ele>
   </trkpt>
   <trkpt lat="45.0781300" lon="7.4555210">
    <ele>355.1</ele>
   </trkpt>
   <trkpt lat="45.0781020" lon="7.4555060">
    <ele>355.1</ele>
   </trkpt>
   <trkpt lat="45.0780690" lon="7.4554890">
    <ele>355.1</ele>
   </trkpt>
   <trkpt lat="45.0780370" lon="7.4554710">
    <ele>355.0</ele>
   </trkpt>
   <trkpt lat="45.0780040" lon="7.4554500">
    <ele>354.9</ele>
   </trkpt>
   <trkpt lat="45.0779680" lon="7.4554250">
    <ele>354.8</ele>
   </trkpt>
   <trkpt lat="45.0779290" lon="7.4554050">
    <ele>354.7</ele>
   </trkpt>
   <trkpt lat="45.0778920" lon="7.4553800">
    <ele>354.6</ele>
   </trkpt>
   <trkpt lat="45.0778560" lon="7.4553520">
    <ele>354.4</ele>
   </trkpt>
   <trkpt lat="45.0778150" lon="7.4553190">
    <ele>354.3</ele>
   </trkpt>
   <trkpt lat="45.0777720" lon="7.4552880">
    <ele>354.1</ele>
   </trkpt>
   <trkpt lat="45.0777230" lon="7.4552600">
    <ele>353.9</ele>
   </trkpt>
   <trkpt lat="45.0776720" lon="7.4552240">
    <ele>353.8</ele>
   </trkpt>
   <trkpt lat="45.0776190" lon="7.4551830">
    <ele>353.6</ele>
   </trkpt>
   <trkpt lat="45.0775660" lon="7.4551390">
    <ele>353.4</ele>
   </trkpt>
   <trkpt lat="45.0775060" lon="7.4550970">
    <ele>353.3</ele>
   </trkpt>
   <trkpt lat="45.0774520" lon="7.4550580">
    <ele>353.1</ele>
   </trkpt>
   <trkpt lat="45.0774010" lon="7.4550180">
    <ele>353.0</ele>
   </trkpt>
   <trkpt lat="45.0773480" lon="7.4549750">
    <ele>353.0</ele>
   </trkpt>
   <trkpt lat="45.0772900" lon="7.4549320">
    <ele>353.0</ele>
   </trkpt>
   <trkpt lat="45.0772420" lon="7.4548870">
    <ele>353.0</ele>
   </trkpt>
   <trkpt lat="45.0771960" lon="7.4548370">
    <ele>353.0</ele>
   </trkpt>
   <trkpt lat="45.0771480" lon="7.4547830">
    <ele>353.0</ele>
   </trkpt>
   <trkpt lat="45.0771040" lon="7.4547360">
    <ele>353.0</ele>
   </trkpt>
   <trkpt lat="45.0770610" lon="7.4546830">
    <ele>353.0</ele>
   </trkpt>
   <trkpt lat="45.0770180" lon="7.4546290">
    <ele>353.0</ele>
   </trkpt>
   <trkpt lat="45.0769710" lon="7.4545820">
    <ele>353.1</ele>
   </trkpt>
   <trkpt lat="45.0769260" lon="7.4545370">
    <ele>353.1</ele>
   </trkpt>
   <trkpt lat="45.0768810" lon="7.4544910">
    <ele>353.1</ele>
   </trkpt>
   <trkpt lat="45.0768360" lon="7.4544410">
    <ele>353.1</ele>
   </trkpt>
   <trkpt lat="45.0767900" lon="7.4543880">
    <ele>353.2</ele>
   </trkpt>
   <trkpt lat="45.0767450" lon="7.4543350">
    <ele>353.3</ele>
   </trkpt>
   <trkpt lat="45.0767020" lon="7.4542730">
    <ele>353.3</ele>
   </trkpt>
   <trkpt lat="45.0766590" lon="7.4542170">
    <ele>353.4</ele>
   </trkpt>
   <trkpt lat="45.0766160" lon="7.4541600">
    <ele>353.5</ele>
   </trkpt>
   <trkpt lat="45.0765740" lon="7.4541050">
    <ele>353.6</ele>
   </trkpt>
   <trkpt lat="45.0765350" lon="7.4540480">
    <ele>353.6</ele>
   </trkpt>
   <trkpt lat="45.0764930" lon="7.4539910">
    <ele>353.7</ele>
   </trkpt>
   <trkpt lat="45.0764480" lon="7.4539310">
    <ele>353.8</ele>
   </trkpt>
   <trkpt lat="45.0764000" lon="7.4538750">
    <ele>353.9</ele>
   </trkpt>
   <trkpt lat="45.0763570" lon="7.4538130">
    <ele>354.0</ele>
   </trkpt>
   <trkpt lat="45.0763100" lon="7.4537550">
    <ele>354.1</ele>
   </trkpt>
   <trkpt lat="45.0762680" lon="7.4536990">
    <ele>354.2</ele>
   </trkpt>
   <trkpt lat="45.0762280" lon="7.4536470">
    <ele>354.3</ele>
   </trkpt>
   <trkpt lat="45.0761880" lon="7.4535960">
    <ele>354.4</ele>
   </trkpt>
   <trkpt lat="45.0761470" lon="7.4535450">
    <ele>354.5</ele>
   </trkpt>
   <trkpt lat="45.0761080" lon="7.4534900">
    <ele>354.6</ele>
   </trkpt>
   <trkpt lat="45.0760680" lon="7.4534380">
    <ele>354.7</ele>
   </trkpt>
   <trkpt lat="45.0760260" lon="7.4533830">
    <ele>354.8</ele>
   </trkpt>
   <trkpt lat="45.0759850" lon="7.4533270">
    <ele>354.9</ele>
   </trkpt>
   <trkpt lat="45.0759430" lon="7.4532770">
    <ele>355.0</ele>
   </trkpt>
   <trkpt lat="45.0759040" lon="7.4532250">
    <ele>355.1</ele>
   </trkpt>
   <trkpt lat="45.0758720" lon="7.4531780">
    <ele>355.2</ele>
   </trkpt>
   <trkpt lat="45.0758390" lon="7.4531420">
    <ele>355.3</ele>
   </trkpt>
   <trkpt lat="45.0758050" lon="7.4531090">
    <ele>355.4</ele>
   </trkpt>
   <trkpt lat="45.0757730" lon="7.4530830">
    <ele>355.5</ele>
   </trkpt>
   <trkpt lat="45.0757440" lon="7.4530460">
    <ele>355.6</ele>
   </trkpt>
   <trkpt lat="45.0757120" lon="7.4530050">
    <ele>355.7</ele>
   </trkpt>
   <trkpt lat="45.0756800" lon="7.4529660">
    <ele>355.8</ele>
   </trkpt>
   <trkpt lat="45.0756410" lon="7.4529310">
    <ele>355.9</ele>
   </trkpt>
   <trkpt lat="45.0755980" lon="7.4529110">
    <ele>356.0</ele>
   </trkpt>
   <trkpt lat="45.0755450" lon="7.4529290">
    <ele>356.4</ele>
   </trkpt>
   <trkpt lat="45.0755160" lon="7.4529660">
    <ele>356.5</ele>
   </trkpt>
   <trkpt lat="45.0754850" lon="7.4530320">
    <ele>356.8</ele>
   </trkpt>
   <trkpt lat="45.0754650" lon="7.4530900">
    <ele>357.0</ele>
   </trkpt>
   <trkpt lat="45.0754430" lon="7.4531530">
    <ele>357.2</ele>
   </trkpt>
   <trkpt lat="45.0754270" lon="7.4532130">
    <ele>357.4</ele>
   </trkpt>
   <trkpt lat="45.0754170" lon="7.4532750">
    <ele>357.7</ele>
   </trkpt>
   <trkpt lat="45.0754140" lon="7.4533450">
    <ele>357.9</ele>
   </trkpt>
   <trkpt lat="45.0754090" lon="7.4534120">
    <ele>358.2</ele>
   </trkpt>
   <trkpt lat="45.0754080" lon="7.4534780">
    <ele>358.5</ele>
   </trkpt>
   <trkpt lat="45.0754070" lon="7.4535450">
    <ele>358.8</ele>
   </trkpt>
   <trkpt lat="45.0754060" lon="7.4536080">
    <ele>359.1</ele>
   </trkpt>
   <trkpt lat="45.0754050" lon="7.4536680">
    <ele>359.4</ele>
   </trkpt>
   <trkpt lat="45.0754040" lon="7.4537260">
    <ele>359.6</ele>
   </trkpt>
   <trkpt lat="45.0754020" lon="7.4537890">
    <ele>359.9</ele>
   </trkpt>
   <trkpt lat="45.0753970" lon="7.4538530">
    <ele>360.2</ele>
   </trkpt>
   <trkpt lat="45.0753930" lon="7.4539160">
    <ele>360.5</ele>
   </trkpt>
   <trkpt lat="45.0753810" lon="7.4539720">
    <ele>360.7</ele>
   </trkpt>
   <trkpt lat="45.0753660" lon="7.4540280">
    <ele>360.9</ele>
   </trkpt>
   <trkpt lat="45.0753520" lon="7.4540900">
    <ele>361.2</ele>
   </trkpt>
   <trkpt lat="45.0753340" lon="7.4541540">
    <ele>361.4</ele>
   </trkpt>
   <trkpt lat="45.0753180" lon="7.4542160">
    <ele>361.6</ele>
   </trkpt>
   <trkpt lat="45.0753030" lon="7.4542790">
    <ele>361.7</ele>
   </trkpt>
   <trkpt lat="45.0752860" lon="7.4543420">
    <ele>361.9</ele>
   </trkpt>
   <trkpt lat="45.0752670" lon="7.4543980">
    <ele>362.1</ele>
   </trkpt>
   <trkpt lat="45.0752490" lon="7.4544540">
    <ele>362.2</ele>
   </trkpt>
   <trkpt lat="45.0752300" lon="7.4545180">
    <ele>362.4</ele>
   </trkpt>
   <trkpt lat="45.0752090" lon="7.4545740">
    <ele>362.6</ele>
   </trkpt>
   <trkpt lat="45.0751860" lon="7.4546340">
    <ele>362.7</ele>
   </trkpt>
   <trkpt lat="45.0751660" lon="7.4546940">
    <ele>362.9</ele>
   </trkpt>
   <trkpt lat="45.0751460" lon="7.4547550">
    <ele>363.1</ele>
   </trkpt>
   <trkpt lat="45.0751290" lon="7.4548190">
    <ele>363.2</ele>
   </trkpt>
   <trkpt lat="45.0751130" lon="7.4548810">
    <ele>363.4</ele>
   </trkpt>
   <trkpt lat="45.0750980" lon="7.4549430">
    <ele>363.6</ele>
   </trkpt>
   <trkpt lat="45.0750820" lon="7.4550020">
    <ele>363.7</ele>
   </trkpt>
   <trkpt lat="45.0750700" lon="7.4550610">
    <ele>363.9</ele>
   </trkpt>
   <trkpt lat="45.0750600" lon="7.4551150">
    <ele>364.1</ele>
   </trkpt>
   <trkpt lat="45.0750470" lon="7.4551750">
    <ele>364.2</ele>
   </trkpt>
   <trkpt lat="45.0750380" lon="7.4552400">
    <ele>364.4</ele>
   </trkpt>
   <trkpt lat="45.0750260" lon="7.4553070">
    <ele>364.6</ele>
   </trkpt>
   <trkpt lat="45.0750150" lon="7.4553730">
    <ele>364.8</ele>
   </trkpt>
   <trkpt lat="45.0750040" lon="7.4554340">
    <ele>365.0</ele>
   </trkpt>
   <trkpt lat="45.0749950" lon="7.4554990">
    <ele>365.2</ele>
   </trkpt>
   <trkpt lat="45.0749830" lon="7.4555660">
    <ele>365.5</ele>
   </trkpt>
   <trkpt lat="45.0749670" lon="7.4556280">
    <ele>365.8</ele>
   </trkpt>
   <trkpt lat="45.0749490" lon="7.4556850">
    <ele>366.0</ele>
   </trkpt>
   <trkpt lat="45.0749290" lon="7.4557420">
    <ele>366.3</ele>
   </trkpt>
   <trkpt lat="45.0749070" lon="7.4557880">
    <ele>366.5</ele>
   </trkpt>
   <trkpt lat="45.0748790" lon="7.4558340">
    <ele>366.8</ele>
   </trkpt>
   <trkpt lat="45.0748550" lon="7.4558710">
    <ele>367.0</ele>
   </trkpt>
   <trkpt lat="45.0748330" lon="7.4558960">
    <ele>367.1</ele>
   </trkpt>
   <trkpt lat="45.0748020" lon="7.4559330">
    <ele>367.2</ele>
   </trkpt>
   <trkpt lat="45.0747780" lon="7.4559720">
    <ele>367.3</ele>
   </trkpt>
   <trkpt lat="45.0747540" lon="7.4560130">
    <ele>367.3</ele>
   </trkpt>
   <trkpt lat="45.0747290" lon="7.4560580">
    <ele>367.3</ele>
   </trkpt>
   <trkpt lat="45.0747090" lon="7.4560930">
    <ele>367.3</ele>
   </trkpt>
   <trkpt lat="45.0746760" lon="7.4561530">
    <ele>367.2</ele>
   </trkpt>
   <trkpt lat="45.0746480" lon="7.4562060">
    <ele>367.1</ele>
   </trkpt>
   <trkpt lat="45.0746200" lon="7.4562600">
    <ele>367.0</ele>
   </trkpt>
   <trkpt lat="45.0745920" lon="7.4563200">
    <ele>366.8</ele>
   </trkpt>
   <trkpt lat="45.0745610" lon="7.4563850">
    <ele>366.7</ele>
   </trkpt>
   <trkpt lat="45.0745280" lon="7.4564530">
    <ele>366.5</ele>
   </trkpt>
   <trkpt lat="45.0744980" lon="7.4565220">
    <ele>366.3</ele>
   </trkpt>
   <trkpt lat="45.0744680" lon="7.4565880">
    <ele>366.2</ele>
   </trkpt>
   <trkpt lat="45.0744330" lon="7.4566470">
    <ele>366.0</ele>
   </trkpt>
   <trkpt lat="45.0744030" lon="7.4567050">
    <ele>365.9</ele>
   </trkpt>
   <trkpt lat="45.0743710" lon="7.4567660">
    <ele>365.7</ele>
   </trkpt>
   <trkpt lat="45.0743370" lon="7.4568260">
    <ele>365.5</ele>
   </trkpt>
   <trkpt lat="45.0743020" lon="7.4568870">
    <ele>365.4</ele>
   </trkpt>
   <trkpt lat="45.0742620" lon="7.4569490">
    <ele>365.2</ele>
   </trkpt>
   <trkpt lat="45.0742180" lon="7.4570060">
    <ele>365.0</ele>
   </trkpt>
   <trkpt lat="45.0741690" lon="7.4570600">
    <ele>364.8</ele>
   </trkpt>
   <trkpt lat="45.0741200" lon="7.4571080">
    <ele>364.6</ele>
   </trkpt>
   <trkpt lat="45.0740650" lon="7.4571470">
    <ele>364.4</ele>
   </trkpt>
   <trkpt lat="45.0740070" lon="7.4571820">
    <ele>364.2</ele>
   </trkpt>
   <trkpt lat="45.0739510" lon="7.4572190">
    <ele>364.0</ele>
   </trkpt>
   <trkpt lat="45.0738960" lon="7.4572530">
    <ele>363.8</ele>
   </trkpt>
   <trkpt lat="45.0738370" lon="7.4572890">
    <ele>363.6</ele>
   </trkpt>
   <trkpt lat="45.0737790" lon="7.4573240">
    <ele>363.6</ele>
   </trkpt>
   <trkpt lat="45.0737200" lon="7.4573570">
    <ele>363.5</ele>
   </trkpt>
   <trkpt lat="45.0736640" lon="7.4573870">
    <ele>363.5</ele>
   </trkpt>
   <trkpt lat="45.0736100" lon="7.4574120">
    <ele>363.5</ele>
   </trkpt>
   <trkpt lat="45.0735590" lon="7.4574400">
    <ele>363.5</ele>
   </trkpt>
   <trkpt lat="45.0735080" lon="7.4574700">
    <ele>363.6</ele>
   </trkpt>
   <trkpt lat="45.0734560" lon="7.4575010">
    <ele>363.7</ele>
   </trkpt>
   <trkpt lat="45.0734050" lon="7.4575280">
    <ele>363.8</ele>
   </trkpt>
   <trkpt lat="45.0733520" lon="7.4575560">
    <ele>363.9</ele>
   </trkpt>
   <trkpt lat="45.0733000" lon="7.4575770">
    <ele>364.0</ele>
   </trkpt>
   <trkpt lat="45.0732450" lon="7.4576030">
    <ele>364.1</ele>
   </trkpt>
   <trkpt lat="45.0731920" lon="7.4576330">
    <ele>364.2</ele>
   </trkpt>
   <trkpt lat="45.0731420" lon="7.4576610">
    <ele>364.3</ele>
   </trkpt>
   <trkpt lat="45.0730930" lon="7.4576910">
    <ele>364.4</ele>
   </trkpt>
   <trkpt lat="45.0730440" lon="7.4577170">
    <ele>364.5</ele>
   </trkpt>
   <trkpt lat="45.0729980" lon="7.4577430">
    <ele>364.7</ele>
   </trkpt>
   <trkpt lat="45.0729520" lon="7.4577700">
    <ele>364.8</ele>
   </trkpt>
   <trkpt lat="45.0729110" lon="7.4578070">
    <ele>365.1</ele>
   </trkpt>
   <trkpt lat="45.0728860" lon="7.4578590">
    <ele>365.3</ele>
   </trkpt>
   <trkpt lat="45.0728860" lon="7.4579230">
    <ele>365.6</ele>
   </trkpt>
   <trkpt lat="45.0728940" lon="7.4580000">
    <ele>366.0</ele>
   </trkpt>
   <trkpt lat="45.0729140" lon="7.4580550">
    <ele>366.1</ele>
   </trkpt>
   <trkpt lat="45.0729410" lon="7.4581140">
    <ele>366.3</ele>
   </trkpt>
   <trkpt lat="45.0729660" lon="7.4581750">
    <ele>366.4</ele>
   </trkpt>
   <trkpt lat="45.0729900" lon="7.4582390">
    <ele>366.6</ele>
   </trkpt>
   <trkpt lat="45.0730200" lon="7.4582930">
    <ele>366.7</ele>
   </trkpt>
   <trkpt lat="45.0730510" lon="7.4583530">
    <ele>366.8</ele>
   </trkpt>
   <trkpt lat="45.0730790" lon="7.4584140">
    <ele>366.9</ele>
   </trkpt>
   <trkpt lat="45.0731110" lon="7.4584800">
    <ele>367.0</ele>
   </trkpt>
   <trkpt lat="45.0731450" lon="7.4585460">
    <ele>367.1</ele>
   </trkpt>
   <trkpt lat="45.0731730" lon="7.4586150">
    <ele>367.2</ele>
   </trkpt>
   <trkpt lat="45.0731940" lon="7.4586870">
    <ele>367.4</ele>
   </trkpt>
   <trkpt lat="45.0732140" lon="7.4587660">
    <ele>367.5</ele>
   </trkpt>
   <trkpt lat="45.0732180" lon="7.4588490">
    <ele>367.6</ele>
   </trkpt>
   <trkpt lat="45.0731960" lon="7.4589170">
    <ele>367.8</ele>
   </trkpt>
   <trkpt lat="45.0731710" lon="7.4589860">
    <ele>368.0</ele>
   </trkpt>
   <trkpt lat="45.0731520" lon="7.4590600">
    <ele>368.2</ele>
   </trkpt>
   <trkpt lat="45.0731320" lon="7.4592000">
    <ele>368.6</ele>
   </trkpt>
   <trkpt lat="45.0731340" lon="7.4592740">
    <ele>368.9</ele>
   </trkpt>
   <trkpt lat="45.0731340" lon="7.4593390">
    <ele>369.2</ele>
   </trkpt>
   <trkpt lat="45.0731430" lon="7.4594030">
    <ele>369.4</ele>
   </trkpt>
   <trkpt lat="45.0731520" lon="7.4594630">
    <ele>369.7</ele>
   </trkpt>
   <trkpt lat="45.0731630" lon="7.4595290">
    <ele>369.9</ele>
   </trkpt>
   <trkpt lat="45.0731720" lon="7.4595870">
    <ele>370.1</ele>
   </trkpt>
   <trkpt lat="45.0731820" lon="7.4596460">
    <ele>370.3</ele>
   </trkpt>
   <trkpt lat="45.0731890" lon="7.4597080">
    <ele>370.5</ele>
   </trkpt>
   <trkpt lat="45.0732010" lon="7.4597660">
    <ele>370.7</ele>
   </trkpt>
   <trkpt lat="45.0732060" lon="7.4598180">
    <ele>370.8</ele>
   </trkpt>
   <trkpt lat="45.0732210" lon="7.4598730">
    <ele>371.0</ele>
   </trkpt>
   <trkpt lat="45.0732310" lon="7.4599180">
    <ele>371.1</ele>
   </trkpt>
   <trkpt lat="45.0732390" lon="7.4599680">
    <ele>371.2</ele>
   </trkpt>
   <trkpt lat="45.0732470" lon="7.4600180">
    <ele>371.3</ele>
   </trkpt>
   <trkpt lat="45.0732550" lon="7.4600710">
    <ele>371.4</ele>
   </trkpt>
   <trkpt lat="45.0732600" lon="7.4601180">
    <ele>371.5</ele>
   </trkpt>
   <trkpt lat="45.0732630" lon="7.4601680">
    <ele>371.6</ele>
   </trkpt>
   <trkpt lat="45.0732640" lon="7.4602180">
    <ele>371.7</ele>
   </trkpt>
   <trkpt lat="45.0732610" lon="7.4602730">
    <ele>371.8</ele>
   </trkpt>
   <trkpt lat="45.0732620" lon="7.4603310">
    <ele>372.0</ele>
   </trkpt>
   <trkpt lat="45.0732610" lon="7.4603840">
    <ele>372.1</ele>
   </trkpt>
   <trkpt lat="45.0732620" lon="7.4604400">
    <ele>372.2</ele>
   </trkpt>
   <trkpt lat="45.0732640" lon="7.4604940">
    <ele>372.4</ele>
   </trkpt>
   <trkpt lat="45.0732690" lon="7.4605440">
    <ele>372.6</ele>
   </trkpt>
   <trkpt lat="45.0732800" lon="7.4605950">
    <ele>372.7</ele>
   </trkpt>
   <trkpt lat="45.0732920" lon="7.4606430">
    <ele>372.9</ele>
   </trkpt>
   <trkpt lat="45.0733020" lon="7.4606890">
    <ele>373.0</ele>
   </trkpt>
   <trkpt lat="45.0733080" lon="7.4607350">
    <ele>373.2</ele>
   </trkpt>
   <trkpt lat="45.0733090" lon="7.4607860">
    <ele>373.5</ele>
   </trkpt>
   <trkpt lat="45.0733050" lon="7.4608380">
    <ele>373.8</ele>
   </trkpt>
   <trkpt lat="45.0732900" lon="7.4608860">
    <ele>374.0</ele>
   </trkpt>
   <trkpt lat="45.0732690" lon="7.4609230">
    <ele>374.3</ele>
   </trkpt>
   <trkpt lat="45.0732480" lon="7.4609570">
    <ele>374.5</ele>
   </trkpt>
   <trkpt lat="45.0732320" lon="7.4609910">
    <ele>374.8</ele>
   </trkpt>
   <trkpt lat="45.0732140" lon="7.4610240">
    <ele>375.1</ele>
   </trkpt>
   <trkpt lat="45.0731890" lon="7.4610590">
    <ele>375.4</ele>
   </trkpt>
   <trkpt lat="45.0731620" lon="7.4610900">
    <ele>375.7</ele>
   </trkpt>
   <trkpt lat="45.0731370" lon="7.4611210">
    <ele>376.1</ele>
   </trkpt>
   <trkpt lat="45.0731110" lon="7.4611560">
    <ele>376.4</ele>
   </trkpt>
   <trkpt lat="45.0730840" lon="7.4611900">
    <ele>376.8</ele>
   </trkpt>
   <trkpt lat="45.0730590" lon="7.4612220">
    <ele>377.1</ele>
   </trkpt>
   <trkpt lat="45.0730300" lon="7.4612470">
    <ele>377.5</ele>
   </trkpt>
   <trkpt lat="45.0730020" lon="7.4612680">
    <ele>377.8</ele>
   </trkpt>
   <trkpt lat="45.0729720" lon="7.4612880">
    <ele>378.1</ele>
   </trkpt>
   <trkpt lat="45.0729370" lon="7.4613110">
    <ele>378.5</ele>
   </trkpt>
   <trkpt lat="45.0729040" lon="7.4613280">
    <ele>378.8</ele>
   </trkpt>
   <trkpt lat="45.0728640" lon="7.4613470">
    <ele>379.2</ele>
   </trkpt>
   <trkpt lat="45.0728480" lon="7.4613550">
    <ele>379.3</ele>
   </trkpt>
   <trkpt lat="45.0728190" lon="7.4613670">
    <ele>379.6</ele>
   </trkpt>
   <trkpt lat="45.0727860" lon="7.4613770">
    <ele>379.8</ele>
   </trkpt>
   <trkpt lat="45.0727530" lon="7.4613840">
    <ele>380.1</ele>
   </trkpt>
   <trkpt lat="45.0727210" lon="7.4613920">
    <ele>380.3</ele>
   </trkpt>
   <trkpt lat="45.0726900" lon="7.4613980">
    <ele>380.5</ele>
   </trkpt>
   <trkpt lat="45.0726600" lon="7.4614050">
    <ele>380.7</ele>
   </trkpt>
   <trkpt lat="45.0726270" lon="7.4614070">
    <ele>380.9</ele>
   </trkpt>
   <trkpt lat="45.0726180" lon="7.4614070">
    <ele>381.0</ele>
   </trkpt>
   <trkpt lat="45.0725810" lon="7.4614000">
    <ele>381.2</ele>
   </trkpt>
   <trkpt lat="45.0725650" lon="7.4613970">
    <ele>381.3</ele>
   </trkpt>
   <trkpt lat="45.0725290" lon="7.4613960">
    <ele>381.4</ele>
   </trkpt>
   <trkpt lat="45.0724920" lon="7.4613960">
    <ele>381.6</ele>
   </trkpt>
   <trkpt lat="45.0724560" lon="7.4613960">
    <ele>381.8</ele>
   </trkpt>
   <trkpt lat="45.0724180" lon="7.4613990">
    <ele>382.0</ele>
   </trkpt>
   <trkpt lat="45.0723810" lon="7.4614070">
    <ele>382.1</ele>
   </trkpt>
   <trkpt lat="45.0723460" lon="7.4614110">
    <ele>382.3</ele>
   </trkpt>
   <trkpt lat="45.0723090" lon="7.4614160">
    <ele>382.4</ele>
   </trkpt>
   <trkpt lat="45.0722750" lon="7.4614160">
    <ele>382.6</ele>
   </trkpt>
   <trkpt lat="45.0722430" lon="7.4614180">
    <ele>382.7</ele>
   </trkpt>
   <trkpt lat="45.0722080" lon="7.4614220">
    <ele>382.8</ele>
   </trkpt>
   <trkpt lat="45.0721670" lon="7.4614350">
    <ele>383.0</ele>
   </trkpt>
   <trkpt lat="45.0721290" lon="7.4614420">
    <ele>383.1</ele>
   </trkpt>
   <trkpt lat="45.0720950" lon="7.4614440">
    <ele>383.2</ele>
   </trkpt>
   <trkpt lat="45.0720610" lon="7.4614470">
    <ele>383.3</ele>
   </trkpt>
   <trkpt lat="45.0720200" lon="7.4614500">
    <ele>383.5</ele>
   </trkpt>
   <trkpt lat="45.0719840" lon="7.4614500">
    <ele>383.6</ele>
   </trkpt>
   <trkpt lat="45.0719460" lon="7.4614520">
    <ele>383.7</ele>
   </trkpt>
   <trkpt lat="45.0719080" lon="7.4614600">
    <ele>383.8</ele>
   </trkpt>
   <trkpt lat="45.0718710" lon="7.4614660">
    <ele>383.9</ele>
   </trkpt>
   <trkpt lat="45.0718350" lon="7.4614700">
    <ele>384.0</ele>
   </trkpt>
   <trkpt lat="45.0717690" lon="7.4614800">
    <ele>384.1</ele>
   </trkpt>
   <trkpt lat="45.0717410" lon="7.4614790">
    <ele>384.2</ele>
   </trkpt>
   <trkpt lat="45.0717050" lon="7.4614810">
    <ele>384.3</ele>
   </trkpt>
   <trkpt lat="45.0716940" lon="7.4614840">
    <ele>384.3</ele>
   </trkpt>
   <trkpt lat="45.0716590" lon="7.4614920">
    <ele>384.4</ele>
   </trkpt>
   <trkpt lat="45.0716490" lon="7.4614910">
    <ele>384.5</ele>
   </trkpt>
   <trkpt lat="45.0716230" lon="7.4615090">
    <ele>384.5</ele>
   </trkpt>
   <trkpt lat="45.0716160" lon="7.4615180">
    <ele>384.6</ele>
   </trkpt>
   <trkpt lat="45.0716080" lon="7.4615380">
    <ele>384.6</ele>
   </trkpt>
   <trkpt lat="45.0716030" lon="7.4615590">
    <ele>384.6</ele>
   </trkpt>
   <trkpt lat="45.0716070" lon="7.4615760">
    <ele>384.6</ele>
   </trkpt>
   <trkpt lat="45.0716110" lon="7.4615900">
    <ele>384.7</ele>
   </trkpt>
   <trkpt lat="45.0716050" lon="7.4616090">
    <ele>384.7</ele>
   </trkpt>
   <trkpt lat="45.0716030" lon="7.4616170">
    <ele>384.7</ele>
   </trkpt>
   <trkpt lat="45.0716040" lon="7.4616260">
    <ele>384.7</ele>
   </trkpt>
   <trkpt lat="45.0716050" lon="7.4616350">
    <ele>384.7</ele>
   </trkpt>
   <trkpt lat="45.0716060" lon="7.4616430">
    <ele>384.7</ele>
   </trkpt>
   <trkpt lat="45.0716070" lon="7.4616520">
    <ele>384.7</ele>
   </trkpt>
   <trkpt lat="45.0716080" lon="7.4616610">
    <ele>384.8</ele>
   </trkpt>
   <trkpt lat="45.0716090" lon="7.4616700">
    <ele>384.8</ele>
   </trkpt>
   <trkpt lat="45.0716100" lon="7.4616790">
    <ele>384.8</ele>
   </trkpt>
   <trkpt lat="45.0716110" lon="7.4616880">
    <ele>384.8</ele>
   </trkpt>
   <trkpt lat="45.0716120" lon="7.4616970">
    <ele>384.8</ele>
   </trkpt>
   <trkpt lat="45.0716130" lon="7.4617050">
    <ele>384.8</ele>
   </trkpt>
   <trkpt lat="45.0716140" lon="7.4617140">
    <ele>384.8</ele>
   </trkpt>
   <trkpt lat="45.0716150" lon="7.4617230">
    <ele>384.8</ele>
   </trkpt>
   <trkpt lat="45.0716160" lon="7.4617320">
    <ele>384.8</ele>
   </trkpt>
   <trkpt lat="45.0716180" lon="7.4617830">
    <ele>384.9</ele>
   </trkpt>
   <trkpt lat="45.0716170" lon="7.4618250">
    <ele>384.9</ele>
   </trkpt>
   <trkpt lat="45.0716150" lon="7.4618770">
    <ele>385.0</ele>
   </trkpt>
   <trkpt lat="45.0716160" lon="7.4619370">
    <ele>385.0</ele>
   </trkpt>
   <trkpt lat="45.0716160" lon="7.4619970">
    <ele>385.1</ele>
   </trkpt>
   <trkpt lat="45.0716180" lon="7.4620490">
    <ele>385.1</ele>
   </trkpt>
   <trkpt lat="45.0716160" lon="7.4621040">
    <ele>385.2</ele>
   </trkpt>
   <trkpt lat="45.0716200" lon="7.4621580">
    <ele>385.2</ele>
   </trkpt>
   <trkpt lat="45.0716240" lon="7.4622140">
    <ele>385.3</ele>
   </trkpt>
   <trkpt lat="45.0716300" lon="7.4622670">
    <ele>385.3</ele>
   </trkpt>
   <trkpt lat="45.0716300" lon="7.4623230">
    <ele>385.4</ele>
   </trkpt>
   <trkpt lat="45.0716300" lon="7.4623800">
    <ele>385.4</ele>
   </trkpt>
   <trkpt lat="45.0716280" lon="7.4624390">
    <ele>385.5</ele>
   </trkpt>
   <trkpt lat="45.0716280" lon="7.4624970">
    <ele>385.6</ele>
   </trkpt>
   <trkpt lat="45.0716250" lon="7.4625560">
    <ele>385.6</ele>
   </trkpt>
   <trkpt lat="45.0716230" lon="7.4626150">
    <ele>385.7</ele>
   </trkpt>
   <trkpt lat="45.0716230" lon="7.4626740">
    <ele>385.8</ele>
   </trkpt>
   <trkpt lat="45.0716130" lon="7.4627390">
    <ele>385.9</ele>
   </trkpt>
   <trkpt lat="45.0716010" lon="7.4627970">
    <ele>386.0</ele>
   </trkpt>
   <trkpt lat="45.0715880" lon="7.4628560">
    <ele>386.1</ele>
   </trkpt>
   <trkpt lat="45.0715720" lon="7.4629140">
    <ele>386.2</ele>
   </trkpt>
   <trkpt lat="45.0715560" lon="7.4629740">
    <ele>386.3</ele>
   </trkpt>
   <trkpt lat="45.0715400" lon="7.4630330">
    <ele>386.5</ele>
   </trkpt>
   <trkpt lat="45.0715190" lon="7.4630750">
    <ele>386.7</ele>
   </trkpt>
   <trkpt lat="45.0714990" lon="7.4631200">
    <ele>386.8</ele>
   </trkpt>
   <trkpt lat="45.0714830" lon="7.4631660">
    <ele>387.0</ele>
   </trkpt>
   <trkpt lat="45.0714600" lon="7.4632110">
    <ele>387.1</ele>
   </trkpt>
   <trkpt lat="45.0714280" lon="7.4632510">
    <ele>387.3</ele>
   </trkpt>
   <trkpt lat="45.0713900" lon="7.4632740">
    <ele>387.5</ele>
   </trkpt>
   <trkpt lat="45.0713560" lon="7.4632930">
    <ele>387.7</ele>
   </trkpt>
   <trkpt lat="45.0713160" lon="7.4633040">
    <ele>387.9</ele>
   </trkpt>
   <trkpt lat="45.0712820" lon="7.4633140">
    <ele>388.1</ele>
   </trkpt>
   <trkpt lat="45.0712510" lon="7.4633180">
    <ele>388.3</ele>
   </trkpt>
   <trkpt lat="45.0712180" lon="7.4633260">
    <ele>388.6</ele>
   </trkpt>
   <trkpt lat="45.0711870" lon="7.4633380">
    <ele>388.8</ele>
   </trkpt>
   <trkpt lat="45.0711580" lon="7.4633520">
    <ele>389.1</ele>
   </trkpt>
   <trkpt lat="45.0711270" lon="7.4633650">
    <ele>389.3</ele>
   </trkpt>
   <trkpt lat="45.0710970" lon="7.4633730">
    <ele>389.6</ele>
   </trkpt>
   <trkpt lat="45.0710600" lon="7.4633840">
    <ele>389.8</ele>
   </trkpt>
   <trkpt lat="45.0710470" lon="7.4633890">
    <ele>389.9</ele>
   </trkpt>
   <trkpt lat="45.0710210" lon="7.4634000">
    <ele>390.0</ele>
   </trkpt>
   <trkpt lat="45.0709890" lon="7.4634130">
    <ele>390.2</ele>
   </trkpt>
   <trkpt lat="45.0709790" lon="7.4634180">
    <ele>390.3</ele>
   </trkpt>
   <trkpt lat="45.0709560" lon="7.4634500">
    <ele>390.5</ele>
   </trkpt>
   <trkpt lat="45.0709500" lon="7.4634620">
    <ele>390.6</ele>
   </trkpt>
   <trkpt lat="45.0709410" lon="7.4635150">
    <ele>390.7</ele>
   </trkpt>
   <trkpt lat="45.0709390" lon="7.4635350">
    <ele>390.8</ele>
   </trkpt>
   <trkpt lat="45.0709420" lon="7.4635820">
    <ele>390.8</ele>
   </trkpt>
   <trkpt lat="45.0709520" lon="7.4636300">
    <ele>390.9</ele>
   </trkpt>
   <trkpt lat="45.0709600" lon="7.4636780">
    <ele>390.9</ele>
   </trkpt>
   <trkpt lat="45.0709660" lon="7.4637230">
    <ele>391.0</ele>
   </trkpt>
   <trkpt lat="45.0709730" lon="7.4637700">
    <ele>391.1</ele>
   </trkpt>
   <trkpt lat="45.0709820" lon="7.4638120">
    <ele>391.1</ele>
   </trkpt>
   <trkpt lat="45.0709960" lon="7.4638510">
    <ele>391.2</ele>
   </trkpt>
   <trkpt lat="45.0710120" lon="7.4638920">
    <ele>391.2</ele>
   </trkpt>
   <trkpt lat="45.0710270" lon="7.4639300">
    <ele>391.3</ele>
   </trkpt>
   <trkpt lat="45.0710410" lon="7.4639670">
    <ele>391.4</ele>
   </trkpt>
   <trkpt lat="45.0710520" lon="7.4640060">
    <ele>391.4</ele>
   </trkpt>
   <trkpt lat="45.0710630" lon="7.4640440">
    <ele>391.5</ele>
   </trkpt>
   <trkpt lat="45.0710730" lon="7.4640820">
    <ele>391.5</ele>
   </trkpt>
   <trkpt lat="45.0710830" lon="7.4641310">
    <ele>391.6</ele>
   </trkpt>
   <trkpt lat="45.0710880" lon="7.4641470">
    <ele>391.6</ele>
   </trkpt>
   <trkpt lat="45.0710990" lon="7.4641960">
    <ele>391.7</ele>
   </trkpt>
   <trkpt lat="45.0711010" lon="7.4642140">
    <ele>391.7</ele>
   </trkpt>
   <trkpt lat="45.0711050" lon="7.4642570">
    <ele>391.8</ele>
   </trkpt>
   <trkpt lat="45.0711040" lon="7.4642680">
    <ele>391.8</ele>
   </trkpt>
   <trkpt lat="45.0711010" lon="7.4642740">
    <ele>391.8</ele>
   </trkpt>
   <trkpt lat="45.0711040" lon="7.4642660">
    <ele>391.8</ele>
   </trkpt>
   <trkpt lat="45.0711080" lon="7.4642580">
    <ele>391.8</ele>
   </trkpt>
   <trkpt lat="45.0711090" lon="7.4642500">
    <ele>391.8</ele>
   </trkpt>
   <trkpt lat="45.0711100" lon="7.4642470">
    <ele>391.8</ele>
   </trkpt>
   <trkpt lat="45.0711100" lon="7.4642460">
    <ele>391.8</ele>
   </trkpt>
   <trkpt lat="45.0711100" lon="7.4642450">
    <ele>391.8</ele>
   </trkpt>
   <trkpt lat="45.0711100" lon="7.4642450">
    <ele>391.8</ele>
   </trkpt>
   <trkpt lat="45.0711100" lon="7.4642450">
    <ele>391.8</ele>
   </trkpt>
   <trkpt lat="45.0711100" lon="7.4642450">
    <ele>391.8</ele>
   </trkpt>
   <trkpt lat="45.0711100" lon="7.4642450">
    <ele>391.8</ele>
   </trkpt>
   <trkpt lat="45.0711100" lon="7.4642450">
    <ele>391.8</ele>
   </trkpt>
   <trkpt lat="45.0711150" lon="7.4643390">
    <ele>392.1</ele>
   </trkpt>
   <trkpt lat="45.0711060" lon="7.4643820">
    <ele>392.2</ele>
   </trkpt>
   <trkpt lat="45.0710970" lon="7.4644370">
    <ele>392.3</ele>
   </trkpt>
   <trkpt lat="45.0710920" lon="7.4644780">
    <ele>392.5</ele>
   </trkpt>
   <trkpt lat="45.0710860" lon="7.4645270">
    <ele>392.6</ele>
   </trkpt>
   <trkpt lat="45.0710790" lon="7.4645770">
    <ele>392.7</ele>
   </trkpt>
   <trkpt lat="45.0710710" lon="7.4646400">
    <ele>392.9</ele>
   </trkpt>
   <trkpt lat="45.0710590" lon="7.4647080">
    <ele>393.2</ele>
   </trkpt>
   <trkpt lat="45.0710510" lon="7.4647680">
    <ele>393.4</ele>
   </trkpt>
   <trkpt lat="45.0710410" lon="7.4648100">
    <ele>393.5</ele>
   </trkpt>
   <trkpt lat="45.0710370" lon="7.4648590">
    <ele>393.7</ele>
   </trkpt>
   <trkpt lat="45.0710360" lon="7.4648730">
    <ele>393.8</ele>
   </trkpt>
   <trkpt lat="45.0710370" lon="7.4649140">
    <ele>393.9</ele>
   </trkpt>
   <trkpt lat="45.0710370" lon="7.4649280">
    <ele>394.0</ele>
   </trkpt>
   <trkpt lat="45.0710360" lon="7.4649750">
    <ele>394.2</ele>
   </trkpt>
   <trkpt lat="45.0710340" lon="7.4649910">
    <ele>394.2</ele>
   </trkpt>
   <trkpt lat="45.0710260" lon="7.4650350">
    <ele>394.4</ele>
   </trkpt>
   <trkpt lat="45.0710230" lon="7.4650810">
    <ele>394.5</ele>
   </trkpt>
   <trkpt lat="45.0710240" lon="7.4651290">
    <ele>394.6</ele>
   </trkpt>
   <trkpt lat="45.0710250" lon="7.4651750">
    <ele>394.7</ele>
   </trkpt>
   <trkpt lat="45.0710220" lon="7.4652200">
    <ele>394.8</ele>
   </trkpt>
   <trkpt lat="45.0710240" lon="7.4652500">
    <ele>394.8</ele>
   </trkpt>
   <trkpt lat="45.0710240" lon="7.4652530">
    <ele>394.8</ele>
   </trkpt>
   <trkpt lat="45.0710200" lon="7.4652500">
    <ele>394.8</ele>
   </trkpt>
   <trkpt lat="45.0710190" lon="7.4652490">
    <ele>394.8</ele>
   </trkpt>
   <trkpt lat="45.0710190" lon="7.4652490">
    <ele>394.8</ele>
   </trkpt>
   <trkpt lat="45.0710190" lon="7.4652490">
    <ele>394.8</ele>
   </trkpt>
   <trkpt lat="45.0710190" lon="7.4652490">
    <ele>394.8</ele>
   </trkpt>
   <trkpt lat="45.0710190" lon="7.4652490">
    <ele>394.8</ele>
   </trkpt>
   <trkpt lat="45.0710190" lon="7.4652490">
    <ele>394.8</ele>
   </trkpt>
   <trkpt lat="45.0710190" lon="7.4652490">
    <ele>394.8</ele>
   </trkpt>
   <trkpt lat="45.0710190" lon="7.4652490">
    <ele>394.8</ele>
   </trkpt>
   <trkpt lat="45.0710320" lon="7.4652590">
    <ele>394.9</ele>
   </trkpt>
   <trkpt lat="45.0710550" lon="7.4652030">
    <ele>394.8</ele>
   </trkpt>
   <trkpt lat="45.0710500" lon="7.4651250">
    <ele>394.6</ele>
   </trkpt>
   <trkpt lat="45.0710470" lon="7.4650480">
    <ele>394.5</ele>
   </trkpt>
   <trkpt lat="45.0710530" lon="7.4649670">
    <ele>394.2</ele>
   </trkpt>
   <trkpt lat="45.0710600" lon="7.4648800">
    <ele>393.8</ele>
   </trkpt>
   <trkpt lat="45.0710690" lon="7.4647950">
    <ele>393.5</ele>
   </trkpt>
   <trkpt lat="45.0710760" lon="7.4646980">
    <ele>393.2</ele>
   </trkpt>
   <trkpt lat="45.0710900" lon="7.4645960">
    <ele>392.8</ele>
   </trkpt>
   <trkpt lat="45.0711080" lon="7.4644900">
    <ele>392.5</ele>
   </trkpt>
   <trkpt lat="45.0711260" lon="7.4643860">
    <ele>392.2</ele>
   </trkpt>
   <trkpt lat="45.0711520" lon="7.4642890">
    <ele>391.9</ele>
   </trkpt>
   <trkpt lat="45.0711690" lon="7.4642080">
    <ele>391.8</ele>
   </trkpt>
   <trkpt lat="45.0711660" lon="7.4641400">
    <ele>391.7</ele>
   </trkpt>
   <trkpt lat="45.0711500" lon="7.4640830">
    <ele>391.6</ele>
   </trkpt>
   <trkpt lat="45.0711350" lon="7.4640340">
    <ele>391.5</ele>
   </trkpt>
   <trkpt lat="45.0711180" lon="7.4639920">
    <ele>391.5</ele>
   </trkpt>
   <trkpt lat="45.0711010" lon="7.4639510">
    <ele>391.4</ele>
   </trkpt>
   <trkpt lat="45.0710860" lon="7.4639010">
    <ele>391.3</ele>
   </trkpt>
   <trkpt lat="45.0710710" lon="7.4638510">
    <ele>391.2</ele>
   </trkpt>
   <trkpt lat="45.0710560" lon="7.4638020">
    <ele>391.2</ele>
   </trkpt>
   <trkpt lat="45.0710420" lon="7.4637530">
    <ele>391.1</ele>
   </trkpt>
   <trkpt lat="45.0710240" lon="7.4637040">
    <ele>391.0</ele>
   </trkpt>
   <trkpt lat="45.0710140" lon="7.4636540">
    <ele>391.0</ele>
   </trkpt>
   <trkpt lat="45.0709990" lon="7.4636100">
    <ele>390.9</ele>
   </trkpt>
   <trkpt lat="45.0709870" lon="7.4635600">
    <ele>390.8</ele>
   </trkpt>
   <trkpt lat="45.0709760" lon="7.4635180">
    <ele>390.8</ele>
   </trkpt>
   <trkpt lat="45.0709800" lon="7.4634750">
    <ele>390.7</ele>
   </trkpt>
   <trkpt lat="45.0709980" lon="7.4634420">
    <ele>390.4</ele>
   </trkpt>
   <trkpt lat="45.0710240" lon="7.4634240">
    <ele>390.1</ele>
   </trkpt>
   <trkpt lat="45.0710630" lon="7.4634180">
    <ele>389.8</ele>
   </trkpt>
   <trkpt lat="45.0711150" lon="7.4634150">
    <ele>389.5</ele>
   </trkpt>
   <trkpt lat="45.0711670" lon="7.4633950">
    <ele>389.1</ele>
   </trkpt>
   <trkpt lat="45.0712230" lon="7.4633740">
    <ele>388.7</ele>
   </trkpt>
   <trkpt lat="45.0712820" lon="7.4633580">
    <ele>388.3</ele>
   </trkpt>
   <trkpt lat="45.0713460" lon="7.4633330">
    <ele>387.9</ele>
   </trkpt>
   <trkpt lat="45.0714130" lon="7.4633080">
    <ele>387.6</ele>
   </trkpt>
   <trkpt lat="45.0714770" lon="7.4632820">
    <ele>387.3</ele>
   </trkpt>
   <trkpt lat="45.0715340" lon="7.4632390">
    <ele>387.0</ele>
   </trkpt>
   <trkpt lat="45.0715710" lon="7.4631700">
    <ele>386.8</ele>
   </trkpt>
   <trkpt lat="45.0715900" lon="7.4630750">
    <ele>386.6</ele>
   </trkpt>
   <trkpt lat="45.0716150" lon="7.4629710">
    <ele>386.3</ele>
   </trkpt>
   <trkpt lat="45.0716260" lon="7.4628710">
    <ele>386.1</ele>
   </trkpt>
   <trkpt lat="45.0716410" lon="7.4627710">
    <ele>385.9</ele>
   </trkpt>
   <trkpt lat="45.0716630" lon="7.4626720">
    <ele>385.8</ele>
   </trkpt>
   <trkpt lat="45.0716790" lon="7.4625790">
    <ele>385.7</ele>
   </trkpt>
   <trkpt lat="45.0716850" lon="7.4624890">
    <ele>385.6</ele>
   </trkpt>
   <trkpt lat="45.0716810" lon="7.4623980">
    <ele>385.5</ele>
   </trkpt>
   <trkpt lat="45.0716720" lon="7.4623020">
    <ele>385.4</ele>
   </trkpt>
   <trkpt lat="45.0716680" lon="7.4622090">
    <ele>385.3</ele>
   </trkpt>
   <trkpt lat="45.0716650" lon="7.4621220">
    <ele>385.2</ele>
   </trkpt>
   <trkpt lat="45.0716570" lon="7.4620320">
    <ele>385.1</ele>
   </trkpt>
   <trkpt lat="45.0716520" lon="7.4619460">
    <ele>385.0</ele>
   </trkpt>
   <trkpt lat="45.0716530" lon="7.4618600">
    <ele>385.0</ele>
   </trkpt>
   <trkpt lat="45.0716490" lon="7.4617870">
    <ele>384.9</ele>
   </trkpt>
   <trkpt lat="45.0716440" lon="7.4617170">
    <ele>384.8</ele>
   </trkpt>
   <trkpt lat="45.0716410" lon="7.4616540">
    <ele>384.8</ele>
   </trkpt>
   <trkpt lat="45.0716430" lon="7.4615960">
    <ele>384.7</ele>
   </trkpt>
   <trkpt lat="45.0716530" lon="7.4615540">
    <ele>384.6</ele>
   </trkpt>
   <trkpt lat="45.0716390" lon="7.4615130">
    <ele>384.6</ele>
   </trkpt>
   <trkpt lat="45.0716240" lon="7.4615080">
    <ele>384.5</ele>
   </trkpt>
   <trkpt lat="45.0716070" lon="7.4615200">
    <ele>384.6</ele>
   </trkpt>
   <trkpt lat="45.0716180" lon="7.4615280">
    <ele>384.6</ele>
   </trkpt>
   <trkpt lat="45.0716220" lon="7.4615310">
    <ele>384.6</ele>
   </trkpt>
   <trkpt lat="45.0716220" lon="7.4615300">
    <ele>384.6</ele>
   </trkpt>
   <trkpt lat="45.0716220" lon="7.4615300">
    <ele>384.6</ele>
   </trkpt>
   <trkpt lat="45.0716220" lon="7.4615300">
    <ele>384.6</ele>
   </trkpt>
   <trkpt lat="45.0716220" lon="7.4615300">
    <ele>384.6</ele>
   </trkpt>
   <trkpt lat="45.0716220" lon="7.4615300">
    <ele>384.6</ele>
   </trkpt>
   <trkpt lat="45.0716220" lon="7.4615300">
    <ele>384.6</ele>
   </trkpt>
   <trkpt lat="45.0716220" lon="7.4615300">
    <ele>384.6</ele>
   </trkpt>
   <trkpt lat="45.0716220" lon="7.4615300">
    <ele>384.6</ele>
   </trkpt>
   <trkpt lat="45.0716220" lon="7.4615300">
    <ele>384.6</ele>
   </trkpt>
   <trkpt lat="45.0716220" lon="7.4615550">
    <ele>384.6</ele>
   </trkpt>
   <trkpt lat="45.0716220" lon="7.4615710">
    <ele>384.6</ele>
   </trkpt>
   <trkpt lat="45.0716210" lon="7.4615960">
    <ele>384.7</ele>
   </trkpt>
   <trkpt lat="45.0716090" lon="7.4616560">
    <ele>384.8</ele>
   </trkpt>
   <trkpt lat="45.0716040" lon="7.4616800">
    <ele>384.8</ele>
   </trkpt>
   <trkpt lat="45.0715970" lon="7.4617360">
    <ele>384.8</ele>
   </trkpt>
   <trkpt lat="45.0715950" lon="7.4618160">
    <ele>384.9</ele>
   </trkpt>
   <trkpt lat="45.0715990" lon="7.4619040">
    <ele>385.0</ele>
   </trkpt>
   <trkpt lat="45.0716060" lon="7.4619820">
    <ele>385.1</ele>
   </trkpt>
   <trkpt lat="45.0716100" lon="7.4620590">
    <ele>385.1</ele>
   </trkpt>
   <trkpt lat="45.0716120" lon="7.4621360">
    <ele>385.2</ele>
   </trkpt>
   <trkpt lat="45.0716120" lon="7.4622130">
    <ele>385.3</ele>
   </trkpt>
   <trkpt lat="45.0716130" lon="7.4622980">
    <ele>385.4</ele>
   </trkpt>
   <trkpt lat="45.0716160" lon="7.4623850">
    <ele>385.5</ele>
   </trkpt>
   <trkpt lat="45.0716180" lon="7.4624680">
    <ele>385.5</ele>
   </trkpt>
   <trkpt lat="45.0716150" lon="7.4625530">
    <ele>385.6</ele>
   </trkpt>
   <trkpt lat="45.0716040" lon="7.4626380">
    <ele>385.7</ele>
   </trkpt>
   <trkpt lat="45.0715910" lon="7.4627250">
    <ele>385.9</ele>
   </trkpt>
   <trkpt lat="45.0715750" lon="7.4628080">
    <ele>386.0</ele>
   </trkpt>
   <trkpt lat="45.0715610" lon="7.4628960">
    <ele>386.2</ele>
   </trkpt>
   <trkpt lat="45.0715460" lon="7.4629740">
    <ele>386.4</ele>
   </trkpt>
   <trkpt lat="45.0715260" lon="7.4630580">
    <ele>386.6</ele>
   </trkpt>
   <trkpt lat="45.0715050" lon="7.4631360">
    <ele>386.8</ele>
   </trkpt>
   <trkpt lat="45.0714660" lon="7.4632040">
    <ele>387.1</ele>
   </trkpt>
   <trkpt lat="45.0714130" lon="7.4632510">
    <ele>387.4</ele>
   </trkpt>
   <trkpt lat="45.0713560" lon="7.4632750">
    <ele>387.7</ele>
   </trkpt>
   <trkpt lat="45.0712960" lon="7.4632930">
    <ele>388.0</ele>
   </trkpt>
   <trkpt lat="45.0712390" lon="7.4633160">
    <ele>388.4</ele>
   </trkpt>
   <trkpt lat="45.0711840" lon="7.4633350">
    <ele>388.8</ele>
   </trkpt>
   <trkpt lat="45.0711290" lon="7.4633560">
    <ele>389.3</ele>
   </trkpt>
   <trkpt lat="45.0710830" lon="7.4633860">
    <ele>389.7</ele>
   </trkpt>
   <trkpt lat="45.0710340" lon="7.4634200">
    <ele>389.9</ele>
   </trkpt>
   <trkpt lat="45.0710030" lon="7.4634450">
    <ele>390.1</ele>
   </trkpt>
   <trkpt lat="45.0709700" lon="7.4634490">
    <ele>390.2</ele>
   </trkpt>
   <trkpt lat="45.0709610" lon="7.4634440">
    <ele>390.3</ele>
   </trkpt>
   <trkpt lat="45.0709500" lon="7.4634520">
    <ele>390.3</ele>
   </trkpt>
   <trkpt lat="45.0709430" lon="7.4634500">
    <ele>390.4</ele>
   </trkpt>
   <trkpt lat="45.0709420" lon="7.4634490">
    <ele>390.4</ele>
   </trkpt>
   <trkpt lat="45.0709420" lon="7.4634490">
    <ele>390.4</ele>
   </trkpt>
   <trkpt lat="45.0709420" lon="7.4634490">
    <ele>390.4</ele>
   </trkpt>
   <trkpt lat="45.0709420" lon="7.4634490">
    <ele>390.4</ele>
   </trkpt>
   <trkpt lat="45.0709420" lon="7.4634490">
    <ele>390.4</ele>
   </trkpt>
   <trkpt lat="45.0709420" lon="7.4634490">
    <ele>390.4</ele>
   </trkpt>
   <trkpt lat="45.0709420" lon="7.4634490">
    <ele>390.4</ele>
   </trkpt>
   <trkpt lat="45.0709420" lon="7.4634490">
    <ele>390.4</ele>
   </trkpt>
   <trkpt lat="45.0709080" lon="7.4635110">
    <ele>390.6</ele>
   </trkpt>
   <trkpt lat="45.0709120" lon="7.4635590">
    <ele>390.7</ele>
   </trkpt>
   <trkpt lat="45.0709240" lon="7.4636120">
    <ele>390.8</ele>
   </trkpt>
   <trkpt lat="45.0709480" lon="7.4636730">
    <ele>390.9</ele>
   </trkpt>
   <trkpt lat="45.0709640" lon="7.4637360">
    <ele>391.0</ele>
   </trkpt>
   <trkpt lat="45.0709850" lon="7.4637890">
    <ele>391.1</ele>
   </trkpt>
   <trkpt lat="45.0710000" lon="7.4638480">
    <ele>391.2</ele>
   </trkpt>
   <trkpt lat="45.0710200" lon="7.4639010">
    <ele>391.3</ele>
   </trkpt>
   <trkpt lat="45.0710370" lon="7.4639530">
    <ele>391.4</ele>
   </trkpt>
   <trkpt lat="45.0710520" lon="7.4640000">
    <ele>391.4</ele>
   </trkpt>
   <trkpt lat="45.0710710" lon="7.4640490">
    <ele>391.5</ele>
   </trkpt>
   <trkpt lat="45.0710890" lon="7.4640980">
    <ele>391.6</ele>
   </trkpt>
   <trkpt lat="45.0710920" lon="7.4641640">
    <ele>391.7</ele>
   </trkpt>
   <trkpt lat="45.0710800" lon="7.4642390">
    <ele>391.8</ele>
   </trkpt>
   <trkpt lat="45.0710940" lon="7.4643130">
    <ele>392.0</ele>
   </trkpt>
   <trkpt lat="45.0710930" lon="7.4643600">
    <ele>392.1</ele>
   </trkpt>
   <trkpt lat="45.0710920" lon="7.4644080">
    <ele>392.2</ele>
   </trkpt>
   <trkpt lat="45.0710920" lon="7.4644720">
    <ele>392.4</ele>
   </trkpt>
   <trkpt lat="45.0710850" lon="7.4645320">
    <ele>392.6</ele>
   </trkpt>
   <trkpt lat="45.0710780" lon="7.4645950">
    <ele>392.8</ele>
   </trkpt>
   <trkpt lat="45.0710670" lon="7.4646470">
    <ele>392.9</ele>
   </trkpt>
   <trkpt lat="45.0710560" lon="7.4647040">
    <ele>393.2</ele>
   </trkpt>
   <trkpt lat="45.0710510" lon="7.4647630">
    <ele>393.4</ele>
   </trkpt>
   <trkpt lat="45.0710420" lon="7.4648170">
    <ele>393.6</ele>
   </trkpt>
   <trkpt lat="45.0710350" lon="7.4648790">
    <ele>393.8</ele>
   </trkpt>
   <trkpt lat="45.0710290" lon="7.4649400">
    <ele>394.1</ele>
   </trkpt>
   <trkpt lat="45.0710280" lon="7.4650010">
    <ele>394.3</ele>
   </trkpt>
   <trkpt lat="45.0710260" lon="7.4650640">
    <ele>394.5</ele>
   </trkpt>
   <trkpt lat="45.0710260" lon="7.4651190">
    <ele>394.6</ele>
   </trkpt>
   <trkpt lat="45.0710250" lon="7.4651810">
    <ele>394.7</ele>
   </trkpt>
   <trkpt lat="45.0710290" lon="7.4652340">
    <ele>394.8</ele>
   </trkpt>
   <trkpt lat="45.0710350" lon="7.4652850">
    <ele>394.9</ele>
   </trkpt>
   <trkpt lat="45.0710410" lon="7.4653450">
    <ele>395.1</ele>
   </trkpt>
   <trkpt lat="45.0710420" lon="7.4654090">
    <ele>395.2</ele>
   </trkpt>
   <trkpt lat="45.0710500" lon="7.4654760">
    <ele>395.3</ele>
   </trkpt>
   <trkpt lat="45.0710580" lon="7.4655410">
    <ele>395.4</ele>
   </trkpt>
   <trkpt lat="45.0710690" lon="7.4655960">
    <ele>395.5</ele>
   </trkpt>
   <trkpt lat="45.0710770" lon="7.4656560">
    <ele>395.5</ele>
   </trkpt>
   <trkpt lat="45.0710840" lon="7.4657180">
    <ele>395.5</ele>
   </trkpt>
   <trkpt lat="45.0710920" lon="7.4657850">
    <ele>395.6</ele>
   </trkpt>
   <trkpt lat="45.0711020" lon="7.4658500">
    <ele>395.6</ele>
   </trkpt>
   <trkpt lat="45.0711140" lon="7.4659210">
    <ele>395.6</ele>
   </trkpt>
   <trkpt lat="45.0711250" lon="7.4659890">
    <ele>395.6</ele>
   </trkpt>
   <trkpt lat="45.0711350" lon="7.4660560">
    <ele>395.6</ele>
   </trkpt>
   <trkpt lat="45.0711370" lon="7.4661240">
    <ele>395.5</ele>
   </trkpt>
   <trkpt lat="45.0711320" lon="7.4661810">
    <ele>395.5</ele>
   </trkpt>
   <trkpt lat="45.0711320" lon="7.4662250">
    <ele>395.5</ele>
   </trkpt>
   <trkpt lat="45.0711320" lon="7.4662720">
    <ele>395.5</ele>
   </trkpt>
   <trkpt lat="45.0711380" lon="7.4663230">
    <ele>395.4</ele>
   </trkpt>
   <trkpt lat="45.0711440" lon="7.4663720">
    <ele>395.4</ele>
   </trkpt>
   <trkpt lat="45.0711420" lon="7.4664200">
    <ele>395.4</ele>
   </trkpt>
   <trkpt lat="45.0711390" lon="7.4664630">
    <ele>395.3</ele>
   </trkpt>
   <trkpt lat="45.0711340" lon="7.4665110">
    <ele>395.3</ele>
   </trkpt>
   <trkpt lat="45.0711360" lon="7.4665660">
    <ele>395.2</ele>
   </trkpt>
   <trkpt lat="45.0711380" lon="7.4666210">
    <ele>395.2</ele>
   </trkpt>
   <trkpt lat="45.0711340" lon="7.4666750">
    <ele>395.1</ele>
   </trkpt>
   <trkpt lat="45.0711290" lon="7.4667320">
    <ele>395.0</ele>
   </trkpt>
   <trkpt lat="45.0711140" lon="7.4667940">
    <ele>394.9</ele>
   </trkpt>
   <trkpt lat="45.0710920" lon="7.4668550">
    <ele>394.8</ele>
   </trkpt>
   <trkpt lat="45.0710810" lon="7.4669080">
    <ele>394.7</ele>
   </trkpt>
   <trkpt lat="45.0710710" lon="7.4669660">
    <ele>394.6</ele>
   </trkpt>
   <trkpt lat="45.0710610" lon="7.4670180">
    <ele>394.5</ele>
   </trkpt>
   <trkpt lat="45.0710540" lon="7.4670820">
    <ele>394.3</ele>
   </trkpt>
   <trkpt lat="45.0710480" lon="7.4671430">
    <ele>394.2</ele>
   </trkpt>
   <trkpt lat="45.0710390" lon="7.4671990">
    <ele>394.1</ele>
   </trkpt>
   <trkpt lat="45.0710300" lon="7.4672490">
    <ele>394.0</ele>
   </trkpt>
   <trkpt lat="45.0710240" lon="7.4673030">
    <ele>393.9</ele>
   </trkpt>
   <trkpt lat="45.0710200" lon="7.4673550">
    <ele>393.8</ele>
   </trkpt>
   <trkpt lat="45.0710170" lon="7.4674160">
    <ele>393.7</ele>
   </trkpt>
   <trkpt lat="45.0710140" lon="7.4674780">
    <ele>393.5</ele>
   </trkpt>
   <trkpt lat="45.0710120" lon="7.4675450">
    <ele>393.3</ele>
   </trkpt>
   <trkpt lat="45.0710090" lon="7.4676120">
    <ele>393.2</ele>
   </trkpt>
   <trkpt lat="45.0710040" lon="7.4676820">
    <ele>393.0</ele>
   </trkpt>
   <trkpt lat="45.0709990" lon="7.4677500">
    <ele>392.9</ele>
   </trkpt>
   <trkpt lat="45.0709810" lon="7.4678780">
    <ele>392.7</ele>
   </trkpt>
   <trkpt lat="45.0709700" lon="7.4679490">
    <ele>392.5</ele>
   </trkpt>
   <trkpt lat="45.0709580" lon="7.4680230">
    <ele>392.3</ele>
   </trkpt>
   <trkpt lat="45.0709440" lon="7.4680990">
    <ele>392.2</ele>
   </trkpt>
   <trkpt lat="45.0709250" lon="7.4681730">
    <ele>392.0</ele>
   </trkpt>
   <trkpt lat="45.0709080" lon="7.4682520">
    <ele>391.8</ele>
   </trkpt>
   <trkpt lat="45.0708950" lon="7.4683250">
    <ele>391.6</ele>
   </trkpt>
   <trkpt lat="45.0708770" lon="7.4683950">
    <ele>391.5</ele>
   </trkpt>
   <trkpt lat="45.0708580" lon="7.4684660">
    <ele>391.3</ele>
   </trkpt>
   <trkpt lat="45.0708410" lon="7.4685400">
    <ele>391.2</ele>
   </trkpt>
   <trkpt lat="45.0708250" lon="7.4686140">
    <ele>391.0</ele>
   </trkpt>
   <trkpt lat="45.0708100" lon="7.4686850">
    <ele>390.9</ele>
   </trkpt>
   <trkpt lat="45.0708020" lon="7.4687600">
    <ele>390.8</ele>
   </trkpt>
   <trkpt lat="45.0707870" lon="7.4688370">
    <ele>390.7</ele>
   </trkpt>
   <trkpt lat="45.0707620" lon="7.4689050">
    <ele>390.6</ele>
   </trkpt>
   <trkpt lat="45.0707350" lon="7.4689770">
    <ele>390.5</ele>
   </trkpt>
   <trkpt lat="45.0707140" lon="7.4690580">
    <ele>390.4</ele>
   </trkpt>
   <trkpt lat="45.0707010" lon="7.4691330">
    <ele>390.3</ele>
   </trkpt>
   <trkpt lat="45.0706830" lon="7.4692100">
    <ele>390.3</ele>
   </trkpt>
   <trkpt lat="45.0706670" lon="7.4692850">
    <ele>390.2</ele>
   </trkpt>
   <trkpt lat="45.0706440" lon="7.4693510">
    <ele>390.2</ele>
   </trkpt>
   <trkpt lat="45.0706260" lon="7.4694140">
    <ele>390.2</ele>
   </trkpt>
   <trkpt lat="45.0706050" lon="7.4694850">
    <ele>390.2</ele>
   </trkpt>
   <trkpt lat="45.0705870" lon="7.4695560">
    <ele>390.2</ele>
   </trkpt>
   <trkpt lat="45.0705660" lon="7.4696290">
    <ele>390.1</ele>
   </trkpt>
   <trkpt lat="45.0705500" lon="7.4696960">
    <ele>390.1</ele>
   </trkpt>
   <trkpt lat="45.0705400" lon="7.4697600">
    <ele>390.1</ele>
   </trkpt>
   <trkpt lat="45.0705290" lon="7.4698380">
    <ele>390.0</ele>
   </trkpt>
   <trkpt lat="45.0705100" lon="7.4699090">
    <ele>390.0</ele>
   </trkpt>
   <trkpt lat="45.0704940" lon="7.4699770">
    <ele>389.9</ele>
   </trkpt>
   <trkpt lat="45.0704740" lon="7.4700480">
    <ele>389.8</ele>
   </trkpt>
   <trkpt lat="45.0704470" lon="7.4701010">
    <ele>389.8</ele>
   </trkpt>
   <trkpt lat="45.0704310" lon="7.4701640">
    <ele>389.8</ele>
   </trkpt>
   <trkpt lat="45.0704280" lon="7.4702310">
    <ele>389.7</ele>
   </trkpt>
   <trkpt lat="45.0704180" lon="7.4702970">
    <ele>389.7</ele>
   </trkpt>
   <trkpt lat="45.0704110" lon="7.4703630">
    <ele>389.6</ele>
   </trkpt>
   <trkpt lat="45.0704070" lon="7.4704350">
    <ele>389.6</ele>
   </trkpt>
   <trkpt lat="45.0704010" lon="7.4705030">
    <ele>389.5</ele>
   </trkpt>
   <trkpt lat="45.0703950" lon="7.4705710">
    <ele>389.5</ele>
   </trkpt>
   <trkpt lat="45.0703890" lon="7.4706410">
    <ele>389.5</ele>
   </trkpt>
   <trkpt lat="45.0703840" lon="7.4707030">
    <ele>389.5</ele>
   </trkpt>
   <trkpt lat="45.0703860" lon="7.4707690">
    <ele>389.4</ele>
   </trkpt>
   <trkpt lat="45.0703840" lon="7.4708360">
    <ele>389.4</ele>
   </trkpt>
   <trkpt lat="45.0703790" lon="7.4709050">
    <ele>389.4</ele>
   </trkpt>
   <trkpt lat="45.0703790" lon="7.4709740">
    <ele>389.4</ele>
   </trkpt>
   <trkpt lat="45.0703800" lon="7.4710360">
    <ele>389.3</ele>
   </trkpt>
   <trkpt lat="45.0703770" lon="7.4711030">
    <ele>389.3</ele>
   </trkpt>
   <trkpt lat="45.0703750" lon="7.4711630">
    <ele>389.3</ele>
   </trkpt>
   <trkpt lat="45.0703770" lon="7.4712280">
    <ele>389.3</ele>
   </trkpt>
   <trkpt lat="45.0703810" lon="7.4712900">
    <ele>389.3</ele>
   </trkpt>
   <trkpt lat="45.0703870" lon="7.4713500">
    <ele>389.3</ele>
   </trkpt>
   <trkpt lat="45.0703860" lon="7.4714100">
    <ele>389.3</ele>
   </trkpt>
   <trkpt lat="45.0703840" lon="7.4714640">
    <ele>389.3</ele>
   </trkpt>
   <trkpt lat="45.0703840" lon="7.4715230">
    <ele>389.3</ele>
   </trkpt>
   <trkpt lat="45.0703870" lon="7.4715880">
    <ele>389.3</ele>
   </trkpt>
   <trkpt lat="45.0703910" lon="7.4716550">
    <ele>389.3</ele>
   </trkpt>
   <trkpt lat="45.0703970" lon="7.4717210">
    <ele>389.3</ele>
   </trkpt>
   <trkpt lat="45.0704010" lon="7.4717830">
    <ele>389.3</ele>
   </trkpt>
   <trkpt lat="45.0704010" lon="7.4718500">
    <ele>389.3</ele>
   </trkpt>
   <trkpt lat="45.0704040" lon="7.4719160">
    <ele>389.4</ele>
   </trkpt>
   <trkpt lat="45.0704120" lon="7.4719850">
    <ele>389.4</ele>
   </trkpt>
   <trkpt lat="45.0704210" lon="7.4720520">
    <ele>389.5</ele>
   </trkpt>
   <trkpt lat="45.0704290" lon="7.4721200">
    <ele>389.6</ele>
   </trkpt>
   <trkpt lat="45.0704350" lon="7.4721910">
    <ele>389.7</ele>
   </trkpt>
   <trkpt lat="45.0704430" lon="7.4722600">
    <ele>389.8</ele>
   </trkpt>
   <trkpt lat="45.0704470" lon="7.4723230">
    <ele>389.8</ele>
   </trkpt>
   <trkpt lat="45.0704510" lon="7.4723830">
    <ele>389.8</ele>
   </trkpt>
   <trkpt lat="45.0704560" lon="7.4724480">
    <ele>389.9</ele>
   </trkpt>
   <trkpt lat="45.0704610" lon="7.4725190">
    <ele>390.0</ele>
   </trkpt>
   <trkpt lat="45.0704660" lon="7.4725870">
    <ele>390.0</ele>
   </trkpt>
   <trkpt lat="45.0704680" lon="7.4726580">
    <ele>390.1</ele>
   </trkpt>
   <trkpt lat="45.0704700" lon="7.4727220">
    <ele>390.1</ele>
   </trkpt>
   <trkpt lat="45.0704700" lon="7.4727850">
    <ele>390.2</ele>
   </trkpt>
   <trkpt lat="45.0704740" lon="7.4728510">
    <ele>390.2</ele>
   </trkpt>
   <trkpt lat="45.0704740" lon="7.4729140">
    <ele>390.2</ele>
   </trkpt>
   <trkpt lat="45.0704800" lon="7.4730520">
    <ele>390.4</ele>
   </trkpt>
   <trkpt lat="45.0704830" lon="7.4731170">
    <ele>390.4</ele>
   </trkpt>
   <trkpt lat="45.0704840" lon="7.4731850">
    <ele>390.5</ele>
   </trkpt>
   <trkpt lat="45.0704820" lon="7.4732580">
    <ele>390.5</ele>
   </trkpt>
   <trkpt lat="45.0704770" lon="7.4733250">
    <ele>390.6</ele>
   </trkpt>
   <trkpt lat="45.0704770" lon="7.4733930">
    <ele>390.6</ele>
   </trkpt>
   <trkpt lat="45.0704780" lon="7.4734620">
    <ele>390.7</ele>
   </trkpt>
   <trkpt lat="45.0704770" lon="7.4735280">
    <ele>390.7</ele>
   </trkpt>
   <trkpt lat="45.0704720" lon="7.4735950">
    <ele>390.8</ele>
   </trkpt>
   <trkpt lat="45.0704640" lon="7.4736660">
    <ele>390.8</ele>
   </trkpt>
   <trkpt lat="45.0704570" lon="7.4737330">
    <ele>390.9</ele>
   </trkpt>
   <trkpt lat="45.0704520" lon="7.4737960">
    <ele>390.9</ele>
   </trkpt>
   <trkpt lat="45.0704470" lon="7.4738620">
    <ele>391.0</ele>
   </trkpt>
   <trkpt lat="45.0704380" lon="7.4739290">
    <ele>391.0</ele>
   </trkpt>
   <trkpt lat="45.0704270" lon="7.4739980">
    <ele>391.0</ele>
   </trkpt>
   <trkpt lat="45.0704160" lon="7.4740660">
    <ele>391.0</ele>
   </trkpt>
   <trkpt lat="45.0704070" lon="7.4741360">
    <ele>391.0</ele>
   </trkpt>
   <trkpt lat="45.0703910" lon="7.4742020">
    <ele>391.0</ele>
   </trkpt>
   <trkpt lat="45.0703740" lon="7.4742730">
    <ele>391.0</ele>
   </trkpt>
   <trkpt lat="45.0703590" lon="7.4743440">
    <ele>391.0</ele>
   </trkpt>
   <trkpt lat="45.0703450" lon="7.4744170">
    <ele>390.9</ele>
   </trkpt>
   <trkpt lat="45.0703300" lon="7.4744960">
    <ele>390.9</ele>
   </trkpt>
   <trkpt lat="45.0703140" lon="7.4745700">
    <ele>390.9</ele>
   </trkpt>
   <trkpt lat="45.0703000" lon="7.4746460">
    <ele>390.9</ele>
   </trkpt>
   <trkpt lat="45.0702880" lon="7.4747250">
    <ele>390.9</ele>
   </trkpt>
   <trkpt lat="45.0702750" lon="7.4748050">
    <ele>390.9</ele>
   </trkpt>
   <trkpt lat="45.0702630" lon="7.4748840">
    <ele>390.8</ele>
   </trkpt>
   <trkpt lat="45.0702550" lon="7.4749610">
    <ele>390.8</ele>
   </trkpt>
   <trkpt lat="45.0702480" lon="7.4750440">
    <ele>390.8</ele>
   </trkpt>
   <trkpt lat="45.0702450" lon="7.4751290">
    <ele>390.8</ele>
   </trkpt>
   <trkpt lat="45.0702470" lon="7.4752120">
    <ele>390.9</ele>
   </trkpt>
   <trkpt lat="45.0702450" lon="7.4752960">
    <ele>390.9</ele>
   </trkpt>
   <trkpt lat="45.0702440" lon="7.4753820">
    <ele>391.0</ele>
   </trkpt>
   <trkpt lat="45.0702470" lon="7.4754690">
    <ele>391.0</ele>
   </trkpt>
   <trkpt lat="45.0702520" lon="7.4755560">
    <ele>391.0</ele>
   </trkpt>
   <trkpt lat="45.0702610" lon="7.4756400">
    <ele>391.0</ele>
   </trkpt>
   <trkpt lat="45.0702690" lon="7.4757230">
    <ele>391.1</ele>
   </trkpt>
   <trkpt lat="45.0702790" lon="7.4758070">
    <ele>391.1</ele>
   </trkpt>
   <trkpt lat="45.0702920" lon="7.4758900">
    <ele>391.2</ele>
   </trkpt>
   <trkpt lat="45.0703110" lon="7.4759720">
    <ele>391.2</ele>
   </trkpt>
   <trkpt lat="45.0703290" lon="7.4760470">
    <ele>391.3</ele>
   </trkpt>
   <trkpt lat="45.0703440" lon="7.4761240">
    <ele>391.4</ele>
   </trkpt>
   <trkpt lat="45.0703600" lon="7.4761990">
    <ele>391.5</ele>
   </trkpt>
   <trkpt lat="45.0703830" lon="7.4762750">
    <ele>391.5</ele>
   </trkpt>
   <trkpt lat="45.0704040" lon="7.4763450">
    <ele>391.6</ele>
   </trkpt>
   <trkpt lat="45.0704260" lon="7.4764150">
    <ele>391.7</ele>
   </trkpt>
   <trkpt lat="45.0704470" lon="7.4764880">
    <ele>391.8</ele>
   </trkpt>
   <trkpt lat="45.0704720" lon="7.4765640">
    <ele>391.9</ele>
   </trkpt>
   <trkpt lat="45.0704940" lon="7.4766430">
    <ele>392.0</ele>
   </trkpt>
   <trkpt lat="45.0705350" lon="7.4767800">
    <ele>392.2</ele>
   </trkpt>
   <trkpt lat="45.0705550" lon="7.4768540">
    <ele>392.2</ele>
   </trkpt>
   <trkpt lat="45.0705740" lon="7.4769250">
    <ele>392.3</ele>
   </trkpt>
   <trkpt lat="45.0705900" lon="7.4770020">
    <ele>392.3</ele>
   </trkpt>
   <trkpt lat="45.0705990" lon="7.4770740">
    <ele>392.4</ele>
   </trkpt>
   <trkpt lat="45.0706100" lon="7.4771480">
    <ele>392.5</ele>
   </trkpt>
   <trkpt lat="45.0706230" lon="7.4772210">
    <ele>392.6</ele>
   </trkpt>
   <trkpt lat="45.0706310" lon="7.4772920">
    <ele>392.7</ele>
   </trkpt>
   <trkpt lat="45.0706380" lon="7.4773680">
    <ele>392.8</ele>
   </trkpt>
   <trkpt lat="45.0706480" lon="7.4774420">
    <ele>392.9</ele>
   </trkpt>
   <trkpt lat="45.0706560" lon="7.4775110">
    <ele>393.0</ele>
   </trkpt>
   <trkpt lat="45.0706660" lon="7.4775790">
    <ele>393.0</ele>
   </trkpt>
   <trkpt lat="45.0706750" lon="7.4776510">
    <ele>393.2</ele>
   </trkpt>
   <trkpt lat="45.0706800" lon="7.4777180">
    <ele>393.3</ele>
   </trkpt>
   <trkpt lat="45.0706850" lon="7.4777820">
    <ele>393.4</ele>
   </trkpt>
   <trkpt lat="45.0706750" lon="7.4778460">
    <ele>393.4</ele>
   </trkpt>
   <trkpt lat="45.0706600" lon="7.4779020">
    <ele>394.1</ele>
   </trkpt>
   <trkpt lat="45.0706380" lon="7.4779400">
    <ele>394.6</ele>
   </trkpt>
   <trkpt lat="45.0706200" lon="7.4779740">
    <ele>395.0</ele>
   </trkpt>
   <trkpt lat="45.0705970" lon="7.4780190">
    <ele>395.5</ele>
   </trkpt>
   <trkpt lat="45.0705890" lon="7.4780350">
    <ele>395.7</ele>
   </trkpt>
   <trkpt lat="45.0705710" lon="7.4780700">
    <ele>396.2</ele>
   </trkpt>
   <trkpt lat="45.0705590" lon="7.4781050">
    <ele>396.6</ele>
   </trkpt>
   <trkpt lat="45.0705330" lon="7.4781480">
    <ele>397.2</ele>
   </trkpt>
   <trkpt lat="45.0705250" lon="7.4781640">
    <ele>397.4</ele>
   </trkpt>
   <trkpt lat="45.0705100" lon="7.4782000">
    <ele>397.9</ele>
   </trkpt>
   <trkpt lat="45.0704900" lon="7.4782450">
    <ele>398.5</ele>
   </trkpt>
   <trkpt lat="45.0704860" lon="7.4782620">
    <ele>398.7</ele>
   </trkpt>
   <trkpt lat="45.0704740" lon="7.4783010">
    <ele>399.2</ele>
   </trkpt>
   <trkpt lat="45.0704610" lon="7.4783370">
    <ele>399.7</ele>
   </trkpt>
   <trkpt lat="45.0704410" lon="7.4783880">
    <ele>400.4</ele>
   </trkpt>
   <trkpt lat="45.0704320" lon="7.4784060">
    <ele>400.6</ele>
   </trkpt>
   <trkpt lat="45.0704150" lon="7.4784360">
    <ele>401.1</ele>
   </trkpt>
   <trkpt lat="45.0703910" lon="7.4784810">
    <ele>401.7</ele>
   </trkpt>
   <trkpt lat="45.0703840" lon="7.4784960">
    <ele>401.9</ele>
   </trkpt>
   <trkpt lat="45.0703700" lon="7.4785490">
    <ele>402.4</ele>
   </trkpt>
   <trkpt lat="45.0703650" lon="7.4785680">
    <ele>402.7</ele>
   </trkpt>
   <trkpt lat="45.0703510" lon="7.4786210">
    <ele>403.2</ele>
   </trkpt>
   <trkpt lat="45.0703460" lon="7.4786380">
    <ele>403.4</ele>
   </trkpt>
   <trkpt lat="45.0703350" lon="7.4786750">
    <ele>403.9</ele>
   </trkpt>
   <trkpt lat="45.0703210" lon="7.4787120">
    <ele>404.3</ele>
   </trkpt>
   <trkpt lat="45.0703060" lon="7.4787530">
    <ele>404.8</ele>
   </trkpt>
   <trkpt lat="45.0702930" lon="7.4788030">
    <ele>405.4</ele>
   </trkpt>
   <trkpt lat="45.0702790" lon="7.4788460">
    <ele>405.9</ele>
   </trkpt>
   <trkpt lat="45.0702650" lon="7.4788840">
    <ele>406.4</ele>
   </trkpt>
   <trkpt lat="45.0702480" lon="7.4789190">
    <ele>406.8</ele>
   </trkpt>
   <trkpt lat="45.0702310" lon="7.4789570">
    <ele>407.4</ele>
   </trkpt>
   <trkpt lat="45.0702180" lon="7.4789850">
    <ele>407.7</ele>
   </trkpt>
   <trkpt lat="45.0702040" lon="7.4790180">
    <ele>408.2</ele>
   </trkpt>
   <trkpt lat="45.0701880" lon="7.4790600">
    <ele>408.7</ele>
   </trkpt>
   <trkpt lat="45.0701740" lon="7.4791070">
    <ele>409.3</ele>
   </trkpt>
   <trkpt lat="45.0701570" lon="7.4791500">
    <ele>409.8</ele>
   </trkpt>
   <trkpt lat="45.0701400" lon="7.4792100">
    <ele>410.6</ele>
   </trkpt>
   <trkpt lat="45.0701330" lon="7.4792360">
    <ele>410.9</ele>
   </trkpt>
   <trkpt lat="45.0701100" lon="7.4793050">
    <ele>411.8</ele>
   </trkpt>
   <trkpt lat="45.0700880" lon="7.4793720">
    <ele>412.7</ele>
   </trkpt>
   <trkpt lat="45.0700740" lon="7.4794180">
    <ele>413.2</ele>
   </trkpt>
   <trkpt lat="45.0700630" lon="7.4794560">
    <ele>413.7</ele>
   </trkpt>
   <trkpt lat="45.0700460" lon="7.4794860">
    <ele>414.1</ele>
   </trkpt>
   <trkpt lat="45.0700270" lon="7.4795250">
    <ele>414.6</ele>
   </trkpt>
   <trkpt lat="45.0700160" lon="7.4795640">
    <ele>415.0</ele>
   </trkpt>
   <trkpt lat="45.0700000" lon="7.4796030">
    <ele>415.5</ele>
   </trkpt>
   <trkpt lat="45.0699870" lon="7.4796470">
    <ele>415.9</ele>
   </trkpt>
   <trkpt lat="45.0699730" lon="7.4796930">
    <ele>416.4</ele>
   </trkpt>
   <trkpt lat="45.0699570" lon="7.4797400">
    <ele>416.7</ele>
   </trkpt>
   <trkpt lat="45.0699380" lon="7.4797870">
    <ele>417.1</ele>
   </trkpt>
   <trkpt lat="45.0699180" lon="7.4798290">
    <ele>417.3</ele>
   </trkpt>
   <trkpt lat="45.0699030" lon="7.4798630">
    <ele>417.5</ele>
   </trkpt>
   <trkpt lat="45.0698760" lon="7.4799180">
    <ele>417.7</ele>
   </trkpt>
   <trkpt lat="45.0698560" lon="7.4799630">
    <ele>417.7</ele>
   </trkpt>
   <trkpt lat="45.0698480" lon="7.4799790">
    <ele>417.7</ele>
   </trkpt>
   <trkpt lat="45.0698280" lon="7.4800200">
    <ele>417.7</ele>
   </trkpt>
   <trkpt lat="45.0698150" lon="7.4800560">
    <ele>417.6</ele>
   </trkpt>
   <trkpt lat="45.0697890" lon="7.4801040">
    <ele>417.4</ele>
   </trkpt>
   <trkpt lat="45.0697770" lon="7.4801220">
    <ele>417.4</ele>
   </trkpt>
   <trkpt lat="45.0697540" lon="7.4801650">
    <ele>417.1</ele>
   </trkpt>
   <trkpt lat="45.0697330" lon="7.4802070">
    <ele>416.9</ele>
   </trkpt>
   <trkpt lat="45.0697170" lon="7.4802560">
    <ele>416.7</ele>
   </trkpt>
   <trkpt lat="45.0697060" lon="7.4803210">
    <ele>416.4</ele>
   </trkpt>
   <trkpt lat="45.0696920" lon="7.4803820">
    <ele>416.1</ele>
   </trkpt>
   <trkpt lat="45.0696760" lon="7.4804440">
    <ele>415.8</ele>
   </trkpt>
   <trkpt lat="45.0696580" lon="7.4804980">
    <ele>415.6</ele>
   </trkpt>
   <trkpt lat="45.0696370" lon="7.4805620">
    <ele>415.3</ele>
   </trkpt>
   <trkpt lat="45.0696370" lon="7.4806290">
    <ele>415.0</ele>
   </trkpt>
   <trkpt lat="45.0696150" lon="7.4806810">
    <ele>414.8</ele>
   </trkpt>
   <trkpt lat="45.0695890" lon="7.4807440">
    <ele>414.5</ele>
   </trkpt>
   <trkpt lat="45.0695750" lon="7.4807830">
    <ele>414.3</ele>
   </trkpt>
   <trkpt lat="45.0695650" lon="7.4808310">
    <ele>414.1</ele>
   </trkpt>
   <trkpt lat="45.0695470" lon="7.4808920">
    <ele>413.8</ele>
   </trkpt>
   <trkpt lat="45.0695310" lon="7.4809490">
    <ele>413.6</ele>
   </trkpt>
   <trkpt lat="45.0695230" lon="7.4810100">
    <ele>413.3</ele>
   </trkpt>
   <trkpt lat="45.0695100" lon="7.4810730">
    <ele>412.9</ele>
   </trkpt>
   <trkpt lat="45.0694930" lon="7.4811420">
    <ele>412.5</ele>
   </trkpt>
   <trkpt lat="45.0694590" lon="7.4812800">
    <ele>411.7</ele>
   </trkpt>
   <trkpt lat="45.0694470" lon="7.4813560">
    <ele>411.3</ele>
   </trkpt>
   <trkpt lat="45.0694360" lon="7.4814330">
    <ele>410.8</ele>
   </trkpt>
   <trkpt lat="45.0694280" lon="7.4815160">
    <ele>410.3</ele>
   </trkpt>
   <trkpt lat="45.0694190" lon="7.4816100">
    <ele>409.6</ele>
   </trkpt>
   <trkpt lat="45.0694070" lon="7.4817060">
    <ele>409.0</ele>
   </trkpt>
   <trkpt lat="45.0693900" lon="7.4818100">
    <ele>408.4</ele>
   </trkpt>
   <trkpt lat="45.0693750" lon="7.4819220">
    <ele>407.8</ele>
   </trkpt>
   <trkpt lat="45.0693600" lon="7.4820430">
    <ele>407.3</ele>
   </trkpt>
   <trkpt lat="45.0693460" lon="7.4821650">
    <ele>406.9</ele>
   </trkpt>
   <trkpt lat="45.0693350" lon="7.4822820">
    <ele>406.6</ele>
   </trkpt>
   <trkpt lat="45.0693250" lon="7.4823990">
    <ele>406.4</ele>
   </trkpt>
   <trkpt lat="45.0693230" lon="7.4825060">
    <ele>406.3</ele>
   </trkpt>
   <trkpt lat="45.0693280" lon="7.4826110">
    <ele>406.2</ele>
   </trkpt>
   <trkpt lat="45.0693370" lon="7.4827150">
    <ele>406.1</ele>
   </trkpt>
   <trkpt lat="45.0693470" lon="7.4828170">
    <ele>406.1</ele>
   </trkpt>
   <trkpt lat="45.0693570" lon="7.4829040">
    <ele>406.0</ele>
   </trkpt>
   <trkpt lat="45.0693620" lon="7.4829800">
    <ele>405.9</ele>
   </trkpt>
   <trkpt lat="45.0693570" lon="7.4830540">
    <ele>405.8</ele>
   </trkpt>
   <trkpt lat="45.0693530" lon="7.4831360">
    <ele>405.6</ele>
   </trkpt>
   <trkpt lat="45.0693440" lon="7.4832200">
    <ele>405.4</ele>
   </trkpt>
   <trkpt lat="45.0693360" lon="7.4833110">
    <ele>405.1</ele>
   </trkpt>
   <trkpt lat="45.0693230" lon="7.4834010">
    <ele>404.9</ele>
   </trkpt>
   <trkpt lat="45.0693010" lon="7.4834910">
    <ele>404.6</ele>
   </trkpt>
   <trkpt lat="45.0692790" lon="7.4835800">
    <ele>404.3</ele>
   </trkpt>
   <trkpt lat="45.0692580" lon="7.4836740">
    <ele>404.0</ele>
   </trkpt>
   <trkpt lat="45.0692390" lon="7.4837690">
    <ele>403.7</ele>
   </trkpt>
   <trkpt lat="45.0692130" lon="7.4838650">
    <ele>403.4</ele>
   </trkpt>
   <trkpt lat="45.0691840" lon="7.4839650">
    <ele>403.1</ele>
   </trkpt>
   <trkpt lat="45.0691510" lon="7.4840610">
    <ele>402.8</ele>
   </trkpt>
   <trkpt lat="45.0691170" lon="7.4841510">
    <ele>402.6</ele>
   </trkpt>
   <trkpt lat="45.0690910" lon="7.4842450">
    <ele>402.4</ele>
   </trkpt>
   <trkpt lat="45.0690710" lon="7.4843320">
    <ele>402.3</ele>
   </trkpt>
   <trkpt lat="45.0690430" lon="7.4844070">
    <ele>402.2</ele>
   </trkpt>
   <trkpt lat="45.0690090" lon="7.4844700">
    <ele>402.1</ele>
   </trkpt>
   <trkpt lat="45.0689740" lon="7.4845270">
    <ele>401.9</ele>
   </trkpt>
   <trkpt lat="45.0689450" lon="7.4845770">
    <ele>401.8</ele>
   </trkpt>
   <trkpt lat="45.0689100" lon="7.4846200">
    <ele>401.6</ele>
   </trkpt>
   <trkpt lat="45.0688780" lon="7.4846760">
    <ele>401.4</ele>
   </trkpt>
   <trkpt lat="45.0688620" lon="7.4847370">
    <ele>401.2</ele>
   </trkpt>
   <trkpt lat="45.0688530" lon="7.4848010">
    <ele>401.0</ele>
   </trkpt>
   <trkpt lat="45.0688420" lon="7.4848680">
    <ele>400.8</ele>
   </trkpt>
   <trkpt lat="45.0688290" lon="7.4849450">
    <ele>400.5</ele>
   </trkpt>
   <trkpt lat="45.0688180" lon="7.4850330">
    <ele>400.2</ele>
   </trkpt>
   <trkpt lat="45.0688030" lon="7.4851270">
    <ele>399.9</ele>
   </trkpt>
   <trkpt lat="45.0687890" lon="7.4852280">
    <ele>399.6</ele>
   </trkpt>
   <trkpt lat="45.0687780" lon="7.4853150">
    <ele>399.4</ele>
   </trkpt>
   <trkpt lat="45.0687720" lon="7.4854130">
    <ele>399.1</ele>
   </trkpt>
   <trkpt lat="45.0687720" lon="7.4855150">
    <ele>398.9</ele>
   </trkpt>
   <trkpt lat="45.0687710" lon="7.4856110">
    <ele>398.7</ele>
   </trkpt>
   <trkpt lat="45.0687660" lon="7.4857110">
    <ele>398.6</ele>
   </trkpt>
   <trkpt lat="45.0687620" lon="7.4858090">
    <ele>398.4</ele>
   </trkpt>
   <trkpt lat="45.0687530" lon="7.4859050">
    <ele>398.3</ele>
   </trkpt>
   <trkpt lat="45.0687450" lon="7.4860030">
    <ele>398.1</ele>
   </trkpt>
   <trkpt lat="45.0687330" lon="7.4860940">
    <ele>398.0</ele>
   </trkpt>
   <trkpt lat="45.0687240" lon="7.4861840">
    <ele>397.9</ele>
   </trkpt>
   <trkpt lat="45.0687110" lon="7.4862730">
    <ele>397.8</ele>
   </trkpt>
   <trkpt lat="45.0687020" lon="7.4863670">
    <ele>397.7</ele>
   </trkpt>
   <trkpt lat="45.0686850" lon="7.4864610">
    <ele>397.6</ele>
   </trkpt>
   <trkpt lat="45.0686780" lon="7.4865500">
    <ele>397.5</ele>
   </trkpt>
   <trkpt lat="45.0686660" lon="7.4866370">
    <ele>397.4</ele>
   </trkpt>
   <trkpt lat="45.0686540" lon="7.4867230">
    <ele>397.3</ele>
   </trkpt>
   <trkpt lat="45.0686400" lon="7.4868090">
    <ele>397.3</ele>
   </trkpt>
   <trkpt lat="45.0686270" lon="7.4868940">
    <ele>397.2</ele>
   </trkpt>
   <trkpt lat="45.0686130" lon="7.4869760">
    <ele>397.1</ele>
   </trkpt>
   <trkpt lat="45.0686040" lon="7.4870550">
    <ele>397.1</ele>
   </trkpt>
   <trkpt lat="45.0685910" lon="7.4871320">
    <ele>397.0</ele>
   </trkpt>
   <trkpt lat="45.0685790" lon="7.4872060">
    <ele>397.0</ele>
   </trkpt>
   <trkpt lat="45.0685660" lon="7.4872780">
    <ele>396.9</ele>
   </trkpt>
   <trkpt lat="45.0685490" lon="7.4873450">
    <ele>396.9</ele>
   </trkpt>
   <trkpt lat="45.0685350" lon="7.4874150">
    <ele>396.9</ele>
   </trkpt>
   <trkpt lat="45.0685230" lon="7.4874880">
    <ele>396.9</ele>
   </trkpt>
   <trkpt lat="45.0685120" lon="7.4875550">
    <ele>396.9</ele>
   </trkpt>
   <trkpt lat="45.0684990" lon="7.4876210">
    <ele>396.9</ele>
   </trkpt>
   <trkpt lat="45.0684850" lon="7.4876870">
    <ele>396.9</ele>
   </trkpt>
   <trkpt lat="45.0684710" lon="7.4877550">
    <ele>396.8</ele>
   </trkpt>
   <trkpt lat="45.0684630" lon="7.4878210">
    <ele>396.8</ele>
   </trkpt>
   <trkpt lat="45.0684540" lon="7.4878920">
    <ele>396.8</ele>
   </trkpt>
   <trkpt lat="45.0684460" lon="7.4879550">
    <ele>396.9</ele>
   </trkpt>
   <trkpt lat="45.0684410" lon="7.4880140">
    <ele>396.9</ele>
   </trkpt>
   <trkpt lat="45.0684430" lon="7.4880700">
    <ele>396.9</ele>
   </trkpt>
   <trkpt lat="45.0684580" lon="7.4881210">
    <ele>396.9</ele>
   </trkpt>
   <trkpt lat="45.0684760" lon="7.4881580">
    <ele>396.9</ele>
   </trkpt>
   <trkpt lat="45.0685000" lon="7.4881840">
    <ele>396.9</ele>
   </trkpt>
   <trkpt lat="45.0685270" lon="7.4882010">
    <ele>396.8</ele>
   </trkpt>
   <trkpt lat="45.0685630" lon="7.4882110">
    <ele>396.8</ele>
   </trkpt>
   <trkpt lat="45.0685740" lon="7.4882120">
    <ele>396.8</ele>
   </trkpt>
   <trkpt lat="45.0685860" lon="7.4882040">
    <ele>396.8</ele>
   </trkpt>
   <trkpt lat="45.0685820" lon="7.4881990">
    <ele>396.8</ele>
   </trkpt>
   <trkpt lat="45.0685800" lon="7.4881980">
    <ele>396.8</ele>
   </trkpt>
   <trkpt lat="45.0685800" lon="7.4881980">
    <ele>396.8</ele>
   </trkpt>
   <trkpt lat="45.0685800" lon="7.4881980">
    <ele>396.8</ele>
   </trkpt>
   <trkpt lat="45.0685800" lon="7.4881980">
    <ele>396.8</ele>
   </trkpt>
   <trkpt lat="45.0685840" lon="7.4881930">
    <ele>396.8</ele>
   </trkpt>
   <trkpt lat="45.0685950" lon="7.4881910">
    <ele>396.8</ele>
   </trkpt>
   <trkpt lat="45.0686000" lon="7.4881870">
    <ele>396.8</ele>
   </trkpt>
   <trkpt lat="45.0686040" lon="7.4881850">
    <ele>396.8</ele>
   </trkpt>
   <trkpt lat="45.0686080" lon="7.4881910">
    <ele>396.8</ele>
   </trkpt>
   <trkpt lat="45.0686100" lon="7.4881930">
    <ele>396.8</ele>
   </trkpt>
   <trkpt lat="45.0686100" lon="7.4881870">
    <ele>396.8</ele>
   </trkpt>
   <trkpt lat="45.0686090" lon="7.4881860">
    <ele>396.8</ele>
   </trkpt>
   <trkpt lat="45.0686080" lon="7.4881860">
    <ele>396.8</ele>
   </trkpt>
   <trkpt lat="45.0686080" lon="7.4881850">
    <ele>396.8</ele>
   </trkpt>
   <trkpt lat="45.0686080" lon="7.4881850">
    <ele>396.8</ele>
   </trkpt>
   <trkpt lat="45.0686080" lon="7.4881850">
    <ele>396.8</ele>
   </trkpt>
   <trkpt lat="45.0686080" lon="7.4881850">
    <ele>396.8</ele>
   </trkpt>
   <trkpt lat="45.0686080" lon="7.4881850">
    <ele>396.8</ele>
   </trkpt>
   <trkpt lat="45.0686080" lon="7.4881850">
    <ele>396.8</ele>
   </trkpt>
   <trkpt lat="45.0686080" lon="7.4881850">
    <ele>396.8</ele>
   </trkpt>
   <trkpt lat="45.0685820" lon="7.4882290">
    <ele>396.7</ele>
   </trkpt>
   <trkpt lat="45.0685770" lon="7.4882300">
    <ele>396.7</ele>
   </trkpt>
   <trkpt lat="45.0685770" lon="7.4882280">
    <ele>396.7</ele>
   </trkpt>
   <trkpt lat="45.0685770" lon="7.4882270">
    <ele>396.7</ele>
   </trkpt>
   <trkpt lat="45.0685770" lon="7.4882270">
    <ele>396.7</ele>
   </trkpt>
   <trkpt lat="45.0685770" lon="7.4882260">
    <ele>396.7</ele>
   </trkpt>
   <trkpt lat="45.0685770" lon="7.4882260">
    <ele>396.7</ele>
   </trkpt>
   <trkpt lat="45.0685770" lon="7.4882260">
    <ele>396.7</ele>
   </trkpt>
   <trkpt lat="45.0685770" lon="7.4882260">
    <ele>396.7</ele>
   </trkpt>
   <trkpt lat="45.0685770" lon="7.4882260">
    <ele>396.7</ele>
   </trkpt>
   <trkpt lat="45.0685770" lon="7.4882260">
    <ele>396.7</ele>
   </trkpt>
   <trkpt lat="45.0685770" lon="7.4882260">
    <ele>396.7</ele>
   </trkpt>
   <trkpt lat="45.0685770" lon="7.4882260">
    <ele>396.7</ele>
   </trkpt>
   <trkpt lat="45.0685770" lon="7.4882260">
    <ele>396.7</ele>
   </trkpt>
   <trkpt lat="45.0686110" lon="7.4882270">
    <ele>396.7</ele>
   </trkpt>
   <trkpt lat="45.0686220" lon="7.4882340">
    <ele>396.7</ele>
   </trkpt>
   <trkpt lat="45.0686390" lon="7.4882450">
    <ele>396.7</ele>
   </trkpt>
   <trkpt lat="45.0686760" lon="7.4882530">
    <ele>396.6</ele>
   </trkpt>
   <trkpt lat="45.0686880" lon="7.4882550">
    <ele>396.6</ele>
   </trkpt>
   <trkpt lat="45.0687280" lon="7.4882580">
    <ele>396.6</ele>
   </trkpt>
   <trkpt lat="45.0687410" lon="7.4882620">
    <ele>396.6</ele>
   </trkpt>
   <trkpt lat="45.0687720" lon="7.4882760">
    <ele>396.5</ele>
   </trkpt>
   <trkpt lat="45.0688070" lon="7.4882870">
    <ele>396.5</ele>
   </trkpt>
   <trkpt lat="45.0688460" lon="7.4883020">
    <ele>396.4</ele>
   </trkpt>
   <trkpt lat="45.0688960" lon="7.4883050">
    <ele>396.4</ele>
   </trkpt>
   <trkpt lat="45.0689320" lon="7.4883130">
    <ele>396.3</ele>
   </trkpt>
   <trkpt lat="45.0689780" lon="7.4883350">
    <ele>396.3</ele>
   </trkpt>
   <trkpt lat="45.0690240" lon="7.4883680">
    <ele>396.2</ele>
   </trkpt>
   <trkpt lat="45.0690670" lon="7.4883990">
    <ele>396.1</ele>
   </trkpt>
   <trkpt lat="45.0691080" lon="7.4884310">
    <ele>396.0</ele>
   </trkpt>
   <trkpt lat="45.0691540" lon="7.4884660">
    <ele>395.9</ele>
   </trkpt>
   <trkpt lat="45.0692030" lon="7.4885010">
    <ele>395.8</ele>
   </trkpt>
   <trkpt lat="45.0692500" lon="7.4885380">
    <ele>395.6</ele>
   </trkpt>
   <trkpt lat="45.0692950" lon="7.4885790">
    <ele>395.5</ele>
   </trkpt>
   <trkpt lat="45.0693380" lon="7.4886260">
    <ele>395.4</ele>
   </trkpt>
   <trkpt lat="45.0693780" lon="7.4886650">
    <ele>395.3</ele>
   </trkpt>
   <trkpt lat="45.0694220" lon="7.4887030">
    <ele>395.2</ele>
   </trkpt>
   <trkpt lat="45.0694740" lon="7.4887380">
    <ele>395.1</ele>
   </trkpt>
   <trkpt lat="45.0695310" lon="7.4887780">
    <ele>395.0</ele>
   </trkpt>
   <trkpt lat="45.0695730" lon="7.4888150">
    <ele>394.9</ele>
   </trkpt>
   <trkpt lat="45.0696300" lon="7.4888730">
    <ele>394.8</ele>
   </trkpt>
   <trkpt lat="45.0696750" lon="7.4889230">
    <ele>394.7</ele>
   </trkpt>
   <trkpt lat="45.0697160" lon="7.4889850">
    <ele>394.7</ele>
   </trkpt>
   <trkpt lat="45.0697470" lon="7.4890600">
    <ele>394.6</ele>
   </trkpt>
   <trkpt lat="45.0697720" lon="7.4891430">
    <ele>394.5</ele>
   </trkpt>
   <trkpt lat="45.0697900" lon="7.4892300">
    <ele>394.4</ele>
   </trkpt>
   <trkpt lat="45.0698030" lon="7.4893170">
    <ele>394.3</ele>
   </trkpt>
   <trkpt lat="45.0698190" lon="7.4894010">
    <ele>394.3</ele>
   </trkpt>
   <trkpt lat="45.0698320" lon="7.4894960">
    <ele>394.2</ele>
   </trkpt>
   <trkpt lat="45.0698480" lon="7.4895940">
    <ele>394.1</ele>
   </trkpt>
   <trkpt lat="45.0698570" lon="7.4896900">
    <ele>394.1</ele>
   </trkpt>
   <trkpt lat="45.0698560" lon="7.4897920">
    <ele>394.0</ele>
   </trkpt>
   <trkpt lat="45.0698600" lon="7.4898810">
    <ele>394.0</ele>
   </trkpt>
   <trkpt lat="45.0698700" lon="7.4899700">
    <ele>393.9</ele>
   </trkpt>
   <trkpt lat="45.0698740" lon="7.4900540">
    <ele>393.9</ele>
   </trkpt>
   <trkpt lat="45.0698580" lon="7.4901480">
    <ele>393.8</ele>
   </trkpt>
   <trkpt lat="45.0698590" lon="7.4902240">
    <ele>393.8</ele>
   </trkpt>
   <trkpt lat="45.0698540" lon="7.4903320">
    <ele>393.8</ele>
   </trkpt>
   <trkpt lat="45.0698410" lon="7.4904270">
    <ele>393.9</ele>
   </trkpt>
   <trkpt lat="45.0698240" lon="7.4905390">
    <ele>393.9</ele>
   </trkpt>
   <trkpt lat="45.0698090" lon="7.4906410">
    <ele>393.9</ele>
   </trkpt>
   <trkpt lat="45.0697940" lon="7.4907250">
    <ele>394.0</ele>
   </trkpt>
   <trkpt lat="45.0697820" lon="7.4908240">
    <ele>394.1</ele>
   </trkpt>
   <trkpt lat="45.0697710" lon="7.4909140">
    <ele>394.1</ele>
   </trkpt>
   <trkpt lat="45.0697500" lon="7.4910040">
    <ele>394.2</ele>
   </trkpt>
   <trkpt lat="45.0697290" lon="7.4910940">
    <ele>394.3</ele>
   </trkpt>
   <trkpt lat="45.0697100" lon="7.4911830">
    <ele>394.4</ele>
   </trkpt>
   <trkpt lat="45.0696880" lon="7.4912700">
    <ele>394.5</ele>
   </trkpt>
   <trkpt lat="45.0696570" lon="7.4913560">
    <ele>394.5</ele>
   </trkpt>
   <trkpt lat="45.0696300" lon="7.4914470">
    <ele>394.6</ele>
   </trkpt>
   <trkpt lat="45.0696020" lon="7.4915210">
    <ele>394.7</ele>
   </trkpt>
   <trkpt lat="45.0695760" lon="7.4915950">
    <ele>394.8</ele>
   </trkpt>
   <trkpt lat="45.0695490" lon="7.4916690">
    <ele>394.8</ele>
   </trkpt>
   <trkpt lat="45.0695240" lon="7.4917440">
    <ele>394.9</ele>
   </trkpt>
   <trkpt lat="45.0694970" lon="7.4918080">
    <ele>394.9</ele>
   </trkpt>
   <trkpt lat="45.0694690" lon="7.4918730">
    <ele>394.9</ele>
   </trkpt>
   <trkpt lat="45.0694440" lon="7.4919340">
    <ele>394.9</ele>
   </trkpt>
   <trkpt lat="45.0694250" lon="7.4919970">
    <ele>394.9</ele>
   </trkpt>
   <trkpt lat="45.0694100" lon="7.4920570">
    <ele>394.9</ele>
   </trkpt>
   <trkpt lat="45.0693960" lon="7.4921240">
    <ele>394.9</ele>
   </trkpt>
   <trkpt lat="45.0693890" lon="7.4921930">
    <ele>394.9</ele>
   </trkpt>
   <trkpt lat="45.0693830" lon="7.4922640">
    <ele>394.8</ele>
   </trkpt>
   <trkpt lat="45.0693850" lon="7.4923310">
    <ele>394.8</ele>
   </trkpt>
   <trkpt lat="45.0693830" lon="7.4924020">
    <ele>394.7</ele>
   </trkpt>
   <trkpt lat="45.0693830" lon="7.4924770">
    <ele>394.6</ele>
   </trkpt>
   <trkpt lat="45.0693730" lon="7.4925410">
    <ele>394.5</ele>
   </trkpt>
   <trkpt lat="45.0693660" lon="7.4926140">
    <ele>394.4</ele>
   </trkpt>
   <trkpt lat="45.0693530" lon="7.4926950">
    <ele>394.3</ele>
   </trkpt>
   <trkpt lat="45.0693320" lon="7.4927770">
    <ele>394.2</ele>
   </trkpt>
   <trkpt lat="45.0693230" lon="7.4928500">
    <ele>394.1</ele>
   </trkpt>
   <trkpt lat="45.0693110" lon="7.4929230">
    <ele>394.1</ele>
   </trkpt>
   <trkpt lat="45.0693050" lon="7.4930060">
    <ele>394.0</ele>
   </trkpt>
   <trkpt lat="45.0693010" lon="7.4930820">
    <ele>393.9</ele>
   </trkpt>
   <trkpt lat="45.0692880" lon="7.4931570">
    <ele>393.9</ele>
   </trkpt>
   <trkpt lat="45.0692660" lon="7.4932240">
    <ele>393.9</ele>
   </trkpt>
   <trkpt lat="45.0692400" lon="7.4932860">
    <ele>393.9</ele>
   </trkpt>
   <trkpt lat="45.0692180" lon="7.4933530">
    <ele>393.9</ele>
   </trkpt>
   <trkpt lat="45.0691850" lon="7.4934780">
    <ele>393.9</ele>
   </trkpt>
   <trkpt lat="45.0691760" lon="7.4935430">
    <ele>393.9</ele>
   </trkpt>
   <trkpt lat="45.0691700" lon="7.4936090">
    <ele>393.9</ele>
   </trkpt>
   <trkpt lat="45.0691690" lon="7.4936730">
    <ele>393.9</ele>
   </trkpt>
   <trkpt lat="45.0691610" lon="7.4937360">
    <ele>393.9</ele>
   </trkpt>
   <trkpt lat="45.0691510" lon="7.4938070">
    <ele>393.9</ele>
   </trkpt>
   <trkpt lat="45.0691410" lon="7.4938760">
    <ele>393.9</ele>
   </trkpt>
   <trkpt lat="45.0691320" lon="7.4939480">
    <ele>393.9</ele>
   </trkpt>
   <trkpt lat="45.0691240" lon="7.4940200">
    <ele>393.9</ele>
   </trkpt>
   <trkpt lat="45.0691120" lon="7.4940930">
    <ele>393.9</ele>
   </trkpt>
   <trkpt lat="45.0690960" lon="7.4941710">
    <ele>394.0</ele>
   </trkpt>
   <trkpt lat="45.0690840" lon="7.4942420">
    <ele>394.0</ele>
   </trkpt>
   <trkpt lat="45.0690630" lon="7.4943930">
    <ele>394.1</ele>
   </trkpt>
   <trkpt lat="45.0690580" lon="7.4944660">
    <ele>394.1</ele>
   </trkpt>
   <trkpt lat="45.0690500" lon="7.4945410">
    <ele>394.1</ele>
   </trkpt>
   <trkpt lat="45.0690460" lon="7.4946170">
    <ele>394.1</ele>
   </trkpt>
   <trkpt lat="45.0690440" lon="7.4946970">
    <ele>394.0</ele>
   </trkpt>
   <trkpt lat="45.0690490" lon="7.4947770">
    <ele>394.0</ele>
   </trkpt>
   <trkpt lat="45.0690560" lon="7.4948600">
    <ele>393.9</ele>
   </trkpt>
   <trkpt lat="45.0690530" lon="7.4949470">
    <ele>393.8</ele>
   </trkpt>
   <trkpt lat="45.0690520" lon="7.4950300">
    <ele>393.7</ele>
   </trkpt>
   <trkpt lat="45.0690470" lon="7.4951120">
    <ele>393.6</ele>
   </trkpt>
   <trkpt lat="45.0690440" lon="7.4951960">
    <ele>393.6</ele>
   </trkpt>
   <trkpt lat="45.0690390" lon="7.4952760">
    <ele>393.5</ele>
   </trkpt>
   <trkpt lat="45.0690350" lon="7.4953560">
    <ele>393.4</ele>
   </trkpt>
   <trkpt lat="45.0690310" lon="7.4954370">
    <ele>393.3</ele>
   </trkpt>
   <trkpt lat="45.0690310" lon="7.4955160">
    <ele>393.2</ele>
   </trkpt>
   <trkpt lat="45.0690300" lon="7.4955920">
    <ele>393.1</ele>
   </trkpt>
   <trkpt lat="45.0690280" lon="7.4956720">
    <ele>393.1</ele>
   </trkpt>
   <trkpt lat="45.0690310" lon="7.4957530">
    <ele>393.0</ele>
   </trkpt>
   <trkpt lat="45.0690350" lon="7.4958290">
    <ele>392.9</ele>
   </trkpt>
   <trkpt lat="45.0690410" lon="7.4959030">
    <ele>392.8</ele>
   </trkpt>
   <trkpt lat="45.0690490" lon="7.4959760">
    <ele>392.7</ele>
   </trkpt>
   <trkpt lat="45.0690620" lon="7.4960510">
    <ele>392.7</ele>
   </trkpt>
   <trkpt lat="45.0690750" lon="7.4961230">
    <ele>392.6</ele>
   </trkpt>
   <trkpt lat="45.0690910" lon="7.4961950">
    <ele>392.5</ele>
   </trkpt>
   <trkpt lat="45.0691100" lon="7.4962620">
    <ele>392.4</ele>
   </trkpt>
   <trkpt lat="45.0691250" lon="7.4963290">
    <ele>392.3</ele>
   </trkpt>
   <trkpt lat="45.0691410" lon="7.4963940">
    <ele>392.2</ele>
   </trkpt>
   <trkpt lat="45.0691520" lon="7.4964590">
    <ele>392.2</ele>
   </trkpt>
   <trkpt lat="45.0691640" lon="7.4965200">
    <ele>392.1</ele>
   </trkpt>
   <trkpt lat="45.0691780" lon="7.4965790">
    <ele>392.0</ele>
   </trkpt>
   <trkpt lat="45.0691940" lon="7.4966400">
    <ele>391.9</ele>
   </trkpt>
   <trkpt lat="45.0692040" lon="7.4966820">
    <ele>391.8</ele>
   </trkpt>
   <trkpt lat="45.0692260" lon="7.4967420">
    <ele>391.8</ele>
   </trkpt>
   <trkpt lat="45.0692400" lon="7.4967910">
    <ele>391.7</ele>
   </trkpt>
   <trkpt lat="45.0692400" lon="7.4968500">
    <ele>391.6</ele>
   </trkpt>
   <trkpt lat="45.0692490" lon="7.4969050">
    <ele>391.6</ele>
   </trkpt>
   <trkpt lat="45.0692520" lon="7.4969280">
    <ele>391.6</ele>
   </trkpt>
   <trkpt lat="45.0692510" lon="7.4969860">
    <ele>391.7</ele>
   </trkpt>
   <trkpt lat="45.0692550" lon="7.4970450">
    <ele>391.8</ele>
   </trkpt>
   <trkpt lat="45.0692460" lon="7.4971150">
    <ele>391.9</ele>
   </trkpt>
   <trkpt lat="45.0692360" lon="7.4971700">
    <ele>392.1</ele>
   </trkpt>
   <trkpt lat="45.0692250" lon="7.4972120">
    <ele>392.2</ele>
   </trkpt>
   <trkpt lat="45.0692150" lon="7.4972530">
    <ele>392.3</ele>
   </trkpt>
   <trkpt lat="45.0692100" lon="7.4972950">
    <ele>392.4</ele>
   </trkpt>
   <trkpt lat="45.0692070" lon="7.4973410">
    <ele>392.6</ele>
   </trkpt>
   <trkpt lat="45.0692000" lon="7.4973870">
    <ele>392.7</ele>
   </trkpt>
   <trkpt lat="45.0691970" lon="7.4974340">
    <ele>392.9</ele>
   </trkpt>
   <trkpt lat="45.0691920" lon="7.4974750">
    <ele>393.0</ele>
   </trkpt>
   <trkpt lat="45.0691790" lon="7.4975270">
    <ele>393.2</ele>
   </trkpt>
   <trkpt lat="45.0691730" lon="7.4975440">
    <ele>393.3</ele>
   </trkpt>
   <trkpt lat="45.0691590" lon="7.4975930">
    <ele>393.5</ele>
   </trkpt>
   <trkpt lat="45.0691540" lon="7.4976130">
    <ele>393.5</ele>
   </trkpt>
   <trkpt lat="45.0691460" lon="7.4976570">
    <ele>393.7</ele>
   </trkpt>
   <trkpt lat="45.0691330" lon="7.4977090">
    <ele>393.8</ele>
   </trkpt>
   <trkpt lat="45.0691190" lon="7.4977540">
    <ele>394.0</ele>
   </trkpt>
   <trkpt lat="45.0691100" lon="7.4978010">
    <ele>394.1</ele>
   </trkpt>
   <trkpt lat="45.0691010" lon="7.4978480">
    <ele>394.2</ele>
   </trkpt>
   <trkpt lat="45.0690930" lon="7.4978980">
    <ele>394.3</ele>
   </trkpt>
   <trkpt lat="45.0690880" lon="7.4979490">
    <ele>394.4</ele>
   </trkpt>
   <trkpt lat="45.0690850" lon="7.4979970">
    <ele>394.5</ele>
   </trkpt>
   <trkpt lat="45.0690860" lon="7.4980260">
    <ele>394.6</ele>
   </trkpt>
   <trkpt lat="45.0690890" lon="7.4980390">
    <ele>394.6</ele>
   </trkpt>
   <trkpt lat="45.0690960" lon="7.4980590">
    <ele>394.6</ele>
   </trkpt>
   <trkpt lat="45.0690990" lon="7.4980880">
    <ele>394.7</ele>
   </trkpt>
   <trkpt lat="45.0691000" lon="7.4981270">
    <ele>394.7</ele>
   </trkpt>
   <trkpt lat="45.0691010" lon="7.4981660">
    <ele>394.8</ele>
   </trkpt>
   <trkpt lat="45.0690990" lon="7.4982280">
    <ele>394.8</ele>
   </trkpt>
   <trkpt lat="45.0690950" lon="7.4982810">
    <ele>394.9</ele>
   </trkpt>
   <trkpt lat="45.0690770" lon="7.4983810">
    <ele>395.0</ele>
   </trkpt>
   <trkpt lat="45.0690720" lon="7.4984610">
    <ele>395.1</ele>
   </trkpt>
   <trkpt lat="45.0690690" lon="7.4985400">
    <ele>395.2</ele>
   </trkpt>
   <trkpt lat="45.0690720" lon="7.4986120">
    <ele>395.3</ele>
   </trkpt>
   <trkpt lat="45.0690750" lon="7.4986880">
    <ele>395.4</ele>
   </trkpt>
   <trkpt lat="45.0690770" lon="7.4987650">
    <ele>395.5</ele>
   </trkpt>
   <trkpt lat="45.0690860" lon="7.4988370">
    <ele>395.6</ele>
   </trkpt>
   <trkpt lat="45.0690910" lon="7.4989110">
    <ele>395.7</ele>
   </trkpt>
   <trkpt lat="45.0690970" lon="7.4989820">
    <ele>395.7</ele>
   </trkpt>
   <trkpt lat="45.0691080" lon="7.4990480">
    <ele>395.8</ele>
   </trkpt>
   <trkpt lat="45.0691160" lon="7.4991110">
    <ele>395.9</ele>
   </trkpt>
   <trkpt lat="45.0691210" lon="7.4991750">
    <ele>396.0</ele>
   </trkpt>
   <trkpt lat="45.0691270" lon="7.4992420">
    <ele>396.0</ele>
   </trkpt>
   <trkpt lat="45.0691330" lon="7.4993080">
    <ele>396.1</ele>
   </trkpt>
   <trkpt lat="45.0691390" lon="7.4993780">
    <ele>396.1</ele>
   </trkpt>
   <trkpt lat="45.0691460" lon="7.4994460">
    <ele>396.1</ele>
   </trkpt>
   <trkpt lat="45.0691580" lon="7.4995110">
    <ele>396.1</ele>
   </trkpt>
   <trkpt lat="45.0691740" lon="7.4995690">
    <ele>396.2</ele>
   </trkpt>
   <trkpt lat="45.0691890" lon="7.4996230">
    <ele>396.2</ele>
   </trkpt>
   <trkpt lat="45.0691980" lon="7.4996760">
    <ele>396.2</ele>
   </trkpt>
   <trkpt lat="45.0692060" lon="7.4997320">
    <ele>396.2</ele>
   </trkpt>
   <trkpt lat="45.0692110" lon="7.4997890">
    <ele>396.2</ele>
   </trkpt>
   <trkpt lat="45.0692280" lon="7.4999040">
    <ele>396.2</ele>
   </trkpt>
   <trkpt lat="45.0692350" lon="7.4999640">
    <ele>396.2</ele>
   </trkpt>
   <trkpt lat="45.0692420" lon="7.5000260">
    <ele>396.2</ele>
   </trkpt>
   <trkpt lat="45.0692530" lon="7.5000850">
    <ele>396.3</ele>
   </trkpt>
   <trkpt lat="45.0692640" lon="7.5001490">
    <ele>396.3</ele>
   </trkpt>
   <trkpt lat="45.0692750" lon="7.5002210">
    <ele>396.4</ele>
   </trkpt>
   <trkpt lat="45.0692870" lon="7.5002840">
    <ele>396.4</ele>
   </trkpt>
   <trkpt lat="45.0693010" lon="7.5003420">
    <ele>396.5</ele>
   </trkpt>
   <trkpt lat="45.0693210" lon="7.5004010">
    <ele>396.6</ele>
   </trkpt>
   <trkpt lat="45.0693320" lon="7.5004640">
    <ele>396.7</ele>
   </trkpt>
   <trkpt lat="45.0693320" lon="7.5005200">
    <ele>396.8</ele>
   </trkpt>
   <trkpt lat="45.0693380" lon="7.5005850">
    <ele>396.9</ele>
   </trkpt>
   <trkpt lat="45.0693430" lon="7.5006360">
    <ele>397.0</ele>
   </trkpt>
   <trkpt lat="45.0693490" lon="7.5007020">
    <ele>397.2</ele>
   </trkpt>
   <trkpt lat="45.0693580" lon="7.5007650">
    <ele>397.3</ele>
   </trkpt>
   <trkpt lat="45.0693730" lon="7.5008220">
    <ele>397.5</ele>
   </trkpt>
   <trkpt lat="45.0693890" lon="7.5008730">
    <ele>397.7</ele>
   </trkpt>
   <trkpt lat="45.0694010" lon="7.5009250">
    <ele>397.9</ele>
   </trkpt>
   <trkpt lat="45.0694150" lon="7.5009800">
    <ele>398.0</ele>
   </trkpt>
   <trkpt lat="45.0694290" lon="7.5010330">
    <ele>398.2</ele>
   </trkpt>
   <trkpt lat="45.0694430" lon="7.5010790">
    <ele>398.4</ele>
   </trkpt>
   <trkpt lat="45.0694520" lon="7.5011180">
    <ele>398.6</ele>
   </trkpt>
   <trkpt lat="45.0694620" lon="7.5011590">
    <ele>398.7</ele>
   </trkpt>
   <trkpt lat="45.0694700" lon="7.5012060">
    <ele>398.9</ele>
   </trkpt>
   <trkpt lat="45.0694810" lon="7.5012550">
    <ele>399.1</ele>
   </trkpt>
   <trkpt lat="45.0694880" lon="7.5013060">
    <ele>399.4</ele>
   </trkpt>
   <trkpt lat="45.0694990" lon="7.5013570">
    <ele>399.6</ele>
   </trkpt>
   <trkpt lat="45.0695090" lon="7.5014100">
    <ele>399.9</ele>
   </trkpt>
   <trkpt lat="45.0695220" lon="7.5014610">
    <ele>400.1</ele>
   </trkpt>
   <trkpt lat="45.0695340" lon="7.5015030">
    <ele>400.3</ele>
   </trkpt>
   <trkpt lat="45.0695430" lon="7.5015470">
    <ele>400.5</ele>
   </trkpt>
   <trkpt lat="45.0695450" lon="7.5015590">
    <ele>400.5</ele>
   </trkpt>
   <trkpt lat="45.0695480" lon="7.5015830">
    <ele>400.5</ele>
   </trkpt>
   <trkpt lat="45.0695510" lon="7.5016060">
    <ele>400.5</ele>
   </trkpt>
   <trkpt lat="45.0695560" lon="7.5016270">
    <ele>400.5</ele>
   </trkpt>
   <trkpt lat="45.0695580" lon="7.5016520">
    <ele>400.5</ele>
   </trkpt>
   <trkpt lat="45.0695560" lon="7.5016910">
    <ele>400.5</ele>
   </trkpt>
   <trkpt lat="45.0695550" lon="7.5017040">
    <ele>400.4</ele>
   </trkpt>
   <trkpt lat="45.0695540" lon="7.5017520">
    <ele>400.4</ele>
   </trkpt>
   <trkpt lat="45.0695530" lon="7.5017690">
    <ele>400.3</ele>
   </trkpt>
   <trkpt lat="45.0695520" lon="7.5018210">
    <ele>400.2</ele>
   </trkpt>
   <trkpt lat="45.0695500" lon="7.5018380">
    <ele>400.2</ele>
   </trkpt>
   <trkpt lat="45.0695500" lon="7.5018760">
    <ele>400.0</ele>
   </trkpt>
   <trkpt lat="45.0695510" lon="7.5019180">
    <ele>399.9</ele>
   </trkpt>
   <trkpt lat="45.0695540" lon="7.5019640">
    <ele>399.7</ele>
   </trkpt>
   <trkpt lat="45.0695600" lon="7.5020140">
    <ele>399.5</ele>
   </trkpt>
   <trkpt lat="45.0695700" lon="7.5020600">
    <ele>399.3</ele>
   </trkpt>
   <trkpt lat="45.0695810" lon="7.5021120">
    <ele>398.9</ele>
   </trkpt>
   <trkpt lat="45.0695960" lon="7.5021700">
    <ele>398.6</ele>
   </trkpt>
   <trkpt lat="45.0696040" lon="7.5022270">
    <ele>398.2</ele>
   </trkpt>
   <trkpt lat="45.0696140" lon="7.5022880">
    <ele>397.8</ele>
   </trkpt>
   <trkpt lat="45.0696270" lon="7.5023580">
    <ele>397.4</ele>
   </trkpt>
   <trkpt lat="45.0696390" lon="7.5024330">
    <ele>396.9</ele>
   </trkpt>
   <trkpt lat="45.0696470" lon="7.5025070">
    <ele>396.5</ele>
   </trkpt>
   <trkpt lat="45.0696550" lon="7.5025930">
    <ele>396.1</ele>
   </trkpt>
   <trkpt lat="45.0696660" lon="7.5026780">
    <ele>395.7</ele>
   </trkpt>
   <trkpt lat="45.0696800" lon="7.5027580">
    <ele>395.3</ele>
   </trkpt>
   <trkpt lat="45.0696900" lon="7.5028390">
    <ele>394.9</ele>
   </trkpt>
   <trkpt lat="45.0697010" lon="7.5029180">
    <ele>394.6</ele>
   </trkpt>
   <trkpt lat="45.0697180" lon="7.5029930">
    <ele>394.3</ele>
   </trkpt>
   <trkpt lat="45.0697320" lon="7.5030700">
    <ele>394.0</ele>
   </trkpt>
   <trkpt lat="45.0697470" lon="7.5031510">
    <ele>393.6</ele>
   </trkpt>
   <trkpt lat="45.0697670" lon="7.5032330">
    <ele>393.3</ele>
   </trkpt>
   <trkpt lat="45.0697920" lon="7.5033080">
    <ele>393.0</ele>
   </trkpt>
   <trkpt lat="45.0698130" lon="7.5033890">
    <ele>392.6</ele>
   </trkpt>
   <trkpt lat="45.0698430" lon="7.5034740">
    <ele>392.2</ele>
   </trkpt>
   <trkpt lat="45.0698730" lon="7.5035580">
    <ele>391.8</ele>
   </trkpt>
   <trkpt lat="45.0698920" lon="7.5036380">
    <ele>391.5</ele>
   </trkpt>
   <trkpt lat="45.0699130" lon="7.5037160">
    <ele>391.2</ele>
   </trkpt>
   <trkpt lat="45.0699460" lon="7.5037860">
    <ele>390.8</ele>
   </trkpt>
   <trkpt lat="45.0699790" lon="7.5038550">
    <ele>390.6</ele>
   </trkpt>
   <trkpt lat="45.0700100" lon="7.5039310">
    <ele>390.3</ele>
   </trkpt>
   <trkpt lat="45.0700380" lon="7.5040060">
    <ele>390.0</ele>
   </trkpt>
   <trkpt lat="45.0700670" lon="7.5040720">
    <ele>389.7</ele>
   </trkpt>
   <trkpt lat="45.0700860" lon="7.5041370">
    <ele>389.5</ele>
   </trkpt>
   <trkpt lat="45.0701030" lon="7.5042050">
    <ele>389.3</ele>
   </trkpt>
   <trkpt lat="45.0701190" lon="7.5042590">
    <ele>389.1</ele>
   </trkpt>
   <trkpt lat="45.0701310" lon="7.5043080">
    <ele>389.0</ele>
   </trkpt>
   <trkpt lat="45.0701390" lon="7.5043390">
    <ele>388.9</ele>
   </trkpt>
   <trkpt lat="45.0701460" lon="7.5043540">
    <ele>388.8</ele>
   </trkpt>
   <trkpt lat="45.0701530" lon="7.5043600">
    <ele>388.8</ele>
   </trkpt>
   <trkpt lat="45.0701540" lon="7.5043630">
    <ele>388.8</ele>
   </trkpt>
   <trkpt lat="45.0701510" lon="7.5043610">
    <ele>388.8</ele>
   </trkpt>
   <trkpt lat="45.0701500" lon="7.5043600">
    <ele>388.8</ele>
   </trkpt>
   <trkpt lat="45.0701510" lon="7.5043590">
    <ele>388.8</ele>
   </trkpt>
   <trkpt lat="45.0701510" lon="7.5043590">
    <ele>388.8</ele>
   </trkpt>
   <trkpt lat="45.0701520" lon="7.5043590">
    <ele>388.8</ele>
   </trkpt>
   <trkpt lat="45.0701520" lon="7.5043580">
    <ele>388.8</ele>
   </trkpt>
   <trkpt lat="45.0701520" lon="7.5043580">
    <ele>388.8</ele>
   </trkpt>
   <trkpt lat="45.0701520" lon="7.5043580">
    <ele>388.8</ele>
   </trkpt>
   <trkpt lat="45.0701520" lon="7.5043580">
    <ele>388.8</ele>
   </trkpt>
   <trkpt lat="45.0701510" lon="7.5043580">
    <ele>388.8</ele>
   </trkpt>
   <trkpt lat="45.0701590" lon="7.5044050">
    <ele>388.6</ele>
   </trkpt>
   <trkpt lat="45.0701630" lon="7.5044270">
    <ele>388.6</ele>
   </trkpt>
   <trkpt lat="45.0701710" lon="7.5044510">
    <ele>388.5</ele>
   </trkpt>
   <trkpt lat="45.0701760" lon="7.5044750">
    <ele>388.4</ele>
   </trkpt>
   <trkpt lat="45.0701650" lon="7.5045010">
    <ele>388.3</ele>
   </trkpt>
   <trkpt lat="45.0701550" lon="7.5045170">
    <ele>388.4</ele>
   </trkpt>
   <trkpt lat="45.0701480" lon="7.5045340">
    <ele>388.5</ele>
   </trkpt>
   <trkpt lat="45.0701430" lon="7.5045400">
    <ele>388.5</ele>
   </trkpt>
   <trkpt lat="45.0701450" lon="7.5045430">
    <ele>388.6</ele>
   </trkpt>
   <trkpt lat="45.0701440" lon="7.5045380">
    <ele>388.6</ele>
   </trkpt>
   <trkpt lat="45.0701440" lon="7.5045380">
    <ele>388.6</ele>
   </trkpt>
   <trkpt lat="45.0701440" lon="7.5045370">
    <ele>388.6</ele>
   </trkpt>
   <trkpt lat="45.0701440" lon="7.5045370">
    <ele>388.6</ele>
   </trkpt>
   <trkpt lat="45.0701440" lon="7.5045370">
    <ele>388.6</ele>
   </trkpt>
   <trkpt lat="45.0701440" lon="7.5045370">
    <ele>388.6</ele>
   </trkpt>
   <trkpt lat="45.0701440" lon="7.5045370">
    <ele>388.6</ele>
   </trkpt>
   <trkpt lat="45.0701440" lon="7.5045370">
    <ele>388.6</ele>
   </trkpt>
   <trkpt lat="45.0701190" lon="7.5045560">
    <ele>388.8</ele>
   </trkpt>
   <trkpt lat="45.0701170" lon="7.5045760">
    <ele>388.8</ele>
   </trkpt>
   <trkpt lat="45.0701140" lon="7.5046040">
    <ele>389.0</ele>
   </trkpt>
   <trkpt lat="45.0701020" lon="7.5046520">
    <ele>389.2</ele>
   </trkpt>
   <trkpt lat="45.0700970" lon="7.5046720">
    <ele>389.3</ele>
   </trkpt>
   <trkpt lat="45.0700880" lon="7.5047160">
    <ele>389.6</ele>
   </trkpt>
   <trkpt lat="45.0700690" lon="7.5047620">
    <ele>389.8</ele>
   </trkpt>
   <trkpt lat="45.0700500" lon="7.5048060">
    <ele>390.0</ele>
   </trkpt>
   <trkpt lat="45.0700370" lon="7.5048430">
    <ele>390.2</ele>
   </trkpt>
   <trkpt lat="45.0700210" lon="7.5048750">
    <ele>390.5</ele>
   </trkpt>
   <trkpt lat="45.0700040" lon="7.5049070">
    <ele>390.7</ele>
   </trkpt>
   <trkpt lat="45.0699840" lon="7.5049320">
    <ele>390.9</ele>
   </trkpt>
   <trkpt lat="45.0699620" lon="7.5049710">
    <ele>391.2</ele>
   </trkpt>
   <trkpt lat="45.0699550" lon="7.5049840">
    <ele>391.3</ele>
   </trkpt>
   <trkpt lat="45.0699310" lon="7.5050260">
    <ele>391.7</ele>
   </trkpt>
   <trkpt lat="45.0699240" lon="7.5050400">
    <ele>391.8</ele>
   </trkpt>
   <trkpt lat="45.0699090" lon="7.5050910">
    <ele>392.2</ele>
   </trkpt>
   <trkpt lat="45.0699030" lon="7.5051080">
    <ele>392.3</ele>
   </trkpt>
   <trkpt lat="45.0698890" lon="7.5051590">
    <ele>392.7</ele>
   </trkpt>
   <trkpt lat="45.0698840" lon="7.5051750">
    <ele>392.8</ele>
   </trkpt>
   <trkpt lat="45.0698650" lon="7.5052170">
    <ele>393.1</ele>
   </trkpt>
   <trkpt lat="45.0698570" lon="7.5052300">
    <ele>393.3</ele>
   </trkpt>
   <trkpt lat="45.0698400" lon="7.5052730">
    <ele>393.6</ele>
   </trkpt>
   <trkpt lat="45.0698340" lon="7.5052860">
    <ele>393.7</ele>
   </trkpt>
   <trkpt lat="45.0698140" lon="7.5053330">
    <ele>394.1</ele>
   </trkpt>
   <trkpt lat="45.0698070" lon="7.5053490">
    <ele>394.3</ele>
   </trkpt>
   <trkpt lat="45.0697860" lon="7.5053940">
    <ele>394.6</ele>
   </trkpt>
   <trkpt lat="45.0697780" lon="7.5054100">
    <ele>394.8</ele>
   </trkpt>
   <trkpt lat="45.0697630" lon="7.5054460">
    <ele>395.1</ele>
   </trkpt>
   <trkpt lat="45.0697470" lon="7.5054890">
    <ele>395.4</ele>
   </trkpt>
   <trkpt lat="45.0697310" lon="7.5055270">
    <ele>395.8</ele>
   </trkpt>
   <trkpt lat="45.0697110" lon="7.5055650">
    <ele>396.1</ele>
   </trkpt>
   <trkpt lat="45.0696960" lon="7.5056000">
    <ele>396.4</ele>
   </trkpt>
   <trkpt lat="45.0696790" lon="7.5056350">
    <ele>396.7</ele>
   </trkpt>
   <trkpt lat="45.0696630" lon="7.5056730">
    <ele>397.0</ele>
   </trkpt>
   <trkpt lat="45.0696490" lon="7.5057080">
    <ele>397.2</ele>
   </trkpt>
   <trkpt lat="45.0696320" lon="7.5057490">
    <ele>397.6</ele>
   </trkpt>
   <trkpt lat="45.0696130" lon="7.5058080">
    <ele>398.0</ele>
   </trkpt>
   <trkpt lat="45.0695930" lon="7.5058640">
    <ele>398.4</ele>
   </trkpt>
   <trkpt lat="45.0695820" lon="7.5059210">
    <ele>398.9</ele>
   </trkpt>
   <trkpt lat="45.0695790" lon="7.5059700">
    <ele>399.3</ele>
   </trkpt>
   <trkpt lat="45.0695810" lon="7.5060110">
    <ele>399.6</ele>
   </trkpt>
   <trkpt lat="45.0695870" lon="7.5060590">
    <ele>399.9</ele>
   </trkpt>
   <trkpt lat="45.0695920" lon="7.5060970">
    <ele>400.2</ele>
   </trkpt>
   <trkpt lat="45.0695940" lon="7.5061400">
    <ele>400.5</ele>
   </trkpt>
   <trkpt lat="45.0695950" lon="7.5061830">
    <ele>400.8</ele>
   </trkpt>
   <trkpt lat="45.0695970" lon="7.5062230">
    <ele>401.1</ele>
   </trkpt>
   <trkpt lat="45.0695990" lon="7.5062660">
    <ele>401.4</ele>
   </trkpt>
   <trkpt lat="45.0696020" lon="7.5063110">
    <ele>401.7</ele>
   </trkpt>
   <trkpt lat="45.0696070" lon="7.5063500">
    <ele>402.0</ele>
   </trkpt>
   <trkpt lat="45.0696160" lon="7.5064000">
    <ele>402.3</ele>
   </trkpt>
   <trkpt lat="45.0696170" lon="7.5064170">
    <ele>402.4</ele>
   </trkpt>
   <trkpt lat="45.0696230" lon="7.5064660">
    <ele>402.8</ele>
   </trkpt>
   <trkpt lat="45.0696250" lon="7.5064820">
    <ele>402.9</ele>
   </trkpt>
   <trkpt lat="45.0696280" lon="7.5065210">
    <ele>403.1</ele>
   </trkpt>
   <trkpt lat="45.0696280" lon="7.5065770">
    <ele>403.5</ele>
   </trkpt>
   <trkpt lat="45.0696280" lon="7.5065960">
    <ele>403.7</ele>
   </trkpt>
   <trkpt lat="45.0696300" lon="7.5066500">
    <ele>404.0</ele>
   </trkpt>
   <trkpt lat="45.0696310" lon="7.5066680">
    <ele>404.2</ele>
   </trkpt>
   <trkpt lat="45.0696330" lon="7.5067190">
    <ele>404.5</ele>
   </trkpt>
   <trkpt lat="45.0696340" lon="7.5067350">
    <ele>404.6</ele>
   </trkpt>
   <trkpt lat="45.0696390" lon="7.5067870">
    <ele>405.0</ele>
   </trkpt>
   <trkpt lat="45.0696400" lon="7.5068050">
    <ele>405.1</ele>
   </trkpt>
   <trkpt lat="45.0696450" lon="7.5068590">
    <ele>405.5</ele>
   </trkpt>
   <trkpt lat="45.0696470" lon="7.5068760">
    <ele>405.6</ele>
   </trkpt>
   <trkpt lat="45.0696490" lon="7.5069290">
    <ele>406.0</ele>
   </trkpt>
   <trkpt lat="45.0696500" lon="7.5069470">
    <ele>406.1</ele>
   </trkpt>
   <trkpt lat="45.0696530" lon="7.5070030">
    <ele>406.5</ele>
   </trkpt>
   <trkpt lat="45.0696540" lon="7.5070220">
    <ele>406.7</ele>
   </trkpt>
   <trkpt lat="45.0696580" lon="7.5070630">
    <ele>406.9</ele>
   </trkpt>
   <trkpt lat="45.0696570" lon="7.5071020">
    <ele>407.2</ele>
   </trkpt>
   <trkpt lat="45.0696900" lon="7.5071800">
    <ele>407.8</ele>
   </trkpt>
   <trkpt lat="45.0696930" lon="7.5072210">
    <ele>408.1</ele>
   </trkpt>
   <trkpt lat="45.0696990" lon="7.5072690">
    <ele>408.4</ele>
   </trkpt>
   <trkpt lat="45.0697000" lon="7.5072810">
    <ele>408.5</ele>
   </trkpt>
   <trkpt lat="45.0696940" lon="7.5073290">
    <ele>408.9</ele>
   </trkpt>
   <trkpt lat="45.0696930" lon="7.5073460">
    <ele>409.0</ele>
   </trkpt>
   <trkpt lat="45.0696870" lon="7.5073980">
    <ele>409.3</ele>
   </trkpt>
   <trkpt lat="45.0696840" lon="7.5074140">
    <ele>409.5</ele>
   </trkpt>
   <trkpt lat="45.0696830" lon="7.5074680">
    <ele>409.9</ele>
   </trkpt>
   <trkpt lat="45.0696830" lon="7.5074880">
    <ele>410.0</ele>
   </trkpt>
   <trkpt lat="45.0696800" lon="7.5075380">
    <ele>410.4</ele>
   </trkpt>
   <trkpt lat="45.0696810" lon="7.5075550">
    <ele>410.5</ele>
   </trkpt>
   <trkpt lat="45.0696810" lon="7.5076220">
    <ele>411.0</ele>
   </trkpt>
   <trkpt lat="45.0696820" lon="7.5076720">
    <ele>411.3</ele>
   </trkpt>
   <trkpt lat="45.0696830" lon="7.5076900">
    <ele>411.5</ele>
   </trkpt>
   <trkpt lat="45.0696890" lon="7.5077480">
    <ele>411.9</ele>
   </trkpt>
   <trkpt lat="45.0696910" lon="7.5077680">
    <ele>412.0</ele>
   </trkpt>
   <trkpt lat="45.0696920" lon="7.5078090">
    <ele>412.3</ele>
   </trkpt>
   <trkpt lat="45.0696950" lon="7.5078520">
    <ele>412.6</ele>
   </trkpt>
   <trkpt lat="45.0696990" lon="7.5078960">
    <ele>412.9</ele>
   </trkpt>
   <trkpt lat="45.0697010" lon="7.5079380">
    <ele>413.2</ele>
   </trkpt>
   <trkpt lat="45.0697030" lon="7.5079790">
    <ele>413.5</ele>
   </trkpt>
   <trkpt lat="45.0697050" lon="7.5080210">
    <ele>413.8</ele>
   </trkpt>
   <trkpt lat="45.0697080" lon="7.5080610">
    <ele>414.1</ele>
   </trkpt>
   <trkpt lat="45.0697120" lon="7.5081040">
    <ele>414.4</ele>
   </trkpt>
   <trkpt lat="45.0697130" lon="7.5081420">
    <ele>414.7</ele>
   </trkpt>
   <trkpt lat="45.0697040" lon="7.5082150">
    <ele>415.2</ele>
   </trkpt>
   <trkpt lat="45.0697140" lon="7.5082540">
    <ele>415.5</ele>
   </trkpt>
   <trkpt lat="45.0697060" lon="7.5082990">
    <ele>415.8</ele>
   </trkpt>
   <trkpt lat="45.0697070" lon="7.5083420">
    <ele>416.1</ele>
   </trkpt>
   <trkpt lat="45.0697090" lon="7.5083810">
    <ele>416.4</ele>
   </trkpt>
   <trkpt lat="45.0697190" lon="7.5084220">
    <ele>416.6</ele>
   </trkpt>
   <trkpt lat="45.0697200" lon="7.5084640">
    <ele>416.8</ele>
   </trkpt>
   <trkpt lat="45.0697270" lon="7.5085060">
    <ele>417.1</ele>
   </trkpt>
   <trkpt lat="45.0697370" lon="7.5085420">
    <ele>417.3</ele>
   </trkpt>
   <trkpt lat="45.0697530" lon="7.5085840">
    <ele>417.5</ele>
   </trkpt>
   <trkpt lat="45.0697720" lon="7.5086600">
    <ele>417.9</ele>
   </trkpt>
   <trkpt lat="45.0697850" lon="7.5086980">
    <ele>418.1</ele>
   </trkpt>
   <trkpt lat="45.0698000" lon="7.5087410">
    <ele>418.3</ele>
   </trkpt>
   <trkpt lat="45.0698120" lon="7.5087880">
    <ele>418.5</ele>
   </trkpt>
   <trkpt lat="45.0698210" lon="7.5088310">
    <ele>418.6</ele>
   </trkpt>
   <trkpt lat="45.0698300" lon="7.5088700">
    <ele>418.8</ele>
   </trkpt>
   <trkpt lat="45.0698420" lon="7.5089100">
    <ele>419.0</ele>
   </trkpt>
   <trkpt lat="45.0698570" lon="7.5089530">
    <ele>419.2</ele>
   </trkpt>
   <trkpt lat="45.0698690" lon="7.5089960">
    <ele>419.2</ele>
   </trkpt>
   <trkpt lat="45.0698810" lon="7.5090360">
    <ele>419.3</ele>
   </trkpt>
   <trkpt lat="45.0698960" lon="7.5090740">
    <ele>419.4</ele>
   </trkpt>
   <trkpt lat="45.0699120" lon="7.5091100">
    <ele>419.5</ele>
   </trkpt>
   <trkpt lat="45.0699320" lon="7.5091390">
    <ele>419.5</ele>
   </trkpt>
   <trkpt lat="45.0699530" lon="7.5091730">
    <ele>419.6</ele>
   </trkpt>
   <trkpt lat="45.0699800" lon="7.5092410">
    <ele>419.8</ele>
   </trkpt>
   <trkpt lat="45.0699880" lon="7.5092620">
    <ele>419.9</ele>
   </trkpt>
   <trkpt lat="45.0699880" lon="7.5092620">
    <ele>419.9</ele>
   </trkpt>
   <trkpt lat="45.0699940" lon="7.5092600">
    <ele>419.9</ele>
   </trkpt>
   <trkpt lat="45.0700020" lon="7.5092680">
    <ele>419.9</ele>
   </trkpt>
   <trkpt lat="45.0700060" lon="7.5092710">
    <ele>419.9</ele>
   </trkpt>
   <trkpt lat="45.0700040" lon="7.5092760">
    <ele>420.0</ele>
   </trkpt>
   <trkpt lat="45.0700010" lon="7.5092820">
    <ele>420.0</ele>
   </trkpt>
   <trkpt lat="45.0699990" lon="7.5092870">
    <ele>420.0</ele>
   </trkpt>
   <trkpt lat="45.0699970" lon="7.5092930">
    <ele>420.0</ele>
   </trkpt>
   <trkpt lat="45.0699950" lon="7.5092990">
    <ele>420.1</ele>
   </trkpt>
   <trkpt lat="45.0699930" lon="7.5093040">
    <ele>420.1</ele>
   </trkpt>
   <trkpt lat="45.0699900" lon="7.5093100">
    <ele>420.1</ele>
   </trkpt>
   <trkpt lat="45.0699880" lon="7.5093160">
    <ele>420.1</ele>
   </trkpt>
   <trkpt lat="45.0699860" lon="7.5093210">
    <ele>420.1</ele>
   </trkpt>
   <trkpt lat="45.0699840" lon="7.5093270">
    <ele>420.2</ele>
   </trkpt>
   <trkpt lat="45.0699820" lon="7.5093320">
    <ele>420.2</ele>
   </trkpt>
   <trkpt lat="45.0699800" lon="7.5093380">
    <ele>420.2</ele>
   </trkpt>
   <trkpt lat="45.0699770" lon="7.5093440">
    <ele>420.2</ele>
   </trkpt>
   <trkpt lat="45.0699750" lon="7.5093490">
    <ele>420.3</ele>
   </trkpt>
   <trkpt lat="45.0699730" lon="7.5093550">
    <ele>420.3</ele>
   </trkpt>
   <trkpt lat="45.0699710" lon="7.5093610">
    <ele>420.3</ele>
   </trkpt>
   <trkpt lat="45.0699690" lon="7.5093660">
    <ele>420.3</ele>
   </trkpt>
   <trkpt lat="45.0699660" lon="7.5093720">
    <ele>420.4</ele>
   </trkpt>
   <trkpt lat="45.0699640" lon="7.5093770">
    <ele>420.4</ele>
   </trkpt>
   <trkpt lat="45.0699620" lon="7.5093830">
    <ele>420.4</ele>
   </trkpt>
   <trkpt lat="45.0699480" lon="7.5094170">
    <ele>420.5</ele>
   </trkpt>
   <trkpt lat="45.0699440" lon="7.5094290">
    <ele>420.5</ele>
   </trkpt>
   <trkpt lat="45.0699290" lon="7.5094690">
    <ele>420.6</ele>
   </trkpt>
   <trkpt lat="45.0699230" lon="7.5094810">
    <ele>420.6</ele>
   </trkpt>
   <trkpt lat="45.0699000" lon="7.5095160">
    <ele>420.7</ele>
   </trkpt>
   <trkpt lat="45.0698910" lon="7.5095260">
    <ele>420.7</ele>
   </trkpt>
   <trkpt lat="45.0698710" lon="7.5095370">
    <ele>420.8</ele>
   </trkpt>
   <trkpt lat="45.0698610" lon="7.5095540">
    <ele>420.8</ele>
   </trkpt>
   <trkpt lat="45.0698500" lon="7.5096060">
    <ele>420.9</ele>
   </trkpt>
   <trkpt lat="45.0698460" lon="7.5096270">
    <ele>420.9</ele>
   </trkpt>
   <trkpt lat="45.0698280" lon="7.5096650">
    <ele>421.0</ele>
   </trkpt>
   <trkpt lat="45.0698010" lon="7.5097000">
    <ele>421.0</ele>
   </trkpt>
   <trkpt lat="45.0697910" lon="7.5097120">
    <ele>421.0</ele>
   </trkpt>
   <trkpt lat="45.0697680" lon="7.5097320">
    <ele>421.1</ele>
   </trkpt>
   <trkpt lat="45.0697390" lon="7.5097560">
    <ele>421.1</ele>
   </trkpt>
   <trkpt lat="45.0697290" lon="7.5097610">
    <ele>421.1</ele>
   </trkpt>
   <trkpt lat="45.0696980" lon="7.5097790">
    <ele>421.1</ele>
   </trkpt>
   <trkpt lat="45.0696870" lon="7.5097880">
    <ele>421.2</ele>
   </trkpt>
   <trkpt lat="45.0696540" lon="7.5098220">
    <ele>421.2</ele>
   </trkpt>
   <trkpt lat="45.0696330" lon="7.5098460">
    <ele>421.2</ele>
   </trkpt>
   <trkpt lat="45.0696240" lon="7.5098420">
    <ele>421.2</ele>
   </trkpt>
   <trkpt lat="45.0696100" lon="7.5098770">
    <ele>421.2</ele>
   </trkpt>
   <trkpt lat="45.0695870" lon="7.5099100">
    <ele>421.3</ele>
   </trkpt>
   <trkpt lat="45.0695800" lon="7.5099130">
    <ele>421.4</ele>
   </trkpt>
   <trkpt lat="45.0695670" lon="7.5099120">
    <ele>421.4</ele>
   </trkpt>
   <trkpt lat="45.0695470" lon="7.5099180">
    <ele>421.5</ele>
   </trkpt>
   <trkpt lat="45.0695170" lon="7.5099320">
    <ele>421.5</ele>
   </trkpt>
   <trkpt lat="45.0695040" lon="7.5099440">
    <ele>421.5</ele>
   </trkpt>
   <trkpt lat="45.0694760" lon="7.5099760">
    <ele>421.4</ele>
   </trkpt>
   <trkpt lat="45.0694490" lon="7.5100120">
    <ele>421.3</ele>
   </trkpt>
   <trkpt lat="45.0694370" lon="7.5100280">
    <ele>421.1</ele>
   </trkpt>
   <trkpt lat="45.0694040" lon="7.5100360">
    <ele>421.0</ele>
   </trkpt>
   <trkpt lat="45.0693940" lon="7.5100360">
    <ele>420.8</ele>
   </trkpt>
   <trkpt lat="45.0693740" lon="7.5100300">
    <ele>420.8</ele>
   </trkpt>
   <trkpt lat="45.0693580" lon="7.5100450">
    <ele>420.6</ele>
   </trkpt>
   <trkpt lat="45.0693460" lon="7.5100620">
    <ele>420.3</ele>
   </trkpt>
   <trkpt lat="45.0693400" lon="7.5100840">
    <ele>420.3</ele>
   </trkpt>
   <trkpt lat="45.0693450" lon="7.5101050">
    <ele>419.9</ele>
   </trkpt>
   <trkpt lat="45.0693600" lon="7.5101210">
    <ele>419.9</ele>
   </trkpt>
   <trkpt lat="45.0693790" lon="7.5101290">
    <ele>420.1</ele>
   </trkpt>
   <trkpt lat="45.0693960" lon="7.5101300">
    <ele>420.1</ele>
   </trkpt>
   <trkpt lat="45.0694090" lon="7.5101230">
    <ele>420.4</ele>
   </trkpt>
   <trkpt lat="45.0694090" lon="7.5101230">
    <ele>420.4</ele>
   </trkpt>
   <trkpt lat="45.0694090" lon="7.5101230">
    <ele>420.4</ele>
   </trkpt>
   <trkpt lat="45.0694090" lon="7.5101230">
    <ele>420.4</ele>
   </trkpt>
   <trkpt lat="45.0694090" lon="7.5101220">
    <ele>420.4</ele>
   </trkpt>
   <trkpt lat="45.0694090" lon="7.5101220">
    <ele>420.4</ele>
   </trkpt>
   <trkpt lat="45.0694090" lon="7.5101220">
    <ele>420.4</ele>
   </trkpt>
   <trkpt lat="45.0694090" lon="7.5101220">
    <ele>420.4</ele>
   </trkpt>
   <trkpt lat="45.0694090" lon="7.5101220">
    <ele>420.4</ele>
   </trkpt>
   <trkpt lat="45.0694090" lon="7.5101220">
    <ele>420.4</ele>
   </trkpt>
   <trkpt lat="45.0694090" lon="7.5101220">
    <ele>420.4</ele>
   </trkpt>
   <trkpt lat="45.0694090" lon="7.5101220">
    <ele>420.4</ele>
   </trkpt>
   <trkpt lat="45.0694090" lon="7.5101220">
    <ele>420.4</ele>
   </trkpt>
   <trkpt lat="45.0694090" lon="7.5101220">
    <ele>420.4</ele>
   </trkpt>
   <trkpt lat="45.0694100" lon="7.5101210">
    <ele>420.4</ele>
   </trkpt>
   <trkpt lat="45.0694100" lon="7.5101210">
    <ele>420.4</ele>
   </trkpt>
   <trkpt lat="45.0694100" lon="7.5101210">
    <ele>420.4</ele>
   </trkpt>
   <trkpt lat="45.0694100" lon="7.5101210">
    <ele>420.4</ele>
   </trkpt>
   <trkpt lat="45.0694100" lon="7.5101210">
    <ele>420.4</ele>
   </trkpt>
   <trkpt lat="45.0694100" lon="7.5101210">
    <ele>420.4</ele>
   </trkpt>
   <trkpt lat="45.0694100" lon="7.5101210">
    <ele>420.4</ele>
   </trkpt>
   <trkpt lat="45.0694100" lon="7.5101210">
    <ele>420.4</ele>
   </trkpt>
   <trkpt lat="45.0694100" lon="7.5101210">
    <ele>420.3</ele>
   </trkpt>
   <trkpt lat="45.0694100" lon="7.5101200">
    <ele>420.3</ele>
   </trkpt>
   <trkpt lat="45.0694100" lon="7.5101200">
    <ele>420.3</ele>
   </trkpt>
   <trkpt lat="45.0694100" lon="7.5101200">
    <ele>420.3</ele>
   </trkpt>
   <trkpt lat="45.0694100" lon="7.5101200">
    <ele>420.3</ele>
   </trkpt>
   <trkpt lat="45.0694100" lon="7.5101200">
    <ele>420.3</ele>
   </trkpt>
   <trkpt lat="45.0694100" lon="7.5101200">
    <ele>420.3</ele>
   </trkpt>
   <trkpt lat="45.0694100" lon="7.5101200">
    <ele>420.3</ele>
   </trkpt>
   <trkpt lat="45.0694100" lon="7.5101200">
    <ele>420.3</ele>
   </trkpt>
   <trkpt lat="45.0694100" lon="7.5101200">
    <ele>420.3</ele>
   </trkpt>
   <trkpt lat="45.0694100" lon="7.5101200">
    <ele>420.3</ele>
   </trkpt>
   <trkpt lat="45.0694100" lon="7.5101190">
    <ele>420.3</ele>
   </trkpt>
   <trkpt lat="45.0694100" lon="7.5101190">
    <ele>420.3</ele>
   </trkpt>
   <trkpt lat="45.0694100" lon="7.5101190">
    <ele>420.3</ele>
   </trkpt>
   <trkpt lat="45.0694100" lon="7.5101190">
    <ele>420.3</ele>
   </trkpt>
   <trkpt lat="45.0694100" lon="7.5101190">
    <ele>420.3</ele>
   </trkpt>
   <trkpt lat="45.0694100" lon="7.5101190">
    <ele>420.3</ele>
   </trkpt>
   <trkpt lat="45.0694100" lon="7.5101190">
    <ele>420.3</ele>
   </trkpt>
   <trkpt lat="45.0694100" lon="7.5101190">
    <ele>420.3</ele>
   </trkpt>
   <trkpt lat="45.0694100" lon="7.5101190">
    <ele>420.3</ele>
   </trkpt>
   <trkpt lat="45.0694110" lon="7.5101180">
    <ele>420.3</ele>
   </trkpt>
   <trkpt lat="45.0694110" lon="7.5101180">
    <ele>420.3</ele>
   </trkpt>
   <trkpt lat="45.0694110" lon="7.5101180">
    <ele>420.3</ele>
   </trkpt>
   <trkpt lat="45.0694110" lon="7.5101180">
    <ele>420.3</ele>
   </trkpt>
   <trkpt lat="45.0694110" lon="7.5101180">
    <ele>420.3</ele>
   </trkpt>
   <trkpt lat="45.0694110" lon="7.5101180">
    <ele>420.3</ele>
   </trkpt>
   <trkpt lat="45.0694110" lon="7.5101180">
    <ele>420.3</ele>
   </trkpt>
   <trkpt lat="45.0694110" lon="7.5101180">
    <ele>420.3</ele>
   </trkpt>
   <trkpt lat="45.0694110" lon="7.5101180">
    <ele>420.3</ele>
   </trkpt>
   <trkpt lat="45.0694110" lon="7.5101180">
    <ele>420.3</ele>
   </trkpt>
   <trkpt lat="45.0694110" lon="7.5101170">
    <ele>420.3</ele>
   </trkpt>
   <trkpt lat="45.0694110" lon="7.5101170">
    <ele>420.3</ele>
   </trkpt>
   <trkpt lat="45.0694110" lon="7.5101170">
    <ele>420.3</ele>
   </trkpt>
   <trkpt lat="45.0694110" lon="7.5101170">
    <ele>420.3</ele>
   </trkpt>
   <trkpt lat="45.0694110" lon="7.5101170">
    <ele>420.3</ele>
   </trkpt>
   <trkpt lat="45.0694150" lon="7.5101390">
    <ele>420.3</ele>
   </trkpt>
   <trkpt lat="45.0694090" lon="7.5101650">
    <ele>420.0</ele>
   </trkpt>
   <trkpt lat="45.0694120" lon="7.5101970">
    <ele>419.6</ele>
   </trkpt>
   <trkpt lat="45.0694170" lon="7.5102090">
    <ele>419.6</ele>
   </trkpt>
   <trkpt lat="45.0694230" lon="7.5102220">
    <ele>419.6</ele>
   </trkpt>
   <trkpt lat="45.0694530" lon="7.5102480">
    <ele>419.5</ele>
   </trkpt>
   <trkpt lat="45.0694620" lon="7.5102610">
    <ele>419.7</ele>
   </trkpt>
   <trkpt lat="45.0694650" lon="7.5102870">
    <ele>419.4</ele>
   </trkpt>
   <trkpt lat="45.0694550" lon="7.5103070">
    <ele>419.1</ele>
   </trkpt>
   <trkpt lat="45.0694330" lon="7.5103370">
    <ele>418.7</ele>
   </trkpt>
   <trkpt lat="45.0694270" lon="7.5103490">
    <ele>418.3</ele>
   </trkpt>
   <trkpt lat="45.0694220" lon="7.5103880">
    <ele>417.9</ele>
   </trkpt>
   <trkpt lat="45.0694200" lon="7.5104010">
    <ele>417.4</ele>
   </trkpt>
   <trkpt lat="45.0694090" lon="7.5104410">
    <ele>417.4</ele>
   </trkpt>
   <trkpt lat="45.0694050" lon="7.5104530">
    <ele>417.0</ele>
   </trkpt>
   <trkpt lat="45.0694000" lon="7.5104670">
    <ele>417.0</ele>
   </trkpt>
   <trkpt lat="45.0693980" lon="7.5104770">
    <ele>416.6</ele>
   </trkpt>
   <trkpt lat="45.0693940" lon="7.5104940">
    <ele>416.1</ele>
   </trkpt>
   <trkpt lat="45.0693860" lon="7.5105070">
    <ele>416.1</ele>
   </trkpt>
   <trkpt lat="45.0693800" lon="7.5105180">
    <ele>416.1</ele>
   </trkpt>
   <trkpt lat="45.0693680" lon="7.5105280">
    <ele>415.7</ele>
   </trkpt>
   <trkpt lat="45.0693590" lon="7.5105390">
    <ele>415.3</ele>
   </trkpt>
   <trkpt lat="45.0693500" lon="7.5105490">
    <ele>415.3</ele>
   </trkpt>
   <trkpt lat="45.0693420" lon="7.5105570">
    <ele>415.3</ele>
   </trkpt>
   <trkpt lat="45.0693370" lon="7.5105690">
    <ele>414.8</ele>
   </trkpt>
   <trkpt lat="45.0693360" lon="7.5105700">
    <ele>414.8</ele>
   </trkpt>
   <trkpt lat="45.0693360" lon="7.5105700">
    <ele>414.8</ele>
   </trkpt>
   <trkpt lat="45.0693220" lon="7.5105880">
    <ele>414.4</ele>
   </trkpt>
   <trkpt lat="45.0693090" lon="7.5106130">
    <ele>414.4</ele>
   </trkpt>
   <trkpt lat="45.0693080" lon="7.5106250">
    <ele>414.0</ele>
   </trkpt>
   <trkpt lat="45.0693060" lon="7.5106370">
    <ele>413.5</ele>
   </trkpt>
   <trkpt lat="45.0693070" lon="7.5106500">
    <ele>413.5</ele>
   </trkpt>
   <trkpt lat="45.0693180" lon="7.5106580">
    <ele>413.5</ele>
   </trkpt>
   <trkpt lat="45.0693280" lon="7.5106640">
    <ele>413.5</ele>
   </trkpt>
   <trkpt lat="45.0693300" lon="7.5106630">
    <ele>413.5</ele>
   </trkpt>
   <trkpt lat="45.0693270" lon="7.5106650">
    <ele>413.5</ele>
   </trkpt>
   <trkpt lat="45.0693270" lon="7.5106650">
    <ele>413.5</ele>
   </trkpt>
   <trkpt lat="45.0693260" lon="7.5106650">
    <ele>413.5</ele>
   </trkpt>
   <trkpt lat="45.0693330" lon="7.5106610">
    <ele>413.5</ele>
   </trkpt>
   <trkpt lat="45.0693350" lon="7.5106600">
    <ele>413.5</ele>
   </trkpt>
   <trkpt lat="45.0693310" lon="7.5106560">
    <ele>413.9</ele>
   </trkpt>
   <trkpt lat="45.0693350" lon="7.5106450">
    <ele>413.9</ele>
   </trkpt>
   <trkpt lat="45.0693360" lon="7.5106340">
    <ele>413.9</ele>
   </trkpt>
   <trkpt lat="45.0693370" lon="7.5106320">
    <ele>413.9</ele>
   </trkpt>
   <trkpt lat="45.0693320" lon="7.5106330">
    <ele>413.9</ele>
   </trkpt>
   <trkpt lat="45.0693430" lon="7.5106580">
    <ele>413.9</ele>
   </trkpt>
   <trkpt lat="45.0693550" lon="7.5106620">
    <ele>413.9</ele>
   </trkpt>
   <trkpt lat="45.0693580" lon="7.5106830">
    <ele>413.9</ele>
   </trkpt>
   <trkpt lat="45.0693860" lon="7.5106470">
    <ele>414.8</ele>
   </trkpt>
   <trkpt lat="45.0693970" lon="7.5106520">
    <ele>414.8</ele>
   </trkpt>
   <trkpt lat="45.0694030" lon="7.5106680">
    <ele>414.7</ele>
   </trkpt>
   <trkpt lat="45.0693920" lon="7.5106720">
    <ele>414.3</ele>
   </trkpt>
   <trkpt lat="45.0693800" lon="7.5106690">
    <ele>414.3</ele>
   </trkpt>
   <trkpt lat="45.0693780" lon="7.5106690">
    <ele>414.3</ele>
   </trkpt>
   <trkpt lat="45.0693670" lon="7.5106660">
    <ele>413.9</ele>
   </trkpt>
   <trkpt lat="45.0693520" lon="7.5106600">
    <ele>413.9</ele>
   </trkpt>
   <trkpt lat="45.0693450" lon="7.5106560">
    <ele>414.3</ele>
   </trkpt>
   <trkpt lat="45.0693380" lon="7.5106550">
    <ele>413.9</ele>
   </trkpt>
   <trkpt lat="45.0693430" lon="7.5106510">
    <ele>414.3</ele>
   </trkpt>
   <trkpt lat="45.0693320" lon="7.5106460">
    <ele>413.9</ele>
   </trkpt>
   <trkpt lat="45.0693310" lon="7.5106440">
    <ele>413.9</ele>
   </trkpt>
   <trkpt lat="45.0693280" lon="7.5106560">
    <ele>413.9</ele>
   </trkpt>
   <trkpt lat="45.0693320" lon="7.5106660">
    <ele>413.5</ele>
   </trkpt>
   <trkpt lat="45.0693380" lon="7.5106780">
    <ele>413.5</ele>
   </trkpt>
   <trkpt lat="45.0693410" lon="7.5106830">
    <ele>413.9</ele>
   </trkpt>
   <trkpt lat="45.0693390" lon="7.5106900">
    <ele>413.9</ele>
   </trkpt>
   <trkpt lat="45.0693380" lon="7.5107060">
    <ele>413.0</ele>
   </trkpt>
   <trkpt lat="45.0693350" lon="7.5107170">
    <ele>413.0</ele>
   </trkpt>
   <trkpt lat="45.0693240" lon="7.5107240">
    <ele>413.0</ele>
   </trkpt>
   <trkpt lat="45.0693210" lon="7.5107260">
    <ele>413.0</ele>
   </trkpt>
   <trkpt lat="45.0693200" lon="7.5107270">
    <ele>413.0</ele>
   </trkpt>
   <trkpt lat="45.0693200" lon="7.5107270">
    <ele>413.0</ele>
   </trkpt>
   <trkpt lat="45.0693200" lon="7.5107270">
    <ele>413.0</ele>
   </trkpt>
   <trkpt lat="45.0693200" lon="7.5107270">
    <ele>413.0</ele>
   </trkpt>
   <trkpt lat="45.0693200" lon="7.5107270">
    <ele>413.0</ele>
   </trkpt>
   <trkpt lat="45.0693200" lon="7.5107260">
    <ele>413.0</ele>
   </trkpt>
   <trkpt lat="45.0693200" lon="7.5107260">
    <ele>413.0</ele>
   </trkpt>
   <trkpt lat="45.0693200" lon="7.5107260">
    <ele>413.0</ele>
   </trkpt>
   <trkpt lat="45.0693200" lon="7.5107260">
    <ele>413.0</ele>
   </trkpt>
   <trkpt lat="45.0693200" lon="7.5107260">
    <ele>413.0</ele>
   </trkpt>
   <trkpt lat="45.0693200" lon="7.5107260">
    <ele>413.0</ele>
   </trkpt>
   <trkpt lat="45.0693200" lon="7.5107260">
    <ele>413.0</ele>
   </trkpt>
   <trkpt lat="45.0693200" lon="7.5107260">
    <ele>413.0</ele>
   </trkpt>
   <trkpt lat="45.0693390" lon="7.5107170">
    <ele>413.4</ele>
   </trkpt>
   <trkpt lat="45.0693470" lon="7.5107040">
    <ele>413.4</ele>
   </trkpt>
   <trkpt lat="45.0693460" lon="7.5107160">
    <ele>413.4</ele>
   </trkpt>
   <trkpt lat="45.0693450" lon="7.5107100">
    <ele>413.4</ele>
   </trkpt>
   <trkpt lat="45.0693450" lon="7.5107080">
    <ele>413.4</ele>
   </trkpt>
   <trkpt lat="45.0693630" lon="7.5106780">
    <ele>413.9</ele>
   </trkpt>
   <trkpt lat="45.0693820" lon="7.5106760">
    <ele>414.3</ele>
   </trkpt>
   <trkpt lat="45.0693860" lon="7.5106600">
    <ele>414.3</ele>
   </trkpt>
   <trkpt lat="45.0693900" lon="7.5106680">
    <ele>414.3</ele>
   </trkpt>
   <trkpt lat="45.0693910" lon="7.5106700">
    <ele>414.3</ele>
   </trkpt>
   <trkpt lat="45.0693910" lon="7.5106700">
    <ele>414.3</ele>
   </trkpt>
   <trkpt lat="45.0693910" lon="7.5106700">
    <ele>414.3</ele>
   </trkpt>
   <trkpt lat="45.0693910" lon="7.5106690">
    <ele>414.3</ele>
   </trkpt>
   <trkpt lat="45.0693910" lon="7.5106690">
    <ele>414.3</ele>
   </trkpt>
   <trkpt lat="45.0693910" lon="7.5106690">
    <ele>414.3</ele>
   </trkpt>
   <trkpt lat="45.0693910" lon="7.5106690">
    <ele>414.3</ele>
   </trkpt>
   <trkpt lat="45.0693910" lon="7.5106690">
    <ele>414.3</ele>
   </trkpt>
   <trkpt lat="45.0693600" lon="7.5106360">
    <ele>414.3</ele>
   </trkpt>
   <trkpt lat="45.0693490" lon="7.5106170">
    <ele>414.3</ele>
   </trkpt>
   <trkpt lat="45.0693410" lon="7.5106090">
    <ele>414.8</ele>
   </trkpt>
   <trkpt lat="45.0693400" lon="7.5106080">
    <ele>414.8</ele>
   </trkpt>
   <trkpt lat="45.0693370" lon="7.5106010">
    <ele>414.4</ele>
   </trkpt>
   <trkpt lat="45.0693340" lon="7.5105940">
    <ele>414.4</ele>
   </trkpt>
   <trkpt lat="45.0693320" lon="7.5105870">
    <ele>414.4</ele>
   </trkpt>
   <trkpt lat="45.0693290" lon="7.5105810">
    <ele>414.4</ele>
   </trkpt>
   <trkpt lat="45.0693270" lon="7.5105740">
    <ele>414.3</ele>
   </trkpt>
   <trkpt lat="45.0693250" lon="7.5105670">
    <ele>414.8</ele>
   </trkpt>
   <trkpt lat="45.0693220" lon="7.5105600">
    <ele>414.8</ele>
   </trkpt>
   <trkpt lat="45.0693200" lon="7.5105530">
    <ele>414.8</ele>
   </trkpt>
   <trkpt lat="45.0693170" lon="7.5105460">
    <ele>414.8</ele>
   </trkpt>
   <trkpt lat="45.0693150" lon="7.5105400">
    <ele>414.8</ele>
   </trkpt>
   <trkpt lat="45.0693120" lon="7.5105330">
    <ele>414.8</ele>
   </trkpt>
   <trkpt lat="45.0693100" lon="7.5105260">
    <ele>415.2</ele>
   </trkpt>
   <trkpt lat="45.0692960" lon="7.5104890">
    <ele>414.8</ele>
   </trkpt>
   <trkpt lat="45.0692920" lon="7.5104780">
    <ele>415.3</ele>
   </trkpt>
   <trkpt lat="45.0692790" lon="7.5104380">
    <ele>415.8</ele>
   </trkpt>
   <trkpt lat="45.0692750" lon="7.5104240">
    <ele>415.4</ele>
   </trkpt>
   <trkpt lat="45.0692990" lon="7.5103920">
    <ele>416.3</ele>
   </trkpt>
   <trkpt lat="45.0693120" lon="7.5103820">
    <ele>416.7</ele>
   </trkpt>
   <trkpt lat="45.0693420" lon="7.5103590">
    <ele>417.0</ele>
   </trkpt>
   <trkpt lat="45.0693510" lon="7.5103490">
    <ele>417.5</ele>
   </trkpt>
   <trkpt lat="45.0693800" lon="7.5103250">
    <ele>417.9</ele>
   </trkpt>
   <trkpt lat="45.0693890" lon="7.5103140">
    <ele>417.9</ele>
   </trkpt>
   <trkpt lat="45.0694040" lon="7.5103010">
    <ele>418.7</ele>
   </trkpt>
   <trkpt lat="45.0694220" lon="7.5102920">
    <ele>418.7</ele>
   </trkpt>
   <trkpt lat="45.0694360" lon="7.5102850">
    <ele>419.0</ele>
   </trkpt>
   <trkpt lat="45.0694490" lon="7.5102730">
    <ele>419.0</ele>
   </trkpt>
   <trkpt lat="45.0694640" lon="7.5102400">
    <ele>419.7</ele>
   </trkpt>
   <trkpt lat="45.0694680" lon="7.5102290">
    <ele>419.7</ele>
   </trkpt>
   <trkpt lat="45.0694740" lon="7.5101830">
    <ele>420.3</ele>
   </trkpt>
   <trkpt lat="45.0694750" lon="7.5101640">
    <ele>420.3</ele>
   </trkpt>
   <trkpt lat="45.0694760" lon="7.5101220">
    <ele>420.6</ele>
   </trkpt>
   <trkpt lat="45.0694800" lon="7.5100710">
    <ele>420.8</ele>
   </trkpt>
   <trkpt lat="45.0694820" lon="7.5100540">
    <ele>421.0</ele>
   </trkpt>
   <trkpt lat="45.0694830" lon="7.5100020">
    <ele>421.2</ele>
   </trkpt>
   <trkpt lat="45.0694860" lon="7.5099820">
    <ele>421.2</ele>
   </trkpt>
   <trkpt lat="45.0694990" lon="7.5099450">
    <ele>421.3</ele>
   </trkpt>
   <trkpt lat="45.0695270" lon="7.5099050">
    <ele>421.3</ele>
   </trkpt>
   <trkpt lat="45.0695340" lon="7.5098900">
    <ele>421.3</ele>
   </trkpt>
   <trkpt lat="45.0695540" lon="7.5098610">
    <ele>421.3</ele>
   </trkpt>
   <trkpt lat="45.0695820" lon="7.5098430">
    <ele>421.2</ele>
   </trkpt>
   <trkpt lat="45.0696120" lon="7.5098210">
    <ele>421.2</ele>
   </trkpt>
   <trkpt lat="45.0696200" lon="7.5098120">
    <ele>421.2</ele>
   </trkpt>
   <trkpt lat="45.0696320" lon="7.5097940">
    <ele>421.2</ele>
   </trkpt>
   <trkpt lat="45.0696400" lon="7.5097750">
    <ele>421.2</ele>
   </trkpt>
   <trkpt lat="45.0696610" lon="7.5097770">
    <ele>421.2</ele>
   </trkpt>
   <trkpt lat="45.0696670" lon="7.5097770">
    <ele>421.2</ele>
   </trkpt>
   <trkpt lat="45.0696820" lon="7.5097770">
    <ele>421.2</ele>
   </trkpt>
   <trkpt lat="45.0696840" lon="7.5097770">
    <ele>421.2</ele>
   </trkpt>
   <trkpt lat="45.0696860" lon="7.5097780">
    <ele>421.2</ele>
   </trkpt>
   <trkpt lat="45.0696870" lon="7.5097780">
    <ele>421.2</ele>
   </trkpt>
   <trkpt lat="45.0696890" lon="7.5097790">
    <ele>421.2</ele>
   </trkpt>
   <trkpt lat="45.0696910" lon="7.5097790">
    <ele>421.2</ele>
   </trkpt>
   <trkpt lat="45.0696930" lon="7.5097800">
    <ele>421.1</ele>
   </trkpt>
   <trkpt lat="45.0696950" lon="7.5097800">
    <ele>421.1</ele>
   </trkpt>
   <trkpt lat="45.0696970" lon="7.5097810">
    <ele>421.1</ele>
   </trkpt>
   <trkpt lat="45.0696990" lon="7.5097810">
    <ele>421.1</ele>
   </trkpt>
   <trkpt lat="45.0697010" lon="7.5097820">
    <ele>421.1</ele>
   </trkpt>
   <trkpt lat="45.0697020" lon="7.5097820">
    <ele>421.1</ele>
   </trkpt>
   <trkpt lat="45.0697040" lon="7.5097830">
    <ele>421.1</ele>
   </trkpt>
   <trkpt lat="45.0697060" lon="7.5097830">
    <ele>421.1</ele>
   </trkpt>
   <trkpt lat="45.0697080" lon="7.5097840">
    <ele>421.1</ele>
   </trkpt>
   <trkpt lat="45.0697260" lon="7.5097890">
    <ele>421.1</ele>
   </trkpt>
   <trkpt lat="45.0697380" lon="7.5097810">
    <ele>421.1</ele>
   </trkpt>
   <trkpt lat="45.0697530" lon="7.5097550">
    <ele>421.1</ele>
   </trkpt>
   <trkpt lat="45.0697620" lon="7.5097490">
    <ele>421.1</ele>
   </trkpt>
   <trkpt lat="45.0697720" lon="7.5097420">
    <ele>421.1</ele>
   </trkpt>
   <trkpt lat="45.0697790" lon="7.5097250">
    <ele>421.0</ele>
   </trkpt>
   <trkpt lat="45.0697860" lon="7.5097020">
    <ele>421.0</ele>
   </trkpt>
   <trkpt lat="45.0698010" lon="7.5096860">
    <ele>421.0</ele>
   </trkpt>
   <trkpt lat="45.0698170" lon="7.5096760">
    <ele>421.0</ele>
   </trkpt>
   <trkpt lat="45.0698290" lon="7.5096600">
    <ele>421.0</ele>
   </trkpt>
   <trkpt lat="45.0698380" lon="7.5096500">
    <ele>420.9</ele>
   </trkpt>
   <trkpt lat="45.0698440" lon="7.5096360">
    <ele>420.9</ele>
   </trkpt>
   <trkpt lat="45.0698460" lon="7.5096260">
    <ele>420.9</ele>
   </trkpt>
   <trkpt lat="45.0698520" lon="7.5096230">
    <ele>420.9</ele>
   </trkpt>
   <trkpt lat="45.0698610" lon="7.5096240">
    <ele>420.9</ele>
   </trkpt>
   <trkpt lat="45.0698700" lon="7.5096220">
    <ele>420.9</ele>
   </trkpt>
   <trkpt lat="45.0698790" lon="7.5096150">
    <ele>420.9</ele>
   </trkpt>
   <trkpt lat="45.0698890" lon="7.5096080">
    <ele>420.9</ele>
   </trkpt>
   <trkpt lat="45.0699000" lon="7.5096130">
    <ele>420.8</ele>
   </trkpt>
   <trkpt lat="45.0699140" lon="7.5096320">
    <ele>420.8</ele>
   </trkpt>
   <trkpt lat="45.0699190" lon="7.5096540">
    <ele>420.7</ele>
   </trkpt>
   <trkpt lat="45.0699230" lon="7.5096690">
    <ele>420.7</ele>
   </trkpt>
   <trkpt lat="45.0699300" lon="7.5096960">
    <ele>420.7</ele>
   </trkpt>
   <trkpt lat="45.0699340" lon="7.5097080">
    <ele>420.7</ele>
   </trkpt>
   <trkpt lat="45.0699390" lon="7.5097190">
    <ele>420.7</ele>
   </trkpt>
   <trkpt lat="45.0699440" lon="7.5097610">
    <ele>420.7</ele>
   </trkpt>
   <trkpt lat="45.0699520" lon="7.5097680">
    <ele>420.7</ele>
   </trkpt>
   <trkpt lat="45.0699760" lon="7.5097720">
    <ele>420.7</ele>
   </trkpt>
   <trkpt lat="45.0699870" lon="7.5097720">
    <ele>420.7</ele>
   </trkpt>
   <trkpt lat="45.0700030" lon="7.5097680">
    <ele>420.7</ele>
   </trkpt>
   <trkpt lat="45.0700200" lon="7.5097630">
    <ele>420.7</ele>
   </trkpt>
   <trkpt lat="45.0700240" lon="7.5097460">
    <ele>420.6</ele>
   </trkpt>
   <trkpt lat="45.0700260" lon="7.5097220">
    <ele>420.6</ele>
   </trkpt>
   <trkpt lat="45.0700310" lon="7.5096770">
    <ele>420.5</ele>
   </trkpt>
   <trkpt lat="45.0700350" lon="7.5096640">
    <ele>420.5</ele>
   </trkpt>
   <trkpt lat="45.0700490" lon="7.5096260">
    <ele>420.4</ele>
   </trkpt>
   <trkpt lat="45.0700540" lon="7.5096130">
    <ele>420.4</ele>
   </trkpt>
   <trkpt lat="45.0700750" lon="7.5095800">
    <ele>420.3</ele>
   </trkpt>
   <trkpt lat="45.0700830" lon="7.5095720">
    <ele>420.2</ele>
   </trkpt>
   <trkpt lat="45.0701170" lon="7.5095610">
    <ele>420.1</ele>
   </trkpt>
   <trkpt lat="45.0701270" lon="7.5095620">
    <ele>420.0</ele>
   </trkpt>
   <trkpt lat="45.0701580" lon="7.5095870">
    <ele>419.9</ele>
   </trkpt>
   <trkpt lat="45.0701680" lon="7.5096010">
    <ele>419.9</ele>
   </trkpt>
   <trkpt lat="45.0701950" lon="7.5096380">
    <ele>419.7</ele>
   </trkpt>
   <trkpt lat="45.0702040" lon="7.5096490">
    <ele>419.7</ele>
   </trkpt>
   <trkpt lat="45.0702270" lon="7.5096870">
    <ele>419.5</ele>
   </trkpt>
   <trkpt lat="45.0702330" lon="7.5097020">
    <ele>419.4</ele>
   </trkpt>
   <trkpt lat="45.0702560" lon="7.5097340">
    <ele>419.2</ele>
   </trkpt>
   <trkpt lat="45.0702620" lon="7.5097430">
    <ele>419.2</ele>
   </trkpt>
   <trkpt lat="45.0702780" lon="7.5097790">
    <ele>419.0</ele>
   </trkpt>
   <trkpt lat="45.0702830" lon="7.5097930">
    <ele>418.9</ele>
   </trkpt>
   <trkpt lat="45.0703010" lon="7.5098440">
    <ele>418.5</ele>
   </trkpt>
   <trkpt lat="45.0703080" lon="7.5098640">
    <ele>418.4</ele>
   </trkpt>
   <trkpt lat="45.0703300" lon="7.5099120">
    <ele>418.0</ele>
   </trkpt>
   <trkpt lat="45.0703710" lon="7.5099730">
    <ele>417.5</ele>
   </trkpt>
   <trkpt lat="45.0704050" lon="7.5100360">
    <ele>416.9</ele>
   </trkpt>
   <trkpt lat="45.0704310" lon="7.5100990">
    <ele>416.4</ele>
   </trkpt>
   <trkpt lat="45.0704600" lon="7.5101640">
    <ele>415.9</ele>
   </trkpt>
   <trkpt lat="45.0704850" lon="7.5102260">
    <ele>415.3</ele>
   </trkpt>
   <trkpt lat="45.0705110" lon="7.5102880">
    <ele>414.8</ele>
   </trkpt>
   <trkpt lat="45.0705410" lon="7.5103520">
    <ele>414.3</ele>
   </trkpt>
   <trkpt lat="45.0705690" lon="7.5104140">
    <ele>413.7</ele>
   </trkpt>
   <trkpt lat="45.0705950" lon="7.5104770">
    <ele>413.1</ele>
   </trkpt>
   <trkpt lat="45.0706190" lon="7.5105400">
    <ele>412.4</ele>
   </trkpt>
   <trkpt lat="45.0706450" lon="7.5105980">
    <ele>411.9</ele>
   </trkpt>
   <trkpt lat="45.0706990" lon="7.5106950">
    <ele>410.7</ele>
   </trkpt>
   <trkpt lat="45.0707240" lon="7.5107430">
    <ele>410.1</ele>
   </trkpt>
   <trkpt lat="45.0707470" lon="7.5107840">
    <ele>409.6</ele>
   </trkpt>
   <trkpt lat="45.0707790" lon="7.5108300">
    <ele>409.0</ele>
   </trkpt>
   <trkpt lat="45.0708140" lon="7.5108820">
    <ele>408.3</ele>
   </trkpt>
   <trkpt lat="45.0708440" lon="7.5109290">
    <ele>407.7</ele>
   </trkpt>
   <trkpt lat="45.0708650" lon="7.5109720">
    <ele>407.2</ele>
   </trkpt>
   <trkpt lat="45.0708690" lon="7.5109850">
    <ele>407.1</ele>
   </trkpt>
   <trkpt lat="45.0708810" lon="7.5110200">
    <ele>406.8</ele>
   </trkpt>
   <trkpt lat="45.0708870" lon="7.5110350">
    <ele>406.7</ele>
   </trkpt>
   <trkpt lat="45.0709050" lon="7.5110810">
    <ele>406.2</ele>
   </trkpt>
   <trkpt lat="45.0709250" lon="7.5111290">
    <ele>405.7</ele>
   </trkpt>
   <trkpt lat="45.0709330" lon="7.5111830">
    <ele>405.3</ele>
   </trkpt>
   <trkpt lat="45.0709210" lon="7.5112260">
    <ele>404.9</ele>
   </trkpt>
   <trkpt lat="45.0708970" lon="7.5112600">
    <ele>404.5</ele>
   </trkpt>
   <trkpt lat="45.0708740" lon="7.5113030">
    <ele>404.1</ele>
   </trkpt>
   <trkpt lat="45.0708420" lon="7.5113570">
    <ele>403.6</ele>
   </trkpt>
   <trkpt lat="45.0708080" lon="7.5113980">
    <ele>403.1</ele>
   </trkpt>
   <trkpt lat="45.0707890" lon="7.5114510">
    <ele>402.6</ele>
   </trkpt>
   <trkpt lat="45.0707630" lon="7.5115090">
    <ele>402.1</ele>
   </trkpt>
   <trkpt lat="45.0707420" lon="7.5115680">
    <ele>401.5</ele>
   </trkpt>
   <trkpt lat="45.0707340" lon="7.5116370">
    <ele>401.2</ele>
   </trkpt>
   <trkpt lat="45.0707420" lon="7.5116980">
    <ele>401.0</ele>
   </trkpt>
   <trkpt lat="45.0707560" lon="7.5117570">
    <ele>400.7</ele>
   </trkpt>
   <trkpt lat="45.0707770" lon="7.5118140">
    <ele>400.4</ele>
   </trkpt>
   <trkpt lat="45.0707950" lon="7.5118600">
    <ele>400.0</ele>
   </trkpt>
   <trkpt lat="45.0708200" lon="7.5119080">
    <ele>399.5</ele>
   </trkpt>
   <trkpt lat="45.0708350" lon="7.5119540">
    <ele>399.1</ele>
   </trkpt>
   <trkpt lat="45.0708520" lon="7.5119890">
    <ele>398.8</ele>
   </trkpt>
   <trkpt lat="45.0708690" lon="7.5120420">
    <ele>398.3</ele>
   </trkpt>
   <trkpt lat="45.0708730" lon="7.5120620">
    <ele>398.1</ele>
   </trkpt>
   <trkpt lat="45.0708850" lon="7.5121000">
    <ele>397.8</ele>
   </trkpt>
   <trkpt lat="45.0708990" lon="7.5121460">
    <ele>397.4</ele>
   </trkpt>
   <trkpt lat="45.0709160" lon="7.5122140">
    <ele>396.8</ele>
   </trkpt>
   <trkpt lat="45.0709310" lon="7.5122870">
    <ele>396.2</ele>
   </trkpt>
   <trkpt lat="45.0709450" lon="7.5123500">
    <ele>395.7</ele>
   </trkpt>
   <trkpt lat="45.0709530" lon="7.5124080">
    <ele>395.2</ele>
   </trkpt>
   <trkpt lat="45.0709620" lon="7.5124670">
    <ele>394.7</ele>
   </trkpt>
   <trkpt lat="45.0709710" lon="7.5125210">
    <ele>394.3</ele>
   </trkpt>
   <trkpt lat="45.0709870" lon="7.5125690">
    <ele>393.9</ele>
   </trkpt>
   <trkpt lat="45.0710000" lon="7.5126170">
    <ele>393.5</ele>
   </trkpt>
   <trkpt lat="45.0710150" lon="7.5126620">
    <ele>393.1</ele>
   </trkpt>
   <trkpt lat="45.0710330" lon="7.5127200">
    <ele>392.6</ele>
   </trkpt>
   <trkpt lat="45.0710580" lon="7.5127690">
    <ele>392.1</ele>
   </trkpt>
   <trkpt lat="45.0710790" lon="7.5128120">
    <ele>391.6</ele>
   </trkpt>
   <trkpt lat="45.0711020" lon="7.5128410">
    <ele>391.3</ele>
   </trkpt>
   <trkpt lat="45.0711150" lon="7.5128800">
    <ele>390.9</ele>
   </trkpt>
   <trkpt lat="45.0711130" lon="7.5129440">
    <ele>390.4</ele>
   </trkpt>
   <trkpt lat="45.0711120" lon="7.5130090">
    <ele>389.8</ele>
   </trkpt>
   <trkpt lat="45.0711120" lon="7.5130730">
    <ele>389.3</ele>
   </trkpt>
   <trkpt lat="45.0711140" lon="7.5131380">
    <ele>388.8</ele>
   </trkpt>
   <trkpt lat="45.0711110" lon="7.5131900">
    <ele>388.4</ele>
   </trkpt>
   <trkpt lat="45.0711140" lon="7.5132370">
    <ele>388.1</ele>
   </trkpt>
   <trkpt lat="45.0711190" lon="7.5132850">
    <ele>387.8</ele>
   </trkpt>
   <trkpt lat="45.0711260" lon="7.5133230">
    <ele>387.5</ele>
   </trkpt>
   <trkpt lat="45.0711380" lon="7.5133640">
    <ele>387.2</ele>
   </trkpt>
   <trkpt lat="45.0711510" lon="7.5134050">
    <ele>386.9</ele>
   </trkpt>
   <trkpt lat="45.0711670" lon="7.5134550">
    <ele>386.5</ele>
   </trkpt>
   <trkpt lat="45.0711730" lon="7.5134730">
    <ele>386.3</ele>
   </trkpt>
   <trkpt lat="45.0711850" lon="7.5135180">
    <ele>386.0</ele>
   </trkpt>
   <trkpt lat="45.0712030" lon="7.5135850">
    <ele>385.4</ele>
   </trkpt>
   <trkpt lat="45.0712150" lon="7.5136540">
    <ele>384.9</ele>
   </trkpt>
   <trkpt lat="45.0712380" lon="7.5137100">
    <ele>384.7</ele>
   </trkpt>
   <trkpt lat="45.0712660" lon="7.5137770">
    <ele>384.6</ele>
   </trkpt>
   <trkpt lat="45.0712850" lon="7.5138300">
    <ele>384.5</ele>
   </trkpt>
   <trkpt lat="45.0713010" lon="7.5138800">
    <ele>384.3</ele>
   </trkpt>
   <trkpt lat="45.0713190" lon="7.5139270">
    <ele>384.2</ele>
   </trkpt>
   <trkpt lat="45.0713250" lon="7.5139410">
    <ele>384.2</ele>
   </trkpt>
   <trkpt lat="45.0713370" lon="7.5139750">
    <ele>384.1</ele>
   </trkpt>
   <trkpt lat="45.0713590" lon="7.5140210">
    <ele>384.0</ele>
   </trkpt>
   <trkpt lat="45.0713650" lon="7.5140380">
    <ele>384.0</ele>
   </trkpt>
   <trkpt lat="45.0713910" lon="7.5140800">
    <ele>383.7</ele>
   </trkpt>
   <trkpt lat="45.0714020" lon="7.5140950">
    <ele>383.6</ele>
   </trkpt>
   <trkpt lat="45.0714200" lon="7.5141240">
    <ele>383.5</ele>
   </trkpt>
   <trkpt lat="45.0714390" lon="7.5141580">
    <ele>383.3</ele>
   </trkpt>
   <trkpt lat="45.0714550" lon="7.5141950">
    <ele>383.1</ele>
   </trkpt>
   <trkpt lat="45.0714670" lon="7.5142320">
    <ele>382.9</ele>
   </trkpt>
   <trkpt lat="45.0714790" lon="7.5142670">
    <ele>382.7</ele>
   </trkpt>
   <trkpt lat="45.0714880" lon="7.5143070">
    <ele>382.6</ele>
   </trkpt>
   <trkpt lat="45.0714890" lon="7.5143590">
    <ele>382.3</ele>
   </trkpt>
   <trkpt lat="45.0714870" lon="7.5144230">
    <ele>382.1</ele>
   </trkpt>
   <trkpt lat="45.0714900" lon="7.5145020">
    <ele>381.7</ele>
   </trkpt>
   <trkpt lat="45.0714930" lon="7.5145880">
    <ele>381.4</ele>
   </trkpt>
   <trkpt lat="45.0714970" lon="7.5146620">
    <ele>381.0</ele>
   </trkpt>
   <trkpt lat="45.0714970" lon="7.5147320">
    <ele>380.7</ele>
   </trkpt>
   <trkpt lat="45.0714910" lon="7.5147920">
    <ele>380.4</ele>
   </trkpt>
   <trkpt lat="45.0714890" lon="7.5148520">
    <ele>380.1</ele>
   </trkpt>
   <trkpt lat="45.0714820" lon="7.5149100">
    <ele>379.8</ele>
   </trkpt>
   <trkpt lat="45.0714730" lon="7.5149700">
    <ele>379.4</ele>
   </trkpt>
   <trkpt lat="45.0714710" lon="7.5150210">
    <ele>379.1</ele>
   </trkpt>
   <trkpt lat="45.0714720" lon="7.5150670">
    <ele>378.9</ele>
   </trkpt>
   <trkpt lat="45.0714700" lon="7.5151100">
    <ele>378.6</ele>
   </trkpt>
   <trkpt lat="45.0714800" lon="7.5151610">
    <ele>378.3</ele>
   </trkpt>
   <trkpt lat="45.0714850" lon="7.5152180">
    <ele>377.9</ele>
   </trkpt>
   <trkpt lat="45.0714890" lon="7.5152670">
    <ele>377.6</ele>
   </trkpt>
   <trkpt lat="45.0714900" lon="7.5152830">
    <ele>377.5</ele>
   </trkpt>
   <trkpt lat="45.0714940" lon="7.5153220">
    <ele>377.2</ele>
   </trkpt>
   <trkpt lat="45.0714950" lon="7.5153360">
    <ele>377.1</ele>
   </trkpt>
   <trkpt lat="45.0714930" lon="7.5153610">
    <ele>376.9</ele>
   </trkpt>
   <trkpt lat="45.0714890" lon="7.5153810">
    <ele>376.8</ele>
   </trkpt>
   <trkpt lat="45.0714870" lon="7.5154020">
    <ele>376.7</ele>
   </trkpt>
   <trkpt lat="45.0714800" lon="7.5154240">
    <ele>376.5</ele>
   </trkpt>
   <trkpt lat="45.0714840" lon="7.5154620">
    <ele>376.2</ele>
   </trkpt>
   <trkpt lat="45.0714860" lon="7.5154770">
    <ele>376.1</ele>
   </trkpt>
   <trkpt lat="45.0714860" lon="7.5155030">
    <ele>376.0</ele>
   </trkpt>
   <trkpt lat="45.0714880" lon="7.5155270">
    <ele>375.8</ele>
   </trkpt>
   <trkpt lat="45.0714850" lon="7.5155720">
    <ele>375.5</ele>
   </trkpt>
   <trkpt lat="45.0714820" lon="7.5155880">
    <ele>375.4</ele>
   </trkpt>
   <trkpt lat="45.0714770" lon="7.5156420">
    <ele>375.1</ele>
   </trkpt>
   <trkpt lat="45.0714740" lon="7.5156600">
    <ele>375.0</ele>
   </trkpt>
   <trkpt lat="45.0714670" lon="7.5157040">
    <ele>374.7</ele>
   </trkpt>
   <trkpt lat="45.0714580" lon="7.5157630">
    <ele>374.4</ele>
   </trkpt>
   <trkpt lat="45.0714570" lon="7.5158470">
    <ele>373.9</ele>
   </trkpt>
   <trkpt lat="45.0714560" lon="7.5159460">
    <ele>373.4</ele>
   </trkpt>
   <trkpt lat="45.0714540" lon="7.5160540">
    <ele>372.9</ele>
   </trkpt>
   <trkpt lat="45.0714520" lon="7.5161540">
    <ele>372.4</ele>
   </trkpt>
   <trkpt lat="45.0714500" lon="7.5162450">
    <ele>371.7</ele>
   </trkpt>
   <trkpt lat="45.0714450" lon="7.5163210">
    <ele>371.1</ele>
   </trkpt>
   <trkpt lat="45.0714330" lon="7.5163960">
    <ele>370.5</ele>
   </trkpt>
   <trkpt lat="45.0714230" lon="7.5164690">
    <ele>369.9</ele>
   </trkpt>
   <trkpt lat="45.0714120" lon="7.5165400">
    <ele>369.3</ele>
   </trkpt>
   <trkpt lat="45.0714000" lon="7.5166030">
    <ele>368.8</ele>
   </trkpt>
   <trkpt lat="45.0713890" lon="7.5166700">
    <ele>368.4</ele>
   </trkpt>
   <trkpt lat="45.0713720" lon="7.5167310">
    <ele>368.2</ele>
   </trkpt>
   <trkpt lat="45.0713570" lon="7.5167940">
    <ele>368.0</ele>
   </trkpt>
   <trkpt lat="45.0713400" lon="7.5168570">
    <ele>367.7</ele>
   </trkpt>
   <trkpt lat="45.0713380" lon="7.5169160">
    <ele>367.5</ele>
   </trkpt>
   <trkpt lat="45.0713340" lon="7.5169730">
    <ele>367.2</ele>
   </trkpt>
   <trkpt lat="45.0713140" lon="7.5170120">
    <ele>367.0</ele>
   </trkpt>
   <trkpt lat="45.0712800" lon="7.5170560">
    <ele>366.6</ele>
   </trkpt>
   <trkpt lat="45.0712620" lon="7.5170960">
    <ele>366.4</ele>
   </trkpt>
   <trkpt lat="45.0712440" lon="7.5171530">
    <ele>366.1</ele>
   </trkpt>
   <trkpt lat="45.0712270" lon="7.5172080">
    <ele>365.8</ele>
   </trkpt>
   <trkpt lat="45.0712090" lon="7.5172550">
    <ele>365.6</ele>
   </trkpt>
   <trkpt lat="45.0711870" lon="7.5172950">
    <ele>365.4</ele>
   </trkpt>
   <trkpt lat="45.0711690" lon="7.5173270">
    <ele>365.3</ele>
   </trkpt>
   <trkpt lat="45.0711520" lon="7.5173630">
    <ele>365.1</ele>
   </trkpt>
   <trkpt lat="45.0711350" lon="7.5174040">
    <ele>364.9</ele>
   </trkpt>
   <trkpt lat="45.0711300" lon="7.5174150">
    <ele>364.9</ele>
   </trkpt>
   <trkpt lat="45.0711260" lon="7.5174370">
    <ele>364.8</ele>
   </trkpt>
   <trkpt lat="45.0711290" lon="7.5174560">
    <ele>364.7</ele>
   </trkpt>
   <trkpt lat="45.0711290" lon="7.5174670">
    <ele>364.6</ele>
   </trkpt>
   <trkpt lat="45.0711280" lon="7.5174790">
    <ele>364.5</ele>
   </trkpt>
   <trkpt lat="45.0711380" lon="7.5174930">
    <ele>364.4</ele>
   </trkpt>
   <trkpt lat="45.0711660" lon="7.5175160">
    <ele>364.1</ele>
   </trkpt>
   <trkpt lat="45.0711760" lon="7.5175280">
    <ele>364.0</ele>
   </trkpt>
   <trkpt lat="45.0712010" lon="7.5175560">
    <ele>363.7</ele>
   </trkpt>
   <trkpt lat="45.0712340" lon="7.5175880">
    <ele>363.4</ele>
   </trkpt>
   <trkpt lat="45.0712670" lon="7.5176180">
    <ele>363.1</ele>
   </trkpt>
   <trkpt lat="45.0713010" lon="7.5176440">
    <ele>362.8</ele>
   </trkpt>
   <trkpt lat="45.0713310" lon="7.5176660">
    <ele>362.5</ele>
   </trkpt>
   <trkpt lat="45.0713600" lon="7.5176940">
    <ele>362.3</ele>
   </trkpt>
   <trkpt lat="45.0713850" lon="7.5177190">
    <ele>362.1</ele>
   </trkpt>
   <trkpt lat="45.0714110" lon="7.5177440">
    <ele>361.8</ele>
   </trkpt>
   <trkpt lat="45.0714380" lon="7.5177860">
    <ele>361.5</ele>
   </trkpt>
   <trkpt lat="45.0714700" lon="7.5178320">
    <ele>361.2</ele>
   </trkpt>
   <trkpt lat="45.0715070" lon="7.5178660">
    <ele>360.9</ele>
   </trkpt>
   <trkpt lat="45.0715420" lon="7.5178980">
    <ele>360.6</ele>
   </trkpt>
   <trkpt lat="45.0715700" lon="7.5179250">
    <ele>360.4</ele>
   </trkpt>
   <trkpt lat="45.0716000" lon="7.5179520">
    <ele>360.1</ele>
   </trkpt>
   <trkpt lat="45.0716470" lon="7.5179770">
    <ele>359.8</ele>
   </trkpt>
   <trkpt lat="45.0717000" lon="7.5179960">
    <ele>359.5</ele>
   </trkpt>
   <trkpt lat="45.0717490" lon="7.5180100">
    <ele>359.3</ele>
   </trkpt>
   <trkpt lat="45.0718000" lon="7.5180370">
    <ele>359.1</ele>
   </trkpt>
   <trkpt lat="45.0718460" lon="7.5180640">
    <ele>359.0</ele>
   </trkpt>
   <trkpt lat="45.0718840" lon="7.5180730">
    <ele>358.9</ele>
   </trkpt>
   <trkpt lat="45.0719120" lon="7.5180630">
    <ele>358.8</ele>
   </trkpt>
   <trkpt lat="45.0719480" lon="7.5180590">
    <ele>358.7</ele>
   </trkpt>
   <trkpt lat="45.0719570" lon="7.5180630">
    <ele>358.6</ele>
   </trkpt>
   <trkpt lat="45.0719730" lon="7.5180650">
    <ele>358.6</ele>
   </trkpt>
   <trkpt lat="45.0719890" lon="7.5180630">
    <ele>358.5</ele>
   </trkpt>
   <trkpt lat="45.0720060" lon="7.5180650">
    <ele>358.5</ele>
   </trkpt>
   <trkpt lat="45.0720240" lon="7.5180750">
    <ele>358.5</ele>
   </trkpt>
   <trkpt lat="45.0720600" lon="7.5181050">
    <ele>358.4</ele>
   </trkpt>
   <trkpt lat="45.0720740" lon="7.5181150">
    <ele>358.3</ele>
   </trkpt>
   <trkpt lat="45.0721040" lon="7.5181350">
    <ele>358.3</ele>
   </trkpt>
   <trkpt lat="45.0721360" lon="7.5181560">
    <ele>358.3</ele>
   </trkpt>
   <trkpt lat="45.0721690" lon="7.5181750">
    <ele>358.3</ele>
   </trkpt>
   <trkpt lat="45.0722040" lon="7.5181960">
    <ele>358.3</ele>
   </trkpt>
   <trkpt lat="45.0722320" lon="7.5182170">
    <ele>358.3</ele>
   </trkpt>
   <trkpt lat="45.0722610" lon="7.5182290">
    <ele>358.4</ele>
   </trkpt>
   <trkpt lat="45.0722680" lon="7.5182340">
    <ele>358.4</ele>
   </trkpt>
   <trkpt lat="45.0722910" lon="7.5182510">
    <ele>358.4</ele>
   </trkpt>
   <trkpt lat="45.0723000" lon="7.5182590">
    <ele>358.4</ele>
   </trkpt>
   <trkpt lat="45.0723310" lon="7.5182770">
    <ele>358.5</ele>
   </trkpt>
   <trkpt lat="45.0723400" lon="7.5182830">
    <ele>358.5</ele>
   </trkpt>
   <trkpt lat="45.0723600" lon="7.5182840">
    <ele>358.6</ele>
   </trkpt>
   <trkpt lat="45.0723690" lon="7.5182910">
    <ele>358.6</ele>
   </trkpt>
   <trkpt lat="45.0723810" lon="7.5183030">
    <ele>358.6</ele>
   </trkpt>
   <trkpt lat="45.0723960" lon="7.5183210">
    <ele>358.6</ele>
   </trkpt>
   <trkpt lat="45.0723950" lon="7.5183840">
    <ele>358.4</ele>
   </trkpt>
   <trkpt lat="45.0723900" lon="7.5184110">
    <ele>358.3</ele>
   </trkpt>
   <trkpt lat="45.0723860" lon="7.5184740">
    <ele>358.1</ele>
   </trkpt>
   <trkpt lat="45.0723800" lon="7.5185470">
    <ele>357.8</ele>
   </trkpt>
   <trkpt lat="45.0723650" lon="7.5186140">
    <ele>357.6</ele>
   </trkpt>
   <trkpt lat="45.0723560" lon="7.5186740">
    <ele>357.4</ele>
   </trkpt>
   <trkpt lat="45.0723490" lon="7.5187370">
    <ele>357.2</ele>
   </trkpt>
   <trkpt lat="45.0723400" lon="7.5188030">
    <ele>357.0</ele>
   </trkpt>
   <trkpt lat="45.0723330" lon="7.5188760">
    <ele>356.8</ele>
   </trkpt>
   <trkpt lat="45.0723190" lon="7.5189480">
    <ele>356.6</ele>
   </trkpt>
   <trkpt lat="45.0723090" lon="7.5190150">
    <ele>356.4</ele>
   </trkpt>
   <trkpt lat="45.0722970" lon="7.5190790">
    <ele>356.2</ele>
   </trkpt>
   <trkpt lat="45.0722900" lon="7.5191380">
    <ele>356.1</ele>
   </trkpt>
   <trkpt lat="45.0722840" lon="7.5192060">
    <ele>355.9</ele>
   </trkpt>
   <trkpt lat="45.0722770" lon="7.5192640">
    <ele>355.7</ele>
   </trkpt>
   <trkpt lat="45.0722770" lon="7.5193240">
    <ele>355.6</ele>
   </trkpt>
   <trkpt lat="45.0722630" lon="7.5193800">
    <ele>355.4</ele>
   </trkpt>
   <trkpt lat="45.0722490" lon="7.5194400">
    <ele>355.3</ele>
   </trkpt>
   <trkpt lat="45.0722370" lon="7.5194940">
    <ele>355.1</ele>
   </trkpt>
   <trkpt lat="45.0722300" lon="7.5195340">
    <ele>355.0</ele>
   </trkpt>
   <trkpt lat="45.0722170" lon="7.5195740">
    <ele>355.0</ele>
   </trkpt>
   <trkpt lat="45.0721970" lon="7.5196110">
    <ele>354.9</ele>
   </trkpt>
   <trkpt lat="45.0721790" lon="7.5196630">
    <ele>354.8</ele>
   </trkpt>
   <trkpt lat="45.0721710" lon="7.5196810">
    <ele>354.7</ele>
   </trkpt>
   <trkpt lat="45.0721550" lon="7.5197170">
    <ele>354.7</ele>
   </trkpt>
   <trkpt lat="45.0721360" lon="7.5197620">
    <ele>354.7</ele>
   </trkpt>
   <trkpt lat="45.0721310" lon="7.5197750">
    <ele>354.7</ele>
   </trkpt>
   <trkpt lat="45.0721270" lon="7.5198120">
    <ele>354.7</ele>
   </trkpt>
   <trkpt lat="45.0721260" lon="7.5198270">
    <ele>354.7</ele>
   </trkpt>
   <trkpt lat="45.0721290" lon="7.5198800">
    <ele>354.7</ele>
   </trkpt>
   <trkpt lat="45.0721300" lon="7.5199000">
    <ele>354.7</ele>
   </trkpt>
   <trkpt lat="45.0721370" lon="7.5199420">
    <ele>354.7</ele>
   </trkpt>
   <trkpt lat="45.0721690" lon="7.5199620">
    <ele>354.6</ele>
   </trkpt>
   <trkpt lat="45.0721850" lon="7.5199610">
    <ele>354.6</ele>
   </trkpt>
   <trkpt lat="45.0722270" lon="7.5199440">
    <ele>354.6</ele>
   </trkpt>
   <trkpt lat="45.0722650" lon="7.5199330">
    <ele>354.5</ele>
   </trkpt>
   <trkpt lat="45.0723010" lon="7.5199280">
    <ele>354.5</ele>
   </trkpt>
   <trkpt lat="45.0723360" lon="7.5199340">
    <ele>354.5</ele>
   </trkpt>
   <trkpt lat="45.0723750" lon="7.5199340">
    <ele>354.4</ele>
   </trkpt>
   <trkpt lat="45.0723870" lon="7.5199330">
    <ele>354.4</ele>
   </trkpt>
   <trkpt lat="45.0724140" lon="7.5199290">
    <ele>354.4</ele>
   </trkpt>
   <trkpt lat="45.0724490" lon="7.5199190">
    <ele>354.3</ele>
   </trkpt>
   <trkpt lat="45.0724600" lon="7.5199180">
    <ele>354.3</ele>
   </trkpt>
   <trkpt lat="45.0724670" lon="7.5199260">
    <ele>354.3</ele>
   </trkpt>
   <trkpt lat="45.0724600" lon="7.5199310">
    <ele>354.3</ele>
   </trkpt>
   <trkpt lat="45.0724520" lon="7.5199360">
    <ele>354.3</ele>
   </trkpt>
   <trkpt lat="45.0724440" lon="7.5199410">
    <ele>354.3</ele>
   </trkpt>
   <trkpt lat="45.0724370" lon="7.5199460">
    <ele>354.3</ele>
   </trkpt>
   <trkpt lat="45.0724290" lon="7.5199510">
    <ele>354.3</ele>
   </trkpt>
   <trkpt lat="45.0724010" lon="7.5199530">
    <ele>354.3</ele>
   </trkpt>
   <trkpt lat="45.0723660" lon="7.5199490">
    <ele>354.4</ele>
   </trkpt>
   <trkpt lat="45.0723530" lon="7.5199490">
    <ele>354.4</ele>
   </trkpt>
   <trkpt lat="45.0723180" lon="7.5199460">
    <ele>354.5</ele>
   </trkpt>
   <trkpt lat="45.0722800" lon="7.5199480">
    <ele>354.5</ele>
   </trkpt>
   <trkpt lat="45.0722450" lon="7.5199500">
    <ele>354.6</ele>
   </trkpt>
   <trkpt lat="45.0721720" lon="7.5199460">
    <ele>354.6</ele>
   </trkpt>
   <trkpt lat="45.0721230" lon="7.5199390">
    <ele>354.7</ele>
   </trkpt>
   <trkpt lat="45.0721100" lon="7.5199430">
    <ele>354.7</ele>
   </trkpt>
   <trkpt lat="45.0721040" lon="7.5199540">
    <ele>354.7</ele>
   </trkpt>
   <trkpt lat="45.0721020" lon="7.5199740">
    <ele>354.7</ele>
   </trkpt>
   <trkpt lat="45.0721040" lon="7.5199910">
    <ele>354.7</ele>
   </trkpt>
   <trkpt lat="45.0721010" lon="7.5200170">
    <ele>354.6</ele>
   </trkpt>
   <trkpt lat="45.0720900" lon="7.5200620">
    <ele>354.4</ele>
   </trkpt>
   <trkpt lat="45.0720770" lon="7.5201190">
    <ele>354.2</ele>
   </trkpt>
   <trkpt lat="45.0720720" lon="7.5201780">
    <ele>354.0</ele>
   </trkpt>
   <trkpt lat="45.0720710" lon="7.5202410">
    <ele>353.7</ele>
   </trkpt>
   <trkpt lat="45.0720630" lon="7.5203120">
    <ele>353.5</ele>
   </trkpt>
   <trkpt lat="45.0720580" lon="7.5203890">
    <ele>353.2</ele>
   </trkpt>
   <trkpt lat="45.0720430" lon="7.5205250">
    <ele>352.9</ele>
   </trkpt>
   <trkpt lat="45.0720390" lon="7.5205930">
    <ele>352.8</ele>
   </trkpt>
   <trkpt lat="45.0720420" lon="7.5206550">
    <ele>352.8</ele>
   </trkpt>
   <trkpt lat="45.0720400" lon="7.5207000">
    <ele>352.8</ele>
   </trkpt>
   <trkpt lat="45.0720440" lon="7.5207490">
    <ele>352.7</ele>
   </trkpt>
   <trkpt lat="45.0720450" lon="7.5207640">
    <ele>352.7</ele>
   </trkpt>
   <trkpt lat="45.0720460" lon="7.5207730">
    <ele>352.6</ele>
   </trkpt>
   <trkpt lat="45.0720430" lon="7.5207740">
    <ele>352.6</ele>
   </trkpt>
   <trkpt lat="45.0720430" lon="7.5207890">
    <ele>352.6</ele>
   </trkpt>
   <trkpt lat="45.0720450" lon="7.5208130">
    <ele>352.5</ele>
   </trkpt>
   <trkpt lat="45.0720470" lon="7.5208510">
    <ele>352.4</ele>
   </trkpt>
   <trkpt lat="45.0720460" lon="7.5208930">
    <ele>352.3</ele>
   </trkpt>
   <trkpt lat="45.0720450" lon="7.5209080">
    <ele>352.2</ele>
   </trkpt>
   <trkpt lat="45.0720440" lon="7.5209640">
    <ele>352.1</ele>
   </trkpt>
   <trkpt lat="45.0720450" lon="7.5209830">
    <ele>352.0</ele>
   </trkpt>
   <trkpt lat="45.0720530" lon="7.5210220">
    <ele>351.9</ele>
   </trkpt>
   <trkpt lat="45.0720700" lon="7.5210610">
    <ele>351.8</ele>
   </trkpt>
   <trkpt lat="45.0720880" lon="7.5211030">
    <ele>351.6</ele>
   </trkpt>
   <trkpt lat="45.0721070" lon="7.5211510">
    <ele>351.5</ele>
   </trkpt>
   <trkpt lat="45.0721240" lon="7.5211960">
    <ele>351.3</ele>
   </trkpt>
   <trkpt lat="45.0721430" lon="7.5212550">
    <ele>351.1</ele>
   </trkpt>
   <trkpt lat="45.0721670" lon="7.5213070">
    <ele>350.9</ele>
   </trkpt>
   <trkpt lat="45.0721870" lon="7.5213640">
    <ele>350.7</ele>
   </trkpt>
   <trkpt lat="45.0722130" lon="7.5214220">
    <ele>350.5</ele>
   </trkpt>
   <trkpt lat="45.0722360" lon="7.5214670">
    <ele>350.4</ele>
   </trkpt>
   <trkpt lat="45.0722560" lon="7.5215000">
    <ele>350.2</ele>
   </trkpt>
   <trkpt lat="45.0722740" lon="7.5215330">
    <ele>350.1</ele>
   </trkpt>
   <trkpt lat="45.0722960" lon="7.5215650">
    <ele>350.0</ele>
   </trkpt>
   <trkpt lat="45.0723190" lon="7.5216010">
    <ele>349.9</ele>
   </trkpt>
   <trkpt lat="45.0723240" lon="7.5216110">
    <ele>349.8</ele>
   </trkpt>
   <trkpt lat="45.0723370" lon="7.5216340">
    <ele>349.8</ele>
   </trkpt>
   <trkpt lat="45.0723400" lon="7.5216440">
    <ele>349.7</ele>
   </trkpt>
   <trkpt lat="45.0723440" lon="7.5216530">
    <ele>349.7</ele>
   </trkpt>
   <trkpt lat="45.0723500" lon="7.5216670">
    <ele>349.7</ele>
   </trkpt>
   <trkpt lat="45.0723530" lon="7.5216830">
    <ele>349.6</ele>
   </trkpt>
   <trkpt lat="45.0723490" lon="7.5216950">
    <ele>349.6</ele>
   </trkpt>
   <trkpt lat="45.0723400" lon="7.5216930">
    <ele>349.6</ele>
   </trkpt>
   <trkpt lat="45.0723340" lon="7.5216790">
    <ele>349.5</ele>
   </trkpt>
   <trkpt lat="45.0723270" lon="7.5216550">
    <ele>349.5</ele>
   </trkpt>
   <trkpt lat="45.0723200" lon="7.5216350">
    <ele>349.4</ele>
   </trkpt>
   <trkpt lat="45.0723170" lon="7.5216240">
    <ele>349.4</ele>
   </trkpt>
   <trkpt lat="45.0723160" lon="7.5216180">
    <ele>349.4</ele>
   </trkpt>
   <trkpt lat="45.0723190" lon="7.5216160">
    <ele>349.4</ele>
   </trkpt>
   <trkpt lat="45.0723200" lon="7.5216140">
    <ele>349.4</ele>
   </trkpt>
   <trkpt lat="45.0723210" lon="7.5216140">
    <ele>349.4</ele>
   </trkpt>
   <trkpt lat="45.0723210" lon="7.5216140">
    <ele>349.4</ele>
   </trkpt>
   <trkpt lat="45.0723210" lon="7.5216140">
    <ele>349.4</ele>
   </trkpt>
   <trkpt lat="45.0723210" lon="7.5216140">
    <ele>349.4</ele>
   </trkpt>
   <trkpt lat="45.0723210" lon="7.5216140">
    <ele>349.4</ele>
   </trkpt>
   <trkpt lat="45.0723160" lon="7.5216000">
    <ele>349.4</ele>
   </trkpt>
   <trkpt lat="45.0723160" lon="7.5215890">
    <ele>349.3</ele>
   </trkpt>
   <trkpt lat="45.0723200" lon="7.5215920">
    <ele>349.3</ele>
   </trkpt>
   <trkpt lat="45.0723250" lon="7.5216010">
    <ele>349.3</ele>
   </trkpt>
   <trkpt lat="45.0723300" lon="7.5216270">
    <ele>349.2</ele>
   </trkpt>
   <trkpt lat="45.0723380" lon="7.5216580">
    <ele>349.2</ele>
   </trkpt>
   <trkpt lat="45.0723510" lon="7.5216930">
    <ele>349.1</ele>
   </trkpt>
   <trkpt lat="45.0723690" lon="7.5217220">
    <ele>349.0</ele>
   </trkpt>
   <trkpt lat="45.0723840" lon="7.5217640">
    <ele>349.0</ele>
   </trkpt>
   <trkpt lat="45.0723900" lon="7.5217820">
    <ele>348.9</ele>
   </trkpt>
   <trkpt lat="45.0724080" lon="7.5218160">
    <ele>348.9</ele>
   </trkpt>
   <trkpt lat="45.0724230" lon="7.5218480">
    <ele>348.8</ele>
   </trkpt>
   <trkpt lat="45.0724410" lon="7.5218850">
    <ele>348.7</ele>
   </trkpt>
   <trkpt lat="45.0724570" lon="7.5219250">
    <ele>348.7</ele>
   </trkpt>
   <trkpt lat="45.0724690" lon="7.5219630">
    <ele>348.6</ele>
   </trkpt>
   <trkpt lat="45.0724840" lon="7.5220000">
    <ele>348.5</ele>
   </trkpt>
   <trkpt lat="45.0724970" lon="7.5220390">
    <ele>348.5</ele>
   </trkpt>
   <trkpt lat="45.0725100" lon="7.5220820">
    <ele>348.4</ele>
   </trkpt>
   <trkpt lat="45.0725230" lon="7.5221250">
    <ele>348.3</ele>
   </trkpt>
   <trkpt lat="45.0725370" lon="7.5221660">
    <ele>348.3</ele>
   </trkpt>
   <trkpt lat="45.0725530" lon="7.5222130">
    <ele>348.2</ele>
   </trkpt>
   <trkpt lat="45.0725720" lon="7.5222700">
    <ele>348.0</ele>
   </trkpt>
   <trkpt lat="45.0725980" lon="7.5223250">
    <ele>347.9</ele>
   </trkpt>
   <trkpt lat="45.0726140" lon="7.5223810">
    <ele>347.8</ele>
   </trkpt>
   <trkpt lat="45.0726250" lon="7.5224410">
    <ele>347.7</ele>
   </trkpt>
   <trkpt lat="45.0726500" lon="7.5225490">
    <ele>347.6</ele>
   </trkpt>
   <trkpt lat="45.0726630" lon="7.5226060">
    <ele>347.5</ele>
   </trkpt>
   <trkpt lat="45.0726770" lon="7.5226650">
    <ele>347.5</ele>
   </trkpt>
   <trkpt lat="45.0726980" lon="7.5227240">
    <ele>347.4</ele>
   </trkpt>
   <trkpt lat="45.0727200" lon="7.5227830">
    <ele>347.3</ele>
   </trkpt>
   <trkpt lat="45.0727360" lon="7.5228440">
    <ele>347.3</ele>
   </trkpt>
   <trkpt lat="45.0727530" lon="7.5229070">
    <ele>347.3</ele>
   </trkpt>
   <trkpt lat="45.0727690" lon="7.5229690">
    <ele>347.2</ele>
   </trkpt>
   <trkpt lat="45.0727850" lon="7.5230320">
    <ele>347.2</ele>
   </trkpt>
   <trkpt lat="45.0727990" lon="7.5230980">
    <ele>347.2</ele>
   </trkpt>
   <trkpt lat="45.0728120" lon="7.5231670">
    <ele>347.2</ele>
   </trkpt>
   <trkpt lat="45.0728220" lon="7.5232390">
    <ele>347.2</ele>
   </trkpt>
   <trkpt lat="45.0728360" lon="7.5233080">
    <ele>347.2</ele>
   </trkpt>
   <trkpt lat="45.0728500" lon="7.5233770">
    <ele>347.2</ele>
   </trkpt>
   <trkpt lat="45.0728610" lon="7.5234440">
    <ele>347.2</ele>
   </trkpt>
   <trkpt lat="45.0728760" lon="7.5235110">
    <ele>347.2</ele>
   </trkpt>
   <trkpt lat="45.0728930" lon="7.5235730">
    <ele>347.3</ele>
   </trkpt>
   <trkpt lat="45.0729090" lon="7.5236370">
    <ele>347.3</ele>
   </trkpt>
   <trkpt lat="45.0729330" lon="7.5236940">
    <ele>347.3</ele>
   </trkpt>
   <trkpt lat="45.0729600" lon="7.5237520">
    <ele>347.4</ele>
   </trkpt>
   <trkpt lat="45.0729840" lon="7.5238020">
    <ele>347.4</ele>
   </trkpt>
   <trkpt lat="45.0730050" lon="7.5238590">
    <ele>347.4</ele>
   </trkpt>
   <trkpt lat="45.0730120" lon="7.5239110">
    <ele>347.4</ele>
   </trkpt>
   <trkpt lat="45.0730180" lon="7.5239830">
    <ele>347.4</ele>
   </trkpt>
   <trkpt lat="45.0730310" lon="7.5240410">
    <ele>347.3</ele>
   </trkpt>
   <trkpt lat="45.0730650" lon="7.5240740">
    <ele>347.2</ele>
   </trkpt>
   <trkpt lat="45.0731100" lon="7.5240900">
    <ele>347.2</ele>
   </trkpt>
   <trkpt lat="45.0731510" lon="7.5241060">
    <ele>347.1</ele>
   </trkpt>
   <trkpt lat="45.0731870" lon="7.5241290">
    <ele>347.0</ele>
   </trkpt>
   <trkpt lat="45.0732300" lon="7.5241520">
    <ele>347.0</ele>
   </trkpt>
   <trkpt lat="45.0732770" lon="7.5241680">
    <ele>346.9</ele>
   </trkpt>
   <trkpt lat="45.0733250" lon="7.5241740">
    <ele>346.8</ele>
   </trkpt>
   <trkpt lat="45.0733730" lon="7.5241810">
    <ele>346.7</ele>
   </trkpt>
   <trkpt lat="45.0734190" lon="7.5242010">
    <ele>346.7</ele>
   </trkpt>
   <trkpt lat="45.0734560" lon="7.5242230">
    <ele>346.6</ele>
   </trkpt>
   <trkpt lat="45.0734960" lon="7.5242430">
    <ele>346.6</ele>
   </trkpt>
   <trkpt lat="45.0735370" lon="7.5242650">
    <ele>346.5</ele>
   </trkpt>
   <trkpt lat="45.0735820" lon="7.5242840">
    <ele>346.5</ele>
   </trkpt>
   <trkpt lat="45.0736260" lon="7.5243040">
    <ele>346.4</ele>
   </trkpt>
   <trkpt lat="45.0736680" lon="7.5243260">
    <ele>346.3</ele>
   </trkpt>
   <trkpt lat="45.0737060" lon="7.5243550">
    <ele>346.3</ele>
   </trkpt>
   <trkpt lat="45.0737860" lon="7.5243900">
    <ele>346.2</ele>
   </trkpt>
   <trkpt lat="45.0738300" lon="7.5244040">
    <ele>346.2</ele>
   </trkpt>
   <trkpt lat="45.0738730" lon="7.5244170">
    <ele>346.2</ele>
   </trkpt>
   <trkpt lat="45.0739110" lon="7.5244340">
    <ele>346.2</ele>
   </trkpt>
   <trkpt lat="45.0739450" lon="7.5244530">
    <ele>346.1</ele>
   </trkpt>
   <trkpt lat="45.0739670" lon="7.5244760">
    <ele>346.0</ele>
   </trkpt>
   <trkpt lat="45.0739720" lon="7.5245170">
    <ele>345.9</ele>
   </trkpt>
   <trkpt lat="45.0739750" lon="7.5245570">
    <ele>345.8</ele>
   </trkpt>
   <trkpt lat="45.0739840" lon="7.5245960">
    <ele>345.8</ele>
   </trkpt>
   <trkpt lat="45.0739990" lon="7.5246370">
    <ele>345.7</ele>
   </trkpt>
   <trkpt lat="45.0740140" lon="7.5246770">
    <ele>345.6</ele>
   </trkpt>
   <trkpt lat="45.0740320" lon="7.5247200">
    <ele>345.6</ele>
   </trkpt>
   <trkpt lat="45.0740480" lon="7.5247580">
    <ele>345.5</ele>
   </trkpt>
   <trkpt lat="45.0740710" lon="7.5247970">
    <ele>345.5</ele>
   </trkpt>
   <trkpt lat="45.0740910" lon="7.5248320">
    <ele>345.4</ele>
   </trkpt>
   <trkpt lat="45.0741100" lon="7.5248630">
    <ele>345.4</ele>
   </trkpt>
   <trkpt lat="45.0741250" lon="7.5248950">
    <ele>345.4</ele>
   </trkpt>
   <trkpt lat="45.0741470" lon="7.5249190">
    <ele>345.3</ele>
   </trkpt>
   <trkpt lat="45.0741540" lon="7.5249270">
    <ele>345.3</ele>
   </trkpt>
   <trkpt lat="45.0741750" lon="7.5249750">
    <ele>345.3</ele>
   </trkpt>
   <trkpt lat="45.0741840" lon="7.5249920">
    <ele>345.2</ele>
   </trkpt>
   <trkpt lat="45.0742010" lon="7.5250340">
    <ele>345.2</ele>
   </trkpt>
   <trkpt lat="45.0742180" lon="7.5250880">
    <ele>345.1</ele>
   </trkpt>
   <trkpt lat="45.0742380" lon="7.5251360">
    <ele>345.1</ele>
   </trkpt>
   <trkpt lat="45.0742630" lon="7.5251900">
    <ele>345.0</ele>
   </trkpt>
   <trkpt lat="45.0742850" lon="7.5252370">
    <ele>345.0</ele>
   </trkpt>
   <trkpt lat="45.0743000" lon="7.5252810">
    <ele>344.9</ele>
   </trkpt>
   <trkpt lat="45.0743120" lon="7.5253240">
    <ele>344.9</ele>
   </trkpt>
   <trkpt lat="45.0743300" lon="7.5253730">
    <ele>344.9</ele>
   </trkpt>
   <trkpt lat="45.0743380" lon="7.5253900">
    <ele>344.9</ele>
   </trkpt>
   <trkpt lat="45.0743520" lon="7.5254270">
    <ele>344.8</ele>
   </trkpt>
   <trkpt lat="45.0743640" lon="7.5254650">
    <ele>344.8</ele>
   </trkpt>
   <trkpt lat="45.0743760" lon="7.5255070">
    <ele>344.8</ele>
   </trkpt>
   <trkpt lat="45.0743900" lon="7.5255420">
    <ele>344.8</ele>
   </trkpt>
   <trkpt lat="45.0744000" lon="7.5255830">
    <ele>344.8</ele>
   </trkpt>
   <trkpt lat="45.0744130" lon="7.5256310">
    <ele>344.8</ele>
   </trkpt>
   <trkpt lat="45.0744290" lon="7.5256860">
    <ele>344.8</ele>
   </trkpt>
   <trkpt lat="45.0744420" lon="7.5257370">
    <ele>344.7</ele>
   </trkpt>
   <trkpt lat="45.0744540" lon="7.5257920">
    <ele>344.7</ele>
   </trkpt>
   <trkpt lat="45.0744590" lon="7.5258460">
    <ele>344.7</ele>
   </trkpt>
   <trkpt lat="45.0744660" lon="7.5258970">
    <ele>344.7</ele>
   </trkpt>
   <trkpt lat="45.0744680" lon="7.5259510">
    <ele>344.7</ele>
   </trkpt>
   <trkpt lat="45.0744700" lon="7.5260020">
    <ele>344.7</ele>
   </trkpt>
   <trkpt lat="45.0744690" lon="7.5260560">
    <ele>344.7</ele>
   </trkpt>
   <trkpt lat="45.0744720" lon="7.5261080">
    <ele>344.7</ele>
   </trkpt>
   <trkpt lat="45.0744710" lon="7.5261600">
    <ele>344.7</ele>
   </trkpt>
   <trkpt lat="45.0744710" lon="7.5262060">
    <ele>344.7</ele>
   </trkpt>
   <trkpt lat="45.0744730" lon="7.5262460">
    <ele>344.7</ele>
   </trkpt>
   <trkpt lat="45.0744850" lon="7.5262810">
    <ele>344.6</ele>
   </trkpt>
   <trkpt lat="45.0744990" lon="7.5263200">
    <ele>344.6</ele>
   </trkpt>
   <trkpt lat="45.0745120" lon="7.5263680">
    <ele>344.6</ele>
   </trkpt>
   <trkpt lat="45.0745170" lon="7.5263830">
    <ele>344.6</ele>
   </trkpt>
   <trkpt lat="45.0745370" lon="7.5264500">
    <ele>344.6</ele>
   </trkpt>
   <trkpt lat="45.0745420" lon="7.5265000">
    <ele>344.6</ele>
   </trkpt>
   <trkpt lat="45.0745430" lon="7.5265150">
    <ele>344.6</ele>
   </trkpt>
   <trkpt lat="45.0745510" lon="7.5265610">
    <ele>344.6</ele>
   </trkpt>
   <trkpt lat="45.0745540" lon="7.5265750">
    <ele>344.6</ele>
   </trkpt>
   <trkpt lat="45.0745630" lon="7.5265930">
    <ele>344.5</ele>
   </trkpt>
   <trkpt lat="45.0745710" lon="7.5266000">
    <ele>344.5</ele>
   </trkpt>
   <trkpt lat="45.0745850" lon="7.5265980">
    <ele>344.5</ele>
   </trkpt>
   <trkpt lat="45.0746000" lon="7.5266030">
    <ele>344.5</ele>
   </trkpt>
   <trkpt lat="45.0746100" lon="7.5266150">
    <ele>344.4</ele>
   </trkpt>
   <trkpt lat="45.0746340" lon="7.5266420">
    <ele>344.3</ele>
   </trkpt>
   <trkpt lat="45.0746410" lon="7.5266520">
    <ele>344.3</ele>
   </trkpt>
   <trkpt lat="45.0746840" lon="7.5266970">
    <ele>344.0</ele>
   </trkpt>
   <trkpt lat="45.0747070" lon="7.5267270">
    <ele>344.0</ele>
   </trkpt>
   <trkpt lat="45.0747260" lon="7.5267560">
    <ele>344.0</ele>
   </trkpt>
   <trkpt lat="45.0747550" lon="7.5267880">
    <ele>344.0</ele>
   </trkpt>
   <trkpt lat="45.0747650" lon="7.5267990">
    <ele>343.9</ele>
   </trkpt>
   <trkpt lat="45.0747890" lon="7.5268190">
    <ele>343.8</ele>
   </trkpt>
   <trkpt lat="45.0748210" lon="7.5268300">
    <ele>343.8</ele>
   </trkpt>
   <trkpt lat="45.0748300" lon="7.5268290">
    <ele>343.7</ele>
   </trkpt>
   <trkpt lat="45.0748390" lon="7.5268400">
    <ele>343.7</ele>
   </trkpt>
   <trkpt lat="45.0748400" lon="7.5268560">
    <ele>343.7</ele>
   </trkpt>
   <trkpt lat="45.0748420" lon="7.5268710">
    <ele>343.6</ele>
   </trkpt>
   <trkpt lat="45.0748430" lon="7.5268870">
    <ele>343.6</ele>
   </trkpt>
   <trkpt lat="45.0748450" lon="7.5269020">
    <ele>343.6</ele>
   </trkpt>
   <trkpt lat="45.0748710" lon="7.5269670">
    <ele>343.4</ele>
   </trkpt>
   <trkpt lat="45.0748900" lon="7.5270150">
    <ele>343.3</ele>
   </trkpt>
   <trkpt lat="45.0749110" lon="7.5270570">
    <ele>343.2</ele>
   </trkpt>
   <trkpt lat="45.0749350" lon="7.5270850">
    <ele>343.1</ele>
   </trkpt>
   <trkpt lat="45.0749500" lon="7.5270900">
    <ele>343.1</ele>
   </trkpt>
   <trkpt lat="45.0749450" lon="7.5270900">
    <ele>343.0</ele>
   </trkpt>
   <trkpt lat="45.0749390" lon="7.5270740">
    <ele>343.0</ele>
   </trkpt>
   <trkpt lat="45.0749370" lon="7.5270720">
    <ele>343.0</ele>
   </trkpt>
   <trkpt lat="45.0749370" lon="7.5270710">
    <ele>343.0</ele>
   </trkpt>
   <trkpt lat="45.0749370" lon="7.5270710">
    <ele>343.0</ele>
   </trkpt>
   <trkpt lat="45.0749370" lon="7.5270710">
    <ele>343.0</ele>
   </trkpt>
   <trkpt lat="45.0749370" lon="7.5270710">
    <ele>343.0</ele>
   </trkpt>
   <trkpt lat="45.0749370" lon="7.5270710">
    <ele>343.0</ele>
   </trkpt>
   <trkpt lat="45.0749370" lon="7.5270710">
    <ele>343.0</ele>
   </trkpt>
   <trkpt lat="45.0749370" lon="7.5270710">
    <ele>343.0</ele>
   </trkpt>
   <trkpt lat="45.0749540" lon="7.5271150">
    <ele>342.9</ele>
   </trkpt>
   <trkpt lat="45.0749460" lon="7.5271540">
    <ele>342.8</ele>
   </trkpt>
   <trkpt lat="45.0749320" lon="7.5271980">
    <ele>342.7</ele>
   </trkpt>
   <trkpt lat="45.0749210" lon="7.5272480">
    <ele>342.7</ele>
   </trkpt>
   <trkpt lat="45.0749140" lon="7.5273060">
    <ele>342.6</ele>
   </trkpt>
   <trkpt lat="45.0749050" lon="7.5273680">
    <ele>342.5</ele>
   </trkpt>
   <trkpt lat="45.0749010" lon="7.5274290">
    <ele>342.5</ele>
   </trkpt>
   <trkpt lat="45.0748900" lon="7.5274960">
    <ele>342.4</ele>
   </trkpt>
   <trkpt lat="45.0748760" lon="7.5275640">
    <ele>342.3</ele>
   </trkpt>
   <trkpt lat="45.0748430" lon="7.5276930">
    <ele>342.2</ele>
   </trkpt>
   <trkpt lat="45.0748270" lon="7.5277580">
    <ele>342.2</ele>
   </trkpt>
   <trkpt lat="45.0748090" lon="7.5278180">
    <ele>342.1</ele>
   </trkpt>
   <trkpt lat="45.0747920" lon="7.5278860">
    <ele>342.0</ele>
   </trkpt>
   <trkpt lat="45.0747720" lon="7.5279630">
    <ele>341.9</ele>
   </trkpt>
   <trkpt lat="45.0747570" lon="7.5280370">
    <ele>341.8</ele>
   </trkpt>
   <trkpt lat="45.0747390" lon="7.5281080">
    <ele>341.7</ele>
   </trkpt>
   <trkpt lat="45.0747220" lon="7.5281790">
    <ele>341.6</ele>
   </trkpt>
   <trkpt lat="45.0747060" lon="7.5282550">
    <ele>341.5</ele>
   </trkpt>
   <trkpt lat="45.0746860" lon="7.5283270">
    <ele>341.4</ele>
   </trkpt>
   <trkpt lat="45.0746590" lon="7.5284110">
    <ele>341.3</ele>
   </trkpt>
   <trkpt lat="45.0746290" lon="7.5285400">
    <ele>341.2</ele>
   </trkpt>
   <trkpt lat="45.0746040" lon="7.5286460">
    <ele>341.0</ele>
   </trkpt>
   <trkpt lat="45.0745970" lon="7.5286830">
    <ele>341.0</ele>
   </trkpt>
   <trkpt lat="45.0745830" lon="7.5287610">
    <ele>340.9</ele>
   </trkpt>
   <trkpt lat="45.0745720" lon="7.5288480">
    <ele>340.8</ele>
   </trkpt>
   <trkpt lat="45.0745500" lon="7.5289250">
    <ele>340.8</ele>
   </trkpt>
   <trkpt lat="45.0745370" lon="7.5289970">
    <ele>340.7</ele>
   </trkpt>
   <trkpt lat="45.0745210" lon="7.5290720">
    <ele>340.6</ele>
   </trkpt>
   <trkpt lat="45.0745070" lon="7.5291540">
    <ele>340.6</ele>
   </trkpt>
   <trkpt lat="45.0744900" lon="7.5292450">
    <ele>340.6</ele>
   </trkpt>
   <trkpt lat="45.0744760" lon="7.5293490">
    <ele>340.5</ele>
   </trkpt>
   <trkpt lat="45.0744670" lon="7.5294490">
    <ele>340.4</ele>
   </trkpt>
   <trkpt lat="45.0744660" lon="7.5295410">
    <ele>340.4</ele>
   </trkpt>
   <trkpt lat="45.0744870" lon="7.5296220">
    <ele>340.3</ele>
   </trkpt>
   <trkpt lat="45.0744990" lon="7.5296970">
    <ele>340.3</ele>
   </trkpt>
   <trkpt lat="45.0745000" lon="7.5297730">
    <ele>340.2</ele>
   </trkpt>
   <trkpt lat="45.0745030" lon="7.5298530">
    <ele>340.2</ele>
   </trkpt>
   <trkpt lat="45.0745040" lon="7.5299380">
    <ele>340.1</ele>
   </trkpt>
   <trkpt lat="45.0745030" lon="7.5300180">
    <ele>340.1</ele>
   </trkpt>
   <trkpt lat="45.0745030" lon="7.5301020">
    <ele>340.0</ele>
   </trkpt>
   <trkpt lat="45.0745000" lon="7.5301830">
    <ele>340.0</ele>
   </trkpt>
   <trkpt lat="45.0744960" lon="7.5302610">
    <ele>339.9</ele>
   </trkpt>
   <trkpt lat="45.0744900" lon="7.5303320">
    <ele>339.9</ele>
   </trkpt>
   <trkpt lat="45.0744890" lon="7.5304150">
    <ele>339.8</ele>
   </trkpt>
   <trkpt lat="45.0744890" lon="7.5304980">
    <ele>339.8</ele>
   </trkpt>
   <trkpt lat="45.0744870" lon="7.5305820">
    <ele>339.7</ele>
   </trkpt>
   <trkpt lat="45.0744740" lon="7.5306840">
    <ele>339.7</ele>
   </trkpt>
   <trkpt lat="45.0744230" lon="7.5308100">
    <ele>339.6</ele>
   </trkpt>
   <trkpt lat="45.0743660" lon="7.5309830">
    <ele>339.5</ele>
   </trkpt>
   <trkpt lat="45.0743590" lon="7.5310790">
    <ele>339.5</ele>
   </trkpt>
   <trkpt lat="45.0744000" lon="7.5310980">
    <ele>339.4</ele>
   </trkpt>
   <trkpt lat="45.0744180" lon="7.5311070">
    <ele>339.4</ele>
   </trkpt>
   <trkpt lat="45.0744590" lon="7.5311540">
    <ele>339.4</ele>
   </trkpt>
   <trkpt lat="45.0744920" lon="7.5312320">
    <ele>339.4</ele>
   </trkpt>
   <trkpt lat="45.0745470" lon="7.5312950">
    <ele>339.3</ele>
   </trkpt>
   <trkpt lat="45.0745920" lon="7.5313500">
    <ele>339.1</ele>
   </trkpt>
   <trkpt lat="45.0746210" lon="7.5314190">
    <ele>339.0</ele>
   </trkpt>
   <trkpt lat="45.0746180" lon="7.5314840">
    <ele>338.8</ele>
   </trkpt>
   <trkpt lat="45.0746000" lon="7.5315620">
    <ele>338.6</ele>
   </trkpt>
   <trkpt lat="45.0745790" lon="7.5316280">
    <ele>338.5</ele>
   </trkpt>
   <trkpt lat="45.0745670" lon="7.5317010">
    <ele>338.3</ele>
   </trkpt>
   <trkpt lat="45.0745510" lon="7.5317840">
    <ele>338.1</ele>
   </trkpt>
   <trkpt lat="45.0745320" lon="7.5318660">
    <ele>338.0</ele>
   </trkpt>
   <trkpt lat="45.0745250" lon="7.5319400">
    <ele>337.9</ele>
   </trkpt>
   <trkpt lat="45.0745150" lon="7.5320150">
    <ele>337.8</ele>
   </trkpt>
   <trkpt lat="45.0745120" lon="7.5320940">
    <ele>337.8</ele>
   </trkpt>
   <trkpt lat="45.0745040" lon="7.5321710">
    <ele>337.7</ele>
   </trkpt>
   <trkpt lat="45.0744880" lon="7.5322490">
    <ele>337.7</ele>
   </trkpt>
   <trkpt lat="45.0744790" lon="7.5323200">
    <ele>337.6</ele>
   </trkpt>
   <trkpt lat="45.0744690" lon="7.5324000">
    <ele>337.6</ele>
   </trkpt>
   <trkpt lat="45.0744600" lon="7.5324890">
    <ele>337.5</ele>
   </trkpt>
   <trkpt lat="45.0744600" lon="7.5325750">
    <ele>337.5</ele>
   </trkpt>
   <trkpt lat="45.0744540" lon="7.5326710">
    <ele>337.4</ele>
   </trkpt>
   <trkpt lat="45.0744560" lon="7.5327570">
    <ele>337.4</ele>
   </trkpt>
   <trkpt lat="45.0744490" lon="7.5328290">
    <ele>337.3</ele>
   </trkpt>
   <trkpt lat="45.0744320" lon="7.5329030">
    <ele>337.3</ele>
   </trkpt>
   <trkpt lat="45.0744200" lon="7.5329870">
    <ele>337.2</ele>
   </trkpt>
   <trkpt lat="45.0744090" lon="7.5330740">
    <ele>337.1</ele>
   </trkpt>
   <trkpt lat="45.0744000" lon="7.5331490">
    <ele>337.1</ele>
   </trkpt>
   <trkpt lat="45.0743960" lon="7.5332250">
    <ele>337.1</ele>
   </trkpt>
   <trkpt lat="45.0743910" lon="7.5333020">
    <ele>337.0</ele>
   </trkpt>
   <trkpt lat="45.0743820" lon="7.5333840">
    <ele>337.0</ele>
   </trkpt>
   <trkpt lat="45.0743730" lon="7.5334740">
    <ele>337.0</ele>
   </trkpt>
   <trkpt lat="45.0743700" lon="7.5335630">
    <ele>337.0</ele>
   </trkpt>
   <trkpt lat="45.0743660" lon="7.5336420">
    <ele>337.0</ele>
   </trkpt>
   <trkpt lat="45.0743640" lon="7.5337170">
    <ele>337.0</ele>
   </trkpt>
   <trkpt lat="45.0743540" lon="7.5337960">
    <ele>337.0</ele>
   </trkpt>
   <trkpt lat="45.0743510" lon="7.5338790">
    <ele>337.0</ele>
   </trkpt>
   <trkpt lat="45.0743440" lon="7.5339580">
    <ele>337.0</ele>
   </trkpt>
   <trkpt lat="45.0743290" lon="7.5340380">
    <ele>337.0</ele>
   </trkpt>
   <trkpt lat="45.0743060" lon="7.5341140">
    <ele>337.0</ele>
   </trkpt>
   <trkpt lat="45.0742850" lon="7.5341840">
    <ele>337.0</ele>
   </trkpt>
   <trkpt lat="45.0742640" lon="7.5342570">
    <ele>337.0</ele>
   </trkpt>
   <trkpt lat="45.0742430" lon="7.5343320">
    <ele>337.0</ele>
   </trkpt>
   <trkpt lat="45.0742210" lon="7.5344010">
    <ele>337.0</ele>
   </trkpt>
   <trkpt lat="45.0741960" lon="7.5344800">
    <ele>337.0</ele>
   </trkpt>
   <trkpt lat="45.0741760" lon="7.5345620">
    <ele>337.0</ele>
   </trkpt>
   <trkpt lat="45.0741650" lon="7.5346490">
    <ele>337.0</ele>
   </trkpt>
   <trkpt lat="45.0741560" lon="7.5347330">
    <ele>337.0</ele>
   </trkpt>
   <trkpt lat="45.0741460" lon="7.5348120">
    <ele>337.0</ele>
   </trkpt>
   <trkpt lat="45.0741330" lon="7.5348910">
    <ele>337.0</ele>
   </trkpt>
   <trkpt lat="45.0741190" lon="7.5349730">
    <ele>337.0</ele>
   </trkpt>
   <trkpt lat="45.0741010" lon="7.5350490">
    <ele>336.9</ele>
   </trkpt>
   <trkpt lat="45.0740890" lon="7.5351240">
    <ele>336.9</ele>
   </trkpt>
   <trkpt lat="45.0740830" lon="7.5352030">
    <ele>336.9</ele>
   </trkpt>
   <trkpt lat="45.0740750" lon="7.5352770">
    <ele>336.9</ele>
   </trkpt>
   <trkpt lat="45.0740650" lon="7.5353490">
    <ele>336.9</ele>
   </trkpt>
   <trkpt lat="45.0740520" lon="7.5354190">
    <ele>336.9</ele>
   </trkpt>
   <trkpt lat="45.0740420" lon="7.5354890">
    <ele>336.9</ele>
   </trkpt>
   <trkpt lat="45.0740340" lon="7.5355650">
    <ele>336.9</ele>
   </trkpt>
   <trkpt lat="45.0740240" lon="7.5356360">
    <ele>336.9</ele>
   </trkpt>
   <trkpt lat="45.0740160" lon="7.5357060">
    <ele>336.9</ele>
   </trkpt>
   <trkpt lat="45.0740070" lon="7.5357740">
    <ele>336.9</ele>
   </trkpt>
   <trkpt lat="45.0739970" lon="7.5358390">
    <ele>336.9</ele>
   </trkpt>
   <trkpt lat="45.0739860" lon="7.5359040">
    <ele>336.9</ele>
   </trkpt>
   <trkpt lat="45.0739730" lon="7.5359660">
    <ele>336.9</ele>
   </trkpt>
   <trkpt lat="45.0739650" lon="7.5360280">
    <ele>336.9</ele>
   </trkpt>
   <trkpt lat="45.0739580" lon="7.5360950">
    <ele>336.9</ele>
   </trkpt>
   <trkpt lat="45.0739460" lon="7.5361570">
    <ele>336.8</ele>
   </trkpt>
   <trkpt lat="45.0739360" lon="7.5362150">
    <ele>336.8</ele>
   </trkpt>
   <trkpt lat="45.0739400" lon="7.5362700">
    <ele>336.8</ele>
   </trkpt>
   <trkpt lat="45.0739660" lon="7.5363220">
    <ele>336.7</ele>
   </trkpt>
   <trkpt lat="45.0740000" lon="7.5363690">
    <ele>336.7</ele>
   </trkpt>
   <trkpt lat="45.0740290" lon="7.5364060">
    <ele>336.6</ele>
   </trkpt>
   <trkpt lat="45.0740580" lon="7.5364460">
    <ele>336.4</ele>
   </trkpt>
   <trkpt lat="45.0740750" lon="7.5365040">
    <ele>336.3</ele>
   </trkpt>
   <trkpt lat="45.0740720" lon="7.5365770">
    <ele>336.1</ele>
   </trkpt>
   <trkpt lat="45.0740510" lon="7.5366380">
    <ele>335.9</ele>
   </trkpt>
   <trkpt lat="45.0740380" lon="7.5367030">
    <ele>335.8</ele>
   </trkpt>
   <trkpt lat="45.0740330" lon="7.5367590">
    <ele>335.7</ele>
   </trkpt>
   <trkpt lat="45.0740340" lon="7.5368040">
    <ele>335.6</ele>
   </trkpt>
   <trkpt lat="45.0740500" lon="7.5368520">
    <ele>335.6</ele>
   </trkpt>
   <trkpt lat="45.0740840" lon="7.5368810">
    <ele>335.4</ele>
   </trkpt>
   <trkpt lat="45.0741260" lon="7.5368920">
    <ele>335.2</ele>
   </trkpt>
   <trkpt lat="45.0741750" lon="7.5368990">
    <ele>335.0</ele>
   </trkpt>
   <trkpt lat="45.0742210" lon="7.5369080">
    <ele>334.8</ele>
   </trkpt>
   <trkpt lat="45.0742650" lon="7.5369220">
    <ele>334.6</ele>
   </trkpt>
   <trkpt lat="45.0743040" lon="7.5369250">
    <ele>334.5</ele>
   </trkpt>
   <trkpt lat="45.0743380" lon="7.5369240">
    <ele>334.4</ele>
   </trkpt>
   <trkpt lat="45.0743670" lon="7.5369290">
    <ele>334.3</ele>
   </trkpt>
   <trkpt lat="45.0743950" lon="7.5369360">
    <ele>334.2</ele>
   </trkpt>
   <trkpt lat="45.0744280" lon="7.5369450">
    <ele>334.1</ele>
   </trkpt>
   <trkpt lat="45.0744570" lon="7.5369520">
    <ele>334.1</ele>
   </trkpt>
   <trkpt lat="45.0744920" lon="7.5369560">
    <ele>334.0</ele>
   </trkpt>
   <trkpt lat="45.0745260" lon="7.5369660">
    <ele>333.9</ele>
   </trkpt>
   <trkpt lat="45.0745550" lon="7.5370050">
    <ele>333.7</ele>
   </trkpt>
   <trkpt lat="45.0745630" lon="7.5370710">
    <ele>333.6</ele>
   </trkpt>
   <trkpt lat="45.0745600" lon="7.5371460">
    <ele>333.4</ele>
   </trkpt>
   <trkpt lat="45.0745490" lon="7.5372230">
    <ele>333.2</ele>
   </trkpt>
   <trkpt lat="45.0745370" lon="7.5373010">
    <ele>333.0</ele>
   </trkpt>
   <trkpt lat="45.0745270" lon="7.5373800">
    <ele>332.9</ele>
   </trkpt>
   <trkpt lat="45.0745160" lon="7.5374610">
    <ele>332.7</ele>
   </trkpt>
   <trkpt lat="45.0745060" lon="7.5375410">
    <ele>332.6</ele>
   </trkpt>
   <trkpt lat="45.0744980" lon="7.5376260">
    <ele>332.5</ele>
   </trkpt>
   <trkpt lat="45.0744890" lon="7.5377080">
    <ele>332.3</ele>
   </trkpt>
   <trkpt lat="45.0744750" lon="7.5377910">
    <ele>332.3</ele>
   </trkpt>
   <trkpt lat="45.0744660" lon="7.5378690">
    <ele>332.2</ele>
   </trkpt>
   <trkpt lat="45.0744560" lon="7.5379510">
    <ele>332.2</ele>
   </trkpt>
   <trkpt lat="45.0744460" lon="7.5380310">
    <ele>332.1</ele>
   </trkpt>
   <trkpt lat="45.0744400" lon="7.5381090">
    <ele>332.1</ele>
   </trkpt>
   <trkpt lat="45.0744400" lon="7.5381930">
    <ele>332.1</ele>
   </trkpt>
   <trkpt lat="45.0744290" lon="7.5382660">
    <ele>332.1</ele>
   </trkpt>
   <trkpt lat="45.0744380" lon="7.5383620">
    <ele>332.1</ele>
   </trkpt>
   <trkpt lat="45.0744340" lon="7.5383970">
    <ele>332.1</ele>
   </trkpt>
   <trkpt lat="45.0744450" lon="7.5384850">
    <ele>332.1</ele>
   </trkpt>
   <trkpt lat="45.0744440" lon="7.5385660">
    <ele>332.0</ele>
   </trkpt>
   <trkpt lat="45.0744400" lon="7.5386430">
    <ele>331.9</ele>
   </trkpt>
   <trkpt lat="45.0744300" lon="7.5387110">
    <ele>331.8</ele>
   </trkpt>
   <trkpt lat="45.0744140" lon="7.5387810">
    <ele>331.7</ele>
   </trkpt>
   <trkpt lat="45.0743980" lon="7.5388510">
    <ele>331.6</ele>
   </trkpt>
   <trkpt lat="45.0743870" lon="7.5389270">
    <ele>331.5</ele>
   </trkpt>
   <trkpt lat="45.0743740" lon="7.5390150">
    <ele>331.3</ele>
   </trkpt>
   <trkpt lat="45.0743690" lon="7.5391040">
    <ele>331.2</ele>
   </trkpt>
   <trkpt lat="45.0743670" lon="7.5391830">
    <ele>331.1</ele>
   </trkpt>
   <trkpt lat="45.0743590" lon="7.5392560">
    <ele>330.9</ele>
   </trkpt>
   <trkpt lat="45.0743510" lon="7.5393300">
    <ele>330.8</ele>
   </trkpt>
   <trkpt lat="45.0743450" lon="7.5394060">
    <ele>330.7</ele>
   </trkpt>
   <trkpt lat="45.0743440" lon="7.5394840">
    <ele>330.5</ele>
   </trkpt>
   <trkpt lat="45.0743430" lon="7.5395640">
    <ele>330.4</ele>
   </trkpt>
   <trkpt lat="45.0743390" lon="7.5396420">
    <ele>330.2</ele>
   </trkpt>
   <trkpt lat="45.0743360" lon="7.5397240">
    <ele>330.0</ele>
   </trkpt>
   <trkpt lat="45.0743260" lon="7.5398080">
    <ele>329.9</ele>
   </trkpt>
   <trkpt lat="45.0743210" lon="7.5398880">
    <ele>329.7</ele>
   </trkpt>
   <trkpt lat="45.0743170" lon="7.5399750">
    <ele>329.6</ele>
   </trkpt>
   <trkpt lat="45.0743110" lon="7.5400610">
    <ele>329.4</ele>
   </trkpt>
   <trkpt lat="45.0743040" lon="7.5401440">
    <ele>329.3</ele>
   </trkpt>
   <trkpt lat="45.0742890" lon="7.5402290">
    <ele>329.1</ele>
   </trkpt>
   <trkpt lat="45.0742810" lon="7.5402940">
    <ele>329.0</ele>
   </trkpt>
   <trkpt lat="45.0742750" lon="7.5403700">
    <ele>328.9</ele>
   </trkpt>
   <trkpt lat="45.0742720" lon="7.5404350">
    <ele>328.9</ele>
   </trkpt>
   <trkpt lat="45.0742670" lon="7.5404910">
    <ele>328.8</ele>
   </trkpt>
   <trkpt lat="45.0742640" lon="7.5405470">
    <ele>328.7</ele>
   </trkpt>
   <trkpt lat="45.0742570" lon="7.5405990">
    <ele>328.6</ele>
   </trkpt>
   <trkpt lat="45.0742470" lon="7.5406510">
    <ele>328.6</ele>
   </trkpt>
   <trkpt lat="45.0742420" lon="7.5406660">
    <ele>328.5</ele>
   </trkpt>
   <trkpt lat="45.0742310" lon="7.5407050">
    <ele>328.5</ele>
   </trkpt>
   <trkpt lat="45.0742280" lon="7.5407140">
    <ele>328.5</ele>
   </trkpt>
   <trkpt lat="45.0742180" lon="7.5407560">
    <ele>328.4</ele>
   </trkpt>
   <trkpt lat="45.0742140" lon="7.5407700">
    <ele>328.4</ele>
   </trkpt>
   <trkpt lat="45.0742030" lon="7.5408270">
    <ele>328.3</ele>
   </trkpt>
   <trkpt lat="45.0741990" lon="7.5408470">
    <ele>328.3</ele>
   </trkpt>
   <trkpt lat="45.0741870" lon="7.5408980">
    <ele>328.2</ele>
   </trkpt>
   <trkpt lat="45.0741750" lon="7.5409450">
    <ele>328.1</ele>
   </trkpt>
   <trkpt lat="45.0741640" lon="7.5409900">
    <ele>328.1</ele>
   </trkpt>
   <trkpt lat="45.0741530" lon="7.5410270">
    <ele>328.0</ele>
   </trkpt>
   <trkpt lat="45.0741400" lon="7.5410710">
    <ele>328.0</ele>
   </trkpt>
   <trkpt lat="45.0741200" lon="7.5411230">
    <ele>328.0</ele>
   </trkpt>
   <trkpt lat="45.0741040" lon="7.5411800">
    <ele>327.9</ele>
   </trkpt>
   <trkpt lat="45.0740870" lon="7.5412350">
    <ele>327.9</ele>
   </trkpt>
   <trkpt lat="45.0740590" lon="7.5413070">
    <ele>327.8</ele>
   </trkpt>
   <trkpt lat="45.0740340" lon="7.5413800">
    <ele>327.7</ele>
   </trkpt>
   <trkpt lat="45.0740120" lon="7.5414580">
    <ele>327.6</ele>
   </trkpt>
   <trkpt lat="45.0739950" lon="7.5415370">
    <ele>327.6</ele>
   </trkpt>
   <trkpt lat="45.0739780" lon="7.5416170">
    <ele>327.5</ele>
   </trkpt>
   <trkpt lat="45.0739620" lon="7.5416940">
    <ele>327.4</ele>
   </trkpt>
   <trkpt lat="45.0739450" lon="7.5417690">
    <ele>327.4</ele>
   </trkpt>
   <trkpt lat="45.0739270" lon="7.5418450">
    <ele>327.3</ele>
   </trkpt>
   <trkpt lat="45.0738940" lon="7.5419930">
    <ele>327.2</ele>
   </trkpt>
   <trkpt lat="45.0738810" lon="7.5420660">
    <ele>327.1</ele>
   </trkpt>
   <trkpt lat="45.0738650" lon="7.5421450">
    <ele>327.0</ele>
   </trkpt>
   <trkpt lat="45.0738500" lon="7.5422210">
    <ele>327.0</ele>
   </trkpt>
   <trkpt lat="45.0738300" lon="7.5422990">
    <ele>326.9</ele>
   </trkpt>
   <trkpt lat="45.0738070" lon="7.5423760">
    <ele>326.8</ele>
   </trkpt>
   <trkpt lat="45.0737870" lon="7.5424540">
    <ele>326.7</ele>
   </trkpt>
   <trkpt lat="45.0737690" lon="7.5425290">
    <ele>326.6</ele>
   </trkpt>
   <trkpt lat="45.0737510" lon="7.5426070">
    <ele>326.6</ele>
   </trkpt>
   <trkpt lat="45.0737340" lon="7.5426760">
    <ele>326.5</ele>
   </trkpt>
   <trkpt lat="45.0737140" lon="7.5427520">
    <ele>326.4</ele>
   </trkpt>
   <trkpt lat="45.0736950" lon="7.5428310">
    <ele>326.3</ele>
   </trkpt>
   <trkpt lat="45.0736780" lon="7.5429110">
    <ele>326.3</ele>
   </trkpt>
   <trkpt lat="45.0736570" lon="7.5429880">
    <ele>326.2</ele>
   </trkpt>
   <trkpt lat="45.0736340" lon="7.5430680">
    <ele>326.1</ele>
   </trkpt>
   <trkpt lat="45.0736170" lon="7.5431490">
    <ele>326.0</ele>
   </trkpt>
   <trkpt lat="45.0736030" lon="7.5432250">
    <ele>326.0</ele>
   </trkpt>
   <trkpt lat="45.0735870" lon="7.5432950">
    <ele>325.9</ele>
   </trkpt>
   <trkpt lat="45.0735710" lon="7.5433660">
    <ele>325.9</ele>
   </trkpt>
   <trkpt lat="45.0735530" lon="7.5434390">
    <ele>325.8</ele>
   </trkpt>
   <trkpt lat="45.0735360" lon="7.5435090">
    <ele>325.7</ele>
   </trkpt>
   <trkpt lat="45.0735230" lon="7.5435780">
    <ele>325.7</ele>
   </trkpt>
   <trkpt lat="45.0735040" lon="7.5436520">
    <ele>325.6</ele>
   </trkpt>
   <trkpt lat="45.0734830" lon="7.5437230">
    <ele>325.5</ele>
   </trkpt>
   <trkpt lat="45.0734650" lon="7.5437920">
    <ele>325.4</ele>
   </trkpt>
   <trkpt lat="45.0734470" lon="7.5438600">
    <ele>325.3</ele>
   </trkpt>
   <trkpt lat="45.0734350" lon="7.5439340">
    <ele>325.3</ele>
   </trkpt>
   <trkpt lat="45.0734210" lon="7.5440150">
    <ele>325.2</ele>
   </trkpt>
   <trkpt lat="45.0734000" lon="7.5440920">
    <ele>325.1</ele>
   </trkpt>
   <trkpt lat="45.0733780" lon="7.5441710">
    <ele>325.0</ele>
   </trkpt>
   <trkpt lat="45.0733590" lon="7.5442440">
    <ele>325.0</ele>
   </trkpt>
   <trkpt lat="45.0733390" lon="7.5443200">
    <ele>324.9</ele>
   </trkpt>
   <trkpt lat="45.0733270" lon="7.5443950">
    <ele>324.9</ele>
   </trkpt>
   <trkpt lat="45.0733150" lon="7.5444740">
    <ele>324.8</ele>
   </trkpt>
   <trkpt lat="45.0732940" lon="7.5445510">
    <ele>324.8</ele>
   </trkpt>
   <trkpt lat="45.0732710" lon="7.5446140">
    <ele>324.8</ele>
   </trkpt>
   <trkpt lat="45.0732560" lon="7.5446830">
    <ele>324.8</ele>
   </trkpt>
   <trkpt lat="45.0732520" lon="7.5447450">
    <ele>324.9</ele>
   </trkpt>
   <trkpt lat="45.0732460" lon="7.5448090">
    <ele>324.9</ele>
   </trkpt>
   <trkpt lat="45.0732460" lon="7.5448710">
    <ele>325.0</ele>
   </trkpt>
   <trkpt lat="45.0732620" lon="7.5449210">
    <ele>325.1</ele>
   </trkpt>
   <trkpt lat="45.0732930" lon="7.5449500">
    <ele>325.1</ele>
   </trkpt>
   <trkpt lat="45.0733370" lon="7.5449530">
    <ele>325.1</ele>
   </trkpt>
   <trkpt lat="45.0733840" lon="7.5449380">
    <ele>325.1</ele>
   </trkpt>
   <trkpt lat="45.0734310" lon="7.5449360">
    <ele>325.2</ele>
   </trkpt>
   <trkpt lat="45.0734800" lon="7.5449520">
    <ele>325.2</ele>
   </trkpt>
   <trkpt lat="45.0735310" lon="7.5449660">
    <ele>325.3</ele>
   </trkpt>
   <trkpt lat="45.0735790" lon="7.5449830">
    <ele>325.4</ele>
   </trkpt>
   <trkpt lat="45.0736270" lon="7.5450010">
    <ele>325.5</ele>
   </trkpt>
   <trkpt lat="45.0736740" lon="7.5450080">
    <ele>325.6</ele>
   </trkpt>
   <trkpt lat="45.0737230" lon="7.5450130">
    <ele>325.7</ele>
   </trkpt>
   <trkpt lat="45.0737730" lon="7.5450190">
    <ele>325.8</ele>
   </trkpt>
   <trkpt lat="45.0738220" lon="7.5450240">
    <ele>325.9</ele>
   </trkpt>
   <trkpt lat="45.0738750" lon="7.5450340">
    <ele>326.0</ele>
   </trkpt>
   <trkpt lat="45.0739250" lon="7.5450410">
    <ele>326.1</ele>
   </trkpt>
   <trkpt lat="45.0739670" lon="7.5450500">
    <ele>326.3</ele>
   </trkpt>
   <trkpt lat="45.0740080" lon="7.5450600">
    <ele>326.4</ele>
   </trkpt>
   <trkpt lat="45.0740480" lon="7.5450670">
    <ele>326.5</ele>
   </trkpt>
   <trkpt lat="45.0740840" lon="7.5450720">
    <ele>326.6</ele>
   </trkpt>
   <trkpt lat="45.0741170" lon="7.5450820">
    <ele>326.7</ele>
   </trkpt>
   <trkpt lat="45.0741560" lon="7.5450900">
    <ele>326.8</ele>
   </trkpt>
   <trkpt lat="45.0741950" lon="7.5450980">
    <ele>327.0</ele>
   </trkpt>
   <trkpt lat="45.0742340" lon="7.5451120">
    <ele>327.1</ele>
   </trkpt>
   <trkpt lat="45.0742700" lon="7.5451200">
    <ele>327.2</ele>
   </trkpt>
   <trkpt lat="45.0743060" lon="7.5451210">
    <ele>327.4</ele>
   </trkpt>
   <trkpt lat="45.0743350" lon="7.5451210">
    <ele>327.5</ele>
   </trkpt>
   <trkpt lat="45.0743670" lon="7.5451290">
    <ele>327.6</ele>
   </trkpt>
   <trkpt lat="45.0743760" lon="7.5451330">
    <ele>327.6</ele>
   </trkpt>
   <trkpt lat="45.0743820" lon="7.5451310">
    <ele>327.6</ele>
   </trkpt>
   <trkpt lat="45.0743820" lon="7.5451300">
    <ele>327.6</ele>
   </trkpt>
   <trkpt lat="45.0743850" lon="7.5451320">
    <ele>327.6</ele>
   </trkpt>
   <trkpt lat="45.0743960" lon="7.5451260">
    <ele>327.6</ele>
   </trkpt>
   <trkpt lat="45.0744080" lon="7.5451270">
    <ele>327.7</ele>
   </trkpt>
   <trkpt lat="45.0744370" lon="7.5451300">
    <ele>327.7</ele>
   </trkpt>
   <trkpt lat="45.0744470" lon="7.5451290">
    <ele>327.8</ele>
   </trkpt>
   <trkpt lat="45.0744750" lon="7.5451240">
    <ele>327.8</ele>
   </trkpt>
   <trkpt lat="45.0745060" lon="7.5451090">
    <ele>327.9</ele>
   </trkpt>
   <trkpt lat="45.0745380" lon="7.5450780">
    <ele>327.9</ele>
   </trkpt>
   <trkpt lat="45.0745650" lon="7.5450530">
    <ele>327.9</ele>
   </trkpt>
   <trkpt lat="45.0745900" lon="7.5450360">
    <ele>327.9</ele>
   </trkpt>
   <trkpt lat="45.0746200" lon="7.5450160">
    <ele>328.0</ele>
   </trkpt>
   <trkpt lat="45.0746490" lon="7.5449960">
    <ele>328.0</ele>
   </trkpt>
   <trkpt lat="45.0746780" lon="7.5449790">
    <ele>328.0</ele>
   </trkpt>
   <trkpt lat="45.0747060" lon="7.5449680">
    <ele>328.1</ele>
   </trkpt>
   <trkpt lat="45.0747450" lon="7.5449620">
    <ele>328.1</ele>
   </trkpt>
   <trkpt lat="45.0747580" lon="7.5449610">
    <ele>328.2</ele>
   </trkpt>
   <trkpt lat="45.0747900" lon="7.5449590">
    <ele>328.2</ele>
   </trkpt>
   <trkpt lat="45.0748210" lon="7.5449560">
    <ele>328.3</ele>
   </trkpt>
   <trkpt lat="45.0748520" lon="7.5449550">
    <ele>328.3</ele>
   </trkpt>
   <trkpt lat="45.0748800" lon="7.5449550">
    <ele>328.4</ele>
   </trkpt>
   <trkpt lat="45.0749150" lon="7.5449590">
    <ele>328.5</ele>
   </trkpt>
   <trkpt lat="45.0749420" lon="7.5449820">
    <ele>328.5</ele>
   </trkpt>
   <trkpt lat="45.0749650" lon="7.5450220">
    <ele>328.6</ele>
   </trkpt>
   <trkpt lat="45.0749790" lon="7.5450800">
    <ele>328.7</ele>
   </trkpt>
   <trkpt lat="45.0749880" lon="7.5451420">
    <ele>328.5</ele>
   </trkpt>
   <trkpt lat="45.0749990" lon="7.5451790">
    <ele>328.3</ele>
   </trkpt>
   <trkpt lat="45.0750250" lon="7.5452060">
    <ele>328.1</ele>
   </trkpt>
   <trkpt lat="45.0750620" lon="7.5452170">
    <ele>328.0</ele>
   </trkpt>
   <trkpt lat="45.0750950" lon="7.5452200">
    <ele>328.1</ele>
   </trkpt>
   <trkpt lat="45.0751270" lon="7.5452220">
    <ele>328.1</ele>
   </trkpt>
   <trkpt lat="45.0751540" lon="7.5452210">
    <ele>328.2</ele>
   </trkpt>
   <trkpt lat="45.0751630" lon="7.5452190">
    <ele>328.2</ele>
   </trkpt>
   <trkpt lat="45.0751940" lon="7.5452150">
    <ele>328.3</ele>
   </trkpt>
   <trkpt lat="45.0752040" lon="7.5452140">
    <ele>328.4</ele>
   </trkpt>
   <trkpt lat="45.0752380" lon="7.5452130">
    <ele>328.5</ele>
   </trkpt>
   <trkpt lat="45.0752500" lon="7.5452150">
    <ele>328.5</ele>
   </trkpt>
   <trkpt lat="45.0752780" lon="7.5452320">
    <ele>328.6</ele>
   </trkpt>
   <trkpt lat="45.0753070" lon="7.5452570">
    <ele>328.7</ele>
   </trkpt>
   <trkpt lat="45.0753340" lon="7.5452800">
    <ele>328.8</ele>
   </trkpt>
   <trkpt lat="45.0753590" lon="7.5453130">
    <ele>328.9</ele>
   </trkpt>
   <trkpt lat="45.0753710" lon="7.5453610">
    <ele>328.8</ele>
   </trkpt>
   <trkpt lat="45.0753670" lon="7.5454170">
    <ele>328.7</ele>
   </trkpt>
   <trkpt lat="45.0753690" lon="7.5454780">
    <ele>328.7</ele>
   </trkpt>
   <trkpt lat="45.0753660" lon="7.5455490">
    <ele>328.7</ele>
   </trkpt>
   <trkpt lat="45.0753540" lon="7.5456070">
    <ele>328.6</ele>
   </trkpt>
   <trkpt lat="45.0753530" lon="7.5456590">
    <ele>328.6</ele>
   </trkpt>
   <trkpt lat="45.0753560" lon="7.5457080">
    <ele>328.6</ele>
   </trkpt>
   <trkpt lat="45.0753540" lon="7.5457570">
    <ele>328.6</ele>
   </trkpt>
   <trkpt lat="45.0753470" lon="7.5458010">
    <ele>328.7</ele>
   </trkpt>
   <trkpt lat="45.0753400" lon="7.5458380">
    <ele>328.7</ele>
   </trkpt>
   <trkpt lat="45.0753360" lon="7.5458920">
    <ele>328.7</ele>
   </trkpt>
   <trkpt lat="45.0753350" lon="7.5459090">
    <ele>328.7</ele>
   </trkpt>
   <trkpt lat="45.0753330" lon="7.5459360">
    <ele>328.7</ele>
   </trkpt>
   <trkpt lat="45.0753330" lon="7.5459430">
    <ele>328.7</ele>
   </trkpt>
   <trkpt lat="45.0753360" lon="7.5459450">
    <ele>328.7</ele>
   </trkpt>
   <trkpt lat="45.0753390" lon="7.5459480">
    <ele>328.7</ele>
   </trkpt>
   <trkpt lat="45.0753360" lon="7.5459630">
    <ele>328.7</ele>
   </trkpt>
   <trkpt lat="45.0753350" lon="7.5459870">
    <ele>328.8</ele>
   </trkpt>
   <trkpt lat="45.0753640" lon="7.5460080">
    <ele>328.9</ele>
   </trkpt>
   <trkpt lat="45.0753750" lon="7.5460120">
    <ele>329.0</ele>
   </trkpt>
   <trkpt lat="45.0754070" lon="7.5460130">
    <ele>329.1</ele>
   </trkpt>
   <trkpt lat="45.0754200" lon="7.5460140">
    <ele>329.2</ele>
   </trkpt>
   <trkpt lat="45.0754520" lon="7.5460190">
    <ele>329.4</ele>
   </trkpt>
   <trkpt lat="45.0754860" lon="7.5460290">
    <ele>329.6</ele>
   </trkpt>
   <trkpt lat="45.0755250" lon="7.5460400">
    <ele>329.9</ele>
   </trkpt>
   <trkpt lat="45.0755660" lon="7.5460490">
    <ele>330.1</ele>
   </trkpt>
   <trkpt lat="45.0756030" lon="7.5460670">
    <ele>330.4</ele>
   </trkpt>
   <trkpt lat="45.0756450" lon="7.5460890">
    <ele>330.6</ele>
   </trkpt>
   <trkpt lat="45.0756890" lon="7.5461180">
    <ele>330.8</ele>
   </trkpt>
   <trkpt lat="45.0757310" lon="7.5461410">
    <ele>331.0</ele>
   </trkpt>
   <trkpt lat="45.0757750" lon="7.5461680">
    <ele>331.1</ele>
   </trkpt>
   <trkpt lat="45.0758200" lon="7.5461890">
    <ele>331.3</ele>
   </trkpt>
   <trkpt lat="45.0758660" lon="7.5462100">
    <ele>331.4</ele>
   </trkpt>
   <trkpt lat="45.0759090" lon="7.5462350">
    <ele>331.5</ele>
   </trkpt>
   <trkpt lat="45.0759550" lon="7.5462590">
    <ele>331.6</ele>
   </trkpt>
   <trkpt lat="45.0760490" lon="7.5463080">
    <ele>331.8</ele>
   </trkpt>
   <trkpt lat="45.0760990" lon="7.5463340">
    <ele>331.9</ele>
   </trkpt>
   <trkpt lat="45.0761470" lon="7.5463570">
    <ele>331.9</ele>
   </trkpt>
   <trkpt lat="45.0762010" lon="7.5463750">
    <ele>332.0</ele>
   </trkpt>
   <trkpt lat="45.0762510" lon="7.5463880">
    <ele>332.2</ele>
   </trkpt>
   <trkpt lat="45.0763090" lon="7.5463980">
    <ele>332.2</ele>
   </trkpt>
   <trkpt lat="45.0763650" lon="7.5464010">
    <ele>332.3</ele>
   </trkpt>
   <trkpt lat="45.0764170" lon="7.5463890">
    <ele>332.3</ele>
   </trkpt>
   <trkpt lat="45.0764670" lon="7.5463870">
    <ele>332.4</ele>
   </trkpt>
   <trkpt lat="45.0765160" lon="7.5463810">
    <ele>332.4</ele>
   </trkpt>
   <trkpt lat="45.0765650" lon="7.5463740">
    <ele>332.5</ele>
   </trkpt>
   <trkpt lat="45.0766080" lon="7.5463710">
    <ele>332.5</ele>
   </trkpt>
   <trkpt lat="45.0766510" lon="7.5463680">
    <ele>332.5</ele>
   </trkpt>
   <trkpt lat="45.0766940" lon="7.5463570">
    <ele>332.5</ele>
   </trkpt>
   <trkpt lat="45.0767360" lon="7.5463460">
    <ele>332.5</ele>
   </trkpt>
   <trkpt lat="45.0767770" lon="7.5463430">
    <ele>332.5</ele>
   </trkpt>
   <trkpt lat="45.0768130" lon="7.5463540">
    <ele>332.5</ele>
   </trkpt>
   <trkpt lat="45.0768480" lon="7.5463820">
    <ele>332.5</ele>
   </trkpt>
   <trkpt lat="45.0768820" lon="7.5464140">
    <ele>332.4</ele>
   </trkpt>
   <trkpt lat="45.0769210" lon="7.5464360">
    <ele>332.4</ele>
   </trkpt>
   <trkpt lat="45.0769630" lon="7.5464500">
    <ele>332.3</ele>
   </trkpt>
   <trkpt lat="45.0770090" lon="7.5464660">
    <ele>332.3</ele>
   </trkpt>
   <trkpt lat="45.0770550" lon="7.5464820">
    <ele>332.2</ele>
   </trkpt>
   <trkpt lat="45.0771040" lon="7.5465010">
    <ele>332.2</ele>
   </trkpt>
   <trkpt lat="45.0772010" lon="7.5465420">
    <ele>332.1</ele>
   </trkpt>
   <trkpt lat="45.0772500" lon="7.5465560">
    <ele>332.0</ele>
   </trkpt>
   <trkpt lat="45.0772920" lon="7.5465800">
    <ele>331.9</ele>
   </trkpt>
   <trkpt lat="45.0773160" lon="7.5466200">
    <ele>331.7</ele>
   </trkpt>
   <trkpt lat="45.0773290" lon="7.5466770">
    <ele>331.4</ele>
   </trkpt>
   <trkpt lat="45.0773370" lon="7.5467370">
    <ele>331.1</ele>
   </trkpt>
   <trkpt lat="45.0773300" lon="7.5468070">
    <ele>330.6</ele>
   </trkpt>
   <trkpt lat="45.0773280" lon="7.5468780">
    <ele>330.2</ele>
   </trkpt>
   <trkpt lat="45.0773210" lon="7.5469490">
    <ele>329.7</ele>
   </trkpt>
   <trkpt lat="45.0773120" lon="7.5470250">
    <ele>329.1</ele>
   </trkpt>
   <trkpt lat="45.0773010" lon="7.5471160">
    <ele>328.4</ele>
   </trkpt>
   <trkpt lat="45.0772830" lon="7.5472270">
    <ele>327.5</ele>
   </trkpt>
   <trkpt lat="45.0772680" lon="7.5473410">
    <ele>326.7</ele>
   </trkpt>
   <trkpt lat="45.0772470" lon="7.5474610">
    <ele>325.9</ele>
   </trkpt>
   <trkpt lat="45.0772240" lon="7.5475860">
    <ele>325.1</ele>
   </trkpt>
   <trkpt lat="45.0772030" lon="7.5476990">
    <ele>324.6</ele>
   </trkpt>
   <trkpt lat="45.0771910" lon="7.5478190">
    <ele>324.4</ele>
   </trkpt>
   <trkpt lat="45.0771820" lon="7.5479380">
    <ele>324.3</ele>
   </trkpt>
   <trkpt lat="45.0771610" lon="7.5480680">
    <ele>324.1</ele>
   </trkpt>
   <trkpt lat="45.0771240" lon="7.5481980">
    <ele>324.0</ele>
   </trkpt>
   <trkpt lat="45.0770790" lon="7.5483210">
    <ele>323.8</ele>
   </trkpt>
   <trkpt lat="45.0770340" lon="7.5484380">
    <ele>323.7</ele>
   </trkpt>
   <trkpt lat="45.0769970" lon="7.5485440">
    <ele>323.5</ele>
   </trkpt>
   <trkpt lat="45.0769630" lon="7.5486350">
    <ele>323.3</ele>
   </trkpt>
   <trkpt lat="45.0769370" lon="7.5487020">
    <ele>323.2</ele>
   </trkpt>
   <trkpt lat="45.0769110" lon="7.5487680">
    <ele>323.1</ele>
   </trkpt>
   <trkpt lat="45.0768840" lon="7.5488370">
    <ele>323.0</ele>
   </trkpt>
   <trkpt lat="45.0768650" lon="7.5489150">
    <ele>322.9</ele>
   </trkpt>
   <trkpt lat="45.0768490" lon="7.5489890">
    <ele>322.8</ele>
   </trkpt>
   <trkpt lat="45.0768310" lon="7.5490700">
    <ele>322.7</ele>
   </trkpt>
   <trkpt lat="45.0768300" lon="7.5491510">
    <ele>322.6</ele>
   </trkpt>
   <trkpt lat="45.0768360" lon="7.5492290">
    <ele>322.5</ele>
   </trkpt>
   <trkpt lat="45.0768310" lon="7.5493070">
    <ele>322.4</ele>
   </trkpt>
   <trkpt lat="45.0768240" lon="7.5493810">
    <ele>322.3</ele>
   </trkpt>
   <trkpt lat="45.0768170" lon="7.5494610">
    <ele>322.2</ele>
   </trkpt>
   <trkpt lat="45.0768170" lon="7.5495360">
    <ele>322.1</ele>
   </trkpt>
   <trkpt lat="45.0768120" lon="7.5496110">
    <ele>322.0</ele>
   </trkpt>
   <trkpt lat="45.0768140" lon="7.5496910">
    <ele>321.8</ele>
   </trkpt>
   <trkpt lat="45.0768150" lon="7.5497740">
    <ele>321.7</ele>
   </trkpt>
   <trkpt lat="45.0768080" lon="7.5498630">
    <ele>321.5</ele>
   </trkpt>
   <trkpt lat="45.0768010" lon="7.5499590">
    <ele>321.3</ele>
   </trkpt>
   <trkpt lat="45.0767960" lon="7.5500520">
    <ele>321.1</ele>
   </trkpt>
   <trkpt lat="45.0767910" lon="7.5501380">
    <ele>321.0</ele>
   </trkpt>
   <trkpt lat="45.0767870" lon="7.5502230">
    <ele>320.8</ele>
   </trkpt>
   <trkpt lat="45.0767830" lon="7.5503090">
    <ele>320.6</ele>
   </trkpt>
   <trkpt lat="45.0767770" lon="7.5503970">
    <ele>320.5</ele>
   </trkpt>
   <trkpt lat="45.0767710" lon="7.5504870">
    <ele>320.3</ele>
   </trkpt>
   <trkpt lat="45.0767660" lon="7.5505790">
    <ele>320.2</ele>
   </trkpt>
   <trkpt lat="45.0767590" lon="7.5506720">
    <ele>320.0</ele>
   </trkpt>
   <trkpt lat="45.0767560" lon="7.5507690">
    <ele>319.8</ele>
   </trkpt>
   <trkpt lat="45.0767520" lon="7.5508690">
    <ele>319.6</ele>
   </trkpt>
   <trkpt lat="45.0767510" lon="7.5509670">
    <ele>319.5</ele>
   </trkpt>
   <trkpt lat="45.0767500" lon="7.5510670">
    <ele>319.3</ele>
   </trkpt>
   <trkpt lat="45.0767470" lon="7.5511630">
    <ele>319.1</ele>
   </trkpt>
   <trkpt lat="45.0767450" lon="7.5512560">
    <ele>319.0</ele>
   </trkpt>
   <trkpt lat="45.0767400" lon="7.5513420">
    <ele>318.9</ele>
   </trkpt>
   <trkpt lat="45.0767310" lon="7.5514330">
    <ele>318.7</ele>
   </trkpt>
   <trkpt lat="45.0767340" lon="7.5515190">
    <ele>318.6</ele>
   </trkpt>
   <trkpt lat="45.0767300" lon="7.5516090">
    <ele>318.5</ele>
   </trkpt>
   <trkpt lat="45.0767200" lon="7.5516930">
    <ele>318.4</ele>
   </trkpt>
   <trkpt lat="45.0767150" lon="7.5517850">
    <ele>318.3</ele>
   </trkpt>
   <trkpt lat="45.0767120" lon="7.5518670">
    <ele>318.2</ele>
   </trkpt>
   <trkpt lat="45.0767140" lon="7.5519480">
    <ele>318.1</ele>
   </trkpt>
   <trkpt lat="45.0767130" lon="7.5520160">
    <ele>318.1</ele>
   </trkpt>
   <trkpt lat="45.0767050" lon="7.5520750">
    <ele>318.0</ele>
   </trkpt>
   <trkpt lat="45.0767020" lon="7.5521470">
    <ele>317.9</ele>
   </trkpt>
   <trkpt lat="45.0766990" lon="7.5522200">
    <ele>317.9</ele>
   </trkpt>
   <trkpt lat="45.0766940" lon="7.5522920">
    <ele>317.8</ele>
   </trkpt>
   <trkpt lat="45.0766890" lon="7.5523700">
    <ele>317.7</ele>
   </trkpt>
   <trkpt lat="45.0766850" lon="7.5524560">
    <ele>317.6</ele>
   </trkpt>
   <trkpt lat="45.0766840" lon="7.5525470">
    <ele>317.5</ele>
   </trkpt>
   <trkpt lat="45.0766820" lon="7.5526400">
    <ele>317.4</ele>
   </trkpt>
   <trkpt lat="45.0766770" lon="7.5527330">
    <ele>317.3</ele>
   </trkpt>
   <trkpt lat="45.0766770" lon="7.5528220">
    <ele>317.2</ele>
   </trkpt>
   <trkpt lat="45.0766710" lon="7.5529060">
    <ele>317.2</ele>
   </trkpt>
   <trkpt lat="45.0766680" lon="7.5529910">
    <ele>317.1</ele>
   </trkpt>
   <trkpt lat="45.0766620" lon="7.5530790">
    <ele>317.0</ele>
   </trkpt>
   <trkpt lat="45.0766510" lon="7.5531620">
    <ele>316.9</ele>
   </trkpt>
   <trkpt lat="45.0766390" lon="7.5532400">
    <ele>316.8</ele>
   </trkpt>
   <trkpt lat="45.0766280" lon="7.5533190">
    <ele>316.7</ele>
   </trkpt>
   <trkpt lat="45.0766160" lon="7.5534000">
    <ele>316.6</ele>
   </trkpt>
   <trkpt lat="45.0766050" lon="7.5534830">
    <ele>316.5</ele>
   </trkpt>
   <trkpt lat="45.0765890" lon="7.5535640">
    <ele>316.4</ele>
   </trkpt>
   <trkpt lat="45.0765770" lon="7.5536480">
    <ele>316.3</ele>
   </trkpt>
   <trkpt lat="45.0765650" lon="7.5537320">
    <ele>316.3</ele>
   </trkpt>
   <trkpt lat="45.0765490" lon="7.5538140">
    <ele>316.2</ele>
   </trkpt>
   <trkpt lat="45.0765380" lon="7.5539020">
    <ele>316.1</ele>
   </trkpt>
   <trkpt lat="45.0765270" lon="7.5539840">
    <ele>316.1</ele>
   </trkpt>
   <trkpt lat="45.0765150" lon="7.5540680">
    <ele>316.0</ele>
   </trkpt>
   <trkpt lat="45.0765040" lon="7.5541530">
    <ele>315.9</ele>
   </trkpt>
   <trkpt lat="45.0764900" lon="7.5542390">
    <ele>315.9</ele>
   </trkpt>
   <trkpt lat="45.0764750" lon="7.5543270">
    <ele>315.8</ele>
   </trkpt>
   <trkpt lat="45.0764660" lon="7.5544110">
    <ele>315.8</ele>
   </trkpt>
   <trkpt lat="45.0764600" lon="7.5544980">
    <ele>315.7</ele>
   </trkpt>
   <trkpt lat="45.0764560" lon="7.5545810">
    <ele>315.7</ele>
   </trkpt>
   <trkpt lat="45.0764530" lon="7.5546670">
    <ele>315.6</ele>
   </trkpt>
   <trkpt lat="45.0764510" lon="7.5547540">
    <ele>315.5</ele>
   </trkpt>
   <trkpt lat="45.0764500" lon="7.5548390">
    <ele>315.5</ele>
   </trkpt>
   <trkpt lat="45.0764510" lon="7.5549250">
    <ele>315.4</ele>
   </trkpt>
   <trkpt lat="45.0764560" lon="7.5550130">
    <ele>315.4</ele>
   </trkpt>
   <trkpt lat="45.0764600" lon="7.5551030">
    <ele>315.3</ele>
   </trkpt>
   <trkpt lat="45.0764600" lon="7.5551910">
    <ele>315.2</ele>
   </trkpt>
   <trkpt lat="45.0764580" lon="7.5552800">
    <ele>315.2</ele>
   </trkpt>
   <trkpt lat="45.0764590" lon="7.5553700">
    <ele>315.1</ele>
   </trkpt>
   <trkpt lat="45.0764560" lon="7.5554540">
    <ele>315.0</ele>
   </trkpt>
   <trkpt lat="45.0764530" lon="7.5555430">
    <ele>315.0</ele>
   </trkpt>
   <trkpt lat="45.0764480" lon="7.5556280">
    <ele>314.9</ele>
   </trkpt>
   <trkpt lat="45.0764460" lon="7.5557180">
    <ele>314.8</ele>
   </trkpt>
   <trkpt lat="45.0764410" lon="7.5558900">
    <ele>314.7</ele>
   </trkpt>
   <trkpt lat="45.0764350" lon="7.5559800">
    <ele>314.6</ele>
   </trkpt>
   <trkpt lat="45.0764200" lon="7.5560560">
    <ele>314.6</ele>
   </trkpt>
   <trkpt lat="45.0764110" lon="7.5561330">
    <ele>314.6</ele>
   </trkpt>
   <trkpt lat="45.0764120" lon="7.5562070">
    <ele>314.5</ele>
   </trkpt>
   <trkpt lat="45.0764100" lon="7.5562830">
    <ele>314.5</ele>
   </trkpt>
   <trkpt lat="45.0764080" lon="7.5563610">
    <ele>314.4</ele>
   </trkpt>
   <trkpt lat="45.0764070" lon="7.5564420">
    <ele>314.4</ele>
   </trkpt>
   <trkpt lat="45.0764050" lon="7.5565210">
    <ele>314.3</ele>
   </trkpt>
   <trkpt lat="45.0764030" lon="7.5566010">
    <ele>314.3</ele>
   </trkpt>
   <trkpt lat="45.0764040" lon="7.5566840">
    <ele>314.2</ele>
   </trkpt>
   <trkpt lat="45.0764050" lon="7.5567690">
    <ele>314.1</ele>
   </trkpt>
   <trkpt lat="45.0764050" lon="7.5569290">
    <ele>314.0</ele>
   </trkpt>
   <trkpt lat="45.0764020" lon="7.5570120">
    <ele>313.9</ele>
   </trkpt>
   <trkpt lat="45.0764020" lon="7.5570930">
    <ele>313.8</ele>
   </trkpt>
   <trkpt lat="45.0764000" lon="7.5571770">
    <ele>313.7</ele>
   </trkpt>
   <trkpt lat="45.0763970" lon="7.5572560">
    <ele>313.7</ele>
   </trkpt>
   <trkpt lat="45.0763930" lon="7.5573370">
    <ele>313.6</ele>
   </trkpt>
   <trkpt lat="45.0763900" lon="7.5574200">
    <ele>313.5</ele>
   </trkpt>
   <trkpt lat="45.0763930" lon="7.5574990">
    <ele>313.5</ele>
   </trkpt>
   <trkpt lat="45.0763980" lon="7.5575780">
    <ele>313.4</ele>
   </trkpt>
   <trkpt lat="45.0764010" lon="7.5576560">
    <ele>313.4</ele>
   </trkpt>
   <trkpt lat="45.0764010" lon="7.5577290">
    <ele>313.4</ele>
   </trkpt>
   <trkpt lat="45.0764060" lon="7.5577950">
    <ele>313.4</ele>
   </trkpt>
   <trkpt lat="45.0764160" lon="7.5578680">
    <ele>313.3</ele>
   </trkpt>
   <trkpt lat="45.0764250" lon="7.5579940">
    <ele>313.3</ele>
   </trkpt>
   <trkpt lat="45.0764270" lon="7.5580610">
    <ele>313.2</ele>
   </trkpt>
   <trkpt lat="45.0764260" lon="7.5581320">
    <ele>313.1</ele>
   </trkpt>
   <trkpt lat="45.0764270" lon="7.5582040">
    <ele>313.0</ele>
   </trkpt>
   <trkpt lat="45.0764370" lon="7.5582720">
    <ele>312.9</ele>
   </trkpt>
   <trkpt lat="45.0764410" lon="7.5583330">
    <ele>312.8</ele>
   </trkpt>
   <trkpt lat="45.0764440" lon="7.5583870">
    <ele>312.8</ele>
   </trkpt>
   <trkpt lat="45.0764440" lon="7.5584330">
    <ele>312.8</ele>
   </trkpt>
   <trkpt lat="45.0764470" lon="7.5584750">
    <ele>312.7</ele>
   </trkpt>
   <trkpt lat="45.0764630" lon="7.5585120">
    <ele>312.7</ele>
   </trkpt>
   <trkpt lat="45.0764890" lon="7.5585370">
    <ele>312.7</ele>
   </trkpt>
   <trkpt lat="45.0764980" lon="7.5585420">
    <ele>312.7</ele>
   </trkpt>
   <trkpt lat="45.0765260" lon="7.5585320">
    <ele>312.7</ele>
   </trkpt>
   <trkpt lat="45.0765370" lon="7.5585260">
    <ele>312.7</ele>
   </trkpt>
   <trkpt lat="45.0765640" lon="7.5585190">
    <ele>312.6</ele>
   </trkpt>
   <trkpt lat="45.0765950" lon="7.5585120">
    <ele>312.6</ele>
   </trkpt>
   <trkpt lat="45.0766280" lon="7.5585040">
    <ele>312.6</ele>
   </trkpt>
   <trkpt lat="45.0766630" lon="7.5584970">
    <ele>312.6</ele>
   </trkpt>
   <trkpt lat="45.0767060" lon="7.5585020">
    <ele>312.6</ele>
   </trkpt>
   <trkpt lat="45.0767520" lon="7.5585030">
    <ele>312.6</ele>
   </trkpt>
   <trkpt lat="45.0768000" lon="7.5584950">
    <ele>312.6</ele>
   </trkpt>
   <trkpt lat="45.0768460" lon="7.5584810">
    <ele>312.7</ele>
   </trkpt>
   <trkpt lat="45.0768920" lon="7.5584680">
    <ele>312.7</ele>
   </trkpt>
   <trkpt lat="45.0769430" lon="7.5584570">
    <ele>312.7</ele>
   </trkpt>
   <trkpt lat="45.0769950" lon="7.5584490">
    <ele>312.7</ele>
   </trkpt>
   <trkpt lat="45.0770420" lon="7.5584440">
    <ele>312.8</ele>
   </trkpt>
   <trkpt lat="45.0770870" lon="7.5584410">
    <ele>312.8</ele>
   </trkpt>
   <trkpt lat="45.0771310" lon="7.5584440">
    <ele>312.8</ele>
   </trkpt>
   <trkpt lat="45.0771740" lon="7.5584450">
    <ele>312.9</ele>
   </trkpt>
   <trkpt lat="45.0772170" lon="7.5584390">
    <ele>312.9</ele>
   </trkpt>
   <trkpt lat="45.0772570" lon="7.5584310">
    <ele>312.9</ele>
   </trkpt>
   <trkpt lat="45.0772970" lon="7.5584210">
    <ele>312.9</ele>
   </trkpt>
   <trkpt lat="45.0773370" lon="7.5584060">
    <ele>313.0</ele>
   </trkpt>
   <trkpt lat="45.0773760" lon="7.5583920">
    <ele>313.0</ele>
   </trkpt>
   <trkpt lat="45.0774120" lon="7.5583820">
    <ele>313.0</ele>
   </trkpt>
   <trkpt lat="45.0774470" lon="7.5583740">
    <ele>313.0</ele>
   </trkpt>
   <trkpt lat="45.0774830" lon="7.5583690">
    <ele>313.0</ele>
   </trkpt>
   <trkpt lat="45.0775140" lon="7.5583880">
    <ele>313.0</ele>
   </trkpt>
   <trkpt lat="45.0775270" lon="7.5584360">
    <ele>313.0</ele>
   </trkpt>
   <trkpt lat="45.0775280" lon="7.5584990">
    <ele>313.0</ele>
   </trkpt>
   <trkpt lat="45.0775260" lon="7.5585500">
    <ele>313.0</ele>
   </trkpt>
   <trkpt lat="45.0775260" lon="7.5586060">
    <ele>312.9</ele>
   </trkpt>
   <trkpt lat="45.0775290" lon="7.5586700">
    <ele>312.9</ele>
   </trkpt>
   <trkpt lat="45.0775320" lon="7.5587320">
    <ele>312.9</ele>
   </trkpt>
   <trkpt lat="45.0775320" lon="7.5587930">
    <ele>312.8</ele>
   </trkpt>
   <trkpt lat="45.0775340" lon="7.5588500">
    <ele>312.8</ele>
   </trkpt>
   <trkpt lat="45.0775400" lon="7.5589070">
    <ele>312.8</ele>
   </trkpt>
   <trkpt lat="45.0775460" lon="7.5589710">
    <ele>312.7</ele>
   </trkpt>
   <trkpt lat="45.0775500" lon="7.5590350">
    <ele>312.7</ele>
   </trkpt>
   <trkpt lat="45.0775520" lon="7.5590940">
    <ele>312.7</ele>
   </trkpt>
   <trkpt lat="45.0775540" lon="7.5591520">
    <ele>312.7</ele>
   </trkpt>
   <trkpt lat="45.0775530" lon="7.5592070">
    <ele>312.7</ele>
   </trkpt>
   <trkpt lat="45.0775530" lon="7.5592560">
    <ele>312.6</ele>
   </trkpt>
   <trkpt lat="45.0775530" lon="7.5592860">
    <ele>312.6</ele>
   </trkpt>
   <trkpt lat="45.0775520" lon="7.5592900">
    <ele>312.6</ele>
   </trkpt>
   <trkpt lat="45.0775520" lon="7.5592930">
    <ele>312.6</ele>
   </trkpt>
   <trkpt lat="45.0775510" lon="7.5592970">
    <ele>312.6</ele>
   </trkpt>
   <trkpt lat="45.0775510" lon="7.5593000">
    <ele>312.6</ele>
   </trkpt>
   <trkpt lat="45.0775500" lon="7.5593040">
    <ele>312.6</ele>
   </trkpt>
   <trkpt lat="45.0775500" lon="7.5593070">
    <ele>312.6</ele>
   </trkpt>
   <trkpt lat="45.0775680" lon="7.5593440">
    <ele>312.3</ele>
   </trkpt>
   <trkpt lat="45.0775770" lon="7.5593540">
    <ele>312.1</ele>
   </trkpt>
   <trkpt lat="45.0776060" lon="7.5593540">
    <ele>312.1</ele>
   </trkpt>
   <trkpt lat="45.0776710" lon="7.5593240">
    <ele>312.1</ele>
   </trkpt>
   <trkpt lat="45.0777060" lon="7.5593230">
    <ele>312.1</ele>
   </trkpt>
   <trkpt lat="45.0777440" lon="7.5593160">
    <ele>312.1</ele>
   </trkpt>
   <trkpt lat="45.0777860" lon="7.5593140">
    <ele>312.1</ele>
   </trkpt>
   <trkpt lat="45.0778280" lon="7.5593060">
    <ele>312.1</ele>
   </trkpt>
   <trkpt lat="45.0778680" lon="7.5593010">
    <ele>312.1</ele>
   </trkpt>
   <trkpt lat="45.0779120" lon="7.5592970">
    <ele>312.2</ele>
   </trkpt>
   <trkpt lat="45.0779570" lon="7.5592910">
    <ele>312.2</ele>
   </trkpt>
   <trkpt lat="45.0779970" lon="7.5592840">
    <ele>312.2</ele>
   </trkpt>
   <trkpt lat="45.0780370" lon="7.5592810">
    <ele>312.2</ele>
   </trkpt>
   <trkpt lat="45.0780820" lon="7.5592790">
    <ele>312.2</ele>
   </trkpt>
   <trkpt lat="45.0781280" lon="7.5592760">
    <ele>312.3</ele>
   </trkpt>
   <trkpt lat="45.0781690" lon="7.5592670">
    <ele>312.3</ele>
   </trkpt>
   <trkpt lat="45.0782180" lon="7.5592640">
    <ele>312.3</ele>
   </trkpt>
   <trkpt lat="45.0782590" lon="7.5592620">
    <ele>312.3</ele>
   </trkpt>
   <trkpt lat="45.0782950" lon="7.5592620">
    <ele>312.4</ele>
   </trkpt>
   <trkpt lat="45.0783290" lon="7.5592650">
    <ele>312.4</ele>
   </trkpt>
   <trkpt lat="45.0783620" lon="7.5592610">
    <ele>312.4</ele>
   </trkpt>
   <trkpt lat="45.0783980" lon="7.5592540">
    <ele>312.4</ele>
   </trkpt>
   <trkpt lat="45.0784330" lon="7.5592540">
    <ele>312.4</ele>
   </trkpt>
   <trkpt lat="45.0784630" lon="7.5592600">
    <ele>312.4</ele>
   </trkpt>
   <trkpt lat="45.0784860" lon="7.5592820">
    <ele>312.4</ele>
   </trkpt>
   <trkpt lat="45.0785060" lon="7.5593210">
    <ele>312.3</ele>
   </trkpt>
   <trkpt lat="45.0785140" lon="7.5593720">
    <ele>312.3</ele>
   </trkpt>
   <trkpt lat="45.0785210" lon="7.5594270">
    <ele>312.2</ele>
   </trkpt>
   <trkpt lat="45.0785290" lon="7.5595060">
    <ele>312.2</ele>
   </trkpt>
   <trkpt lat="45.0785330" lon="7.5595840">
    <ele>312.1</ele>
   </trkpt>
   <trkpt lat="45.0785360" lon="7.5596580">
    <ele>312.0</ele>
   </trkpt>
   <trkpt lat="45.0785380" lon="7.5597180">
    <ele>312.0</ele>
   </trkpt>
   <trkpt lat="45.0785400" lon="7.5597740">
    <ele>312.0</ele>
   </trkpt>
   <trkpt lat="45.0785380" lon="7.5598310">
    <ele>312.0</ele>
   </trkpt>
   <trkpt lat="45.0785390" lon="7.5598850">
    <ele>312.0</ele>
   </trkpt>
   <trkpt lat="45.0785440" lon="7.5599380">
    <ele>312.0</ele>
   </trkpt>
   <trkpt lat="45.0785440" lon="7.5599930">
    <ele>311.9</ele>
   </trkpt>
   <trkpt lat="45.0785420" lon="7.5600520">
    <ele>311.9</ele>
   </trkpt>
   <trkpt lat="45.0785450" lon="7.5601100">
    <ele>311.9</ele>
   </trkpt>
   <trkpt lat="45.0785470" lon="7.5601670">
    <ele>311.9</ele>
   </trkpt>
   <trkpt lat="45.0785480" lon="7.5602320">
    <ele>311.9</ele>
   </trkpt>
   <trkpt lat="45.0785540" lon="7.5602920">
    <ele>311.8</ele>
   </trkpt>
   <trkpt lat="45.0785560" lon="7.5603540">
    <ele>311.8</ele>
   </trkpt>
   <trkpt lat="45.0785590" lon="7.5604120">
    <ele>311.8</ele>
   </trkpt>
   <trkpt lat="45.0785650" lon="7.5604660">
    <ele>311.8</ele>
   </trkpt>
   <trkpt lat="45.0785680" lon="7.5605170">
    <ele>311.8</ele>
   </trkpt>
   <trkpt lat="45.0785720" lon="7.5605620">
    <ele>311.7</ele>
   </trkpt>
   <trkpt lat="45.0785760" lon="7.5606090">
    <ele>311.7</ele>
   </trkpt>
   <trkpt lat="45.0785760" lon="7.5606530">
    <ele>311.7</ele>
   </trkpt>
   <trkpt lat="45.0785770" lon="7.5606920">
    <ele>311.7</ele>
   </trkpt>
   <trkpt lat="45.0785810" lon="7.5607510">
    <ele>311.7</ele>
   </trkpt>
   <trkpt lat="45.0785810" lon="7.5607740">
    <ele>311.7</ele>
   </trkpt>
   <trkpt lat="45.0785800" lon="7.5608260">
    <ele>311.6</ele>
   </trkpt>
   <trkpt lat="45.0785810" lon="7.5608800">
    <ele>311.6</ele>
   </trkpt>
   <trkpt lat="45.0785860" lon="7.5609430">
    <ele>311.6</ele>
   </trkpt>
   <trkpt lat="45.0785890" lon="7.5610000">
    <ele>311.6</ele>
   </trkpt>
   <trkpt lat="45.0785910" lon="7.5610600">
    <ele>311.5</ele>
   </trkpt>
   <trkpt lat="45.0785910" lon="7.5611170">
    <ele>311.5</ele>
   </trkpt>
   <trkpt lat="45.0785940" lon="7.5611790">
    <ele>311.5</ele>
   </trkpt>
   <trkpt lat="45.0785980" lon="7.5612440">
    <ele>311.4</ele>
   </trkpt>
   <trkpt lat="45.0786030" lon="7.5613010">
    <ele>311.4</ele>
   </trkpt>
   <trkpt lat="45.0786050" lon="7.5613740">
    <ele>311.3</ele>
   </trkpt>
   <trkpt lat="45.0786070" lon="7.5614480">
    <ele>311.3</ele>
   </trkpt>
   <trkpt lat="45.0786090" lon="7.5615220">
    <ele>311.3</ele>
   </trkpt>
   <trkpt lat="45.0786070" lon="7.5615990">
    <ele>311.2</ele>
   </trkpt>
   <trkpt lat="45.0786090" lon="7.5616730">
    <ele>311.2</ele>
   </trkpt>
   <trkpt lat="45.0786140" lon="7.5617460">
    <ele>311.1</ele>
   </trkpt>
   <trkpt lat="45.0786200" lon="7.5618170">
    <ele>311.1</ele>
   </trkpt>
   <trkpt lat="45.0786220" lon="7.5618840">
    <ele>311.1</ele>
   </trkpt>
   <trkpt lat="45.0786220" lon="7.5619410">
    <ele>311.1</ele>
   </trkpt>
   <trkpt lat="45.0786190" lon="7.5619800">
    <ele>311.0</ele>
   </trkpt>
   <trkpt lat="45.0786130" lon="7.5620320">
    <ele>311.0</ele>
   </trkpt>
   <trkpt lat="45.0786110" lon="7.5620510">
    <ele>311.0</ele>
   </trkpt>
   <trkpt lat="45.0786120" lon="7.5620990">
    <ele>310.9</ele>
   </trkpt>
   <trkpt lat="45.0786170" lon="7.5621530">
    <ele>310.9</ele>
   </trkpt>
   <trkpt lat="45.0786230" lon="7.5622110">
    <ele>310.8</ele>
   </trkpt>
   <trkpt lat="45.0786240" lon="7.5622700">
    <ele>310.8</ele>
   </trkpt>
   <trkpt lat="45.0786240" lon="7.5623260">
    <ele>310.7</ele>
   </trkpt>
   <trkpt lat="45.0786290" lon="7.5623900">
    <ele>310.7</ele>
   </trkpt>
   <trkpt lat="45.0786320" lon="7.5624570">
    <ele>310.6</ele>
   </trkpt>
   <trkpt lat="45.0786330" lon="7.5625240">
    <ele>310.5</ele>
   </trkpt>
   <trkpt lat="45.0786360" lon="7.5625930">
    <ele>310.5</ele>
   </trkpt>
   <trkpt lat="45.0786360" lon="7.5626650">
    <ele>310.4</ele>
   </trkpt>
   <trkpt lat="45.0786390" lon="7.5627330">
    <ele>310.4</ele>
   </trkpt>
   <trkpt lat="45.0786420" lon="7.5628020">
    <ele>310.3</ele>
   </trkpt>
   <trkpt lat="45.0786440" lon="7.5628740">
    <ele>310.3</ele>
   </trkpt>
   <trkpt lat="45.0786460" lon="7.5629460">
    <ele>310.2</ele>
   </trkpt>
   <trkpt lat="45.0786450" lon="7.5630120">
    <ele>310.2</ele>
   </trkpt>
   <trkpt lat="45.0786430" lon="7.5630890">
    <ele>310.1</ele>
   </trkpt>
   <trkpt lat="45.0786470" lon="7.5631720">
    <ele>310.1</ele>
   </trkpt>
   <trkpt lat="45.0786530" lon="7.5632500">
    <ele>310.1</ele>
   </trkpt>
   <trkpt lat="45.0786610" lon="7.5633280">
    <ele>310.0</ele>
   </trkpt>
   <trkpt lat="45.0786710" lon="7.5634050">
    <ele>310.0</ele>
   </trkpt>
   <trkpt lat="45.0786830" lon="7.5634840">
    <ele>309.9</ele>
   </trkpt>
   <trkpt lat="45.0786900" lon="7.5635650">
    <ele>309.9</ele>
   </trkpt>
   <trkpt lat="45.0786960" lon="7.5636490">
    <ele>309.9</ele>
   </trkpt>
   <trkpt lat="45.0787060" lon="7.5638040">
    <ele>309.8</ele>
   </trkpt>
   <trkpt lat="45.0787070" lon="7.5638920">
    <ele>309.7</ele>
   </trkpt>
   <trkpt lat="45.0787050" lon="7.5639770">
    <ele>309.7</ele>
   </trkpt>
   <trkpt lat="45.0787060" lon="7.5640650">
    <ele>309.6</ele>
   </trkpt>
   <trkpt lat="45.0787080" lon="7.5641520">
    <ele>309.6</ele>
   </trkpt>
   <trkpt lat="45.0787150" lon="7.5642340">
    <ele>309.6</ele>
   </trkpt>
   <trkpt lat="45.0787280" lon="7.5643140">
    <ele>309.5</ele>
   </trkpt>
   <trkpt lat="45.0787330" lon="7.5643990">
    <ele>309.5</ele>
   </trkpt>
   <trkpt lat="45.0787320" lon="7.5644880">
    <ele>309.5</ele>
   </trkpt>
   <trkpt lat="45.0787360" lon="7.5645770">
    <ele>309.4</ele>
   </trkpt>
   <trkpt lat="45.0787400" lon="7.5646660">
    <ele>309.4</ele>
   </trkpt>
   <trkpt lat="45.0787430" lon="7.5647490">
    <ele>309.4</ele>
   </trkpt>
   <trkpt lat="45.0787440" lon="7.5648320">
    <ele>309.3</ele>
   </trkpt>
   <trkpt lat="45.0787400" lon="7.5649130">
    <ele>309.3</ele>
   </trkpt>
   <trkpt lat="45.0787360" lon="7.5649960">
    <ele>309.2</ele>
   </trkpt>
   <trkpt lat="45.0787380" lon="7.5650770">
    <ele>309.2</ele>
   </trkpt>
   <trkpt lat="45.0787430" lon="7.5651590">
    <ele>309.1</ele>
   </trkpt>
   <trkpt lat="45.0787480" lon="7.5652400">
    <ele>309.1</ele>
   </trkpt>
   <trkpt lat="45.0787510" lon="7.5653160">
    <ele>309.0</ele>
   </trkpt>
   <trkpt lat="45.0787530" lon="7.5653970">
    <ele>309.0</ele>
   </trkpt>
   <trkpt lat="45.0787530" lon="7.5654760">
    <ele>309.0</ele>
   </trkpt>
   <trkpt lat="45.0787520" lon="7.5655500">
    <ele>309.0</ele>
   </trkpt>
   <trkpt lat="45.0787610" lon="7.5656280">
    <ele>309.0</ele>
   </trkpt>
   <trkpt lat="45.0787680" lon="7.5657010">
    <ele>308.9</ele>
   </trkpt>
   <trkpt lat="45.0787600" lon="7.5657720">
    <ele>308.9</ele>
   </trkpt>
   <trkpt lat="45.0787320" lon="7.5658330">
    <ele>309.0</ele>
   </trkpt>
   <trkpt lat="45.0787070" lon="7.5658890">
    <ele>309.0</ele>
   </trkpt>
   <trkpt lat="45.0786890" lon="7.5659480">
    <ele>309.1</ele>
   </trkpt>
   <trkpt lat="45.0786820" lon="7.5660010">
    <ele>309.1</ele>
   </trkpt>
   <trkpt lat="45.0786730" lon="7.5660500">
    <ele>309.0</ele>
   </trkpt>
   <trkpt lat="45.0786620" lon="7.5660970">
    <ele>309.0</ele>
   </trkpt>
   <trkpt lat="45.0786540" lon="7.5661460">
    <ele>309.0</ele>
   </trkpt>
   <trkpt lat="45.0786460" lon="7.5661870">
    <ele>308.9</ele>
   </trkpt>
   <trkpt lat="45.0786350" lon="7.5662230">
    <ele>308.9</ele>
   </trkpt>
   <trkpt lat="45.0786330" lon="7.5662380">
    <ele>308.8</ele>
   </trkpt>
   <trkpt lat="45.0786330" lon="7.5662780">
    <ele>308.8</ele>
   </trkpt>
   <trkpt lat="45.0786320" lon="7.5662920">
    <ele>308.8</ele>
   </trkpt>
   <trkpt lat="45.0786290" lon="7.5663350">
    <ele>308.7</ele>
   </trkpt>
   <trkpt lat="45.0786270" lon="7.5663450">
    <ele>308.7</ele>
   </trkpt>
   <trkpt lat="45.0786150" lon="7.5663770">
    <ele>308.7</ele>
   </trkpt>
   <trkpt lat="45.0786100" lon="7.5663910">
    <ele>308.7</ele>
   </trkpt>
   <trkpt lat="45.0786020" lon="7.5664450">
    <ele>308.6</ele>
   </trkpt>
   <trkpt lat="45.0786010" lon="7.5664630">
    <ele>308.6</ele>
   </trkpt>
   <trkpt lat="45.0786200" lon="7.5665090">
    <ele>308.6</ele>
   </trkpt>
   <trkpt lat="45.0786300" lon="7.5665220">
    <ele>308.6</ele>
   </trkpt>
   <trkpt lat="45.0786560" lon="7.5665450">
    <ele>308.6</ele>
   </trkpt>
   <trkpt lat="45.0786790" lon="7.5665750">
    <ele>308.6</ele>
   </trkpt>
   <trkpt lat="45.0786940" lon="7.5666130">
    <ele>308.6</ele>
   </trkpt>
   <trkpt lat="45.0787110" lon="7.5666460">
    <ele>308.6</ele>
   </trkpt>
   <trkpt lat="45.0787460" lon="7.5667290">
    <ele>308.6</ele>
   </trkpt>
   <trkpt lat="45.0787650" lon="7.5667670">
    <ele>308.6</ele>
   </trkpt>
   <trkpt lat="45.0787870" lon="7.5668000">
    <ele>308.6</ele>
   </trkpt>
   <trkpt lat="45.0788150" lon="7.5668340">
    <ele>308.6</ele>
   </trkpt>
   <trkpt lat="45.0788400" lon="7.5668820">
    <ele>308.6</ele>
   </trkpt>
   <trkpt lat="45.0788590" lon="7.5669180">
    <ele>308.7</ele>
   </trkpt>
   <trkpt lat="45.0788710" lon="7.5669620">
    <ele>308.7</ele>
   </trkpt>
   <trkpt lat="45.0788640" lon="7.5670100">
    <ele>308.7</ele>
   </trkpt>
   <trkpt lat="45.0788530" lon="7.5670600">
    <ele>308.6</ele>
   </trkpt>
   <trkpt lat="45.0788440" lon="7.5671110">
    <ele>308.6</ele>
   </trkpt>
   <trkpt lat="45.0788360" lon="7.5671630">
    <ele>308.6</ele>
   </trkpt>
   <trkpt lat="45.0788260" lon="7.5672190">
    <ele>308.6</ele>
   </trkpt>
   <trkpt lat="45.0788170" lon="7.5672920">
    <ele>308.5</ele>
   </trkpt>
   <trkpt lat="45.0788110" lon="7.5673640">
    <ele>308.5</ele>
   </trkpt>
   <trkpt lat="45.0788010" lon="7.5674330">
    <ele>308.5</ele>
   </trkpt>
   <trkpt lat="45.0787970" lon="7.5675110">
    <ele>308.5</ele>
   </trkpt>
   <trkpt lat="45.0787840" lon="7.5675800">
    <ele>308.5</ele>
   </trkpt>
   <trkpt lat="45.0787760" lon="7.5676450">
    <ele>308.5</ele>
   </trkpt>
   <trkpt lat="45.0787670" lon="7.5677140">
    <ele>308.4</ele>
   </trkpt>
   <trkpt lat="45.0787530" lon="7.5677820">
    <ele>308.4</ele>
   </trkpt>
   <trkpt lat="45.0787380" lon="7.5678550">
    <ele>308.4</ele>
   </trkpt>
   <trkpt lat="45.0787250" lon="7.5679320">
    <ele>308.4</ele>
   </trkpt>
   <trkpt lat="45.0787220" lon="7.5680060">
    <ele>308.3</ele>
   </trkpt>
   <trkpt lat="45.0787110" lon="7.5680800">
    <ele>308.3</ele>
   </trkpt>
   <trkpt lat="45.0787010" lon="7.5681500">
    <ele>308.3</ele>
   </trkpt>
   <trkpt lat="45.0786680" lon="7.5682760">
    <ele>308.3</ele>
   </trkpt>
   <trkpt lat="45.0786610" lon="7.5683440">
    <ele>308.3</ele>
   </trkpt>
   <trkpt lat="45.0786500" lon="7.5684130">
    <ele>308.2</ele>
   </trkpt>
   <trkpt lat="45.0786420" lon="7.5684820">
    <ele>308.2</ele>
   </trkpt>
   <trkpt lat="45.0786360" lon="7.5685570">
    <ele>308.2</ele>
   </trkpt>
   <trkpt lat="45.0786360" lon="7.5686260">
    <ele>308.1</ele>
   </trkpt>
   <trkpt lat="45.0786300" lon="7.5686950">
    <ele>308.1</ele>
   </trkpt>
   <trkpt lat="45.0786230" lon="7.5687660">
    <ele>308.0</ele>
   </trkpt>
   <trkpt lat="45.0786150" lon="7.5688360">
    <ele>307.9</ele>
   </trkpt>
   <trkpt lat="45.0786080" lon="7.5689070">
    <ele>307.8</ele>
   </trkpt>
   <trkpt lat="45.0786040" lon="7.5689840">
    <ele>307.8</ele>
   </trkpt>
   <trkpt lat="45.0785940" lon="7.5690540">
    <ele>307.7</ele>
   </trkpt>
   <trkpt lat="45.0785880" lon="7.5691160">
    <ele>307.7</ele>
   </trkpt>
   <trkpt lat="45.0785820" lon="7.5691850">
    <ele>307.6</ele>
   </trkpt>
   <trkpt lat="45.0785690" lon="7.5692680">
    <ele>307.6</ele>
   </trkpt>
   <trkpt lat="45.0785570" lon="7.5693530">
    <ele>307.5</ele>
   </trkpt>
   <trkpt lat="45.0785500" lon="7.5694290">
    <ele>307.5</ele>
   </trkpt>
   <trkpt lat="45.0785410" lon="7.5695080">
    <ele>307.5</ele>
   </trkpt>
   <trkpt lat="45.0785340" lon="7.5695820">
    <ele>307.5</ele>
   </trkpt>
   <trkpt lat="45.0785290" lon="7.5696590">
    <ele>307.4</ele>
   </trkpt>
   <trkpt lat="45.0785270" lon="7.5697290">
    <ele>307.3</ele>
   </trkpt>
   <trkpt lat="45.0785190" lon="7.5698090">
    <ele>307.2</ele>
   </trkpt>
   <trkpt lat="45.0785100" lon="7.5698910">
    <ele>307.1</ele>
   </trkpt>
   <trkpt lat="45.0785020" lon="7.5699610">
    <ele>307.0</ele>
   </trkpt>
   <trkpt lat="45.0784980" lon="7.5700180">
    <ele>306.9</ele>
   </trkpt>
   <trkpt lat="45.0784970" lon="7.5700670">
    <ele>306.9</ele>
   </trkpt>
   <trkpt lat="45.0784990" lon="7.5701070">
    <ele>306.8</ele>
   </trkpt>
   <trkpt lat="45.0785070" lon="7.5701490">
    <ele>306.8</ele>
   </trkpt>
   <trkpt lat="45.0785130" lon="7.5701640">
    <ele>306.7</ele>
   </trkpt>
   <trkpt lat="45.0785420" lon="7.5701740">
    <ele>306.5</ele>
   </trkpt>
   <trkpt lat="45.0785750" lon="7.5701570">
    <ele>306.3</ele>
   </trkpt>
   <trkpt lat="45.0786030" lon="7.5701430">
    <ele>306.1</ele>
   </trkpt>
   <trkpt lat="45.0786410" lon="7.5701400">
    <ele>306.1</ele>
   </trkpt>
   <trkpt lat="45.0786530" lon="7.5701400">
    <ele>306.1</ele>
   </trkpt>
   <trkpt lat="45.0786800" lon="7.5701390">
    <ele>306.1</ele>
   </trkpt>
   <trkpt lat="45.0787080" lon="7.5701440">
    <ele>306.1</ele>
   </trkpt>
   <trkpt lat="45.0787410" lon="7.5701530">
    <ele>306.2</ele>
   </trkpt>
   <trkpt lat="45.0787770" lon="7.5701690">
    <ele>306.2</ele>
   </trkpt>
   <trkpt lat="45.0788090" lon="7.5701950">
    <ele>306.2</ele>
   </trkpt>
   <trkpt lat="45.0788410" lon="7.5702270">
    <ele>306.2</ele>
   </trkpt>
   <trkpt lat="45.0789140" lon="7.5702780">
    <ele>306.3</ele>
   </trkpt>
   <trkpt lat="45.0789550" lon="7.5702920">
    <ele>306.3</ele>
   </trkpt>
   <trkpt lat="45.0790040" lon="7.5702930">
    <ele>306.3</ele>
   </trkpt>
   <trkpt lat="45.0790520" lon="7.5702840">
    <ele>306.3</ele>
   </trkpt>
   <trkpt lat="45.0790980" lon="7.5702710">
    <ele>306.4</ele>
   </trkpt>
   <trkpt lat="45.0791450" lon="7.5702590">
    <ele>306.4</ele>
   </trkpt>
   <trkpt lat="45.0791890" lon="7.5702510">
    <ele>306.5</ele>
   </trkpt>
   <trkpt lat="45.0792320" lon="7.5702500">
    <ele>306.5</ele>
   </trkpt>
   <trkpt lat="45.0792680" lon="7.5702480">
    <ele>306.5</ele>
   </trkpt>
   <trkpt lat="45.0793110" lon="7.5702480">
    <ele>306.6</ele>
   </trkpt>
   <trkpt lat="45.0793440" lon="7.5702510">
    <ele>306.7</ele>
   </trkpt>
   <trkpt lat="45.0793710" lon="7.5702660">
    <ele>306.7</ele>
   </trkpt>
   <trkpt lat="45.0793940" lon="7.5702910">
    <ele>306.7</ele>
   </trkpt>
   <trkpt lat="45.0793990" lon="7.5703290">
    <ele>306.8</ele>
   </trkpt>
   <trkpt lat="45.0793890" lon="7.5703700">
    <ele>307.0</ele>
   </trkpt>
   <trkpt lat="45.0793840" lon="7.5704210">
    <ele>307.2</ele>
   </trkpt>
   <trkpt lat="45.0793850" lon="7.5704420">
    <ele>307.3</ele>
   </trkpt>
   <trkpt lat="45.0793960" lon="7.5704800">
    <ele>307.4</ele>
   </trkpt>
   <trkpt lat="45.0794190" lon="7.5705170">
    <ele>307.6</ele>
   </trkpt>
   <trkpt lat="45.0794500" lon="7.5705410">
    <ele>307.8</ele>
   </trkpt>
   <trkpt lat="45.0794810" lon="7.5705490">
    <ele>308.0</ele>
   </trkpt>
   <trkpt lat="45.0795130" lon="7.5705450">
    <ele>308.2</ele>
   </trkpt>
   <trkpt lat="45.0795420" lon="7.5705350">
    <ele>308.4</ele>
   </trkpt>
   <trkpt lat="45.0795670" lon="7.5705210">
    <ele>308.6</ele>
   </trkpt>
   <trkpt lat="45.0795980" lon="7.5704880">
    <ele>308.9</ele>
   </trkpt>
   <trkpt lat="45.0796070" lon="7.5704750">
    <ele>309.0</ele>
   </trkpt>
   <trkpt lat="45.0796390" lon="7.5704350">
    <ele>309.2</ele>
   </trkpt>
   <trkpt lat="45.0796620" lon="7.5704100">
    <ele>309.4</ele>
   </trkpt>
   <trkpt lat="45.0796680" lon="7.5704030">
    <ele>309.5</ele>
   </trkpt>
   <trkpt lat="45.0796800" lon="7.5703860">
    <ele>309.6</ele>
   </trkpt>
   <trkpt lat="45.0796920" lon="7.5703660">
    <ele>309.7</ele>
   </trkpt>
   <trkpt lat="45.0797060" lon="7.5703530">
    <ele>309.8</ele>
   </trkpt>
   <trkpt lat="45.0797190" lon="7.5703410">
    <ele>309.9</ele>
   </trkpt>
   <trkpt lat="45.0797410" lon="7.5703180">
    <ele>310.1</ele>
   </trkpt>
   <trkpt lat="45.0797490" lon="7.5703100">
    <ele>310.2</ele>
   </trkpt>
   <trkpt lat="45.0797750" lon="7.5702760">
    <ele>310.4</ele>
   </trkpt>
   <trkpt lat="45.0797850" lon="7.5702660">
    <ele>310.5</ele>
   </trkpt>
   <trkpt lat="45.0798190" lon="7.5702460">
    <ele>310.7</ele>
   </trkpt>
   <trkpt lat="45.0798310" lon="7.5702410">
    <ele>310.7</ele>
   </trkpt>
   <trkpt lat="45.0798690" lon="7.5702400">
    <ele>311.0</ele>
   </trkpt>
   <trkpt lat="45.0798810" lon="7.5702390">
    <ele>311.0</ele>
   </trkpt>
   <trkpt lat="45.0799190" lon="7.5702470">
    <ele>311.1</ele>
   </trkpt>
   <trkpt lat="45.0799320" lon="7.5702530">
    <ele>311.2</ele>
   </trkpt>
   <trkpt lat="45.0799570" lon="7.5702700">
    <ele>311.2</ele>
   </trkpt>
   <trkpt lat="45.0799840" lon="7.5702820">
    <ele>311.2</ele>
   </trkpt>
   <trkpt lat="45.0800140" lon="7.5702960">
    <ele>311.2</ele>
   </trkpt>
   <trkpt lat="45.0800470" lon="7.5703040">
    <ele>311.2</ele>
   </trkpt>
   <trkpt lat="45.0800750" lon="7.5703130">
    <ele>311.2</ele>
   </trkpt>
   <trkpt lat="45.0801090" lon="7.5703240">
    <ele>311.2</ele>
   </trkpt>
   <trkpt lat="45.0801170" lon="7.5703290">
    <ele>311.2</ele>
   </trkpt>
   <trkpt lat="45.0801200" lon="7.5703350">
    <ele>311.2</ele>
   </trkpt>
   <trkpt lat="45.0801170" lon="7.5703330">
    <ele>311.2</ele>
   </trkpt>
   <trkpt lat="45.0801160" lon="7.5703320">
    <ele>311.2</ele>
   </trkpt>
   <trkpt lat="45.0801160" lon="7.5703320">
    <ele>311.2</ele>
   </trkpt>
   <trkpt lat="45.0801160" lon="7.5703310">
    <ele>311.2</ele>
   </trkpt>
   <trkpt lat="45.0801190" lon="7.5703320">
    <ele>311.2</ele>
   </trkpt>
   <trkpt lat="45.0800980" lon="7.5703230">
    <ele>311.2</ele>
   </trkpt>
   <trkpt lat="45.0800980" lon="7.5703420">
    <ele>311.2</ele>
   </trkpt>
   <trkpt lat="45.0801050" lon="7.5703530">
    <ele>311.1</ele>
   </trkpt>
   <trkpt lat="45.0801060" lon="7.5703550">
    <ele>311.1</ele>
   </trkpt>
   <trkpt lat="45.0801060" lon="7.5703550">
    <ele>311.1</ele>
   </trkpt>
   <trkpt lat="45.0801060" lon="7.5703550">
    <ele>311.1</ele>
   </trkpt>
   <trkpt lat="45.0801060" lon="7.5703540">
    <ele>311.1</ele>
   </trkpt>
   <trkpt lat="45.0801060" lon="7.5703540">
    <ele>311.1</ele>
   </trkpt>
   <trkpt lat="45.0801060" lon="7.5703540">
    <ele>311.1</ele>
   </trkpt>
   <trkpt lat="45.0801060" lon="7.5703540">
    <ele>311.1</ele>
   </trkpt>
   <trkpt lat="45.0801060" lon="7.5703540">
    <ele>311.1</ele>
   </trkpt>
   <trkpt lat="45.0801060" lon="7.5703540">
    <ele>311.1</ele>
   </trkpt>
   <trkpt lat="45.0801060" lon="7.5703540">
    <ele>311.1</ele>
   </trkpt>
   <trkpt lat="45.0801060" lon="7.5703540">
    <ele>311.1</ele>
   </trkpt>
   <trkpt lat="45.0801180" lon="7.5703700">
    <ele>311.1</ele>
   </trkpt>
   <trkpt lat="45.0801060" lon="7.5704060">
    <ele>311.1</ele>
   </trkpt>
   <trkpt lat="45.0800870" lon="7.5704410">
    <ele>311.1</ele>
   </trkpt>
   <trkpt lat="45.0800700" lon="7.5704790">
    <ele>311.1</ele>
   </trkpt>
   <trkpt lat="45.0800520" lon="7.5705270">
    <ele>311.0</ele>
   </trkpt>
   <trkpt lat="45.0800310" lon="7.5705790">
    <ele>310.9</ele>
   </trkpt>
   <trkpt lat="45.0800460" lon="7.5705970">
    <ele>310.9</ele>
   </trkpt>
   <trkpt lat="45.0800580" lon="7.5705950">
    <ele>310.8</ele>
   </trkpt>
   <trkpt lat="45.0800700" lon="7.5705920">
    <ele>310.8</ele>
   </trkpt>
   <trkpt lat="45.0800830" lon="7.5705580">
    <ele>310.7</ele>
   </trkpt>
   <trkpt lat="45.0800850" lon="7.5705490">
    <ele>310.6</ele>
   </trkpt>
   <trkpt lat="45.0800880" lon="7.5705390">
    <ele>310.6</ele>
   </trkpt>
   <trkpt lat="45.0801060" lon="7.5704850">
    <ele>310.4</ele>
   </trkpt>
   <trkpt lat="45.0801120" lon="7.5704610">
    <ele>310.4</ele>
   </trkpt>
   <trkpt lat="45.0801330" lon="7.5704110">
    <ele>310.2</ele>
   </trkpt>
   <trkpt lat="45.0801490" lon="7.5703690">
    <ele>310.0</ele>
   </trkpt>
   <trkpt lat="45.0801550" lon="7.5703390">
    <ele>309.9</ele>
   </trkpt>
   <trkpt lat="45.0801490" lon="7.5703360">
    <ele>309.8</ele>
   </trkpt>
   <trkpt lat="45.0801340" lon="7.5703530">
    <ele>309.8</ele>
   </trkpt>
   <trkpt lat="45.0801180" lon="7.5703800">
    <ele>309.7</ele>
   </trkpt>
   <trkpt lat="45.0800980" lon="7.5704310">
    <ele>309.7</ele>
   </trkpt>
   <trkpt lat="45.0800910" lon="7.5704510">
    <ele>309.6</ele>
   </trkpt>
   <trkpt lat="45.0800720" lon="7.5704920">
    <ele>309.5</ele>
   </trkpt>
   <trkpt lat="45.0800560" lon="7.5705380">
    <ele>309.4</ele>
   </trkpt>
   <trkpt lat="45.0800490" lon="7.5705780">
    <ele>309.3</ele>
   </trkpt>
   <trkpt lat="45.0800460" lon="7.5705980">
    <ele>309.2</ele>
   </trkpt>
   <trkpt lat="45.0800510" lon="7.5705900">
    <ele>309.2</ele>
   </trkpt>
   <trkpt lat="45.0800600" lon="7.5705950">
    <ele>309.1</ele>
   </trkpt>
   <trkpt lat="45.0800570" lon="7.5705800">
    <ele>309.0</ele>
   </trkpt>
   <trkpt lat="45.0800640" lon="7.5705450">
    <ele>308.7</ele>
   </trkpt>
   <trkpt lat="45.0800880" lon="7.5704910">
    <ele>308.3</ele>
   </trkpt>
   <trkpt lat="45.0801240" lon="7.5704520">
    <ele>307.9</ele>
   </trkpt>
   <trkpt lat="45.0801470" lon="7.5704050">
    <ele>307.5</ele>
   </trkpt>
   <trkpt lat="45.0801800" lon="7.5703830">
    <ele>306.9</ele>
   </trkpt>
   <trkpt lat="45.0801750" lon="7.5704080">
    <ele>306.6</ele>
   </trkpt>
   <trkpt lat="45.0801690" lon="7.5704340">
    <ele>306.5</ele>
   </trkpt>
   <trkpt lat="45.0801790" lon="7.5704900">
    <ele>306.4</ele>
   </trkpt>
   <trkpt lat="45.0801630" lon="7.5705450">
    <ele>306.4</ele>
   </trkpt>
   <trkpt lat="45.0801330" lon="7.5705780">
    <ele>306.3</ele>
   </trkpt>
   <trkpt lat="45.0801020" lon="7.5706240">
    <ele>306.3</ele>
   </trkpt>
   <trkpt lat="45.0800740" lon="7.5706690">
    <ele>306.2</ele>
   </trkpt>
   <trkpt lat="45.0800540" lon="7.5707120">
    <ele>306.1</ele>
   </trkpt>
   <trkpt lat="45.0800350" lon="7.5707620">
    <ele>306.1</ele>
   </trkpt>
   <trkpt lat="45.0800210" lon="7.5708190">
    <ele>306.0</ele>
   </trkpt>
   <trkpt lat="45.0800190" lon="7.5708760">
    <ele>306.0</ele>
   </trkpt>
   <trkpt lat="45.0800150" lon="7.5709430">
    <ele>305.9</ele>
   </trkpt>
   <trkpt lat="45.0800110" lon="7.5710110">
    <ele>305.9</ele>
   </trkpt>
   <trkpt lat="45.0800030" lon="7.5710750">
    <ele>305.8</ele>
   </trkpt>
   <trkpt lat="45.0799920" lon="7.5711400">
    <ele>305.7</ele>
   </trkpt>
   <trkpt lat="45.0799720" lon="7.5712040">
    <ele>305.7</ele>
   </trkpt>
   <trkpt lat="45.0799650" lon="7.5712670">
    <ele>305.6</ele>
   </trkpt>
   <trkpt lat="45.0799590" lon="7.5713340">
    <ele>305.5</ele>
   </trkpt>
   <trkpt lat="45.0799460" lon="7.5713900">
    <ele>305.5</ele>
   </trkpt>
   <trkpt lat="45.0799370" lon="7.5714490">
    <ele>305.4</ele>
   </trkpt>
   <trkpt lat="45.0799200" lon="7.5715060">
    <ele>305.4</ele>
   </trkpt>
   <trkpt lat="45.0798980" lon="7.5715600">
    <ele>305.3</ele>
   </trkpt>
   <trkpt lat="45.0798790" lon="7.5716090">
    <ele>305.3</ele>
   </trkpt>
   <trkpt lat="45.0798550" lon="7.5716720">
    <ele>305.2</ele>
   </trkpt>
   <trkpt lat="45.0798380" lon="7.5717440">
    <ele>305.2</ele>
   </trkpt>
   <trkpt lat="45.0798270" lon="7.5718030">
    <ele>305.1</ele>
   </trkpt>
   <trkpt lat="45.0798200" lon="7.5718510">
    <ele>305.1</ele>
   </trkpt>
   <trkpt lat="45.0798180" lon="7.5719040">
    <ele>305.1</ele>
   </trkpt>
   <trkpt lat="45.0798150" lon="7.5719520">
    <ele>305.0</ele>
   </trkpt>
   <trkpt lat="45.0798180" lon="7.5720090">
    <ele>305.0</ele>
   </trkpt>
   <trkpt lat="45.0798350" lon="7.5720680">
    <ele>304.9</ele>
   </trkpt>
   <trkpt lat="45.0798470" lon="7.5721190">
    <ele>304.9</ele>
   </trkpt>
   <trkpt lat="45.0798520" lon="7.5721770">
    <ele>304.8</ele>
   </trkpt>
   <trkpt lat="45.0798680" lon="7.5722360">
    <ele>305.0</ele>
   </trkpt>
   <trkpt lat="45.0799000" lon="7.5722850">
    <ele>304.9</ele>
   </trkpt>
   <trkpt lat="45.0799410" lon="7.5723110">
    <ele>304.9</ele>
   </trkpt>
   <trkpt lat="45.0799830" lon="7.5723360">
    <ele>304.9</ele>
   </trkpt>
   <trkpt lat="45.0800210" lon="7.5723640">
    <ele>304.9</ele>
   </trkpt>
   <trkpt lat="45.0800610" lon="7.5723890">
    <ele>304.9</ele>
   </trkpt>
   <trkpt lat="45.0801010" lon="7.5724130">
    <ele>304.9</ele>
   </trkpt>
   <trkpt lat="45.0801390" lon="7.5724450">
    <ele>304.9</ele>
   </trkpt>
   <trkpt lat="45.0801800" lon="7.5724680">
    <ele>304.9</ele>
   </trkpt>
   <trkpt lat="45.0802230" lon="7.5724960">
    <ele>304.9</ele>
   </trkpt>
   <trkpt lat="45.0802670" lon="7.5725210">
    <ele>304.9</ele>
   </trkpt>
   <trkpt lat="45.0803090" lon="7.5725450">
    <ele>304.9</ele>
   </trkpt>
   <trkpt lat="45.0803480" lon="7.5725710">
    <ele>305.0</ele>
   </trkpt>
   <trkpt lat="45.0803900" lon="7.5725910">
    <ele>305.0</ele>
   </trkpt>
   <trkpt lat="45.0804340" lon="7.5726180">
    <ele>305.0</ele>
   </trkpt>
   <trkpt lat="45.0804770" lon="7.5726440">
    <ele>304.9</ele>
   </trkpt>
   <trkpt lat="45.0805180" lon="7.5726630">
    <ele>304.9</ele>
   </trkpt>
   <trkpt lat="45.0805580" lon="7.5726860">
    <ele>304.9</ele>
   </trkpt>
   <trkpt lat="45.0805980" lon="7.5726990">
    <ele>304.9</ele>
   </trkpt>
   <trkpt lat="45.0806380" lon="7.5727150">
    <ele>305.0</ele>
   </trkpt>
   <trkpt lat="45.0806730" lon="7.5727350">
    <ele>305.0</ele>
   </trkpt>
   <trkpt lat="45.0807140" lon="7.5727590">
    <ele>305.0</ele>
   </trkpt>
   <trkpt lat="45.0807470" lon="7.5727840">
    <ele>305.0</ele>
   </trkpt>
   <trkpt lat="45.0807770" lon="7.5728020">
    <ele>305.1</ele>
   </trkpt>
   <trkpt lat="45.0808040" lon="7.5728230">
    <ele>305.1</ele>
   </trkpt>
   <trkpt lat="45.0808330" lon="7.5728430">
    <ele>305.1</ele>
   </trkpt>
   <trkpt lat="45.0808640" lon="7.5728580">
    <ele>305.2</ele>
   </trkpt>
   <trkpt lat="45.0808930" lon="7.5728750">
    <ele>305.2</ele>
   </trkpt>
   <trkpt lat="45.0809200" lon="7.5728890">
    <ele>305.3</ele>
   </trkpt>
   <trkpt lat="45.0809490" lon="7.5729030">
    <ele>305.3</ele>
   </trkpt>
   <trkpt lat="45.0809780" lon="7.5729190">
    <ele>305.4</ele>
   </trkpt>
   <trkpt lat="45.0810090" lon="7.5729350">
    <ele>305.4</ele>
   </trkpt>
   <trkpt lat="45.0810350" lon="7.5729520">
    <ele>305.5</ele>
   </trkpt>
   <trkpt lat="45.0810530" lon="7.5729850">
    <ele>305.5</ele>
   </trkpt>
   <trkpt lat="45.0810540" lon="7.5729990">
    <ele>305.5</ele>
   </trkpt>
   <trkpt lat="45.0810420" lon="7.5730500">
    <ele>305.5</ele>
   </trkpt>
   <trkpt lat="45.0810360" lon="7.5730680">
    <ele>305.4</ele>
   </trkpt>
   <trkpt lat="45.0810150" lon="7.5731020">
    <ele>305.4</ele>
   </trkpt>
   <trkpt lat="45.0809830" lon="7.5731440">
    <ele>305.3</ele>
   </trkpt>
   <trkpt lat="45.0809450" lon="7.5731930">
    <ele>305.3</ele>
   </trkpt>
   <trkpt lat="45.0809080" lon="7.5732420">
    <ele>305.2</ele>
   </trkpt>
   <trkpt lat="45.0808690" lon="7.5732870">
    <ele>305.2</ele>
   </trkpt>
   <trkpt lat="45.0808250" lon="7.5733300">
    <ele>305.1</ele>
   </trkpt>
   <trkpt lat="45.0807880" lon="7.5733840">
    <ele>305.1</ele>
   </trkpt>
   <trkpt lat="45.0807570" lon="7.5734360">
    <ele>305.0</ele>
   </trkpt>
   <trkpt lat="45.0807250" lon="7.5734880">
    <ele>305.0</ele>
   </trkpt>
   <trkpt lat="45.0806920" lon="7.5735400">
    <ele>304.9</ele>
   </trkpt>
   <trkpt lat="45.0806610" lon="7.5735960">
    <ele>304.9</ele>
   </trkpt>
   <trkpt lat="45.0806290" lon="7.5736490">
    <ele>304.8</ele>
   </trkpt>
   <trkpt lat="45.0805950" lon="7.5736950">
    <ele>304.7</ele>
   </trkpt>
   <trkpt lat="45.0805610" lon="7.5737420">
    <ele>304.7</ele>
   </trkpt>
   <trkpt lat="45.0805280" lon="7.5737880">
    <ele>304.6</ele>
   </trkpt>
   <trkpt lat="45.0804920" lon="7.5738370">
    <ele>304.5</ele>
   </trkpt>
   <trkpt lat="45.0804550" lon="7.5738880">
    <ele>304.5</ele>
   </trkpt>
   <trkpt lat="45.0804230" lon="7.5739380">
    <ele>304.4</ele>
   </trkpt>
   <trkpt lat="45.0803940" lon="7.5739910">
    <ele>304.4</ele>
   </trkpt>
   <trkpt lat="45.0803630" lon="7.5740430">
    <ele>304.3</ele>
   </trkpt>
   <trkpt lat="45.0803370" lon="7.5740930">
    <ele>304.3</ele>
   </trkpt>
   <trkpt lat="45.0803110" lon="7.5741490">
    <ele>304.2</ele>
   </trkpt>
   <trkpt lat="45.0802860" lon="7.5741950">
    <ele>304.2</ele>
   </trkpt>
   <trkpt lat="45.0802680" lon="7.5742330">
    <ele>304.2</ele>
   </trkpt>
   <trkpt lat="45.0802520" lon="7.5742770">
    <ele>304.2</ele>
   </trkpt>
   <trkpt lat="45.0802470" lon="7.5742910">
    <ele>304.2</ele>
   </trkpt>
   <trkpt lat="45.0802430" lon="7.5743050">
    <ele>304.2</ele>
   </trkpt>
   <trkpt lat="45.0802420" lon="7.5743150">
    <ele>304.2</ele>
   </trkpt>
   <trkpt lat="45.0802380" lon="7.5743200">
    <ele>304.2</ele>
   </trkpt>
   <trkpt lat="45.0802320" lon="7.5743240">
    <ele>304.2</ele>
   </trkpt>
   <trkpt lat="45.0802210" lon="7.5743470">
    <ele>304.2</ele>
   </trkpt>
   <trkpt lat="45.0802140" lon="7.5743610">
    <ele>304.2</ele>
   </trkpt>
   <trkpt lat="45.0802070" lon="7.5743750">
    <ele>304.2</ele>
   </trkpt>
   <trkpt lat="45.0801860" lon="7.5744140">
    <ele>304.1</ele>
   </trkpt>
   <trkpt lat="45.0801790" lon="7.5744250">
    <ele>304.1</ele>
   </trkpt>
   <trkpt lat="45.0801700" lon="7.5744370">
    <ele>304.1</ele>
   </trkpt>
   <trkpt lat="45.0801630" lon="7.5744450">
    <ele>304.1</ele>
   </trkpt>
   <trkpt lat="45.0801540" lon="7.5744560">
    <ele>304.1</ele>
   </trkpt>
   <trkpt lat="45.0801420" lon="7.5744790">
    <ele>304.1</ele>
   </trkpt>
   <trkpt lat="45.0801360" lon="7.5744890">
    <ele>304.1</ele>
   </trkpt>
   <trkpt lat="45.0801300" lon="7.5744980">
    <ele>304.1</ele>
   </trkpt>
   <trkpt lat="45.0801060" lon="7.5745230">
    <ele>304.1</ele>
   </trkpt>
   <trkpt lat="45.0800960" lon="7.5745270">
    <ele>304.1</ele>
   </trkpt>
   <trkpt lat="45.0800600" lon="7.5745370">
    <ele>304.1</ele>
   </trkpt>
   <trkpt lat="45.0800230" lon="7.5745470">
    <ele>304.0</ele>
   </trkpt>
   <trkpt lat="45.0799870" lon="7.5745580">
    <ele>304.0</ele>
   </trkpt>
   <trkpt lat="45.0799550" lon="7.5745640">
    <ele>304.0</ele>
   </trkpt>
   <trkpt lat="45.0799240" lon="7.5745830">
    <ele>304.0</ele>
   </trkpt>
   <trkpt lat="45.0799010" lon="7.5746260">
    <ele>304.0</ele>
   </trkpt>
   <trkpt lat="45.0798870" lon="7.5746770">
    <ele>304.0</ele>
   </trkpt>
   <trkpt lat="45.0798810" lon="7.5747240">
    <ele>303.9</ele>
   </trkpt>
   <trkpt lat="45.0798690" lon="7.5747670">
    <ele>303.9</ele>
   </trkpt>
   <trkpt lat="45.0798500" lon="7.5748010">
    <ele>303.9</ele>
   </trkpt>
   <trkpt lat="45.0798190" lon="7.5748310">
    <ele>303.8</ele>
   </trkpt>
   <trkpt lat="45.0798080" lon="7.5748380">
    <ele>303.8</ele>
   </trkpt>
   <trkpt lat="45.0797910" lon="7.5748460">
    <ele>303.8</ele>
   </trkpt>
   <trkpt lat="45.0797730" lon="7.5748400">
    <ele>303.7</ele>
   </trkpt>
   <trkpt lat="45.0797400" lon="7.5748490">
    <ele>303.7</ele>
   </trkpt>
   <trkpt lat="45.0797290" lon="7.5748540">
    <ele>303.7</ele>
   </trkpt>
   <trkpt lat="45.0797060" lon="7.5749090">
    <ele>303.6</ele>
   </trkpt>
   <trkpt lat="45.0796830" lon="7.5749460">
    <ele>303.5</ele>
   </trkpt>
   <trkpt lat="45.0796510" lon="7.5749840">
    <ele>303.4</ele>
   </trkpt>
   <trkpt lat="45.0796220" lon="7.5750200">
    <ele>303.3</ele>
   </trkpt>
   <trkpt lat="45.0795870" lon="7.5750550">
    <ele>303.2</ele>
   </trkpt>
   <trkpt lat="45.0795540" lon="7.5750940">
    <ele>303.1</ele>
   </trkpt>
   <trkpt lat="45.0795200" lon="7.5751360">
    <ele>303.0</ele>
   </trkpt>
   <trkpt lat="45.0794870" lon="7.5751800">
    <ele>302.9</ele>
   </trkpt>
   <trkpt lat="45.0794520" lon="7.5752200">
    <ele>302.8</ele>
   </trkpt>
   <trkpt lat="45.0794190" lon="7.5752610">
    <ele>302.7</ele>
   </trkpt>
   <trkpt lat="45.0793800" lon="7.5753070">
    <ele>302.6</ele>
   </trkpt>
   <trkpt lat="45.0793420" lon="7.5753480">
    <ele>302.6</ele>
   </trkpt>
   <trkpt lat="45.0793000" lon="7.5753990">
    <ele>302.5</ele>
   </trkpt>
   <trkpt lat="45.0792580" lon="7.5754550">
    <ele>302.4</ele>
   </trkpt>
   <trkpt lat="45.0792180" lon="7.5755040">
    <ele>302.4</ele>
   </trkpt>
   <trkpt lat="45.0791780" lon="7.5755500">
    <ele>302.3</ele>
   </trkpt>
   <trkpt lat="45.0791390" lon="7.5755990">
    <ele>302.3</ele>
   </trkpt>
   <trkpt lat="45.0791000" lon="7.5756470">
    <ele>302.3</ele>
   </trkpt>
   <trkpt lat="45.0790610" lon="7.5756940">
    <ele>302.3</ele>
   </trkpt>
   <trkpt lat="45.0790230" lon="7.5757400">
    <ele>302.2</ele>
   </trkpt>
   <trkpt lat="45.0789860" lon="7.5757820">
    <ele>302.2</ele>
   </trkpt>
   <trkpt lat="45.0789540" lon="7.5758200">
    <ele>302.2</ele>
   </trkpt>
   <trkpt lat="45.0789210" lon="7.5758570">
    <ele>302.2</ele>
   </trkpt>
   <trkpt lat="45.0788900" lon="7.5758950">
    <ele>302.2</ele>
   </trkpt>
   <trkpt lat="45.0788610" lon="7.5759290">
    <ele>302.2</ele>
   </trkpt>
   <trkpt lat="45.0788300" lon="7.5759660">
    <ele>302.2</ele>
   </trkpt>
   <trkpt lat="45.0787980" lon="7.5760060">
    <ele>302.1</ele>
   </trkpt>
   <trkpt lat="45.0787630" lon="7.5760480">
    <ele>302.1</ele>
   </trkpt>
   <trkpt lat="45.0787250" lon="7.5760880">
    <ele>302.1</ele>
   </trkpt>
   <trkpt lat="45.0786900" lon="7.5761340">
    <ele>302.0</ele>
   </trkpt>
   <trkpt lat="45.0786530" lon="7.5761810">
    <ele>302.0</ele>
   </trkpt>
   <trkpt lat="45.0786140" lon="7.5762230">
    <ele>301.9</ele>
   </trkpt>
   <trkpt lat="45.0785740" lon="7.5762670">
    <ele>301.9</ele>
   </trkpt>
   <trkpt lat="45.0785380" lon="7.5763110">
    <ele>301.8</ele>
   </trkpt>
   <trkpt lat="45.0785010" lon="7.5763540">
    <ele>301.8</ele>
   </trkpt>
   <trkpt lat="45.0784640" lon="7.5763980">
    <ele>301.7</ele>
   </trkpt>
   <trkpt lat="45.0784260" lon="7.5764420">
    <ele>301.7</ele>
   </trkpt>
   <trkpt lat="45.0783860" lon="7.5764890">
    <ele>301.7</ele>
   </trkpt>
   <trkpt lat="45.0783470" lon="7.5765340">
    <ele>301.7</ele>
   </trkpt>
   <trkpt lat="45.0783090" lon="7.5765790">
    <ele>301.7</ele>
   </trkpt>
   <trkpt lat="45.0782720" lon="7.5766200">
    <ele>301.7</ele>
   </trkpt>
   <trkpt lat="45.0782370" lon="7.5766640">
    <ele>301.7</ele>
   </trkpt>
   <trkpt lat="45.0782010" lon="7.5767100">
    <ele>301.7</ele>
   </trkpt>
   <trkpt lat="45.0781600" lon="7.5767520">
    <ele>301.7</ele>
   </trkpt>
   <trkpt lat="45.0781170" lon="7.5767950">
    <ele>301.6</ele>
   </trkpt>
   <trkpt lat="45.0780790" lon="7.5768330">
    <ele>301.6</ele>
   </trkpt>
   <trkpt lat="45.0780440" lon="7.5768800">
    <ele>301.6</ele>
   </trkpt>
   <trkpt lat="45.0780090" lon="7.5769370">
    <ele>301.5</ele>
   </trkpt>
   <trkpt lat="45.0779760" lon="7.5769930">
    <ele>301.5</ele>
   </trkpt>
   <trkpt lat="45.0779460" lon="7.5770530">
    <ele>301.5</ele>
   </trkpt>
   <trkpt lat="45.0779160" lon="7.5771090">
    <ele>301.5</ele>
   </trkpt>
   <trkpt lat="45.0778880" lon="7.5771730">
    <ele>301.4</ele>
   </trkpt>
   <trkpt lat="45.0778570" lon="7.5772400">
    <ele>301.4</ele>
   </trkpt>
   <trkpt lat="45.0778310" lon="7.5773050">
    <ele>301.3</ele>
   </trkpt>
   <trkpt lat="45.0778090" lon="7.5773710">
    <ele>301.3</ele>
   </trkpt>
   <trkpt lat="45.0777850" lon="7.5774420">
    <ele>301.2</ele>
   </trkpt>
   <trkpt lat="45.0777640" lon="7.5775130">
    <ele>301.2</ele>
   </trkpt>
   <trkpt lat="45.0777430" lon="7.5775860">
    <ele>301.2</ele>
   </trkpt>
   <trkpt lat="45.0777220" lon="7.5776570">
    <ele>301.1</ele>
   </trkpt>
   <trkpt lat="45.0777000" lon="7.5777290">
    <ele>301.1</ele>
   </trkpt>
   <trkpt lat="45.0776800" lon="7.5777970">
    <ele>301.1</ele>
   </trkpt>
   <trkpt lat="45.0776570" lon="7.5778710">
    <ele>301.0</ele>
   </trkpt>
   <trkpt lat="45.0776320" lon="7.5779430">
    <ele>301.0</ele>
   </trkpt>
   <trkpt lat="45.0776110" lon="7.5780210">
    <ele>301.0</ele>
   </trkpt>
   <trkpt lat="45.0775870" lon="7.5781020">
    <ele>300.9</ele>
   </trkpt>
   <trkpt lat="45.0775610" lon="7.5781790">
    <ele>300.9</ele>
   </trkpt>
   <trkpt lat="45.0775350" lon="7.5782530">
    <ele>300.8</ele>
   </trkpt>
   <trkpt lat="45.0775130" lon="7.5783290">
    <ele>300.8</ele>
   </trkpt>
   <trkpt lat="45.0774930" lon="7.5784070">
    <ele>300.8</ele>
   </trkpt>
   <trkpt lat="45.0774710" lon="7.5784780">
    <ele>300.7</ele>
   </trkpt>
   <trkpt lat="45.0774500" lon="7.5785510">
    <ele>300.7</ele>
   </trkpt>
   <trkpt lat="45.0774270" lon="7.5786210">
    <ele>300.6</ele>
   </trkpt>
   <trkpt lat="45.0774040" lon="7.5786980">
    <ele>300.6</ele>
   </trkpt>
   <trkpt lat="45.0773630" lon="7.5788360">
    <ele>300.5</ele>
   </trkpt>
   <trkpt lat="45.0773210" lon="7.5789700">
    <ele>300.4</ele>
   </trkpt>
   <trkpt lat="45.0772980" lon="7.5790460">
    <ele>300.4</ele>
   </trkpt>
   <trkpt lat="45.0772730" lon="7.5791250">
    <ele>300.3</ele>
   </trkpt>
   <trkpt lat="45.0772480" lon="7.5792040">
    <ele>300.3</ele>
   </trkpt>
   <trkpt lat="45.0772250" lon="7.5792780">
    <ele>300.2</ele>
   </trkpt>
   <trkpt lat="45.0772030" lon="7.5793510">
    <ele>300.2</ele>
   </trkpt>
   <trkpt lat="45.0771800" lon="7.5794250">
    <ele>300.2</ele>
   </trkpt>
   <trkpt lat="45.0771560" lon="7.5794980">
    <ele>300.1</ele>
   </trkpt>
   <trkpt lat="45.0771370" lon="7.5795700">
    <ele>300.1</ele>
   </trkpt>
   <trkpt lat="45.0771210" lon="7.5796490">
    <ele>300.1</ele>
   </trkpt>
   <trkpt lat="45.0771080" lon="7.5797250">
    <ele>300.0</ele>
   </trkpt>
   <trkpt lat="45.0770680" lon="7.5798800">
    <ele>299.9</ele>
   </trkpt>
   <trkpt lat="45.0770440" lon="7.5799580">
    <ele>299.9</ele>
   </trkpt>
   <trkpt lat="45.0770250" lon="7.5800310">
    <ele>299.8</ele>
   </trkpt>
   <trkpt lat="45.0770080" lon="7.5800960">
    <ele>299.8</ele>
   </trkpt>
   <trkpt lat="45.0769910" lon="7.5801550">
    <ele>299.8</ele>
   </trkpt>
   <trkpt lat="45.0769740" lon="7.5802170">
    <ele>299.7</ele>
   </trkpt>
   <trkpt lat="45.0769550" lon="7.5802810">
    <ele>299.7</ele>
   </trkpt>
   <trkpt lat="45.0769330" lon="7.5803450">
    <ele>299.7</ele>
   </trkpt>
   <trkpt lat="45.0769130" lon="7.5804130">
    <ele>299.7</ele>
   </trkpt>
   <trkpt lat="45.0769000" lon="7.5804790">
    <ele>299.6</ele>
   </trkpt>
   <trkpt lat="45.0768870" lon="7.5805380">
    <ele>299.6</ele>
   </trkpt>
   <trkpt lat="45.0768740" lon="7.5805990">
    <ele>299.5</ele>
   </trkpt>
   <trkpt lat="45.0768630" lon="7.5806610">
    <ele>299.5</ele>
   </trkpt>
   <trkpt lat="45.0768470" lon="7.5807180">
    <ele>299.5</ele>
   </trkpt>
   <trkpt lat="45.0768250" lon="7.5807710">
    <ele>299.4</ele>
   </trkpt>
   <trkpt lat="45.0767980" lon="7.5808320">
    <ele>299.3</ele>
   </trkpt>
   <trkpt lat="45.0767940" lon="7.5809050">
    <ele>299.3</ele>
   </trkpt>
   <trkpt lat="45.0768170" lon="7.5809770">
    <ele>299.2</ele>
   </trkpt>
   <trkpt lat="45.0768510" lon="7.5810260">
    <ele>299.1</ele>
   </trkpt>
   <trkpt lat="45.0768950" lon="7.5810630">
    <ele>299.2</ele>
   </trkpt>
   <trkpt lat="45.0769470" lon="7.5810840">
    <ele>299.2</ele>
   </trkpt>
   <trkpt lat="45.0769970" lon="7.5810470">
    <ele>299.3</ele>
   </trkpt>
   <trkpt lat="45.0770480" lon="7.5809910">
    <ele>299.3</ele>
   </trkpt>
   <trkpt lat="45.0770970" lon="7.5809650">
    <ele>299.3</ele>
   </trkpt>
   <trkpt lat="45.0771500" lon="7.5809590">
    <ele>299.4</ele>
   </trkpt>
   <trkpt lat="45.0772020" lon="7.5809680">
    <ele>299.4</ele>
   </trkpt>
   <trkpt lat="45.0772600" lon="7.5809840">
    <ele>299.4</ele>
   </trkpt>
   <trkpt lat="45.0773160" lon="7.5809970">
    <ele>299.5</ele>
   </trkpt>
   <trkpt lat="45.0773670" lon="7.5810180">
    <ele>299.5</ele>
   </trkpt>
   <trkpt lat="45.0774200" lon="7.5810410">
    <ele>299.5</ele>
   </trkpt>
   <trkpt lat="45.0774790" lon="7.5810610">
    <ele>299.5</ele>
   </trkpt>
   <trkpt lat="45.0775330" lon="7.5810780">
    <ele>299.5</ele>
   </trkpt>
   <trkpt lat="45.0775850" lon="7.5810900">
    <ele>299.5</ele>
   </trkpt>
   <trkpt lat="45.0776370" lon="7.5810960">
    <ele>299.5</ele>
   </trkpt>
   <trkpt lat="45.0776850" lon="7.5811040">
    <ele>299.5</ele>
   </trkpt>
   <trkpt lat="45.0777340" lon="7.5811250">
    <ele>299.5</ele>
   </trkpt>
   <trkpt lat="45.0777730" lon="7.5811590">
    <ele>299.5</ele>
   </trkpt>
   <trkpt lat="45.0778140" lon="7.5812090">
    <ele>299.4</ele>
   </trkpt>
   <trkpt lat="45.0778410" lon="7.5812830">
    <ele>299.3</ele>
   </trkpt>
   <trkpt lat="45.0778540" lon="7.5813590">
    <ele>299.3</ele>
   </trkpt>
   <trkpt lat="45.0778640" lon="7.5814450">
    <ele>299.2</ele>
   </trkpt>
   <trkpt lat="45.0778910" lon="7.5815070">
    <ele>299.2</ele>
   </trkpt>
   <trkpt lat="45.0779520" lon="7.5815310">
    <ele>299.3</ele>
   </trkpt>
   <trkpt lat="45.0780290" lon="7.5815130">
    <ele>299.3</ele>
   </trkpt>
   <trkpt lat="45.0780920" lon="7.5814660">
    <ele>299.4</ele>
   </trkpt>
   <trkpt lat="45.0781470" lon="7.5814020">
    <ele>299.5</ele>
   </trkpt>
   <trkpt lat="45.0781980" lon="7.5813410">
    <ele>299.5</ele>
   </trkpt>
   <trkpt lat="45.0782540" lon="7.5812840">
    <ele>299.5</ele>
   </trkpt>
   <trkpt lat="45.0783070" lon="7.5812560">
    <ele>299.5</ele>
   </trkpt>
   <trkpt lat="45.0783740" lon="7.5812390">
    <ele>299.6</ele>
   </trkpt>
   <trkpt lat="45.0784430" lon="7.5812550">
    <ele>299.6</ele>
   </trkpt>
   <trkpt lat="45.0785190" lon="7.5812700">
    <ele>299.6</ele>
   </trkpt>
   <trkpt lat="45.0785870" lon="7.5812940">
    <ele>299.6</ele>
   </trkpt>
   <trkpt lat="45.0786500" lon="7.5813150">
    <ele>299.6</ele>
   </trkpt>
   <trkpt lat="45.0787110" lon="7.5813380">
    <ele>299.6</ele>
   </trkpt>
   <trkpt lat="45.0787760" lon="7.5813580">
    <ele>299.6</ele>
   </trkpt>
   <trkpt lat="45.0788420" lon="7.5813680">
    <ele>299.6</ele>
   </trkpt>
   <trkpt lat="45.0789030" lon="7.5813770">
    <ele>299.6</ele>
   </trkpt>
   <trkpt lat="45.0789610" lon="7.5813870">
    <ele>299.6</ele>
   </trkpt>
   <trkpt lat="45.0790190" lon="7.5814020">
    <ele>299.6</ele>
   </trkpt>
   <trkpt lat="45.0790750" lon="7.5814180">
    <ele>299.4</ele>
   </trkpt>
   <trkpt lat="45.0791220" lon="7.5814470">
    <ele>299.2</ele>
   </trkpt>
   <trkpt lat="45.0791670" lon="7.5814880">
    <ele>299.0</ele>
   </trkpt>
   <trkpt lat="45.0792140" lon="7.5815140">
    <ele>298.9</ele>
   </trkpt>
   <trkpt lat="45.0792620" lon="7.5815310">
    <ele>298.7</ele>
   </trkpt>
   <trkpt lat="45.0793070" lon="7.5815460">
    <ele>298.7</ele>
   </trkpt>
   <trkpt lat="45.0793520" lon="7.5815610">
    <ele>298.7</ele>
   </trkpt>
   <trkpt lat="45.0794030" lon="7.5815790">
    <ele>298.7</ele>
   </trkpt>
   <trkpt lat="45.0794530" lon="7.5815950">
    <ele>298.7</ele>
   </trkpt>
   <trkpt lat="45.0794990" lon="7.5816140">
    <ele>298.8</ele>
   </trkpt>
   <trkpt lat="45.0795430" lon="7.5816340">
    <ele>298.8</ele>
   </trkpt>
   <trkpt lat="45.0795850" lon="7.5816480">
    <ele>298.8</ele>
   </trkpt>
   <trkpt lat="45.0796250" lon="7.5816670">
    <ele>298.8</ele>
   </trkpt>
   <trkpt lat="45.0796720" lon="7.5816840">
    <ele>298.9</ele>
   </trkpt>
   <trkpt lat="45.0797290" lon="7.5816930">
    <ele>298.9</ele>
   </trkpt>
   <trkpt lat="45.0797760" lon="7.5817020">
    <ele>298.9</ele>
   </trkpt>
   <trkpt lat="45.0798260" lon="7.5817030">
    <ele>298.9</ele>
   </trkpt>
   <trkpt lat="45.0798590" lon="7.5817460">
    <ele>298.9</ele>
   </trkpt>
   <trkpt lat="45.0798930" lon="7.5817790">
    <ele>298.9</ele>
   </trkpt>
   <trkpt lat="45.0799120" lon="7.5818100">
    <ele>298.9</ele>
   </trkpt>
   <trkpt lat="45.0799330" lon="7.5818730">
    <ele>299.0</ele>
   </trkpt>
   <trkpt lat="45.0799340" lon="7.5819440">
    <ele>299.3</ele>
   </trkpt>
   <trkpt lat="45.0799260" lon="7.5820010">
    <ele>299.6</ele>
   </trkpt>
   <trkpt lat="45.0799230" lon="7.5820610">
    <ele>299.5</ele>
   </trkpt>
   <trkpt lat="45.0799260" lon="7.5821270">
    <ele>299.4</ele>
   </trkpt>
   <trkpt lat="45.0799260" lon="7.5821870">
    <ele>299.3</ele>
   </trkpt>
   <trkpt lat="45.0799270" lon="7.5822490">
    <ele>299.2</ele>
   </trkpt>
   <trkpt lat="45.0799320" lon="7.5823170">
    <ele>299.2</ele>
   </trkpt>
   <trkpt lat="45.0799360" lon="7.5823810">
    <ele>299.1</ele>
   </trkpt>
   <trkpt lat="45.0799360" lon="7.5824390">
    <ele>299.0</ele>
   </trkpt>
   <trkpt lat="45.0799340" lon="7.5824800">
    <ele>299.0</ele>
   </trkpt>
   <trkpt lat="45.0799330" lon="7.5825280">
    <ele>298.9</ele>
   </trkpt>
   <trkpt lat="45.0799330" lon="7.5825460">
    <ele>298.9</ele>
   </trkpt>
   <trkpt lat="45.0799360" lon="7.5825870">
    <ele>298.8</ele>
   </trkpt>
   <trkpt lat="45.0799430" lon="7.5826320">
    <ele>298.8</ele>
   </trkpt>
   <trkpt lat="45.0799490" lon="7.5826830">
    <ele>298.7</ele>
   </trkpt>
   <trkpt lat="45.0799550" lon="7.5827320">
    <ele>298.6</ele>
   </trkpt>
   <trkpt lat="45.0799650" lon="7.5827820">
    <ele>298.6</ele>
   </trkpt>
   <trkpt lat="45.0799740" lon="7.5828440">
    <ele>298.5</ele>
   </trkpt>
   <trkpt lat="45.0799770" lon="7.5829130">
    <ele>298.5</ele>
   </trkpt>
   <trkpt lat="45.0799740" lon="7.5829840">
    <ele>298.4</ele>
   </trkpt>
   <trkpt lat="45.0799740" lon="7.5830590">
    <ele>298.3</ele>
   </trkpt>
   <trkpt lat="45.0799760" lon="7.5831330">
    <ele>298.2</ele>
   </trkpt>
   <trkpt lat="45.0799780" lon="7.5832090">
    <ele>298.2</ele>
   </trkpt>
   <trkpt lat="45.0799810" lon="7.5832820">
    <ele>298.1</ele>
   </trkpt>
   <trkpt lat="45.0799820" lon="7.5833520">
    <ele>298.0</ele>
   </trkpt>
   <trkpt lat="45.0799830" lon="7.5834170">
    <ele>298.0</ele>
   </trkpt>
   <trkpt lat="45.0799820" lon="7.5834600">
    <ele>297.9</ele>
   </trkpt>
   <trkpt lat="45.0799910" lon="7.5835060">
    <ele>297.9</ele>
   </trkpt>
   <trkpt lat="45.0799990" lon="7.5835180">
    <ele>297.9</ele>
   </trkpt>
   <trkpt lat="45.0800120" lon="7.5835150">
    <ele>297.8</ele>
   </trkpt>
   <trkpt lat="45.0800340" lon="7.5835060">
    <ele>297.8</ele>
   </trkpt>
   <trkpt lat="45.0800510" lon="7.5834940">
    <ele>297.8</ele>
   </trkpt>
   <trkpt lat="45.0800620" lon="7.5834920">
    <ele>297.8</ele>
   </trkpt>
   <trkpt lat="45.0800720" lon="7.5834910">
    <ele>297.8</ele>
   </trkpt>
   <trkpt lat="45.0800880" lon="7.5834880">
    <ele>297.7</ele>
   </trkpt>
   <trkpt lat="45.0800960" lon="7.5834860">
    <ele>297.7</ele>
   </trkpt>
   <trkpt lat="45.0801030" lon="7.5834830">
    <ele>297.7</ele>
   </trkpt>
   <trkpt lat="45.0801110" lon="7.5834810">
    <ele>297.7</ele>
   </trkpt>
   <trkpt lat="45.0801220" lon="7.5835130">
    <ele>297.7</ele>
   </trkpt>
   <trkpt lat="45.0801220" lon="7.5835320">
    <ele>297.7</ele>
   </trkpt>
   <trkpt lat="45.0801130" lon="7.5835800">
    <ele>297.6</ele>
   </trkpt>
   <trkpt lat="45.0801110" lon="7.5836320">
    <ele>297.6</ele>
   </trkpt>
   <trkpt lat="45.0801150" lon="7.5836990">
    <ele>297.5</ele>
   </trkpt>
   <trkpt lat="45.0801180" lon="7.5837650">
    <ele>297.4</ele>
   </trkpt>
   <trkpt lat="45.0801220" lon="7.5838310">
    <ele>297.4</ele>
   </trkpt>
   <trkpt lat="45.0801250" lon="7.5839000">
    <ele>297.3</ele>
   </trkpt>
   <trkpt lat="45.0801260" lon="7.5839730">
    <ele>297.3</ele>
   </trkpt>
   <trkpt lat="45.0801260" lon="7.5840450">
    <ele>297.2</ele>
   </trkpt>
   <trkpt lat="45.0801320" lon="7.5841170">
    <ele>297.1</ele>
   </trkpt>
   <trkpt lat="45.0801370" lon="7.5841900">
    <ele>297.1</ele>
   </trkpt>
   <trkpt lat="45.0801360" lon="7.5842630">
    <ele>297.0</ele>
   </trkpt>
   <trkpt lat="45.0801350" lon="7.5843350">
    <ele>296.9</ele>
   </trkpt>
   <trkpt lat="45.0801400" lon="7.5844060">
    <ele>296.9</ele>
   </trkpt>
   <trkpt lat="45.0801420" lon="7.5844800">
    <ele>296.8</ele>
   </trkpt>
   <trkpt lat="45.0801460" lon="7.5845570">
    <ele>296.7</ele>
   </trkpt>
   <trkpt lat="45.0801460" lon="7.5846340">
    <ele>296.7</ele>
   </trkpt>
   <trkpt lat="45.0801440" lon="7.5847090">
    <ele>296.6</ele>
   </trkpt>
   <trkpt lat="45.0801460" lon="7.5847850">
    <ele>296.5</ele>
   </trkpt>
   <trkpt lat="45.0801500" lon="7.5848610">
    <ele>296.5</ele>
   </trkpt>
   <trkpt lat="45.0801500" lon="7.5849350">
    <ele>296.4</ele>
   </trkpt>
   <trkpt lat="45.0801510" lon="7.5850130">
    <ele>296.4</ele>
   </trkpt>
   <trkpt lat="45.0801540" lon="7.5850900">
    <ele>296.3</ele>
   </trkpt>
   <trkpt lat="45.0801550" lon="7.5851730">
    <ele>296.3</ele>
   </trkpt>
   <trkpt lat="45.0801580" lon="7.5853310">
    <ele>296.1</ele>
   </trkpt>
   <trkpt lat="45.0801580" lon="7.5854110">
    <ele>296.1</ele>
   </trkpt>
   <trkpt lat="45.0801580" lon="7.5854930">
    <ele>296.0</ele>
   </trkpt>
   <trkpt lat="45.0801610" lon="7.5855730">
    <ele>295.9</ele>
   </trkpt>
   <trkpt lat="45.0801620" lon="7.5856540">
    <ele>295.9</ele>
   </trkpt>
   <trkpt lat="45.0801640" lon="7.5857350">
    <ele>295.8</ele>
   </trkpt>
   <trkpt lat="45.0801650" lon="7.5858150">
    <ele>295.7</ele>
   </trkpt>
   <trkpt lat="45.0801660" lon="7.5858930">
    <ele>295.7</ele>
   </trkpt>
   <trkpt lat="45.0801670" lon="7.5859770">
    <ele>295.6</ele>
   </trkpt>
   <trkpt lat="45.0801650" lon="7.5860600">
    <ele>295.5</ele>
   </trkpt>
   <trkpt lat="45.0801680" lon="7.5861410">
    <ele>295.4</ele>
   </trkpt>
   <trkpt lat="45.0801700" lon="7.5862170">
    <ele>295.4</ele>
   </trkpt>
   <trkpt lat="45.0801710" lon="7.5862930">
    <ele>295.3</ele>
   </trkpt>
   <trkpt lat="45.0801760" lon="7.5863720">
    <ele>295.3</ele>
   </trkpt>
   <trkpt lat="45.0801820" lon="7.5864520">
    <ele>295.2</ele>
   </trkpt>
   <trkpt lat="45.0801850" lon="7.5865290">
    <ele>295.1</ele>
   </trkpt>
   <trkpt lat="45.0801870" lon="7.5866050">
    <ele>295.1</ele>
   </trkpt>
   <trkpt lat="45.0801850" lon="7.5866820">
    <ele>295.0</ele>
   </trkpt>
   <trkpt lat="45.0801900" lon="7.5867560">
    <ele>294.9</ele>
   </trkpt>
   <trkpt lat="45.0801990" lon="7.5868330">
    <ele>294.8</ele>
   </trkpt>
   <trkpt lat="45.0802080" lon="7.5869090">
    <ele>294.7</ele>
   </trkpt>
   <trkpt lat="45.0802260" lon="7.5869810">
    <ele>294.6</ele>
   </trkpt>
   <trkpt lat="45.0802470" lon="7.5870520">
    <ele>294.5</ele>
   </trkpt>
   <trkpt lat="45.0802740" lon="7.5871200">
    <ele>294.3</ele>
   </trkpt>
   <trkpt lat="45.0803230" lon="7.5871650">
    <ele>294.2</ele>
   </trkpt>
   <trkpt lat="45.0803730" lon="7.5872030">
    <ele>294.0</ele>
   </trkpt>
   <trkpt lat="45.0804430" lon="7.5872220">
    <ele>293.8</ele>
   </trkpt>
   <trkpt lat="45.0805000" lon="7.5872500">
    <ele>293.6</ele>
   </trkpt>
   <trkpt lat="45.0805680" lon="7.5872800">
    <ele>293.3</ele>
   </trkpt>
   <trkpt lat="45.0806250" lon="7.5873340">
    <ele>293.0</ele>
   </trkpt>
   <trkpt lat="45.0806630" lon="7.5873930">
    <ele>292.8</ele>
   </trkpt>
   <trkpt lat="45.0806860" lon="7.5874710">
    <ele>292.7</ele>
   </trkpt>
   <trkpt lat="45.0806930" lon="7.5875420">
    <ele>292.7</ele>
   </trkpt>
   <trkpt lat="45.0806940" lon="7.5876160">
    <ele>292.6</ele>
   </trkpt>
   <trkpt lat="45.0806880" lon="7.5877010">
    <ele>292.5</ele>
   </trkpt>
   <trkpt lat="45.0806820" lon="7.5877890">
    <ele>292.5</ele>
   </trkpt>
   <trkpt lat="45.0806740" lon="7.5878770">
    <ele>292.6</ele>
   </trkpt>
   <trkpt lat="45.0806690" lon="7.5879470">
    <ele>292.6</ele>
   </trkpt>
   <trkpt lat="45.0806710" lon="7.5880140">
    <ele>292.7</ele>
   </trkpt>
   <trkpt lat="45.0806440" lon="7.5880620">
    <ele>292.8</ele>
   </trkpt>
   <trkpt lat="45.0806090" lon="7.5881180">
    <ele>293.0</ele>
   </trkpt>
   <trkpt lat="45.0805650" lon="7.5881620">
    <ele>293.2</ele>
   </trkpt>
   <trkpt lat="45.0805260" lon="7.5881950">
    <ele>293.3</ele>
   </trkpt>
   <trkpt lat="45.0804820" lon="7.5882290">
    <ele>293.4</ele>
   </trkpt>
   <trkpt lat="45.0804550" lon="7.5882770">
    <ele>293.5</ele>
   </trkpt>
   <trkpt lat="45.0804430" lon="7.5883320">
    <ele>293.6</ele>
   </trkpt>
   <trkpt lat="45.0804390" lon="7.5883940">
    <ele>293.6</ele>
   </trkpt>
   <trkpt lat="45.0804330" lon="7.5884510">
    <ele>293.6</ele>
   </trkpt>
   <trkpt lat="45.0804230" lon="7.5885080">
    <ele>293.6</ele>
   </trkpt>
   <trkpt lat="45.0804350" lon="7.5885490">
    <ele>293.6</ele>
   </trkpt>
   <trkpt lat="45.0804440" lon="7.5885540">
    <ele>293.6</ele>
   </trkpt>
   <trkpt lat="45.0804550" lon="7.5885610">
    <ele>293.6</ele>
   </trkpt>
   <trkpt lat="45.0804550" lon="7.5885680">
    <ele>293.6</ele>
   </trkpt>
   <trkpt lat="45.0804540" lon="7.5885750">
    <ele>293.6</ele>
   </trkpt>
   <trkpt lat="45.0804530" lon="7.5885820">
    <ele>293.6</ele>
   </trkpt>
   <trkpt lat="45.0804530" lon="7.5885890">
    <ele>293.6</ele>
   </trkpt>
   <trkpt lat="45.0804520" lon="7.5885960">
    <ele>293.6</ele>
   </trkpt>
   <trkpt lat="45.0804520" lon="7.5886040">
    <ele>293.6</ele>
   </trkpt>
   <trkpt lat="45.0804510" lon="7.5886110">
    <ele>293.6</ele>
   </trkpt>
   <trkpt lat="45.0804500" lon="7.5886180">
    <ele>293.6</ele>
   </trkpt>
   <trkpt lat="45.0804500" lon="7.5886250">
    <ele>293.6</ele>
   </trkpt>
   <trkpt lat="45.0804490" lon="7.5886320">
    <ele>293.5</ele>
   </trkpt>
   <trkpt lat="45.0804480" lon="7.5886390">
    <ele>293.5</ele>
   </trkpt>
   <trkpt lat="45.0804480" lon="7.5886460">
    <ele>293.5</ele>
   </trkpt>
   <trkpt lat="45.0804470" lon="7.5886530">
    <ele>293.5</ele>
   </trkpt>
   <trkpt lat="45.0804460" lon="7.5886600">
    <ele>293.5</ele>
   </trkpt>
   <trkpt lat="45.0804460" lon="7.5886670">
    <ele>293.5</ele>
   </trkpt>
   <trkpt lat="45.0804450" lon="7.5886740">
    <ele>293.5</ele>
   </trkpt>
   <trkpt lat="45.0804440" lon="7.5886810">
    <ele>293.5</ele>
   </trkpt>
   <trkpt lat="45.0804440" lon="7.5886880">
    <ele>293.5</ele>
   </trkpt>
   <trkpt lat="45.0804430" lon="7.5886950">
    <ele>293.5</ele>
   </trkpt>
   <trkpt lat="45.0804430" lon="7.5887030">
    <ele>293.5</ele>
   </trkpt>
   <trkpt lat="45.0804420" lon="7.5887100">
    <ele>293.5</ele>
   </trkpt>
   <trkpt lat="45.0804410" lon="7.5887170">
    <ele>293.5</ele>
   </trkpt>
   <trkpt lat="45.0804410" lon="7.5887240">
    <ele>293.5</ele>
   </trkpt>
   <trkpt lat="45.0804400" lon="7.5887310">
    <ele>293.5</ele>
   </trkpt>
   <trkpt lat="45.0804390" lon="7.5887380">
    <ele>293.5</ele>
   </trkpt>
   <trkpt lat="45.0804390" lon="7.5887450">
    <ele>293.5</ele>
   </trkpt>
   <trkpt lat="45.0804380" lon="7.5887520">
    <ele>293.5</ele>
   </trkpt>
   <trkpt lat="45.0804400" lon="7.5887940">
    <ele>293.5</ele>
   </trkpt>
   <trkpt lat="45.0804410" lon="7.5888410">
    <ele>293.5</ele>
   </trkpt>
   <trkpt lat="45.0804450" lon="7.5889100">
    <ele>293.5</ele>
   </trkpt>
   <trkpt lat="45.0804470" lon="7.5889710">
    <ele>293.4</ele>
   </trkpt>
   <trkpt lat="45.0804500" lon="7.5890450">
    <ele>293.4</ele>
   </trkpt>
   <trkpt lat="45.0804550" lon="7.5891160">
    <ele>293.4</ele>
   </trkpt>
   <trkpt lat="45.0804570" lon="7.5891850">
    <ele>293.4</ele>
   </trkpt>
   <trkpt lat="45.0804600" lon="7.5892630">
    <ele>293.3</ele>
   </trkpt>
   <trkpt lat="45.0804620" lon="7.5893400">
    <ele>293.3</ele>
   </trkpt>
   <trkpt lat="45.0804620" lon="7.5894110">
    <ele>293.3</ele>
   </trkpt>
   <trkpt lat="45.0804670" lon="7.5894840">
    <ele>293.2</ele>
   </trkpt>
   <trkpt lat="45.0804700" lon="7.5895620">
    <ele>293.2</ele>
   </trkpt>
   <trkpt lat="45.0804730" lon="7.5896420">
    <ele>293.2</ele>
   </trkpt>
   <trkpt lat="45.0804760" lon="7.5897250">
    <ele>293.2</ele>
   </trkpt>
   <trkpt lat="45.0804830" lon="7.5898150">
    <ele>293.2</ele>
   </trkpt>
   <trkpt lat="45.0804870" lon="7.5899060">
    <ele>293.1</ele>
   </trkpt>
   <trkpt lat="45.0804900" lon="7.5899950">
    <ele>293.1</ele>
   </trkpt>
   <trkpt lat="45.0804930" lon="7.5900890">
    <ele>293.0</ele>
   </trkpt>
   <trkpt lat="45.0804970" lon="7.5901780">
    <ele>292.9</ele>
   </trkpt>
   <trkpt lat="45.0805030" lon="7.5902650">
    <ele>292.8</ele>
   </trkpt>
   <trkpt lat="45.0805050" lon="7.5903530">
    <ele>292.8</ele>
   </trkpt>
   <trkpt lat="45.0805060" lon="7.5904480">
    <ele>292.7</ele>
   </trkpt>
   <trkpt lat="45.0805110" lon="7.5905420">
    <ele>292.6</ele>
   </trkpt>
   <trkpt lat="45.0805130" lon="7.5906330">
    <ele>292.6</ele>
   </trkpt>
   <trkpt lat="45.0805150" lon="7.5907260">
    <ele>292.5</ele>
   </trkpt>
   <trkpt lat="45.0805170" lon="7.5908180">
    <ele>292.4</ele>
   </trkpt>
   <trkpt lat="45.0805210" lon="7.5909110">
    <ele>292.4</ele>
   </trkpt>
   <trkpt lat="45.0805240" lon="7.5910010">
    <ele>292.3</ele>
   </trkpt>
   <trkpt lat="45.0805280" lon="7.5910970">
    <ele>292.3</ele>
   </trkpt>
   <trkpt lat="45.0805270" lon="7.5911960">
    <ele>292.2</ele>
   </trkpt>
   <trkpt lat="45.0805290" lon="7.5912910">
    <ele>292.1</ele>
   </trkpt>
   <trkpt lat="45.0805330" lon="7.5913890">
    <ele>292.0</ele>
   </trkpt>
   <trkpt lat="45.0805340" lon="7.5914810">
    <ele>292.0</ele>
   </trkpt>
   <trkpt lat="45.0805380" lon="7.5915740">
    <ele>291.9</ele>
   </trkpt>
   <trkpt lat="45.0805430" lon="7.5916680">
    <ele>291.8</ele>
   </trkpt>
   <trkpt lat="45.0805470" lon="7.5917630">
    <ele>291.7</ele>
   </trkpt>
   <trkpt lat="45.0805480" lon="7.5918550">
    <ele>291.6</ele>
   </trkpt>
   <trkpt lat="45.0805480" lon="7.5919490">
    <ele>291.6</ele>
   </trkpt>
   <trkpt lat="45.0805500" lon="7.5920430">
    <ele>291.5</ele>
   </trkpt>
   <trkpt lat="45.0805490" lon="7.5921370">
    <ele>291.4</ele>
   </trkpt>
   <trkpt lat="45.0805500" lon="7.5922320">
    <ele>291.4</ele>
   </trkpt>
   <trkpt lat="45.0805540" lon="7.5923300">
    <ele>291.3</ele>
   </trkpt>
   <trkpt lat="45.0805570" lon="7.5924210">
    <ele>291.2</ele>
   </trkpt>
   <trkpt lat="45.0805570" lon="7.5925130">
    <ele>291.2</ele>
   </trkpt>
   <trkpt lat="45.0805500" lon="7.5926070">
    <ele>291.1</ele>
   </trkpt>
   <trkpt lat="45.0805430" lon="7.5927000">
    <ele>291.0</ele>
   </trkpt>
   <trkpt lat="45.0805370" lon="7.5927960">
    <ele>291.0</ele>
   </trkpt>
   <trkpt lat="45.0805310" lon="7.5928830">
    <ele>291.0</ele>
   </trkpt>
   <trkpt lat="45.0805240" lon="7.5929740">
    <ele>290.9</ele>
   </trkpt>
   <trkpt lat="45.0805180" lon="7.5930650">
    <ele>290.9</ele>
   </trkpt>
   <trkpt lat="45.0805140" lon="7.5931580">
    <ele>290.8</ele>
   </trkpt>
   <trkpt lat="45.0805070" lon="7.5932480">
    <ele>290.8</ele>
   </trkpt>
   <trkpt lat="45.0805030" lon="7.5933370">
    <ele>290.7</ele>
   </trkpt>
   <trkpt lat="45.0804930" lon="7.5934230">
    <ele>290.7</ele>
   </trkpt>
   <trkpt lat="45.0804850" lon="7.5935150">
    <ele>290.6</ele>
   </trkpt>
   <trkpt lat="45.0804760" lon="7.5936050">
    <ele>290.5</ele>
   </trkpt>
   <trkpt lat="45.0804690" lon="7.5936940">
    <ele>290.4</ele>
   </trkpt>
   <trkpt lat="45.0804630" lon="7.5937860">
    <ele>290.4</ele>
   </trkpt>
   <trkpt lat="45.0804550" lon="7.5938780">
    <ele>290.3</ele>
   </trkpt>
   <trkpt lat="45.0804500" lon="7.5939690">
    <ele>290.3</ele>
   </trkpt>
   <trkpt lat="45.0804430" lon="7.5940580">
    <ele>290.2</ele>
   </trkpt>
   <trkpt lat="45.0804330" lon="7.5941470">
    <ele>290.1</ele>
   </trkpt>
   <trkpt lat="45.0804240" lon="7.5942420">
    <ele>290.1</ele>
   </trkpt>
   <trkpt lat="45.0804160" lon="7.5943320">
    <ele>290.0</ele>
   </trkpt>
   <trkpt lat="45.0804090" lon="7.5944260">
    <ele>289.9</ele>
   </trkpt>
   <trkpt lat="45.0804020" lon="7.5945230">
    <ele>289.9</ele>
   </trkpt>
   <trkpt lat="45.0803910" lon="7.5946140">
    <ele>289.8</ele>
   </trkpt>
   <trkpt lat="45.0803850" lon="7.5947060">
    <ele>289.7</ele>
   </trkpt>
   <trkpt lat="45.0803760" lon="7.5947930">
    <ele>289.7</ele>
   </trkpt>
   <trkpt lat="45.0803690" lon="7.5948850">
    <ele>289.6</ele>
   </trkpt>
   <trkpt lat="45.0803590" lon="7.5949740">
    <ele>289.6</ele>
   </trkpt>
   <trkpt lat="45.0803500" lon="7.5950640">
    <ele>289.5</ele>
   </trkpt>
   <trkpt lat="45.0803430" lon="7.5951530">
    <ele>289.5</ele>
   </trkpt>
   <trkpt lat="45.0803370" lon="7.5952440">
    <ele>289.4</ele>
   </trkpt>
   <trkpt lat="45.0803300" lon="7.5953370">
    <ele>289.3</ele>
   </trkpt>
   <trkpt lat="45.0803230" lon="7.5954270">
    <ele>289.3</ele>
   </trkpt>
   <trkpt lat="45.0803150" lon="7.5955160">
    <ele>289.2</ele>
   </trkpt>
   <trkpt lat="45.0803090" lon="7.5956020">
    <ele>289.1</ele>
   </trkpt>
   <trkpt lat="45.0803030" lon="7.5956940">
    <ele>289.1</ele>
   </trkpt>
   <trkpt lat="45.0803000" lon="7.5957850">
    <ele>289.0</ele>
   </trkpt>
   <trkpt lat="45.0802940" lon="7.5958770">
    <ele>288.9</ele>
   </trkpt>
   <trkpt lat="45.0802760" lon="7.5960600">
    <ele>288.8</ele>
   </trkpt>
   <trkpt lat="45.0802680" lon="7.5961580">
    <ele>288.7</ele>
   </trkpt>
   <trkpt lat="45.0802600" lon="7.5962530">
    <ele>288.7</ele>
   </trkpt>
   <trkpt lat="45.0802540" lon="7.5963470">
    <ele>288.6</ele>
   </trkpt>
   <trkpt lat="45.0802430" lon="7.5964410">
    <ele>288.6</ele>
   </trkpt>
   <trkpt lat="45.0802350" lon="7.5965360">
    <ele>288.5</ele>
   </trkpt>
   <trkpt lat="45.0802260" lon="7.5966340">
    <ele>288.5</ele>
   </trkpt>
   <trkpt lat="45.0802190" lon="7.5967260">
    <ele>288.4</ele>
   </trkpt>
   <trkpt lat="45.0802130" lon="7.5968160">
    <ele>288.4</ele>
   </trkpt>
   <trkpt lat="45.0802030" lon="7.5969040">
    <ele>288.3</ele>
   </trkpt>
   <trkpt lat="45.0801930" lon="7.5969980">
    <ele>288.3</ele>
   </trkpt>
   <trkpt lat="45.0801870" lon="7.5970880">
    <ele>288.2</ele>
   </trkpt>
   <trkpt lat="45.0801810" lon="7.5971800">
    <ele>288.1</ele>
   </trkpt>
   <trkpt lat="45.0801730" lon="7.5972680">
    <ele>288.1</ele>
   </trkpt>
   <trkpt lat="45.0801660" lon="7.5973580">
    <ele>288.0</ele>
   </trkpt>
   <trkpt lat="45.0801580" lon="7.5974530">
    <ele>287.9</ele>
   </trkpt>
   <trkpt lat="45.0801510" lon="7.5975470">
    <ele>287.9</ele>
   </trkpt>
   <trkpt lat="45.0801430" lon="7.5976370">
    <ele>287.8</ele>
   </trkpt>
   <trkpt lat="45.0801340" lon="7.5977280">
    <ele>287.7</ele>
   </trkpt>
   <trkpt lat="45.0801270" lon="7.5978190">
    <ele>287.7</ele>
   </trkpt>
   <trkpt lat="45.0801210" lon="7.5979080">
    <ele>287.6</ele>
   </trkpt>
   <trkpt lat="45.0801140" lon="7.5980000">
    <ele>287.6</ele>
   </trkpt>
   <trkpt lat="45.0801040" lon="7.5980960">
    <ele>287.5</ele>
   </trkpt>
   <trkpt lat="45.0800990" lon="7.5981880">
    <ele>287.4</ele>
   </trkpt>
   <trkpt lat="45.0800930" lon="7.5982750">
    <ele>287.4</ele>
   </trkpt>
   <trkpt lat="45.0800900" lon="7.5983660">
    <ele>287.3</ele>
   </trkpt>
   <trkpt lat="45.0800970" lon="7.5984590">
    <ele>287.3</ele>
   </trkpt>
   <trkpt lat="45.0801210" lon="7.5985490">
    <ele>287.2</ele>
   </trkpt>
   <trkpt lat="45.0801630" lon="7.5986340">
    <ele>287.2</ele>
   </trkpt>
   <trkpt lat="45.0802100" lon="7.5987090">
    <ele>287.1</ele>
   </trkpt>
   <trkpt lat="45.0802520" lon="7.5987900">
    <ele>287.0</ele>
   </trkpt>
   <trkpt lat="45.0802770" lon="7.5988740">
    <ele>287.0</ele>
   </trkpt>
   <trkpt lat="45.0802920" lon="7.5989660">
    <ele>286.9</ele>
   </trkpt>
   <trkpt lat="45.0802930" lon="7.5990580">
    <ele>286.8</ele>
   </trkpt>
   <trkpt lat="45.0802860" lon="7.5991480">
    <ele>286.8</ele>
   </trkpt>
   <trkpt lat="45.0802610" lon="7.5992330">
    <ele>286.7</ele>
   </trkpt>
   <trkpt lat="45.0802270" lon="7.5993150">
    <ele>286.6</ele>
   </trkpt>
   <trkpt lat="45.0801860" lon="7.5993820">
    <ele>286.5</ele>
   </trkpt>
   <trkpt lat="45.0801420" lon="7.5994450">
    <ele>286.4</ele>
   </trkpt>
   <trkpt lat="45.0800880" lon="7.5994940">
    <ele>286.3</ele>
   </trkpt>
   <trkpt lat="45.0800410" lon="7.5995460">
    <ele>286.2</ele>
   </trkpt>
   <trkpt lat="45.0800030" lon="7.5996160">
    <ele>286.1</ele>
   </trkpt>
   <trkpt lat="45.0799860" lon="7.5997040">
    <ele>286.0</ele>
   </trkpt>
   <trkpt lat="45.0799830" lon="7.5998020">
    <ele>285.9</ele>
   </trkpt>
   <trkpt lat="45.0799880" lon="7.5999080">
    <ele>285.8</ele>
   </trkpt>
   <trkpt lat="45.0799980" lon="7.5999980">
    <ele>285.7</ele>
   </trkpt>
   <trkpt lat="45.0800050" lon="7.6000890">
    <ele>285.7</ele>
   </trkpt>
   <trkpt lat="45.0800030" lon="7.6001780">
    <ele>285.7</ele>
   </trkpt>
   <trkpt lat="45.0800060" lon="7.6002650">
    <ele>285.6</ele>
   </trkpt>
   <trkpt lat="45.0800200" lon="7.6003540">
    <ele>285.6</ele>
   </trkpt>
   <trkpt lat="45.0800360" lon="7.6004440">
    <ele>285.6</ele>
   </trkpt>
   <trkpt lat="45.0800480" lon="7.6005350">
    <ele>285.6</ele>
   </trkpt>
   <trkpt lat="45.0800560" lon="7.6006250">
    <ele>285.6</ele>
   </trkpt>
   <trkpt lat="45.0800710" lon="7.6007180">
    <ele>285.6</ele>
   </trkpt>
   <trkpt lat="45.0800950" lon="7.6007950">
    <ele>285.6</ele>
   </trkpt>
   <trkpt lat="45.0801100" lon="7.6008870">
    <ele>285.6</ele>
   </trkpt>
   <trkpt lat="45.0801330" lon="7.6009760">
    <ele>285.6</ele>
   </trkpt>
   <trkpt lat="45.0801500" lon="7.6010610">
    <ele>285.7</ele>
   </trkpt>
   <trkpt lat="45.0801700" lon="7.6011400">
    <ele>285.8</ele>
   </trkpt>
   <trkpt lat="45.0801900" lon="7.6012200">
    <ele>286.0</ele>
   </trkpt>
   <trkpt lat="45.0802090" lon="7.6013010">
    <ele>286.2</ele>
   </trkpt>
   <trkpt lat="45.0802240" lon="7.6013690">
    <ele>286.4</ele>
   </trkpt>
   <trkpt lat="45.0802350" lon="7.6014220">
    <ele>286.6</ele>
   </trkpt>
   <trkpt lat="45.0802540" lon="7.6014630">
    <ele>286.7</ele>
   </trkpt>
   <trkpt lat="45.0802690" lon="7.6014960">
    <ele>286.8</ele>
   </trkpt>
   <trkpt lat="45.0802870" lon="7.6015510">
    <ele>286.6</ele>
   </trkpt>
   <trkpt lat="45.0802940" lon="7.6015720">
    <ele>286.5</ele>
   </trkpt>
   <trkpt lat="45.0803060" lon="7.6016220">
    <ele>286.3</ele>
   </trkpt>
   <trkpt lat="45.0803330" lon="7.6016830">
    <ele>285.9</ele>
   </trkpt>
   <trkpt lat="45.0803670" lon="7.6017730">
    <ele>285.5</ele>
   </trkpt>
   <trkpt lat="45.0803970" lon="7.6018630">
    <ele>285.1</ele>
   </trkpt>
   <trkpt lat="45.0804360" lon="7.6019500">
    <ele>284.8</ele>
   </trkpt>
   <trkpt lat="45.0804780" lon="7.6020370">
    <ele>284.6</ele>
   </trkpt>
   <trkpt lat="45.0805170" lon="7.6021260">
    <ele>284.5</ele>
   </trkpt>
   <trkpt lat="45.0805590" lon="7.6022050">
    <ele>284.5</ele>
   </trkpt>
   <trkpt lat="45.0806040" lon="7.6022840">
    <ele>284.4</ele>
   </trkpt>
   <trkpt lat="45.0806480" lon="7.6023650">
    <ele>284.4</ele>
   </trkpt>
   <trkpt lat="45.0806900" lon="7.6024470">
    <ele>284.3</ele>
   </trkpt>
   <trkpt lat="45.0807320" lon="7.6025290">
    <ele>284.3</ele>
   </trkpt>
   <trkpt lat="45.0807760" lon="7.6026100">
    <ele>284.3</ele>
   </trkpt>
   <trkpt lat="45.0808190" lon="7.6026840">
    <ele>284.3</ele>
   </trkpt>
   <trkpt lat="45.0808640" lon="7.6027600">
    <ele>284.3</ele>
   </trkpt>
   <trkpt lat="45.0809060" lon="7.6028330">
    <ele>284.3</ele>
   </trkpt>
   <trkpt lat="45.0809460" lon="7.6029030">
    <ele>284.3</ele>
   </trkpt>
   <trkpt lat="45.0809940" lon="7.6029770">
    <ele>284.3</ele>
   </trkpt>
   <trkpt lat="45.0810370" lon="7.6030490">
    <ele>284.2</ele>
   </trkpt>
   <trkpt lat="45.0810810" lon="7.6031230">
    <ele>284.2</ele>
   </trkpt>
   <trkpt lat="45.0811240" lon="7.6031990">
    <ele>284.2</ele>
   </trkpt>
   <trkpt lat="45.0811670" lon="7.6032730">
    <ele>284.2</ele>
   </trkpt>
   <trkpt lat="45.0812090" lon="7.6033500">
    <ele>284.2</ele>
   </trkpt>
   <trkpt lat="45.0812480" lon="7.6034260">
    <ele>284.1</ele>
   </trkpt>
   <trkpt lat="45.0812820" lon="7.6035000">
    <ele>284.1</ele>
   </trkpt>
   <trkpt lat="45.0813450" lon="7.6036240">
    <ele>284.0</ele>
   </trkpt>
   <trkpt lat="45.0813700" lon="7.6036650">
    <ele>284.0</ele>
   </trkpt>
   <trkpt lat="45.0814110" lon="7.6037390">
    <ele>284.0</ele>
   </trkpt>
   <trkpt lat="45.0814560" lon="7.6038010">
    <ele>284.0</ele>
   </trkpt>
   <trkpt lat="45.0814940" lon="7.6038740">
    <ele>283.9</ele>
   </trkpt>
   <trkpt lat="45.0815380" lon="7.6039570">
    <ele>283.9</ele>
   </trkpt>
   <trkpt lat="45.0815790" lon="7.6040280">
    <ele>283.9</ele>
   </trkpt>
   <trkpt lat="45.0816220" lon="7.6041010">
    <ele>283.9</ele>
   </trkpt>
   <trkpt lat="45.0816660" lon="7.6041790">
    <ele>283.9</ele>
   </trkpt>
   <trkpt lat="45.0817080" lon="7.6042540">
    <ele>283.9</ele>
   </trkpt>
   <trkpt lat="45.0817480" lon="7.6043240">
    <ele>283.9</ele>
   </trkpt>
   <trkpt lat="45.0817900" lon="7.6043970">
    <ele>283.9</ele>
   </trkpt>
   <trkpt lat="45.0818350" lon="7.6044680">
    <ele>283.8</ele>
   </trkpt>
   <trkpt lat="45.0818780" lon="7.6045420">
    <ele>283.8</ele>
   </trkpt>
   <trkpt lat="45.0819170" lon="7.6046240">
    <ele>283.8</ele>
   </trkpt>
   <trkpt lat="45.0819540" lon="7.6046980">
    <ele>283.7</ele>
   </trkpt>
   <trkpt lat="45.0819940" lon="7.6047740">
    <ele>283.7</ele>
   </trkpt>
   <trkpt lat="45.0820280" lon="7.6048540">
    <ele>283.7</ele>
   </trkpt>
   <trkpt lat="45.0820620" lon="7.6049370">
    <ele>283.6</ele>
   </trkpt>
   <trkpt lat="45.0820940" lon="7.6050150">
    <ele>283.6</ele>
   </trkpt>
   <trkpt lat="45.0821250" lon="7.6050960">
    <ele>283.5</ele>
   </trkpt>
   <trkpt lat="45.0821580" lon="7.6051810">
    <ele>283.5</ele>
   </trkpt>
   <trkpt lat="45.0821890" lon="7.6052700">
    <ele>283.5</ele>
   </trkpt>
   <trkpt lat="45.0822150" lon="7.6053520">
    <ele>283.4</ele>
   </trkpt>
   <trkpt lat="45.0822400" lon="7.6054420">
    <ele>283.4</ele>
   </trkpt>
   <trkpt lat="45.0822620" lon="7.6055240">
    <ele>283.4</ele>
   </trkpt>
   <trkpt lat="45.0822840" lon="7.6056100">
    <ele>283.3</ele>
   </trkpt>
   <trkpt lat="45.0823040" lon="7.6056970">
    <ele>283.3</ele>
   </trkpt>
   <trkpt lat="45.0823230" lon="7.6057890">
    <ele>283.2</ele>
   </trkpt>
   <trkpt lat="45.0823400" lon="7.6058810">
    <ele>283.1</ele>
   </trkpt>
   <trkpt lat="45.0823580" lon="7.6059720">
    <ele>283.1</ele>
   </trkpt>
   <trkpt lat="45.0823700" lon="7.6060680">
    <ele>283.0</ele>
   </trkpt>
   <trkpt lat="45.0823860" lon="7.6061640">
    <ele>282.9</ele>
   </trkpt>
   <trkpt lat="45.0823970" lon="7.6062570">
    <ele>282.9</ele>
   </trkpt>
   <trkpt lat="45.0824130" lon="7.6063460">
    <ele>282.8</ele>
   </trkpt>
   <trkpt lat="45.0824250" lon="7.6064390">
    <ele>282.7</ele>
   </trkpt>
   <trkpt lat="45.0824370" lon="7.6065370">
    <ele>282.7</ele>
   </trkpt>
   <trkpt lat="45.0824460" lon="7.6066300">
    <ele>282.6</ele>
   </trkpt>
   <trkpt lat="45.0824560" lon="7.6067200">
    <ele>282.6</ele>
   </trkpt>
   <trkpt lat="45.0824680" lon="7.6068120">
    <ele>282.5</ele>
   </trkpt>
   <trkpt lat="45.0824780" lon="7.6069060">
    <ele>282.5</ele>
   </trkpt>
   <trkpt lat="45.0824920" lon="7.6070040">
    <ele>282.4</ele>
   </trkpt>
   <trkpt lat="45.0825090" lon="7.6071050">
    <ele>282.4</ele>
   </trkpt>
   <trkpt lat="45.0825300" lon="7.6072040">
    <ele>282.3</ele>
   </trkpt>
   <trkpt lat="45.0825450" lon="7.6072980">
    <ele>282.3</ele>
   </trkpt>
   <trkpt lat="45.0825610" lon="7.6073910">
    <ele>282.2</ele>
   </trkpt>
   <trkpt lat="45.0825710" lon="7.6074870">
    <ele>282.2</ele>
   </trkpt>
   <trkpt lat="45.0825830" lon="7.6075800">
    <ele>282.1</ele>
   </trkpt>
   <trkpt lat="45.0826060" lon="7.6077560">
    <ele>282.0</ele>
   </trkpt>
   <trkpt lat="45.0826160" lon="7.6078410">
    <ele>281.9</ele>
   </trkpt>
   <trkpt lat="45.0826280" lon="7.6079320">
    <ele>281.8</ele>
   </trkpt>
   <trkpt lat="45.0826380" lon="7.6080240">
    <ele>281.8</ele>
   </trkpt>
   <trkpt lat="45.0826500" lon="7.6081190">
    <ele>281.7</ele>
   </trkpt>
   <trkpt lat="45.0826640" lon="7.6082080">
    <ele>281.6</ele>
   </trkpt>
   <trkpt lat="45.0826780" lon="7.6082980">
    <ele>281.6</ele>
   </trkpt>
   <trkpt lat="45.0826930" lon="7.6083870">
    <ele>281.5</ele>
   </trkpt>
   <trkpt lat="45.0827060" lon="7.6084750">
    <ele>281.5</ele>
   </trkpt>
   <trkpt lat="45.0827170" lon="7.6085650">
    <ele>281.5</ele>
   </trkpt>
   <trkpt lat="45.0827280" lon="7.6086510">
    <ele>281.4</ele>
   </trkpt>
   <trkpt lat="45.0827370" lon="7.6087350">
    <ele>281.4</ele>
   </trkpt>
   <trkpt lat="45.0827630" lon="7.6088920">
    <ele>281.3</ele>
   </trkpt>
   <trkpt lat="45.0827760" lon="7.6089780">
    <ele>281.2</ele>
   </trkpt>
   <trkpt lat="45.0827880" lon="7.6090710">
    <ele>281.2</ele>
   </trkpt>
   <trkpt lat="45.0827980" lon="7.6091630">
    <ele>281.1</ele>
   </trkpt>
   <trkpt lat="45.0828040" lon="7.6092570">
    <ele>281.1</ele>
   </trkpt>
   <trkpt lat="45.0828090" lon="7.6093450">
    <ele>281.0</ele>
   </trkpt>
   <trkpt lat="45.0828090" lon="7.6094380">
    <ele>281.0</ele>
   </trkpt>
   <trkpt lat="45.0828110" lon="7.6095270">
    <ele>280.9</ele>
   </trkpt>
   <trkpt lat="45.0828090" lon="7.6096110">
    <ele>280.8</ele>
   </trkpt>
   <trkpt lat="45.0828080" lon="7.6096930">
    <ele>280.8</ele>
   </trkpt>
   <trkpt lat="45.0828000" lon="7.6097770">
    <ele>280.8</ele>
   </trkpt>
   <trkpt lat="45.0827920" lon="7.6098650">
    <ele>280.8</ele>
   </trkpt>
   <trkpt lat="45.0827790" lon="7.6099540">
    <ele>280.7</ele>
   </trkpt>
   <trkpt lat="45.0827640" lon="7.6100340">
    <ele>280.7</ele>
   </trkpt>
   <trkpt lat="45.0827450" lon="7.6101180">
    <ele>280.7</ele>
   </trkpt>
   <trkpt lat="45.0827290" lon="7.6101940">
    <ele>280.7</ele>
   </trkpt>
   <trkpt lat="45.0827120" lon="7.6102740">
    <ele>280.6</ele>
   </trkpt>
   <trkpt lat="45.0826940" lon="7.6103570">
    <ele>280.6</ele>
   </trkpt>
   <trkpt lat="45.0826800" lon="7.6104330">
    <ele>280.6</ele>
   </trkpt>
   <trkpt lat="45.0826680" lon="7.6105140">
    <ele>280.6</ele>
   </trkpt>
   <trkpt lat="45.0826650" lon="7.6105960">
    <ele>280.6</ele>
   </trkpt>
   <trkpt lat="45.0826680" lon="7.6106780">
    <ele>280.7</ele>
   </trkpt>
   <trkpt lat="45.0826790" lon="7.6107520">
    <ele>280.7</ele>
   </trkpt>
   <trkpt lat="45.0827000" lon="7.6108300">
    <ele>280.7</ele>
   </trkpt>
   <trkpt lat="45.0827270" lon="7.6109790">
    <ele>280.7</ele>
   </trkpt>
   <trkpt lat="45.0827230" lon="7.6110510">
    <ele>280.7</ele>
   </trkpt>
   <trkpt lat="45.0827230" lon="7.6111180">
    <ele>280.7</ele>
   </trkpt>
   <trkpt lat="45.0827230" lon="7.6111850">
    <ele>280.7</ele>
   </trkpt>
   <trkpt lat="45.0827200" lon="7.6112530">
    <ele>280.7</ele>
   </trkpt>
   <trkpt lat="45.0827130" lon="7.6113190">
    <ele>280.7</ele>
   </trkpt>
   <trkpt lat="45.0827090" lon="7.6113780">
    <ele>280.7</ele>
   </trkpt>
   <trkpt lat="45.0827040" lon="7.6114390">
    <ele>280.7</ele>
   </trkpt>
   <trkpt lat="45.0826940" lon="7.6114890">
    <ele>280.8</ele>
   </trkpt>
   <trkpt lat="45.0826710" lon="7.6115160">
    <ele>280.8</ele>
   </trkpt>
   <trkpt lat="45.0826140" lon="7.6115050">
    <ele>280.7</ele>
   </trkpt>
   <trkpt lat="45.0825800" lon="7.6114900">
    <ele>280.7</ele>
   </trkpt>
   <trkpt lat="45.0825650" lon="7.6114860">
    <ele>280.7</ele>
   </trkpt>
   <trkpt lat="45.0825490" lon="7.6114900">
    <ele>280.6</ele>
   </trkpt>
   <trkpt lat="45.0825360" lon="7.6114970">
    <ele>280.6</ele>
   </trkpt>
   <trkpt lat="45.0825150" lon="7.6114970">
    <ele>280.6</ele>
   </trkpt>
   <trkpt lat="45.0824840" lon="7.6115100">
    <ele>280.5</ele>
   </trkpt>
   <trkpt lat="45.0824730" lon="7.6115180">
    <ele>280.5</ele>
   </trkpt>
   <trkpt lat="45.0824580" lon="7.6115510">
    <ele>280.5</ele>
   </trkpt>
   <trkpt lat="45.0824510" lon="7.6115960">
    <ele>280.4</ele>
   </trkpt>
   <trkpt lat="45.0824450" lon="7.6116480">
    <ele>280.4</ele>
   </trkpt>
   <trkpt lat="45.0824330" lon="7.6117060">
    <ele>280.3</ele>
   </trkpt>
   <trkpt lat="45.0824250" lon="7.6117680">
    <ele>280.2</ele>
   </trkpt>
   <trkpt lat="45.0824200" lon="7.6118290">
    <ele>280.2</ele>
   </trkpt>
   <trkpt lat="45.0824150" lon="7.6118880">
    <ele>280.1</ele>
   </trkpt>
   <trkpt lat="45.0824100" lon="7.6119480">
    <ele>280.1</ele>
   </trkpt>
   <trkpt lat="45.0824090" lon="7.6120050">
    <ele>280.0</ele>
   </trkpt>
   <trkpt lat="45.0824000" lon="7.6120630">
    <ele>280.0</ele>
   </trkpt>
   <trkpt lat="45.0823890" lon="7.6121170">
    <ele>280.0</ele>
   </trkpt>
   <trkpt lat="45.0823820" lon="7.6121710">
    <ele>280.0</ele>
   </trkpt>
   <trkpt lat="45.0823730" lon="7.6122370">
    <ele>279.9</ele>
   </trkpt>
   <trkpt lat="45.0823750" lon="7.6122980">
    <ele>279.9</ele>
   </trkpt>
   <trkpt lat="45.0823640" lon="7.6123680">
    <ele>279.9</ele>
   </trkpt>
   <trkpt lat="45.0823560" lon="7.6124440">
    <ele>279.8</ele>
   </trkpt>
   <trkpt lat="45.0823490" lon="7.6125120">
    <ele>279.8</ele>
   </trkpt>
   <trkpt lat="45.0823350" lon="7.6125720">
    <ele>279.8</ele>
   </trkpt>
   <trkpt lat="45.0823250" lon="7.6126220">
    <ele>279.7</ele>
   </trkpt>
   <trkpt lat="45.0823210" lon="7.6126710">
    <ele>279.7</ele>
   </trkpt>
   <trkpt lat="45.0823140" lon="7.6127120">
    <ele>279.7</ele>
   </trkpt>
   <trkpt lat="45.0823070" lon="7.6127650">
    <ele>279.7</ele>
   </trkpt>
   <trkpt lat="45.0823020" lon="7.6128310">
    <ele>279.6</ele>
   </trkpt>
   <trkpt lat="45.0822970" lon="7.6128800">
    <ele>279.6</ele>
   </trkpt>
   <trkpt lat="45.0822910" lon="7.6129400">
    <ele>279.6</ele>
   </trkpt>
   <trkpt lat="45.0822890" lon="7.6130000">
    <ele>279.6</ele>
   </trkpt>
   <trkpt lat="45.0822870" lon="7.6130590">
    <ele>279.6</ele>
   </trkpt>
   <trkpt lat="45.0822820" lon="7.6131110">
    <ele>279.5</ele>
   </trkpt>
   <trkpt lat="45.0822760" lon="7.6131570">
    <ele>279.5</ele>
   </trkpt>
   <trkpt lat="45.0822680" lon="7.6132140">
    <ele>279.5</ele>
   </trkpt>
   <trkpt lat="45.0822620" lon="7.6132810">
    <ele>279.5</ele>
   </trkpt>
   <trkpt lat="45.0822650" lon="7.6133490">
    <ele>279.5</ele>
   </trkpt>
   <trkpt lat="45.0822690" lon="7.6134030">
    <ele>279.5</ele>
   </trkpt>
   <trkpt lat="45.0822680" lon="7.6134470">
    <ele>279.4</ele>
   </trkpt>
   <trkpt lat="45.0822650" lon="7.6134950">
    <ele>279.4</ele>
   </trkpt>
   <trkpt lat="45.0822660" lon="7.6135440">
    <ele>279.4</ele>
   </trkpt>
   <trkpt lat="45.0822660" lon="7.6136030">
    <ele>279.4</ele>
   </trkpt>
   <trkpt lat="45.0822620" lon="7.6136610">
    <ele>279.4</ele>
   </trkpt>
   <trkpt lat="45.0822590" lon="7.6137180">
    <ele>279.4</ele>
   </trkpt>
   <trkpt lat="45.0822600" lon="7.6137790">
    <ele>279.5</ele>
   </trkpt>
   <trkpt lat="45.0822590" lon="7.6138290">
    <ele>279.5</ele>
   </trkpt>
   <trkpt lat="45.0822590" lon="7.6138810">
    <ele>279.5</ele>
   </trkpt>
   <trkpt lat="45.0822600" lon="7.6139400">
    <ele>279.6</ele>
   </trkpt>
   <trkpt lat="45.0822590" lon="7.6139880">
    <ele>279.6</ele>
   </trkpt>
   <trkpt lat="45.0822640" lon="7.6140310">
    <ele>279.6</ele>
   </trkpt>
   <trkpt lat="45.0822640" lon="7.6140430">
    <ele>279.6</ele>
   </trkpt>
   <trkpt lat="45.0822660" lon="7.6140550">
    <ele>279.6</ele>
   </trkpt>
   <trkpt lat="45.0822680" lon="7.6140640">
    <ele>279.6</ele>
   </trkpt>
   <trkpt lat="45.0822650" lon="7.6140680">
    <ele>279.6</ele>
   </trkpt>
   <trkpt lat="45.0822650" lon="7.6140680">
    <ele>279.6</ele>
   </trkpt>
   <trkpt lat="45.0822600" lon="7.6140610">
    <ele>279.6</ele>
   </trkpt>
   <trkpt lat="45.0822600" lon="7.6140610">
    <ele>279.6</ele>
   </trkpt>
   <trkpt lat="45.0822600" lon="7.6140610">
    <ele>279.6</ele>
   </trkpt>
   <trkpt lat="45.0822600" lon="7.6140610">
    <ele>279.6</ele>
   </trkpt>
   <trkpt lat="45.0822600" lon="7.6140610">
    <ele>279.6</ele>
   </trkpt>
   <trkpt lat="45.0822600" lon="7.6140610">
    <ele>279.6</ele>
   </trkpt>
   <trkpt lat="45.0822600" lon="7.6140610">
    <ele>279.6</ele>
   </trkpt>
   <trkpt lat="45.0822600" lon="7.6140610">
    <ele>279.6</ele>
   </trkpt>
   <trkpt lat="45.0822810" lon="7.6140860">
    <ele>279.6</ele>
   </trkpt>
   <trkpt lat="45.0822840" lon="7.6140900">
    <ele>279.5</ele>
   </trkpt>
   <trkpt lat="45.0822750" lon="7.6141000">
    <ele>279.5</ele>
   </trkpt>
   <trkpt lat="45.0822680" lon="7.6141040">
    <ele>279.5</ele>
   </trkpt>
   <trkpt lat="45.0822680" lon="7.6141040">
    <ele>279.5</ele>
   </trkpt>
   <trkpt lat="45.0822660" lon="7.6141030">
    <ele>279.5</ele>
   </trkpt>
   <trkpt lat="45.0822670" lon="7.6141040">
    <ele>279.5</ele>
   </trkpt>
   <trkpt lat="45.0822700" lon="7.6141000">
    <ele>279.5</ele>
   </trkpt>
   <trkpt lat="45.0822780" lon="7.6141060">
    <ele>279.5</ele>
   </trkpt>
   <trkpt lat="45.0822780" lon="7.6141060">
    <ele>279.5</ele>
   </trkpt>
   <trkpt lat="45.0822770" lon="7.6141040">
    <ele>279.5</ele>
   </trkpt>
   <trkpt lat="45.0822770" lon="7.6141030">
    <ele>279.5</ele>
   </trkpt>
   <trkpt lat="45.0822770" lon="7.6141030">
    <ele>279.5</ele>
   </trkpt>
   <trkpt lat="45.0822770" lon="7.6141030">
    <ele>279.5</ele>
   </trkpt>
   <trkpt lat="45.0822770" lon="7.6141030">
    <ele>279.5</ele>
   </trkpt>
   <trkpt lat="45.0822770" lon="7.6141030">
    <ele>279.5</ele>
   </trkpt>
   <trkpt lat="45.0822770" lon="7.6141030">
    <ele>279.5</ele>
   </trkpt>
   <trkpt lat="45.0822770" lon="7.6141030">
    <ele>279.5</ele>
   </trkpt>
   <trkpt lat="45.0822770" lon="7.6141030">
    <ele>279.5</ele>
   </trkpt>
   <trkpt lat="45.0822920" lon="7.6141230">
    <ele>279.5</ele>
   </trkpt>
   <trkpt lat="45.0823010" lon="7.6141340">
    <ele>279.5</ele>
   </trkpt>
   <trkpt lat="45.0823100" lon="7.6141620">
    <ele>279.5</ele>
   </trkpt>
   <trkpt lat="45.0823180" lon="7.6142020">
    <ele>279.5</ele>
   </trkpt>
   <trkpt lat="45.0823180" lon="7.6142460">
    <ele>279.5</ele>
   </trkpt>
   <trkpt lat="45.0823200" lon="7.6142890">
    <ele>279.5</ele>
   </trkpt>
   <trkpt lat="45.0823210" lon="7.6143300">
    <ele>279.4</ele>
   </trkpt>
   <trkpt lat="45.0823200" lon="7.6143780">
    <ele>279.4</ele>
   </trkpt>
   <trkpt lat="45.0823230" lon="7.6144320">
    <ele>279.4</ele>
   </trkpt>
   <trkpt lat="45.0823260" lon="7.6144830">
    <ele>279.4</ele>
   </trkpt>
   <trkpt lat="45.0823250" lon="7.6145320">
    <ele>279.4</ele>
   </trkpt>
   <trkpt lat="45.0823230" lon="7.6145780">
    <ele>279.3</ele>
   </trkpt>
   <trkpt lat="45.0823230" lon="7.6146170">
    <ele>279.3</ele>
   </trkpt>
   <trkpt lat="45.0823140" lon="7.6146550">
    <ele>279.3</ele>
   </trkpt>
   <trkpt lat="45.0822940" lon="7.6146840">
    <ele>279.3</ele>
   </trkpt>
   <trkpt lat="45.0822790" lon="7.6147150">
    <ele>279.3</ele>
   </trkpt>
   <trkpt lat="45.0822800" lon="7.6147590">
    <ele>279.2</ele>
   </trkpt>
   <trkpt lat="45.0822780" lon="7.6148070">
    <ele>279.1</ele>
   </trkpt>
   <trkpt lat="45.0822820" lon="7.6148540">
    <ele>279.1</ele>
   </trkpt>
   <trkpt lat="45.0822870" lon="7.6149190">
    <ele>279.0</ele>
   </trkpt>
   <trkpt lat="45.0822870" lon="7.6149770">
    <ele>278.9</ele>
   </trkpt>
   <trkpt lat="45.0822890" lon="7.6150370">
    <ele>278.8</ele>
   </trkpt>
   <trkpt lat="45.0822880" lon="7.6151010">
    <ele>278.7</ele>
   </trkpt>
   <trkpt lat="45.0822880" lon="7.6151660">
    <ele>278.7</ele>
   </trkpt>
   <trkpt lat="45.0822870" lon="7.6152320">
    <ele>278.6</ele>
   </trkpt>
   <trkpt lat="45.0822890" lon="7.6153020">
    <ele>278.6</ele>
   </trkpt>
   <trkpt lat="45.0822900" lon="7.6153680">
    <ele>278.5</ele>
   </trkpt>
   <trkpt lat="45.0822930" lon="7.6154300">
    <ele>278.5</ele>
   </trkpt>
   <trkpt lat="45.0823020" lon="7.6155060">
    <ele>278.5</ele>
   </trkpt>
   <trkpt lat="45.0823100" lon="7.6155730">
    <ele>278.4</ele>
   </trkpt>
   <trkpt lat="45.0823160" lon="7.6156450">
    <ele>278.4</ele>
   </trkpt>
   <trkpt lat="45.0823140" lon="7.6157200">
    <ele>278.4</ele>
   </trkpt>
   <trkpt lat="45.0823100" lon="7.6158160">
    <ele>278.3</ele>
   </trkpt>
   <trkpt lat="45.0823090" lon="7.6158460">
    <ele>278.3</ele>
   </trkpt>
   <trkpt lat="45.0823130" lon="7.6159190">
    <ele>278.3</ele>
   </trkpt>
   <trkpt lat="45.0823170" lon="7.6159900">
    <ele>278.2</ele>
   </trkpt>
   <trkpt lat="45.0823190" lon="7.6160600">
    <ele>278.2</ele>
   </trkpt>
   <trkpt lat="45.0823130" lon="7.6161230">
    <ele>278.4</ele>
   </trkpt>
   <trkpt lat="45.0823040" lon="7.6161820">
    <ele>278.4</ele>
   </trkpt>
   <trkpt lat="45.0822960" lon="7.6162410">
    <ele>278.4</ele>
   </trkpt>
   <trkpt lat="45.0822880" lon="7.6163090">
    <ele>278.3</ele>
   </trkpt>
   <trkpt lat="45.0822880" lon="7.6163580">
    <ele>278.3</ele>
   </trkpt>
   <trkpt lat="45.0822920" lon="7.6164230">
    <ele>278.1</ele>
   </trkpt>
   <trkpt lat="45.0822910" lon="7.6164820">
    <ele>278.1</ele>
   </trkpt>
   <trkpt lat="45.0822850" lon="7.6165340">
    <ele>278.1</ele>
   </trkpt>
   <trkpt lat="45.0822850" lon="7.6166130">
    <ele>278.1</ele>
   </trkpt>
   <trkpt lat="45.0822890" lon="7.6166810">
    <ele>278.0</ele>
   </trkpt>
   <trkpt lat="45.0822880" lon="7.6167540">
    <ele>278.0</ele>
   </trkpt>
   <trkpt lat="45.0822910" lon="7.6168150">
    <ele>278.0</ele>
   </trkpt>
   <trkpt lat="45.0822970" lon="7.6168610">
    <ele>278.0</ele>
   </trkpt>
   <trkpt lat="45.0823010" lon="7.6169120">
    <ele>278.0</ele>
   </trkpt>
   <trkpt lat="45.0822930" lon="7.6169970">
    <ele>278.0</ele>
   </trkpt>
   <trkpt lat="45.0822960" lon="7.6170650">
    <ele>277.9</ele>
   </trkpt>
   <trkpt lat="45.0823050" lon="7.6171580">
    <ele>277.9</ele>
   </trkpt>
   <trkpt lat="45.0823020" lon="7.6172220">
    <ele>277.9</ele>
   </trkpt>
   <trkpt lat="45.0823070" lon="7.6172720">
    <ele>277.8</ele>
   </trkpt>
   <trkpt lat="45.0823170" lon="7.6173360">
    <ele>277.8</ele>
   </trkpt>
   <trkpt lat="45.0823240" lon="7.6174200">
    <ele>277.7</ele>
   </trkpt>
   <trkpt lat="45.0823330" lon="7.6174990">
    <ele>277.7</ele>
   </trkpt>
   <trkpt lat="45.0823490" lon="7.6176260">
    <ele>277.6</ele>
   </trkpt>
   <trkpt lat="45.0823610" lon="7.6176860">
    <ele>277.6</ele>
   </trkpt>
   <trkpt lat="45.0823700" lon="7.6177620">
    <ele>277.6</ele>
   </trkpt>
   <trkpt lat="45.0823700" lon="7.6178420">
    <ele>277.5</ele>
   </trkpt>
   <trkpt lat="45.0823710" lon="7.6179210">
    <ele>277.5</ele>
   </trkpt>
   <trkpt lat="45.0823630" lon="7.6180040">
    <ele>277.4</ele>
   </trkpt>
   <trkpt lat="45.0823430" lon="7.6180900">
    <ele>277.4</ele>
   </trkpt>
   <trkpt lat="45.0823190" lon="7.6181720">
    <ele>277.3</ele>
   </trkpt>
   <trkpt lat="45.0822960" lon="7.6182480">
    <ele>277.3</ele>
   </trkpt>
   <trkpt lat="45.0822810" lon="7.6183250">
    <ele>277.2</ele>
   </trkpt>
   <trkpt lat="45.0822660" lon="7.6184070">
    <ele>277.2</ele>
   </trkpt>
   <trkpt lat="45.0822490" lon="7.6184840">
    <ele>277.1</ele>
   </trkpt>
   <trkpt lat="45.0822310" lon="7.6185540">
    <ele>277.0</ele>
   </trkpt>
   <trkpt lat="45.0822140" lon="7.6186310">
    <ele>277.0</ele>
   </trkpt>
   <trkpt lat="45.0821930" lon="7.6187050">
    <ele>277.0</ele>
   </trkpt>
   <trkpt lat="45.0821700" lon="7.6187690">
    <ele>277.0</ele>
   </trkpt>
   <trkpt lat="45.0821380" lon="7.6188240">
    <ele>276.9</ele>
   </trkpt>
   <trkpt lat="45.0821040" lon="7.6188940">
    <ele>276.9</ele>
   </trkpt>
   <trkpt lat="45.0820660" lon="7.6189740">
    <ele>276.9</ele>
   </trkpt>
   <trkpt lat="45.0820410" lon="7.6190590">
    <ele>276.8</ele>
   </trkpt>
   <trkpt lat="45.0820250" lon="7.6191430">
    <ele>276.8</ele>
   </trkpt>
   <trkpt lat="45.0820010" lon="7.6192220">
    <ele>276.7</ele>
   </trkpt>
   <trkpt lat="45.0819850" lon="7.6193020">
    <ele>276.7</ele>
   </trkpt>
   <trkpt lat="45.0819720" lon="7.6193880">
    <ele>276.6</ele>
   </trkpt>
   <trkpt lat="45.0819600" lon="7.6194720">
    <ele>276.6</ele>
   </trkpt>
   <trkpt lat="45.0819430" lon="7.6195470">
    <ele>276.6</ele>
   </trkpt>
   <trkpt lat="45.0819200" lon="7.6196140">
    <ele>276.5</ele>
   </trkpt>
   <trkpt lat="45.0819030" lon="7.6196900">
    <ele>276.5</ele>
   </trkpt>
   <trkpt lat="45.0818860" lon="7.6197740">
    <ele>276.5</ele>
   </trkpt>
   <trkpt lat="45.0818650" lon="7.6198570">
    <ele>276.5</ele>
   </trkpt>
   <trkpt lat="45.0818400" lon="7.6199360">
    <ele>276.4</ele>
   </trkpt>
   <trkpt lat="45.0818170" lon="7.6199810">
    <ele>276.4</ele>
   </trkpt>
   <trkpt lat="45.0817950" lon="7.6200220">
    <ele>276.5</ele>
   </trkpt>
   <trkpt lat="45.0817880" lon="7.6200390">
    <ele>276.5</ele>
   </trkpt>
   <trkpt lat="45.0817830" lon="7.6200920">
    <ele>276.5</ele>
   </trkpt>
   <trkpt lat="45.0817750" lon="7.6201550">
    <ele>276.4</ele>
   </trkpt>
   <trkpt lat="45.0817620" lon="7.6202200">
    <ele>276.4</ele>
   </trkpt>
   <trkpt lat="45.0817420" lon="7.6202770">
    <ele>276.3</ele>
   </trkpt>
   <trkpt lat="45.0817180" lon="7.6203430">
    <ele>276.2</ele>
   </trkpt>
   <trkpt lat="45.0816970" lon="7.6204090">
    <ele>276.2</ele>
   </trkpt>
   <trkpt lat="45.0816690" lon="7.6204800">
    <ele>276.1</ele>
   </trkpt>
   <trkpt lat="45.0816460" lon="7.6205510">
    <ele>276.1</ele>
   </trkpt>
   <trkpt lat="45.0816250" lon="7.6206200">
    <ele>276.1</ele>
   </trkpt>
   <trkpt lat="45.0816080" lon="7.6206890">
    <ele>276.0</ele>
   </trkpt>
   <trkpt lat="45.0815870" lon="7.6207620">
    <ele>276.0</ele>
   </trkpt>
   <trkpt lat="45.0815610" lon="7.6208250">
    <ele>276.0</ele>
   </trkpt>
   <trkpt lat="45.0815470" lon="7.6208830">
    <ele>275.9</ele>
   </trkpt>
   <trkpt lat="45.0815360" lon="7.6209440">
    <ele>275.9</ele>
   </trkpt>
   <trkpt lat="45.0815310" lon="7.6210070">
    <ele>275.8</ele>
   </trkpt>
   <trkpt lat="45.0815240" lon="7.6210740">
    <ele>275.8</ele>
   </trkpt>
   <trkpt lat="45.0815070" lon="7.6211360">
    <ele>275.7</ele>
   </trkpt>
   <trkpt lat="45.0814760" lon="7.6211950">
    <ele>275.7</ele>
   </trkpt>
   <trkpt lat="45.0814530" lon="7.6212550">
    <ele>275.7</ele>
   </trkpt>
   <trkpt lat="45.0814380" lon="7.6213190">
    <ele>275.6</ele>
   </trkpt>
   <trkpt lat="45.0814200" lon="7.6213840">
    <ele>275.6</ele>
   </trkpt>
   <trkpt lat="45.0814030" lon="7.6214440">
    <ele>275.6</ele>
   </trkpt>
   <trkpt lat="45.0813880" lon="7.6215070">
    <ele>275.6</ele>
   </trkpt>
   <trkpt lat="45.0813720" lon="7.6215750">
    <ele>275.5</ele>
   </trkpt>
   <trkpt lat="45.0813550" lon="7.6216360">
    <ele>275.5</ele>
   </trkpt>
   <trkpt lat="45.0813360" lon="7.6216960">
    <ele>275.5</ele>
   </trkpt>
   <trkpt lat="45.0813280" lon="7.6217560">
    <ele>275.4</ele>
   </trkpt>
   <trkpt lat="45.0813130" lon="7.6218240">
    <ele>275.4</ele>
   </trkpt>
   <trkpt lat="45.0812930" lon="7.6218980">
    <ele>275.3</ele>
   </trkpt>
   <trkpt lat="45.0812850" lon="7.6219670">
    <ele>275.2</ele>
   </trkpt>
   <trkpt lat="45.0812730" lon="7.6220300">
    <ele>275.2</ele>
   </trkpt>
   <trkpt lat="45.0812550" lon="7.6220880">
    <ele>275.1</ele>
   </trkpt>
   <trkpt lat="45.0812350" lon="7.6221450">
    <ele>275.1</ele>
   </trkpt>
   <trkpt lat="45.0812200" lon="7.6221990">
    <ele>275.0</ele>
   </trkpt>
   <trkpt lat="45.0812020" lon="7.6222600">
    <ele>275.0</ele>
   </trkpt>
   <trkpt lat="45.0811810" lon="7.6223250">
    <ele>274.9</ele>
   </trkpt>
   <trkpt lat="45.0811640" lon="7.6223880">
    <ele>274.9</ele>
   </trkpt>
   <trkpt lat="45.0811430" lon="7.6224540">
    <ele>274.8</ele>
   </trkpt>
   <trkpt lat="45.0811260" lon="7.6225270">
    <ele>274.7</ele>
   </trkpt>
   <trkpt lat="45.0811070" lon="7.6225900">
    <ele>274.7</ele>
   </trkpt>
   <trkpt lat="45.0810880" lon="7.6226590">
    <ele>274.6</ele>
   </trkpt>
   <trkpt lat="45.0810700" lon="7.6227260">
    <ele>274.5</ele>
   </trkpt>
   <trkpt lat="45.0810560" lon="7.6227980">
    <ele>274.5</ele>
   </trkpt>
   <trkpt lat="45.0810370" lon="7.6228640">
    <ele>274.5</ele>
   </trkpt>
   <trkpt lat="45.0810170" lon="7.6229270">
    <ele>274.5</ele>
   </trkpt>
   <trkpt lat="45.0809940" lon="7.6229870">
    <ele>274.5</ele>
   </trkpt>
   <trkpt lat="45.0809760" lon="7.6230460">
    <ele>274.5</ele>
   </trkpt>
   <trkpt lat="45.0809570" lon="7.6231070">
    <ele>274.5</ele>
   </trkpt>
   <trkpt lat="45.0809360" lon="7.6231700">
    <ele>274.5</ele>
   </trkpt>
   <trkpt lat="45.0809080" lon="7.6232150">
    <ele>274.5</ele>
   </trkpt>
   <trkpt lat="45.0808760" lon="7.6232390">
    <ele>274.6</ele>
   </trkpt>
   <trkpt lat="45.0808450" lon="7.6232370">
    <ele>274.6</ele>
   </trkpt>
   <trkpt lat="45.0808220" lon="7.6232260">
    <ele>274.7</ele>
   </trkpt>
   <trkpt lat="45.0808100" lon="7.6232220">
    <ele>274.7</ele>
   </trkpt>
   <trkpt lat="45.0808040" lon="7.6232290">
    <ele>274.7</ele>
   </trkpt>
   <trkpt lat="45.0808030" lon="7.6232260">
    <ele>274.7</ele>
   </trkpt>
   <trkpt lat="45.0808030" lon="7.6232250">
    <ele>274.7</ele>
   </trkpt>
   <trkpt lat="45.0808030" lon="7.6232260">
    <ele>274.7</ele>
   </trkpt>
   <trkpt lat="45.0808030" lon="7.6232260">
    <ele>274.7</ele>
   </trkpt>
   <trkpt lat="45.0808030" lon="7.6232260">
    <ele>274.7</ele>
   </trkpt>
   <trkpt lat="45.0808030" lon="7.6232260">
    <ele>274.7</ele>
   </trkpt>
   <trkpt lat="45.0808030" lon="7.6232260">
    <ele>274.7</ele>
   </trkpt>
   <trkpt lat="45.0808030" lon="7.6232260">
    <ele>274.7</ele>
   </trkpt>
   <trkpt lat="45.0808030" lon="7.6232260">
    <ele>274.7</ele>
   </trkpt>
   <trkpt lat="45.0807740" lon="7.6232400">
    <ele>274.6</ele>
   </trkpt>
   <trkpt lat="45.0807590" lon="7.6232750">
    <ele>274.6</ele>
   </trkpt>
   <trkpt lat="45.0807400" lon="7.6233220">
    <ele>274.6</ele>
   </trkpt>
   <trkpt lat="45.0807310" lon="7.6233380">
    <ele>274.6</ele>
   </trkpt>
   <trkpt lat="45.0807120" lon="7.6233770">
    <ele>274.6</ele>
   </trkpt>
   <trkpt lat="45.0806950" lon="7.6234070">
    <ele>274.6</ele>
   </trkpt>
   <trkpt lat="45.0806720" lon="7.6234440">
    <ele>274.6</ele>
   </trkpt>
   <trkpt lat="45.0806440" lon="7.6235140">
    <ele>274.6</ele>
   </trkpt>
   <trkpt lat="45.0806310" lon="7.6235480">
    <ele>274.6</ele>
   </trkpt>
   <trkpt lat="45.0806290" lon="7.6235990">
    <ele>274.6</ele>
   </trkpt>
   <trkpt lat="45.0806340" lon="7.6236140">
    <ele>274.6</ele>
   </trkpt>
   <trkpt lat="45.0806730" lon="7.6236390">
    <ele>274.6</ele>
   </trkpt>
   <trkpt lat="45.0807070" lon="7.6236720">
    <ele>274.6</ele>
   </trkpt>
   <trkpt lat="45.0807270" lon="7.6237150">
    <ele>274.6</ele>
   </trkpt>
   <trkpt lat="45.0807380" lon="7.6237510">
    <ele>274.6</ele>
   </trkpt>
   <trkpt lat="45.0807300" lon="7.6237990">
    <ele>274.5</ele>
   </trkpt>
   <trkpt lat="45.0806870" lon="7.6238820">
    <ele>274.4</ele>
   </trkpt>
   <trkpt lat="45.0806700" lon="7.6239200">
    <ele>274.4</ele>
   </trkpt>
   <trkpt lat="45.0806520" lon="7.6239730">
    <ele>274.3</ele>
   </trkpt>
   <trkpt lat="45.0806320" lon="7.6240310">
    <ele>274.3</ele>
   </trkpt>
   <trkpt lat="45.0806080" lon="7.6240900">
    <ele>274.2</ele>
   </trkpt>
   <trkpt lat="45.0805800" lon="7.6241510">
    <ele>274.2</ele>
   </trkpt>
   <trkpt lat="45.0805510" lon="7.6242110">
    <ele>274.2</ele>
   </trkpt>
   <trkpt lat="45.0805210" lon="7.6242690">
    <ele>274.1</ele>
   </trkpt>
   <trkpt lat="45.0804950" lon="7.6243290">
    <ele>274.1</ele>
   </trkpt>
   <trkpt lat="45.0804670" lon="7.6243850">
    <ele>274.1</ele>
   </trkpt>
   <trkpt lat="45.0804360" lon="7.6244420">
    <ele>274.1</ele>
   </trkpt>
   <trkpt lat="45.0804050" lon="7.6244960">
    <ele>274.2</ele>
   </trkpt>
   <trkpt lat="45.0803720" lon="7.6245460">
    <ele>274.2</ele>
   </trkpt>
   <trkpt lat="45.0803410" lon="7.6245990">
    <ele>274.2</ele>
   </trkpt>
   <trkpt lat="45.0803100" lon="7.6246600">
    <ele>274.2</ele>
   </trkpt>
   <trkpt lat="45.0802810" lon="7.6247250">
    <ele>274.2</ele>
   </trkpt>
   <trkpt lat="45.0802590" lon="7.6247870">
    <ele>274.3</ele>
   </trkpt>
   <trkpt lat="45.0802410" lon="7.6248280">
    <ele>274.3</ele>
   </trkpt>
   <trkpt lat="45.0802260" lon="7.6248640">
    <ele>274.3</ele>
   </trkpt>
   <trkpt lat="45.0802130" lon="7.6248890">
    <ele>274.3</ele>
   </trkpt>
   <trkpt lat="45.0802080" lon="7.6248970">
    <ele>274.3</ele>
   </trkpt>
   <trkpt lat="45.0802030" lon="7.6249050">
    <ele>274.3</ele>
   </trkpt>
   <trkpt lat="45.0801820" lon="7.6249520">
    <ele>274.2</ele>
   </trkpt>
   <trkpt lat="45.0801720" lon="7.6249720">
    <ele>274.2</ele>
   </trkpt>
   <trkpt lat="45.0801490" lon="7.6250270">
    <ele>274.2</ele>
   </trkpt>
   <trkpt lat="45.0801250" lon="7.6250870">
    <ele>274.3</ele>
   </trkpt>
   <trkpt lat="45.0801150" lon="7.6251400">
    <ele>274.3</ele>
   </trkpt>
   <trkpt lat="45.0801000" lon="7.6251940">
    <ele>274.2</ele>
   </trkpt>
   <trkpt lat="45.0800810" lon="7.6252510">
    <ele>274.2</ele>
   </trkpt>
   <trkpt lat="45.0800680" lon="7.6253080">
    <ele>274.2</ele>
   </trkpt>
   <trkpt lat="45.0800630" lon="7.6253730">
    <ele>274.2</ele>
   </trkpt>
   <trkpt lat="45.0800470" lon="7.6254400">
    <ele>274.1</ele>
   </trkpt>
   <trkpt lat="45.0800280" lon="7.6254990">
    <ele>274.1</ele>
   </trkpt>
   <trkpt lat="45.0800100" lon="7.6255610">
    <ele>274.1</ele>
   </trkpt>
   <trkpt lat="45.0799940" lon="7.6256240">
    <ele>274.1</ele>
   </trkpt>
   <trkpt lat="45.0799770" lon="7.6256910">
    <ele>274.1</ele>
   </trkpt>
   <trkpt lat="45.0799690" lon="7.6257510">
    <ele>274.1</ele>
   </trkpt>
   <trkpt lat="45.0799580" lon="7.6258090">
    <ele>274.1</ele>
   </trkpt>
   <trkpt lat="45.0799500" lon="7.6258720">
    <ele>274.1</ele>
   </trkpt>
   <trkpt lat="45.0799380" lon="7.6259300">
    <ele>274.1</ele>
   </trkpt>
   <trkpt lat="45.0799360" lon="7.6259880">
    <ele>274.0</ele>
   </trkpt>
   <trkpt lat="45.0799410" lon="7.6260490">
    <ele>274.0</ele>
   </trkpt>
   <trkpt lat="45.0799360" lon="7.6260990">
    <ele>274.0</ele>
   </trkpt>
   <trkpt lat="45.0799260" lon="7.6261390">
    <ele>274.0</ele>
   </trkpt>
   <trkpt lat="45.0799100" lon="7.6261910">
    <ele>274.0</ele>
   </trkpt>
   <trkpt lat="45.0799040" lon="7.6262080">
    <ele>273.9</ele>
   </trkpt>
   <trkpt lat="45.0798940" lon="7.6262440">
    <ele>273.9</ele>
   </trkpt>
   <trkpt lat="45.0798860" lon="7.6262830">
    <ele>273.9</ele>
   </trkpt>
   <trkpt lat="45.0798750" lon="7.6263240">
    <ele>273.9</ele>
   </trkpt>
   <trkpt lat="45.0798630" lon="7.6263690">
    <ele>273.9</ele>
   </trkpt>
   <trkpt lat="45.0798480" lon="7.6264190">
    <ele>273.9</ele>
   </trkpt>
   <trkpt lat="45.0798310" lon="7.6264680">
    <ele>273.9</ele>
   </trkpt>
   <trkpt lat="45.0798050" lon="7.6265260">
    <ele>273.9</ele>
   </trkpt>
   <trkpt lat="45.0797870" lon="7.6265750">
    <ele>273.9</ele>
   </trkpt>
   <trkpt lat="45.0797720" lon="7.6266220">
    <ele>273.9</ele>
   </trkpt>
   <trkpt lat="45.0797620" lon="7.6266640">
    <ele>273.9</ele>
   </trkpt>
   <trkpt lat="45.0797560" lon="7.6267060">
    <ele>273.9</ele>
   </trkpt>
   <trkpt lat="45.0797520" lon="7.6267410">
    <ele>273.9</ele>
   </trkpt>
   <trkpt lat="45.0797510" lon="7.6267560">
    <ele>273.9</ele>
   </trkpt>
   <trkpt lat="45.0797470" lon="7.6267600">
    <ele>273.9</ele>
   </trkpt>
   <trkpt lat="45.0797440" lon="7.6267670">
    <ele>273.9</ele>
   </trkpt>
   <trkpt lat="45.0797410" lon="7.6267750">
    <ele>273.9</ele>
   </trkpt>
   <trkpt lat="45.0797370" lon="7.6267820">
    <ele>273.9</ele>
   </trkpt>
   <trkpt lat="45.0797340" lon="7.6267900">
    <ele>273.9</ele>
   </trkpt>
   <trkpt lat="45.0797310" lon="7.6267980">
    <ele>273.9</ele>
   </trkpt>
   <trkpt lat="45.0797280" lon="7.6268050">
    <ele>273.9</ele>
   </trkpt>
   <trkpt lat="45.0797250" lon="7.6268130">
    <ele>273.9</ele>
   </trkpt>
   <trkpt lat="45.0797220" lon="7.6268210">
    <ele>273.9</ele>
   </trkpt>
   <trkpt lat="45.0797180" lon="7.6268280">
    <ele>273.9</ele>
   </trkpt>
   <trkpt lat="45.0797150" lon="7.6268360">
    <ele>273.9</ele>
   </trkpt>
   <trkpt lat="45.0797120" lon="7.6268430">
    <ele>273.9</ele>
   </trkpt>
   <trkpt lat="45.0797090" lon="7.6268510">
    <ele>273.9</ele>
   </trkpt>
   <trkpt lat="45.0796940" lon="7.6268930">
    <ele>273.9</ele>
   </trkpt>
   <trkpt lat="45.0796770" lon="7.6269300">
    <ele>273.9</ele>
   </trkpt>
   <trkpt lat="45.0796630" lon="7.6269770">
    <ele>273.8</ele>
   </trkpt>
   <trkpt lat="45.0796450" lon="7.6270230">
    <ele>273.9</ele>
   </trkpt>
   <trkpt lat="45.0796350" lon="7.6270750">
    <ele>273.8</ele>
   </trkpt>
   <trkpt lat="45.0796250" lon="7.6271270">
    <ele>273.8</ele>
   </trkpt>
   <trkpt lat="45.0796120" lon="7.6271850">
    <ele>273.8</ele>
   </trkpt>
   <trkpt lat="45.0795950" lon="7.6272390">
    <ele>273.8</ele>
   </trkpt>
   <trkpt lat="45.0795810" lon="7.6272960">
    <ele>273.8</ele>
   </trkpt>
   <trkpt lat="45.0795700" lon="7.6273610">
    <ele>273.8</ele>
   </trkpt>
   <trkpt lat="45.0795610" lon="7.6274300">
    <ele>273.7</ele>
   </trkpt>
   <trkpt lat="45.0795500" lon="7.6275030">
    <ele>273.7</ele>
   </trkpt>
   <trkpt lat="45.0795390" lon="7.6275720">
    <ele>273.6</ele>
   </trkpt>
   <trkpt lat="45.0795330" lon="7.6276460">
    <ele>273.6</ele>
   </trkpt>
   <trkpt lat="45.0795280" lon="7.6277170">
    <ele>273.5</ele>
   </trkpt>
   <trkpt lat="45.0795210" lon="7.6277900">
    <ele>273.4</ele>
   </trkpt>
   <trkpt lat="45.0795130" lon="7.6278670">
    <ele>273.4</ele>
   </trkpt>
   <trkpt lat="45.0795060" lon="7.6279480">
    <ele>273.3</ele>
   </trkpt>
   <trkpt lat="45.0794950" lon="7.6280260">
    <ele>273.3</ele>
   </trkpt>
   <trkpt lat="45.0794780" lon="7.6281040">
    <ele>273.2</ele>
   </trkpt>
   <trkpt lat="45.0794630" lon="7.6281850">
    <ele>273.2</ele>
   </trkpt>
   <trkpt lat="45.0794530" lon="7.6282650">
    <ele>273.1</ele>
   </trkpt>
   <trkpt lat="45.0794460" lon="7.6283450">
    <ele>273.1</ele>
   </trkpt>
   <trkpt lat="45.0794420" lon="7.6284300">
    <ele>273.0</ele>
   </trkpt>
   <trkpt lat="45.0794380" lon="7.6285180">
    <ele>273.0</ele>
   </trkpt>
   <trkpt lat="45.0794240" lon="7.6286890">
    <ele>272.9</ele>
   </trkpt>
   <trkpt lat="45.0794200" lon="7.6287720">
    <ele>272.8</ele>
   </trkpt>
   <trkpt lat="45.0794130" lon="7.6288440">
    <ele>272.7</ele>
   </trkpt>
   <trkpt lat="45.0794110" lon="7.6289250">
    <ele>272.6</ele>
   </trkpt>
   <trkpt lat="45.0794050" lon="7.6290040">
    <ele>272.5</ele>
   </trkpt>
   <trkpt lat="45.0794100" lon="7.6290800">
    <ele>272.4</ele>
   </trkpt>
   <trkpt lat="45.0794180" lon="7.6291500">
    <ele>272.4</ele>
   </trkpt>
   <trkpt lat="45.0794210" lon="7.6292230">
    <ele>272.3</ele>
   </trkpt>
   <trkpt lat="45.0794160" lon="7.6293040">
    <ele>272.2</ele>
   </trkpt>
   <trkpt lat="45.0794100" lon="7.6293860">
    <ele>272.1</ele>
   </trkpt>
   <trkpt lat="45.0794000" lon="7.6294630">
    <ele>272.0</ele>
   </trkpt>
   <trkpt lat="45.0793690" lon="7.6295720">
    <ele>271.9</ele>
   </trkpt>
   <trkpt lat="45.0793730" lon="7.6296370">
    <ele>271.9</ele>
   </trkpt>
   <trkpt lat="45.0793740" lon="7.6297080">
    <ele>271.8</ele>
   </trkpt>
   <trkpt lat="45.0793680" lon="7.6297760">
    <ele>271.8</ele>
   </trkpt>
   <trkpt lat="45.0793650" lon="7.6298470">
    <ele>271.7</ele>
   </trkpt>
   <trkpt lat="45.0793590" lon="7.6299150">
    <ele>271.7</ele>
   </trkpt>
   <trkpt lat="45.0793510" lon="7.6299820">
    <ele>271.6</ele>
   </trkpt>
   <trkpt lat="45.0793500" lon="7.6300520">
    <ele>271.6</ele>
   </trkpt>
   <trkpt lat="45.0793500" lon="7.6301210">
    <ele>271.5</ele>
   </trkpt>
   <trkpt lat="45.0793470" lon="7.6301980">
    <ele>271.5</ele>
   </trkpt>
   <trkpt lat="45.0793430" lon="7.6302730">
    <ele>271.5</ele>
   </trkpt>
   <trkpt lat="45.0793330" lon="7.6304240">
    <ele>271.4</ele>
   </trkpt>
   <trkpt lat="45.0793280" lon="7.6305710">
    <ele>271.4</ele>
   </trkpt>
   <trkpt lat="45.0793410" lon="7.6306430">
    <ele>271.4</ele>
   </trkpt>
   <trkpt lat="45.0793480" lon="7.6307100">
    <ele>271.3</ele>
   </trkpt>
   <trkpt lat="45.0793470" lon="7.6307790">
    <ele>271.3</ele>
   </trkpt>
   <trkpt lat="45.0793410" lon="7.6308500">
    <ele>271.3</ele>
   </trkpt>
   <trkpt lat="45.0793370" lon="7.6309190">
    <ele>271.3</ele>
   </trkpt>
   <trkpt lat="45.0793350" lon="7.6309900">
    <ele>271.3</ele>
   </trkpt>
   <trkpt lat="45.0793250" lon="7.6310670">
    <ele>271.2</ele>
   </trkpt>
   <trkpt lat="45.0793200" lon="7.6311430">
    <ele>271.2</ele>
   </trkpt>
   <trkpt lat="45.0793140" lon="7.6312190">
    <ele>271.2</ele>
   </trkpt>
   <trkpt lat="45.0793110" lon="7.6312890">
    <ele>271.2</ele>
   </trkpt>
   <trkpt lat="45.0793050" lon="7.6313590">
    <ele>271.2</ele>
   </trkpt>
   <trkpt lat="45.0793020" lon="7.6314990">
    <ele>271.1</ele>
   </trkpt>
   <trkpt lat="45.0792980" lon="7.6315780">
    <ele>271.1</ele>
   </trkpt>
   <trkpt lat="45.0792940" lon="7.6316500">
    <ele>271.1</ele>
   </trkpt>
   <trkpt lat="45.0792890" lon="7.6317230">
    <ele>271.1</ele>
   </trkpt>
   <trkpt lat="45.0792860" lon="7.6317960">
    <ele>271.1</ele>
   </trkpt>
   <trkpt lat="45.0792830" lon="7.6318640">
    <ele>271.1</ele>
   </trkpt>
   <trkpt lat="45.0792790" lon="7.6319290">
    <ele>271.1</ele>
   </trkpt>
   <trkpt lat="45.0792720" lon="7.6320020">
    <ele>271.1</ele>
   </trkpt>
   <trkpt lat="45.0792700" lon="7.6320760">
    <ele>271.0</ele>
   </trkpt>
   <trkpt lat="45.0792750" lon="7.6321510">
    <ele>271.0</ele>
   </trkpt>
   <trkpt lat="45.0792870" lon="7.6322280">
    <ele>271.0</ele>
   </trkpt>
   <trkpt lat="45.0792920" lon="7.6323040">
    <ele>270.9</ele>
   </trkpt>
   <trkpt lat="45.0793100" lon="7.6324610">
    <ele>270.8</ele>
   </trkpt>
   <trkpt lat="45.0793220" lon="7.6325430">
    <ele>270.8</ele>
   </trkpt>
   <trkpt lat="45.0793300" lon="7.6326270">
    <ele>270.8</ele>
   </trkpt>
   <trkpt lat="45.0793370" lon="7.6327070">
    <ele>270.7</ele>
   </trkpt>
   <trkpt lat="45.0793450" lon="7.6327900">
    <ele>270.7</ele>
   </trkpt>
   <trkpt lat="45.0793540" lon="7.6328690">
    <ele>270.7</ele>
   </trkpt>
   <trkpt lat="45.0793570" lon="7.6329460">
    <ele>270.7</ele>
   </trkpt>
   <trkpt lat="45.0793610" lon="7.6330220">
    <ele>270.6</ele>
   </trkpt>
   <trkpt lat="45.0793660" lon="7.6330980">
    <ele>270.6</ele>
   </trkpt>
   <trkpt lat="45.0793740" lon="7.6331770">
    <ele>270.6</ele>
   </trkpt>
   <trkpt lat="45.0793900" lon="7.6332550">
    <ele>270.5</ele>
   </trkpt>
   <trkpt lat="45.0793960" lon="7.6333320">
    <ele>270.5</ele>
   </trkpt>
   <trkpt lat="45.0794090" lon="7.6334080">
    <ele>270.5</ele>
   </trkpt>
   <trkpt lat="45.0794230" lon="7.6334820">
    <ele>270.5</ele>
   </trkpt>
   <trkpt lat="45.0794390" lon="7.6335540">
    <ele>270.5</ele>
   </trkpt>
   <trkpt lat="45.0794430" lon="7.6336250">
    <ele>270.5</ele>
   </trkpt>
   <trkpt lat="45.0794430" lon="7.6336900">
    <ele>270.5</ele>
   </trkpt>
   <trkpt lat="45.0794480" lon="7.6337420">
    <ele>270.5</ele>
   </trkpt>
   <trkpt lat="45.0794500" lon="7.6337810">
    <ele>270.5</ele>
   </trkpt>
   <trkpt lat="45.0794430" lon="7.6338220">
    <ele>270.4</ele>
   </trkpt>
   <trkpt lat="45.0794410" lon="7.6338330">
    <ele>270.4</ele>
   </trkpt>
   <trkpt lat="45.0794440" lon="7.6338410">
    <ele>270.4</ele>
   </trkpt>
   <trkpt lat="45.0794430" lon="7.6338440">
    <ele>270.4</ele>
   </trkpt>
   <trkpt lat="45.0794400" lon="7.6338540">
    <ele>270.4</ele>
   </trkpt>
   <trkpt lat="45.0794270" lon="7.6338620">
    <ele>270.4</ele>
   </trkpt>
   <trkpt lat="45.0794250" lon="7.6338620">
    <ele>270.4</ele>
   </trkpt>
   <trkpt lat="45.0794240" lon="7.6338620">
    <ele>270.4</ele>
   </trkpt>
   <trkpt lat="45.0794170" lon="7.6338500">
    <ele>270.4</ele>
   </trkpt>
   <trkpt lat="45.0794140" lon="7.6338550">
    <ele>270.4</ele>
   </trkpt>
   <trkpt lat="45.0794130" lon="7.6338630">
    <ele>270.4</ele>
   </trkpt>
   <trkpt lat="45.0794130" lon="7.6338720">
    <ele>270.4</ele>
   </trkpt>
   <trkpt lat="45.0794120" lon="7.6338810">
    <ele>270.4</ele>
   </trkpt>
   <trkpt lat="45.0794110" lon="7.6338890">
    <ele>270.4</ele>
   </trkpt>
   <trkpt lat="45.0794100" lon="7.6338980">
    <ele>270.4</ele>
   </trkpt>
   <trkpt lat="45.0794100" lon="7.6339070">
    <ele>270.4</ele>
   </trkpt>
   <trkpt lat="45.0794090" lon="7.6339150">
    <ele>270.4</ele>
   </trkpt>
   <trkpt lat="45.0794080" lon="7.6339240">
    <ele>270.4</ele>
   </trkpt>
   <trkpt lat="45.0794070" lon="7.6339320">
    <ele>270.4</ele>
   </trkpt>
   <trkpt lat="45.0794060" lon="7.6339410">
    <ele>270.4</ele>
   </trkpt>
   <trkpt lat="45.0794060" lon="7.6339500">
    <ele>270.4</ele>
   </trkpt>
   <trkpt lat="45.0794050" lon="7.6339580">
    <ele>270.4</ele>
   </trkpt>
   <trkpt lat="45.0794040" lon="7.6339670">
    <ele>270.4</ele>
   </trkpt>
   <trkpt lat="45.0794120" lon="7.6340110">
    <ele>270.3</ele>
   </trkpt>
   <trkpt lat="45.0794150" lon="7.6340600">
    <ele>270.3</ele>
   </trkpt>
   <trkpt lat="45.0794080" lon="7.6341210">
    <ele>270.2</ele>
   </trkpt>
   <trkpt lat="45.0794030" lon="7.6341920">
    <ele>270.1</ele>
   </trkpt>
   <trkpt lat="45.0794030" lon="7.6342710">
    <ele>270.1</ele>
   </trkpt>
   <trkpt lat="45.0794140" lon="7.6343460">
    <ele>270.0</ele>
   </trkpt>
   <trkpt lat="45.0794200" lon="7.6344140">
    <ele>269.9</ele>
   </trkpt>
   <trkpt lat="45.0794180" lon="7.6344860">
    <ele>269.9</ele>
   </trkpt>
   <trkpt lat="45.0794190" lon="7.6345650">
    <ele>269.8</ele>
   </trkpt>
   <trkpt lat="45.0794230" lon="7.6346430">
    <ele>269.7</ele>
   </trkpt>
   <trkpt lat="45.0794220" lon="7.6347230">
    <ele>269.7</ele>
   </trkpt>
   <trkpt lat="45.0794210" lon="7.6347990">
    <ele>269.6</ele>
   </trkpt>
   <trkpt lat="45.0794160" lon="7.6348740">
    <ele>269.6</ele>
   </trkpt>
   <trkpt lat="45.0794110" lon="7.6349500">
    <ele>269.5</ele>
   </trkpt>
   <trkpt lat="45.0794090" lon="7.6350090">
    <ele>269.5</ele>
   </trkpt>
   <trkpt lat="45.0794060" lon="7.6350480">
    <ele>269.5</ele>
   </trkpt>
   <trkpt lat="45.0793960" lon="7.6351050">
    <ele>269.4</ele>
   </trkpt>
   <trkpt lat="45.0793850" lon="7.6351910">
    <ele>269.4</ele>
   </trkpt>
   <trkpt lat="45.0793710" lon="7.6352910">
    <ele>269.3</ele>
   </trkpt>
   <trkpt lat="45.0793660" lon="7.6353720">
    <ele>269.3</ele>
   </trkpt>
   <trkpt lat="45.0793670" lon="7.6354550">
    <ele>269.3</ele>
   </trkpt>
   <trkpt lat="45.0793640" lon="7.6355410">
    <ele>269.2</ele>
   </trkpt>
   <trkpt lat="45.0793530" lon="7.6356200">
    <ele>269.2</ele>
   </trkpt>
   <trkpt lat="45.0793450" lon="7.6357080">
    <ele>269.1</ele>
   </trkpt>
   <trkpt lat="45.0793440" lon="7.6357850">
    <ele>269.0</ele>
   </trkpt>
   <trkpt lat="45.0793450" lon="7.6358660">
    <ele>269.0</ele>
   </trkpt>
   <trkpt lat="45.0793430" lon="7.6359460">
    <ele>268.9</ele>
   </trkpt>
   <trkpt lat="45.0793390" lon="7.6360200">
    <ele>268.9</ele>
   </trkpt>
   <trkpt lat="45.0793290" lon="7.6360910">
    <ele>268.8</ele>
   </trkpt>
   <trkpt lat="45.0793240" lon="7.6361730">
    <ele>268.8</ele>
   </trkpt>
   <trkpt lat="45.0793150" lon="7.6362560">
    <ele>268.7</ele>
   </trkpt>
   <trkpt lat="45.0793100" lon="7.6363420">
    <ele>268.7</ele>
   </trkpt>
   <trkpt lat="45.0793150" lon="7.6364270">
    <ele>268.6</ele>
   </trkpt>
   <trkpt lat="45.0793210" lon="7.6365800">
    <ele>268.6</ele>
   </trkpt>
   <trkpt lat="45.0793210" lon="7.6366540">
    <ele>268.6</ele>
   </trkpt>
   <trkpt lat="45.0793180" lon="7.6367300">
    <ele>268.5</ele>
   </trkpt>
   <trkpt lat="45.0793180" lon="7.6368080">
    <ele>268.5</ele>
   </trkpt>
   <trkpt lat="45.0793180" lon="7.6368970">
    <ele>268.4</ele>
   </trkpt>
   <trkpt lat="45.0793180" lon="7.6369700">
    <ele>268.4</ele>
   </trkpt>
   <trkpt lat="45.0793120" lon="7.6370440">
    <ele>268.4</ele>
   </trkpt>
   <trkpt lat="45.0793020" lon="7.6371210">
    <ele>268.4</ele>
   </trkpt>
   <trkpt lat="45.0793000" lon="7.6371950">
    <ele>268.3</ele>
   </trkpt>
   <trkpt lat="45.0792940" lon="7.6372700">
    <ele>268.3</ele>
   </trkpt>
   <trkpt lat="45.0792930" lon="7.6373340">
    <ele>268.2</ele>
   </trkpt>
   <trkpt lat="45.0792960" lon="7.6373830">
    <ele>268.2</ele>
   </trkpt>
   <trkpt lat="45.0793000" lon="7.6374070">
    <ele>268.2</ele>
   </trkpt>
   <trkpt lat="45.0793030" lon="7.6374220">
    <ele>268.2</ele>
   </trkpt>
   <trkpt lat="45.0793120" lon="7.6374360">
    <ele>268.2</ele>
   </trkpt>
   <trkpt lat="45.0793010" lon="7.6374420">
    <ele>268.1</ele>
   </trkpt>
   <trkpt lat="45.0792920" lon="7.6374530">
    <ele>268.1</ele>
   </trkpt>
   <trkpt lat="45.0792950" lon="7.6374650">
    <ele>268.1</ele>
   </trkpt>
   <trkpt lat="45.0793140" lon="7.6374790">
    <ele>268.1</ele>
   </trkpt>
   <trkpt lat="45.0793220" lon="7.6374830">
    <ele>268.1</ele>
   </trkpt>
   <trkpt lat="45.0793200" lon="7.6374850">
    <ele>268.1</ele>
   </trkpt>
   <trkpt lat="45.0793200" lon="7.6374910">
    <ele>268.1</ele>
   </trkpt>
   <trkpt lat="45.0793210" lon="7.6374980">
    <ele>268.1</ele>
   </trkpt>
   <trkpt lat="45.0793210" lon="7.6375050">
    <ele>268.1</ele>
   </trkpt>
   <trkpt lat="45.0793220" lon="7.6375120">
    <ele>268.1</ele>
   </trkpt>
   <trkpt lat="45.0793230" lon="7.6375180">
    <ele>268.0</ele>
   </trkpt>
   <trkpt lat="45.0793230" lon="7.6375250">
    <ele>268.0</ele>
   </trkpt>
   <trkpt lat="45.0793240" lon="7.6375320">
    <ele>268.0</ele>
   </trkpt>
   <trkpt lat="45.0793240" lon="7.6375380">
    <ele>268.0</ele>
   </trkpt>
   <trkpt lat="45.0793250" lon="7.6375450">
    <ele>268.0</ele>
   </trkpt>
   <trkpt lat="45.0793250" lon="7.6375520">
    <ele>268.0</ele>
   </trkpt>
   <trkpt lat="45.0793260" lon="7.6375580">
    <ele>268.0</ele>
   </trkpt>
   <trkpt lat="45.0793270" lon="7.6375650">
    <ele>268.0</ele>
   </trkpt>
   <trkpt lat="45.0793270" lon="7.6375720">
    <ele>268.0</ele>
   </trkpt>
   <trkpt lat="45.0793280" lon="7.6375790">
    <ele>268.0</ele>
   </trkpt>
   <trkpt lat="45.0793280" lon="7.6375850">
    <ele>268.0</ele>
   </trkpt>
   <trkpt lat="45.0793290" lon="7.6375920">
    <ele>268.0</ele>
   </trkpt>
   <trkpt lat="45.0793290" lon="7.6376480">
    <ele>268.0</ele>
   </trkpt>
   <trkpt lat="45.0793230" lon="7.6377110">
    <ele>267.9</ele>
   </trkpt>
   <trkpt lat="45.0793160" lon="7.6377810">
    <ele>267.9</ele>
   </trkpt>
   <trkpt lat="45.0793220" lon="7.6378440">
    <ele>267.8</ele>
   </trkpt>
   <trkpt lat="45.0793270" lon="7.6378820">
    <ele>267.8</ele>
   </trkpt>
   <trkpt lat="45.0793260" lon="7.6379370">
    <ele>267.8</ele>
   </trkpt>
   <trkpt lat="45.0793230" lon="7.6379550">
    <ele>267.7</ele>
   </trkpt>
   <trkpt lat="45.0793020" lon="7.6379860">
    <ele>267.7</ele>
   </trkpt>
   <trkpt lat="45.0792930" lon="7.6379940">
    <ele>267.7</ele>
   </trkpt>
   <trkpt lat="45.0792630" lon="7.6380050">
    <ele>267.6</ele>
   </trkpt>
   <trkpt lat="45.0792540" lon="7.6380050">
    <ele>267.6</ele>
   </trkpt>
   <trkpt lat="45.0792420" lon="7.6380120">
    <ele>267.6</ele>
   </trkpt>
   <trkpt lat="45.0792250" lon="7.6380200">
    <ele>267.6</ele>
   </trkpt>
   <trkpt lat="45.0791920" lon="7.6380350">
    <ele>267.5</ele>
   </trkpt>
   <trkpt lat="45.0791780" lon="7.6380360">
    <ele>267.4</ele>
   </trkpt>
   <trkpt lat="45.0791350" lon="7.6380310">
    <ele>267.3</ele>
   </trkpt>
   <trkpt lat="45.0791070" lon="7.6380230">
    <ele>267.3</ele>
   </trkpt>
   <trkpt lat="45.0790710" lon="7.6380070">
    <ele>267.3</ele>
   </trkpt>
   <trkpt lat="45.0790350" lon="7.6379920">
    <ele>267.2</ele>
   </trkpt>
   <trkpt lat="45.0789970" lon="7.6379750">
    <ele>267.2</ele>
   </trkpt>
   <trkpt lat="45.0789630" lon="7.6379630">
    <ele>267.2</ele>
   </trkpt>
   <trkpt lat="45.0789320" lon="7.6379580">
    <ele>267.1</ele>
   </trkpt>
   <trkpt lat="45.0788880" lon="7.6379520">
    <ele>267.1</ele>
   </trkpt>
   <trkpt lat="45.0788450" lon="7.6379530">
    <ele>267.1</ele>
   </trkpt>
   <trkpt lat="45.0787930" lon="7.6379340">
    <ele>267.1</ele>
   </trkpt>
   <trkpt lat="45.0787630" lon="7.6379390">
    <ele>267.1</ele>
   </trkpt>
   <trkpt lat="45.0787300" lon="7.6379360">
    <ele>267.1</ele>
   </trkpt>
   <trkpt lat="45.0786830" lon="7.6379180">
    <ele>267.1</ele>
   </trkpt>
   <trkpt lat="45.0786340" lon="7.6379000">
    <ele>267.2</ele>
   </trkpt>
   <trkpt lat="45.0785920" lon="7.6378960">
    <ele>267.2</ele>
   </trkpt>
   <trkpt lat="45.0785590" lon="7.6379030">
    <ele>267.2</ele>
   </trkpt>
   <trkpt lat="45.0785170" lon="7.6379070">
    <ele>267.2</ele>
   </trkpt>
   <trkpt lat="45.0784780" lon="7.6379210">
    <ele>267.2</ele>
   </trkpt>
   <trkpt lat="45.0784370" lon="7.6379430">
    <ele>267.2</ele>
   </trkpt>
   <trkpt lat="45.0784050" lon="7.6379520">
    <ele>267.3</ele>
   </trkpt>
   <trkpt lat="45.0783730" lon="7.6379620">
    <ele>267.3</ele>
   </trkpt>
   <trkpt lat="45.0783380" lon="7.6379660">
    <ele>267.3</ele>
   </trkpt>
   <trkpt lat="45.0782940" lon="7.6379710">
    <ele>267.3</ele>
   </trkpt>
   <trkpt lat="45.0782530" lon="7.6379770">
    <ele>267.3</ele>
   </trkpt>
   <trkpt lat="45.0782090" lon="7.6379760">
    <ele>267.3</ele>
   </trkpt>
   <trkpt lat="45.0781670" lon="7.6379690">
    <ele>267.3</ele>
   </trkpt>
   <trkpt lat="45.0781290" lon="7.6379730">
    <ele>267.3</ele>
   </trkpt>
   <trkpt lat="45.0780970" lon="7.6379710">
    <ele>267.3</ele>
   </trkpt>
   <trkpt lat="45.0780600" lon="7.6379750">
    <ele>267.3</ele>
   </trkpt>
   <trkpt lat="45.0780230" lon="7.6379750">
    <ele>267.3</ele>
   </trkpt>
   <trkpt lat="45.0779870" lon="7.6379690">
    <ele>267.4</ele>
   </trkpt>
   <trkpt lat="45.0779540" lon="7.6379520">
    <ele>267.4</ele>
   </trkpt>
   <trkpt lat="45.0779260" lon="7.6379360">
    <ele>267.4</ele>
   </trkpt>
   <trkpt lat="45.0778940" lon="7.6379250">
    <ele>267.4</ele>
   </trkpt>
   <trkpt lat="45.0778580" lon="7.6379190">
    <ele>267.5</ele>
   </trkpt>
   <trkpt lat="45.0778240" lon="7.6379030">
    <ele>267.5</ele>
   </trkpt>
   <trkpt lat="45.0777860" lon="7.6378860">
    <ele>267.5</ele>
   </trkpt>
   <trkpt lat="45.0777480" lon="7.6378670">
    <ele>267.5</ele>
   </trkpt>
   <trkpt lat="45.0777060" lon="7.6378630">
    <ele>267.5</ele>
   </trkpt>
   <trkpt lat="45.0776610" lon="7.6378850">
    <ele>267.5</ele>
   </trkpt>
   <trkpt lat="45.0776080" lon="7.6378950">
    <ele>267.5</ele>
   </trkpt>
   <trkpt lat="45.0775600" lon="7.6379060">
    <ele>267.4</ele>
   </trkpt>
   <trkpt lat="45.0775190" lon="7.6379160">
    <ele>267.4</ele>
   </trkpt>
   <trkpt lat="45.0774770" lon="7.6379370">
    <ele>267.3</ele>
   </trkpt>
   <trkpt lat="45.0774470" lon="7.6379670">
    <ele>267.2</ele>
   </trkpt>
   <trkpt lat="45.0774190" lon="7.6380020">
    <ele>267.2</ele>
   </trkpt>
   <trkpt lat="45.0773930" lon="7.6380440">
    <ele>267.1</ele>
   </trkpt>
   <trkpt lat="45.0773640" lon="7.6381000">
    <ele>267.0</ele>
   </trkpt>
   <trkpt lat="45.0773330" lon="7.6381450">
    <ele>266.9</ele>
   </trkpt>
   <trkpt lat="45.0772950" lon="7.6381680">
    <ele>266.9</ele>
   </trkpt>
   <trkpt lat="45.0772500" lon="7.6381660">
    <ele>267.0</ele>
   </trkpt>
   <trkpt lat="45.0771940" lon="7.6381540">
    <ele>267.0</ele>
   </trkpt>
   <trkpt lat="45.0771420" lon="7.6381420">
    <ele>267.0</ele>
   </trkpt>
   <trkpt lat="45.0771050" lon="7.6381320">
    <ele>267.0</ele>
   </trkpt>
   <trkpt lat="45.0770640" lon="7.6381280">
    <ele>267.0</ele>
   </trkpt>
   <trkpt lat="45.0770270" lon="7.6381180">
    <ele>267.0</ele>
   </trkpt>
   <trkpt lat="45.0769870" lon="7.6381030">
    <ele>267.0</ele>
   </trkpt>
   <trkpt lat="45.0769520" lon="7.6380940">
    <ele>267.0</ele>
   </trkpt>
   <trkpt lat="45.0769160" lon="7.6380990">
    <ele>267.1</ele>
   </trkpt>
   <trkpt lat="45.0768800" lon="7.6381310">
    <ele>267.1</ele>
   </trkpt>
   <trkpt lat="45.0768560" lon="7.6381620">
    <ele>267.1</ele>
   </trkpt>
   <trkpt lat="45.0768400" lon="7.6381880">
    <ele>267.0</ele>
   </trkpt>
   <trkpt lat="45.0768390" lon="7.6381910">
    <ele>267.0</ele>
   </trkpt>
   <trkpt lat="45.0768390" lon="7.6381940">
    <ele>267.0</ele>
   </trkpt>
   <trkpt lat="45.0768380" lon="7.6381970">
    <ele>267.0</ele>
   </trkpt>
   <trkpt lat="45.0768370" lon="7.6382000">
    <ele>267.0</ele>
   </trkpt>
   <trkpt lat="45.0768360" lon="7.6382020">
    <ele>267.0</ele>
   </trkpt>
   <trkpt lat="45.0768350" lon="7.6382050">
    <ele>267.0</ele>
   </trkpt>
   <trkpt lat="45.0768350" lon="7.6382080">
    <ele>267.0</ele>
   </trkpt>
   <trkpt lat="45.0768340" lon="7.6382110">
    <ele>267.0</ele>
   </trkpt>
   <trkpt lat="45.0768330" lon="7.6382140">
    <ele>267.0</ele>
   </trkpt>
   <trkpt lat="45.0768320" lon="7.6382170">
    <ele>267.0</ele>
   </trkpt>
   <trkpt lat="45.0768310" lon="7.6382200">
    <ele>267.0</ele>
   </trkpt>
   <trkpt lat="45.0768300" lon="7.6382230">
    <ele>267.0</ele>
   </trkpt>
   <trkpt lat="45.0768300" lon="7.6382260">
    <ele>267.0</ele>
   </trkpt>
   <trkpt lat="45.0768290" lon="7.6382290">
    <ele>267.0</ele>
   </trkpt>
   <trkpt lat="45.0768280" lon="7.6382310">
    <ele>267.0</ele>
   </trkpt>
   <trkpt lat="45.0768270" lon="7.6382340">
    <ele>267.0</ele>
   </trkpt>
   <trkpt lat="45.0768260" lon="7.6382370">
    <ele>267.0</ele>
   </trkpt>
   <trkpt lat="45.0768260" lon="7.6382400">
    <ele>267.0</ele>
   </trkpt>
   <trkpt lat="45.0768250" lon="7.6382430">
    <ele>267.0</ele>
   </trkpt>
   <trkpt lat="45.0768240" lon="7.6382460">
    <ele>267.0</ele>
   </trkpt>
   <trkpt lat="45.0768330" lon="7.6382640">
    <ele>267.0</ele>
   </trkpt>
   <trkpt lat="45.0768420" lon="7.6382760">
    <ele>266.9</ele>
   </trkpt>
   <trkpt lat="45.0768590" lon="7.6382620">
    <ele>267.0</ele>
   </trkpt>
   <trkpt lat="45.0768700" lon="7.6382520">
    <ele>267.0</ele>
   </trkpt>
   <trkpt lat="45.0768800" lon="7.6382410">
    <ele>267.0</ele>
   </trkpt>
   <trkpt lat="45.0768920" lon="7.6382220">
    <ele>267.0</ele>
   </trkpt>
   <trkpt lat="45.0769010" lon="7.6382010">
    <ele>267.1</ele>
   </trkpt>
   <trkpt lat="45.0769180" lon="7.6381580">
    <ele>267.1</ele>
   </trkpt>
   <trkpt lat="45.0769250" lon="7.6381460">
    <ele>267.1</ele>
   </trkpt>
   <trkpt lat="45.0769430" lon="7.6381170">
    <ele>267.0</ele>
   </trkpt>
   <trkpt lat="45.0769710" lon="7.6381030">
    <ele>267.0</ele>
   </trkpt>
   <trkpt lat="45.0770010" lon="7.6380950">
    <ele>267.0</ele>
   </trkpt>
   <trkpt lat="45.0770280" lon="7.6381050">
    <ele>267.0</ele>
   </trkpt>
   <trkpt lat="45.0770610" lon="7.6381220">
    <ele>267.0</ele>
   </trkpt>
   <trkpt lat="45.0770890" lon="7.6381360">
    <ele>267.0</ele>
   </trkpt>
   <trkpt lat="45.0771150" lon="7.6381500">
    <ele>267.0</ele>
   </trkpt>
   <trkpt lat="45.0771500" lon="7.6381480">
    <ele>267.0</ele>
   </trkpt>
   <trkpt lat="45.0771610" lon="7.6381420">
    <ele>267.0</ele>
   </trkpt>
   <trkpt lat="45.0771700" lon="7.6380950">
    <ele>267.0</ele>
   </trkpt>
   <trkpt lat="45.0771680" lon="7.6380820">
    <ele>267.0</ele>
   </trkpt>
   <trkpt lat="45.0771570" lon="7.6380620">
    <ele>267.1</ele>
   </trkpt>
   <trkpt lat="45.0771410" lon="7.6380500">
    <ele>267.1</ele>
   </trkpt>
   <trkpt lat="45.0771230" lon="7.6380410">
    <ele>267.1</ele>
   </trkpt>
   <trkpt lat="45.0771110" lon="7.6380300">
    <ele>267.2</ele>
   </trkpt>
   <trkpt lat="45.0771030" lon="7.6379900">
    <ele>267.2</ele>
   </trkpt>
   <trkpt lat="45.0771020" lon="7.6379760">
    <ele>267.2</ele>
   </trkpt>
   <trkpt lat="45.0771070" lon="7.6379640">
    <ele>267.3</ele>
   </trkpt>
   <trkpt lat="45.0771140" lon="7.6379750">
    <ele>267.3</ele>
   </trkpt>
   <trkpt lat="45.0771150" lon="7.6379790">
    <ele>267.3</ele>
   </trkpt>
   <trkpt lat="45.0771150" lon="7.6379800">
    <ele>267.3</ele>
   </trkpt>
   <trkpt lat="45.0771150" lon="7.6379810">
    <ele>267.3</ele>
   </trkpt>
   <trkpt lat="45.0771150" lon="7.6379810">
    <ele>267.3</ele>
   </trkpt>
   <trkpt lat="45.0771150" lon="7.6379810">
    <ele>267.3</ele>
   </trkpt>
   <trkpt lat="45.0771150" lon="7.6379810">
    <ele>267.3</ele>
   </trkpt>
   <trkpt lat="45.0771090" lon="7.6379770">
    <ele>267.3</ele>
   </trkpt>
   <trkpt lat="45.0771110" lon="7.6379750">
    <ele>267.3</ele>
   </trkpt>
   <trkpt lat="45.0771080" lon="7.6379670">
    <ele>267.3</ele>
   </trkpt>
   <trkpt lat="45.0771020" lon="7.6379580">
    <ele>267.3</ele>
   </trkpt>
   <trkpt lat="45.0771050" lon="7.6379520">
    <ele>267.4</ele>
   </trkpt>
   <trkpt lat="45.0771080" lon="7.6379590">
    <ele>267.4</ele>
   </trkpt>
   <trkpt lat="45.0771080" lon="7.6379580">
    <ele>267.4</ele>
   </trkpt>
   <trkpt lat="45.0771080" lon="7.6379590">
    <ele>267.4</ele>
   </trkpt>
   <trkpt lat="45.0771070" lon="7.6379600">
    <ele>267.4</ele>
   </trkpt>
   <trkpt lat="45.0771070" lon="7.6379600">
    <ele>267.4</ele>
   </trkpt>
   <trkpt lat="45.0771070" lon="7.6379600">
    <ele>267.4</ele>
   </trkpt>
   <trkpt lat="45.0771070" lon="7.6379600">
    <ele>267.4</ele>
   </trkpt>
   <trkpt lat="45.0771070" lon="7.6379600">
    <ele>267.4</ele>
   </trkpt>
   <trkpt lat="45.0771070" lon="7.6379600">
    <ele>267.4</ele>
   </trkpt>
   <trkpt lat="45.0771070" lon="7.6379600">
    <ele>267.4</ele>
   </trkpt>
   <trkpt lat="45.0771070" lon="7.6379600">
    <ele>267.4</ele>
   </trkpt>
   <trkpt lat="45.0771070" lon="7.6379600">
    <ele>267.4</ele>
   </trkpt>
   <trkpt lat="45.0771070" lon="7.6379600">
    <ele>267.4</ele>
   </trkpt>
   <trkpt lat="45.0771130" lon="7.6379320">
    <ele>267.4</ele>
   </trkpt>
   <trkpt lat="45.0771150" lon="7.6379240">
    <ele>267.4</ele>
   </trkpt>
   <trkpt lat="45.0771150" lon="7.6379340">
    <ele>267.4</ele>
   </trkpt>
   <trkpt lat="45.0771150" lon="7.6379370">
    <ele>267.4</ele>
   </trkpt>
   <trkpt lat="45.0771150" lon="7.6379380">
    <ele>267.4</ele>
   </trkpt>
   <trkpt lat="45.0771150" lon="7.6379220">
    <ele>267.5</ele>
   </trkpt>
   <trkpt lat="45.0771170" lon="7.6379110">
    <ele>267.5</ele>
   </trkpt>
   <trkpt lat="45.0771210" lon="7.6379080">
    <ele>267.5</ele>
   </trkpt>
   <trkpt lat="45.0771180" lon="7.6378840">
    <ele>267.5</ele>
   </trkpt>
   <trkpt lat="45.0771240" lon="7.6378340">
    <ele>267.5</ele>
   </trkpt>
   <trkpt lat="45.0771230" lon="7.6378160">
    <ele>267.5</ele>
   </trkpt>
   <trkpt lat="45.0771190" lon="7.6377710">
    <ele>267.5</ele>
   </trkpt>
   <trkpt lat="45.0771190" lon="7.6377530">
    <ele>267.5</ele>
   </trkpt>
   <trkpt lat="45.0771210" lon="7.6377110">
    <ele>267.5</ele>
   </trkpt>
   <trkpt lat="45.0771180" lon="7.6376620">
    <ele>267.5</ele>
   </trkpt>
   <trkpt lat="45.0771110" lon="7.6376090">
    <ele>267.5</ele>
   </trkpt>
   <trkpt lat="45.0771050" lon="7.6375610">
    <ele>267.5</ele>
   </trkpt>
   <trkpt lat="45.0771050" lon="7.6375110">
    <ele>267.5</ele>
   </trkpt>
   <trkpt lat="45.0771060" lon="7.6374670">
    <ele>267.5</ele>
   </trkpt>
   <trkpt lat="45.0771080" lon="7.6374220">
    <ele>267.5</ele>
   </trkpt>
   <trkpt lat="45.0771090" lon="7.6373690">
    <ele>267.6</ele>
   </trkpt>
   <trkpt lat="45.0771050" lon="7.6373160">
    <ele>267.6</ele>
   </trkpt>
   <trkpt lat="45.0771040" lon="7.6372600">
    <ele>267.6</ele>
   </trkpt>
   <trkpt lat="45.0770980" lon="7.6372000">
    <ele>267.6</ele>
   </trkpt>
   <trkpt lat="45.0770900" lon="7.6371530">
    <ele>267.6</ele>
   </trkpt>
   <trkpt lat="45.0770730" lon="7.6371210">
    <ele>267.6</ele>
   </trkpt>
   <trkpt lat="45.0770370" lon="7.6371050">
    <ele>267.6</ele>
   </trkpt>
   <trkpt lat="45.0770230" lon="7.6371050">
    <ele>267.6</ele>
   </trkpt>
   <trkpt lat="45.0769950" lon="7.6371090">
    <ele>267.6</ele>
   </trkpt>
   <trkpt lat="45.0769650" lon="7.6370860">
    <ele>267.6</ele>
   </trkpt>
   <trkpt lat="45.0769550" lon="7.6370780">
    <ele>267.7</ele>
   </trkpt>
   <trkpt lat="45.0769270" lon="7.6370670">
    <ele>267.7</ele>
   </trkpt>
   <trkpt lat="45.0768920" lon="7.6370590">
    <ele>267.7</ele>
   </trkpt>
   <trkpt lat="45.0768570" lon="7.6370500">
    <ele>267.7</ele>
   </trkpt>
   <trkpt lat="45.0768260" lon="7.6370490">
    <ele>267.7</ele>
   </trkpt>
   <trkpt lat="45.0767980" lon="7.6370550">
    <ele>267.6</ele>
   </trkpt>
   <trkpt lat="45.0767550" lon="7.6370580">
    <ele>267.6</ele>
   </trkpt>
   <trkpt lat="45.0767210" lon="7.6370500">
    <ele>267.6</ele>
   </trkpt>
   <trkpt lat="45.0766720" lon="7.6370470">
    <ele>267.6</ele>
   </trkpt>
   <trkpt lat="45.0766350" lon="7.6370480">
    <ele>267.6</ele>
   </trkpt>
   <trkpt lat="45.0766040" lon="7.6370470">
    <ele>267.6</ele>
   </trkpt>
   <trkpt lat="45.0765740" lon="7.6370470">
    <ele>267.6</ele>
   </trkpt>
   <trkpt lat="45.0765410" lon="7.6370550">
    <ele>267.6</ele>
   </trkpt>
   <trkpt lat="45.0765010" lon="7.6370820">
    <ele>267.6</ele>
   </trkpt>
   <trkpt lat="45.0764690" lon="7.6371150">
    <ele>267.6</ele>
   </trkpt>
   <trkpt lat="45.0764430" lon="7.6371520">
    <ele>267.6</ele>
   </trkpt>
   <trkpt lat="45.0764100" lon="7.6371760">
    <ele>267.6</ele>
   </trkpt>
   <trkpt lat="45.0763760" lon="7.6371790">
    <ele>267.6</ele>
   </trkpt>
   <trkpt lat="45.0763450" lon="7.6371740">
    <ele>267.6</ele>
   </trkpt>
   <trkpt lat="45.0763120" lon="7.6371610">
    <ele>267.6</ele>
   </trkpt>
   <trkpt lat="45.0762820" lon="7.6371490">
    <ele>267.5</ele>
   </trkpt>
   <trkpt lat="45.0762460" lon="7.6371550">
    <ele>267.5</ele>
   </trkpt>
   <trkpt lat="45.0762060" lon="7.6371760">
    <ele>267.5</ele>
   </trkpt>
   <trkpt lat="45.0761670" lon="7.6372230">
    <ele>267.5</ele>
   </trkpt>
   <trkpt lat="45.0761570" lon="7.6372760">
    <ele>267.5</ele>
   </trkpt>
   <trkpt lat="45.0761510" lon="7.6373350">
    <ele>267.5</ele>
   </trkpt>
   <trkpt lat="45.0761470" lon="7.6373910">
    <ele>267.5</ele>
   </trkpt>
   <trkpt lat="45.0761480" lon="7.6374470">
    <ele>267.5</ele>
   </trkpt>
   <trkpt lat="45.0761550" lon="7.6374960">
    <ele>267.5</ele>
   </trkpt>
   <trkpt lat="45.0761590" lon="7.6375350">
    <ele>267.5</ele>
   </trkpt>
   <trkpt lat="45.0761350" lon="7.6375710">
    <ele>267.5</ele>
   </trkpt>
   <trkpt lat="45.0761220" lon="7.6375810">
    <ele>267.5</ele>
   </trkpt>
   <trkpt lat="45.0760850" lon="7.6375790">
    <ele>267.5</ele>
   </trkpt>
   <trkpt lat="45.0760400" lon="7.6375710">
    <ele>267.6</ele>
   </trkpt>
   <trkpt lat="45.0760020" lon="7.6375650">
    <ele>267.6</ele>
   </trkpt>
   <trkpt lat="45.0759580" lon="7.6375650">
    <ele>267.7</ele>
   </trkpt>
   <trkpt lat="45.0758980" lon="7.6375680">
    <ele>267.7</ele>
   </trkpt>
   <trkpt lat="45.0758520" lon="7.6375560">
    <ele>267.8</ele>
   </trkpt>
   <trkpt lat="45.0758020" lon="7.6375410">
    <ele>267.8</ele>
   </trkpt>
   <trkpt lat="45.0757560" lon="7.6375230">
    <ele>267.8</ele>
   </trkpt>
   <trkpt lat="45.0757200" lon="7.6375130">
    <ele>267.8</ele>
   </trkpt>
   <trkpt lat="45.0756810" lon="7.6375080">
    <ele>267.8</ele>
   </trkpt>
   <trkpt lat="45.0756420" lon="7.6375010">
    <ele>267.8</ele>
   </trkpt>
   <trkpt lat="45.0756050" lon="7.6374920">
    <ele>267.8</ele>
   </trkpt>
   <trkpt lat="45.0755660" lon="7.6374940">
    <ele>267.9</ele>
   </trkpt>
   <trkpt lat="45.0755270" lon="7.6374900">
    <ele>267.9</ele>
   </trkpt>
   <trkpt lat="45.0754990" lon="7.6374850">
    <ele>267.9</ele>
   </trkpt>
   <trkpt lat="45.0754860" lon="7.6374830">
    <ele>267.9</ele>
   </trkpt>
   <trkpt lat="45.0754830" lon="7.6374880">
    <ele>267.9</ele>
   </trkpt>
   <trkpt lat="45.0754770" lon="7.6374920">
    <ele>267.9</ele>
   </trkpt>
   <trkpt lat="45.0754770" lon="7.6374930">
    <ele>267.9</ele>
   </trkpt>
   <trkpt lat="45.0754710" lon="7.6374850">
    <ele>267.9</ele>
   </trkpt>
   <trkpt lat="45.0754700" lon="7.6374860">
    <ele>267.9</ele>
   </trkpt>
   <trkpt lat="45.0754700" lon="7.6374850">
    <ele>267.9</ele>
   </trkpt>
   <trkpt lat="45.0754700" lon="7.6374850">
    <ele>267.9</ele>
   </trkpt>
   <trkpt lat="45.0754800" lon="7.6374780">
    <ele>267.9</ele>
   </trkpt>
   <trkpt lat="45.0754790" lon="7.6374800">
    <ele>268.0</ele>
   </trkpt>
   <trkpt lat="45.0754790" lon="7.6374820">
    <ele>268.0</ele>
   </trkpt>
   <trkpt lat="45.0754780" lon="7.6374860">
    <ele>268.0</ele>
   </trkpt>
   <trkpt lat="45.0754780" lon="7.6374860">
    <ele>268.0</ele>
   </trkpt>
   <trkpt lat="45.0754780" lon="7.6374860">
    <ele>268.0</ele>
   </trkpt>
   <trkpt lat="45.0754690" lon="7.6375310">
    <ele>268.0</ele>
   </trkpt>
   <trkpt lat="45.0754690" lon="7.6375730">
    <ele>267.9</ele>
   </trkpt>
   <trkpt lat="45.0754700" lon="7.6376280">
    <ele>267.9</ele>
   </trkpt>
   <trkpt lat="45.0754730" lon="7.6376880">
    <ele>267.8</ele>
   </trkpt>
   <trkpt lat="45.0754770" lon="7.6377490">
    <ele>267.8</ele>
   </trkpt>
   <trkpt lat="45.0754790" lon="7.6377970">
    <ele>267.8</ele>
   </trkpt>
   <trkpt lat="45.0754830" lon="7.6378450">
    <ele>267.7</ele>
   </trkpt>
   <trkpt lat="45.0754910" lon="7.6379140">
    <ele>267.7</ele>
   </trkpt>
   <trkpt lat="45.0755000" lon="7.6379600">
    <ele>267.6</ele>
   </trkpt>
   <trkpt lat="45.0755080" lon="7.6380040">
    <ele>267.6</ele>
   </trkpt>
   <trkpt lat="45.0755190" lon="7.6380470">
    <ele>267.6</ele>
   </trkpt>
   <trkpt lat="45.0755240" lon="7.6381050">
    <ele>267.5</ele>
   </trkpt>
   <trkpt lat="45.0755230" lon="7.6381280">
    <ele>267.5</ele>
   </trkpt>
   <trkpt lat="45.0755250" lon="7.6381850">
    <ele>267.5</ele>
   </trkpt>
   <trkpt lat="45.0755260" lon="7.6382380">
    <ele>267.4</ele>
   </trkpt>
   <trkpt lat="45.0755230" lon="7.6382870">
    <ele>267.4</ele>
   </trkpt>
   <trkpt lat="45.0755180" lon="7.6383350">
    <ele>267.4</ele>
   </trkpt>
   <trkpt lat="45.0755170" lon="7.6383810">
    <ele>267.4</ele>
   </trkpt>
   <trkpt lat="45.0755180" lon="7.6384670">
    <ele>267.4</ele>
   </trkpt>
   <trkpt lat="45.0755160" lon="7.6385070">
    <ele>267.4</ele>
   </trkpt>
   <trkpt lat="45.0755150" lon="7.6385490">
    <ele>267.4</ele>
   </trkpt>
   <trkpt lat="45.0755120" lon="7.6385920">
    <ele>267.4</ele>
   </trkpt>
   <trkpt lat="45.0755120" lon="7.6386390">
    <ele>267.3</ele>
   </trkpt>
   <trkpt lat="45.0755140" lon="7.6386790">
    <ele>267.3</ele>
   </trkpt>
   <trkpt lat="45.0755120" lon="7.6387240">
    <ele>267.3</ele>
   </trkpt>
   <trkpt lat="45.0755110" lon="7.6387640">
    <ele>267.3</ele>
   </trkpt>
   <trkpt lat="45.0755110" lon="7.6387790">
    <ele>267.3</ele>
   </trkpt>
   <trkpt lat="45.0755140" lon="7.6388340">
    <ele>267.3</ele>
   </trkpt>
   <trkpt lat="45.0755090" lon="7.6389000">
    <ele>267.2</ele>
   </trkpt>
   <trkpt lat="45.0755110" lon="7.6389500">
    <ele>267.2</ele>
   </trkpt>
   <trkpt lat="45.0755110" lon="7.6389990">
    <ele>267.2</ele>
   </trkpt>
   <trkpt lat="45.0755090" lon="7.6390450">
    <ele>267.2</ele>
   </trkpt>
   <trkpt lat="45.0755130" lon="7.6390900">
    <ele>267.2</ele>
   </trkpt>
   <trkpt lat="45.0755090" lon="7.6391200">
    <ele>267.2</ele>
   </trkpt>
   <trkpt lat="45.0755040" lon="7.6391270">
    <ele>267.2</ele>
   </trkpt>
   <trkpt lat="45.0754900" lon="7.6391250">
    <ele>267.2</ele>
   </trkpt>
   <trkpt lat="45.0754730" lon="7.6391190">
    <ele>267.2</ele>
   </trkpt>
   <trkpt lat="45.0754450" lon="7.6391120">
    <ele>267.3</ele>
   </trkpt>
   <trkpt lat="45.0754350" lon="7.6391100">
    <ele>267.3</ele>
   </trkpt>
   <trkpt lat="45.0754260" lon="7.6391100">
    <ele>267.3</ele>
   </trkpt>
   <trkpt lat="45.0754220" lon="7.6391020">
    <ele>267.3</ele>
   </trkpt>
   <trkpt lat="45.0754180" lon="7.6390990">
    <ele>267.3</ele>
   </trkpt>
   <trkpt lat="45.0754040" lon="7.6391010">
    <ele>267.3</ele>
   </trkpt>
   <trkpt lat="45.0753890" lon="7.6391030">
    <ele>267.3</ele>
   </trkpt>
   <trkpt lat="45.0753770" lon="7.6390990">
    <ele>267.3</ele>
   </trkpt>
   <trkpt lat="45.0753480" lon="7.6390890">
    <ele>267.4</ele>
   </trkpt>
   <trkpt lat="45.0753340" lon="7.6390860">
    <ele>267.4</ele>
   </trkpt>
   <trkpt lat="45.0753020" lon="7.6390970">
    <ele>267.4</ele>
   </trkpt>
   <trkpt lat="45.0752930" lon="7.6390990">
    <ele>267.4</ele>
   </trkpt>
   <trkpt lat="45.0752630" lon="7.6390870">
    <ele>267.4</ele>
   </trkpt>
   <trkpt lat="45.0752530" lon="7.6390840">
    <ele>267.4</ele>
   </trkpt>
   <trkpt lat="45.0752380" lon="7.6390850">
    <ele>267.4</ele>
   </trkpt>
   <trkpt lat="45.0752250" lon="7.6390910">
    <ele>267.4</ele>
   </trkpt>
   <trkpt lat="45.0752060" lon="7.6391190">
    <ele>267.3</ele>
   </trkpt>
   <trkpt lat="45.0752020" lon="7.6391340">
    <ele>267.3</ele>
   </trkpt>
   <trkpt lat="45.0752070" lon="7.6391820">
    <ele>267.3</ele>
   </trkpt>
   <trkpt lat="45.0752050" lon="7.6392340">
    <ele>267.2</ele>
   </trkpt>
   <trkpt lat="45.0752030" lon="7.6392860">
    <ele>267.2</ele>
   </trkpt>
   <trkpt lat="45.0752080" lon="7.6393430">
    <ele>267.2</ele>
   </trkpt>
   <trkpt lat="45.0752060" lon="7.6394120">
    <ele>267.1</ele>
   </trkpt>
   <trkpt lat="45.0752070" lon="7.6394880">
    <ele>267.1</ele>
   </trkpt>
   <trkpt lat="45.0752180" lon="7.6395650">
    <ele>267.0</ele>
   </trkpt>
   <trkpt lat="45.0752300" lon="7.6396390">
    <ele>267.0</ele>
   </trkpt>
   <trkpt lat="45.0752330" lon="7.6397010">
    <ele>266.9</ele>
   </trkpt>
   <trkpt lat="45.0752390" lon="7.6397520">
    <ele>266.9</ele>
   </trkpt>
   <trkpt lat="45.0752440" lon="7.6398020">
    <ele>266.9</ele>
   </trkpt>
   <trkpt lat="45.0752500" lon="7.6398770">
    <ele>266.8</ele>
   </trkpt>
   <trkpt lat="45.0752540" lon="7.6399560">
    <ele>266.8</ele>
   </trkpt>
   <trkpt lat="45.0752570" lon="7.6400400">
    <ele>266.8</ele>
   </trkpt>
   <trkpt lat="45.0752670" lon="7.6401110">
    <ele>266.8</ele>
   </trkpt>
   <trkpt lat="45.0752820" lon="7.6401710">
    <ele>266.7</ele>
   </trkpt>
   <trkpt lat="45.0752970" lon="7.6402440">
    <ele>266.7</ele>
   </trkpt>
   <trkpt lat="45.0753050" lon="7.6403160">
    <ele>266.7</ele>
   </trkpt>
   <trkpt lat="45.0753040" lon="7.6403870">
    <ele>266.6</ele>
   </trkpt>
   <trkpt lat="45.0752950" lon="7.6404670">
    <ele>266.6</ele>
   </trkpt>
   <trkpt lat="45.0752920" lon="7.6405480">
    <ele>266.5</ele>
   </trkpt>
   <trkpt lat="45.0752910" lon="7.6406230">
    <ele>266.5</ele>
   </trkpt>
   <trkpt lat="45.0752920" lon="7.6406890">
    <ele>266.4</ele>
   </trkpt>
   <trkpt lat="45.0752930" lon="7.6407400">
    <ele>266.4</ele>
   </trkpt>
   <trkpt lat="45.0752960" lon="7.6407820">
    <ele>266.3</ele>
   </trkpt>
   <trkpt lat="45.0752990" lon="7.6408390">
    <ele>266.3</ele>
   </trkpt>
   <trkpt lat="45.0752990" lon="7.6409390">
    <ele>266.2</ele>
   </trkpt>
   <trkpt lat="45.0752980" lon="7.6410340">
    <ele>266.1</ele>
   </trkpt>
   <trkpt lat="45.0752940" lon="7.6411970">
    <ele>266.0</ele>
   </trkpt>
   <trkpt lat="45.0752860" lon="7.6412880">
    <ele>266.0</ele>
   </trkpt>
   <trkpt lat="45.0752930" lon="7.6413870">
    <ele>265.9</ele>
   </trkpt>
   <trkpt lat="45.0753180" lon="7.6414780">
    <ele>265.9</ele>
   </trkpt>
   <trkpt lat="45.0753430" lon="7.6415760">
    <ele>265.8</ele>
   </trkpt>
   <trkpt lat="45.0753500" lon="7.6416500">
    <ele>265.8</ele>
   </trkpt>
   <trkpt lat="45.0753550" lon="7.6417080">
    <ele>265.7</ele>
   </trkpt>
   <trkpt lat="45.0753500" lon="7.6417620">
    <ele>265.7</ele>
   </trkpt>
   <trkpt lat="45.0753540" lon="7.6418140">
    <ele>265.7</ele>
   </trkpt>
   <trkpt lat="45.0753580" lon="7.6418550">
    <ele>265.7</ele>
   </trkpt>
   <trkpt lat="45.0753620" lon="7.6418770">
    <ele>265.6</ele>
   </trkpt>
   <trkpt lat="45.0753650" lon="7.6418820">
    <ele>265.6</ele>
   </trkpt>
   <trkpt lat="45.0753590" lon="7.6418930">
    <ele>265.6</ele>
   </trkpt>
   <trkpt lat="45.0753580" lon="7.6418950">
    <ele>265.6</ele>
   </trkpt>
   <trkpt lat="45.0753500" lon="7.6418920">
    <ele>265.6</ele>
   </trkpt>
   <trkpt lat="45.0753420" lon="7.6418890">
    <ele>265.6</ele>
   </trkpt>
   <trkpt lat="45.0753350" lon="7.6418850">
    <ele>265.6</ele>
   </trkpt>
   <trkpt lat="45.0753270" lon="7.6418820">
    <ele>265.6</ele>
   </trkpt>
   <trkpt lat="45.0753200" lon="7.6418790">
    <ele>265.6</ele>
   </trkpt>
   <trkpt lat="45.0753160" lon="7.6418970">
    <ele>265.6</ele>
   </trkpt>
   <trkpt lat="45.0753150" lon="7.6419140">
    <ele>265.6</ele>
   </trkpt>
   <trkpt lat="45.0753150" lon="7.6419310">
    <ele>265.6</ele>
   </trkpt>
   <trkpt lat="45.0753140" lon="7.6419360">
    <ele>265.6</ele>
   </trkpt>
   <trkpt lat="45.0753140" lon="7.6419350">
    <ele>265.6</ele>
   </trkpt>
   <trkpt lat="45.0753140" lon="7.6419350">
    <ele>265.6</ele>
   </trkpt>
   <trkpt lat="45.0753140" lon="7.6419340">
    <ele>265.6</ele>
   </trkpt>
   <trkpt lat="45.0753140" lon="7.6419340">
    <ele>265.6</ele>
   </trkpt>
   <trkpt lat="45.0753140" lon="7.6419340">
    <ele>265.6</ele>
   </trkpt>
   <trkpt lat="45.0753250" lon="7.6419290">
    <ele>265.6</ele>
   </trkpt>
   <trkpt lat="45.0753330" lon="7.6419320">
    <ele>265.6</ele>
   </trkpt>
   <trkpt lat="45.0753400" lon="7.6419380">
    <ele>265.6</ele>
   </trkpt>
   <trkpt lat="45.0753430" lon="7.6419540">
    <ele>265.6</ele>
   </trkpt>
   <trkpt lat="45.0753610" lon="7.6419960">
    <ele>265.5</ele>
   </trkpt>
   <trkpt lat="45.0753660" lon="7.6420150">
    <ele>265.5</ele>
   </trkpt>
   <trkpt lat="45.0753840" lon="7.6420510">
    <ele>265.5</ele>
   </trkpt>
   <trkpt lat="45.0753840" lon="7.6421160">
    <ele>265.5</ele>
   </trkpt>
   <trkpt lat="45.0753890" lon="7.6421610">
    <ele>265.5</ele>
   </trkpt>
   <trkpt lat="45.0753940" lon="7.6422030">
    <ele>265.5</ele>
   </trkpt>
   <trkpt lat="45.0754000" lon="7.6422680">
    <ele>265.5</ele>
   </trkpt>
   <trkpt lat="45.0753980" lon="7.6422960">
    <ele>265.5</ele>
   </trkpt>
   <trkpt lat="45.0753780" lon="7.6423530">
    <ele>265.4</ele>
   </trkpt>
   <trkpt lat="45.0753580" lon="7.6424090">
    <ele>265.4</ele>
   </trkpt>
   <trkpt lat="45.0753530" lon="7.6424560">
    <ele>265.4</ele>
   </trkpt>
   <trkpt lat="45.0753410" lon="7.6425040">
    <ele>265.3</ele>
   </trkpt>
   <trkpt lat="45.0753320" lon="7.6425150">
    <ele>265.3</ele>
   </trkpt>
   <trkpt lat="45.0753060" lon="7.6425260">
    <ele>265.3</ele>
   </trkpt>
   <trkpt lat="45.0752990" lon="7.6425320">
    <ele>265.3</ele>
   </trkpt>
   <trkpt lat="45.0752860" lon="7.6425300">
    <ele>265.3</ele>
   </trkpt>
   <trkpt lat="45.0752830" lon="7.6425160">
    <ele>265.3</ele>
   </trkpt>
   <trkpt lat="45.0753010" lon="7.6425200">
    <ele>265.2</ele>
   </trkpt>
   <trkpt lat="45.0753000" lon="7.6425120">
    <ele>265.2</ele>
   </trkpt>
   <trkpt lat="45.0753070" lon="7.6425200">
    <ele>265.2</ele>
   </trkpt>
   <trkpt lat="45.0753090" lon="7.6425220">
    <ele>265.2</ele>
   </trkpt>
   <trkpt lat="45.0753100" lon="7.6425220">
    <ele>265.2</ele>
   </trkpt>
   <trkpt lat="45.0753010" lon="7.6425320">
    <ele>265.2</ele>
   </trkpt>
   <trkpt lat="45.0752940" lon="7.6425500">
    <ele>265.2</ele>
   </trkpt>
   <trkpt lat="45.0752800" lon="7.6425700">
    <ele>265.2</ele>
   </trkpt>
   <trkpt lat="45.0752640" lon="7.6426020">
    <ele>265.1</ele>
   </trkpt>
   <trkpt lat="45.0752590" lon="7.6426130">
    <ele>265.1</ele>
   </trkpt>
   <trkpt lat="45.0752310" lon="7.6426520">
    <ele>265.1</ele>
   </trkpt>
   <trkpt lat="45.0752220" lon="7.6426650">
    <ele>265.1</ele>
   </trkpt>
   <trkpt lat="45.0752010" lon="7.6426930">
    <ele>265.0</ele>
   </trkpt>
   <trkpt lat="45.0751820" lon="7.6427340">
    <ele>265.0</ele>
   </trkpt>
   <trkpt lat="45.0751740" lon="7.6427490">
    <ele>265.0</ele>
   </trkpt>
   <trkpt lat="45.0751560" lon="7.6427910">
    <ele>265.0</ele>
   </trkpt>
   <trkpt lat="45.0751490" lon="7.6428320">
    <ele>265.0</ele>
   </trkpt>
   <trkpt lat="45.0751350" lon="7.6428760">
    <ele>264.9</ele>
   </trkpt>
   <trkpt lat="45.0751210" lon="7.6429130">
    <ele>264.9</ele>
   </trkpt>
   <trkpt lat="45.0751050" lon="7.6429630">
    <ele>264.9</ele>
   </trkpt>
   <trkpt lat="45.0750990" lon="7.6429800">
    <ele>264.9</ele>
   </trkpt>
   <trkpt lat="45.0750850" lon="7.6430180">
    <ele>264.9</ele>
   </trkpt>
   <trkpt lat="45.0750680" lon="7.6430550">
    <ele>264.9</ele>
   </trkpt>
   <trkpt lat="45.0750510" lon="7.6431060">
    <ele>264.9</ele>
   </trkpt>
   <trkpt lat="45.0750450" lon="7.6431240">
    <ele>264.9</ele>
   </trkpt>
   <trkpt lat="45.0750330" lon="7.6431780">
    <ele>264.8</ele>
   </trkpt>
   <trkpt lat="45.0750280" lon="7.6431950">
    <ele>264.8</ele>
   </trkpt>
   <trkpt lat="45.0750130" lon="7.6432310">
    <ele>264.8</ele>
   </trkpt>
   <trkpt lat="45.0749950" lon="7.6432740">
    <ele>264.8</ele>
   </trkpt>
   <trkpt lat="45.0749780" lon="7.6433210">
    <ele>264.7</ele>
   </trkpt>
   <trkpt lat="45.0749600" lon="7.6433610">
    <ele>264.7</ele>
   </trkpt>
   <trkpt lat="45.0749410" lon="7.6434040">
    <ele>264.7</ele>
   </trkpt>
   <trkpt lat="45.0749260" lon="7.6434600">
    <ele>264.7</ele>
   </trkpt>
   <trkpt lat="45.0749100" lon="7.6435130">
    <ele>264.7</ele>
   </trkpt>
   <trkpt lat="45.0749040" lon="7.6435710">
    <ele>264.6</ele>
   </trkpt>
   <trkpt lat="45.0749020" lon="7.6436310">
    <ele>264.6</ele>
   </trkpt>
   <trkpt lat="45.0749040" lon="7.6436870">
    <ele>264.6</ele>
   </trkpt>
   <trkpt lat="45.0749150" lon="7.6437500">
    <ele>264.6</ele>
   </trkpt>
   <trkpt lat="45.0749290" lon="7.6438150">
    <ele>264.6</ele>
   </trkpt>
   <trkpt lat="45.0749480" lon="7.6438770">
    <ele>264.5</ele>
   </trkpt>
   <trkpt lat="45.0749710" lon="7.6439380">
    <ele>264.5</ele>
   </trkpt>
   <trkpt lat="45.0749970" lon="7.6439920">
    <ele>264.5</ele>
   </trkpt>
   <trkpt lat="45.0750200" lon="7.6440450">
    <ele>264.5</ele>
   </trkpt>
   <trkpt lat="45.0750390" lon="7.6441000">
    <ele>264.5</ele>
   </trkpt>
   <trkpt lat="45.0750440" lon="7.6441600">
    <ele>264.5</ele>
   </trkpt>
   <trkpt lat="45.0750380" lon="7.6442100">
    <ele>264.5</ele>
   </trkpt>
   <trkpt lat="45.0750230" lon="7.6442540">
    <ele>264.5</ele>
   </trkpt>
   <trkpt lat="45.0750120" lon="7.6442910">
    <ele>264.5</ele>
   </trkpt>
   <trkpt lat="45.0750250" lon="7.6443320">
    <ele>264.5</ele>
   </trkpt>
   <trkpt lat="45.0750310" lon="7.6443430">
    <ele>264.5</ele>
   </trkpt>
   <trkpt lat="45.0750390" lon="7.6443870">
    <ele>264.5</ele>
   </trkpt>
   <trkpt lat="45.0750390" lon="7.6443990">
    <ele>264.5</ele>
   </trkpt>
   <trkpt lat="45.0750220" lon="7.6444390">
    <ele>264.4</ele>
   </trkpt>
   <trkpt lat="45.0750150" lon="7.6444520">
    <ele>264.4</ele>
   </trkpt>
   <trkpt lat="45.0749970" lon="7.6444860">
    <ele>264.3</ele>
   </trkpt>
   <trkpt lat="45.0749810" lon="7.6445300">
    <ele>264.2</ele>
   </trkpt>
   <trkpt lat="45.0749490" lon="7.6445870">
    <ele>264.2</ele>
   </trkpt>
   <trkpt lat="45.0749300" lon="7.6446290">
    <ele>264.1</ele>
   </trkpt>
   <trkpt lat="45.0749120" lon="7.6446720">
    <ele>264.0</ele>
   </trkpt>
   <trkpt lat="45.0748960" lon="7.6447110">
    <ele>264.0</ele>
   </trkpt>
   <trkpt lat="45.0748710" lon="7.6447500">
    <ele>263.9</ele>
   </trkpt>
   <trkpt lat="45.0748450" lon="7.6447920">
    <ele>263.9</ele>
   </trkpt>
   <trkpt lat="45.0748290" lon="7.6448360">
    <ele>263.9</ele>
   </trkpt>
   <trkpt lat="45.0748200" lon="7.6448890">
    <ele>263.8</ele>
   </trkpt>
   <trkpt lat="45.0748170" lon="7.6449080">
    <ele>263.8</ele>
   </trkpt>
   <trkpt lat="45.0748060" lon="7.6449480">
    <ele>263.8</ele>
   </trkpt>
   <trkpt lat="45.0747880" lon="7.6449930">
    <ele>263.7</ele>
   </trkpt>
   <trkpt lat="45.0747770" lon="7.6450440">
    <ele>263.7</ele>
   </trkpt>
   <trkpt lat="45.0747630" lon="7.6450970">
    <ele>263.7</ele>
   </trkpt>
   <trkpt lat="45.0747540" lon="7.6451410">
    <ele>263.7</ele>
   </trkpt>
   <trkpt lat="45.0747340" lon="7.6451910">
    <ele>263.7</ele>
   </trkpt>
   <trkpt lat="45.0747240" lon="7.6452090">
    <ele>263.6</ele>
   </trkpt>
   <trkpt lat="45.0746990" lon="7.6452460">
    <ele>263.6</ele>
   </trkpt>
   <trkpt lat="45.0746850" lon="7.6452990">
    <ele>263.6</ele>
   </trkpt>
   <trkpt lat="45.0746770" lon="7.6453410">
    <ele>263.6</ele>
   </trkpt>
   <trkpt lat="45.0746680" lon="7.6453890">
    <ele>263.6</ele>
   </trkpt>
   <trkpt lat="45.0746650" lon="7.6454050">
    <ele>263.6</ele>
   </trkpt>
   <trkpt lat="45.0746440" lon="7.6454530">
    <ele>263.6</ele>
   </trkpt>
   <trkpt lat="45.0746360" lon="7.6454680">
    <ele>263.6</ele>
   </trkpt>
   <trkpt lat="45.0746180" lon="7.6454970">
    <ele>263.6</ele>
   </trkpt>
   <trkpt lat="45.0746090" lon="7.6455340">
    <ele>263.5</ele>
   </trkpt>
   <trkpt lat="45.0746000" lon="7.6455720">
    <ele>263.5</ele>
   </trkpt>
   <trkpt lat="45.0745930" lon="7.6456180">
    <ele>263.5</ele>
   </trkpt>
   <trkpt lat="45.0745720" lon="7.6456760">
    <ele>263.5</ele>
   </trkpt>
   <trkpt lat="45.0745490" lon="7.6457430">
    <ele>263.4</ele>
   </trkpt>
   <trkpt lat="45.0745200" lon="7.6457980">
    <ele>263.4</ele>
   </trkpt>
   <trkpt lat="45.0745030" lon="7.6458580">
    <ele>263.4</ele>
   </trkpt>
   <trkpt lat="45.0744860" lon="7.6459110">
    <ele>263.3</ele>
   </trkpt>
   <trkpt lat="45.0744670" lon="7.6459520">
    <ele>263.3</ele>
   </trkpt>
   <trkpt lat="45.0744530" lon="7.6460000">
    <ele>263.3</ele>
   </trkpt>
   <trkpt lat="45.0744200" lon="7.6461020">
    <ele>263.2</ele>
   </trkpt>
   <trkpt lat="45.0744090" lon="7.6461760">
    <ele>263.2</ele>
   </trkpt>
   <trkpt lat="45.0743920" lon="7.6462390">
    <ele>263.2</ele>
   </trkpt>
   <trkpt lat="45.0743770" lon="7.6463450">
    <ele>263.2</ele>
   </trkpt>
   <trkpt lat="45.0743810" lon="7.6463900">
    <ele>263.1</ele>
   </trkpt>
   <trkpt lat="45.0743540" lon="7.6464370">
    <ele>263.1</ele>
   </trkpt>
   <trkpt lat="45.0743350" lon="7.6464760">
    <ele>263.1</ele>
   </trkpt>
   <trkpt lat="45.0742890" lon="7.6465040">
    <ele>263.0</ele>
   </trkpt>
   <trkpt lat="45.0742610" lon="7.6465630">
    <ele>263.0</ele>
   </trkpt>
   <trkpt lat="45.0742390" lon="7.6466050">
    <ele>263.0</ele>
   </trkpt>
   <trkpt lat="45.0742050" lon="7.6466380">
    <ele>263.0</ele>
   </trkpt>
   <trkpt lat="45.0741760" lon="7.6466690">
    <ele>262.9</ele>
   </trkpt>
   <trkpt lat="45.0741610" lon="7.6467100">
    <ele>262.9</ele>
   </trkpt>
   <trkpt lat="45.0741430" lon="7.6467520">
    <ele>262.9</ele>
   </trkpt>
   <trkpt lat="45.0741420" lon="7.6468070">
    <ele>262.9</ele>
   </trkpt>
   <trkpt lat="45.0741320" lon="7.6468680">
    <ele>262.9</ele>
   </trkpt>
   <trkpt lat="45.0741190" lon="7.6469230">
    <ele>262.9</ele>
   </trkpt>
   <trkpt lat="45.0741050" lon="7.6469820">
    <ele>262.9</ele>
   </trkpt>
   <trkpt lat="45.0740790" lon="7.6470540">
    <ele>262.9</ele>
   </trkpt>
   <trkpt lat="45.0740490" lon="7.6471150">
    <ele>262.9</ele>
   </trkpt>
   <trkpt lat="45.0740240" lon="7.6471690">
    <ele>262.9</ele>
   </trkpt>
   <trkpt lat="45.0740110" lon="7.6472180">
    <ele>262.9</ele>
   </trkpt>
   <trkpt lat="45.0739930" lon="7.6472720">
    <ele>263.0</ele>
   </trkpt>
   <trkpt lat="45.0739700" lon="7.6473160">
    <ele>263.0</ele>
   </trkpt>
   <trkpt lat="45.0739500" lon="7.6473620">
    <ele>263.0</ele>
   </trkpt>
   <trkpt lat="45.0739350" lon="7.6474050">
    <ele>263.0</ele>
   </trkpt>
   <trkpt lat="45.0739240" lon="7.6474560">
    <ele>263.0</ele>
   </trkpt>
   <trkpt lat="45.0739100" lon="7.6475010">
    <ele>263.0</ele>
   </trkpt>
   <trkpt lat="45.0738950" lon="7.6475400">
    <ele>263.0</ele>
   </trkpt>
   <trkpt lat="45.0738920" lon="7.6475510">
    <ele>263.0</ele>
   </trkpt>
   <trkpt lat="45.0738750" lon="7.6475670">
    <ele>263.0</ele>
   </trkpt>
   <trkpt lat="45.0738710" lon="7.6475800">
    <ele>263.0</ele>
   </trkpt>
   <trkpt lat="45.0738680" lon="7.6475940">
    <ele>263.0</ele>
   </trkpt>
   <trkpt lat="45.0738640" lon="7.6476080">
    <ele>263.0</ele>
   </trkpt>
   <trkpt lat="45.0738610" lon="7.6476210">
    <ele>263.0</ele>
   </trkpt>
   <trkpt lat="45.0738570" lon="7.6476350">
    <ele>263.0</ele>
   </trkpt>
   <trkpt lat="45.0738540" lon="7.6476490">
    <ele>262.9</ele>
   </trkpt>
   <trkpt lat="45.0738510" lon="7.6476620">
    <ele>262.9</ele>
   </trkpt>
   <trkpt lat="45.0738470" lon="7.6476760">
    <ele>262.9</ele>
   </trkpt>
   <trkpt lat="45.0738440" lon="7.6476890">
    <ele>262.9</ele>
   </trkpt>
   <trkpt lat="45.0738400" lon="7.6477030">
    <ele>262.9</ele>
   </trkpt>
   <trkpt lat="45.0738370" lon="7.6477170">
    <ele>262.9</ele>
   </trkpt>
   <trkpt lat="45.0738330" lon="7.6477300">
    <ele>262.9</ele>
   </trkpt>
   <trkpt lat="45.0738300" lon="7.6477440">
    <ele>262.9</ele>
   </trkpt>
   <trkpt lat="45.0738200" lon="7.6477830">
    <ele>262.9</ele>
   </trkpt>
   <trkpt lat="45.0738120" lon="7.6478260">
    <ele>262.9</ele>
   </trkpt>
   <trkpt lat="45.0738030" lon="7.6478730">
    <ele>262.9</ele>
   </trkpt>
   <trkpt lat="45.0737880" lon="7.6479130">
    <ele>262.9</ele>
   </trkpt>
   <trkpt lat="45.0737780" lon="7.6479550">
    <ele>262.9</ele>
   </trkpt>
   <trkpt lat="45.0737620" lon="7.6479890">
    <ele>262.9</ele>
   </trkpt>
   <trkpt lat="45.0737430" lon="7.6480290">
    <ele>262.9</ele>
   </trkpt>
   <trkpt lat="45.0737350" lon="7.6480350">
    <ele>262.9</ele>
   </trkpt>
   <trkpt lat="45.0737220" lon="7.6480610">
    <ele>262.9</ele>
   </trkpt>
   <trkpt lat="45.0737160" lon="7.6480700">
    <ele>262.9</ele>
   </trkpt>
   <trkpt lat="45.0737110" lon="7.6480800">
    <ele>262.9</ele>
   </trkpt>
   <trkpt lat="45.0737040" lon="7.6480910">
    <ele>262.9</ele>
   </trkpt>
   <trkpt lat="45.0737010" lon="7.6480860">
    <ele>262.9</ele>
   </trkpt>
   <trkpt lat="45.0737120" lon="7.6480780">
    <ele>262.9</ele>
   </trkpt>
   <trkpt lat="45.0737210" lon="7.6480730">
    <ele>262.9</ele>
   </trkpt>
   <trkpt lat="45.0737290" lon="7.6480800">
    <ele>262.9</ele>
   </trkpt>
   <trkpt lat="45.0737390" lon="7.6480880">
    <ele>262.9</ele>
   </trkpt>
   <trkpt lat="45.0737470" lon="7.6480880">
    <ele>262.9</ele>
   </trkpt>
   <trkpt lat="45.0737520" lon="7.6480860">
    <ele>262.9</ele>
   </trkpt>
   <trkpt lat="45.0737560" lon="7.6480840">
    <ele>262.9</ele>
   </trkpt>
   <trkpt lat="45.0737610" lon="7.6480820">
    <ele>262.9</ele>
   </trkpt>
   <trkpt lat="45.0737650" lon="7.6480790">
    <ele>262.9</ele>
   </trkpt>
   <trkpt lat="45.0737700" lon="7.6480770">
    <ele>262.9</ele>
   </trkpt>
   <trkpt lat="45.0737740" lon="7.6480750">
    <ele>262.9</ele>
   </trkpt>
   <trkpt lat="45.0737790" lon="7.6480730">
    <ele>262.9</ele>
   </trkpt>
   <trkpt lat="45.0737830" lon="7.6480710">
    <ele>262.9</ele>
   </trkpt>
   <trkpt lat="45.0737880" lon="7.6480690">
    <ele>262.9</ele>
   </trkpt>
   <trkpt lat="45.0737920" lon="7.6480670">
    <ele>262.9</ele>
   </trkpt>
   <trkpt lat="45.0737970" lon="7.6480650">
    <ele>262.9</ele>
   </trkpt>
   <trkpt lat="45.0738010" lon="7.6480620">
    <ele>262.9</ele>
   </trkpt>
   <trkpt lat="45.0738060" lon="7.6480600">
    <ele>262.9</ele>
   </trkpt>
   <trkpt lat="45.0738100" lon="7.6480580">
    <ele>262.9</ele>
   </trkpt>
   <trkpt lat="45.0738150" lon="7.6480560">
    <ele>262.9</ele>
   </trkpt>
   <trkpt lat="45.0738190" lon="7.6480540">
    <ele>262.9</ele>
   </trkpt>
   <trkpt lat="45.0738550" lon="7.6480370">
    <ele>262.9</ele>
   </trkpt>
   <trkpt lat="45.0738680" lon="7.6480270">
    <ele>262.9</ele>
   </trkpt>
   <trkpt lat="45.0739040" lon="7.6480220">
    <ele>262.9</ele>
   </trkpt>
   <trkpt lat="45.0739150" lon="7.6480200">
    <ele>262.9</ele>
   </trkpt>
   <trkpt lat="45.0739320" lon="7.6480220">
    <ele>262.9</ele>
   </trkpt>
   <trkpt lat="45.0739470" lon="7.6480200">
    <ele>262.9</ele>
   </trkpt>
   <trkpt lat="45.0739610" lon="7.6480120">
    <ele>262.8</ele>
   </trkpt>
   <trkpt lat="45.0739820" lon="7.6480040">
    <ele>262.8</ele>
   </trkpt>
   <trkpt lat="45.0740130" lon="7.6480090">
    <ele>262.8</ele>
   </trkpt>
   <trkpt lat="45.0740680" lon="7.6480390">
    <ele>262.6</ele>
   </trkpt>
   <trkpt lat="45.0741210" lon="7.6480670">
    <ele>262.6</ele>
   </trkpt>
   <trkpt lat="45.0741670" lon="7.6480840">
    <ele>262.6</ele>
   </trkpt>
   <trkpt lat="45.0742200" lon="7.6480930">
    <ele>262.5</ele>
   </trkpt>
   <trkpt lat="45.0742750" lon="7.6481140">
    <ele>262.5</ele>
   </trkpt>
   <trkpt lat="45.0743250" lon="7.6481320">
    <ele>262.5</ele>
   </trkpt>
   <trkpt lat="45.0743750" lon="7.6481490">
    <ele>262.5</ele>
   </trkpt>
   <trkpt lat="45.0744270" lon="7.6481670">
    <ele>262.5</ele>
   </trkpt>
   <trkpt lat="45.0744770" lon="7.6481800">
    <ele>262.5</ele>
   </trkpt>
   <trkpt lat="45.0745190" lon="7.6481940">
    <ele>262.5</ele>
   </trkpt>
   <trkpt lat="45.0745610" lon="7.6482060">
    <ele>262.4</ele>
   </trkpt>
   <trkpt lat="45.0746060" lon="7.6482190">
    <ele>262.4</ele>
   </trkpt>
   <trkpt lat="45.0746550" lon="7.6482360">
    <ele>262.4</ele>
   </trkpt>
   <trkpt lat="45.0746970" lon="7.6482570">
    <ele>262.4</ele>
   </trkpt>
   <trkpt lat="45.0747410" lon="7.6482790">
    <ele>262.4</ele>
   </trkpt>
   <trkpt lat="45.0747820" lon="7.6482990">
    <ele>262.4</ele>
   </trkpt>
   <trkpt lat="45.0748220" lon="7.6483190">
    <ele>262.4</ele>
   </trkpt>
   <trkpt lat="45.0748710" lon="7.6483380">
    <ele>262.4</ele>
   </trkpt>
   <trkpt lat="45.0749230" lon="7.6483600">
    <ele>262.4</ele>
   </trkpt>
   <trkpt lat="45.0749740" lon="7.6483830">
    <ele>262.4</ele>
   </trkpt>
   <trkpt lat="45.0750300" lon="7.6484110">
    <ele>262.4</ele>
   </trkpt>
   <trkpt lat="45.0750890" lon="7.6484370">
    <ele>262.4</ele>
   </trkpt>
   <trkpt lat="45.0751470" lon="7.6484510">
    <ele>262.4</ele>
   </trkpt>
   <trkpt lat="45.0752120" lon="7.6484640">
    <ele>262.4</ele>
   </trkpt>
   <trkpt lat="45.0752830" lon="7.6484920">
    <ele>262.4</ele>
   </trkpt>
   <trkpt lat="45.0753530" lon="7.6485480">
    <ele>262.4</ele>
   </trkpt>
   <trkpt lat="45.0754140" lon="7.6486090">
    <ele>262.5</ele>
   </trkpt>
   <trkpt lat="45.0754680" lon="7.6486670">
    <ele>262.5</ele>
   </trkpt>
   <trkpt lat="45.0755060" lon="7.6487280">
    <ele>262.5</ele>
   </trkpt>
   <trkpt lat="45.0755390" lon="7.6487910">
    <ele>262.5</ele>
   </trkpt>
   <trkpt lat="45.0755710" lon="7.6488490">
    <ele>262.4</ele>
   </trkpt>
   <trkpt lat="45.0755970" lon="7.6489070">
    <ele>262.4</ele>
   </trkpt>
   <trkpt lat="45.0756060" lon="7.6489680">
    <ele>262.4</ele>
   </trkpt>
   <trkpt lat="45.0756100" lon="7.6490330">
    <ele>262.3</ele>
   </trkpt>
   <trkpt lat="45.0756230" lon="7.6491020">
    <ele>262.3</ele>
   </trkpt>
   <trkpt lat="45.0756350" lon="7.6491620">
    <ele>262.2</ele>
   </trkpt>
   <trkpt lat="45.0756390" lon="7.6492230">
    <ele>262.2</ele>
   </trkpt>
   <trkpt lat="45.0756360" lon="7.6492870">
    <ele>262.1</ele>
   </trkpt>
   <trkpt lat="45.0756400" lon="7.6493570">
    <ele>262.1</ele>
   </trkpt>
   <trkpt lat="45.0756520" lon="7.6494270">
    <ele>262.1</ele>
   </trkpt>
   <trkpt lat="45.0756620" lon="7.6495010">
    <ele>262.0</ele>
   </trkpt>
   <trkpt lat="45.0756630" lon="7.6495690">
    <ele>262.0</ele>
   </trkpt>
   <trkpt lat="45.0756670" lon="7.6496390">
    <ele>262.0</ele>
   </trkpt>
   <trkpt lat="45.0756720" lon="7.6497000">
    <ele>262.0</ele>
   </trkpt>
   <trkpt lat="45.0756800" lon="7.6497670">
    <ele>261.9</ele>
   </trkpt>
   <trkpt lat="45.0756850" lon="7.6498280">
    <ele>261.9</ele>
   </trkpt>
   <trkpt lat="45.0756870" lon="7.6498940">
    <ele>261.9</ele>
   </trkpt>
   <trkpt lat="45.0756860" lon="7.6499620">
    <ele>261.8</ele>
   </trkpt>
   <trkpt lat="45.0756870" lon="7.6500330">
    <ele>261.8</ele>
   </trkpt>
   <trkpt lat="45.0756870" lon="7.6501000">
    <ele>261.8</ele>
   </trkpt>
   <trkpt lat="45.0756910" lon="7.6501660">
    <ele>261.8</ele>
   </trkpt>
   <trkpt lat="45.0756880" lon="7.6502300">
    <ele>261.7</ele>
   </trkpt>
   <trkpt lat="45.0756800" lon="7.6502980">
    <ele>261.7</ele>
   </trkpt>
   <trkpt lat="45.0756730" lon="7.6503580">
    <ele>261.7</ele>
   </trkpt>
   <trkpt lat="45.0756800" lon="7.6504200">
    <ele>261.7</ele>
   </trkpt>
   <trkpt lat="45.0756890" lon="7.6504890">
    <ele>261.7</ele>
   </trkpt>
   <trkpt lat="45.0756930" lon="7.6505640">
    <ele>261.6</ele>
   </trkpt>
   <trkpt lat="45.0756910" lon="7.6506380">
    <ele>261.6</ele>
   </trkpt>
   <trkpt lat="45.0757070" lon="7.6507230">
    <ele>261.5</ele>
   </trkpt>
   <trkpt lat="45.0757110" lon="7.6508020">
    <ele>261.5</ele>
   </trkpt>
   <trkpt lat="45.0757210" lon="7.6508720">
    <ele>261.5</ele>
   </trkpt>
   <trkpt lat="45.0757250" lon="7.6509420">
    <ele>261.4</ele>
   </trkpt>
   <trkpt lat="45.0757250" lon="7.6510120">
    <ele>261.4</ele>
   </trkpt>
   <trkpt lat="45.0757190" lon="7.6510940">
    <ele>261.3</ele>
   </trkpt>
   <trkpt lat="45.0757160" lon="7.6511710">
    <ele>261.3</ele>
   </trkpt>
   <trkpt lat="45.0757300" lon="7.6512430">
    <ele>261.2</ele>
   </trkpt>
   <trkpt lat="45.0757370" lon="7.6513230">
    <ele>261.2</ele>
   </trkpt>
   <trkpt lat="45.0757350" lon="7.6514020">
    <ele>261.1</ele>
   </trkpt>
   <trkpt lat="45.0757290" lon="7.6514850">
    <ele>261.1</ele>
   </trkpt>
   <trkpt lat="45.0757310" lon="7.6515740">
    <ele>261.0</ele>
   </trkpt>
   <trkpt lat="45.0757410" lon="7.6516660">
    <ele>260.9</ele>
   </trkpt>
   <trkpt lat="45.0757460" lon="7.6517500">
    <ele>260.9</ele>
   </trkpt>
   <trkpt lat="45.0757470" lon="7.6518320">
    <ele>260.8</ele>
   </trkpt>
   <trkpt lat="45.0757480" lon="7.6519140">
    <ele>260.8</ele>
   </trkpt>
   <trkpt lat="45.0757530" lon="7.6519980">
    <ele>260.7</ele>
   </trkpt>
   <trkpt lat="45.0757550" lon="7.6520850">
    <ele>260.7</ele>
   </trkpt>
   <trkpt lat="45.0757680" lon="7.6521770">
    <ele>260.7</ele>
   </trkpt>
   <trkpt lat="45.0757800" lon="7.6522610">
    <ele>260.7</ele>
   </trkpt>
   <trkpt lat="45.0757990" lon="7.6523400">
    <ele>260.7</ele>
   </trkpt>
   <trkpt lat="45.0758150" lon="7.6524230">
    <ele>260.6</ele>
   </trkpt>
   <trkpt lat="45.0758250" lon="7.6525050">
    <ele>260.6</ele>
   </trkpt>
   <trkpt lat="45.0758220" lon="7.6525830">
    <ele>260.5</ele>
   </trkpt>
   <trkpt lat="45.0758250" lon="7.6526520">
    <ele>260.5</ele>
   </trkpt>
   <trkpt lat="45.0758340" lon="7.6527220">
    <ele>260.5</ele>
   </trkpt>
   <trkpt lat="45.0758520" lon="7.6528000">
    <ele>260.4</ele>
   </trkpt>
   <trkpt lat="45.0758610" lon="7.6528710">
    <ele>260.4</ele>
   </trkpt>
   <trkpt lat="45.0758560" lon="7.6529530">
    <ele>260.3</ele>
   </trkpt>
   <trkpt lat="45.0758530" lon="7.6530350">
    <ele>260.3</ele>
   </trkpt>
   <trkpt lat="45.0758490" lon="7.6531200">
    <ele>260.3</ele>
   </trkpt>
   <trkpt lat="45.0758540" lon="7.6532040">
    <ele>260.2</ele>
   </trkpt>
   <trkpt lat="45.0758610" lon="7.6532860">
    <ele>260.2</ele>
   </trkpt>
   <trkpt lat="45.0758580" lon="7.6533720">
    <ele>260.2</ele>
   </trkpt>
   <trkpt lat="45.0758470" lon="7.6534540">
    <ele>260.1</ele>
   </trkpt>
   <trkpt lat="45.0758380" lon="7.6535340">
    <ele>260.1</ele>
   </trkpt>
   <trkpt lat="45.0758350" lon="7.6536200">
    <ele>260.1</ele>
   </trkpt>
   <trkpt lat="45.0758320" lon="7.6537150">
    <ele>260.0</ele>
   </trkpt>
   <trkpt lat="45.0758340" lon="7.6538070">
    <ele>260.0</ele>
   </trkpt>
   <trkpt lat="45.0758330" lon="7.6538950">
    <ele>260.0</ele>
   </trkpt>
   <trkpt lat="45.0758320" lon="7.6539800">
    <ele>259.9</ele>
   </trkpt>
   <trkpt lat="45.0758490" lon="7.6540990">
    <ele>259.9</ele>
   </trkpt>
   <trkpt lat="45.0758550" lon="7.6541370">
    <ele>259.9</ele>
   </trkpt>
   <trkpt lat="45.0758610" lon="7.6542220">
    <ele>259.8</ele>
   </trkpt>
   <trkpt lat="45.0758610" lon="7.6543050">
    <ele>259.8</ele>
   </trkpt>
   <trkpt lat="45.0758640" lon="7.6543860">
    <ele>259.7</ele>
   </trkpt>
   <trkpt lat="45.0758680" lon="7.6544730">
    <ele>259.7</ele>
   </trkpt>
   <trkpt lat="45.0758790" lon="7.6546320">
    <ele>259.6</ele>
   </trkpt>
   <trkpt lat="45.0758860" lon="7.6547060">
    <ele>259.6</ele>
   </trkpt>
   <trkpt lat="45.0758960" lon="7.6547860">
    <ele>259.6</ele>
   </trkpt>
   <trkpt lat="45.0759040" lon="7.6548540">
    <ele>259.6</ele>
   </trkpt>
   <trkpt lat="45.0759050" lon="7.6549200">
    <ele>259.5</ele>
   </trkpt>
   <trkpt lat="45.0758970" lon="7.6549890">
    <ele>259.5</ele>
   </trkpt>
   <trkpt lat="45.0758770" lon="7.6550600">
    <ele>259.5</ele>
   </trkpt>
   <trkpt lat="45.0758680" lon="7.6551230">
    <ele>259.5</ele>
   </trkpt>
   <trkpt lat="45.0758610" lon="7.6551870">
    <ele>259.5</ele>
   </trkpt>
   <trkpt lat="45.0758630" lon="7.6552380">
    <ele>259.4</ele>
   </trkpt>
   <trkpt lat="45.0758700" lon="7.6552970">
    <ele>259.4</ele>
   </trkpt>
   <trkpt lat="45.0758640" lon="7.6553470">
    <ele>259.4</ele>
   </trkpt>
   <trkpt lat="45.0758430" lon="7.6553930">
    <ele>259.3</ele>
   </trkpt>
   <trkpt lat="45.0758220" lon="7.6554230">
    <ele>259.3</ele>
   </trkpt>
   <trkpt lat="45.0757910" lon="7.6554450">
    <ele>259.3</ele>
   </trkpt>
   <trkpt lat="45.0757410" lon="7.6554560">
    <ele>259.2</ele>
   </trkpt>
   <trkpt lat="45.0757000" lon="7.6554720">
    <ele>259.2</ele>
   </trkpt>
   <trkpt lat="45.0756610" lon="7.6555160">
    <ele>259.2</ele>
   </trkpt>
   <trkpt lat="45.0756290" lon="7.6555490">
    <ele>259.1</ele>
   </trkpt>
   <trkpt lat="45.0756110" lon="7.6555860">
    <ele>259.1</ele>
   </trkpt>
   <trkpt lat="45.0756100" lon="7.6556250">
    <ele>259.1</ele>
   </trkpt>
   <trkpt lat="45.0756180" lon="7.6556790">
    <ele>259.1</ele>
   </trkpt>
   <trkpt lat="45.0756180" lon="7.6556990">
    <ele>259.1</ele>
   </trkpt>
   <trkpt lat="45.0756090" lon="7.6557410">
    <ele>259.1</ele>
   </trkpt>
   <trkpt lat="45.0756000" lon="7.6557890">
    <ele>259.1</ele>
   </trkpt>
   <trkpt lat="45.0755880" lon="7.6558280">
    <ele>259.1</ele>
   </trkpt>
   <trkpt lat="45.0755840" lon="7.6558800">
    <ele>259.1</ele>
   </trkpt>
   <trkpt lat="45.0755780" lon="7.6559240">
    <ele>259.1</ele>
   </trkpt>
   <trkpt lat="45.0755760" lon="7.6559740">
    <ele>259.1</ele>
   </trkpt>
   <trkpt lat="45.0755670" lon="7.6560180">
    <ele>259.1</ele>
   </trkpt>
   <trkpt lat="45.0755520" lon="7.6560650">
    <ele>259.1</ele>
   </trkpt>
   <trkpt lat="45.0755460" lon="7.6560780">
    <ele>259.1</ele>
   </trkpt>
   <trkpt lat="45.0755250" lon="7.6561090">
    <ele>259.0</ele>
   </trkpt>
   <trkpt lat="45.0755180" lon="7.6561180">
    <ele>259.0</ele>
   </trkpt>
   <trkpt lat="45.0755150" lon="7.6561320">
    <ele>259.0</ele>
   </trkpt>
   <trkpt lat="45.0755100" lon="7.6561320">
    <ele>259.0</ele>
   </trkpt>
   <trkpt lat="45.0755000" lon="7.6561340">
    <ele>259.0</ele>
   </trkpt>
   <trkpt lat="45.0754930" lon="7.6561500">
    <ele>259.0</ele>
   </trkpt>
   <trkpt lat="45.0755020" lon="7.6561750">
    <ele>259.0</ele>
   </trkpt>
   <trkpt lat="45.0755030" lon="7.6561820">
    <ele>259.0</ele>
   </trkpt>
   <trkpt lat="45.0755050" lon="7.6561890">
    <ele>259.0</ele>
   </trkpt>
   <trkpt lat="45.0755070" lon="7.6561960">
    <ele>259.0</ele>
   </trkpt>
   <trkpt lat="45.0755080" lon="7.6562030">
    <ele>259.0</ele>
   </trkpt>
   <trkpt lat="45.0755100" lon="7.6562100">
    <ele>259.0</ele>
   </trkpt>
   <trkpt lat="45.0755120" lon="7.6562170">
    <ele>259.0</ele>
   </trkpt>
   <trkpt lat="45.0755140" lon="7.6562240">
    <ele>259.0</ele>
   </trkpt>
   <trkpt lat="45.0755150" lon="7.6562310">
    <ele>259.0</ele>
   </trkpt>
   <trkpt lat="45.0755170" lon="7.6562380">
    <ele>259.0</ele>
   </trkpt>
   <trkpt lat="45.0755190" lon="7.6562450">
    <ele>259.0</ele>
   </trkpt>
   <trkpt lat="45.0755200" lon="7.6562520">
    <ele>259.0</ele>
   </trkpt>
   <trkpt lat="45.0755220" lon="7.6562590">
    <ele>259.0</ele>
   </trkpt>
   <trkpt lat="45.0755300" lon="7.6563070">
    <ele>259.0</ele>
   </trkpt>
   <trkpt lat="45.0755560" lon="7.6563960">
    <ele>259.0</ele>
   </trkpt>
   <trkpt lat="45.0755620" lon="7.6564430">
    <ele>259.0</ele>
   </trkpt>
   <trkpt lat="45.0755540" lon="7.6564940">
    <ele>258.9</ele>
   </trkpt>
   <trkpt lat="45.0755580" lon="7.6565490">
    <ele>258.9</ele>
   </trkpt>
   <trkpt lat="45.0755660" lon="7.6566330">
    <ele>258.9</ele>
   </trkpt>
   <trkpt lat="45.0755780" lon="7.6566940">
    <ele>258.9</ele>
   </trkpt>
   <trkpt lat="45.0755960" lon="7.6567530">
    <ele>258.8</ele>
   </trkpt>
   <trkpt lat="45.0756130" lon="7.6568190">
    <ele>258.8</ele>
   </trkpt>
   <trkpt lat="45.0756310" lon="7.6568830">
    <ele>258.8</ele>
   </trkpt>
   <trkpt lat="45.0756560" lon="7.6569390">
    <ele>258.8</ele>
   </trkpt>
   <trkpt lat="45.0756870" lon="7.6569900">
    <ele>258.8</ele>
   </trkpt>
   <trkpt lat="45.0757100" lon="7.6570330">
    <ele>258.8</ele>
   </trkpt>
   <trkpt lat="45.0757300" lon="7.6570680">
    <ele>258.8</ele>
   </trkpt>
   <trkpt lat="45.0757500" lon="7.6570980">
    <ele>258.8</ele>
   </trkpt>
   <trkpt lat="45.0757760" lon="7.6571320">
    <ele>258.9</ele>
   </trkpt>
   <trkpt lat="45.0757840" lon="7.6571430">
    <ele>258.9</ele>
   </trkpt>
   <trkpt lat="45.0758180" lon="7.6571590">
    <ele>258.8</ele>
   </trkpt>
   <trkpt lat="45.0758290" lon="7.6571630">
    <ele>258.8</ele>
   </trkpt>
   <trkpt lat="45.0758600" lon="7.6571690">
    <ele>258.8</ele>
   </trkpt>
   <trkpt lat="45.0758950" lon="7.6571770">
    <ele>258.7</ele>
   </trkpt>
   <trkpt lat="45.0759210" lon="7.6571950">
    <ele>258.7</ele>
   </trkpt>
   <trkpt lat="45.0759350" lon="7.6572470">
    <ele>258.6</ele>
   </trkpt>
   <trkpt lat="45.0759370" lon="7.6572710">
    <ele>258.6</ele>
   </trkpt>
   <trkpt lat="45.0759380" lon="7.6573180">
    <ele>258.5</ele>
   </trkpt>
   <trkpt lat="45.0759430" lon="7.6573700">
    <ele>258.5</ele>
   </trkpt>
   <trkpt lat="45.0759440" lon="7.6573870">
    <ele>258.5</ele>
   </trkpt>
   <trkpt lat="45.0759530" lon="7.6574340">
    <ele>258.4</ele>
   </trkpt>
   <trkpt lat="45.0759550" lon="7.6574520">
    <ele>258.4</ele>
   </trkpt>
   <trkpt lat="45.0759600" lon="7.6575050">
    <ele>258.4</ele>
   </trkpt>
   <trkpt lat="45.0759620" lon="7.6575590">
    <ele>258.3</ele>
   </trkpt>
   <trkpt lat="45.0759700" lon="7.6576140">
    <ele>258.3</ele>
   </trkpt>
   <trkpt lat="45.0759760" lon="7.6576700">
    <ele>258.2</ele>
   </trkpt>
   <trkpt lat="45.0759800" lon="7.6577250">
    <ele>258.2</ele>
   </trkpt>
   <trkpt lat="45.0759840" lon="7.6577890">
    <ele>258.1</ele>
   </trkpt>
   <trkpt lat="45.0759930" lon="7.6578550">
    <ele>258.1</ele>
   </trkpt>
   <trkpt lat="45.0760020" lon="7.6579150">
    <ele>258.0</ele>
   </trkpt>
   <trkpt lat="45.0760020" lon="7.6579730">
    <ele>258.0</ele>
   </trkpt>
   <trkpt lat="45.0760060" lon="7.6580370">
    <ele>257.9</ele>
   </trkpt>
   <trkpt lat="45.0760080" lon="7.6581050">
    <ele>257.9</ele>
   </trkpt>
   <trkpt lat="45.0760060" lon="7.6581810">
    <ele>257.8</ele>
   </trkpt>
   <trkpt lat="45.0760090" lon="7.6582550">
    <ele>257.8</ele>
   </trkpt>
   <trkpt lat="45.0760150" lon="7.6583270">
    <ele>257.8</ele>
   </trkpt>
   <trkpt lat="45.0760180" lon="7.6583980">
    <ele>257.7</ele>
   </trkpt>
   <trkpt lat="45.0760200" lon="7.6584690">
    <ele>257.7</ele>
   </trkpt>
   <trkpt lat="45.0760200" lon="7.6585390">
    <ele>257.7</ele>
   </trkpt>
   <trkpt lat="45.0760270" lon="7.6586120">
    <ele>257.7</ele>
   </trkpt>
   <trkpt lat="45.0760300" lon="7.6586810">
    <ele>257.6</ele>
   </trkpt>
   <trkpt lat="45.0760410" lon="7.6587480">
    <ele>257.6</ele>
   </trkpt>
   <trkpt lat="45.0760560" lon="7.6588180">
    <ele>257.5</ele>
   </trkpt>
   <trkpt lat="45.0760630" lon="7.6588950">
    <ele>257.5</ele>
   </trkpt>
   <trkpt lat="45.0760630" lon="7.6589700">
    <ele>257.5</ele>
   </trkpt>
   <trkpt lat="45.0760600" lon="7.6590430">
    <ele>257.4</ele>
   </trkpt>
   <trkpt lat="45.0760610" lon="7.6591180">
    <ele>257.4</ele>
   </trkpt>
   <trkpt lat="45.0760610" lon="7.6591860">
    <ele>257.4</ele>
   </trkpt>
   <trkpt lat="45.0760600" lon="7.6592540">
    <ele>257.4</ele>
   </trkpt>
   <trkpt lat="45.0760600" lon="7.6593180">
    <ele>257.3</ele>
   </trkpt>
   <trkpt lat="45.0760610" lon="7.6593850">
    <ele>257.3</ele>
   </trkpt>
   <trkpt lat="45.0760610" lon="7.6594530">
    <ele>257.3</ele>
   </trkpt>
   <trkpt lat="45.0760640" lon="7.6595190">
    <ele>257.3</ele>
   </trkpt>
   <trkpt lat="45.0760600" lon="7.6595820">
    <ele>257.3</ele>
   </trkpt>
   <trkpt lat="45.0760560" lon="7.6596430">
    <ele>257.2</ele>
   </trkpt>
   <trkpt lat="45.0760610" lon="7.6597150">
    <ele>257.2</ele>
   </trkpt>
   <trkpt lat="45.0760650" lon="7.6597860">
    <ele>257.2</ele>
   </trkpt>
   <trkpt lat="45.0760670" lon="7.6598590">
    <ele>257.1</ele>
   </trkpt>
   <trkpt lat="45.0760650" lon="7.6599360">
    <ele>257.1</ele>
   </trkpt>
   <trkpt lat="45.0760690" lon="7.6600080">
    <ele>257.1</ele>
   </trkpt>
   <trkpt lat="45.0760810" lon="7.6600820">
    <ele>257.0</ele>
   </trkpt>
   <trkpt lat="45.0760960" lon="7.6601560">
    <ele>257.0</ele>
   </trkpt>
   <trkpt lat="45.0760990" lon="7.6602320">
    <ele>257.0</ele>
   </trkpt>
   <trkpt lat="45.0760970" lon="7.6602980">
    <ele>256.9</ele>
   </trkpt>
   <trkpt lat="45.0761000" lon="7.6603700">
    <ele>256.9</ele>
   </trkpt>
   <trkpt lat="45.0761060" lon="7.6604480">
    <ele>256.8</ele>
   </trkpt>
   <trkpt lat="45.0761140" lon="7.6605210">
    <ele>256.8</ele>
   </trkpt>
   <trkpt lat="45.0761190" lon="7.6605970">
    <ele>256.8</ele>
   </trkpt>
   <trkpt lat="45.0761190" lon="7.6606650">
    <ele>256.7</ele>
   </trkpt>
   <trkpt lat="45.0761200" lon="7.6607340">
    <ele>256.7</ele>
   </trkpt>
   <trkpt lat="45.0761240" lon="7.6607990">
    <ele>256.7</ele>
   </trkpt>
   <trkpt lat="45.0761260" lon="7.6608630">
    <ele>256.7</ele>
   </trkpt>
   <trkpt lat="45.0761250" lon="7.6609210">
    <ele>256.7</ele>
   </trkpt>
   <trkpt lat="45.0761220" lon="7.6609870">
    <ele>256.6</ele>
   </trkpt>
   <trkpt lat="45.0761230" lon="7.6610590">
    <ele>256.6</ele>
   </trkpt>
   <trkpt lat="45.0761220" lon="7.6611320">
    <ele>256.6</ele>
   </trkpt>
   <trkpt lat="45.0761160" lon="7.6612060">
    <ele>256.6</ele>
   </trkpt>
   <trkpt lat="45.0761220" lon="7.6612850">
    <ele>256.6</ele>
   </trkpt>
   <trkpt lat="45.0761450" lon="7.6613610">
    <ele>256.5</ele>
   </trkpt>
   <trkpt lat="45.0761640" lon="7.6614320">
    <ele>256.5</ele>
   </trkpt>
   <trkpt lat="45.0761720" lon="7.6615010">
    <ele>256.5</ele>
   </trkpt>
   <trkpt lat="45.0761710" lon="7.6615710">
    <ele>256.4</ele>
   </trkpt>
   <trkpt lat="45.0761720" lon="7.6616460">
    <ele>256.4</ele>
   </trkpt>
   <trkpt lat="45.0761740" lon="7.6617230">
    <ele>256.4</ele>
   </trkpt>
   <trkpt lat="45.0761630" lon="7.6618540">
    <ele>256.4</ele>
   </trkpt>
   <trkpt lat="45.0761590" lon="7.6619220">
    <ele>256.3</ele>
   </trkpt>
   <trkpt lat="45.0761590" lon="7.6619860">
    <ele>256.3</ele>
   </trkpt>
   <trkpt lat="45.0761600" lon="7.6620540">
    <ele>256.3</ele>
   </trkpt>
   <trkpt lat="45.0761610" lon="7.6621200">
    <ele>256.3</ele>
   </trkpt>
   <trkpt lat="45.0761640" lon="7.6621850">
    <ele>256.3</ele>
   </trkpt>
   <trkpt lat="45.0761640" lon="7.6622540">
    <ele>256.2</ele>
   </trkpt>
   <trkpt lat="45.0761640" lon="7.6623180">
    <ele>256.2</ele>
   </trkpt>
   <trkpt lat="45.0761680" lon="7.6623830">
    <ele>256.2</ele>
   </trkpt>
   <trkpt lat="45.0761690" lon="7.6624490">
    <ele>256.2</ele>
   </trkpt>
   <trkpt lat="45.0761860" lon="7.6625180">
    <ele>256.2</ele>
   </trkpt>
   <trkpt lat="45.0761990" lon="7.6625890">
    <ele>256.2</ele>
   </trkpt>
   <trkpt lat="45.0762120" lon="7.6626560">
    <ele>256.2</ele>
   </trkpt>
   <trkpt lat="45.0762210" lon="7.6627230">
    <ele>256.2</ele>
   </trkpt>
   <trkpt lat="45.0762290" lon="7.6627950">
    <ele>256.2</ele>
   </trkpt>
   <trkpt lat="45.0762310" lon="7.6628690">
    <ele>256.2</ele>
   </trkpt>
   <trkpt lat="45.0762270" lon="7.6629370">
    <ele>256.1</ele>
   </trkpt>
   <trkpt lat="45.0762230" lon="7.6629970">
    <ele>256.1</ele>
   </trkpt>
   <trkpt lat="45.0762160" lon="7.6630400">
    <ele>256.1</ele>
   </trkpt>
   <trkpt lat="45.0762100" lon="7.6630800">
    <ele>256.1</ele>
   </trkpt>
   <trkpt lat="45.0762140" lon="7.6631250">
    <ele>256.1</ele>
   </trkpt>
   <trkpt lat="45.0762250" lon="7.6631800">
    <ele>256.1</ele>
   </trkpt>
   <trkpt lat="45.0762390" lon="7.6632270">
    <ele>256.1</ele>
   </trkpt>
   <trkpt lat="45.0762570" lon="7.6632930">
    <ele>256.0</ele>
   </trkpt>
   <trkpt lat="45.0762610" lon="7.6633650">
    <ele>256.0</ele>
   </trkpt>
   <trkpt lat="45.0762670" lon="7.6634400">
    <ele>256.0</ele>
   </trkpt>
   <trkpt lat="45.0762710" lon="7.6635120">
    <ele>256.0</ele>
   </trkpt>
   <trkpt lat="45.0762710" lon="7.6635850">
    <ele>256.0</ele>
   </trkpt>
   <trkpt lat="45.0762680" lon="7.6636540">
    <ele>256.0</ele>
   </trkpt>
   <trkpt lat="45.0762640" lon="7.6637260">
    <ele>256.0</ele>
   </trkpt>
   <trkpt lat="45.0762540" lon="7.6637900">
    <ele>256.0</ele>
   </trkpt>
   <trkpt lat="45.0762400" lon="7.6638550">
    <ele>256.0</ele>
   </trkpt>
   <trkpt lat="45.0762330" lon="7.6639360">
    <ele>256.0</ele>
   </trkpt>
   <trkpt lat="45.0762260" lon="7.6639990">
    <ele>256.0</ele>
   </trkpt>
   <trkpt lat="45.0762200" lon="7.6640680">
    <ele>256.0</ele>
   </trkpt>
   <trkpt lat="45.0762190" lon="7.6641200">
    <ele>256.0</ele>
   </trkpt>
   <trkpt lat="45.0762190" lon="7.6641610">
    <ele>256.0</ele>
   </trkpt>
   <trkpt lat="45.0762200" lon="7.6641960">
    <ele>256.0</ele>
   </trkpt>
   <trkpt lat="45.0762210" lon="7.6642060">
    <ele>256.0</ele>
   </trkpt>
   <trkpt lat="45.0762220" lon="7.6642160">
    <ele>256.0</ele>
   </trkpt>
   <trkpt lat="45.0762230" lon="7.6642260">
    <ele>256.0</ele>
   </trkpt>
   <trkpt lat="45.0762240" lon="7.6642360">
    <ele>256.0</ele>
   </trkpt>
   <trkpt lat="45.0762250" lon="7.6642460">
    <ele>256.0</ele>
   </trkpt>
   <trkpt lat="45.0762260" lon="7.6642560">
    <ele>256.0</ele>
   </trkpt>
   <trkpt lat="45.0762270" lon="7.6642660">
    <ele>256.0</ele>
   </trkpt>
   <trkpt lat="45.0762280" lon="7.6642760">
    <ele>256.0</ele>
   </trkpt>
   <trkpt lat="45.0762290" lon="7.6642860">
    <ele>256.0</ele>
   </trkpt>
   <trkpt lat="45.0762300" lon="7.6642960">
    <ele>256.0</ele>
   </trkpt>
   <trkpt lat="45.0762310" lon="7.6643060">
    <ele>256.0</ele>
   </trkpt>
   <trkpt lat="45.0762320" lon="7.6643160">
    <ele>256.0</ele>
   </trkpt>
   <trkpt lat="45.0762330" lon="7.6643260">
    <ele>256.0</ele>
   </trkpt>
   <trkpt lat="45.0762370" lon="7.6643890">
    <ele>256.0</ele>
   </trkpt>
   <trkpt lat="45.0762400" lon="7.6644600">
    <ele>256.0</ele>
   </trkpt>
   <trkpt lat="45.0762440" lon="7.6645240">
    <ele>256.0</ele>
   </trkpt>
   <trkpt lat="45.0762490" lon="7.6645860">
    <ele>256.0</ele>
   </trkpt>
   <trkpt lat="45.0762540" lon="7.6646580">
    <ele>255.9</ele>
   </trkpt>
   <trkpt lat="45.0762590" lon="7.6647180">
    <ele>255.9</ele>
   </trkpt>
   <trkpt lat="45.0762600" lon="7.6647910">
    <ele>255.9</ele>
   </trkpt>
   <trkpt lat="45.0762670" lon="7.6648620">
    <ele>255.9</ele>
   </trkpt>
   <trkpt lat="45.0762760" lon="7.6649340">
    <ele>255.9</ele>
   </trkpt>
   <trkpt lat="45.0762800" lon="7.6649990">
    <ele>255.8</ele>
   </trkpt>
   <trkpt lat="45.0762890" lon="7.6650670">
    <ele>255.8</ele>
   </trkpt>
   <trkpt lat="45.0763010" lon="7.6651300">
    <ele>255.8</ele>
   </trkpt>
   <trkpt lat="45.0763110" lon="7.6652060">
    <ele>255.8</ele>
   </trkpt>
   <trkpt lat="45.0763170" lon="7.6652750">
    <ele>255.8</ele>
   </trkpt>
   <trkpt lat="45.0763220" lon="7.6653460">
    <ele>255.8</ele>
   </trkpt>
   <trkpt lat="45.0763220" lon="7.6654140">
    <ele>255.8</ele>
   </trkpt>
   <trkpt lat="45.0763230" lon="7.6654810">
    <ele>255.8</ele>
   </trkpt>
   <trkpt lat="45.0763270" lon="7.6655530">
    <ele>255.7</ele>
   </trkpt>
   <trkpt lat="45.0763270" lon="7.6656300">
    <ele>255.7</ele>
   </trkpt>
   <trkpt lat="45.0763270" lon="7.6657020">
    <ele>255.7</ele>
   </trkpt>
   <trkpt lat="45.0763280" lon="7.6657650">
    <ele>255.7</ele>
   </trkpt>
   <trkpt lat="45.0763360" lon="7.6658390">
    <ele>255.7</ele>
   </trkpt>
   <trkpt lat="45.0763420" lon="7.6659200">
    <ele>255.6</ele>
   </trkpt>
   <trkpt lat="45.0763470" lon="7.6659920">
    <ele>255.6</ele>
   </trkpt>
   <trkpt lat="45.0763480" lon="7.6660690">
    <ele>255.6</ele>
   </trkpt>
   <trkpt lat="45.0763480" lon="7.6661440">
    <ele>255.6</ele>
   </trkpt>
   <trkpt lat="45.0763460" lon="7.6662170">
    <ele>255.6</ele>
   </trkpt>
   <trkpt lat="45.0763410" lon="7.6662940">
    <ele>255.6</ele>
   </trkpt>
   <trkpt lat="45.0763460" lon="7.6663810">
    <ele>255.6</ele>
   </trkpt>
   <trkpt lat="45.0763470" lon="7.6664550">
    <ele>255.5</ele>
   </trkpt>
   <trkpt lat="45.0763510" lon="7.6665290">
    <ele>255.5</ele>
   </trkpt>
   <trkpt lat="45.0763570" lon="7.6666070">
    <ele>255.5</ele>
   </trkpt>
   <trkpt lat="45.0763630" lon="7.6666870">
    <ele>255.5</ele>
   </trkpt>
   <trkpt lat="45.0763650" lon="7.6667650">
    <ele>255.5</ele>
   </trkpt>
   <trkpt lat="45.0763640" lon="7.6668330">
    <ele>255.4</ele>
   </trkpt>
   <trkpt lat="45.0763680" lon="7.6669000">
    <ele>255.4</ele>
   </trkpt>
   <trkpt lat="45.0763810" lon="7.6669720">
    <ele>255.4</ele>
   </trkpt>
   <trkpt lat="45.0763930" lon="7.6670400">
    <ele>255.4</ele>
   </trkpt>
   <trkpt lat="45.0764010" lon="7.6671100">
    <ele>255.4</ele>
   </trkpt>
   <trkpt lat="45.0764030" lon="7.6671840">
    <ele>255.4</ele>
   </trkpt>
   <trkpt lat="45.0764040" lon="7.6672530">
    <ele>255.4</ele>
   </trkpt>
   <trkpt lat="45.0764040" lon="7.6673220">
    <ele>255.4</ele>
   </trkpt>
   <trkpt lat="45.0764050" lon="7.6673960">
    <ele>255.3</ele>
   </trkpt>
   <trkpt lat="45.0764070" lon="7.6674670">
    <ele>255.3</ele>
   </trkpt>
   <trkpt lat="45.0764130" lon="7.6675420">
    <ele>255.3</ele>
   </trkpt>
   <trkpt lat="45.0764160" lon="7.6676180">
    <ele>255.2</ele>
   </trkpt>
   <trkpt lat="45.0764180" lon="7.6676900">
    <ele>255.1</ele>
   </trkpt>
   <trkpt lat="45.0764110" lon="7.6677600">
    <ele>255.0</ele>
   </trkpt>
   <trkpt lat="45.0764130" lon="7.6678300">
    <ele>254.9</ele>
   </trkpt>
   <trkpt lat="45.0764080" lon="7.6678800">
    <ele>254.8</ele>
   </trkpt>
   <trkpt lat="45.0763940" lon="7.6678960">
    <ele>254.7</ele>
   </trkpt>
   <trkpt lat="45.0763910" lon="7.6678970">
    <ele>254.7</ele>
   </trkpt>
   <trkpt lat="45.0763870" lon="7.6678980">
    <ele>254.7</ele>
   </trkpt>
   <trkpt lat="45.0763840" lon="7.6678990">
    <ele>254.7</ele>
   </trkpt>
   <trkpt lat="45.0763810" lon="7.6679000">
    <ele>254.7</ele>
   </trkpt>
   <trkpt lat="45.0763780" lon="7.6679010">
    <ele>254.7</ele>
   </trkpt>
   <trkpt lat="45.0763750" lon="7.6679020">
    <ele>254.7</ele>
   </trkpt>
   <trkpt lat="45.0763720" lon="7.6679040">
    <ele>254.7</ele>
   </trkpt>
   <trkpt lat="45.0763680" lon="7.6679050">
    <ele>254.7</ele>
   </trkpt>
   <trkpt lat="45.0763650" lon="7.6679060">
    <ele>254.7</ele>
   </trkpt>
   <trkpt lat="45.0763620" lon="7.6679070">
    <ele>254.7</ele>
   </trkpt>
   <trkpt lat="45.0763590" lon="7.6679080">
    <ele>254.7</ele>
   </trkpt>
   <trkpt lat="45.0763560" lon="7.6679090">
    <ele>254.7</ele>
   </trkpt>
   <trkpt lat="45.0763520" lon="7.6679100">
    <ele>254.7</ele>
   </trkpt>
   <trkpt lat="45.0763490" lon="7.6679110">
    <ele>254.6</ele>
   </trkpt>
   <trkpt lat="45.0763460" lon="7.6679120">
    <ele>254.6</ele>
   </trkpt>
   <trkpt lat="45.0763460" lon="7.6679090">
    <ele>254.6</ele>
   </trkpt>
   <trkpt lat="45.0763470" lon="7.6679090">
    <ele>254.6</ele>
   </trkpt>
   <trkpt lat="45.0763480" lon="7.6679080">
    <ele>254.6</ele>
   </trkpt>
   <trkpt lat="45.0763510" lon="7.6679240">
    <ele>254.6</ele>
   </trkpt>
   <trkpt lat="45.0763450" lon="7.6679550">
    <ele>254.6</ele>
   </trkpt>
   <trkpt lat="45.0763450" lon="7.6679860">
    <ele>254.5</ele>
   </trkpt>
   <trkpt lat="45.0763470" lon="7.6679980">
    <ele>254.5</ele>
   </trkpt>
   <trkpt lat="45.0763490" lon="7.6680110">
    <ele>254.5</ele>
   </trkpt>
   <trkpt lat="45.0763630" lon="7.6680230">
    <ele>254.4</ele>
   </trkpt>
   <trkpt lat="45.0763730" lon="7.6680420">
    <ele>254.4</ele>
   </trkpt>
   <trkpt lat="45.0763900" lon="7.6680800">
    <ele>254.4</ele>
   </trkpt>
   <trkpt lat="45.0763950" lon="7.6680960">
    <ele>254.4</ele>
   </trkpt>
   <trkpt lat="45.0764040" lon="7.6681380">
    <ele>254.4</ele>
   </trkpt>
   <trkpt lat="45.0764000" lon="7.6681760">
    <ele>254.4</ele>
   </trkpt>
   <trkpt lat="45.0763900" lon="7.6682170">
    <ele>254.4</ele>
   </trkpt>
   <trkpt lat="45.0763790" lon="7.6682630">
    <ele>254.5</ele>
   </trkpt>
   <trkpt lat="45.0763660" lon="7.6683110">
    <ele>254.5</ele>
   </trkpt>
   <trkpt lat="45.0763530" lon="7.6683550">
    <ele>254.5</ele>
   </trkpt>
   <trkpt lat="45.0763430" lon="7.6684010">
    <ele>254.4</ele>
   </trkpt>
   <trkpt lat="45.0763340" lon="7.6684500">
    <ele>254.4</ele>
   </trkpt>
   <trkpt lat="45.0763240" lon="7.6685040">
    <ele>254.3</ele>
   </trkpt>
   <trkpt lat="45.0763200" lon="7.6685640">
    <ele>254.3</ele>
   </trkpt>
   <trkpt lat="45.0763220" lon="7.6686200">
    <ele>254.2</ele>
   </trkpt>
   <trkpt lat="45.0763210" lon="7.6686710">
    <ele>254.1</ele>
   </trkpt>
   <trkpt lat="45.0763220" lon="7.6687230">
    <ele>254.1</ele>
   </trkpt>
   <trkpt lat="45.0763290" lon="7.6687680">
    <ele>254.0</ele>
   </trkpt>
   <trkpt lat="45.0763380" lon="7.6688110">
    <ele>253.9</ele>
   </trkpt>
   <trkpt lat="45.0763500" lon="7.6688520">
    <ele>253.9</ele>
   </trkpt>
   <trkpt lat="45.0763710" lon="7.6688850">
    <ele>253.8</ele>
   </trkpt>
   <trkpt lat="45.0764000" lon="7.6689110">
    <ele>253.7</ele>
   </trkpt>
   <trkpt lat="45.0764290" lon="7.6689430">
    <ele>253.6</ele>
   </trkpt>
   <trkpt lat="45.0764510" lon="7.6689780">
    <ele>253.6</ele>
   </trkpt>
   <trkpt lat="45.0764660" lon="7.6690160">
    <ele>253.6</ele>
   </trkpt>
   <trkpt lat="45.0764670" lon="7.6690750">
    <ele>253.9</ele>
   </trkpt>
   <trkpt lat="45.0764520" lon="7.6691270">
    <ele>253.9</ele>
   </trkpt>
   <trkpt lat="45.0764280" lon="7.6691900">
    <ele>253.9</ele>
   </trkpt>
   <trkpt lat="45.0764070" lon="7.6692480">
    <ele>254.0</ele>
   </trkpt>
   <trkpt lat="45.0763880" lon="7.6692930">
    <ele>254.0</ele>
   </trkpt>
   <trkpt lat="45.0763700" lon="7.6693420">
    <ele>254.0</ele>
   </trkpt>
   <trkpt lat="45.0763590" lon="7.6693850">
    <ele>254.0</ele>
   </trkpt>
   <trkpt lat="45.0763570" lon="7.6693970">
    <ele>254.0</ele>
   </trkpt>
   <trkpt lat="45.0763490" lon="7.6694210">
    <ele>254.0</ele>
   </trkpt>
   <trkpt lat="45.0763480" lon="7.6694430">
    <ele>254.1</ele>
   </trkpt>
   <trkpt lat="45.0763450" lon="7.6694640">
    <ele>254.1</ele>
   </trkpt>
   <trkpt lat="45.0763430" lon="7.6694710">
    <ele>254.1</ele>
   </trkpt>
   <trkpt lat="45.0763410" lon="7.6694790">
    <ele>254.1</ele>
   </trkpt>
   <trkpt lat="45.0763390" lon="7.6694860">
    <ele>254.1</ele>
   </trkpt>
   <trkpt lat="45.0763370" lon="7.6694940">
    <ele>254.1</ele>
   </trkpt>
   <trkpt lat="45.0763350" lon="7.6695010">
    <ele>254.1</ele>
   </trkpt>
   <trkpt lat="45.0763330" lon="7.6695090">
    <ele>254.1</ele>
   </trkpt>
   <trkpt lat="45.0763310" lon="7.6695160">
    <ele>254.1</ele>
   </trkpt>
   <trkpt lat="45.0763290" lon="7.6695240">
    <ele>254.1</ele>
   </trkpt>
   <trkpt lat="45.0763270" lon="7.6695310">
    <ele>254.1</ele>
   </trkpt>
   <trkpt lat="45.0763250" lon="7.6695390">
    <ele>254.1</ele>
   </trkpt>
   <trkpt lat="45.0763230" lon="7.6695460">
    <ele>254.1</ele>
   </trkpt>
   <trkpt lat="45.0763210" lon="7.6695540">
    <ele>254.1</ele>
   </trkpt>
   <trkpt lat="45.0763190" lon="7.6695610">
    <ele>254.1</ele>
   </trkpt>
   <trkpt lat="45.0763090" lon="7.6696020">
    <ele>254.2</ele>
   </trkpt>
   <trkpt lat="45.0762960" lon="7.6696480">
    <ele>254.2</ele>
   </trkpt>
   <trkpt lat="45.0762860" lon="7.6696950">
    <ele>254.3</ele>
   </trkpt>
   <trkpt lat="45.0762780" lon="7.6697390">
    <ele>254.3</ele>
   </trkpt>
   <trkpt lat="45.0762710" lon="7.6697760">
    <ele>254.3</ele>
   </trkpt>
   <trkpt lat="45.0762720" lon="7.6698280">
    <ele>254.3</ele>
   </trkpt>
   <trkpt lat="45.0762720" lon="7.6698460">
    <ele>254.3</ele>
   </trkpt>
   <trkpt lat="45.0762680" lon="7.6698990">
    <ele>254.3</ele>
   </trkpt>
   <trkpt lat="45.0762650" lon="7.6699170">
    <ele>254.3</ele>
   </trkpt>
   <trkpt lat="45.0762540" lon="7.6699560">
    <ele>254.3</ele>
   </trkpt>
   <trkpt lat="45.0762410" lon="7.6699980">
    <ele>254.3</ele>
   </trkpt>
   <trkpt lat="45.0762280" lon="7.6700370">
    <ele>254.3</ele>
   </trkpt>
   <trkpt lat="45.0762110" lon="7.6700820">
    <ele>254.3</ele>
   </trkpt>
   <trkpt lat="45.0762000" lon="7.6701440">
    <ele>254.2</ele>
   </trkpt>
   <trkpt lat="45.0761940" lon="7.6702050">
    <ele>254.0</ele>
   </trkpt>
   <trkpt lat="45.0761970" lon="7.6702660">
    <ele>254.0</ele>
   </trkpt>
   <trkpt lat="45.0761860" lon="7.6703340">
    <ele>253.9</ele>
   </trkpt>
   <trkpt lat="45.0761640" lon="7.6703830">
    <ele>253.8</ele>
   </trkpt>
   <trkpt lat="45.0761460" lon="7.6704360">
    <ele>253.8</ele>
   </trkpt>
   <trkpt lat="45.0761260" lon="7.6704860">
    <ele>253.8</ele>
   </trkpt>
   <trkpt lat="45.0761050" lon="7.6705130">
    <ele>253.7</ele>
   </trkpt>
   <trkpt lat="45.0760890" lon="7.6705530">
    <ele>253.7</ele>
   </trkpt>
   <trkpt lat="45.0760740" lon="7.6705970">
    <ele>253.6</ele>
   </trkpt>
   <trkpt lat="45.0760530" lon="7.6706420">
    <ele>253.6</ele>
   </trkpt>
   <trkpt lat="45.0760330" lon="7.6706900">
    <ele>253.6</ele>
   </trkpt>
   <trkpt lat="45.0760140" lon="7.6707330">
    <ele>253.5</ele>
   </trkpt>
   <trkpt lat="45.0759900" lon="7.6707700">
    <ele>253.5</ele>
   </trkpt>
   <trkpt lat="45.0759680" lon="7.6708130">
    <ele>253.4</ele>
   </trkpt>
   <trkpt lat="45.0759520" lon="7.6708570">
    <ele>253.4</ele>
   </trkpt>
   <trkpt lat="45.0759410" lon="7.6709040">
    <ele>253.4</ele>
   </trkpt>
   <trkpt lat="45.0759320" lon="7.6709530">
    <ele>253.3</ele>
   </trkpt>
   <trkpt lat="45.0759160" lon="7.6710090">
    <ele>253.3</ele>
   </trkpt>
   <trkpt lat="45.0758990" lon="7.6710630">
    <ele>253.2</ele>
   </trkpt>
   <trkpt lat="45.0758800" lon="7.6711180">
    <ele>253.2</ele>
   </trkpt>
   <trkpt lat="45.0758490" lon="7.6711790">
    <ele>253.1</ele>
   </trkpt>
   <trkpt lat="45.0758280" lon="7.6712320">
    <ele>253.1</ele>
   </trkpt>
   <trkpt lat="45.0758140" lon="7.6713100">
    <ele>253.0</ele>
   </trkpt>
   <trkpt lat="45.0757970" lon="7.6713670">
    <ele>252.9</ele>
   </trkpt>
   <trkpt lat="45.0757940" lon="7.6714290">
    <ele>252.9</ele>
   </trkpt>
   <trkpt lat="45.0757980" lon="7.6715020">
    <ele>252.8</ele>
   </trkpt>
   <trkpt lat="45.0758040" lon="7.6715650">
    <ele>252.7</ele>
   </trkpt>
   <trkpt lat="45.0758110" lon="7.6716260">
    <ele>252.6</ele>
   </trkpt>
   <trkpt lat="45.0758150" lon="7.6716880">
    <ele>252.6</ele>
   </trkpt>
   <trkpt lat="45.0758230" lon="7.6717560">
    <ele>252.6</ele>
   </trkpt>
   <trkpt lat="45.0758320" lon="7.6718220">
    <ele>252.6</ele>
   </trkpt>
   <trkpt lat="45.0758330" lon="7.6718880">
    <ele>252.6</ele>
   </trkpt>
   <trkpt lat="45.0758260" lon="7.6719560">
    <ele>252.5</ele>
   </trkpt>
   <trkpt lat="45.0758150" lon="7.6720270">
    <ele>252.5</ele>
   </trkpt>
   <trkpt lat="45.0757980" lon="7.6720900">
    <ele>252.5</ele>
   </trkpt>
   <trkpt lat="45.0757790" lon="7.6721470">
    <ele>252.5</ele>
   </trkpt>
   <trkpt lat="45.0757540" lon="7.6722040">
    <ele>252.6</ele>
   </trkpt>
   <trkpt lat="45.0757330" lon="7.6722640">
    <ele>252.6</ele>
   </trkpt>
   <trkpt lat="45.0757120" lon="7.6723260">
    <ele>252.6</ele>
   </trkpt>
   <trkpt lat="45.0756900" lon="7.6723820">
    <ele>252.6</ele>
   </trkpt>
   <trkpt lat="45.0756720" lon="7.6724300">
    <ele>252.7</ele>
   </trkpt>
   <trkpt lat="45.0756570" lon="7.6724740">
    <ele>252.7</ele>
   </trkpt>
   <trkpt lat="45.0756430" lon="7.6725140">
    <ele>252.7</ele>
   </trkpt>
   <trkpt lat="45.0756270" lon="7.6725580">
    <ele>252.8</ele>
   </trkpt>
   <trkpt lat="45.0756240" lon="7.6725720">
    <ele>252.8</ele>
   </trkpt>
   <trkpt lat="45.0756080" lon="7.6726270">
    <ele>252.7</ele>
   </trkpt>
   <trkpt lat="45.0756020" lon="7.6726480">
    <ele>252.7</ele>
   </trkpt>
   <trkpt lat="45.0755840" lon="7.6726970">
    <ele>252.7</ele>
   </trkpt>
   <trkpt lat="45.0755680" lon="7.6727400">
    <ele>252.6</ele>
   </trkpt>
   <trkpt lat="45.0755520" lon="7.6727830">
    <ele>252.6</ele>
   </trkpt>
   <trkpt lat="45.0755240" lon="7.6728280">
    <ele>252.6</ele>
   </trkpt>
   <trkpt lat="45.0754870" lon="7.6728830">
    <ele>252.5</ele>
   </trkpt>
   <trkpt lat="45.0754640" lon="7.6729270">
    <ele>252.5</ele>
   </trkpt>
   <trkpt lat="45.0754550" lon="7.6729680">
    <ele>252.5</ele>
   </trkpt>
   <trkpt lat="45.0754420" lon="7.6730190">
    <ele>252.4</ele>
   </trkpt>
   <trkpt lat="45.0754260" lon="7.6730610">
    <ele>252.4</ele>
   </trkpt>
   <trkpt lat="45.0754110" lon="7.6731040">
    <ele>252.4</ele>
   </trkpt>
   <trkpt lat="45.0753970" lon="7.6731480">
    <ele>252.4</ele>
   </trkpt>
   <trkpt lat="45.0753810" lon="7.6731840">
    <ele>252.4</ele>
   </trkpt>
   <trkpt lat="45.0753640" lon="7.6732320">
    <ele>252.3</ele>
   </trkpt>
   <trkpt lat="45.0753590" lon="7.6732490">
    <ele>252.3</ele>
   </trkpt>
   <trkpt lat="45.0753510" lon="7.6732990">
    <ele>252.3</ele>
   </trkpt>
   <trkpt lat="45.0753480" lon="7.6733120">
    <ele>252.3</ele>
   </trkpt>
   <trkpt lat="45.0753390" lon="7.6733260">
    <ele>252.3</ele>
   </trkpt>
   <trkpt lat="45.0753380" lon="7.6733320">
    <ele>252.3</ele>
   </trkpt>
   <trkpt lat="45.0753360" lon="7.6733370">
    <ele>252.3</ele>
   </trkpt>
   <trkpt lat="45.0753350" lon="7.6733430">
    <ele>252.3</ele>
   </trkpt>
   <trkpt lat="45.0753330" lon="7.6733480">
    <ele>252.3</ele>
   </trkpt>
   <trkpt lat="45.0753320" lon="7.6733540">
    <ele>252.3</ele>
   </trkpt>
   <trkpt lat="45.0753300" lon="7.6733590">
    <ele>252.3</ele>
   </trkpt>
   <trkpt lat="45.0753290" lon="7.6733650">
    <ele>252.3</ele>
   </trkpt>
   <trkpt lat="45.0753270" lon="7.6733700">
    <ele>252.3</ele>
   </trkpt>
   <trkpt lat="45.0753250" lon="7.6733750">
    <ele>252.3</ele>
   </trkpt>
   <trkpt lat="45.0753240" lon="7.6733810">
    <ele>252.3</ele>
   </trkpt>
   <trkpt lat="45.0753220" lon="7.6733860">
    <ele>252.3</ele>
   </trkpt>
   <trkpt lat="45.0753210" lon="7.6733920">
    <ele>252.3</ele>
   </trkpt>
   <trkpt lat="45.0753190" lon="7.6733970">
    <ele>252.3</ele>
   </trkpt>
   <trkpt lat="45.0753180" lon="7.6734030">
    <ele>252.3</ele>
   </trkpt>
   <trkpt lat="45.0753160" lon="7.6734080">
    <ele>252.3</ele>
   </trkpt>
   <trkpt lat="45.0752870" lon="7.6734470">
    <ele>252.3</ele>
   </trkpt>
   <trkpt lat="45.0752770" lon="7.6734600">
    <ele>252.2</ele>
   </trkpt>
   <trkpt lat="45.0752590" lon="7.6734990">
    <ele>252.2</ele>
   </trkpt>
   <trkpt lat="45.0752400" lon="7.6735290">
    <ele>252.2</ele>
   </trkpt>
   <trkpt lat="45.0752280" lon="7.6735650">
    <ele>252.2</ele>
   </trkpt>
   <trkpt lat="45.0752210" lon="7.6736170">
    <ele>252.2</ele>
   </trkpt>
   <trkpt lat="45.0752190" lon="7.6736340">
    <ele>252.2</ele>
   </trkpt>
   <trkpt lat="45.0752090" lon="7.6736810">
    <ele>252.2</ele>
   </trkpt>
   <trkpt lat="45.0752050" lon="7.6736970">
    <ele>252.2</ele>
   </trkpt>
   <trkpt lat="45.0751920" lon="7.6737320">
    <ele>252.1</ele>
   </trkpt>
   <trkpt lat="45.0751680" lon="7.6737820">
    <ele>252.1</ele>
   </trkpt>
   <trkpt lat="45.0751600" lon="7.6738010">
    <ele>252.1</ele>
   </trkpt>
   <trkpt lat="45.0751430" lon="7.6738430">
    <ele>252.1</ele>
   </trkpt>
   <trkpt lat="45.0751290" lon="7.6738790">
    <ele>252.1</ele>
   </trkpt>
   <trkpt lat="45.0751120" lon="7.6739270">
    <ele>252.0</ele>
   </trkpt>
   <trkpt lat="45.0751070" lon="7.6739420">
    <ele>252.0</ele>
   </trkpt>
   <trkpt lat="45.0751010" lon="7.6739620">
    <ele>252.0</ele>
   </trkpt>
   <trkpt lat="45.0750960" lon="7.6739820">
    <ele>252.0</ele>
   </trkpt>
   <trkpt lat="45.0750900" lon="7.6740030">
    <ele>252.0</ele>
   </trkpt>
   <trkpt lat="45.0750830" lon="7.6740240">
    <ele>252.0</ele>
   </trkpt>
   <trkpt lat="45.0750710" lon="7.6740600">
    <ele>252.0</ele>
   </trkpt>
   <trkpt lat="45.0750670" lon="7.6740710">
    <ele>251.9</ele>
   </trkpt>
   <trkpt lat="45.0750530" lon="7.6741120">
    <ele>251.9</ele>
   </trkpt>
   <trkpt lat="45.0750500" lon="7.6741260">
    <ele>251.9</ele>
   </trkpt>
   <trkpt lat="45.0750490" lon="7.6741470">
    <ele>251.9</ele>
   </trkpt>
   <trkpt lat="45.0750480" lon="7.6741730">
    <ele>251.9</ele>
   </trkpt>
   <trkpt lat="45.0750350" lon="7.6742090">
    <ele>251.9</ele>
   </trkpt>
   <trkpt lat="45.0750060" lon="7.6742520">
    <ele>251.9</ele>
   </trkpt>
   <trkpt lat="45.0749950" lon="7.6742680">
    <ele>251.9</ele>
   </trkpt>
   <trkpt lat="45.0749770" lon="7.6743040">
    <ele>251.9</ele>
   </trkpt>
   <trkpt lat="45.0749600" lon="7.6743450">
    <ele>251.8</ele>
   </trkpt>
   <trkpt lat="45.0749460" lon="7.6743920">
    <ele>251.8</ele>
   </trkpt>
   <trkpt lat="45.0749320" lon="7.6744360">
    <ele>251.8</ele>
   </trkpt>
   <trkpt lat="45.0749200" lon="7.6744840">
    <ele>251.8</ele>
   </trkpt>
   <trkpt lat="45.0749150" lon="7.6745270">
    <ele>251.8</ele>
   </trkpt>
   <trkpt lat="45.0749030" lon="7.6745680">
    <ele>251.8</ele>
   </trkpt>
   <trkpt lat="45.0748930" lon="7.6746130">
    <ele>251.8</ele>
   </trkpt>
   <trkpt lat="45.0748770" lon="7.6746590">
    <ele>251.8</ele>
   </trkpt>
   <trkpt lat="45.0748650" lon="7.6747040">
    <ele>251.8</ele>
   </trkpt>
   <trkpt lat="45.0748520" lon="7.6747500">
    <ele>251.8</ele>
   </trkpt>
   <trkpt lat="45.0748380" lon="7.6747960">
    <ele>251.8</ele>
   </trkpt>
   <trkpt lat="45.0748220" lon="7.6748400">
    <ele>251.8</ele>
   </trkpt>
   <trkpt lat="45.0748030" lon="7.6748790">
    <ele>251.8</ele>
   </trkpt>
   <trkpt lat="45.0747870" lon="7.6749160">
    <ele>251.8</ele>
   </trkpt>
   <trkpt lat="45.0747710" lon="7.6749560">
    <ele>251.8</ele>
   </trkpt>
   <trkpt lat="45.0747630" lon="7.6750010">
    <ele>251.8</ele>
   </trkpt>
   <trkpt lat="45.0747600" lon="7.6750430">
    <ele>251.8</ele>
   </trkpt>
   <trkpt lat="45.0747510" lon="7.6750860">
    <ele>251.8</ele>
   </trkpt>
   <trkpt lat="45.0747420" lon="7.6751340">
    <ele>251.8</ele>
   </trkpt>
   <trkpt lat="45.0747210" lon="7.6751840">
    <ele>251.8</ele>
   </trkpt>
   <trkpt lat="45.0747010" lon="7.6752380">
    <ele>251.8</ele>
   </trkpt>
   <trkpt lat="45.0746770" lon="7.6752880">
    <ele>251.7</ele>
   </trkpt>
   <trkpt lat="45.0746530" lon="7.6753410">
    <ele>251.7</ele>
   </trkpt>
   <trkpt lat="45.0746280" lon="7.6753870">
    <ele>251.7</ele>
   </trkpt>
   <trkpt lat="45.0746080" lon="7.6754320">
    <ele>251.7</ele>
   </trkpt>
   <trkpt lat="45.0745850" lon="7.6754760">
    <ele>251.7</ele>
   </trkpt>
   <trkpt lat="45.0745610" lon="7.6755200">
    <ele>251.7</ele>
   </trkpt>
   <trkpt lat="45.0745430" lon="7.6755650">
    <ele>251.7</ele>
   </trkpt>
   <trkpt lat="45.0745280" lon="7.6756120">
    <ele>251.7</ele>
   </trkpt>
   <trkpt lat="45.0745140" lon="7.6756540">
    <ele>251.7</ele>
   </trkpt>
   <trkpt lat="45.0745020" lon="7.6756890">
    <ele>251.7</ele>
   </trkpt>
   <trkpt lat="45.0744850" lon="7.6757360">
    <ele>251.7</ele>
   </trkpt>
   <trkpt lat="45.0744800" lon="7.6757490">
    <ele>251.7</ele>
   </trkpt>
   <trkpt lat="45.0744770" lon="7.6757730">
    <ele>251.7</ele>
   </trkpt>
   <trkpt lat="45.0744750" lon="7.6757860">
    <ele>251.7</ele>
   </trkpt>
   <trkpt lat="45.0744710" lon="7.6757910">
    <ele>251.7</ele>
   </trkpt>
   <trkpt lat="45.0744720" lon="7.6757980">
    <ele>251.7</ele>
   </trkpt>
   <trkpt lat="45.0744720" lon="7.6758000">
    <ele>251.7</ele>
   </trkpt>
   <trkpt lat="45.0744700" lon="7.6758130">
    <ele>251.7</ele>
   </trkpt>
   <trkpt lat="45.0744700" lon="7.6758210">
    <ele>251.7</ele>
   </trkpt>
   <trkpt lat="45.0744670" lon="7.6758350">
    <ele>251.7</ele>
   </trkpt>
   <trkpt lat="45.0744610" lon="7.6758530">
    <ele>251.7</ele>
   </trkpt>
   <trkpt lat="45.0744490" lon="7.6758720">
    <ele>251.7</ele>
   </trkpt>
   <trkpt lat="45.0744410" lon="7.6758930">
    <ele>251.7</ele>
   </trkpt>
   <trkpt lat="45.0744350" lon="7.6759100">
    <ele>251.7</ele>
   </trkpt>
   <trkpt lat="45.0744210" lon="7.6759460">
    <ele>251.7</ele>
   </trkpt>
   <trkpt lat="45.0744170" lon="7.6759590">
    <ele>251.7</ele>
   </trkpt>
   <trkpt lat="45.0744070" lon="7.6760140">
    <ele>251.7</ele>
   </trkpt>
   <trkpt lat="45.0744030" lon="7.6760330">
    <ele>251.8</ele>
   </trkpt>
   <trkpt lat="45.0743920" lon="7.6760720">
    <ele>251.8</ele>
   </trkpt>
   <trkpt lat="45.0743760" lon="7.6761060">
    <ele>251.8</ele>
   </trkpt>
   <trkpt lat="45.0743580" lon="7.6761520">
    <ele>251.8</ele>
   </trkpt>
   <trkpt lat="45.0743510" lon="7.6761670">
    <ele>251.8</ele>
   </trkpt>
   <trkpt lat="45.0743280" lon="7.6762070">
    <ele>251.8</ele>
   </trkpt>
   <trkpt lat="45.0743210" lon="7.6762190">
    <ele>251.8</ele>
   </trkpt>
   <trkpt lat="45.0743000" lon="7.6762680">
    <ele>251.8</ele>
   </trkpt>
   <trkpt lat="45.0742920" lon="7.6762860">
    <ele>251.8</ele>
   </trkpt>
   <trkpt lat="45.0742690" lon="7.6763330">
    <ele>251.8</ele>
   </trkpt>
   <trkpt lat="45.0742580" lon="7.6763500">
    <ele>251.8</ele>
   </trkpt>
   <trkpt lat="45.0742470" lon="7.6763870">
    <ele>251.8</ele>
   </trkpt>
   <trkpt lat="45.0742340" lon="7.6764210">
    <ele>251.8</ele>
   </trkpt>
   <trkpt lat="45.0742240" lon="7.6764790">
    <ele>251.8</ele>
   </trkpt>
   <trkpt lat="45.0742200" lon="7.6765020">
    <ele>251.8</ele>
   </trkpt>
   <trkpt lat="45.0742140" lon="7.6765500">
    <ele>251.8</ele>
   </trkpt>
   <trkpt lat="45.0741840" lon="7.6765870">
    <ele>251.8</ele>
   </trkpt>
   <trkpt lat="45.0741740" lon="7.6765990">
    <ele>251.8</ele>
   </trkpt>
   <trkpt lat="45.0741650" lon="7.6766450">
    <ele>251.8</ele>
   </trkpt>
   <trkpt lat="45.0741640" lon="7.6766600">
    <ele>251.8</ele>
   </trkpt>
   <trkpt lat="45.0741620" lon="7.6766850">
    <ele>251.8</ele>
   </trkpt>
   <trkpt lat="45.0741610" lon="7.6766890">
    <ele>251.8</ele>
   </trkpt>
   <trkpt lat="45.0741610" lon="7.6766930">
    <ele>251.8</ele>
   </trkpt>
   <trkpt lat="45.0741610" lon="7.6766970">
    <ele>251.8</ele>
   </trkpt>
   <trkpt lat="45.0741600" lon="7.6767010">
    <ele>251.8</ele>
   </trkpt>
   <trkpt lat="45.0741600" lon="7.6767050">
    <ele>251.8</ele>
   </trkpt>
   <trkpt lat="45.0741590" lon="7.6767090">
    <ele>251.8</ele>
   </trkpt>
   <trkpt lat="45.0741590" lon="7.6767130">
    <ele>251.8</ele>
   </trkpt>
   <trkpt lat="45.0741590" lon="7.6767170">
    <ele>251.8</ele>
   </trkpt>
   <trkpt lat="45.0741580" lon="7.6767220">
    <ele>251.8</ele>
   </trkpt>
   <trkpt lat="45.0741580" lon="7.6767260">
    <ele>251.8</ele>
   </trkpt>
   <trkpt lat="45.0741580" lon="7.6767300">
    <ele>251.8</ele>
   </trkpt>
   <trkpt lat="45.0741570" lon="7.6767340">
    <ele>251.8</ele>
   </trkpt>
   <trkpt lat="45.0741570" lon="7.6767380">
    <ele>251.8</ele>
   </trkpt>
   <trkpt lat="45.0741560" lon="7.6767420">
    <ele>251.8</ele>
   </trkpt>
   <trkpt lat="45.0741560" lon="7.6767460">
    <ele>251.8</ele>
   </trkpt>
   <trkpt lat="45.0741560" lon="7.6767500">
    <ele>251.8</ele>
   </trkpt>
   <trkpt lat="45.0741550" lon="7.6767540">
    <ele>251.8</ele>
   </trkpt>
   <trkpt lat="45.0741550" lon="7.6767580">
    <ele>251.8</ele>
   </trkpt>
   <trkpt lat="45.0741420" lon="7.6767970">
    <ele>251.8</ele>
   </trkpt>
   <trkpt lat="45.0741360" lon="7.6768120">
    <ele>251.8</ele>
   </trkpt>
   <trkpt lat="45.0741150" lon="7.6768470">
    <ele>251.8</ele>
   </trkpt>
   <trkpt lat="45.0741090" lon="7.6768550">
    <ele>251.8</ele>
   </trkpt>
   <trkpt lat="45.0741040" lon="7.6768710">
    <ele>251.8</ele>
   </trkpt>
   <trkpt lat="45.0740980" lon="7.6768940">
    <ele>251.7</ele>
   </trkpt>
   <trkpt lat="45.0740830" lon="7.6769320">
    <ele>251.7</ele>
   </trkpt>
   <trkpt lat="45.0740770" lon="7.6769460">
    <ele>251.7</ele>
   </trkpt>
   <trkpt lat="45.0740640" lon="7.6769890">
    <ele>251.7</ele>
   </trkpt>
   <trkpt lat="45.0740510" lon="7.6770280">
    <ele>251.7</ele>
   </trkpt>
   <trkpt lat="45.0740370" lon="7.6770660">
    <ele>251.7</ele>
   </trkpt>
   <trkpt lat="45.0740240" lon="7.6771200">
    <ele>251.7</ele>
   </trkpt>
   <trkpt lat="45.0740200" lon="7.6771370">
    <ele>251.7</ele>
   </trkpt>
   <trkpt lat="45.0740030" lon="7.6771830">
    <ele>251.7</ele>
   </trkpt>
   <trkpt lat="45.0739980" lon="7.6771970">
    <ele>251.7</ele>
   </trkpt>
   <trkpt lat="45.0739880" lon="7.6772340">
    <ele>251.6</ele>
   </trkpt>
   <trkpt lat="45.0739860" lon="7.6772460">
    <ele>251.6</ele>
   </trkpt>
   <trkpt lat="45.0739830" lon="7.6772840">
    <ele>251.6</ele>
   </trkpt>
   <trkpt lat="45.0739760" lon="7.6773280">
    <ele>251.6</ele>
   </trkpt>
   <trkpt lat="45.0739540" lon="7.6773790">
    <ele>251.6</ele>
   </trkpt>
   <trkpt lat="45.0739430" lon="7.6773950">
    <ele>251.6</ele>
   </trkpt>
   <trkpt lat="45.0739160" lon="7.6774340">
    <ele>251.6</ele>
   </trkpt>
   <trkpt lat="45.0738940" lon="7.6774810">
    <ele>251.6</ele>
   </trkpt>
   <trkpt lat="45.0738800" lon="7.6775340">
    <ele>251.6</ele>
   </trkpt>
   <trkpt lat="45.0738640" lon="7.6775820">
    <ele>251.6</ele>
   </trkpt>
   <trkpt lat="45.0738550" lon="7.6776350">
    <ele>251.6</ele>
   </trkpt>
   <trkpt lat="45.0738410" lon="7.6776870">
    <ele>251.6</ele>
   </trkpt>
   <trkpt lat="45.0738230" lon="7.6777400">
    <ele>251.5</ele>
   </trkpt>
   <trkpt lat="45.0737970" lon="7.6777840">
    <ele>251.5</ele>
   </trkpt>
   <trkpt lat="45.0737680" lon="7.6778250">
    <ele>251.5</ele>
   </trkpt>
   <trkpt lat="45.0737370" lon="7.6778710">
    <ele>251.5</ele>
   </trkpt>
   <trkpt lat="45.0737170" lon="7.6779190">
    <ele>251.4</ele>
   </trkpt>
   <trkpt lat="45.0736910" lon="7.6779580">
    <ele>251.4</ele>
   </trkpt>
   <trkpt lat="45.0736760" lon="7.6780170">
    <ele>251.4</ele>
   </trkpt>
   <trkpt lat="45.0736510" lon="7.6780740">
    <ele>251.4</ele>
   </trkpt>
   <trkpt lat="45.0736390" lon="7.6781250">
    <ele>251.3</ele>
   </trkpt>
   <trkpt lat="45.0736240" lon="7.6781690">
    <ele>251.3</ele>
   </trkpt>
   <trkpt lat="45.0736130" lon="7.6782130">
    <ele>251.3</ele>
   </trkpt>
   <trkpt lat="45.0735990" lon="7.6782540">
    <ele>251.3</ele>
   </trkpt>
   <trkpt lat="45.0735810" lon="7.6782840">
    <ele>251.3</ele>
   </trkpt>
   <trkpt lat="45.0735610" lon="7.6783180">
    <ele>251.2</ele>
   </trkpt>
   <trkpt lat="45.0735470" lon="7.6783520">
    <ele>251.2</ele>
   </trkpt>
   <trkpt lat="45.0735330" lon="7.6783900">
    <ele>251.2</ele>
   </trkpt>
   <trkpt lat="45.0735190" lon="7.6784350">
    <ele>251.2</ele>
   </trkpt>
   <trkpt lat="45.0735050" lon="7.6784780">
    <ele>251.2</ele>
   </trkpt>
   <trkpt lat="45.0734920" lon="7.6785160">
    <ele>251.1</ele>
   </trkpt>
   <trkpt lat="45.0734760" lon="7.6785580">
    <ele>251.1</ele>
   </trkpt>
   <trkpt lat="45.0734670" lon="7.6785970">
    <ele>251.1</ele>
   </trkpt>
   <trkpt lat="45.0734580" lon="7.6786390">
    <ele>251.1</ele>
   </trkpt>
   <trkpt lat="45.0734490" lon="7.6786910">
    <ele>251.0</ele>
   </trkpt>
   <trkpt lat="45.0734450" lon="7.6787050">
    <ele>251.0</ele>
   </trkpt>
   <trkpt lat="45.0734280" lon="7.6787470">
    <ele>251.0</ele>
   </trkpt>
   <trkpt lat="45.0734200" lon="7.6787620">
    <ele>251.0</ele>
   </trkpt>
   <trkpt lat="45.0734030" lon="7.6788120">
    <ele>250.9</ele>
   </trkpt>
   <trkpt lat="45.0733970" lon="7.6788270">
    <ele>250.9</ele>
   </trkpt>
   <trkpt lat="45.0733820" lon="7.6788620">
    <ele>250.9</ele>
   </trkpt>
   <trkpt lat="45.0733700" lon="7.6789030">
    <ele>250.9</ele>
   </trkpt>
   <trkpt lat="45.0733520" lon="7.6789430">
    <ele>250.9</ele>
   </trkpt>
   <trkpt lat="45.0733320" lon="7.6789910">
    <ele>250.9</ele>
   </trkpt>
   <trkpt lat="45.0733130" lon="7.6790390">
    <ele>250.8</ele>
   </trkpt>
   <trkpt lat="45.0732910" lon="7.6790800">
    <ele>250.8</ele>
   </trkpt>
   <trkpt lat="45.0732750" lon="7.6791170">
    <ele>250.8</ele>
   </trkpt>
   <trkpt lat="45.0732600" lon="7.6791560">
    <ele>250.8</ele>
   </trkpt>
   <trkpt lat="45.0732410" lon="7.6791990">
    <ele>250.7</ele>
   </trkpt>
   <trkpt lat="45.0732220" lon="7.6792300">
    <ele>250.7</ele>
   </trkpt>
   <trkpt lat="45.0732040" lon="7.6792650">
    <ele>250.7</ele>
   </trkpt>
   <trkpt lat="45.0731950" lon="7.6793210">
    <ele>250.6</ele>
   </trkpt>
   <trkpt lat="45.0731920" lon="7.6793420">
    <ele>250.6</ele>
   </trkpt>
   <trkpt lat="45.0731850" lon="7.6793800">
    <ele>250.6</ele>
   </trkpt>
   <trkpt lat="45.0731800" lon="7.6794180">
    <ele>250.6</ele>
   </trkpt>
   <trkpt lat="45.0731740" lon="7.6794620">
    <ele>250.6</ele>
   </trkpt>
   <trkpt lat="45.0731660" lon="7.6795030">
    <ele>250.5</ele>
   </trkpt>
   <trkpt lat="45.0731530" lon="7.6795380">
    <ele>250.5</ele>
   </trkpt>
   <trkpt lat="45.0731310" lon="7.6795750">
    <ele>250.5</ele>
   </trkpt>
   <trkpt lat="45.0731160" lon="7.6796160">
    <ele>250.5</ele>
   </trkpt>
   <trkpt lat="45.0730980" lon="7.6796650">
    <ele>250.4</ele>
   </trkpt>
   <trkpt lat="45.0730820" lon="7.6797120">
    <ele>250.4</ele>
   </trkpt>
   <trkpt lat="45.0730630" lon="7.6797570">
    <ele>250.4</ele>
   </trkpt>
   <trkpt lat="45.0730540" lon="7.6798000">
    <ele>250.3</ele>
   </trkpt>
   <trkpt lat="45.0730440" lon="7.6798370">
    <ele>250.3</ele>
   </trkpt>
   <trkpt lat="45.0730310" lon="7.6798810">
    <ele>250.3</ele>
   </trkpt>
   <trkpt lat="45.0730190" lon="7.6799180">
    <ele>250.2</ele>
   </trkpt>
   <trkpt lat="45.0730040" lon="7.6799650">
    <ele>250.1</ele>
   </trkpt>
   <trkpt lat="45.0729990" lon="7.6799810">
    <ele>250.1</ele>
   </trkpt>
   <trkpt lat="45.0729800" lon="7.6800310">
    <ele>250.1</ele>
   </trkpt>
   <trkpt lat="45.0729750" lon="7.6800490">
    <ele>250.1</ele>
   </trkpt>
   <trkpt lat="45.0729590" lon="7.6800830">
    <ele>250.0</ele>
   </trkpt>
   <trkpt lat="45.0729370" lon="7.6801160">
    <ele>250.0</ele>
   </trkpt>
   <trkpt lat="45.0729170" lon="7.6801540">
    <ele>250.0</ele>
   </trkpt>
   <trkpt lat="45.0729130" lon="7.6801650">
    <ele>250.0</ele>
   </trkpt>
   <trkpt lat="45.0728970" lon="7.6802030">
    <ele>249.9</ele>
   </trkpt>
   <trkpt lat="45.0728900" lon="7.6802120">
    <ele>249.9</ele>
   </trkpt>
   <trkpt lat="45.0728810" lon="7.6802310">
    <ele>249.9</ele>
   </trkpt>
   <trkpt lat="45.0728760" lon="7.6802580">
    <ele>249.9</ele>
   </trkpt>
   <trkpt lat="45.0728620" lon="7.6803050">
    <ele>249.9</ele>
   </trkpt>
   <trkpt lat="45.0728570" lon="7.6803220">
    <ele>249.8</ele>
   </trkpt>
   <trkpt lat="45.0728460" lon="7.6803620">
    <ele>249.8</ele>
   </trkpt>
   <trkpt lat="45.0728310" lon="7.6804160">
    <ele>249.8</ele>
   </trkpt>
   <trkpt lat="45.0728260" lon="7.6804350">
    <ele>249.8</ele>
   </trkpt>
   <trkpt lat="45.0728150" lon="7.6804730">
    <ele>249.7</ele>
   </trkpt>
   <trkpt lat="45.0728080" lon="7.6805100">
    <ele>249.7</ele>
   </trkpt>
   <trkpt lat="45.0727910" lon="7.6805520">
    <ele>249.7</ele>
   </trkpt>
   <trkpt lat="45.0727850" lon="7.6805660">
    <ele>249.7</ele>
   </trkpt>
   <trkpt lat="45.0727630" lon="7.6806110">
    <ele>249.7</ele>
   </trkpt>
   <trkpt lat="45.0727550" lon="7.6806220">
    <ele>249.7</ele>
   </trkpt>
   <trkpt lat="45.0727390" lon="7.6806540">
    <ele>249.6</ele>
   </trkpt>
   <trkpt lat="45.0727220" lon="7.6806930">
    <ele>249.6</ele>
   </trkpt>
   <trkpt lat="45.0727160" lon="7.6807050">
    <ele>249.6</ele>
   </trkpt>
   <trkpt lat="45.0726990" lon="7.6807420">
    <ele>249.6</ele>
   </trkpt>
   <trkpt lat="45.0726870" lon="7.6807830">
    <ele>249.6</ele>
   </trkpt>
   <trkpt lat="45.0726780" lon="7.6808240">
    <ele>249.6</ele>
   </trkpt>
   <trkpt lat="45.0726630" lon="7.6808690">
    <ele>249.5</ele>
   </trkpt>
   <trkpt lat="45.0726580" lon="7.6808820">
    <ele>249.5</ele>
   </trkpt>
   <trkpt lat="45.0726590" lon="7.6808950">
    <ele>249.5</ele>
   </trkpt>
   <trkpt lat="45.0726680" lon="7.6809110">
    <ele>249.5</ele>
   </trkpt>
   <trkpt lat="45.0726770" lon="7.6809220">
    <ele>249.5</ele>
   </trkpt>
   <trkpt lat="45.0726930" lon="7.6809330">
    <ele>249.4</ele>
   </trkpt>
   <trkpt lat="45.0727080" lon="7.6809330">
    <ele>249.2</ele>
   </trkpt>
   <trkpt lat="45.0727410" lon="7.6809580">
    <ele>249.1</ele>
   </trkpt>
   <trkpt lat="45.0727560" lon="7.6809750">
    <ele>249.1</ele>
   </trkpt>
   <trkpt lat="45.0727910" lon="7.6810070">
    <ele>249.2</ele>
   </trkpt>
   <trkpt lat="45.0728170" lon="7.6810290">
    <ele>249.2</ele>
   </trkpt>
   <trkpt lat="45.0728400" lon="7.6810670">
    <ele>249.3</ele>
   </trkpt>
   <trkpt lat="45.0728440" lon="7.6810780">
    <ele>249.3</ele>
   </trkpt>
   <trkpt lat="45.0728490" lon="7.6811020">
    <ele>249.3</ele>
   </trkpt>
   <trkpt lat="45.0728530" lon="7.6811270">
    <ele>249.3</ele>
   </trkpt>
   <trkpt lat="45.0728660" lon="7.6811740">
    <ele>249.4</ele>
   </trkpt>
   <trkpt lat="45.0728710" lon="7.6811890">
    <ele>249.4</ele>
   </trkpt>
   <trkpt lat="45.0728920" lon="7.6812130">
    <ele>249.4</ele>
   </trkpt>
   <trkpt lat="45.0729000" lon="7.6812220">
    <ele>249.4</ele>
   </trkpt>
   <trkpt lat="45.0729310" lon="7.6812460">
    <ele>249.5</ele>
   </trkpt>
   <trkpt lat="45.0729380" lon="7.6812560">
    <ele>249.5</ele>
   </trkpt>
   <trkpt lat="45.0729470" lon="7.6812810">
    <ele>249.5</ele>
   </trkpt>
   <trkpt lat="45.0729460" lon="7.6813060">
    <ele>249.5</ele>
   </trkpt>
   <trkpt lat="45.0729470" lon="7.6813470">
    <ele>249.5</ele>
   </trkpt>
   <trkpt lat="45.0729480" lon="7.6813590">
    <ele>249.5</ele>
   </trkpt>
   <trkpt lat="45.0729510" lon="7.6813870">
    <ele>249.5</ele>
   </trkpt>
   <trkpt lat="45.0729530" lon="7.6814070">
    <ele>249.5</ele>
   </trkpt>
   <trkpt lat="45.0729580" lon="7.6814530">
    <ele>249.5</ele>
   </trkpt>
   <trkpt lat="45.0729610" lon="7.6814710">
    <ele>249.5</ele>
   </trkpt>
   <trkpt lat="45.0729600" lon="7.6814760">
    <ele>249.5</ele>
   </trkpt>
   <trkpt lat="45.0729580" lon="7.6814720">
    <ele>249.5</ele>
   </trkpt>
   <trkpt lat="45.0729490" lon="7.6814660">
    <ele>249.5</ele>
   </trkpt>
   <trkpt lat="45.0729430" lon="7.6814690">
    <ele>249.5</ele>
   </trkpt>
   <trkpt lat="45.0729430" lon="7.6814690">
    <ele>249.5</ele>
   </trkpt>
   <trkpt lat="45.0729420" lon="7.6814740">
    <ele>249.5</ele>
   </trkpt>
   <trkpt lat="45.0729450" lon="7.6814840">
    <ele>249.5</ele>
   </trkpt>
   <trkpt lat="45.0729460" lon="7.6814860">
    <ele>249.5</ele>
   </trkpt>
   <trkpt lat="45.0729460" lon="7.6815050">
    <ele>249.5</ele>
   </trkpt>
   <trkpt lat="45.0729370" lon="7.6815190">
    <ele>249.5</ele>
   </trkpt>
   <trkpt lat="45.0729260" lon="7.6815450">
    <ele>249.5</ele>
   </trkpt>
   <trkpt lat="45.0729190" lon="7.6815640">
    <ele>249.5</ele>
   </trkpt>
   <trkpt lat="45.0729170" lon="7.6815740">
    <ele>249.5</ele>
   </trkpt>
   <trkpt lat="45.0729150" lon="7.6815780">
    <ele>249.5</ele>
   </trkpt>
   <trkpt lat="45.0729130" lon="7.6815880">
    <ele>249.5</ele>
   </trkpt>
   <trkpt lat="45.0729170" lon="7.6816070">
    <ele>249.5</ele>
   </trkpt>
   <trkpt lat="45.0729180" lon="7.6816120">
    <ele>249.5</ele>
   </trkpt>
   <trkpt lat="45.0729080" lon="7.6816350">
    <ele>249.5</ele>
   </trkpt>
   <trkpt lat="45.0728910" lon="7.6816730">
    <ele>249.5</ele>
   </trkpt>
   <trkpt lat="45.0728710" lon="7.6817170">
    <ele>249.5</ele>
   </trkpt>
   <trkpt lat="45.0728550" lon="7.6817580">
    <ele>249.5</ele>
   </trkpt>
   <trkpt lat="45.0728360" lon="7.6818040">
    <ele>249.5</ele>
   </trkpt>
   <trkpt lat="45.0728190" lon="7.6818520">
    <ele>249.5</ele>
   </trkpt>
   <trkpt lat="45.0728000" lon="7.6819050">
    <ele>249.5</ele>
   </trkpt>
   <trkpt lat="45.0727890" lon="7.6819590">
    <ele>249.4</ele>
   </trkpt>
   <trkpt lat="45.0727760" lon="7.6820150">
    <ele>249.4</ele>
   </trkpt>
   <trkpt lat="45.0727520" lon="7.6820740">
    <ele>249.3</ele>
   </trkpt>
   <trkpt lat="45.0727300" lon="7.6821350">
    <ele>249.2</ele>
   </trkpt>
   <trkpt lat="45.0727100" lon="7.6821920">
    <ele>249.1</ele>
   </trkpt>
   <trkpt lat="45.0726980" lon="7.6822430">
    <ele>249.1</ele>
   </trkpt>
   <trkpt lat="45.0726860" lon="7.6822880">
    <ele>249.0</ele>
   </trkpt>
   <trkpt lat="45.0726670" lon="7.6823310">
    <ele>248.9</ele>
   </trkpt>
   <trkpt lat="45.0726460" lon="7.6823750">
    <ele>248.8</ele>
   </trkpt>
   <trkpt lat="45.0726260" lon="7.6824140">
    <ele>248.7</ele>
   </trkpt>
   <trkpt lat="45.0726110" lon="7.6824490">
    <ele>248.7</ele>
   </trkpt>
   <trkpt lat="45.0726020" lon="7.6824980">
    <ele>248.5</ele>
   </trkpt>
   <trkpt lat="45.0725990" lon="7.6825150">
    <ele>248.5</ele>
   </trkpt>
   <trkpt lat="45.0725940" lon="7.6825550">
    <ele>248.4</ele>
   </trkpt>
   <trkpt lat="45.0725920" lon="7.6825670">
    <ele>248.4</ele>
   </trkpt>
   <trkpt lat="45.0725820" lon="7.6825820">
    <ele>248.4</ele>
   </trkpt>
   <trkpt lat="45.0725720" lon="7.6825930">
    <ele>248.4</ele>
   </trkpt>
   <trkpt lat="45.0725630" lon="7.6826080">
    <ele>248.4</ele>
   </trkpt>
   <trkpt lat="45.0725610" lon="7.6826150">
    <ele>248.4</ele>
   </trkpt>
   <trkpt lat="45.0725580" lon="7.6826210">
    <ele>248.4</ele>
   </trkpt>
   <trkpt lat="45.0725550" lon="7.6826280">
    <ele>248.3</ele>
   </trkpt>
   <trkpt lat="45.0725520" lon="7.6826340">
    <ele>248.3</ele>
   </trkpt>
   <trkpt lat="45.0725500" lon="7.6826400">
    <ele>248.3</ele>
   </trkpt>
   <trkpt lat="45.0725470" lon="7.6826470">
    <ele>248.3</ele>
   </trkpt>
   <trkpt lat="45.0725440" lon="7.6826530">
    <ele>248.3</ele>
   </trkpt>
   <trkpt lat="45.0725410" lon="7.6826600">
    <ele>248.3</ele>
   </trkpt>
   <trkpt lat="45.0725390" lon="7.6826660">
    <ele>248.3</ele>
   </trkpt>
   <trkpt lat="45.0725360" lon="7.6826720">
    <ele>248.3</ele>
   </trkpt>
   <trkpt lat="45.0725330" lon="7.6826790">
    <ele>248.3</ele>
   </trkpt>
   <trkpt lat="45.0725300" lon="7.6826850">
    <ele>248.3</ele>
   </trkpt>
   <trkpt lat="45.0725280" lon="7.6826920">
    <ele>248.3</ele>
   </trkpt>
   <trkpt lat="45.0725250" lon="7.6826980">
    <ele>248.3</ele>
   </trkpt>
   <trkpt lat="45.0725160" lon="7.6827200">
    <ele>248.2</ele>
   </trkpt>
   <trkpt lat="45.0725090" lon="7.6827350">
    <ele>248.2</ele>
   </trkpt>
   <trkpt lat="45.0725030" lon="7.6827610">
    <ele>248.2</ele>
   </trkpt>
   <trkpt lat="45.0724980" lon="7.6827710">
    <ele>248.2</ele>
   </trkpt>
   <trkpt lat="45.0724930" lon="7.6827820">
    <ele>248.2</ele>
   </trkpt>
   <trkpt lat="45.0724740" lon="7.6828300">
    <ele>248.1</ele>
   </trkpt>
   <trkpt lat="45.0724650" lon="7.6828510">
    <ele>248.1</ele>
   </trkpt>
   <trkpt lat="45.0724460" lon="7.6829010">
    <ele>248.0</ele>
   </trkpt>
   <trkpt lat="45.0724330" lon="7.6829590">
    <ele>248.0</ele>
   </trkpt>
   <trkpt lat="45.0724230" lon="7.6830200">
    <ele>247.9</ele>
   </trkpt>
   <trkpt lat="45.0724120" lon="7.6830730">
    <ele>247.8</ele>
   </trkpt>
   <trkpt lat="45.0723980" lon="7.6831380">
    <ele>247.8</ele>
   </trkpt>
   <trkpt lat="45.0723860" lon="7.6832000">
    <ele>247.7</ele>
   </trkpt>
   <trkpt lat="45.0723740" lon="7.6832610">
    <ele>247.7</ele>
   </trkpt>
   <trkpt lat="45.0723630" lon="7.6833240">
    <ele>247.6</ele>
   </trkpt>
   <trkpt lat="45.0723480" lon="7.6833830">
    <ele>247.5</ele>
   </trkpt>
   <trkpt lat="45.0723320" lon="7.6834440">
    <ele>247.5</ele>
   </trkpt>
   <trkpt lat="45.0723140" lon="7.6834930">
    <ele>247.4</ele>
   </trkpt>
   <trkpt lat="45.0722970" lon="7.6835410">
    <ele>247.4</ele>
   </trkpt>
   <trkpt lat="45.0722830" lon="7.6835880">
    <ele>247.4</ele>
   </trkpt>
   <trkpt lat="45.0722670" lon="7.6836480">
    <ele>247.3</ele>
   </trkpt>
   <trkpt lat="45.0722570" lon="7.6837010">
    <ele>247.3</ele>
   </trkpt>
   <trkpt lat="45.0722460" lon="7.6837480">
    <ele>247.3</ele>
   </trkpt>
   <trkpt lat="45.0722310" lon="7.6837940">
    <ele>247.2</ele>
   </trkpt>
   <trkpt lat="45.0722170" lon="7.6838360">
    <ele>247.2</ele>
   </trkpt>
   <trkpt lat="45.0722150" lon="7.6838750">
    <ele>247.2</ele>
   </trkpt>
   <trkpt lat="45.0722030" lon="7.6839140">
    <ele>247.2</ele>
   </trkpt>
   <trkpt lat="45.0721970" lon="7.6839300">
    <ele>247.2</ele>
   </trkpt>
   <trkpt lat="45.0721840" lon="7.6839690">
    <ele>247.2</ele>
   </trkpt>
   <trkpt lat="45.0721660" lon="7.6840000">
    <ele>247.1</ele>
   </trkpt>
   <trkpt lat="45.0721500" lon="7.6840340">
    <ele>247.1</ele>
   </trkpt>
   <trkpt lat="45.0721330" lon="7.6840730">
    <ele>247.1</ele>
   </trkpt>
   <trkpt lat="45.0721180" lon="7.6841180">
    <ele>247.1</ele>
   </trkpt>
   <trkpt lat="45.0721060" lon="7.6841670">
    <ele>247.1</ele>
   </trkpt>
   <trkpt lat="45.0720990" lon="7.6842320">
    <ele>247.1</ele>
   </trkpt>
   <trkpt lat="45.0720940" lon="7.6842920">
    <ele>247.1</ele>
   </trkpt>
   <trkpt lat="45.0720830" lon="7.6843350">
    <ele>247.1</ele>
   </trkpt>
   <trkpt lat="45.0720720" lon="7.6843770">
    <ele>247.1</ele>
   </trkpt>
   <trkpt lat="45.0720570" lon="7.6844180">
    <ele>247.0</ele>
   </trkpt>
   <trkpt lat="45.0720400" lon="7.6844620">
    <ele>247.0</ele>
   </trkpt>
   <trkpt lat="45.0720230" lon="7.6845060">
    <ele>247.0</ele>
   </trkpt>
   <trkpt lat="45.0720100" lon="7.6845540">
    <ele>247.0</ele>
   </trkpt>
   <trkpt lat="45.0719960" lon="7.6845990">
    <ele>247.0</ele>
   </trkpt>
   <trkpt lat="45.0719800" lon="7.6846430">
    <ele>247.0</ele>
   </trkpt>
   <trkpt lat="45.0719660" lon="7.6846860">
    <ele>247.0</ele>
   </trkpt>
   <trkpt lat="45.0719510" lon="7.6847290">
    <ele>247.0</ele>
   </trkpt>
   <trkpt lat="45.0719320" lon="7.6847710">
    <ele>247.0</ele>
   </trkpt>
   <trkpt lat="45.0719220" lon="7.6848150">
    <ele>247.0</ele>
   </trkpt>
   <trkpt lat="45.0719110" lon="7.6848570">
    <ele>247.0</ele>
   </trkpt>
   <trkpt lat="45.0718960" lon="7.6848970">
    <ele>247.0</ele>
   </trkpt>
   <trkpt lat="45.0718910" lon="7.6849420">
    <ele>246.9</ele>
   </trkpt>
   <trkpt lat="45.0718880" lon="7.6849900">
    <ele>246.8</ele>
   </trkpt>
   <trkpt lat="45.0718810" lon="7.6850290">
    <ele>246.5</ele>
   </trkpt>
   <trkpt lat="45.0718760" lon="7.6850680">
    <ele>246.3</ele>
   </trkpt>
   <trkpt lat="45.0718720" lon="7.6850990">
    <ele>246.3</ele>
   </trkpt>
   <trkpt lat="45.0718630" lon="7.6851140">
    <ele>246.1</ele>
   </trkpt>
   <trkpt lat="45.0718560" lon="7.6851140">
    <ele>246.1</ele>
   </trkpt>
   <trkpt lat="45.0718610" lon="7.6851110">
    <ele>246.1</ele>
   </trkpt>
   <trkpt lat="45.0718650" lon="7.6851120">
    <ele>246.1</ele>
   </trkpt>
   <trkpt lat="45.0718620" lon="7.6851180">
    <ele>246.1</ele>
   </trkpt>
   <trkpt lat="45.0718560" lon="7.6851300">
    <ele>246.2</ele>
   </trkpt>
   <trkpt lat="45.0718520" lon="7.6851390">
    <ele>246.0</ele>
   </trkpt>
   <trkpt lat="45.0718520" lon="7.6851580">
    <ele>245.8</ele>
   </trkpt>
   <trkpt lat="45.0718470" lon="7.6851570">
    <ele>245.8</ele>
   </trkpt>
   <trkpt lat="45.0718410" lon="7.6851540">
    <ele>245.8</ele>
   </trkpt>
   <trkpt lat="45.0718460" lon="7.6851510">
    <ele>246.1</ele>
   </trkpt>
   <trkpt lat="45.0718480" lon="7.6851500">
    <ele>246.1</ele>
   </trkpt>
   <trkpt lat="45.0718480" lon="7.6851490">
    <ele>246.1</ele>
   </trkpt>
   <trkpt lat="45.0718480" lon="7.6851490">
    <ele>246.1</ele>
   </trkpt>
   <trkpt lat="45.0718480" lon="7.6851490">
    <ele>246.1</ele>
   </trkpt>
   <trkpt lat="45.0718480" lon="7.6851490">
    <ele>246.1</ele>
   </trkpt>
   <trkpt lat="45.0718480" lon="7.6851490">
    <ele>246.1</ele>
   </trkpt>
   <trkpt lat="45.0718480" lon="7.6851490">
    <ele>246.1</ele>
   </trkpt>
   <trkpt lat="45.0718550" lon="7.6851130">
    <ele>246.3</ele>
   </trkpt>
   <trkpt lat="45.0718550" lon="7.6851120">
    <ele>246.3</ele>
   </trkpt>
   <trkpt lat="45.0718550" lon="7.6851120">
    <ele>246.3</ele>
   </trkpt>
   <trkpt lat="45.0718550" lon="7.6851120">
    <ele>246.3</ele>
   </trkpt>
   <trkpt lat="45.0718510" lon="7.6851320">
    <ele>246.2</ele>
   </trkpt>
   <trkpt lat="45.0718470" lon="7.6851600">
    <ele>246.0</ele>
   </trkpt>
   <trkpt lat="45.0718490" lon="7.6852070">
    <ele>245.7</ele>
   </trkpt>
   <trkpt lat="45.0718490" lon="7.6852220">
    <ele>245.7</ele>
   </trkpt>
   <trkpt lat="45.0718650" lon="7.6852640">
    <ele>245.6</ele>
   </trkpt>
   <trkpt lat="45.0718750" lon="7.6852790">
    <ele>245.7</ele>
   </trkpt>
   <trkpt lat="45.0719050" lon="7.6853170">
    <ele>245.6</ele>
   </trkpt>
   <trkpt lat="45.0719130" lon="7.6853330">
    <ele>245.3</ele>
   </trkpt>
   <trkpt lat="45.0719220" lon="7.6853740">
    <ele>245.3</ele>
   </trkpt>
   <trkpt lat="45.0719260" lon="7.6854150">
    <ele>245.0</ele>
   </trkpt>
   <trkpt lat="45.0719280" lon="7.6854630">
    <ele>244.8</ele>
   </trkpt>
   <trkpt lat="45.0719290" lon="7.6854790">
    <ele>244.8</ele>
   </trkpt>
   <trkpt lat="45.0719280" lon="7.6855030">
    <ele>244.5</ele>
   </trkpt>
   <trkpt lat="45.0719300" lon="7.6855210">
    <ele>244.5</ele>
   </trkpt>
   <trkpt lat="45.0719370" lon="7.6855220">
    <ele>244.5</ele>
   </trkpt>
   <trkpt lat="45.0719440" lon="7.6855250">
    <ele>244.6</ele>
   </trkpt>
   <trkpt lat="45.0719580" lon="7.6855260">
    <ele>244.8</ele>
   </trkpt>
   <trkpt lat="45.0719880" lon="7.6855350">
    <ele>244.9</ele>
   </trkpt>
   <trkpt lat="45.0719970" lon="7.6855380">
    <ele>244.7</ele>
   </trkpt>
   <trkpt lat="45.0720290" lon="7.6855610">
    <ele>244.9</ele>
   </trkpt>
   <trkpt lat="45.0720400" lon="7.6855720">
    <ele>245.1</ele>
   </trkpt>
   <trkpt lat="45.0720700" lon="7.6855920">
    <ele>245.0</ele>
   </trkpt>
   <trkpt lat="45.0721040" lon="7.6856090">
    <ele>245.2</ele>
   </trkpt>
   <trkpt lat="45.0721350" lon="7.6856220">
    <ele>245.4</ele>
   </trkpt>
   <trkpt lat="45.0721710" lon="7.6856340">
    <ele>245.4</ele>
   </trkpt>
   <trkpt lat="45.0722050" lon="7.6856410">
    <ele>245.6</ele>
   </trkpt>
   <trkpt lat="45.0722430" lon="7.6856490">
    <ele>245.8</ele>
   </trkpt>
   <trkpt lat="45.0722850" lon="7.6856610">
    <ele>246.0</ele>
   </trkpt>
   <trkpt lat="45.0723270" lon="7.6856680">
    <ele>246.0</ele>
   </trkpt>
   <trkpt lat="45.0723680" lon="7.6856730">
    <ele>246.1</ele>
   </trkpt>
   <trkpt lat="45.0724100" lon="7.6856750">
    <ele>246.1</ele>
   </trkpt>
   <trkpt lat="45.0724520" lon="7.6856790">
    <ele>246.2</ele>
   </trkpt>
   <trkpt lat="45.0724910" lon="7.6856850">
    <ele>246.1</ele>
   </trkpt>
   <trkpt lat="45.0725300" lon="7.6856930">
    <ele>246.1</ele>
   </trkpt>
   <trkpt lat="45.0725640" lon="7.6856920">
    <ele>246.1</ele>
   </trkpt>
   <trkpt lat="45.0725960" lon="7.6856880">
    <ele>246.1</ele>
   </trkpt>
   <trkpt lat="45.0726300" lon="7.6856850">
    <ele>246.1</ele>
   </trkpt>
   <trkpt lat="45.0726690" lon="7.6856890">
    <ele>246.0</ele>
   </trkpt>
   <trkpt lat="45.0727110" lon="7.6856820">
    <ele>246.0</ele>
   </trkpt>
   <trkpt lat="45.0727490" lon="7.6856770">
    <ele>246.0</ele>
   </trkpt>
   <trkpt lat="45.0727790" lon="7.6856700">
    <ele>246.1</ele>
   </trkpt>
   <trkpt lat="45.0728100" lon="7.6856410">
    <ele>246.1</ele>
   </trkpt>
   <trkpt lat="45.0728160" lon="7.6856270">
    <ele>246.1</ele>
   </trkpt>
   <trkpt lat="45.0728320" lon="7.6855890">
    <ele>246.2</ele>
   </trkpt>
   <trkpt lat="45.0728370" lon="7.6855740">
    <ele>246.3</ele>
   </trkpt>
   <trkpt lat="45.0728480" lon="7.6855330">
    <ele>246.4</ele>
   </trkpt>
   <trkpt lat="45.0728500" lon="7.6855200">
    <ele>246.4</ele>
   </trkpt>
   <trkpt lat="45.0728540" lon="7.6854940">
    <ele>246.4</ele>
   </trkpt>
   <trkpt lat="45.0728510" lon="7.6854720">
    <ele>246.5</ele>
   </trkpt>
   <trkpt lat="45.0728480" lon="7.6854550">
    <ele>246.5</ele>
   </trkpt>
   <trkpt lat="45.0728450" lon="7.6854410">
    <ele>246.6</ele>
   </trkpt>
   <trkpt lat="45.0728400" lon="7.6854320">
    <ele>246.6</ele>
   </trkpt>
   <trkpt lat="45.0728370" lon="7.6854270">
    <ele>246.6</ele>
   </trkpt>
   <trkpt lat="45.0728370" lon="7.6854280">
    <ele>246.6</ele>
   </trkpt>
   <trkpt lat="45.0728360" lon="7.6854370">
    <ele>246.6</ele>
   </trkpt>
   <trkpt lat="45.0728340" lon="7.6854490">
    <ele>246.6</ele>
   </trkpt>
   <trkpt lat="45.0728330" lon="7.6854520">
    <ele>246.5</ele>
   </trkpt>
   <trkpt lat="45.0728330" lon="7.6854530">
    <ele>246.5</ele>
   </trkpt>
   <trkpt lat="45.0728370" lon="7.6854590">
    <ele>246.6</ele>
   </trkpt>
   <trkpt lat="45.0728360" lon="7.6854600">
    <ele>246.6</ele>
   </trkpt>
   <trkpt lat="45.0728420" lon="7.6854580">
    <ele>246.6</ele>
   </trkpt>
   <trkpt lat="45.0728450" lon="7.6854650">
    <ele>246.6</ele>
   </trkpt>
   <trkpt lat="45.0728490" lon="7.6854820">
    <ele>246.6</ele>
   </trkpt>
   <trkpt lat="45.0728530" lon="7.6855040">
    <ele>246.5</ele>
   </trkpt>
   <trkpt lat="45.0728670" lon="7.6855140">
    <ele>246.6</ele>
   </trkpt>
   <trkpt lat="45.0728930" lon="7.6854970">
    <ele>246.6</ele>
   </trkpt>
   <trkpt lat="45.0729110" lon="7.6854800">
    <ele>246.6</ele>
   </trkpt>
   <trkpt lat="45.0729180" lon="7.6854750">
    <ele>246.7</ele>
   </trkpt>
   <trkpt lat="45.0729350" lon="7.6854510">
    <ele>246.7</ele>
   </trkpt>
   <trkpt lat="45.0729410" lon="7.6854290">
    <ele>246.7</ele>
   </trkpt>
   <trkpt lat="45.0729620" lon="7.6853940">
    <ele>246.8</ele>
   </trkpt>
   <trkpt lat="45.0729680" lon="7.6853540">
    <ele>246.8</ele>
   </trkpt>
   <trkpt lat="45.0729820" lon="7.6853020">
    <ele>246.8</ele>
   </trkpt>
   <trkpt lat="45.0729950" lon="7.6852610">
    <ele>246.8</ele>
   </trkpt>
   <trkpt lat="45.0730100" lon="7.6852180">
    <ele>246.8</ele>
   </trkpt>
   <trkpt lat="45.0730470" lon="7.6851670">
    <ele>246.6</ele>
   </trkpt>
   <trkpt lat="45.0730730" lon="7.6851220">
    <ele>246.5</ele>
   </trkpt>
   <trkpt lat="45.0731120" lon="7.6850730">
    <ele>246.4</ele>
   </trkpt>
   <trkpt lat="45.0731410" lon="7.6850360">
    <ele>246.3</ele>
   </trkpt>
   <trkpt lat="45.0731600" lon="7.6849870">
    <ele>246.2</ele>
   </trkpt>
   <trkpt lat="45.0731850" lon="7.6849440">
    <ele>246.2</ele>
   </trkpt>
   <trkpt lat="45.0732160" lon="7.6848890">
    <ele>246.2</ele>
   </trkpt>
   <trkpt lat="45.0732320" lon="7.6848460">
    <ele>246.1</ele>
   </trkpt>
   <trkpt lat="45.0732350" lon="7.6848300">
    <ele>246.1</ele>
   </trkpt>
   <trkpt lat="45.0732550" lon="7.6848010">
    <ele>245.9</ele>
   </trkpt>
   <trkpt lat="45.0732590" lon="7.6847910">
    <ele>245.9</ele>
   </trkpt>
   <trkpt lat="45.0732620" lon="7.6847770">
    <ele>245.9</ele>
   </trkpt>
   <trkpt lat="45.0732710" lon="7.6847620">
    <ele>245.9</ele>
   </trkpt>
   <trkpt lat="45.0732760" lon="7.6847490">
    <ele>245.9</ele>
   </trkpt>
   <trkpt lat="45.0732760" lon="7.6847330">
    <ele>245.9</ele>
   </trkpt>
   <trkpt lat="45.0732820" lon="7.6847210">
    <ele>245.8</ele>
   </trkpt>
   <trkpt lat="45.0732900" lon="7.6847130">
    <ele>245.8</ele>
   </trkpt>
   <trkpt lat="45.0733040" lon="7.6847050">
    <ele>245.8</ele>
   </trkpt>
   <trkpt lat="45.0733150" lon="7.6847050">
    <ele>245.7</ele>
   </trkpt>
   <trkpt lat="45.0733200" lon="7.6847080">
    <ele>245.7</ele>
   </trkpt>
   <trkpt lat="45.0733270" lon="7.6847090">
    <ele>245.7</ele>
   </trkpt>
   <trkpt lat="45.0733380" lon="7.6847060">
    <ele>245.7</ele>
   </trkpt>
   <trkpt lat="45.0733520" lon="7.6846980">
    <ele>245.5</ele>
   </trkpt>
   <trkpt lat="45.0733690" lon="7.6846910">
    <ele>245.5</ele>
   </trkpt>
   <trkpt lat="45.0733840" lon="7.6846830">
    <ele>245.4</ele>
   </trkpt>
   <trkpt lat="45.0734110" lon="7.6846780">
    <ele>245.1</ele>
   </trkpt>
   <trkpt lat="45.0734400" lon="7.6846720">
    <ele>244.9</ele>
   </trkpt>
   <trkpt lat="45.0734710" lon="7.6846720">
    <ele>244.7</ele>
   </trkpt>
   <trkpt lat="45.0735040" lon="7.6846830">
    <ele>244.4</ele>
   </trkpt>
   <trkpt lat="45.0735390" lon="7.6846940">
    <ele>244.0</ele>
   </trkpt>
   <trkpt lat="45.0735510" lon="7.6847000">
    <ele>243.7</ele>
   </trkpt>
   <trkpt lat="45.0735800" lon="7.6847120">
    <ele>243.7</ele>
   </trkpt>
   <trkpt lat="45.0735880" lon="7.6847150">
    <ele>243.3</ele>
   </trkpt>
   <trkpt lat="45.0736210" lon="7.6847170">
    <ele>242.9</ele>
   </trkpt>
   <trkpt lat="45.0736320" lon="7.6847150">
    <ele>243.0</ele>
   </trkpt>
   <trkpt lat="45.0736480" lon="7.6846870">
    <ele>242.6</ele>
   </trkpt>
   <trkpt lat="45.0736550" lon="7.6846790">
    <ele>242.5</ele>
   </trkpt>
   <trkpt lat="45.0736690" lon="7.6846620">
    <ele>242.5</ele>
   </trkpt>
   <trkpt lat="45.0736770" lon="7.6846560">
    <ele>242.2</ele>
   </trkpt>
   <trkpt lat="45.0736850" lon="7.6846500">
    <ele>242.2</ele>
   </trkpt>
   <trkpt lat="45.0736940" lon="7.6846340">
    <ele>242.2</ele>
   </trkpt>
   <trkpt lat="45.0736990" lon="7.6846220">
    <ele>242.2</ele>
   </trkpt>
   <trkpt lat="45.0737030" lon="7.6846150">
    <ele>241.8</ele>
   </trkpt>
   <trkpt lat="45.0737020" lon="7.6846190">
    <ele>242.2</ele>
   </trkpt>
   <trkpt lat="45.0737020" lon="7.6846230">
    <ele>242.2</ele>
   </trkpt>
   <trkpt lat="45.0737010" lon="7.6846250">
    <ele>242.2</ele>
   </trkpt>
   <trkpt lat="45.0737000" lon="7.6846260">
    <ele>242.2</ele>
   </trkpt>
   <trkpt lat="45.0737000" lon="7.6846260">
    <ele>242.2</ele>
   </trkpt>
   <trkpt lat="45.0737000" lon="7.6846260">
    <ele>242.3</ele>
   </trkpt>
   <trkpt lat="45.0737000" lon="7.6846260">
    <ele>242.3</ele>
   </trkpt>
   <trkpt lat="45.0737000" lon="7.6846260">
    <ele>242.3</ele>
   </trkpt>
   <trkpt lat="45.0737000" lon="7.6846260">
    <ele>242.3</ele>
   </trkpt>
   <trkpt lat="45.0737000" lon="7.6846160">
    <ele>242.3</ele>
   </trkpt>
   <trkpt lat="45.0737000" lon="7.6846130">
    <ele>242.3</ele>
   </trkpt>
   <trkpt lat="45.0737000" lon="7.6846130">
    <ele>242.3</ele>
   </trkpt>
   <trkpt lat="45.0737010" lon="7.6846120">
    <ele>242.3</ele>
   </trkpt>
   <trkpt lat="45.0737010" lon="7.6846120">
    <ele>242.3</ele>
   </trkpt>
   <trkpt lat="45.0737010" lon="7.6846120">
    <ele>242.3</ele>
   </trkpt>
   <trkpt lat="45.0737000" lon="7.6846120">
    <ele>242.4</ele>
   </trkpt>
   <trkpt lat="45.0737000" lon="7.6846130">
    <ele>242.4</ele>
   </trkpt>
   <trkpt lat="45.0737000" lon="7.6846130">
    <ele>242.4</ele>
   </trkpt>
   <trkpt lat="45.0737000" lon="7.6846130">
    <ele>242.4</ele>
   </trkpt>
   <trkpt lat="45.0737000" lon="7.6846130">
    <ele>242.4</ele>
   </trkpt>
   <trkpt lat="45.0737000" lon="7.6846130">
    <ele>242.4</ele>
   </trkpt>
   <trkpt lat="45.0737000" lon="7.6846130">
    <ele>242.4</ele>
   </trkpt>
   <trkpt lat="45.0737080" lon="7.6846260">
    <ele>242.1</ele>
   </trkpt>
   <trkpt lat="45.0737170" lon="7.6846400">
    <ele>242.1</ele>
   </trkpt>
   <trkpt lat="45.0737210" lon="7.6846550">
    <ele>242.1</ele>
   </trkpt>
   <trkpt lat="45.0737170" lon="7.6846780">
    <ele>242.1</ele>
   </trkpt>
   <trkpt lat="45.0737110" lon="7.6846910">
    <ele>242.2</ele>
   </trkpt>
   <trkpt lat="45.0737060" lon="7.6847040">
    <ele>242.2</ele>
   </trkpt>
   <trkpt lat="45.0737040" lon="7.6847080">
    <ele>242.2</ele>
   </trkpt>
   <trkpt lat="45.0737020" lon="7.6847130">
    <ele>242.6</ele>
   </trkpt>
   <trkpt lat="45.0737010" lon="7.6847180">
    <ele>242.6</ele>
   </trkpt>
   <trkpt lat="45.0736990" lon="7.6847230">
    <ele>242.6</ele>
   </trkpt>
   <trkpt lat="45.0736970" lon="7.6847270">
    <ele>242.6</ele>
   </trkpt>
   <trkpt lat="45.0736950" lon="7.6847320">
    <ele>242.6</ele>
   </trkpt>
   <trkpt lat="45.0736930" lon="7.6847370">
    <ele>242.6</ele>
   </trkpt>
   <trkpt lat="45.0736910" lon="7.6847420">
    <ele>242.7</ele>
   </trkpt>
   <trkpt lat="45.0736890" lon="7.6847460">
    <ele>242.7</ele>
   </trkpt>
   <trkpt lat="45.0736870" lon="7.6847510">
    <ele>242.7</ele>
   </trkpt>
   <trkpt lat="45.0736860" lon="7.6847560">
    <ele>242.7</ele>
   </trkpt>
   <trkpt lat="45.0736840" lon="7.6847610">
    <ele>242.7</ele>
   </trkpt>
   <trkpt lat="45.0736820" lon="7.6847650">
    <ele>242.7</ele>
   </trkpt>
   <trkpt lat="45.0736800" lon="7.6847700">
    <ele>242.7</ele>
   </trkpt>
   <trkpt lat="45.0736730" lon="7.6847810">
    <ele>242.8</ele>
   </trkpt>
   <trkpt lat="45.0736540" lon="7.6847870">
    <ele>243.2</ele>
   </trkpt>
   <trkpt lat="45.0736280" lon="7.6847870">
    <ele>243.6</ele>
   </trkpt>
   <trkpt lat="45.0736170" lon="7.6847830">
    <ele>243.6</ele>
   </trkpt>
   <trkpt lat="45.0735870" lon="7.6847690">
    <ele>244.0</ele>
   </trkpt>
   <trkpt lat="45.0735780" lon="7.6847640">
    <ele>244.3</ele>
   </trkpt>
   <trkpt lat="45.0735660" lon="7.6847780">
    <ele>244.4</ele>
   </trkpt>
   <trkpt lat="45.0735600" lon="7.6848020">
    <ele>244.4</ele>
   </trkpt>
   <trkpt lat="45.0735620" lon="7.6848190">
    <ele>244.4</ele>
   </trkpt>
   <trkpt lat="45.0735620" lon="7.6848300">
    <ele>244.4</ele>
   </trkpt>
   <trkpt lat="45.0735650" lon="7.6848390">
    <ele>244.4</ele>
   </trkpt>
   <trkpt lat="45.0735650" lon="7.6848510">
    <ele>244.5</ele>
   </trkpt>
   <trkpt lat="45.0735600" lon="7.6848620">
    <ele>244.5</ele>
   </trkpt>
   <trkpt lat="45.0735560" lon="7.6848700">
    <ele>244.5</ele>
   </trkpt>
   <trkpt lat="45.0735360" lon="7.6848610">
    <ele>244.8</ele>
   </trkpt>
   <trkpt lat="45.0735220" lon="7.6848550">
    <ele>244.8</ele>
   </trkpt>
   <trkpt lat="45.0735030" lon="7.6848550">
    <ele>245.3</ele>
   </trkpt>
   <trkpt lat="45.0734740" lon="7.6848510">
    <ele>245.6</ele>
   </trkpt>
   <trkpt lat="45.0734640" lon="7.6848500">
    <ele>245.6</ele>
   </trkpt>
   <trkpt lat="45.0734300" lon="7.6848400">
    <ele>245.8</ele>
   </trkpt>
   <trkpt lat="45.0734170" lon="7.6848360">
    <ele>246.1</ele>
   </trkpt>
   <trkpt lat="45.0733820" lon="7.6848200">
    <ele>246.3</ele>
   </trkpt>
   <trkpt lat="45.0733700" lon="7.6848170">
    <ele>246.3</ele>
   </trkpt>
   <trkpt lat="45.0733370" lon="7.6848260">
    <ele>246.7</ele>
   </trkpt>
   <trkpt lat="45.0733270" lon="7.6848310">
    <ele>246.7</ele>
   </trkpt>
   <trkpt lat="45.0732990" lon="7.6848550">
    <ele>246.8</ele>
   </trkpt>
   <trkpt lat="45.0732890" lon="7.6848610">
    <ele>246.9</ele>
   </trkpt>
   <trkpt lat="45.0732620" lon="7.6848740">
    <ele>247.0</ele>
   </trkpt>
   <trkpt lat="45.0732520" lon="7.6848780">
    <ele>247.0</ele>
   </trkpt>
   <trkpt lat="45.0732280" lon="7.6848980">
    <ele>247.1</ele>
   </trkpt>
   <trkpt lat="45.0732050" lon="7.6849250">
    <ele>247.3</ele>
   </trkpt>
   <trkpt lat="45.0731800" lon="7.6849530">
    <ele>247.4</ele>
   </trkpt>
   <trkpt lat="45.0731590" lon="7.6849780">
    <ele>247.4</ele>
   </trkpt>
   <trkpt lat="45.0731290" lon="7.6850150">
    <ele>247.5</ele>
   </trkpt>
   <trkpt lat="45.0731170" lon="7.6850300">
    <ele>247.6</ele>
   </trkpt>
   <trkpt lat="45.0730960" lon="7.6850640">
    <ele>247.8</ele>
   </trkpt>
   <trkpt lat="45.0730740" lon="7.6850990">
    <ele>247.8</ele>
   </trkpt>
   <trkpt lat="45.0730570" lon="7.6851320">
    <ele>247.9</ele>
   </trkpt>
   <trkpt lat="45.0730430" lon="7.6851680">
    <ele>247.9</ele>
   </trkpt>
   <trkpt lat="45.0730200" lon="7.6852060">
    <ele>248.0</ele>
   </trkpt>
   <trkpt lat="45.0730000" lon="7.6852420">
    <ele>248.1</ele>
   </trkpt>
   <trkpt lat="45.0729830" lon="7.6852750">
    <ele>248.1</ele>
   </trkpt>
   <trkpt lat="45.0729660" lon="7.6853090">
    <ele>248.2</ele>
   </trkpt>
   <trkpt lat="45.0729460" lon="7.6853490">
    <ele>248.2</ele>
   </trkpt>
   <trkpt lat="45.0729210" lon="7.6853930">
    <ele>248.2</ele>
   </trkpt>
   <trkpt lat="45.0729140" lon="7.6854100">
    <ele>248.1</ele>
   </trkpt>
   <trkpt lat="45.0728860" lon="7.6854470">
    <ele>248.1</ele>
   </trkpt>
   <trkpt lat="45.0728740" lon="7.6854560">
    <ele>248.1</ele>
   </trkpt>
   <trkpt lat="45.0728490" lon="7.6854710">
    <ele>248.1</ele>
   </trkpt>
   <trkpt lat="45.0728170" lon="7.6854820">
    <ele>248.1</ele>
   </trkpt>
   <trkpt lat="45.0727900" lon="7.6854980">
    <ele>248.1</ele>
   </trkpt>
   <trkpt lat="45.0727630" lon="7.6855280">
    <ele>248.1</ele>
   </trkpt>
   <trkpt lat="45.0727400" lon="7.6855590">
    <ele>248.0</ele>
   </trkpt>
   <trkpt lat="45.0727140" lon="7.6855890">
    <ele>248.0</ele>
   </trkpt>
   <trkpt lat="45.0726810" lon="7.6856120">
    <ele>248.0</ele>
   </trkpt>
   <trkpt lat="45.0726500" lon="7.6856300">
    <ele>248.0</ele>
   </trkpt>
   <trkpt lat="45.0726130" lon="7.6856540">
    <ele>248.0</ele>
   </trkpt>
   <trkpt lat="45.0725730" lon="7.6856740">
    <ele>248.0</ele>
   </trkpt>
   <trkpt lat="45.0725350" lon="7.6856770">
    <ele>248.0</ele>
   </trkpt>
   <trkpt lat="45.0725000" lon="7.6856850">
    <ele>248.1</ele>
   </trkpt>
   <trkpt lat="45.0724660" lon="7.6856920">
    <ele>248.1</ele>
   </trkpt>
   <trkpt lat="45.0724360" lon="7.6856960">
    <ele>248.1</ele>
   </trkpt>
   <trkpt lat="45.0724040" lon="7.6856940">
    <ele>248.1</ele>
   </trkpt>
   <trkpt lat="45.0723690" lon="7.6856890">
    <ele>248.1</ele>
   </trkpt>
   <trkpt lat="45.0723320" lon="7.6856780">
    <ele>248.0</ele>
   </trkpt>
   <trkpt lat="45.0722960" lon="7.6856690">
    <ele>247.9</ele>
   </trkpt>
   <trkpt lat="45.0722610" lon="7.6856650">
    <ele>247.9</ele>
   </trkpt>
   <trkpt lat="45.0722260" lon="7.6856620">
    <ele>247.8</ele>
   </trkpt>
   <trkpt lat="45.0721930" lon="7.6856550">
    <ele>247.7</ele>
   </trkpt>
   <trkpt lat="45.0721640" lon="7.6856370">
    <ele>247.5</ele>
   </trkpt>
   <trkpt lat="45.0721330" lon="7.6856200">
    <ele>247.5</ele>
   </trkpt>
   <trkpt lat="45.0721040" lon="7.6856060">
    <ele>247.4</ele>
   </trkpt>
   <trkpt lat="45.0720770" lon="7.6855940">
    <ele>247.2</ele>
   </trkpt>
   <trkpt lat="45.0720510" lon="7.6855830">
    <ele>247.0</ele>
   </trkpt>
   <trkpt lat="45.0720230" lon="7.6855690">
    <ele>247.1</ele>
   </trkpt>
   <trkpt lat="45.0719950" lon="7.6855530">
    <ele>246.9</ele>
   </trkpt>
   <trkpt lat="45.0719700" lon="7.6855380">
    <ele>246.8</ele>
   </trkpt>
   <trkpt lat="45.0719420" lon="7.6855220">
    <ele>246.8</ele>
   </trkpt>
   <trkpt lat="45.0719150" lon="7.6855160">
    <ele>246.8</ele>
   </trkpt>
   <trkpt lat="45.0718860" lon="7.6855110">
    <ele>246.7</ele>
   </trkpt>
   <trkpt lat="45.0718590" lon="7.6855170">
    <ele>246.5</ele>
   </trkpt>
   <trkpt lat="45.0718240" lon="7.6855360">
    <ele>246.3</ele>
   </trkpt>
   <trkpt lat="45.0718130" lon="7.6855410">
    <ele>245.9</ele>
   </trkpt>
   <trkpt lat="45.0717880" lon="7.6855560">
    <ele>245.8</ele>
   </trkpt>
   <trkpt lat="45.0717580" lon="7.6855870">
    <ele>245.4</ele>
   </trkpt>
   <trkpt lat="45.0717500" lon="7.6856020">
    <ele>245.4</ele>
   </trkpt>
   <trkpt lat="45.0717340" lon="7.6856380">
    <ele>245.2</ele>
   </trkpt>
   <trkpt lat="45.0717090" lon="7.6856780">
    <ele>244.8</ele>
   </trkpt>
   <trkpt lat="45.0717010" lon="7.6856910">
    <ele>244.7</ele>
   </trkpt>
   <trkpt lat="45.0716810" lon="7.6857310">
    <ele>244.5</ele>
   </trkpt>
   <trkpt lat="45.0716770" lon="7.6857450">
    <ele>244.5</ele>
   </trkpt>
   <trkpt lat="45.0716690" lon="7.6857690">
    <ele>244.2</ele>
   </trkpt>
   <trkpt lat="45.0716620" lon="7.6857870">
    <ele>244.2</ele>
   </trkpt>
   <trkpt lat="45.0716610" lon="7.6858010">
    <ele>244.0</ele>
   </trkpt>
   <trkpt lat="45.0716570" lon="7.6858060">
    <ele>244.0</ele>
   </trkpt>
   <trkpt lat="45.0716530" lon="7.6858120">
    <ele>244.0</ele>
   </trkpt>
   <trkpt lat="45.0716480" lon="7.6858180">
    <ele>244.0</ele>
   </trkpt>
   <trkpt lat="45.0716440" lon="7.6858230">
    <ele>244.0</ele>
   </trkpt>
   <trkpt lat="45.0716400" lon="7.6858290">
    <ele>243.9</ele>
   </trkpt>
   <trkpt lat="45.0716360" lon="7.6858350">
    <ele>243.9</ele>
   </trkpt>
   <trkpt lat="45.0716320" lon="7.6858400">
    <ele>243.7</ele>
   </trkpt>
   <trkpt lat="45.0716280" lon="7.6858460">
    <ele>243.7</ele>
   </trkpt>
   <trkpt lat="45.0716240" lon="7.6858520">
    <ele>243.8</ele>
   </trkpt>
   <trkpt lat="45.0716200" lon="7.6858570">
    <ele>243.8</ele>
   </trkpt>
   <trkpt lat="45.0716150" lon="7.6858630">
    <ele>243.8</ele>
   </trkpt>
   <trkpt lat="45.0716110" lon="7.6858690">
    <ele>243.6</ele>
   </trkpt>
   <trkpt lat="45.0716070" lon="7.6858740">
    <ele>243.7</ele>
   </trkpt>
   <trkpt lat="45.0716030" lon="7.6858800">
    <ele>243.7</ele>
   </trkpt>
   <trkpt lat="45.0715890" lon="7.6859270">
    <ele>243.3</ele>
   </trkpt>
   <trkpt lat="45.0715750" lon="7.6859870">
    <ele>243.0</ele>
   </trkpt>
   <trkpt lat="45.0715570" lon="7.6860440">
    <ele>242.9</ele>
   </trkpt>
   <trkpt lat="45.0715370" lon="7.6861020">
    <ele>242.6</ele>
   </trkpt>
   <trkpt lat="45.0715220" lon="7.6861570">
    <ele>242.6</ele>
   </trkpt>
   <trkpt lat="45.0715050" lon="7.6862150">
    <ele>242.5</ele>
   </trkpt>
   <trkpt lat="45.0714890" lon="7.6862800">
    <ele>242.6</ele>
   </trkpt>
   <trkpt lat="45.0714710" lon="7.6863340">
    <ele>242.7</ele>
   </trkpt>
   <trkpt lat="45.0714520" lon="7.6863840">
    <ele>242.8</ele>
   </trkpt>
   <trkpt lat="45.0714350" lon="7.6864360">
    <ele>243.0</ele>
   </trkpt>
   <trkpt lat="45.0714150" lon="7.6864860">
    <ele>243.2</ele>
   </trkpt>
   <trkpt lat="45.0713950" lon="7.6865330">
    <ele>243.2</ele>
   </trkpt>
   <trkpt lat="45.0713690" lon="7.6865740">
    <ele>243.4</ele>
   </trkpt>
   <trkpt lat="45.0713500" lon="7.6866130">
    <ele>243.4</ele>
   </trkpt>
   <trkpt lat="45.0713390" lon="7.6866580">
    <ele>243.5</ele>
   </trkpt>
   <trkpt lat="45.0713270" lon="7.6867070">
    <ele>243.4</ele>
   </trkpt>
   <trkpt lat="45.0713090" lon="7.6867480">
    <ele>243.5</ele>
   </trkpt>
   <trkpt lat="45.0712880" lon="7.6867940">
    <ele>243.4</ele>
   </trkpt>
   <trkpt lat="45.0712690" lon="7.6868360">
    <ele>243.4</ele>
   </trkpt>
   <trkpt lat="45.0712520" lon="7.6868790">
    <ele>243.4</ele>
   </trkpt>
   <trkpt lat="45.0712380" lon="7.6869240">
    <ele>243.4</ele>
   </trkpt>
   <trkpt lat="45.0712290" lon="7.6869800">
    <ele>243.4</ele>
   </trkpt>
   <trkpt lat="45.0712170" lon="7.6870290">
    <ele>243.4</ele>
   </trkpt>
   <trkpt lat="45.0712010" lon="7.6870710">
    <ele>243.4</ele>
   </trkpt>
   <trkpt lat="45.0711850" lon="7.6871140">
    <ele>243.4</ele>
   </trkpt>
   <trkpt lat="45.0711730" lon="7.6871620">
    <ele>243.4</ele>
   </trkpt>
   <trkpt lat="45.0711690" lon="7.6872120">
    <ele>243.4</ele>
   </trkpt>
   <trkpt lat="45.0711650" lon="7.6872680">
    <ele>243.4</ele>
   </trkpt>
   <trkpt lat="45.0711650" lon="7.6873190">
    <ele>243.4</ele>
   </trkpt>
   <trkpt lat="45.0711660" lon="7.6873630">
    <ele>243.4</ele>
   </trkpt>
   <trkpt lat="45.0711610" lon="7.6874150">
    <ele>243.4</ele>
   </trkpt>
   <trkpt lat="45.0711580" lon="7.6874290">
    <ele>243.3</ele>
   </trkpt>
   <trkpt lat="45.0711540" lon="7.6874490">
    <ele>243.4</ele>
   </trkpt>
   <trkpt lat="45.0711700" lon="7.6874760">
    <ele>243.3</ele>
   </trkpt>
   <trkpt lat="45.0711800" lon="7.6874910">
    <ele>243.4</ele>
   </trkpt>
   <trkpt lat="45.0711890" lon="7.6874970">
    <ele>243.4</ele>
   </trkpt>
   <trkpt lat="45.0711910" lon="7.6875010">
    <ele>243.4</ele>
   </trkpt>
   <trkpt lat="45.0711860" lon="7.6875060">
    <ele>243.4</ele>
   </trkpt>
   <trkpt lat="45.0711820" lon="7.6875110">
    <ele>243.4</ele>
   </trkpt>
   <trkpt lat="45.0711790" lon="7.6875120">
    <ele>243.4</ele>
   </trkpt>
   <trkpt lat="45.0711770" lon="7.6875070">
    <ele>243.4</ele>
   </trkpt>
   <trkpt lat="45.0711760" lon="7.6874980">
    <ele>243.4</ele>
   </trkpt>
   <trkpt lat="45.0711750" lon="7.6874910">
    <ele>243.4</ele>
   </trkpt>
   <trkpt lat="45.0711740" lon="7.6874900">
    <ele>243.5</ele>
   </trkpt>
   <trkpt lat="45.0711740" lon="7.6874900">
    <ele>243.5</ele>
   </trkpt>
   <trkpt lat="45.0711720" lon="7.6875020">
    <ele>243.5</ele>
   </trkpt>
   <trkpt lat="45.0711700" lon="7.6875120">
    <ele>243.5</ele>
   </trkpt>
   <trkpt lat="45.0711610" lon="7.6875220">
    <ele>243.5</ele>
   </trkpt>
   <trkpt lat="45.0711680" lon="7.6875050">
    <ele>243.5</ele>
   </trkpt>
   <trkpt lat="45.0711670" lon="7.6874980">
    <ele>243.5</ele>
   </trkpt>
   <trkpt lat="45.0711660" lon="7.6874900">
    <ele>243.5</ele>
   </trkpt>
   <trkpt lat="45.0711650" lon="7.6874830">
    <ele>243.5</ele>
   </trkpt>
   <trkpt lat="45.0711640" lon="7.6874760">
    <ele>243.5</ele>
   </trkpt>
   <trkpt lat="45.0711630" lon="7.6874690">
    <ele>243.6</ele>
   </trkpt>
   <trkpt lat="45.0711520" lon="7.6874590">
    <ele>243.6</ele>
   </trkpt>
   <trkpt lat="45.0711510" lon="7.6874590">
    <ele>243.6</ele>
   </trkpt>
   <trkpt lat="45.0711500" lon="7.6874600">
    <ele>243.6</ele>
   </trkpt>
   <trkpt lat="45.0711490" lon="7.6874610">
    <ele>243.6</ele>
   </trkpt>
   <trkpt lat="45.0711440" lon="7.6874630">
    <ele>243.6</ele>
   </trkpt>
   <trkpt lat="45.0711390" lon="7.6874610">
    <ele>243.6</ele>
   </trkpt>
   <trkpt lat="45.0711280" lon="7.6874570">
    <ele>243.7</ele>
   </trkpt>
   <trkpt lat="45.0711160" lon="7.6874520">
    <ele>243.7</ele>
   </trkpt>
   <trkpt lat="45.0710990" lon="7.6874680">
    <ele>243.7</ele>
   </trkpt>
   <trkpt lat="45.0710920" lon="7.6874910">
    <ele>243.8</ele>
   </trkpt>
   <trkpt lat="45.0710890" lon="7.6874950">
    <ele>243.8</ele>
   </trkpt>
   <trkpt lat="45.0710850" lon="7.6875030">
    <ele>243.8</ele>
   </trkpt>
   <trkpt lat="45.0710810" lon="7.6875120">
    <ele>243.8</ele>
   </trkpt>
   <trkpt lat="45.0710810" lon="7.6875180">
    <ele>243.8</ele>
   </trkpt>
   <trkpt lat="45.0710810" lon="7.6875230">
    <ele>243.8</ele>
   </trkpt>
   <trkpt lat="45.0710810" lon="7.6875290">
    <ele>243.8</ele>
   </trkpt>
   <trkpt lat="45.0710810" lon="7.6875350">
    <ele>243.8</ele>
   </trkpt>
   <trkpt lat="45.0710810" lon="7.6875400">
    <ele>243.8</ele>
   </trkpt>
   <trkpt lat="45.0710810" lon="7.6875450">
    <ele>243.8</ele>
   </trkpt>
   <trkpt lat="45.0710810" lon="7.6875510">
    <ele>243.9</ele>
   </trkpt>
   <trkpt lat="45.0710810" lon="7.6875560">
    <ele>243.9</ele>
   </trkpt>
   <trkpt lat="45.0710810" lon="7.6875620">
    <ele>243.9</ele>
   </trkpt>
   <trkpt lat="45.0710810" lon="7.6875680">
    <ele>243.9</ele>
   </trkpt>
   <trkpt lat="45.0710810" lon="7.6875730">
    <ele>243.9</ele>
   </trkpt>
   <trkpt lat="45.0710820" lon="7.6876280">
    <ele>243.9</ele>
   </trkpt>
   <trkpt lat="45.0710820" lon="7.6876680">
    <ele>243.9</ele>
   </trkpt>
   <trkpt lat="45.0710790" lon="7.6877220">
    <ele>244.0</ele>
   </trkpt>
   <trkpt lat="45.0710800" lon="7.6877390">
    <ele>244.0</ele>
   </trkpt>
   <trkpt lat="45.0710870" lon="7.6877640">
    <ele>244.0</ele>
   </trkpt>
   <trkpt lat="45.0710900" lon="7.6877840">
    <ele>244.1</ele>
   </trkpt>
   <trkpt lat="45.0711080" lon="7.6878250">
    <ele>244.0</ele>
   </trkpt>
   <trkpt lat="45.0711160" lon="7.6878420">
    <ele>244.0</ele>
   </trkpt>
   <trkpt lat="45.0712530" lon="7.6878810">
    <ele>243.7</ele>
   </trkpt>
   <trkpt lat="45.0712800" lon="7.6878560">
    <ele>243.7</ele>
   </trkpt>
   <trkpt lat="45.0713070" lon="7.6878320">
    <ele>243.7</ele>
   </trkpt>
   <trkpt lat="45.0713410" lon="7.6877580">
    <ele>243.9</ele>
   </trkpt>
   <trkpt lat="45.0713740" lon="7.6876630">
    <ele>244.0</ele>
   </trkpt>
   <trkpt lat="45.0713950" lon="7.6875570">
    <ele>244.1</ele>
   </trkpt>
   <trkpt lat="45.0714070" lon="7.6874340">
    <ele>244.4</ele>
   </trkpt>
   <trkpt lat="45.0714160" lon="7.6873090">
    <ele>244.5</ele>
   </trkpt>
   <trkpt lat="45.0714290" lon="7.6872090">
    <ele>244.6</ele>
   </trkpt>
   <trkpt lat="45.0714360" lon="7.6871450">
    <ele>244.8</ele>
   </trkpt>
   <trkpt lat="45.0714470" lon="7.6871080">
    <ele>244.9</ele>
   </trkpt>
   <trkpt lat="45.0714640" lon="7.6870730">
    <ele>245.1</ele>
   </trkpt>
   <trkpt lat="45.0714700" lon="7.6870590">
    <ele>245.1</ele>
   </trkpt>
   <trkpt lat="45.0714690" lon="7.6870150">
    <ele>245.1</ele>
   </trkpt>
   <trkpt lat="45.0714660" lon="7.6870000">
    <ele>245.1</ele>
   </trkpt>
   <trkpt lat="45.0714340" lon="7.6869650">
    <ele>245.0</ele>
   </trkpt>
   <trkpt lat="45.0714240" lon="7.6869480">
    <ele>244.8</ele>
   </trkpt>
   <trkpt lat="45.0712910" lon="7.6872110">
    <ele>244.3</ele>
   </trkpt>
   <trkpt lat="45.0712610" lon="7.6873250">
    <ele>244.2</ele>
   </trkpt>
   <trkpt lat="45.0712390" lon="7.6873260">
    <ele>244.2</ele>
   </trkpt>
   <trkpt lat="45.0712100" lon="7.6873170">
    <ele>244.2</ele>
   </trkpt>
   <trkpt lat="45.0711730" lon="7.6873030">
    <ele>244.2</ele>
   </trkpt>
   <trkpt lat="45.0711390" lon="7.6872920">
    <ele>244.2</ele>
   </trkpt>
   <trkpt lat="45.0711120" lon="7.6873090">
    <ele>244.2</ele>
   </trkpt>
   <trkpt lat="45.0710810" lon="7.6873520">
    <ele>244.2</ele>
   </trkpt>
   <trkpt lat="45.0711000" lon="7.6874760">
    <ele>244.2</ele>
   </trkpt>
   <trkpt lat="45.0711060" lon="7.6875870">
    <ele>244.2</ele>
   </trkpt>
   <trkpt lat="45.0710890" lon="7.6876610">
    <ele>244.3</ele>
   </trkpt>
   <trkpt lat="45.0710720" lon="7.6877080">
    <ele>244.3</ele>
   </trkpt>
   <trkpt lat="45.0710410" lon="7.6877640">
    <ele>244.3</ele>
   </trkpt>
   <trkpt lat="45.0710200" lon="7.6877910">
    <ele>244.2</ele>
   </trkpt>
   <trkpt lat="45.0709500" lon="7.6878770">
    <ele>244.2</ele>
   </trkpt>
   <trkpt lat="45.0708920" lon="7.6879560">
    <ele>244.2</ele>
   </trkpt>
   <trkpt lat="45.0708540" lon="7.6880210">
    <ele>244.2</ele>
   </trkpt>
   <trkpt lat="45.0708250" lon="7.6880730">
    <ele>244.2</ele>
   </trkpt>
   <trkpt lat="45.0708100" lon="7.6881400">
    <ele>244.2</ele>
   </trkpt>
   <trkpt lat="45.0707950" lon="7.6882210">
    <ele>244.2</ele>
   </trkpt>
   <trkpt lat="45.0707850" lon="7.6882810">
    <ele>244.2</ele>
   </trkpt>
   <trkpt lat="45.0707730" lon="7.6883440">
    <ele>244.2</ele>
   </trkpt>
   <trkpt lat="45.0707580" lon="7.6884210">
    <ele>244.1</ele>
   </trkpt>
   <trkpt lat="45.0707420" lon="7.6884870">
    <ele>244.1</ele>
   </trkpt>
   <trkpt lat="45.0707280" lon="7.6885340">
    <ele>244.1</ele>
   </trkpt>
   <trkpt lat="45.0707150" lon="7.6885910">
    <ele>244.1</ele>
   </trkpt>
   <trkpt lat="45.0707070" lon="7.6886400">
    <ele>244.1</ele>
   </trkpt>
   <trkpt lat="45.0706900" lon="7.6886930">
    <ele>244.1</ele>
   </trkpt>
   <trkpt lat="45.0706820" lon="7.6887090">
    <ele>244.1</ele>
   </trkpt>
   <trkpt lat="45.0706680" lon="7.6887470">
    <ele>244.1</ele>
   </trkpt>
   <trkpt lat="45.0706540" lon="7.6887890">
    <ele>244.0</ele>
   </trkpt>
   <trkpt lat="45.0706450" lon="7.6888120">
    <ele>244.0</ele>
   </trkpt>
   <trkpt lat="45.0706400" lon="7.6888100">
    <ele>244.0</ele>
   </trkpt>
   <trkpt lat="45.0706250" lon="7.6888080">
    <ele>244.0</ele>
   </trkpt>
   <trkpt lat="45.0705960" lon="7.6888220">
    <ele>244.0</ele>
   </trkpt>
   <trkpt lat="45.0705870" lon="7.6888250">
    <ele>244.0</ele>
   </trkpt>
   <trkpt lat="45.0705560" lon="7.6888280">
    <ele>243.9</ele>
   </trkpt>
   <trkpt lat="45.0705420" lon="7.6888220">
    <ele>243.9</ele>
   </trkpt>
   <trkpt lat="45.0705010" lon="7.6888070">
    <ele>243.9</ele>
   </trkpt>
   <trkpt lat="45.0704850" lon="7.6888000">
    <ele>243.9</ele>
   </trkpt>
   <trkpt lat="45.0704410" lon="7.6887910">
    <ele>243.9</ele>
   </trkpt>
   <trkpt lat="45.0704160" lon="7.6887530">
    <ele>243.9</ele>
   </trkpt>
   <trkpt lat="45.0703750" lon="7.6887220">
    <ele>243.9</ele>
   </trkpt>
   <trkpt lat="45.0703510" lon="7.6887080">
    <ele>243.9</ele>
   </trkpt>
   <trkpt lat="45.0703240" lon="7.6887050">
    <ele>243.9</ele>
   </trkpt>
   <trkpt lat="45.0703020" lon="7.6887100">
    <ele>243.9</ele>
   </trkpt>
   <trkpt lat="45.0702890" lon="7.6887030">
    <ele>243.9</ele>
   </trkpt>
   <trkpt lat="45.0702770" lon="7.6886960">
    <ele>243.9</ele>
   </trkpt>
   <trkpt lat="45.0702340" lon="7.6886670">
    <ele>243.9</ele>
   </trkpt>
   <trkpt lat="45.0701880" lon="7.6886300">
    <ele>243.9</ele>
   </trkpt>
   <trkpt lat="45.0701130" lon="7.6885560">
    <ele>243.9</ele>
   </trkpt>
   <trkpt lat="45.0700870" lon="7.6885250">
    <ele>243.9</ele>
   </trkpt>
   <trkpt lat="45.0700670" lon="7.6884980">
    <ele>243.9</ele>
   </trkpt>
   <trkpt lat="45.0700370" lon="7.6884600">
    <ele>243.9</ele>
   </trkpt>
   <trkpt lat="45.0700260" lon="7.6884500">
    <ele>243.9</ele>
   </trkpt>
   <trkpt lat="45.0699950" lon="7.6884550">
    <ele>243.9</ele>
   </trkpt>
   <trkpt lat="45.0699890" lon="7.6884560">
    <ele>243.9</ele>
   </trkpt>
   <trkpt lat="45.0699750" lon="7.6884960">
    <ele>243.9</ele>
   </trkpt>
   <trkpt lat="45.0699690" lon="7.6885140">
    <ele>243.9</ele>
   </trkpt>
   <trkpt lat="45.0699430" lon="7.6885430">
    <ele>243.9</ele>
   </trkpt>
   <trkpt lat="45.0699320" lon="7.6885470">
    <ele>243.9</ele>
   </trkpt>
   <trkpt lat="45.0699140" lon="7.6885480">
    <ele>243.9</ele>
   </trkpt>
   <trkpt lat="45.0699040" lon="7.6885320">
    <ele>243.9</ele>
   </trkpt>
   <trkpt lat="45.0699020" lon="7.6885290">
    <ele>243.9</ele>
   </trkpt>
   <trkpt lat="45.0699010" lon="7.6885280">
    <ele>243.9</ele>
   </trkpt>
   <trkpt lat="45.0699000" lon="7.6885120">
    <ele>244.0</ele>
   </trkpt>
   <trkpt lat="45.0698990" lon="7.6885100">
    <ele>244.0</ele>
   </trkpt>
   <trkpt lat="45.0699000" lon="7.6885100">
    <ele>244.0</ele>
   </trkpt>
   <trkpt lat="45.0699020" lon="7.6884970">
    <ele>244.0</ele>
   </trkpt>
   <trkpt lat="45.0699020" lon="7.6884960">
    <ele>244.0</ele>
   </trkpt>
   <trkpt lat="45.0699020" lon="7.6884960">
    <ele>244.0</ele>
   </trkpt>
   <trkpt lat="45.0699030" lon="7.6884930">
    <ele>244.0</ele>
   </trkpt>
   <trkpt lat="45.0698980" lon="7.6885010">
    <ele>244.0</ele>
   </trkpt>
   <trkpt lat="45.0698940" lon="7.6885090">
    <ele>244.0</ele>
   </trkpt>
   <trkpt lat="45.0698890" lon="7.6885170">
    <ele>244.1</ele>
   </trkpt>
   <trkpt lat="45.0698840" lon="7.6885260">
    <ele>244.1</ele>
   </trkpt>
   <trkpt lat="45.0698790" lon="7.6885340">
    <ele>244.1</ele>
   </trkpt>
   <trkpt lat="45.0698750" lon="7.6885420">
    <ele>244.1</ele>
   </trkpt>
   <trkpt lat="45.0698700" lon="7.6885500">
    <ele>244.0</ele>
   </trkpt>
   <trkpt lat="45.0698650" lon="7.6885580">
    <ele>244.0</ele>
   </trkpt>
   <trkpt lat="45.0698520" lon="7.6886030">
    <ele>244.0</ele>
   </trkpt>
   <trkpt lat="45.0698470" lon="7.6886190">
    <ele>244.0</ele>
   </trkpt>
   <trkpt lat="45.0698360" lon="7.6886600">
    <ele>244.0</ele>
   </trkpt>
   <trkpt lat="45.0698330" lon="7.6886720">
    <ele>244.0</ele>
   </trkpt>
   <trkpt lat="45.0698210" lon="7.6887090">
    <ele>243.9</ele>
   </trkpt>
   <trkpt lat="45.0698170" lon="7.6887210">
    <ele>243.9</ele>
   </trkpt>
   <trkpt lat="45.0698050" lon="7.6887580">
    <ele>243.9</ele>
   </trkpt>
   <trkpt lat="45.0697990" lon="7.6887710">
    <ele>243.9</ele>
   </trkpt>
   <trkpt lat="45.0697770" lon="7.6888150">
    <ele>243.9</ele>
   </trkpt>
   <trkpt lat="45.0697710" lon="7.6888290">
    <ele>243.9</ele>
   </trkpt>
   <trkpt lat="45.0697540" lon="7.6888640">
    <ele>243.8</ele>
   </trkpt>
   <trkpt lat="45.0697470" lon="7.6888730">
    <ele>243.8</ele>
   </trkpt>
   <trkpt lat="45.0697390" lon="7.6888920">
    <ele>243.8</ele>
   </trkpt>
   <trkpt lat="45.0697250" lon="7.6889120">
    <ele>243.8</ele>
   </trkpt>
   <trkpt lat="45.0697040" lon="7.6889490">
    <ele>243.8</ele>
   </trkpt>
   <trkpt lat="45.0696970" lon="7.6889620">
    <ele>243.8</ele>
   </trkpt>
   <trkpt lat="45.0696730" lon="7.6889930">
    <ele>243.7</ele>
   </trkpt>
   <trkpt lat="45.0696670" lon="7.6890020">
    <ele>243.7</ele>
   </trkpt>
   <trkpt lat="45.0696610" lon="7.6890140">
    <ele>243.7</ele>
   </trkpt>
   <trkpt lat="45.0696550" lon="7.6890220">
    <ele>243.7</ele>
   </trkpt>
   <trkpt lat="45.0696530" lon="7.6890310">
    <ele>243.7</ele>
   </trkpt>
   <trkpt lat="45.0696530" lon="7.6890400">
    <ele>243.7</ele>
   </trkpt>
   <trkpt lat="45.0696580" lon="7.6890460">
    <ele>243.7</ele>
   </trkpt>
   <trkpt lat="45.0696640" lon="7.6890460">
    <ele>243.7</ele>
   </trkpt>
   <trkpt lat="45.0696740" lon="7.6890410">
    <ele>243.7</ele>
   </trkpt>
   <trkpt lat="45.0696870" lon="7.6890370">
    <ele>243.7</ele>
   </trkpt>
   <trkpt lat="45.0697030" lon="7.6890310">
    <ele>243.7</ele>
   </trkpt>
   <trkpt lat="45.0697210" lon="7.6890230">
    <ele>243.6</ele>
   </trkpt>
   <trkpt lat="45.0697560" lon="7.6890210">
    <ele>243.6</ele>
   </trkpt>
   <trkpt lat="45.0697680" lon="7.6890240">
    <ele>243.6</ele>
   </trkpt>
   <trkpt lat="45.0697750" lon="7.6890380">
    <ele>243.6</ele>
   </trkpt>
   <trkpt lat="45.0697600" lon="7.6890610">
    <ele>243.6</ele>
   </trkpt>
   <trkpt lat="45.0697450" lon="7.6890850">
    <ele>243.5</ele>
   </trkpt>
   <trkpt lat="45.0697310" lon="7.6890850">
    <ele>243.6</ele>
   </trkpt>
   <trkpt lat="45.0697210" lon="7.6890860">
    <ele>243.6</ele>
   </trkpt>
   <trkpt lat="45.0697210" lon="7.6890790">
    <ele>243.6</ele>
   </trkpt>
   <trkpt lat="45.0697270" lon="7.6890770">
    <ele>243.6</ele>
   </trkpt>
   <trkpt lat="45.0697320" lon="7.6890760">
    <ele>243.6</ele>
   </trkpt>
   <trkpt lat="45.0697330" lon="7.6890760">
    <ele>243.6</ele>
   </trkpt>
   <trkpt lat="45.0697320" lon="7.6890780">
    <ele>243.6</ele>
   </trkpt>
   <trkpt lat="45.0697250" lon="7.6890820">
    <ele>243.6</ele>
   </trkpt>
   <trkpt lat="45.0697230" lon="7.6890950">
    <ele>243.6</ele>
   </trkpt>
   <trkpt lat="45.0697170" lon="7.6891020">
    <ele>243.6</ele>
   </trkpt>
   <trkpt lat="45.0697100" lon="7.6891000">
    <ele>243.6</ele>
   </trkpt>
   <trkpt lat="45.0696990" lon="7.6890990">
    <ele>243.6</ele>
   </trkpt>
   <trkpt lat="45.0696910" lon="7.6890950">
    <ele>243.6</ele>
   </trkpt>
   <trkpt lat="45.0696830" lon="7.6890910">
    <ele>243.6</ele>
   </trkpt>
   <trkpt lat="45.0696710" lon="7.6890990">
    <ele>243.6</ele>
   </trkpt>
   <trkpt lat="45.0696520" lon="7.6890930">
    <ele>243.6</ele>
   </trkpt>
   <trkpt lat="45.0696410" lon="7.6890780">
    <ele>243.6</ele>
   </trkpt>
   <trkpt lat="45.0696310" lon="7.6890620">
    <ele>243.6</ele>
   </trkpt>
   <trkpt lat="45.0696200" lon="7.6890470">
    <ele>243.6</ele>
   </trkpt>
   <trkpt lat="45.0696090" lon="7.6890320">
    <ele>243.6</ele>
   </trkpt>
   <trkpt lat="45.0695980" lon="7.6890170">
    <ele>243.6</ele>
   </trkpt>
   <trkpt lat="45.0695670" lon="7.6889810">
    <ele>243.5</ele>
   </trkpt>
   <trkpt lat="45.0695720" lon="7.6889790">
    <ele>243.5</ele>
   </trkpt>
   <trkpt lat="45.0695750" lon="7.6889770">
    <ele>243.5</ele>
   </trkpt>
   <trkpt lat="45.0695770" lon="7.6889750">
    <ele>243.5</ele>
   </trkpt>
   <trkpt lat="45.0695800" lon="7.6889730">
    <ele>243.5</ele>
   </trkpt>
   <trkpt lat="45.0695830" lon="7.6889710">
    <ele>243.5</ele>
   </trkpt>
   <trkpt lat="45.0695860" lon="7.6889690">
    <ele>243.5</ele>
   </trkpt>
   <trkpt lat="45.0695880" lon="7.6889670">
    <ele>243.5</ele>
   </trkpt>
   <trkpt lat="45.0695910" lon="7.6889650">
    <ele>243.5</ele>
   </trkpt>
   <trkpt lat="45.0695940" lon="7.6889630">
    <ele>243.5</ele>
   </trkpt>
   <trkpt lat="45.0695970" lon="7.6889610">
    <ele>243.5</ele>
   </trkpt>
   <trkpt lat="45.0696000" lon="7.6889590">
    <ele>243.5</ele>
   </trkpt>
   <trkpt lat="45.0696020" lon="7.6889570">
    <ele>243.5</ele>
   </trkpt>
   <trkpt lat="45.0696050" lon="7.6889550">
    <ele>243.5</ele>
   </trkpt>
   <trkpt lat="45.0696080" lon="7.6889530">
    <ele>243.5</ele>
   </trkpt>
   <trkpt lat="45.0696110" lon="7.6889510">
    <ele>243.5</ele>
   </trkpt>
   <trkpt lat="45.0696130" lon="7.6889490">
    <ele>243.5</ele>
   </trkpt>
   <trkpt lat="45.0696160" lon="7.6889470">
    <ele>243.5</ele>
   </trkpt>
   <trkpt lat="45.0696190" lon="7.6889450">
    <ele>243.5</ele>
   </trkpt>
   <trkpt lat="45.0696400" lon="7.6889500">
    <ele>243.5</ele>
   </trkpt>
   <trkpt lat="45.0696370" lon="7.6889450">
    <ele>243.5</ele>
   </trkpt>
   <trkpt lat="45.0696290" lon="7.6889440">
    <ele>243.5</ele>
   </trkpt>
   <trkpt lat="45.0696170" lon="7.6889440">
    <ele>243.5</ele>
   </trkpt>
   <trkpt lat="45.0696080" lon="7.6889430">
    <ele>243.5</ele>
   </trkpt>
   <trkpt lat="45.0696260" lon="7.6889540">
    <ele>243.5</ele>
   </trkpt>
   <trkpt lat="45.0696350" lon="7.6889580">
    <ele>243.5</ele>
   </trkpt>
   <trkpt lat="45.0696360" lon="7.6889650">
    <ele>243.5</ele>
   </trkpt>
   <trkpt lat="45.0696330" lon="7.6889710">
    <ele>243.6</ele>
   </trkpt>
   <trkpt lat="45.0696000" lon="7.6889790">
    <ele>243.5</ele>
   </trkpt>
   <trkpt lat="45.0695850" lon="7.6889820">
    <ele>243.5</ele>
   </trkpt>
   <trkpt lat="45.0695700" lon="7.6889830">
    <ele>243.5</ele>
   </trkpt>
   <trkpt lat="45.0695530" lon="7.6889830">
    <ele>243.5</ele>
   </trkpt>
   <trkpt lat="45.0695480" lon="7.6889820">
    <ele>243.5</ele>
   </trkpt>
   <trkpt lat="45.0695420" lon="7.6889810">
    <ele>243.5</ele>
   </trkpt>
   <trkpt lat="45.0695370" lon="7.6889790">
    <ele>243.5</ele>
   </trkpt>
   <trkpt lat="45.0695320" lon="7.6889780">
    <ele>243.5</ele>
   </trkpt>
   <trkpt lat="45.0695270" lon="7.6889770">
    <ele>243.5</ele>
   </trkpt>
   <trkpt lat="45.0695210" lon="7.6889760">
    <ele>243.5</ele>
   </trkpt>
   <trkpt lat="45.0695160" lon="7.6889750">
    <ele>243.5</ele>
   </trkpt>
   <trkpt lat="45.0695190" lon="7.6889670">
    <ele>243.4</ele>
   </trkpt>
   <trkpt lat="45.0695200" lon="7.6889630">
    <ele>243.5</ele>
   </trkpt>
   <trkpt lat="45.0695220" lon="7.6889610">
    <ele>243.5</ele>
   </trkpt>
   <trkpt lat="45.0695220" lon="7.6889610">
    <ele>243.5</ele>
   </trkpt>
   <trkpt lat="45.0695230" lon="7.6889610">
    <ele>243.5</ele>
   </trkpt>
   <trkpt lat="45.0695230" lon="7.6889610">
    <ele>243.5</ele>
   </trkpt>
   <trkpt lat="45.0695230" lon="7.6889610">
    <ele>243.5</ele>
   </trkpt>
   <trkpt lat="45.0695240" lon="7.6889610">
    <ele>243.5</ele>
   </trkpt>
   <trkpt lat="45.0695240" lon="7.6889610">
    <ele>243.5</ele>
   </trkpt>
   <trkpt lat="45.0695110" lon="7.6889510">
    <ele>243.5</ele>
   </trkpt>
   <trkpt lat="45.0695080" lon="7.6889440">
    <ele>243.5</ele>
   </trkpt>
   <trkpt lat="45.0695030" lon="7.6889480">
    <ele>243.5</ele>
   </trkpt>
   <trkpt lat="45.0695080" lon="7.6889500">
    <ele>243.5</ele>
   </trkpt>
   <trkpt lat="45.0695100" lon="7.6889500">
    <ele>243.5</ele>
   </trkpt>
   <trkpt lat="45.0695110" lon="7.6889560">
    <ele>243.5</ele>
   </trkpt>
   <trkpt lat="45.0695130" lon="7.6889610">
    <ele>243.5</ele>
   </trkpt>
   <trkpt lat="45.0695200" lon="7.6889680">
    <ele>243.5</ele>
   </trkpt>
   <trkpt lat="45.0695240" lon="7.6889750">
    <ele>243.5</ele>
   </trkpt>
   <trkpt lat="45.0695270" lon="7.6889810">
    <ele>243.5</ele>
   </trkpt>
   <trkpt lat="45.0695270" lon="7.6889840">
    <ele>243.5</ele>
   </trkpt>
   <trkpt lat="45.0695320" lon="7.6889920">
    <ele>243.5</ele>
   </trkpt>
   <trkpt lat="45.0695390" lon="7.6890000">
    <ele>243.5</ele>
   </trkpt>
   <trkpt lat="45.0695340" lon="7.6889940">
    <ele>243.5</ele>
   </trkpt>
   <trkpt lat="45.0695290" lon="7.6889860">
    <ele>243.5</ele>
   </trkpt>
   <trkpt lat="45.0695230" lon="7.6889770">
    <ele>243.5</ele>
   </trkpt>
   <trkpt lat="45.0695180" lon="7.6889690">
    <ele>243.5</ele>
   </trkpt>
   <trkpt lat="45.0695120" lon="7.6889610">
    <ele>243.5</ele>
   </trkpt>
   <trkpt lat="45.0695100" lon="7.6889570">
    <ele>243.5</ele>
   </trkpt>
   <trkpt lat="45.0695100" lon="7.6889550">
    <ele>243.5</ele>
   </trkpt>
   <trkpt lat="45.0695080" lon="7.6889540">
    <ele>243.5</ele>
   </trkpt>
   <trkpt lat="45.0695080" lon="7.6889540">
    <ele>243.5</ele>
   </trkpt>
   <trkpt lat="45.0695100" lon="7.6889520">
    <ele>243.5</ele>
   </trkpt>
   <trkpt lat="45.0695130" lon="7.6889510">
    <ele>243.5</ele>
   </trkpt>
   <trkpt lat="45.0695120" lon="7.6889490">
    <ele>243.5</ele>
   </trkpt>
   <trkpt lat="45.0695130" lon="7.6889490">
    <ele>243.5</ele>
   </trkpt>
   <trkpt lat="45.0695140" lon="7.6889500">
    <ele>243.5</ele>
   </trkpt>
   <trkpt lat="45.0695600" lon="7.6889580">
    <ele>243.5</ele>
   </trkpt>
   <trkpt lat="45.0695580" lon="7.6889420">
    <ele>243.5</ele>
   </trkpt>
   <trkpt lat="45.0695590" lon="7.6889250">
    <ele>243.5</ele>
   </trkpt>
   <trkpt lat="45.0695570" lon="7.6889140">
    <ele>243.5</ele>
   </trkpt>
   <trkpt lat="45.0695570" lon="7.6889060">
    <ele>243.5</ele>
   </trkpt>
   <trkpt lat="45.0695580" lon="7.6889080">
    <ele>243.5</ele>
   </trkpt>
   <trkpt lat="45.0695630" lon="7.6889120">
    <ele>243.5</ele>
   </trkpt>
   <trkpt lat="45.0695750" lon="7.6889180">
    <ele>243.5</ele>
   </trkpt>
   <trkpt lat="45.0695890" lon="7.6889180">
    <ele>243.5</ele>
   </trkpt>
   <trkpt lat="45.0696190" lon="7.6889150">
    <ele>243.5</ele>
   </trkpt>
   <trkpt lat="45.0696280" lon="7.6889140">
    <ele>243.5</ele>
   </trkpt>
   <trkpt lat="45.0696450" lon="7.6889160">
    <ele>243.5</ele>
   </trkpt>
   <trkpt lat="45.0696550" lon="7.6889210">
    <ele>243.5</ele>
   </trkpt>
   <trkpt lat="45.0696640" lon="7.6889260">
    <ele>243.5</ele>
   </trkpt>
   <trkpt lat="45.0696800" lon="7.6889250">
    <ele>243.5</ele>
   </trkpt>
   <trkpt lat="45.0696950" lon="7.6889170">
    <ele>243.5</ele>
   </trkpt>
   <trkpt lat="45.0697050" lon="7.6889150">
    <ele>243.5</ele>
   </trkpt>
   <trkpt lat="45.0697130" lon="7.6889120">
    <ele>243.5</ele>
   </trkpt>
   <trkpt lat="45.0697170" lon="7.6889100">
    <ele>243.5</ele>
   </trkpt>
   <trkpt lat="45.0697180" lon="7.6889100">
    <ele>243.5</ele>
   </trkpt>
   <trkpt lat="45.0697180" lon="7.6889100">
    <ele>243.5</ele>
   </trkpt>
   <trkpt lat="45.0696890" lon="7.6889320">
    <ele>243.6</ele>
   </trkpt>
   <trkpt lat="45.0696710" lon="7.6889390">
    <ele>243.6</ele>
   </trkpt>
   <trkpt lat="45.0696510" lon="7.6889430">
    <ele>243.6</ele>
   </trkpt>
   <trkpt lat="45.0696410" lon="7.6889450">
    <ele>243.6</ele>
   </trkpt>
   <trkpt lat="45.0696110" lon="7.6889380">
    <ele>243.6</ele>
   </trkpt>
   <trkpt lat="45.0696000" lon="7.6889350">
    <ele>243.5</ele>
   </trkpt>
   <trkpt lat="45.0695650" lon="7.6889300">
    <ele>243.5</ele>
   </trkpt>
   <trkpt lat="45.0695600" lon="7.6889310">
    <ele>243.5</ele>
   </trkpt>
   <trkpt lat="45.0695580" lon="7.6889320">
    <ele>243.5</ele>
   </trkpt>
   <trkpt lat="45.0695560" lon="7.6889330">
    <ele>243.5</ele>
   </trkpt>
   <trkpt lat="45.0695550" lon="7.6889340">
    <ele>243.5</ele>
   </trkpt>
   <trkpt lat="45.0695560" lon="7.6889350">
    <ele>243.5</ele>
   </trkpt>
   <trkpt lat="45.0695560" lon="7.6889370">
    <ele>243.5</ele>
   </trkpt>
   <trkpt lat="45.0695590" lon="7.6889390">
    <ele>243.5</ele>
   </trkpt>
   <trkpt lat="45.0695630" lon="7.6889430">
    <ele>243.5</ele>
   </trkpt>
   <trkpt lat="45.0695960" lon="7.6890110">
    <ele>243.6</ele>
   </trkpt>
   <trkpt lat="45.0696000" lon="7.6890370">
    <ele>243.6</ele>
   </trkpt>
   <trkpt lat="45.0695890" lon="7.6890550">
    <ele>243.6</ele>
   </trkpt>
   <trkpt lat="45.0695680" lon="7.6890860">
    <ele>243.6</ele>
   </trkpt>
   <trkpt lat="45.0695470" lon="7.6891260">
    <ele>243.7</ele>
   </trkpt>
   <trkpt lat="45.0695410" lon="7.6891380">
    <ele>243.7</ele>
   </trkpt>
   <trkpt lat="45.0695310" lon="7.6891610">
    <ele>243.7</ele>
   </trkpt>
   <trkpt lat="45.0695240" lon="7.6891800">
    <ele>243.7</ele>
   </trkpt>
   <trkpt lat="45.0695050" lon="7.6891520">
    <ele>243.7</ele>
   </trkpt>
   <trkpt lat="45.0694890" lon="7.6891090">
    <ele>243.6</ele>
   </trkpt>
   <trkpt lat="45.0694850" lon="7.6890960">
    <ele>243.6</ele>
   </trkpt>
   <trkpt lat="45.0694880" lon="7.6891000">
    <ele>243.6</ele>
   </trkpt>
   <trkpt lat="45.0694960" lon="7.6891260">
    <ele>243.6</ele>
   </trkpt>
   <trkpt lat="45.0695040" lon="7.6891520">
    <ele>243.7</ele>
   </trkpt>
   <trkpt lat="45.0695220" lon="7.6891950">
    <ele>243.7</ele>
   </trkpt>
   <trkpt lat="45.0695370" lon="7.6892150">
    <ele>243.7</ele>
   </trkpt>
   <trkpt lat="45.0695510" lon="7.6892240">
    <ele>243.7</ele>
   </trkpt>
   <trkpt lat="45.0695540" lon="7.6891590">
    <ele>243.7</ele>
   </trkpt>
   <trkpt lat="45.0695410" lon="7.6890930">
    <ele>243.6</ele>
   </trkpt>
   <trkpt lat="45.0695290" lon="7.6890260">
    <ele>243.6</ele>
   </trkpt>
   <trkpt lat="45.0695310" lon="7.6890250">
    <ele>243.6</ele>
   </trkpt>
   <trkpt lat="45.0695310" lon="7.6890240">
    <ele>243.6</ele>
   </trkpt>
   <trkpt lat="45.0695310" lon="7.6890230">
    <ele>243.6</ele>
   </trkpt>
   <trkpt lat="45.0695210" lon="7.6890150">
    <ele>243.6</ele>
   </trkpt>
   <trkpt lat="45.0695180" lon="7.6890120">
    <ele>243.5</ele>
   </trkpt>
   <trkpt lat="45.0695180" lon="7.6890120">
    <ele>243.5</ele>
   </trkpt>
   <trkpt lat="45.0695360" lon="7.6890090">
    <ele>243.6</ele>
   </trkpt>
   <trkpt lat="45.0695230" lon="7.6890090">
    <ele>243.6</ele>
   </trkpt>
   <trkpt lat="45.0695240" lon="7.6889490">
    <ele>243.5</ele>
   </trkpt>
   <trkpt lat="45.0695380" lon="7.6889360">
    <ele>243.5</ele>
   </trkpt>
   <trkpt lat="45.0695480" lon="7.6889300">
    <ele>243.5</ele>
   </trkpt>
   <trkpt lat="45.0695270" lon="7.6888970">
    <ele>243.5</ele>
   </trkpt>
   <trkpt lat="45.0695220" lon="7.6888870">
    <ele>243.5</ele>
   </trkpt>
   <trkpt lat="45.0695230" lon="7.6889000">
    <ele>243.5</ele>
   </trkpt>
   <trkpt lat="45.0695230" lon="7.6889190">
    <ele>243.5</ele>
   </trkpt>
   <trkpt lat="45.0695220" lon="7.6889390">
    <ele>243.5</ele>
   </trkpt>
   <trkpt lat="45.0695220" lon="7.6889580">
    <ele>243.5</ele>
   </trkpt>
   <trkpt lat="45.0695590" lon="7.6889790">
    <ele>243.6</ele>
   </trkpt>
   <trkpt lat="45.0695680" lon="7.6890130">
    <ele>243.6</ele>
   </trkpt>
   <trkpt lat="45.0695630" lon="7.6890330">
    <ele>243.6</ele>
   </trkpt>
   <trkpt lat="45.0695370" lon="7.6890780">
    <ele>243.6</ele>
   </trkpt>
   <trkpt lat="45.0694920" lon="7.6891290">
    <ele>243.7</ele>
   </trkpt>
   <trkpt lat="45.0694560" lon="7.6891620">
    <ele>243.6</ele>
   </trkpt>
   <trkpt lat="45.0694390" lon="7.6891650">
    <ele>243.6</ele>
   </trkpt>
   <trkpt lat="45.0694390" lon="7.6891610">
    <ele>243.6</ele>
   </trkpt>
   <trkpt lat="45.0694350" lon="7.6891490">
    <ele>243.6</ele>
   </trkpt>
   <trkpt lat="45.0694290" lon="7.6891390">
    <ele>243.6</ele>
   </trkpt>
   <trkpt lat="45.0694170" lon="7.6891480">
    <ele>243.6</ele>
   </trkpt>
   <trkpt lat="45.0694180" lon="7.6891720">
    <ele>243.6</ele>
   </trkpt>
   <trkpt lat="45.0694190" lon="7.6891860">
    <ele>243.7</ele>
   </trkpt>
   <trkpt lat="45.0694190" lon="7.6891990">
    <ele>243.7</ele>
   </trkpt>
   <trkpt lat="45.0694280" lon="7.6892160">
    <ele>243.7</ele>
   </trkpt>
   <trkpt lat="45.0694370" lon="7.6892290">
    <ele>243.7</ele>
   </trkpt>
   <trkpt lat="45.0694330" lon="7.6892290">
    <ele>243.7</ele>
   </trkpt>
   <trkpt lat="45.0694420" lon="7.6892220">
    <ele>243.7</ele>
   </trkpt>
   <trkpt lat="45.0694500" lon="7.6892140">
    <ele>243.7</ele>
   </trkpt>
   <trkpt lat="45.0694580" lon="7.6892070">
    <ele>243.7</ele>
   </trkpt>
   <trkpt lat="45.0694660" lon="7.6892000">
    <ele>243.7</ele>
   </trkpt>
   <trkpt lat="45.0694750" lon="7.6891930">
    <ele>243.7</ele>
   </trkpt>
   <trkpt lat="45.0694830" lon="7.6891850">
    <ele>243.7</ele>
   </trkpt>
   <trkpt lat="45.0694910" lon="7.6891780">
    <ele>243.7</ele>
   </trkpt>
   <trkpt lat="45.0694990" lon="7.6891710">
    <ele>243.7</ele>
   </trkpt>
   <trkpt lat="45.0695080" lon="7.6891640">
    <ele>243.7</ele>
   </trkpt>
   <trkpt lat="45.0695160" lon="7.6891560">
    <ele>243.7</ele>
   </trkpt>
   <trkpt lat="45.0695240" lon="7.6891490">
    <ele>243.7</ele>
   </trkpt>
   <trkpt lat="45.0695450" lon="7.6891670">
    <ele>243.7</ele>
   </trkpt>
   <trkpt lat="45.0695530" lon="7.6891760">
    <ele>243.7</ele>
   </trkpt>
   <trkpt lat="45.0695640" lon="7.6891950">
    <ele>243.7</ele>
   </trkpt>
   <trkpt lat="45.0695650" lon="7.6892070">
    <ele>243.7</ele>
   </trkpt>
   <trkpt lat="45.0695750" lon="7.6892170">
    <ele>243.7</ele>
   </trkpt>
   <trkpt lat="45.0695780" lon="7.6892240">
    <ele>243.7</ele>
   </trkpt>
   <trkpt lat="45.0695860" lon="7.6892710">
    <ele>243.7</ele>
   </trkpt>
   <trkpt lat="45.0695500" lon="7.6891770">
    <ele>243.7</ele>
   </trkpt>
   <trkpt lat="45.0695560" lon="7.6891860">
    <ele>243.7</ele>
   </trkpt>
   <trkpt lat="45.0695470" lon="7.6891600">
    <ele>243.7</ele>
   </trkpt>
   <trkpt lat="45.0695850" lon="7.6892790">
    <ele>243.7</ele>
   </trkpt>
   <trkpt lat="45.0695950" lon="7.6893180">
    <ele>243.6</ele>
   </trkpt>
   <trkpt lat="45.0695930" lon="7.6893260">
    <ele>243.6</ele>
   </trkpt>
   <trkpt lat="45.0695930" lon="7.6893180">
    <ele>243.6</ele>
   </trkpt>
   <trkpt lat="45.0695750" lon="7.6892630">
    <ele>243.7</ele>
   </trkpt>
   <trkpt lat="45.0695890" lon="7.6892960">
    <ele>243.7</ele>
   </trkpt>
   <trkpt lat="45.0695970" lon="7.6893080">
    <ele>243.7</ele>
   </trkpt>
   <trkpt lat="45.0696020" lon="7.6893130">
    <ele>243.7</ele>
   </trkpt>
   <trkpt lat="45.0695980" lon="7.6893150">
    <ele>243.6</ele>
   </trkpt>
   <trkpt lat="45.0695520" lon="7.6890540">
    <ele>243.6</ele>
   </trkpt>
   <trkpt lat="45.0695240" lon="7.6890160">
    <ele>243.6</ele>
   </trkpt>
   <trkpt lat="45.0695050" lon="7.6890030">
    <ele>243.6</ele>
   </trkpt>
   <trkpt lat="45.0694710" lon="7.6889320">
    <ele>243.5</ele>
   </trkpt>
   <trkpt lat="45.0694020" lon="7.6888970">
    <ele>243.4</ele>
   </trkpt>
   <trkpt lat="45.0693650" lon="7.6889130">
    <ele>243.3</ele>
   </trkpt>
   <trkpt lat="45.0693380" lon="7.6888970">
    <ele>243.3</ele>
   </trkpt>
   <trkpt lat="45.0693350" lon="7.6888940">
    <ele>243.3</ele>
   </trkpt>
   <trkpt lat="45.0693410" lon="7.6888960">
    <ele>243.3</ele>
   </trkpt>
   <trkpt lat="45.0693460" lon="7.6888980">
    <ele>243.3</ele>
   </trkpt>
   <trkpt lat="45.0693510" lon="7.6888990">
    <ele>243.3</ele>
   </trkpt>
   <trkpt lat="45.0693560" lon="7.6889010">
    <ele>243.3</ele>
   </trkpt>
   <trkpt lat="45.0693620" lon="7.6889030">
    <ele>243.3</ele>
   </trkpt>
   <trkpt lat="45.0693670" lon="7.6889050">
    <ele>243.3</ele>
   </trkpt>
   <trkpt lat="45.0693720" lon="7.6889070">
    <ele>243.3</ele>
   </trkpt>
   <trkpt lat="45.0693780" lon="7.6889090">
    <ele>243.3</ele>
   </trkpt>
   <trkpt lat="45.0693830" lon="7.6889110">
    <ele>243.3</ele>
   </trkpt>
   <trkpt lat="45.0693880" lon="7.6889120">
    <ele>243.3</ele>
   </trkpt>
   <trkpt lat="45.0693930" lon="7.6889140">
    <ele>243.3</ele>
   </trkpt>
   <trkpt lat="45.0693990" lon="7.6889160">
    <ele>243.4</ele>
   </trkpt>
   <trkpt lat="45.0694040" lon="7.6889180">
    <ele>243.4</ele>
   </trkpt>
   <trkpt lat="45.0694060" lon="7.6889190">
    <ele>243.4</ele>
   </trkpt>
   <trkpt lat="45.0694120" lon="7.6889290">
    <ele>243.4</ele>
   </trkpt>
   <trkpt lat="45.0694060" lon="7.6889190">
    <ele>243.4</ele>
   </trkpt>
   <trkpt lat="45.0694050" lon="7.6889240">
    <ele>243.4</ele>
   </trkpt>
   <trkpt lat="45.0694190" lon="7.6889270">
    <ele>243.4</ele>
   </trkpt>
   <trkpt lat="45.0694230" lon="7.6889200">
    <ele>243.4</ele>
   </trkpt>
   <trkpt lat="45.0694210" lon="7.6889110">
    <ele>243.4</ele>
   </trkpt>
   <trkpt lat="45.0694180" lon="7.6889110">
    <ele>243.4</ele>
   </trkpt>
   <trkpt lat="45.0694180" lon="7.6889170">
    <ele>243.4</ele>
   </trkpt>
   <trkpt lat="45.0694120" lon="7.6889210">
    <ele>243.4</ele>
   </trkpt>
   <trkpt lat="45.0694140" lon="7.6889270">
    <ele>243.4</ele>
   </trkpt>
   <trkpt lat="45.0694180" lon="7.6889250">
    <ele>243.4</ele>
   </trkpt>
   <trkpt lat="45.0694230" lon="7.6889130">
    <ele>243.4</ele>
   </trkpt>
   <trkpt lat="45.0694220" lon="7.6889030">
    <ele>243.4</ele>
   </trkpt>
   <trkpt lat="45.0694240" lon="7.6888980">
    <ele>243.4</ele>
   </trkpt>
   <trkpt lat="45.0694310" lon="7.6888980">
    <ele>243.4</ele>
   </trkpt>
   <trkpt lat="45.0694370" lon="7.6889030">
    <ele>243.4</ele>
   </trkpt>
   <trkpt lat="45.0694400" lon="7.6889140">
    <ele>243.4</ele>
   </trkpt>
   <trkpt lat="45.0694420" lon="7.6889260">
    <ele>243.4</ele>
   </trkpt>
   <trkpt lat="45.0694420" lon="7.6889290">
    <ele>243.5</ele>
   </trkpt>
   <trkpt lat="45.0694430" lon="7.6889360">
    <ele>243.5</ele>
   </trkpt>
   <trkpt lat="45.0694440" lon="7.6889450">
    <ele>243.5</ele>
   </trkpt>
   <trkpt lat="45.0694440" lon="7.6889410">
    <ele>243.5</ele>
   </trkpt>
   <trkpt lat="45.0694410" lon="7.6889370">
    <ele>243.5</ele>
   </trkpt>
   <trkpt lat="45.0694460" lon="7.6889400">
    <ele>243.5</ele>
   </trkpt>
   <trkpt lat="45.0694420" lon="7.6889320">
    <ele>243.5</ele>
   </trkpt>
   <trkpt lat="45.0694370" lon="7.6889270">
    <ele>243.4</ele>
   </trkpt>
   <trkpt lat="45.0694360" lon="7.6889250">
    <ele>243.4</ele>
   </trkpt>
   <trkpt lat="45.0694350" lon="7.6889250">
    <ele>243.4</ele>
   </trkpt>
   <trkpt lat="45.0694350" lon="7.6889250">
    <ele>243.4</ele>
   </trkpt>
   <trkpt lat="45.0694350" lon="7.6889250">
    <ele>243.4</ele>
   </trkpt>
   <trkpt lat="45.0694360" lon="7.6889340">
    <ele>243.5</ele>
   </trkpt>
   <trkpt lat="45.0694380" lon="7.6889380">
    <ele>243.5</ele>
   </trkpt>
   <trkpt lat="45.0694380" lon="7.6889380">
    <ele>243.5</ele>
   </trkpt>
   <trkpt lat="45.0694380" lon="7.6889390">
    <ele>243.5</ele>
   </trkpt>
   <trkpt lat="45.0694390" lon="7.6889390">
    <ele>243.5</ele>
   </trkpt>
   <trkpt lat="45.0694390" lon="7.6889390">
    <ele>243.5</ele>
   </trkpt>
   <trkpt lat="45.0694360" lon="7.6889390">
    <ele>243.5</ele>
   </trkpt>
   <trkpt lat="45.0694410" lon="7.6889340">
    <ele>243.5</ele>
   </trkpt>
   <trkpt lat="45.0694460" lon="7.6889280">
    <ele>243.5</ele>
   </trkpt>
   <trkpt lat="45.0694550" lon="7.6889360">
    <ele>243.5</ele>
   </trkpt>
   <trkpt lat="45.0694650" lon="7.6889380">
    <ele>243.5</ele>
   </trkpt>
   <trkpt lat="45.0694740" lon="7.6889350">
    <ele>243.5</ele>
   </trkpt>
   <trkpt lat="45.0694800" lon="7.6889350">
    <ele>243.5</ele>
   </trkpt>
   <trkpt lat="45.0694770" lon="7.6889320">
    <ele>243.5</ele>
   </trkpt>
   <trkpt lat="45.0694740" lon="7.6889290">
    <ele>243.5</ele>
   </trkpt>
   <trkpt lat="45.0694710" lon="7.6889260">
    <ele>243.5</ele>
   </trkpt>
   <trkpt lat="45.0694680" lon="7.6889230">
    <ele>243.5</ele>
   </trkpt>
   <trkpt lat="45.0694650" lon="7.6889200">
    <ele>243.5</ele>
   </trkpt>
   <trkpt lat="45.0694630" lon="7.6889170">
    <ele>243.5</ele>
   </trkpt>
   <trkpt lat="45.0694600" lon="7.6889140">
    <ele>243.5</ele>
   </trkpt>
   <trkpt lat="45.0694570" lon="7.6889110">
    <ele>243.4</ele>
   </trkpt>
   <trkpt lat="45.0694540" lon="7.6889080">
    <ele>243.4</ele>
   </trkpt>
   <trkpt lat="45.0694510" lon="7.6889050">
    <ele>243.4</ele>
   </trkpt>
   <trkpt lat="45.0694480" lon="7.6889020">
    <ele>243.4</ele>
   </trkpt>
   <trkpt lat="45.0694450" lon="7.6888990">
    <ele>243.4</ele>
   </trkpt>
   <trkpt lat="45.0694450" lon="7.6888990">
    <ele>243.4</ele>
   </trkpt>
   <trkpt lat="45.0694520" lon="7.6888960">
    <ele>243.4</ele>
   </trkpt>
   <trkpt lat="45.0694540" lon="7.6888920">
    <ele>243.4</ele>
   </trkpt>
   <trkpt lat="45.0694510" lon="7.6888960">
    <ele>243.4</ele>
   </trkpt>
   <trkpt lat="45.0694480" lon="7.6889010">
    <ele>243.4</ele>
   </trkpt>
   <trkpt lat="45.0694430" lon="7.6889130">
    <ele>243.4</ele>
   </trkpt>
   <trkpt lat="45.0694410" lon="7.6889240">
    <ele>243.4</ele>
   </trkpt>
   <trkpt lat="45.0694360" lon="7.6889350">
    <ele>243.5</ele>
   </trkpt>
   <trkpt lat="45.0694320" lon="7.6889450">
    <ele>243.5</ele>
   </trkpt>
   <trkpt lat="45.0694270" lon="7.6889560">
    <ele>243.5</ele>
   </trkpt>
   <trkpt lat="45.0694270" lon="7.6889670">
    <ele>243.5</ele>
   </trkpt>
   <trkpt lat="45.0694330" lon="7.6889760">
    <ele>243.5</ele>
   </trkpt>
   <trkpt lat="45.0694600" lon="7.6889890">
    <ele>243.6</ele>
   </trkpt>
   <trkpt lat="45.0694690" lon="7.6889930">
    <ele>243.6</ele>
   </trkpt>
   <trkpt lat="45.0694820" lon="7.6889940">
    <ele>243.6</ele>
   </trkpt>
   <trkpt lat="45.0694900" lon="7.6889920">
    <ele>243.6</ele>
   </trkpt>
   <trkpt lat="45.0694970" lon="7.6889930">
    <ele>243.6</ele>
   </trkpt>
   <trkpt lat="45.0695010" lon="7.6889910">
    <ele>243.6</ele>
   </trkpt>
   <trkpt lat="45.0695010" lon="7.6889900">
    <ele>243.6</ele>
   </trkpt>
   <trkpt lat="45.0695120" lon="7.6889830">
    <ele>243.6</ele>
   </trkpt>
   <trkpt lat="45.0695280" lon="7.6889910">
    <ele>243.6</ele>
   </trkpt>
   <trkpt lat="45.0695580" lon="7.6890050">
    <ele>243.6</ele>
   </trkpt>
   <trkpt lat="45.0695680" lon="7.6890080">
    <ele>243.7</ele>
   </trkpt>
   <trkpt lat="45.0695910" lon="7.6890200">
    <ele>243.7</ele>
   </trkpt>
   <trkpt lat="45.0696000" lon="7.6890260">
    <ele>243.7</ele>
   </trkpt>
   <trkpt lat="45.0696100" lon="7.6890310">
    <ele>243.7</ele>
   </trkpt>
   <trkpt lat="45.0696130" lon="7.6890340">
    <ele>243.7</ele>
   </trkpt>
   <trkpt lat="45.0696140" lon="7.6890440">
    <ele>243.7</ele>
   </trkpt>
   <trkpt lat="45.0696170" lon="7.6890540">
    <ele>243.7</ele>
   </trkpt>
   <trkpt lat="45.0696120" lon="7.6890750">
    <ele>243.7</ele>
   </trkpt>
   <trkpt lat="45.0696070" lon="7.6890790">
    <ele>243.7</ele>
   </trkpt>
   <trkpt lat="45.0696000" lon="7.6890880">
    <ele>243.7</ele>
   </trkpt>
   <trkpt lat="45.0695880" lon="7.6891130">
    <ele>243.7</ele>
   </trkpt>
   <trkpt lat="45.0695750" lon="7.6891520">
    <ele>243.7</ele>
   </trkpt>
   <trkpt lat="45.0695710" lon="7.6891650">
    <ele>243.6</ele>
   </trkpt>
   <trkpt lat="45.0695640" lon="7.6891920">
    <ele>243.6</ele>
   </trkpt>
   <trkpt lat="45.0695570" lon="7.6892080">
    <ele>243.6</ele>
   </trkpt>
   <trkpt lat="45.0695380" lon="7.6892490">
    <ele>243.6</ele>
   </trkpt>
   <trkpt lat="45.0695280" lon="7.6892640">
    <ele>243.6</ele>
   </trkpt>
   <trkpt lat="45.0695140" lon="7.6893060">
    <ele>243.5</ele>
   </trkpt>
   <trkpt lat="45.0695000" lon="7.6893530">
    <ele>243.5</ele>
   </trkpt>
   <trkpt lat="45.0694860" lon="7.6893930">
    <ele>243.4</ele>
   </trkpt>
   <trkpt lat="45.0694770" lon="7.6894400">
    <ele>243.4</ele>
   </trkpt>
   <trkpt lat="45.0694670" lon="7.6894890">
    <ele>243.4</ele>
   </trkpt>
   <trkpt lat="45.0694550" lon="7.6895280">
    <ele>243.3</ele>
   </trkpt>
   <trkpt lat="45.0694450" lon="7.6895680">
    <ele>243.3</ele>
   </trkpt>
   <trkpt lat="45.0694400" lon="7.6896140">
    <ele>243.2</ele>
   </trkpt>
   <trkpt lat="45.0694310" lon="7.6896710">
    <ele>243.2</ele>
   </trkpt>
   <trkpt lat="45.0694280" lon="7.6896910">
    <ele>243.2</ele>
   </trkpt>
   <trkpt lat="45.0694180" lon="7.6897300">
    <ele>243.1</ele>
   </trkpt>
   <trkpt lat="45.0694150" lon="7.6897680">
    <ele>243.1</ele>
   </trkpt>
   <trkpt lat="45.0694010" lon="7.6898240">
    <ele>243.0</ele>
   </trkpt>
   <trkpt lat="45.0693970" lon="7.6898430">
    <ele>243.0</ele>
   </trkpt>
   <trkpt lat="45.0693790" lon="7.6898930">
    <ele>243.0</ele>
   </trkpt>
   <trkpt lat="45.0693670" lon="7.6899340">
    <ele>242.9</ele>
   </trkpt>
   <trkpt lat="45.0693530" lon="7.6899750">
    <ele>242.9</ele>
   </trkpt>
   <trkpt lat="45.0693420" lon="7.6900140">
    <ele>242.8</ele>
   </trkpt>
   <trkpt lat="45.0693260" lon="7.6900490">
    <ele>242.8</ele>
   </trkpt>
   <trkpt lat="45.0693060" lon="7.6900900">
    <ele>242.8</ele>
   </trkpt>
   <trkpt lat="45.0692860" lon="7.6901380">
    <ele>242.7</ele>
   </trkpt>
   <trkpt lat="45.0692650" lon="7.6901830">
    <ele>242.7</ele>
   </trkpt>
   <trkpt lat="45.0692520" lon="7.6902230">
    <ele>242.6</ele>
   </trkpt>
   <trkpt lat="45.0692350" lon="7.6902630">
    <ele>242.6</ele>
   </trkpt>
   <trkpt lat="45.0692200" lon="7.6903010">
    <ele>242.5</ele>
   </trkpt>
   <trkpt lat="45.0692100" lon="7.6903480">
    <ele>242.5</ele>
   </trkpt>
   <trkpt lat="45.0691990" lon="7.6903910">
    <ele>242.4</ele>
   </trkpt>
   <trkpt lat="45.0691840" lon="7.6904320">
    <ele>242.4</ele>
   </trkpt>
   <trkpt lat="45.0691630" lon="7.6904710">
    <ele>242.3</ele>
   </trkpt>
   <trkpt lat="45.0691470" lon="7.6905120">
    <ele>242.2</ele>
   </trkpt>
   <trkpt lat="45.0691350" lon="7.6905530">
    <ele>242.2</ele>
   </trkpt>
   <trkpt lat="45.0691250" lon="7.6906010">
    <ele>242.2</ele>
   </trkpt>
   <trkpt lat="45.0691110" lon="7.6906430">
    <ele>242.1</ele>
   </trkpt>
   <trkpt lat="45.0691010" lon="7.6906860">
    <ele>242.1</ele>
   </trkpt>
   <trkpt lat="45.0690830" lon="7.6907370">
    <ele>242.0</ele>
   </trkpt>
   <trkpt lat="45.0690770" lon="7.6907540">
    <ele>241.9</ele>
   </trkpt>
   <trkpt lat="45.0690510" lon="7.6907970">
    <ele>241.6</ele>
   </trkpt>
   <trkpt lat="45.0690420" lon="7.6908110">
    <ele>241.5</ele>
   </trkpt>
   <trkpt lat="45.0690190" lon="7.6908520">
    <ele>241.4</ele>
   </trkpt>
   <trkpt lat="45.0690140" lon="7.6908670">
    <ele>241.4</ele>
   </trkpt>
   <trkpt lat="45.0689950" lon="7.6909090">
    <ele>241.5</ele>
   </trkpt>
   <trkpt lat="45.0689860" lon="7.6909190">
    <ele>241.5</ele>
   </trkpt>
   <trkpt lat="45.0689620" lon="7.6909600">
    <ele>241.5</ele>
   </trkpt>
   <trkpt lat="45.0689530" lon="7.6909760">
    <ele>241.5</ele>
   </trkpt>
   <trkpt lat="45.0689350" lon="7.6910110">
    <ele>241.6</ele>
   </trkpt>
   <trkpt lat="45.0689210" lon="7.6910460">
    <ele>241.6</ele>
   </trkpt>
   <trkpt lat="45.0689020" lon="7.6910900">
    <ele>241.6</ele>
   </trkpt>
   <trkpt lat="45.0688950" lon="7.6911050">
    <ele>241.6</ele>
   </trkpt>
   <trkpt lat="45.0688790" lon="7.6911420">
    <ele>241.6</ele>
   </trkpt>
   <trkpt lat="45.0688630" lon="7.6911730">
    <ele>241.6</ele>
   </trkpt>
   <trkpt lat="45.0688490" lon="7.6912060">
    <ele>241.5</ele>
   </trkpt>
   <trkpt lat="45.0688320" lon="7.6912560">
    <ele>241.5</ele>
   </trkpt>
   <trkpt lat="45.0688270" lon="7.6912710">
    <ele>241.5</ele>
   </trkpt>
   <trkpt lat="45.0688110" lon="7.6913110">
    <ele>241.4</ele>
   </trkpt>
   <trkpt lat="45.0688060" lon="7.6913250">
    <ele>241.4</ele>
   </trkpt>
   <trkpt lat="45.0687810" lon="7.6913700">
    <ele>241.4</ele>
   </trkpt>
   <trkpt lat="45.0687730" lon="7.6913860">
    <ele>241.4</ele>
   </trkpt>
   <trkpt lat="45.0687540" lon="7.6914290">
    <ele>241.3</ele>
   </trkpt>
   <trkpt lat="45.0687370" lon="7.6914690">
    <ele>241.3</ele>
   </trkpt>
   <trkpt lat="45.0687210" lon="7.6915020">
    <ele>241.2</ele>
   </trkpt>
   <trkpt lat="45.0687030" lon="7.6915360">
    <ele>241.2</ele>
   </trkpt>
   <trkpt lat="45.0686780" lon="7.6915790">
    <ele>241.2</ele>
   </trkpt>
   <trkpt lat="45.0686690" lon="7.6915950">
    <ele>241.1</ele>
   </trkpt>
   <trkpt lat="45.0686480" lon="7.6916400">
    <ele>241.1</ele>
   </trkpt>
   <trkpt lat="45.0686400" lon="7.6916540">
    <ele>241.1</ele>
   </trkpt>
   <trkpt lat="45.0686220" lon="7.6917000">
    <ele>241.0</ele>
   </trkpt>
   <trkpt lat="45.0686170" lon="7.6917150">
    <ele>241.0</ele>
   </trkpt>
   <trkpt lat="45.0685990" lon="7.6917640">
    <ele>241.0</ele>
   </trkpt>
   <trkpt lat="45.0685910" lon="7.6917790">
    <ele>240.9</ele>
   </trkpt>
   <trkpt lat="45.0685700" lon="7.6918200">
    <ele>240.9</ele>
   </trkpt>
   <trkpt lat="45.0685640" lon="7.6918330">
    <ele>240.9</ele>
   </trkpt>
   <trkpt lat="45.0685510" lon="7.6918710">
    <ele>240.8</ele>
   </trkpt>
   <trkpt lat="45.0685450" lon="7.6918840">
    <ele>240.8</ele>
   </trkpt>
   <trkpt lat="45.0685320" lon="7.6919220">
    <ele>240.8</ele>
   </trkpt>
   <trkpt lat="45.0685270" lon="7.6919340">
    <ele>240.8</ele>
   </trkpt>
   <trkpt lat="45.0685140" lon="7.6919840">
    <ele>240.7</ele>
   </trkpt>
   <trkpt lat="45.0685080" lon="7.6920000">
    <ele>240.7</ele>
   </trkpt>
   <trkpt lat="45.0684950" lon="7.6920340">
    <ele>240.7</ele>
   </trkpt>
   <trkpt lat="45.0684790" lon="7.6920660">
    <ele>240.6</ele>
   </trkpt>
   <trkpt lat="45.0684600" lon="7.6921010">
    <ele>240.6</ele>
   </trkpt>
   <trkpt lat="45.0684460" lon="7.6921340">
    <ele>240.5</ele>
   </trkpt>
   <trkpt lat="45.0684270" lon="7.6921810">
    <ele>240.5</ele>
   </trkpt>
   <trkpt lat="45.0684200" lon="7.6921970">
    <ele>240.5</ele>
   </trkpt>
   <trkpt lat="45.0684040" lon="7.6922280">
    <ele>240.4</ele>
   </trkpt>
   <trkpt lat="45.0683920" lon="7.6922740">
    <ele>240.4</ele>
   </trkpt>
   <trkpt lat="45.0683900" lon="7.6922860">
    <ele>240.4</ele>
   </trkpt>
   <trkpt lat="45.0683890" lon="7.6923060">
    <ele>240.4</ele>
   </trkpt>
   <trkpt lat="45.0683920" lon="7.6923320">
    <ele>240.4</ele>
   </trkpt>
   <trkpt lat="45.0683960" lon="7.6923570">
    <ele>240.3</ele>
   </trkpt>
   <trkpt lat="45.0684060" lon="7.6923730">
    <ele>240.3</ele>
   </trkpt>
   <trkpt lat="45.0684050" lon="7.6923720">
    <ele>240.3</ele>
   </trkpt>
   <trkpt lat="45.0684160" lon="7.6923770">
    <ele>240.4</ele>
   </trkpt>
   <trkpt lat="45.0684190" lon="7.6923830">
    <ele>240.4</ele>
   </trkpt>
   <trkpt lat="45.0684190" lon="7.6923860">
    <ele>240.4</ele>
   </trkpt>
   <trkpt lat="45.0684230" lon="7.6923960">
    <ele>240.5</ele>
   </trkpt>
   <trkpt lat="45.0684270" lon="7.6924080">
    <ele>240.5</ele>
   </trkpt>
   <trkpt lat="45.0684360" lon="7.6924120">
    <ele>240.4</ele>
   </trkpt>
   <trkpt lat="45.0684460" lon="7.6924080">
    <ele>240.4</ele>
   </trkpt>
   <trkpt lat="45.0684570" lon="7.6924100">
    <ele>240.4</ele>
   </trkpt>
   <trkpt lat="45.0684660" lon="7.6924110">
    <ele>240.4</ele>
   </trkpt>
   <trkpt lat="45.0684690" lon="7.6924110">
    <ele>240.3</ele>
   </trkpt>
   <trkpt lat="45.0684690" lon="7.6924110">
    <ele>240.3</ele>
   </trkpt>
   <trkpt lat="45.0684900" lon="7.6924290">
    <ele>240.3</ele>
   </trkpt>
   <trkpt lat="45.0685170" lon="7.6924550">
    <ele>240.2</ele>
   </trkpt>
   <trkpt lat="45.0685270" lon="7.6924630">
    <ele>240.2</ele>
   </trkpt>
   <trkpt lat="45.0685530" lon="7.6924790">
    <ele>240.1</ele>
   </trkpt>
   <trkpt lat="45.0685790" lon="7.6924930">
    <ele>240.0</ele>
   </trkpt>
   <trkpt lat="45.0686070" lon="7.6925140">
    <ele>239.9</ele>
   </trkpt>
   <trkpt lat="45.0686370" lon="7.6925320">
    <ele>239.8</ele>
   </trkpt>
   <trkpt lat="45.0686670" lon="7.6925390">
    <ele>239.7</ele>
   </trkpt>
   <trkpt lat="45.0686870" lon="7.6925560">
    <ele>239.6</ele>
   </trkpt>
   <trkpt lat="45.0686910" lon="7.6925660">
    <ele>239.6</ele>
   </trkpt>
   <trkpt lat="45.0686980" lon="7.6925690">
    <ele>239.6</ele>
   </trkpt>
   <trkpt lat="45.0687000" lon="7.6925620">
    <ele>239.6</ele>
   </trkpt>
   <trkpt lat="45.0687040" lon="7.6925540">
    <ele>239.5</ele>
   </trkpt>
   <trkpt lat="45.0687020" lon="7.6925420">
    <ele>239.5</ele>
   </trkpt>
   <trkpt lat="45.0687020" lon="7.6925380">
    <ele>239.5</ele>
   </trkpt>
   <trkpt lat="45.0687010" lon="7.6925370">
    <ele>239.5</ele>
   </trkpt>
   <trkpt lat="45.0687010" lon="7.6925370">
    <ele>239.5</ele>
   </trkpt>
   <trkpt lat="45.0687010" lon="7.6925370">
    <ele>239.5</ele>
   </trkpt>
   <trkpt lat="45.0687010" lon="7.6925370">
    <ele>239.5</ele>
   </trkpt>
   <trkpt lat="45.0687010" lon="7.6925370">
    <ele>239.5</ele>
   </trkpt>
   <trkpt lat="45.0687010" lon="7.6925370">
    <ele>239.5</ele>
   </trkpt>
   <trkpt lat="45.0687170" lon="7.6925460">
    <ele>239.4</ele>
   </trkpt>
   <trkpt lat="45.0687070" lon="7.6925440">
    <ele>239.4</ele>
   </trkpt>
   <trkpt lat="45.0686970" lon="7.6925500">
    <ele>239.4</ele>
   </trkpt>
   <trkpt lat="45.0686910" lon="7.6925530">
    <ele>239.4</ele>
   </trkpt>
   <trkpt lat="45.0686920" lon="7.6925460">
    <ele>239.4</ele>
   </trkpt>
   <trkpt lat="45.0686940" lon="7.6925350">
    <ele>239.3</ele>
   </trkpt>
   <trkpt lat="45.0686950" lon="7.6925320">
    <ele>239.3</ele>
   </trkpt>
   <trkpt lat="45.0686950" lon="7.6925300">
    <ele>239.3</ele>
   </trkpt>
   <trkpt lat="45.0687000" lon="7.6925150">
    <ele>239.3</ele>
   </trkpt>
   <trkpt lat="45.0687020" lon="7.6925110">
    <ele>239.3</ele>
   </trkpt>
   <trkpt lat="45.0687020" lon="7.6925100">
    <ele>239.3</ele>
   </trkpt>
   <trkpt lat="45.0687030" lon="7.6925090">
    <ele>239.3</ele>
   </trkpt>
   <trkpt lat="45.0687030" lon="7.6925090">
    <ele>239.3</ele>
   </trkpt>
   <trkpt lat="45.0687030" lon="7.6925090">
    <ele>239.3</ele>
   </trkpt>
   <trkpt lat="45.0687030" lon="7.6925090">
    <ele>239.3</ele>
   </trkpt>
   <trkpt lat="45.0687030" lon="7.6925090">
    <ele>239.3</ele>
   </trkpt>
   <trkpt lat="45.0686850" lon="7.6925490">
    <ele>239.2</ele>
   </trkpt>
   <trkpt lat="45.0686900" lon="7.6925510">
    <ele>239.2</ele>
   </trkpt>
   <trkpt lat="45.0686960" lon="7.6925580">
    <ele>239.1</ele>
   </trkpt>
   <trkpt lat="45.0687010" lon="7.6925610">
    <ele>239.1</ele>
   </trkpt>
   <trkpt lat="45.0687020" lon="7.6925620">
    <ele>239.1</ele>
   </trkpt>
   <trkpt lat="45.0687020" lon="7.6925620">
    <ele>239.1</ele>
   </trkpt>
   <trkpt lat="45.0687020" lon="7.6925620">
    <ele>239.1</ele>
   </trkpt>
   <trkpt lat="45.0687020" lon="7.6925620">
    <ele>239.1</ele>
   </trkpt>
   <trkpt lat="45.0687020" lon="7.6925610">
    <ele>239.1</ele>
   </trkpt>
   <trkpt lat="45.0687020" lon="7.6925610">
    <ele>239.1</ele>
   </trkpt>
   <trkpt lat="45.0687020" lon="7.6925610">
    <ele>239.1</ele>
   </trkpt>
   <trkpt lat="45.0687020" lon="7.6925610">
    <ele>239.1</ele>
   </trkpt>
   <trkpt lat="45.0687020" lon="7.6925600">
    <ele>239.1</ele>
   </trkpt>
   <trkpt lat="45.0687020" lon="7.6925600">
    <ele>239.1</ele>
   </trkpt>
   <trkpt lat="45.0687020" lon="7.6925600">
    <ele>239.1</ele>
   </trkpt>
   <trkpt lat="45.0687020" lon="7.6925600">
    <ele>239.1</ele>
   </trkpt>
   <trkpt lat="45.0687020" lon="7.6925600">
    <ele>239.1</ele>
   </trkpt>
   <trkpt lat="45.0687020" lon="7.6925600">
    <ele>239.1</ele>
   </trkpt>
   <trkpt lat="45.0687020" lon="7.6925590">
    <ele>239.1</ele>
   </trkpt>
   <trkpt lat="45.0687020" lon="7.6925590">
    <ele>239.1</ele>
   </trkpt>
   <trkpt lat="45.0687120" lon="7.6925710">
    <ele>239.1</ele>
   </trkpt>
   <trkpt lat="45.0687220" lon="7.6925810">
    <ele>239.0</ele>
   </trkpt>
   <trkpt lat="45.0687350" lon="7.6925940">
    <ele>239.0</ele>
   </trkpt>
   <trkpt lat="45.0687690" lon="7.6926080">
    <ele>238.9</ele>
   </trkpt>
   <trkpt lat="45.0687820" lon="7.6926130">
    <ele>238.9</ele>
   </trkpt>
   <trkpt lat="45.0688150" lon="7.6926420">
    <ele>238.7</ele>
   </trkpt>
   <trkpt lat="45.0688250" lon="7.6926550">
    <ele>238.7</ele>
   </trkpt>
   <trkpt lat="45.0688500" lon="7.6926740">
    <ele>238.6</ele>
   </trkpt>
   <trkpt lat="45.0688750" lon="7.6926910">
    <ele>238.5</ele>
   </trkpt>
   <trkpt lat="45.0689050" lon="7.6927130">
    <ele>238.4</ele>
   </trkpt>
   <trkpt lat="45.0689140" lon="7.6927210">
    <ele>238.4</ele>
   </trkpt>
   <trkpt lat="45.0689420" lon="7.6927420">
    <ele>238.3</ele>
   </trkpt>
   <trkpt lat="45.0689520" lon="7.6927490">
    <ele>238.3</ele>
   </trkpt>
   <trkpt lat="45.0689820" lon="7.6927670">
    <ele>238.2</ele>
   </trkpt>
   <trkpt lat="45.0689940" lon="7.6927720">
    <ele>238.2</ele>
   </trkpt>
   <trkpt lat="45.0690230" lon="7.6927810">
    <ele>238.1</ele>
   </trkpt>
   <trkpt lat="45.0690310" lon="7.6927850">
    <ele>238.1</ele>
   </trkpt>
   <trkpt lat="45.0690630" lon="7.6928070">
    <ele>238.0</ele>
   </trkpt>
   <trkpt lat="45.0690740" lon="7.6928170">
    <ele>237.9</ele>
   </trkpt>
   <trkpt lat="45.0690990" lon="7.6928390">
    <ele>237.9</ele>
   </trkpt>
   <trkpt lat="45.0691060" lon="7.6928440">
    <ele>237.8</ele>
   </trkpt>
   <trkpt lat="45.0691160" lon="7.6928480">
    <ele>237.8</ele>
   </trkpt>
   <trkpt lat="45.0691250" lon="7.6928580">
    <ele>237.8</ele>
   </trkpt>
   <trkpt lat="45.0691360" lon="7.6928680">
    <ele>237.7</ele>
   </trkpt>
   <trkpt lat="45.0691510" lon="7.6928850">
    <ele>237.7</ele>
   </trkpt>
   <trkpt lat="45.0691580" lon="7.6928950">
    <ele>237.7</ele>
   </trkpt>
   <trkpt lat="45.0691660" lon="7.6929040">
    <ele>237.6</ele>
   </trkpt>
   <trkpt lat="45.0691760" lon="7.6929150">
    <ele>237.6</ele>
   </trkpt>
   <trkpt lat="45.0691850" lon="7.6929290">
    <ele>237.6</ele>
   </trkpt>
   <trkpt lat="45.0691880" lon="7.6929330">
    <ele>237.6</ele>
   </trkpt>
   <trkpt lat="45.0692000" lon="7.6929470">
    <ele>237.5</ele>
   </trkpt>
   <trkpt lat="45.0692100" lon="7.6929600">
    <ele>237.5</ele>
   </trkpt>
   <trkpt lat="45.0692210" lon="7.6929730">
    <ele>237.4</ele>
   </trkpt>
   <trkpt lat="45.0692300" lon="7.6929910">
    <ele>237.4</ele>
   </trkpt>
   <trkpt lat="45.0692380" lon="7.6930060">
    <ele>237.4</ele>
   </trkpt>
   <trkpt lat="45.0692470" lon="7.6930200">
    <ele>237.3</ele>
   </trkpt>
   <trkpt lat="45.0692530" lon="7.6930290">
    <ele>237.3</ele>
   </trkpt>
   <trkpt lat="45.0692580" lon="7.6930390">
    <ele>237.3</ele>
   </trkpt>
   <trkpt lat="45.0692640" lon="7.6930480">
    <ele>237.3</ele>
   </trkpt>
   <trkpt lat="45.0692790" lon="7.6930610">
    <ele>237.2</ele>
   </trkpt>
   <trkpt lat="45.0692860" lon="7.6930620">
    <ele>237.2</ele>
   </trkpt>
   <trkpt lat="45.0692940" lon="7.6930640">
    <ele>237.2</ele>
   </trkpt>
   <trkpt lat="45.0693010" lon="7.6930650">
    <ele>237.2</ele>
   </trkpt>
   <trkpt lat="45.0693090" lon="7.6930670">
    <ele>237.2</ele>
   </trkpt>
   <trkpt lat="45.0693230" lon="7.6930690">
    <ele>237.1</ele>
   </trkpt>
   <trkpt lat="45.0693320" lon="7.6930700">
    <ele>237.1</ele>
   </trkpt>
   <trkpt lat="45.0693420" lon="7.6930700">
    <ele>237.1</ele>
   </trkpt>
   <trkpt lat="45.0693510" lon="7.6930710">
    <ele>237.1</ele>
   </trkpt>
   <trkpt lat="45.0693690" lon="7.6930720">
    <ele>237.0</ele>
   </trkpt>
   <trkpt lat="45.0693860" lon="7.6930760">
    <ele>236.9</ele>
   </trkpt>
   <trkpt lat="45.0694140" lon="7.6930840">
    <ele>236.7</ele>
   </trkpt>
   <trkpt lat="45.0694220" lon="7.6930870">
    <ele>236.7</ele>
   </trkpt>
   <trkpt lat="45.0694340" lon="7.6930870">
    <ele>236.6</ele>
   </trkpt>
   <trkpt lat="45.0694460" lon="7.6930830">
    <ele>236.5</ele>
   </trkpt>
   <trkpt lat="45.0694570" lon="7.6930840">
    <ele>236.5</ele>
   </trkpt>
   <trkpt lat="45.0694580" lon="7.6930850">
    <ele>236.5</ele>
   </trkpt>
   <trkpt lat="45.0694580" lon="7.6930850">
    <ele>236.5</ele>
   </trkpt>
   <trkpt lat="45.0694870" lon="7.6931050">
    <ele>236.4</ele>
   </trkpt>
   <trkpt lat="45.0695040" lon="7.6931210">
    <ele>236.3</ele>
   </trkpt>
   <trkpt lat="45.0695100" lon="7.6931280">
    <ele>236.3</ele>
   </trkpt>
   <trkpt lat="45.0695170" lon="7.6931350">
    <ele>236.2</ele>
   </trkpt>
   <trkpt lat="45.0695300" lon="7.6931460">
    <ele>236.2</ele>
   </trkpt>
   <trkpt lat="45.0695470" lon="7.6931610">
    <ele>236.1</ele>
   </trkpt>
   <trkpt lat="45.0695780" lon="7.6931870">
    <ele>236.0</ele>
   </trkpt>
   <trkpt lat="45.0695900" lon="7.6931970">
    <ele>236.0</ele>
   </trkpt>
   <trkpt lat="45.0696220" lon="7.6932230">
    <ele>235.8</ele>
   </trkpt>
   <trkpt lat="45.0696680" lon="7.6932650">
    <ele>235.7</ele>
   </trkpt>
   <trkpt lat="45.0697090" lon="7.6933040">
    <ele>235.5</ele>
   </trkpt>
   <trkpt lat="45.0697480" lon="7.6933440">
    <ele>235.3</ele>
   </trkpt>
   <trkpt lat="45.0697890" lon="7.6933810">
    <ele>235.2</ele>
   </trkpt>
   <trkpt lat="45.0698330" lon="7.6934140">
    <ele>235.0</ele>
   </trkpt>
   <trkpt lat="45.0698800" lon="7.6934460">
    <ele>234.8</ele>
   </trkpt>
   <trkpt lat="45.0699250" lon="7.6934790">
    <ele>234.7</ele>
   </trkpt>
   <trkpt lat="45.0699700" lon="7.6935150">
    <ele>234.5</ele>
   </trkpt>
   <trkpt lat="45.0700170" lon="7.6935480">
    <ele>234.3</ele>
   </trkpt>
   <trkpt lat="45.0700630" lon="7.6935790">
    <ele>234.2</ele>
   </trkpt>
   <trkpt lat="45.0701150" lon="7.6936090">
    <ele>234.0</ele>
   </trkpt>
   <trkpt lat="45.0701540" lon="7.6936360">
    <ele>234.0</ele>
   </trkpt>
   <trkpt lat="45.0701940" lon="7.6936650">
    <ele>233.9</ele>
   </trkpt>
   <trkpt lat="45.0702270" lon="7.6936960">
    <ele>233.8</ele>
   </trkpt>
   <trkpt lat="45.0702610" lon="7.6937320">
    <ele>233.5</ele>
   </trkpt>
   <trkpt lat="45.0702950" lon="7.6937700">
    <ele>233.1</ele>
   </trkpt>
   <trkpt lat="45.0703250" lon="7.6938040">
    <ele>233.1</ele>
   </trkpt>
   <trkpt lat="45.0703520" lon="7.6938350">
    <ele>233.0</ele>
   </trkpt>
   <trkpt lat="45.0703800" lon="7.6938530">
    <ele>233.0</ele>
   </trkpt>
   <trkpt lat="45.0704190" lon="7.6938600">
    <ele>233.0</ele>
   </trkpt>
   <trkpt lat="45.0704340" lon="7.6938600">
    <ele>232.9</ele>
   </trkpt>
   <trkpt lat="45.0704600" lon="7.6938690">
    <ele>232.9</ele>
   </trkpt>
   <trkpt lat="45.0704880" lon="7.6938810">
    <ele>232.8</ele>
   </trkpt>
   <trkpt lat="45.0705150" lon="7.6938970">
    <ele>232.7</ele>
   </trkpt>
   <trkpt lat="45.0705380" lon="7.6939180">
    <ele>232.6</ele>
   </trkpt>
   <trkpt lat="45.0705650" lon="7.6939410">
    <ele>232.5</ele>
   </trkpt>
   <trkpt lat="45.0705930" lon="7.6939600">
    <ele>232.4</ele>
   </trkpt>
   <trkpt lat="45.0706210" lon="7.6939770">
    <ele>232.4</ele>
   </trkpt>
   <trkpt lat="45.0706510" lon="7.6939960">
    <ele>232.5</ele>
   </trkpt>
   <trkpt lat="45.0706850" lon="7.6940160">
    <ele>232.6</ele>
   </trkpt>
   <trkpt lat="45.0707160" lon="7.6940340">
    <ele>232.7</ele>
   </trkpt>
   <trkpt lat="45.0707420" lon="7.6940540">
    <ele>232.7</ele>
   </trkpt>
   <trkpt lat="45.0707570" lon="7.6940710">
    <ele>232.7</ele>
   </trkpt>
   <trkpt lat="45.0707680" lon="7.6940870">
    <ele>232.7</ele>
   </trkpt>
   <trkpt lat="45.0707780" lon="7.6941050">
    <ele>232.7</ele>
   </trkpt>
   <trkpt lat="45.0707890" lon="7.6941170">
    <ele>232.7</ele>
   </trkpt>
   <trkpt lat="45.0708050" lon="7.6941290">
    <ele>232.6</ele>
   </trkpt>
   <trkpt lat="45.0708170" lon="7.6941430">
    <ele>232.6</ele>
   </trkpt>
   <trkpt lat="45.0708230" lon="7.6941480">
    <ele>232.6</ele>
   </trkpt>
   <trkpt lat="45.0708240" lon="7.6941480">
    <ele>232.6</ele>
   </trkpt>
   <trkpt lat="45.0708270" lon="7.6941440">
    <ele>232.6</ele>
   </trkpt>
   <trkpt lat="45.0708310" lon="7.6941340">
    <ele>232.6</ele>
   </trkpt>
   <trkpt lat="45.0708320" lon="7.6941310">
    <ele>232.6</ele>
   </trkpt>
   <trkpt lat="45.0708330" lon="7.6941300">
    <ele>232.6</ele>
   </trkpt>
   <trkpt lat="45.0708330" lon="7.6941290">
    <ele>232.6</ele>
   </trkpt>
   <trkpt lat="45.0708330" lon="7.6941290">
    <ele>232.6</ele>
   </trkpt>
   <trkpt lat="45.0708330" lon="7.6941290">
    <ele>232.6</ele>
   </trkpt>
   <trkpt lat="45.0708330" lon="7.6941290">
    <ele>232.6</ele>
   </trkpt>
   <trkpt lat="45.0708490" lon="7.6941320">
    <ele>232.6</ele>
   </trkpt>
   <trkpt lat="45.0708600" lon="7.6941420">
    <ele>232.6</ele>
   </trkpt>
   <trkpt lat="45.0708740" lon="7.6941580">
    <ele>232.6</ele>
   </trkpt>
   <trkpt lat="45.0709050" lon="7.6941850">
    <ele>232.6</ele>
   </trkpt>
   <trkpt lat="45.0709150" lon="7.6941970">
    <ele>232.6</ele>
   </trkpt>
   <trkpt lat="45.0709430" lon="7.6942220">
    <ele>232.6</ele>
   </trkpt>
   <trkpt lat="45.0709940" lon="7.6942520">
    <ele>232.5</ele>
   </trkpt>
   <trkpt lat="45.0710420" lon="7.6942660">
    <ele>232.5</ele>
   </trkpt>
   <trkpt lat="45.0710880" lon="7.6942870">
    <ele>232.4</ele>
   </trkpt>
   <trkpt lat="45.0711370" lon="7.6943180">
    <ele>232.4</ele>
   </trkpt>
   <trkpt lat="45.0711800" lon="7.6943450">
    <ele>232.3</ele>
   </trkpt>
   <trkpt lat="45.0712220" lon="7.6943730">
    <ele>232.3</ele>
   </trkpt>
   <trkpt lat="45.0712620" lon="7.6943950">
    <ele>232.2</ele>
   </trkpt>
   <trkpt lat="45.0712990" lon="7.6944200">
    <ele>232.2</ele>
   </trkpt>
   <trkpt lat="45.0713380" lon="7.6944510">
    <ele>232.1</ele>
   </trkpt>
   <trkpt lat="45.0713750" lon="7.6944760">
    <ele>232.1</ele>
   </trkpt>
   <trkpt lat="45.0714140" lon="7.6945040">
    <ele>232.1</ele>
   </trkpt>
   <trkpt lat="45.0714530" lon="7.6945340">
    <ele>232.0</ele>
   </trkpt>
   <trkpt lat="45.0714840" lon="7.6945710">
    <ele>232.0</ele>
   </trkpt>
   <trkpt lat="45.0715140" lon="7.6946160">
    <ele>232.0</ele>
   </trkpt>
   <trkpt lat="45.0715470" lon="7.6946510">
    <ele>231.9</ele>
   </trkpt>
   <trkpt lat="45.0715850" lon="7.6946720">
    <ele>231.9</ele>
   </trkpt>
   <trkpt lat="45.0716210" lon="7.6946900">
    <ele>231.9</ele>
   </trkpt>
   <trkpt lat="45.0716580" lon="7.6947130">
    <ele>231.8</ele>
   </trkpt>
   <trkpt lat="45.0716940" lon="7.6947350">
    <ele>231.8</ele>
   </trkpt>
   <trkpt lat="45.0717390" lon="7.6947550">
    <ele>231.8</ele>
   </trkpt>
   <trkpt lat="45.0717780" lon="7.6947770">
    <ele>231.8</ele>
   </trkpt>
   <trkpt lat="45.0718080" lon="7.6947880">
    <ele>231.7</ele>
   </trkpt>
   <trkpt lat="45.0718370" lon="7.6948110">
    <ele>231.7</ele>
   </trkpt>
   <trkpt lat="45.0718440" lon="7.6948190">
    <ele>231.7</ele>
   </trkpt>
   <trkpt lat="45.0718520" lon="7.6948380">
    <ele>231.7</ele>
   </trkpt>
   <trkpt lat="45.0718560" lon="7.6948670">
    <ele>231.7</ele>
   </trkpt>
   <trkpt lat="45.0718590" lon="7.6949180">
    <ele>231.7</ele>
   </trkpt>
   <trkpt lat="45.0718580" lon="7.6949370">
    <ele>231.7</ele>
   </trkpt>
   <trkpt lat="45.0718600" lon="7.6949750">
    <ele>231.7</ele>
   </trkpt>
   <trkpt lat="45.0718660" lon="7.6950250">
    <ele>231.6</ele>
   </trkpt>
   <trkpt lat="45.0718670" lon="7.6950430">
    <ele>231.6</ele>
   </trkpt>
   <trkpt lat="45.0718720" lon="7.6950940">
    <ele>231.6</ele>
   </trkpt>
   <trkpt lat="45.0718740" lon="7.6951130">
    <ele>231.6</ele>
   </trkpt>
   <trkpt lat="45.0718830" lon="7.6951570">
    <ele>231.6</ele>
   </trkpt>
   <trkpt lat="45.0718880" lon="7.6951720">
    <ele>231.5</ele>
   </trkpt>
   <trkpt lat="45.0719070" lon="7.6952040">
    <ele>231.5</ele>
   </trkpt>
   <trkpt lat="45.0719110" lon="7.6952140">
    <ele>231.4</ele>
   </trkpt>
   <trkpt lat="45.0719210" lon="7.6952390">
    <ele>231.4</ele>
   </trkpt>
   <trkpt lat="45.0719240" lon="7.6952500">
    <ele>231.4</ele>
   </trkpt>
   <trkpt lat="45.0719280" lon="7.6952610">
    <ele>231.4</ele>
   </trkpt>
   <trkpt lat="45.0719390" lon="7.6952690">
    <ele>231.4</ele>
   </trkpt>
   <trkpt lat="45.0719420" lon="7.6952740">
    <ele>231.4</ele>
   </trkpt>
   <trkpt lat="45.0719450" lon="7.6952790">
    <ele>231.4</ele>
   </trkpt>
   <trkpt lat="45.0719490" lon="7.6952830">
    <ele>231.4</ele>
   </trkpt>
   <trkpt lat="45.0719520" lon="7.6952880">
    <ele>231.4</ele>
   </trkpt>
   <trkpt lat="45.0719550" lon="7.6952930">
    <ele>231.4</ele>
   </trkpt>
   <trkpt lat="45.0719580" lon="7.6952980">
    <ele>231.4</ele>
   </trkpt>
   <trkpt lat="45.0719920" lon="7.6953100">
    <ele>231.3</ele>
   </trkpt>
   <trkpt lat="45.0720060" lon="7.6953150">
    <ele>231.3</ele>
   </trkpt>
   <trkpt lat="45.0720390" lon="7.6953170">
    <ele>231.3</ele>
   </trkpt>
   <trkpt lat="45.0720790" lon="7.6953120">
    <ele>231.2</ele>
   </trkpt>
   <trkpt lat="45.0721210" lon="7.6953050">
    <ele>231.2</ele>
   </trkpt>
   <trkpt lat="45.0721610" lon="7.6952780">
    <ele>231.1</ele>
   </trkpt>
   <trkpt lat="45.0722090" lon="7.6952360">
    <ele>231.1</ele>
   </trkpt>
   <trkpt lat="45.0722530" lon="7.6952110">
    <ele>231.1</ele>
   </trkpt>
   <trkpt lat="45.0722850" lon="7.6952130">
    <ele>231.1</ele>
   </trkpt>
   <trkpt lat="45.0723200" lon="7.6952300">
    <ele>231.0</ele>
   </trkpt>
   <trkpt lat="45.0723490" lon="7.6952530">
    <ele>231.0</ele>
   </trkpt>
   <trkpt lat="45.0723840" lon="7.6952710">
    <ele>231.0</ele>
   </trkpt>
   <trkpt lat="45.0723980" lon="7.6952790">
    <ele>231.0</ele>
   </trkpt>
   <trkpt lat="45.0724260" lon="7.6952950">
    <ele>231.0</ele>
   </trkpt>
   <trkpt lat="45.0724530" lon="7.6953110">
    <ele>231.0</ele>
   </trkpt>
   <trkpt lat="45.0724820" lon="7.6953350">
    <ele>231.0</ele>
   </trkpt>
   <trkpt lat="45.0724890" lon="7.6953410">
    <ele>231.0</ele>
   </trkpt>
   <trkpt lat="45.0725210" lon="7.6953690">
    <ele>231.0</ele>
   </trkpt>
   <trkpt lat="45.0725320" lon="7.6953780">
    <ele>231.0</ele>
   </trkpt>
   <trkpt lat="45.0725540" lon="7.6953930">
    <ele>231.0</ele>
   </trkpt>
   <trkpt lat="45.0725600" lon="7.6953930">
    <ele>231.0</ele>
   </trkpt>
   <trkpt lat="45.0725660" lon="7.6953930">
    <ele>231.0</ele>
   </trkpt>
   <trkpt lat="45.0725720" lon="7.6953950">
    <ele>231.0</ele>
   </trkpt>
   <trkpt lat="45.0725820" lon="7.6953940">
    <ele>231.0</ele>
   </trkpt>
   <trkpt lat="45.0725830" lon="7.6953940">
    <ele>231.0</ele>
   </trkpt>
   <trkpt lat="45.0725830" lon="7.6953940">
    <ele>231.0</ele>
   </trkpt>
   <trkpt lat="45.0725830" lon="7.6953940">
    <ele>231.0</ele>
   </trkpt>
   <trkpt lat="45.0725830" lon="7.6953940">
    <ele>231.0</ele>
   </trkpt>
   <trkpt lat="45.0725830" lon="7.6953940">
    <ele>231.0</ele>
   </trkpt>
   <trkpt lat="45.0725830" lon="7.6953940">
    <ele>231.0</ele>
   </trkpt>
   <trkpt lat="45.0726040" lon="7.6954020">
    <ele>231.0</ele>
   </trkpt>
   <trkpt lat="45.0726290" lon="7.6954210">
    <ele>231.0</ele>
   </trkpt>
   <trkpt lat="45.0726440" lon="7.6954290">
    <ele>231.0</ele>
   </trkpt>
   <trkpt lat="45.0726600" lon="7.6954430">
    <ele>230.9</ele>
   </trkpt>
   <trkpt lat="45.0726660" lon="7.6954520">
    <ele>230.9</ele>
   </trkpt>
   <trkpt lat="45.0726680" lon="7.6954550">
    <ele>230.9</ele>
   </trkpt>
   <trkpt lat="45.0726680" lon="7.6954560">
    <ele>230.9</ele>
   </trkpt>
   <trkpt lat="45.0726680" lon="7.6954670">
    <ele>230.9</ele>
   </trkpt>
   <trkpt lat="45.0726700" lon="7.6954850">
    <ele>230.9</ele>
   </trkpt>
   <trkpt lat="45.0726720" lon="7.6955040">
    <ele>230.9</ele>
   </trkpt>
   <trkpt lat="45.0726770" lon="7.6955210">
    <ele>230.8</ele>
   </trkpt>
   <trkpt lat="45.0726780" lon="7.6955260">
    <ele>230.8</ele>
   </trkpt>
   <trkpt lat="45.0726850" lon="7.6955330">
    <ele>230.8</ele>
   </trkpt>
   <trkpt lat="45.0726920" lon="7.6955370">
    <ele>230.8</ele>
   </trkpt>
   <trkpt lat="45.0726990" lon="7.6955420">
    <ele>230.8</ele>
   </trkpt>
   <trkpt lat="45.0727060" lon="7.6955460">
    <ele>230.8</ele>
   </trkpt>
   <trkpt lat="45.0727130" lon="7.6955510">
    <ele>230.8</ele>
   </trkpt>
   <trkpt lat="45.0727420" lon="7.6955760">
    <ele>230.7</ele>
   </trkpt>
   <trkpt lat="45.0727530" lon="7.6955870">
    <ele>230.7</ele>
   </trkpt>
   <trkpt lat="45.0727820" lon="7.6956150">
    <ele>230.6</ele>
   </trkpt>
   <trkpt lat="45.0727930" lon="7.6956240">
    <ele>230.6</ele>
   </trkpt>
   <trkpt lat="45.0728180" lon="7.6956440">
    <ele>230.5</ele>
   </trkpt>
   <trkpt lat="45.0728450" lon="7.6956600">
    <ele>230.5</ele>
   </trkpt>
   <trkpt lat="45.0728760" lon="7.6956860">
    <ele>230.4</ele>
   </trkpt>
   <trkpt lat="45.0729090" lon="7.6957080">
    <ele>230.3</ele>
   </trkpt>
   <trkpt lat="45.0729530" lon="7.6957360">
    <ele>230.0</ele>
   </trkpt>
   <trkpt lat="45.0730100" lon="7.6957670">
    <ele>229.7</ele>
   </trkpt>
   <trkpt lat="45.0730560" lon="7.6957910">
    <ele>229.5</ele>
   </trkpt>
   <trkpt lat="45.0731070" lon="7.6958120">
    <ele>229.3</ele>
   </trkpt>
   <trkpt lat="45.0731580" lon="7.6958300">
    <ele>229.1</ele>
   </trkpt>
   <trkpt lat="45.0732020" lon="7.6958650">
    <ele>228.9</ele>
   </trkpt>
   <trkpt lat="45.0732400" lon="7.6959110">
    <ele>228.7</ele>
   </trkpt>
   <trkpt lat="45.0732750" lon="7.6959680">
    <ele>228.6</ele>
   </trkpt>
   <trkpt lat="45.0732940" lon="7.6960320">
    <ele>228.6</ele>
   </trkpt>
   <trkpt lat="45.0732990" lon="7.6961060">
    <ele>228.5</ele>
   </trkpt>
   <trkpt lat="45.0732970" lon="7.6961700">
    <ele>228.5</ele>
   </trkpt>
   <trkpt lat="45.0732950" lon="7.6962400">
    <ele>228.4</ele>
   </trkpt>
   <trkpt lat="45.0732890" lon="7.6963050">
    <ele>228.4</ele>
   </trkpt>
   <trkpt lat="45.0732870" lon="7.6963660">
    <ele>228.3</ele>
   </trkpt>
   <trkpt lat="45.0732830" lon="7.6964300">
    <ele>228.3</ele>
   </trkpt>
   <trkpt lat="45.0732880" lon="7.6964890">
    <ele>228.3</ele>
   </trkpt>
   <trkpt lat="45.0732990" lon="7.6965630">
    <ele>228.2</ele>
   </trkpt>
   <trkpt lat="45.0733030" lon="7.6966270">
    <ele>228.2</ele>
   </trkpt>
   <trkpt lat="45.0733130" lon="7.6966890">
    <ele>228.2</ele>
   </trkpt>
   <trkpt lat="45.0733250" lon="7.6967460">
    <ele>228.1</ele>
   </trkpt>
   <trkpt lat="45.0733300" lon="7.6968030">
    <ele>228.1</ele>
   </trkpt>
   <trkpt lat="45.0733370" lon="7.6968590">
    <ele>228.1</ele>
   </trkpt>
   <trkpt lat="45.0733400" lon="7.6969160">
    <ele>228.0</ele>
   </trkpt>
   <trkpt lat="45.0733430" lon="7.6969730">
    <ele>228.0</ele>
   </trkpt>
   <trkpt lat="45.0733500" lon="7.6970270">
    <ele>228.0</ele>
   </trkpt>
   <trkpt lat="45.0733550" lon="7.6970800">
    <ele>228.0</ele>
   </trkpt>
   <trkpt lat="45.0733640" lon="7.6971330">
    <ele>227.9</ele>
   </trkpt>
   <trkpt lat="45.0733720" lon="7.6971890">
    <ele>227.9</ele>
   </trkpt>
   <trkpt lat="45.0733780" lon="7.6972380">
    <ele>227.9</ele>
   </trkpt>
   <trkpt lat="45.0733840" lon="7.6972820">
    <ele>227.9</ele>
   </trkpt>
   <trkpt lat="45.0733930" lon="7.6973280">
    <ele>227.9</ele>
   </trkpt>
   <trkpt lat="45.0734010" lon="7.6973690">
    <ele>227.9</ele>
   </trkpt>
   <trkpt lat="45.0734080" lon="7.6974130">
    <ele>227.9</ele>
   </trkpt>
   <trkpt lat="45.0734170" lon="7.6974600">
    <ele>227.8</ele>
   </trkpt>
   <trkpt lat="45.0734260" lon="7.6975060">
    <ele>227.8</ele>
   </trkpt>
   <trkpt lat="45.0734350" lon="7.6975460">
    <ele>227.8</ele>
   </trkpt>
   <trkpt lat="45.0734450" lon="7.6975810">
    <ele>227.8</ele>
   </trkpt>
   <trkpt lat="45.0734550" lon="7.6976180">
    <ele>227.8</ele>
   </trkpt>
   <trkpt lat="45.0734690" lon="7.6976580">
    <ele>227.7</ele>
   </trkpt>
   <trkpt lat="45.0734840" lon="7.6977050">
    <ele>227.7</ele>
   </trkpt>
   <trkpt lat="45.0735000" lon="7.6977570">
    <ele>227.7</ele>
   </trkpt>
   <trkpt lat="45.0735220" lon="7.6978110">
    <ele>227.7</ele>
   </trkpt>
   <trkpt lat="45.0735370" lon="7.6978650">
    <ele>227.6</ele>
   </trkpt>
   <trkpt lat="45.0735500" lon="7.6979260">
    <ele>227.6</ele>
   </trkpt>
   <trkpt lat="45.0735670" lon="7.6979850">
    <ele>227.6</ele>
   </trkpt>
   <trkpt lat="45.0735820" lon="7.6980460">
    <ele>227.5</ele>
   </trkpt>
   <trkpt lat="45.0735980" lon="7.6981130">
    <ele>227.5</ele>
   </trkpt>
   <trkpt lat="45.0736160" lon="7.6981710">
    <ele>227.5</ele>
   </trkpt>
   <trkpt lat="45.0736380" lon="7.6982300">
    <ele>227.4</ele>
   </trkpt>
   <trkpt lat="45.0736570" lon="7.6982920">
    <ele>227.4</ele>
   </trkpt>
   <trkpt lat="45.0736790" lon="7.6983480">
    <ele>227.4</ele>
   </trkpt>
   <trkpt lat="45.0737010" lon="7.6984030">
    <ele>227.3</ele>
   </trkpt>
   <trkpt lat="45.0737260" lon="7.6984580">
    <ele>227.3</ele>
   </trkpt>
   <trkpt lat="45.0737510" lon="7.6985110">
    <ele>227.3</ele>
   </trkpt>
   <trkpt lat="45.0737760" lon="7.6985660">
    <ele>227.3</ele>
   </trkpt>
   <trkpt lat="45.0738000" lon="7.6986200">
    <ele>227.2</ele>
   </trkpt>
   <trkpt lat="45.0738250" lon="7.6986760">
    <ele>227.2</ele>
   </trkpt>
   <trkpt lat="45.0738450" lon="7.6987330">
    <ele>227.2</ele>
   </trkpt>
   <trkpt lat="45.0738620" lon="7.6987780">
    <ele>227.2</ele>
   </trkpt>
   <trkpt lat="45.0738860" lon="7.6988390">
    <ele>227.2</ele>
   </trkpt>
   <trkpt lat="45.0739060" lon="7.6988910">
    <ele>227.1</ele>
   </trkpt>
   <trkpt lat="45.0739230" lon="7.6989500">
    <ele>227.1</ele>
   </trkpt>
   <trkpt lat="45.0739410" lon="7.6990040">
    <ele>227.1</ele>
   </trkpt>
   <trkpt lat="45.0739580" lon="7.6990600">
    <ele>227.1</ele>
   </trkpt>
   <trkpt lat="45.0739750" lon="7.6991150">
    <ele>227.1</ele>
   </trkpt>
   <trkpt lat="45.0739910" lon="7.6991650">
    <ele>227.0</ele>
   </trkpt>
   <trkpt lat="45.0740060" lon="7.6992120">
    <ele>227.0</ele>
   </trkpt>
   <trkpt lat="45.0740220" lon="7.6992480">
    <ele>227.0</ele>
   </trkpt>
   <trkpt lat="45.0740430" lon="7.6992960">
    <ele>227.0</ele>
   </trkpt>
   <trkpt lat="45.0740630" lon="7.6993450">
    <ele>227.0</ele>
   </trkpt>
   <trkpt lat="45.0740800" lon="7.6993860">
    <ele>227.0</ele>
   </trkpt>
   <trkpt lat="45.0740940" lon="7.6994260">
    <ele>227.0</ele>
   </trkpt>
   <trkpt lat="45.0741080" lon="7.6994620">
    <ele>227.0</ele>
   </trkpt>
   <trkpt lat="45.0741230" lon="7.6994990">
    <ele>227.0</ele>
   </trkpt>
   <trkpt lat="45.0741360" lon="7.6995370">
    <ele>226.9</ele>
   </trkpt>
   <trkpt lat="45.0741590" lon="7.6995830">
    <ele>226.9</ele>
   </trkpt>
   <trkpt lat="45.0741680" lon="7.6995970">
    <ele>226.9</ele>
   </trkpt>
   <trkpt lat="45.0741910" lon="7.6996370">
    <ele>226.9</ele>
   </trkpt>
   <trkpt lat="45.0741960" lon="7.6996520">
    <ele>226.9</ele>
   </trkpt>
   <trkpt lat="45.0742170" lon="7.6996990">
    <ele>226.9</ele>
   </trkpt>
   <trkpt lat="45.0742250" lon="7.6997150">
    <ele>226.9</ele>
   </trkpt>
   <trkpt lat="45.0742420" lon="7.6997450">
    <ele>227.0</ele>
   </trkpt>
   <trkpt lat="45.0742570" lon="7.6997880">
    <ele>227.0</ele>
   </trkpt>
   <trkpt lat="45.0742610" lon="7.6998010">
    <ele>227.0</ele>
   </trkpt>
   <trkpt lat="45.0742680" lon="7.6998310">
    <ele>227.0</ele>
   </trkpt>
   <trkpt lat="45.0742750" lon="7.6998490">
    <ele>227.0</ele>
   </trkpt>
   <trkpt lat="45.0742780" lon="7.6998690">
    <ele>227.0</ele>
   </trkpt>
   <trkpt lat="45.0742760" lon="7.6998750">
    <ele>227.0</ele>
   </trkpt>
   <trkpt lat="45.0742750" lon="7.6998800">
    <ele>227.0</ele>
   </trkpt>
   <trkpt lat="45.0742800" lon="7.6998930">
    <ele>227.0</ele>
   </trkpt>
   <trkpt lat="45.0742850" lon="7.6999020">
    <ele>227.0</ele>
   </trkpt>
   <trkpt lat="45.0742860" lon="7.6999130">
    <ele>227.0</ele>
   </trkpt>
   <trkpt lat="45.0742960" lon="7.6999220">
    <ele>227.0</ele>
   </trkpt>
   <trkpt lat="45.0742980" lon="7.6999230">
    <ele>227.0</ele>
   </trkpt>
   <trkpt lat="45.0742980" lon="7.6999230">
    <ele>227.0</ele>
   </trkpt>
   <trkpt lat="45.0743090" lon="7.6999380">
    <ele>227.0</ele>
   </trkpt>
   <trkpt lat="45.0743200" lon="7.6999450">
    <ele>227.1</ele>
   </trkpt>
   <trkpt lat="45.0743290" lon="7.6999710">
    <ele>227.1</ele>
   </trkpt>
   <trkpt lat="45.0743310" lon="7.6999840">
    <ele>227.1</ele>
   </trkpt>
   <trkpt lat="45.0743330" lon="7.6999970">
    <ele>227.1</ele>
   </trkpt>
   <trkpt lat="45.0743370" lon="7.7000170">
    <ele>227.1</ele>
   </trkpt>
   <trkpt lat="45.0743430" lon="7.7000380">
    <ele>227.1</ele>
   </trkpt>
   <trkpt lat="45.0743510" lon="7.7000530">
    <ele>227.1</ele>
   </trkpt>
   <trkpt lat="45.0743510" lon="7.7000740">
    <ele>227.1</ele>
   </trkpt>
   <trkpt lat="45.0743510" lon="7.7000870">
    <ele>227.1</ele>
   </trkpt>
   <trkpt lat="45.0743550" lon="7.7000910">
    <ele>227.1</ele>
   </trkpt>
   <trkpt lat="45.0743580" lon="7.7000910">
    <ele>227.1</ele>
   </trkpt>
   <trkpt lat="45.0743620" lon="7.7000930">
    <ele>227.1</ele>
   </trkpt>
   <trkpt lat="45.0743630" lon="7.7000930">
    <ele>227.1</ele>
   </trkpt>
   <trkpt lat="45.0743630" lon="7.7000930">
    <ele>227.1</ele>
   </trkpt>
   <trkpt lat="45.0743630" lon="7.7000930">
    <ele>227.1</ele>
   </trkpt>
   <trkpt lat="45.0743630" lon="7.7000930">
    <ele>227.1</ele>
   </trkpt>
   <trkpt lat="45.0743630" lon="7.7000930">
    <ele>227.1</ele>
   </trkpt>
   <trkpt lat="45.0743630" lon="7.7000930">
    <ele>227.1</ele>
   </trkpt>
   <trkpt lat="45.0743630" lon="7.7000930">
    <ele>227.1</ele>
   </trkpt>
   <trkpt lat="45.0743630" lon="7.7000930">
    <ele>227.1</ele>
   </trkpt>
   <trkpt lat="45.0743610" lon="7.7001110">
    <ele>227.1</ele>
   </trkpt>
   <trkpt lat="45.0743700" lon="7.7001250">
    <ele>227.1</ele>
   </trkpt>
   <trkpt lat="45.0743720" lon="7.7001270">
    <ele>227.1</ele>
   </trkpt>
   <trkpt lat="45.0743720" lon="7.7001270">
    <ele>227.1</ele>
   </trkpt>
   <trkpt lat="45.0743720" lon="7.7001240">
    <ele>227.1</ele>
   </trkpt>
   <trkpt lat="45.0743720" lon="7.7001230">
    <ele>227.1</ele>
   </trkpt>
   <trkpt lat="45.0743720" lon="7.7001220">
    <ele>227.1</ele>
   </trkpt>
   <trkpt lat="45.0743720" lon="7.7001220">
    <ele>227.1</ele>
   </trkpt>
   <trkpt lat="45.0743720" lon="7.7001220">
    <ele>227.1</ele>
   </trkpt>
   <trkpt lat="45.0743720" lon="7.7001210">
    <ele>227.1</ele>
   </trkpt>
   <trkpt lat="45.0743720" lon="7.7001210">
    <ele>227.1</ele>
   </trkpt>
   <trkpt lat="45.0743720" lon="7.7001210">
    <ele>227.1</ele>
   </trkpt>
   <trkpt lat="45.0743660" lon="7.7001300">
    <ele>227.1</ele>
   </trkpt>
   <trkpt lat="45.0743660" lon="7.7001310">
    <ele>227.1</ele>
   </trkpt>
   <trkpt lat="45.0743710" lon="7.7001360">
    <ele>227.1</ele>
   </trkpt>
   <trkpt lat="45.0743780" lon="7.7001420">
    <ele>227.1</ele>
   </trkpt>
   <trkpt lat="45.0743800" lon="7.7001450">
    <ele>227.1</ele>
   </trkpt>
   <trkpt lat="45.0743800" lon="7.7001450">
    <ele>227.1</ele>
   </trkpt>
   <trkpt lat="45.0743800" lon="7.7001450">
    <ele>227.1</ele>
   </trkpt>
   <trkpt lat="45.0743800" lon="7.7001450">
    <ele>227.1</ele>
   </trkpt>
   <trkpt lat="45.0743800" lon="7.7001450">
    <ele>227.1</ele>
   </trkpt>
   <trkpt lat="45.0743800" lon="7.7001450">
    <ele>227.1</ele>
   </trkpt>
   <trkpt lat="45.0743800" lon="7.7001450">
    <ele>227.1</ele>
   </trkpt>
   <trkpt lat="45.0743770" lon="7.7001680">
    <ele>227.1</ele>
   </trkpt>
   <trkpt lat="45.0743770" lon="7.7001680">
    <ele>227.1</ele>
   </trkpt>
   <trkpt lat="45.0743770" lon="7.7001680">
    <ele>227.1</ele>
   </trkpt>
   <trkpt lat="45.0743770" lon="7.7001680">
    <ele>227.1</ele>
   </trkpt>
   <trkpt lat="45.0743730" lon="7.7001490">
    <ele>227.1</ele>
   </trkpt>
   <trkpt lat="45.0743720" lon="7.7001450">
    <ele>227.1</ele>
   </trkpt>
   <trkpt lat="45.0743720" lon="7.7001430">
    <ele>227.1</ele>
   </trkpt>
   <trkpt lat="45.0743710" lon="7.7001420">
    <ele>227.1</ele>
   </trkpt>
   <trkpt lat="45.0743710" lon="7.7001420">
    <ele>227.1</ele>
   </trkpt>
   <trkpt lat="45.0743710" lon="7.7001420">
    <ele>227.1</ele>
   </trkpt>
   <trkpt lat="45.0743710" lon="7.7001420">
    <ele>227.1</ele>
   </trkpt>
   <trkpt lat="45.0743710" lon="7.7001420">
    <ele>227.1</ele>
   </trkpt>
   <trkpt lat="45.0743710" lon="7.7001430">
    <ele>227.1</ele>
   </trkpt>
   <trkpt lat="45.0743710" lon="7.7001430">
    <ele>227.1</ele>
   </trkpt>
   <trkpt lat="45.0743710" lon="7.7001430">
    <ele>227.1</ele>
   </trkpt>
   <trkpt lat="45.0743710" lon="7.7001430">
    <ele>227.1</ele>
   </trkpt>
   <trkpt lat="45.0743710" lon="7.7001430">
    <ele>227.1</ele>
   </trkpt>
  </trkseg>
 </trk>
</gpx>
