<?xml version="1.0" encoding="UTF-8"?>
<gpx xmlns:xsi="http://www.w3.org/2001/XMLSchema-instance" xsi:schemaLocation="http://www.topografix.com/GPX/1/1 http://www.topografix.com/GPX/1/1/gpx.xsd" creator="StravaGPX" version="1.1" xmlns="http://www.topografix.com/GPX/1/1">
 <trk>
  <name>3Cs Route, Montpellier-Turim | Dia 4</name>
  <type>cycling</type>
  <trkseg>
   <trkpt lat="43.6756580" lon="5.4969400">
    <ele>187.2</ele>
   </trkpt>
   <trkpt lat="43.6756370" lon="5.4969590">
    <ele>187.2</ele>
   </trkpt>
   <trkpt lat="43.6756360" lon="5.4969590">
    <ele>187.2</ele>
   </trkpt>
   <trkpt lat="43.6756370" lon="5.4969570">
    <ele>187.2</ele>
   </trkpt>
   <trkpt lat="43.6756380" lon="5.4969550">
    <ele>187.2</ele>
   </trkpt>
   <trkpt lat="43.6756390" lon="5.4969530">
    <ele>187.2</ele>
   </trkpt>
   <trkpt lat="43.6756390" lon="5.4969530">
    <ele>187.2</ele>
   </trkpt>
   <trkpt lat="43.6756390" lon="5.4969530">
    <ele>187.2</ele>
   </trkpt>
   <trkpt lat="43.6756390" lon="5.4969520">
    <ele>187.2</ele>
   </trkpt>
   <trkpt lat="43.6756700" lon="5.4968340">
    <ele>187.2</ele>
   </trkpt>
   <trkpt lat="43.6756640" lon="5.4968280">
    <ele>187.2</ele>
   </trkpt>
   <trkpt lat="43.6756610" lon="5.4968210">
    <ele>187.2</ele>
   </trkpt>
   <trkpt lat="43.6756360" lon="5.4968330">
    <ele>187.2</ele>
   </trkpt>
   <trkpt lat="43.6756320" lon="5.4968500">
    <ele>187.2</ele>
   </trkpt>
   <trkpt lat="43.6756330" lon="5.4968580">
    <ele>187.2</ele>
   </trkpt>
   <trkpt lat="43.6756360" lon="5.4968630">
    <ele>187.2</ele>
   </trkpt>
   <trkpt lat="43.6756370" lon="5.4968640">
    <ele>187.2</ele>
   </trkpt>
   <trkpt lat="43.6756370" lon="5.4968630">
    <ele>187.2</ele>
   </trkpt>
   <trkpt lat="43.6756380" lon="5.4968630">
    <ele>187.2</ele>
   </trkpt>
   <trkpt lat="43.6756380" lon="5.4968620">
    <ele>187.2</ele>
   </trkpt>
   <trkpt lat="43.6756390" lon="5.4968620">
    <ele>187.2</ele>
   </trkpt>
   <trkpt lat="43.6756390" lon="5.4968610">
    <ele>187.2</ele>
   </trkpt>
   <trkpt lat="43.6756390" lon="5.4968610">
    <ele>187.2</ele>
   </trkpt>
   <trkpt lat="43.6756600" lon="5.4968660">
    <ele>187.2</ele>
   </trkpt>
   <trkpt lat="43.6756670" lon="5.4968790">
    <ele>187.2</ele>
   </trkpt>
   <trkpt lat="43.6756780" lon="5.4968930">
    <ele>187.2</ele>
   </trkpt>
   <trkpt lat="43.6756820" lon="5.4968980">
    <ele>187.2</ele>
   </trkpt>
   <trkpt lat="43.6756780" lon="5.4969060">
    <ele>187.2</ele>
   </trkpt>
   <trkpt lat="43.6756740" lon="5.4969120">
    <ele>187.2</ele>
   </trkpt>
   <trkpt lat="43.6756710" lon="5.4969180">
    <ele>187.2</ele>
   </trkpt>
   <trkpt lat="43.6756670" lon="5.4969240">
    <ele>187.2</ele>
   </trkpt>
   <trkpt lat="43.6756640" lon="5.4969300">
    <ele>187.2</ele>
   </trkpt>
   <trkpt lat="43.6756600" lon="5.4969360">
    <ele>187.2</ele>
   </trkpt>
   <trkpt lat="43.6756570" lon="5.4969410">
    <ele>187.2</ele>
   </trkpt>
   <trkpt lat="43.6756530" lon="5.4969470">
    <ele>187.2</ele>
   </trkpt>
   <trkpt lat="43.6756500" lon="5.4969530">
    <ele>187.2</ele>
   </trkpt>
   <trkpt lat="43.6756460" lon="5.4969590">
    <ele>187.2</ele>
   </trkpt>
   <trkpt lat="43.6756430" lon="5.4969650">
    <ele>187.2</ele>
   </trkpt>
   <trkpt lat="43.6756390" lon="5.4969710">
    <ele>187.2</ele>
   </trkpt>
   <trkpt lat="43.6756360" lon="5.4969770">
    <ele>187.2</ele>
   </trkpt>
   <trkpt lat="43.6756070" lon="5.4970100">
    <ele>187.2</ele>
   </trkpt>
   <trkpt lat="43.6755960" lon="5.4970200">
    <ele>187.2</ele>
   </trkpt>
   <trkpt lat="43.6755570" lon="5.4970360">
    <ele>187.2</ele>
   </trkpt>
   <trkpt lat="43.6755420" lon="5.4970380">
    <ele>187.2</ele>
   </trkpt>
   <trkpt lat="43.6754860" lon="5.4969730">
    <ele>188.7</ele>
   </trkpt>
   <trkpt lat="43.6754650" lon="5.4969440">
    <ele>189.4</ele>
   </trkpt>
   <trkpt lat="43.6754620" lon="5.4968690">
    <ele>190.7</ele>
   </trkpt>
   <trkpt lat="43.6754670" lon="5.4968260">
    <ele>190.7</ele>
   </trkpt>
   <trkpt lat="43.6754940" lon="5.4967860">
    <ele>190.8</ele>
   </trkpt>
   <trkpt lat="43.6755220" lon="5.4967530">
    <ele>190.8</ele>
   </trkpt>
   <trkpt lat="43.6755480" lon="5.4967110">
    <ele>190.8</ele>
   </trkpt>
   <trkpt lat="43.6755680" lon="5.4966800">
    <ele>190.8</ele>
   </trkpt>
   <trkpt lat="43.6757250" lon="5.4965090">
    <ele>190.9</ele>
   </trkpt>
   <trkpt lat="43.6757430" lon="5.4965030">
    <ele>190.9</ele>
   </trkpt>
   <trkpt lat="43.6757620" lon="5.4964980">
    <ele>190.9</ele>
   </trkpt>
   <trkpt lat="43.6757980" lon="5.4965050">
    <ele>190.9</ele>
   </trkpt>
   <trkpt lat="43.6758120" lon="5.4965090">
    <ele>190.9</ele>
   </trkpt>
   <trkpt lat="43.6758430" lon="5.4965160">
    <ele>190.9</ele>
   </trkpt>
   <trkpt lat="43.6758830" lon="5.4965200">
    <ele>190.9</ele>
   </trkpt>
   <trkpt lat="43.6759310" lon="5.4965220">
    <ele>191.0</ele>
   </trkpt>
   <trkpt lat="43.6760190" lon="5.4965790">
    <ele>191.0</ele>
   </trkpt>
   <trkpt lat="43.6760550" lon="5.4966070">
    <ele>191.0</ele>
   </trkpt>
   <trkpt lat="43.6760890" lon="5.4966350">
    <ele>191.0</ele>
   </trkpt>
   <trkpt lat="43.6761260" lon="5.4966540">
    <ele>191.1</ele>
   </trkpt>
   <trkpt lat="43.6761670" lon="5.4966830">
    <ele>191.1</ele>
   </trkpt>
   <trkpt lat="43.6762040" lon="5.4967060">
    <ele>191.2</ele>
   </trkpt>
   <trkpt lat="43.6762460" lon="5.4967330">
    <ele>191.2</ele>
   </trkpt>
   <trkpt lat="43.6762880" lon="5.4967540">
    <ele>191.3</ele>
   </trkpt>
   <trkpt lat="43.6763210" lon="5.4967820">
    <ele>191.3</ele>
   </trkpt>
   <trkpt lat="43.6763620" lon="5.4968120">
    <ele>191.4</ele>
   </trkpt>
   <trkpt lat="43.6764010" lon="5.4968360">
    <ele>191.4</ele>
   </trkpt>
   <trkpt lat="43.6764420" lon="5.4968590">
    <ele>191.4</ele>
   </trkpt>
   <trkpt lat="43.6764780" lon="5.4968830">
    <ele>191.5</ele>
   </trkpt>
   <trkpt lat="43.6764940" lon="5.4968930">
    <ele>191.5</ele>
   </trkpt>
   <trkpt lat="43.6765250" lon="5.4969130">
    <ele>191.5</ele>
   </trkpt>
   <trkpt lat="43.6765680" lon="5.4969460">
    <ele>191.5</ele>
   </trkpt>
   <trkpt lat="43.6766010" lon="5.4969840">
    <ele>191.6</ele>
   </trkpt>
   <trkpt lat="43.6766360" lon="5.4970170">
    <ele>191.6</ele>
   </trkpt>
   <trkpt lat="43.6766720" lon="5.4970470">
    <ele>191.6</ele>
   </trkpt>
   <trkpt lat="43.6767090" lon="5.4970700">
    <ele>191.6</ele>
   </trkpt>
   <trkpt lat="43.6767490" lon="5.4970880">
    <ele>191.6</ele>
   </trkpt>
   <trkpt lat="43.6767870" lon="5.4971070">
    <ele>191.6</ele>
   </trkpt>
   <trkpt lat="43.6768220" lon="5.4971280">
    <ele>191.7</ele>
   </trkpt>
   <trkpt lat="43.6768530" lon="5.4971480">
    <ele>191.7</ele>
   </trkpt>
   <trkpt lat="43.6768870" lon="5.4971700">
    <ele>191.7</ele>
   </trkpt>
   <trkpt lat="43.6769250" lon="5.4971890">
    <ele>191.7</ele>
   </trkpt>
   <trkpt lat="43.6769970" lon="5.4972320">
    <ele>191.7</ele>
   </trkpt>
   <trkpt lat="43.6770370" lon="5.4972510">
    <ele>191.8</ele>
   </trkpt>
   <trkpt lat="43.6770750" lon="5.4972720">
    <ele>191.8</ele>
   </trkpt>
   <trkpt lat="43.6771080" lon="5.4972920">
    <ele>191.8</ele>
   </trkpt>
   <trkpt lat="43.6771450" lon="5.4973150">
    <ele>191.8</ele>
   </trkpt>
   <trkpt lat="43.6771890" lon="5.4973400">
    <ele>191.8</ele>
   </trkpt>
   <trkpt lat="43.6772300" lon="5.4973570">
    <ele>191.8</ele>
   </trkpt>
   <trkpt lat="43.6772690" lon="5.4973780">
    <ele>191.8</ele>
   </trkpt>
   <trkpt lat="43.6773080" lon="5.4974020">
    <ele>191.8</ele>
   </trkpt>
   <trkpt lat="43.6773410" lon="5.4974240">
    <ele>191.8</ele>
   </trkpt>
   <trkpt lat="43.6773720" lon="5.4974500">
    <ele>191.8</ele>
   </trkpt>
   <trkpt lat="43.6774020" lon="5.4974690">
    <ele>191.8</ele>
   </trkpt>
   <trkpt lat="43.6774330" lon="5.4974900">
    <ele>191.8</ele>
   </trkpt>
   <trkpt lat="43.6774660" lon="5.4975120">
    <ele>191.8</ele>
   </trkpt>
   <trkpt lat="43.6775000" lon="5.4975330">
    <ele>191.8</ele>
   </trkpt>
   <trkpt lat="43.6775310" lon="5.4975580">
    <ele>191.8</ele>
   </trkpt>
   <trkpt lat="43.6775670" lon="5.4975770">
    <ele>191.8</ele>
   </trkpt>
   <trkpt lat="43.6776010" lon="5.4975990">
    <ele>191.8</ele>
   </trkpt>
   <trkpt lat="43.6776380" lon="5.4976280">
    <ele>191.8</ele>
   </trkpt>
   <trkpt lat="43.6776770" lon="5.4976490">
    <ele>191.8</ele>
   </trkpt>
   <trkpt lat="43.6777110" lon="5.4976660">
    <ele>191.8</ele>
   </trkpt>
   <trkpt lat="43.6777440" lon="5.4976850">
    <ele>191.8</ele>
   </trkpt>
   <trkpt lat="43.6777780" lon="5.4977040">
    <ele>191.7</ele>
   </trkpt>
   <trkpt lat="43.6778040" lon="5.4977270">
    <ele>191.7</ele>
   </trkpt>
   <trkpt lat="43.6778320" lon="5.4977510">
    <ele>191.7</ele>
   </trkpt>
   <trkpt lat="43.6778620" lon="5.4977790">
    <ele>191.7</ele>
   </trkpt>
   <trkpt lat="43.6778870" lon="5.4978210">
    <ele>191.7</ele>
   </trkpt>
   <trkpt lat="43.6779180" lon="5.4978600">
    <ele>191.8</ele>
   </trkpt>
   <trkpt lat="43.6779490" lon="5.4978990">
    <ele>191.8</ele>
   </trkpt>
   <trkpt lat="43.6779730" lon="5.4979350">
    <ele>191.8</ele>
   </trkpt>
   <trkpt lat="43.6779990" lon="5.4979690">
    <ele>191.8</ele>
   </trkpt>
   <trkpt lat="43.6780260" lon="5.4979980">
    <ele>191.8</ele>
   </trkpt>
   <trkpt lat="43.6780520" lon="5.4980290">
    <ele>191.8</ele>
   </trkpt>
   <trkpt lat="43.6780770" lon="5.4980620">
    <ele>191.8</ele>
   </trkpt>
   <trkpt lat="43.6780980" lon="5.4980950">
    <ele>191.8</ele>
   </trkpt>
   <trkpt lat="43.6781220" lon="5.4981260">
    <ele>191.8</ele>
   </trkpt>
   <trkpt lat="43.6781470" lon="5.4981600">
    <ele>191.9</ele>
   </trkpt>
   <trkpt lat="43.6781690" lon="5.4981910">
    <ele>191.9</ele>
   </trkpt>
   <trkpt lat="43.6781880" lon="5.4982300">
    <ele>192.0</ele>
   </trkpt>
   <trkpt lat="43.6782020" lon="5.4982680">
    <ele>192.0</ele>
   </trkpt>
   <trkpt lat="43.6782150" lon="5.4983110">
    <ele>192.1</ele>
   </trkpt>
   <trkpt lat="43.6782120" lon="5.4983610">
    <ele>192.2</ele>
   </trkpt>
   <trkpt lat="43.6781910" lon="5.4984050">
    <ele>192.2</ele>
   </trkpt>
   <trkpt lat="43.6781690" lon="5.4984470">
    <ele>192.2</ele>
   </trkpt>
   <trkpt lat="43.6781470" lon="5.4984840">
    <ele>192.2</ele>
   </trkpt>
   <trkpt lat="43.6781220" lon="5.4985260">
    <ele>192.2</ele>
   </trkpt>
   <trkpt lat="43.6781060" lon="5.4985710">
    <ele>192.2</ele>
   </trkpt>
   <trkpt lat="43.6780980" lon="5.4986160">
    <ele>192.1</ele>
   </trkpt>
   <trkpt lat="43.6780960" lon="5.4986580">
    <ele>192.0</ele>
   </trkpt>
   <trkpt lat="43.6780920" lon="5.4987200">
    <ele>191.7</ele>
   </trkpt>
   <trkpt lat="43.6780990" lon="5.4987840">
    <ele>191.6</ele>
   </trkpt>
   <trkpt lat="43.6781160" lon="5.4988410">
    <ele>191.6</ele>
   </trkpt>
   <trkpt lat="43.6781390" lon="5.4988920">
    <ele>191.5</ele>
   </trkpt>
   <trkpt lat="43.6781900" lon="5.4989730">
    <ele>191.5</ele>
   </trkpt>
   <trkpt lat="43.6782290" lon="5.4990030">
    <ele>191.5</ele>
   </trkpt>
   <trkpt lat="43.6782700" lon="5.4990220">
    <ele>191.5</ele>
   </trkpt>
   <trkpt lat="43.6783090" lon="5.4990240">
    <ele>191.5</ele>
   </trkpt>
   <trkpt lat="43.6783530" lon="5.4990130">
    <ele>191.5</ele>
   </trkpt>
   <trkpt lat="43.6783930" lon="5.4989990">
    <ele>191.5</ele>
   </trkpt>
   <trkpt lat="43.6784300" lon="5.4989810">
    <ele>191.6</ele>
   </trkpt>
   <trkpt lat="43.6784610" lon="5.4989600">
    <ele>191.6</ele>
   </trkpt>
   <trkpt lat="43.6785010" lon="5.4989350">
    <ele>191.6</ele>
   </trkpt>
   <trkpt lat="43.6785460" lon="5.4989230">
    <ele>191.6</ele>
   </trkpt>
   <trkpt lat="43.6785900" lon="5.4989220">
    <ele>191.6</ele>
   </trkpt>
   <trkpt lat="43.6786300" lon="5.4989360">
    <ele>191.6</ele>
   </trkpt>
   <trkpt lat="43.6786720" lon="5.4989510">
    <ele>191.6</ele>
   </trkpt>
   <trkpt lat="43.6787550" lon="5.4989990">
    <ele>191.5</ele>
   </trkpt>
   <trkpt lat="43.6787970" lon="5.4990300">
    <ele>191.5</ele>
   </trkpt>
   <trkpt lat="43.6788330" lon="5.4990530">
    <ele>191.5</ele>
   </trkpt>
   <trkpt lat="43.6789660" lon="5.4991580">
    <ele>191.5</ele>
   </trkpt>
   <trkpt lat="43.6789820" lon="5.4991790">
    <ele>191.5</ele>
   </trkpt>
   <trkpt lat="43.6790250" lon="5.4992090">
    <ele>191.5</ele>
   </trkpt>
   <trkpt lat="43.6790680" lon="5.4992300">
    <ele>191.5</ele>
   </trkpt>
   <trkpt lat="43.6791000" lon="5.4992460">
    <ele>191.5</ele>
   </trkpt>
   <trkpt lat="43.6791420" lon="5.4992570">
    <ele>191.5</ele>
   </trkpt>
   <trkpt lat="43.6791830" lon="5.4992740">
    <ele>191.5</ele>
   </trkpt>
   <trkpt lat="43.6792200" lon="5.4993120">
    <ele>191.5</ele>
   </trkpt>
   <trkpt lat="43.6792890" lon="5.4993600">
    <ele>191.5</ele>
   </trkpt>
   <trkpt lat="43.6793330" lon="5.4993910">
    <ele>191.5</ele>
   </trkpt>
   <trkpt lat="43.6793730" lon="5.4994140">
    <ele>191.5</ele>
   </trkpt>
   <trkpt lat="43.6794250" lon="5.4994340">
    <ele>191.5</ele>
   </trkpt>
   <trkpt lat="43.6794670" lon="5.4994590">
    <ele>191.5</ele>
   </trkpt>
   <trkpt lat="43.6795060" lon="5.4994860">
    <ele>191.5</ele>
   </trkpt>
   <trkpt lat="43.6795350" lon="5.4995040">
    <ele>191.5</ele>
   </trkpt>
   <trkpt lat="43.6795780" lon="5.4995290">
    <ele>191.5</ele>
   </trkpt>
   <trkpt lat="43.6796080" lon="5.4995490">
    <ele>191.5</ele>
   </trkpt>
   <trkpt lat="43.6796570" lon="5.4995660">
    <ele>191.6</ele>
   </trkpt>
   <trkpt lat="43.6797060" lon="5.4995860">
    <ele>191.6</ele>
   </trkpt>
   <trkpt lat="43.6797450" lon="5.4996090">
    <ele>191.6</ele>
   </trkpt>
   <trkpt lat="43.6797830" lon="5.4996310">
    <ele>191.6</ele>
   </trkpt>
   <trkpt lat="43.6798180" lon="5.4996640">
    <ele>191.6</ele>
   </trkpt>
   <trkpt lat="43.6798540" lon="5.4996880">
    <ele>191.6</ele>
   </trkpt>
   <trkpt lat="43.6798880" lon="5.4997130">
    <ele>191.6</ele>
   </trkpt>
   <trkpt lat="43.6799150" lon="5.4997320">
    <ele>191.6</ele>
   </trkpt>
   <trkpt lat="43.6799600" lon="5.4997630">
    <ele>191.6</ele>
   </trkpt>
   <trkpt lat="43.6800050" lon="5.4997780">
    <ele>191.6</ele>
   </trkpt>
   <trkpt lat="43.6800390" lon="5.4997980">
    <ele>191.6</ele>
   </trkpt>
   <trkpt lat="43.6800780" lon="5.4998300">
    <ele>191.6</ele>
   </trkpt>
   <trkpt lat="43.6801110" lon="5.4998490">
    <ele>191.6</ele>
   </trkpt>
   <trkpt lat="43.6801590" lon="5.4998650">
    <ele>191.6</ele>
   </trkpt>
   <trkpt lat="43.6801990" lon="5.4998920">
    <ele>191.6</ele>
   </trkpt>
   <trkpt lat="43.6802330" lon="5.4999240">
    <ele>191.6</ele>
   </trkpt>
   <trkpt lat="43.6802640" lon="5.4999510">
    <ele>191.6</ele>
   </trkpt>
   <trkpt lat="43.6802940" lon="5.4999800">
    <ele>191.7</ele>
   </trkpt>
   <trkpt lat="43.6803300" lon="5.5000080">
    <ele>191.7</ele>
   </trkpt>
   <trkpt lat="43.6803630" lon="5.5000340">
    <ele>191.7</ele>
   </trkpt>
   <trkpt lat="43.6804050" lon="5.5000590">
    <ele>191.7</ele>
   </trkpt>
   <trkpt lat="43.6804490" lon="5.5000830">
    <ele>191.7</ele>
   </trkpt>
   <trkpt lat="43.6804890" lon="5.5001050">
    <ele>191.7</ele>
   </trkpt>
   <trkpt lat="43.6805360" lon="5.5001220">
    <ele>191.7</ele>
   </trkpt>
   <trkpt lat="43.6805860" lon="5.5001440">
    <ele>191.8</ele>
   </trkpt>
   <trkpt lat="43.6806340" lon="5.5001730">
    <ele>191.8</ele>
   </trkpt>
   <trkpt lat="43.6806770" lon="5.5002020">
    <ele>191.8</ele>
   </trkpt>
   <trkpt lat="43.6807190" lon="5.5002310">
    <ele>191.8</ele>
   </trkpt>
   <trkpt lat="43.6807640" lon="5.5002570">
    <ele>191.8</ele>
   </trkpt>
   <trkpt lat="43.6808090" lon="5.5002820">
    <ele>191.8</ele>
   </trkpt>
   <trkpt lat="43.6808530" lon="5.5003090">
    <ele>191.8</ele>
   </trkpt>
   <trkpt lat="43.6809000" lon="5.5003380">
    <ele>191.8</ele>
   </trkpt>
   <trkpt lat="43.6809950" lon="5.5003860">
    <ele>191.8</ele>
   </trkpt>
   <trkpt lat="43.6810420" lon="5.5004080">
    <ele>191.8</ele>
   </trkpt>
   <trkpt lat="43.6810880" lon="5.5004280">
    <ele>191.8</ele>
   </trkpt>
   <trkpt lat="43.6811320" lon="5.5004410">
    <ele>191.8</ele>
   </trkpt>
   <trkpt lat="43.6811760" lon="5.5004610">
    <ele>191.8</ele>
   </trkpt>
   <trkpt lat="43.6812220" lon="5.5004840">
    <ele>191.8</ele>
   </trkpt>
   <trkpt lat="43.6812680" lon="5.5005030">
    <ele>191.8</ele>
   </trkpt>
   <trkpt lat="43.6813090" lon="5.5005210">
    <ele>191.8</ele>
   </trkpt>
   <trkpt lat="43.6813420" lon="5.5005420">
    <ele>191.8</ele>
   </trkpt>
   <trkpt lat="43.6813830" lon="5.5005670">
    <ele>191.8</ele>
   </trkpt>
   <trkpt lat="43.6814260" lon="5.5005910">
    <ele>191.8</ele>
   </trkpt>
   <trkpt lat="43.6814760" lon="5.5006000">
    <ele>191.8</ele>
   </trkpt>
   <trkpt lat="43.6815290" lon="5.5006110">
    <ele>191.8</ele>
   </trkpt>
   <trkpt lat="43.6815730" lon="5.5006270">
    <ele>191.8</ele>
   </trkpt>
   <trkpt lat="43.6816120" lon="5.5006440">
    <ele>191.8</ele>
   </trkpt>
   <trkpt lat="43.6816590" lon="5.5006600">
    <ele>191.8</ele>
   </trkpt>
   <trkpt lat="43.6817040" lon="5.5006830">
    <ele>191.8</ele>
   </trkpt>
   <trkpt lat="43.6817470" lon="5.5007170">
    <ele>191.8</ele>
   </trkpt>
   <trkpt lat="43.6817870" lon="5.5007590">
    <ele>191.8</ele>
   </trkpt>
   <trkpt lat="43.6818260" lon="5.5007970">
    <ele>191.8</ele>
   </trkpt>
   <trkpt lat="43.6818650" lon="5.5008310">
    <ele>191.7</ele>
   </trkpt>
   <trkpt lat="43.6819070" lon="5.5008620">
    <ele>191.7</ele>
   </trkpt>
   <trkpt lat="43.6819430" lon="5.5009060">
    <ele>191.7</ele>
   </trkpt>
   <trkpt lat="43.6819750" lon="5.5009500">
    <ele>191.7</ele>
   </trkpt>
   <trkpt lat="43.6820040" lon="5.5009850">
    <ele>191.7</ele>
   </trkpt>
   <trkpt lat="43.6820760" lon="5.5010190">
    <ele>191.7</ele>
   </trkpt>
   <trkpt lat="43.6821110" lon="5.5010270">
    <ele>191.7</ele>
   </trkpt>
   <trkpt lat="43.6821400" lon="5.5010270">
    <ele>191.7</ele>
   </trkpt>
   <trkpt lat="43.6821700" lon="5.5010260">
    <ele>191.7</ele>
   </trkpt>
   <trkpt lat="43.6821780" lon="5.5010230">
    <ele>191.7</ele>
   </trkpt>
   <trkpt lat="43.6821910" lon="5.5010160">
    <ele>191.7</ele>
   </trkpt>
   <trkpt lat="43.6821980" lon="5.5010140">
    <ele>191.7</ele>
   </trkpt>
   <trkpt lat="43.6822000" lon="5.5010210">
    <ele>191.7</ele>
   </trkpt>
   <trkpt lat="43.6821990" lon="5.5010230">
    <ele>191.7</ele>
   </trkpt>
   <trkpt lat="43.6821990" lon="5.5010230">
    <ele>191.7</ele>
   </trkpt>
   <trkpt lat="43.6821990" lon="5.5010230">
    <ele>191.7</ele>
   </trkpt>
   <trkpt lat="43.6821990" lon="5.5010230">
    <ele>191.7</ele>
   </trkpt>
   <trkpt lat="43.6821990" lon="5.5010230">
    <ele>191.7</ele>
   </trkpt>
   <trkpt lat="43.6821990" lon="5.5010230">
    <ele>191.7</ele>
   </trkpt>
   <trkpt lat="43.6821990" lon="5.5010230">
    <ele>191.7</ele>
   </trkpt>
   <trkpt lat="43.6821940" lon="5.5010240">
    <ele>191.7</ele>
   </trkpt>
   <trkpt lat="43.6821850" lon="5.5010270">
    <ele>191.7</ele>
   </trkpt>
   <trkpt lat="43.6821780" lon="5.5010350">
    <ele>191.7</ele>
   </trkpt>
   <trkpt lat="43.6821780" lon="5.5010470">
    <ele>191.7</ele>
   </trkpt>
   <trkpt lat="43.6821770" lon="5.5010600">
    <ele>191.7</ele>
   </trkpt>
   <trkpt lat="43.6821690" lon="5.5010610">
    <ele>191.7</ele>
   </trkpt>
   <trkpt lat="43.6821710" lon="5.5010580">
    <ele>191.7</ele>
   </trkpt>
   <trkpt lat="43.6821750" lon="5.5010570">
    <ele>191.7</ele>
   </trkpt>
   <trkpt lat="43.6821800" lon="5.5010550">
    <ele>191.7</ele>
   </trkpt>
   <trkpt lat="43.6821840" lon="5.5010530">
    <ele>191.7</ele>
   </trkpt>
   <trkpt lat="43.6821880" lon="5.5010510">
    <ele>191.7</ele>
   </trkpt>
   <trkpt lat="43.6821920" lon="5.5010500">
    <ele>191.7</ele>
   </trkpt>
   <trkpt lat="43.6821970" lon="5.5010480">
    <ele>191.7</ele>
   </trkpt>
   <trkpt lat="43.6822010" lon="5.5010460">
    <ele>191.7</ele>
   </trkpt>
   <trkpt lat="43.6822050" lon="5.5010450">
    <ele>191.7</ele>
   </trkpt>
   <trkpt lat="43.6822090" lon="5.5010430">
    <ele>191.7</ele>
   </trkpt>
   <trkpt lat="43.6822140" lon="5.5010410">
    <ele>191.7</ele>
   </trkpt>
   <trkpt lat="43.6822180" lon="5.5010400">
    <ele>191.7</ele>
   </trkpt>
   <trkpt lat="43.6822220" lon="5.5010380">
    <ele>191.7</ele>
   </trkpt>
   <trkpt lat="43.6822260" lon="5.5010360">
    <ele>191.7</ele>
   </trkpt>
   <trkpt lat="43.6822310" lon="5.5010340">
    <ele>191.7</ele>
   </trkpt>
   <trkpt lat="43.6822350" lon="5.5010330">
    <ele>191.7</ele>
   </trkpt>
   <trkpt lat="43.6822390" lon="5.5010310">
    <ele>191.7</ele>
   </trkpt>
   <trkpt lat="43.6822630" lon="5.5010090">
    <ele>191.7</ele>
   </trkpt>
   <trkpt lat="43.6822700" lon="5.5010030">
    <ele>191.7</ele>
   </trkpt>
   <trkpt lat="43.6822940" lon="5.5009750">
    <ele>191.7</ele>
   </trkpt>
   <trkpt lat="43.6823010" lon="5.5009650">
    <ele>191.7</ele>
   </trkpt>
   <trkpt lat="43.6823260" lon="5.5009330">
    <ele>191.8</ele>
   </trkpt>
   <trkpt lat="43.6823500" lon="5.5009160">
    <ele>191.8</ele>
   </trkpt>
   <trkpt lat="43.6823850" lon="5.5009020">
    <ele>191.8</ele>
   </trkpt>
   <trkpt lat="43.6824270" lon="5.5009050">
    <ele>191.9</ele>
   </trkpt>
   <trkpt lat="43.6824620" lon="5.5009180">
    <ele>191.9</ele>
   </trkpt>
   <trkpt lat="43.6825020" lon="5.5009370">
    <ele>191.9</ele>
   </trkpt>
   <trkpt lat="43.6825380" lon="5.5009530">
    <ele>191.8</ele>
   </trkpt>
   <trkpt lat="43.6825780" lon="5.5009660">
    <ele>191.8</ele>
   </trkpt>
   <trkpt lat="43.6826190" lon="5.5009710">
    <ele>191.7</ele>
   </trkpt>
   <trkpt lat="43.6826520" lon="5.5009900">
    <ele>191.6</ele>
   </trkpt>
   <trkpt lat="43.6826900" lon="5.5010090">
    <ele>191.6</ele>
   </trkpt>
   <trkpt lat="43.6827210" lon="5.5010340">
    <ele>191.5</ele>
   </trkpt>
   <trkpt lat="43.6827540" lon="5.5010460">
    <ele>191.5</ele>
   </trkpt>
   <trkpt lat="43.6827960" lon="5.5010510">
    <ele>191.5</ele>
   </trkpt>
   <trkpt lat="43.6828330" lon="5.5010610">
    <ele>191.5</ele>
   </trkpt>
   <trkpt lat="43.6828740" lon="5.5010740">
    <ele>191.5</ele>
   </trkpt>
   <trkpt lat="43.6829160" lon="5.5010840">
    <ele>191.5</ele>
   </trkpt>
   <trkpt lat="43.6829570" lon="5.5010920">
    <ele>191.5</ele>
   </trkpt>
   <trkpt lat="43.6829920" lon="5.5011020">
    <ele>191.5</ele>
   </trkpt>
   <trkpt lat="43.6830280" lon="5.5011090">
    <ele>191.5</ele>
   </trkpt>
   <trkpt lat="43.6830670" lon="5.5011210">
    <ele>191.5</ele>
   </trkpt>
   <trkpt lat="43.6831010" lon="5.5011350">
    <ele>191.5</ele>
   </trkpt>
   <trkpt lat="43.6831400" lon="5.5011480">
    <ele>191.5</ele>
   </trkpt>
   <trkpt lat="43.6831790" lon="5.5011630">
    <ele>191.5</ele>
   </trkpt>
   <trkpt lat="43.6832150" lon="5.5011710">
    <ele>191.5</ele>
   </trkpt>
   <trkpt lat="43.6832470" lon="5.5011760">
    <ele>191.5</ele>
   </trkpt>
   <trkpt lat="43.6832770" lon="5.5011790">
    <ele>191.5</ele>
   </trkpt>
   <trkpt lat="43.6832850" lon="5.5011800">
    <ele>191.5</ele>
   </trkpt>
   <trkpt lat="43.6832920" lon="5.5011790">
    <ele>191.5</ele>
   </trkpt>
   <trkpt lat="43.6832970" lon="5.5011820">
    <ele>191.5</ele>
   </trkpt>
   <trkpt lat="43.6833020" lon="5.5011840">
    <ele>191.5</ele>
   </trkpt>
   <trkpt lat="43.6833080" lon="5.5011870">
    <ele>191.5</ele>
   </trkpt>
   <trkpt lat="43.6833130" lon="5.5011890">
    <ele>191.5</ele>
   </trkpt>
   <trkpt lat="43.6833180" lon="5.5011920">
    <ele>191.5</ele>
   </trkpt>
   <trkpt lat="43.6833230" lon="5.5011940">
    <ele>191.5</ele>
   </trkpt>
   <trkpt lat="43.6833540" lon="5.5012060">
    <ele>191.5</ele>
   </trkpt>
   <trkpt lat="43.6833890" lon="5.5012170">
    <ele>191.5</ele>
   </trkpt>
   <trkpt lat="43.6834300" lon="5.5012320">
    <ele>191.5</ele>
   </trkpt>
   <trkpt lat="43.6834730" lon="5.5012490">
    <ele>191.5</ele>
   </trkpt>
   <trkpt lat="43.6835180" lon="5.5012670">
    <ele>191.5</ele>
   </trkpt>
   <trkpt lat="43.6835660" lon="5.5012870">
    <ele>191.5</ele>
   </trkpt>
   <trkpt lat="43.6836130" lon="5.5012960">
    <ele>191.5</ele>
   </trkpt>
   <trkpt lat="43.6836630" lon="5.5013110">
    <ele>191.5</ele>
   </trkpt>
   <trkpt lat="43.6837060" lon="5.5013270">
    <ele>191.4</ele>
   </trkpt>
   <trkpt lat="43.6837490" lon="5.5013400">
    <ele>191.4</ele>
   </trkpt>
   <trkpt lat="43.6837940" lon="5.5013510">
    <ele>191.4</ele>
   </trkpt>
   <trkpt lat="43.6838310" lon="5.5013670">
    <ele>191.4</ele>
   </trkpt>
   <trkpt lat="43.6838670" lon="5.5013820">
    <ele>191.4</ele>
   </trkpt>
   <trkpt lat="43.6839070" lon="5.5013940">
    <ele>191.4</ele>
   </trkpt>
   <trkpt lat="43.6839410" lon="5.5014030">
    <ele>191.4</ele>
   </trkpt>
   <trkpt lat="43.6839890" lon="5.5014170">
    <ele>191.4</ele>
   </trkpt>
   <trkpt lat="43.6840260" lon="5.5014320">
    <ele>191.4</ele>
   </trkpt>
   <trkpt lat="43.6840670" lon="5.5014420">
    <ele>191.4</ele>
   </trkpt>
   <trkpt lat="43.6841080" lon="5.5014520">
    <ele>191.4</ele>
   </trkpt>
   <trkpt lat="43.6841500" lon="5.5014710">
    <ele>191.4</ele>
   </trkpt>
   <trkpt lat="43.6841890" lon="5.5014860">
    <ele>191.5</ele>
   </trkpt>
   <trkpt lat="43.6842270" lon="5.5014960">
    <ele>191.5</ele>
   </trkpt>
   <trkpt lat="43.6842660" lon="5.5015050">
    <ele>191.5</ele>
   </trkpt>
   <trkpt lat="43.6843020" lon="5.5015130">
    <ele>191.5</ele>
   </trkpt>
   <trkpt lat="43.6843400" lon="5.5015230">
    <ele>191.5</ele>
   </trkpt>
   <trkpt lat="43.6843750" lon="5.5015180">
    <ele>191.5</ele>
   </trkpt>
   <trkpt lat="43.6844050" lon="5.5015160">
    <ele>191.5</ele>
   </trkpt>
   <trkpt lat="43.6844370" lon="5.5015310">
    <ele>191.6</ele>
   </trkpt>
   <trkpt lat="43.6844790" lon="5.5015380">
    <ele>191.6</ele>
   </trkpt>
   <trkpt lat="43.6845170" lon="5.5015370">
    <ele>191.6</ele>
   </trkpt>
   <trkpt lat="43.6845480" lon="5.5015570">
    <ele>191.7</ele>
   </trkpt>
   <trkpt lat="43.6845820" lon="5.5015650">
    <ele>191.7</ele>
   </trkpt>
   <trkpt lat="43.6846210" lon="5.5015620">
    <ele>191.7</ele>
   </trkpt>
   <trkpt lat="43.6846640" lon="5.5015560">
    <ele>191.8</ele>
   </trkpt>
   <trkpt lat="43.6846960" lon="5.5015570">
    <ele>191.8</ele>
   </trkpt>
   <trkpt lat="43.6847250" lon="5.5015600">
    <ele>191.8</ele>
   </trkpt>
   <trkpt lat="43.6847550" lon="5.5015690">
    <ele>191.8</ele>
   </trkpt>
   <trkpt lat="43.6847840" lon="5.5015780">
    <ele>191.8</ele>
   </trkpt>
   <trkpt lat="43.6848110" lon="5.5015910">
    <ele>191.7</ele>
   </trkpt>
   <trkpt lat="43.6848340" lon="5.5016110">
    <ele>191.7</ele>
   </trkpt>
   <trkpt lat="43.6848540" lon="5.5016490">
    <ele>191.7</ele>
   </trkpt>
   <trkpt lat="43.6848700" lon="5.5016990">
    <ele>191.6</ele>
   </trkpt>
   <trkpt lat="43.6848870" lon="5.5017410">
    <ele>191.6</ele>
   </trkpt>
   <trkpt lat="43.6849080" lon="5.5017810">
    <ele>191.6</ele>
   </trkpt>
   <trkpt lat="43.6849350" lon="5.5018130">
    <ele>191.6</ele>
   </trkpt>
   <trkpt lat="43.6849700" lon="5.5018360">
    <ele>191.6</ele>
   </trkpt>
   <trkpt lat="43.6850090" lon="5.5018550">
    <ele>191.6</ele>
   </trkpt>
   <trkpt lat="43.6850480" lon="5.5018820">
    <ele>191.6</ele>
   </trkpt>
   <trkpt lat="43.6850900" lon="5.5019120">
    <ele>191.6</ele>
   </trkpt>
   <trkpt lat="43.6853000" lon="5.5020380">
    <ele>192.3</ele>
   </trkpt>
   <trkpt lat="43.6853190" lon="5.5020750">
    <ele>192.4</ele>
   </trkpt>
   <trkpt lat="43.6853370" lon="5.5021110">
    <ele>192.6</ele>
   </trkpt>
   <trkpt lat="43.6853460" lon="5.5021650">
    <ele>192.7</ele>
   </trkpt>
   <trkpt lat="43.6853470" lon="5.5022270">
    <ele>192.9</ele>
   </trkpt>
   <trkpt lat="43.6853340" lon="5.5022760">
    <ele>193.1</ele>
   </trkpt>
   <trkpt lat="43.6853260" lon="5.5023250">
    <ele>193.2</ele>
   </trkpt>
   <trkpt lat="43.6853210" lon="5.5023680">
    <ele>193.3</ele>
   </trkpt>
   <trkpt lat="43.6853070" lon="5.5024100">
    <ele>193.4</ele>
   </trkpt>
   <trkpt lat="43.6853010" lon="5.5024230">
    <ele>193.4</ele>
   </trkpt>
   <trkpt lat="43.6852820" lon="5.5024760">
    <ele>193.5</ele>
   </trkpt>
   <trkpt lat="43.6852750" lon="5.5024950">
    <ele>193.6</ele>
   </trkpt>
   <trkpt lat="43.6852720" lon="5.5025480">
    <ele>193.7</ele>
   </trkpt>
   <trkpt lat="43.6852640" lon="5.5025880">
    <ele>193.8</ele>
   </trkpt>
   <trkpt lat="43.6852460" lon="5.5026240">
    <ele>193.8</ele>
   </trkpt>
   <trkpt lat="43.6852410" lon="5.5026310">
    <ele>193.9</ele>
   </trkpt>
   <trkpt lat="43.6852450" lon="5.5026360">
    <ele>193.9</ele>
   </trkpt>
   <trkpt lat="43.6852580" lon="5.5026200">
    <ele>193.9</ele>
   </trkpt>
   <trkpt lat="43.6852570" lon="5.5026010">
    <ele>193.9</ele>
   </trkpt>
   <trkpt lat="43.6852590" lon="5.5025960">
    <ele>194.0</ele>
   </trkpt>
   <trkpt lat="43.6852590" lon="5.5025950">
    <ele>194.0</ele>
   </trkpt>
   <trkpt lat="43.6852590" lon="5.5025940">
    <ele>194.0</ele>
   </trkpt>
   <trkpt lat="43.6852590" lon="5.5025930">
    <ele>194.0</ele>
   </trkpt>
   <trkpt lat="43.6852590" lon="5.5025930">
    <ele>194.0</ele>
   </trkpt>
   <trkpt lat="43.6852590" lon="5.5025930">
    <ele>194.0</ele>
   </trkpt>
   <trkpt lat="43.6852590" lon="5.5025930">
    <ele>194.0</ele>
   </trkpt>
   <trkpt lat="43.6852590" lon="5.5025930">
    <ele>194.0</ele>
   </trkpt>
   <trkpt lat="43.6852590" lon="5.5025930">
    <ele>194.0</ele>
   </trkpt>
   <trkpt lat="43.6852850" lon="5.5026290">
    <ele>194.1</ele>
   </trkpt>
   <trkpt lat="43.6852870" lon="5.5026460">
    <ele>194.1</ele>
   </trkpt>
   <trkpt lat="43.6852900" lon="5.5026600">
    <ele>194.1</ele>
   </trkpt>
   <trkpt lat="43.6852980" lon="5.5026760">
    <ele>194.1</ele>
   </trkpt>
   <trkpt lat="43.6853130" lon="5.5026700">
    <ele>194.1</ele>
   </trkpt>
   <trkpt lat="43.6853230" lon="5.5026450">
    <ele>194.0</ele>
   </trkpt>
   <trkpt lat="43.6853290" lon="5.5025970">
    <ele>193.9</ele>
   </trkpt>
   <trkpt lat="43.6853430" lon="5.5025390">
    <ele>193.7</ele>
   </trkpt>
   <trkpt lat="43.6853550" lon="5.5024830">
    <ele>193.6</ele>
   </trkpt>
   <trkpt lat="43.6853610" lon="5.5024110">
    <ele>193.4</ele>
   </trkpt>
   <trkpt lat="43.6853790" lon="5.5023190">
    <ele>193.1</ele>
   </trkpt>
   <trkpt lat="43.6853990" lon="5.5022230">
    <ele>192.8</ele>
   </trkpt>
   <trkpt lat="43.6854150" lon="5.5021500">
    <ele>192.6</ele>
   </trkpt>
   <trkpt lat="43.6854280" lon="5.5020830">
    <ele>192.4</ele>
   </trkpt>
   <trkpt lat="43.6854280" lon="5.5020040">
    <ele>192.1</ele>
   </trkpt>
   <trkpt lat="43.6854260" lon="5.5019260">
    <ele>191.9</ele>
   </trkpt>
   <trkpt lat="43.6854380" lon="5.5018680">
    <ele>191.9</ele>
   </trkpt>
   <trkpt lat="43.6854650" lon="5.5018130">
    <ele>192.0</ele>
   </trkpt>
   <trkpt lat="43.6855000" lon="5.5017580">
    <ele>192.1</ele>
   </trkpt>
   <trkpt lat="43.6855410" lon="5.5017180">
    <ele>192.2</ele>
   </trkpt>
   <trkpt lat="43.6855920" lon="5.5017060">
    <ele>192.3</ele>
   </trkpt>
   <trkpt lat="43.6856510" lon="5.5017190">
    <ele>192.3</ele>
   </trkpt>
   <trkpt lat="43.6857090" lon="5.5017450">
    <ele>192.3</ele>
   </trkpt>
   <trkpt lat="43.6857690" lon="5.5017600">
    <ele>192.4</ele>
   </trkpt>
   <trkpt lat="43.6858310" lon="5.5017770">
    <ele>192.4</ele>
   </trkpt>
   <trkpt lat="43.6859000" lon="5.5017940">
    <ele>192.5</ele>
   </trkpt>
   <trkpt lat="43.6859690" lon="5.5018170">
    <ele>192.6</ele>
   </trkpt>
   <trkpt lat="43.6860320" lon="5.5018420">
    <ele>192.7</ele>
   </trkpt>
   <trkpt lat="43.6860950" lon="5.5018760">
    <ele>192.8</ele>
   </trkpt>
   <trkpt lat="43.6861500" lon="5.5019300">
    <ele>192.9</ele>
   </trkpt>
   <trkpt lat="43.6861990" lon="5.5019880">
    <ele>193.1</ele>
   </trkpt>
   <trkpt lat="43.6862900" lon="5.5020840">
    <ele>193.3</ele>
   </trkpt>
   <trkpt lat="43.6863360" lon="5.5021280">
    <ele>193.4</ele>
   </trkpt>
   <trkpt lat="43.6863800" lon="5.5021670">
    <ele>193.5</ele>
   </trkpt>
   <trkpt lat="43.6864180" lon="5.5021940">
    <ele>193.6</ele>
   </trkpt>
   <trkpt lat="43.6864530" lon="5.5022250">
    <ele>193.7</ele>
   </trkpt>
   <trkpt lat="43.6864850" lon="5.5022540">
    <ele>193.9</ele>
   </trkpt>
   <trkpt lat="43.6865140" lon="5.5022850">
    <ele>193.9</ele>
   </trkpt>
   <trkpt lat="43.6865510" lon="5.5023100">
    <ele>194.1</ele>
   </trkpt>
   <trkpt lat="43.6865860" lon="5.5023460">
    <ele>194.3</ele>
   </trkpt>
   <trkpt lat="43.6866190" lon="5.5023800">
    <ele>194.4</ele>
   </trkpt>
   <trkpt lat="43.6866490" lon="5.5024140">
    <ele>194.6</ele>
   </trkpt>
   <trkpt lat="43.6866760" lon="5.5024410">
    <ele>194.7</ele>
   </trkpt>
   <trkpt lat="43.6867090" lon="5.5024560">
    <ele>194.8</ele>
   </trkpt>
   <trkpt lat="43.6867950" lon="5.5024720">
    <ele>195.3</ele>
   </trkpt>
   <trkpt lat="43.6868430" lon="5.5024660">
    <ele>195.5</ele>
   </trkpt>
   <trkpt lat="43.6868800" lon="5.5024590">
    <ele>195.7</ele>
   </trkpt>
   <trkpt lat="43.6869140" lon="5.5024480">
    <ele>195.9</ele>
   </trkpt>
   <trkpt lat="43.6869510" lon="5.5024370">
    <ele>196.1</ele>
   </trkpt>
   <trkpt lat="43.6869950" lon="5.5024260">
    <ele>196.2</ele>
   </trkpt>
   <trkpt lat="43.6870320" lon="5.5024080">
    <ele>196.3</ele>
   </trkpt>
   <trkpt lat="43.6870690" lon="5.5023830">
    <ele>196.5</ele>
   </trkpt>
   <trkpt lat="43.6870980" lon="5.5023650">
    <ele>196.7</ele>
   </trkpt>
   <trkpt lat="43.6871250" lon="5.5023370">
    <ele>196.9</ele>
   </trkpt>
   <trkpt lat="43.6871500" lon="5.5023050">
    <ele>197.1</ele>
   </trkpt>
   <trkpt lat="43.6871710" lon="5.5022800">
    <ele>197.3</ele>
   </trkpt>
   <trkpt lat="43.6872040" lon="5.5022490">
    <ele>197.6</ele>
   </trkpt>
   <trkpt lat="43.6872150" lon="5.5022370">
    <ele>197.7</ele>
   </trkpt>
   <trkpt lat="43.6872360" lon="5.5022090">
    <ele>197.9</ele>
   </trkpt>
   <trkpt lat="43.6872610" lon="5.5021640">
    <ele>198.1</ele>
   </trkpt>
   <trkpt lat="43.6872690" lon="5.5021460">
    <ele>198.3</ele>
   </trkpt>
   <trkpt lat="43.6872880" lon="5.5021160">
    <ele>198.5</ele>
   </trkpt>
   <trkpt lat="43.6873050" lon="5.5020840">
    <ele>198.7</ele>
   </trkpt>
   <trkpt lat="43.6873250" lon="5.5020510">
    <ele>198.9</ele>
   </trkpt>
   <trkpt lat="43.6873500" lon="5.5020240">
    <ele>199.1</ele>
   </trkpt>
   <trkpt lat="43.6873810" lon="5.5019990">
    <ele>199.4</ele>
   </trkpt>
   <trkpt lat="43.6874100" lon="5.5019790">
    <ele>199.7</ele>
   </trkpt>
   <trkpt lat="43.6874390" lon="5.5019640">
    <ele>199.9</ele>
   </trkpt>
   <trkpt lat="43.6874690" lon="5.5019560">
    <ele>200.1</ele>
   </trkpt>
   <trkpt lat="43.6875020" lon="5.5019520">
    <ele>200.3</ele>
   </trkpt>
   <trkpt lat="43.6875340" lon="5.5019480">
    <ele>200.6</ele>
   </trkpt>
   <trkpt lat="43.6875660" lon="5.5019470">
    <ele>200.8</ele>
   </trkpt>
   <trkpt lat="43.6875980" lon="5.5019520">
    <ele>200.9</ele>
   </trkpt>
   <trkpt lat="43.6876250" lon="5.5019720">
    <ele>201.0</ele>
   </trkpt>
   <trkpt lat="43.6876470" lon="5.5020030">
    <ele>201.1</ele>
   </trkpt>
   <trkpt lat="43.6876680" lon="5.5020360">
    <ele>201.3</ele>
   </trkpt>
   <trkpt lat="43.6876860" lon="5.5020650">
    <ele>201.4</ele>
   </trkpt>
   <trkpt lat="43.6877090" lon="5.5020900">
    <ele>201.5</ele>
   </trkpt>
   <trkpt lat="43.6877280" lon="5.5021170">
    <ele>201.6</ele>
   </trkpt>
   <trkpt lat="43.6877480" lon="5.5021480">
    <ele>201.7</ele>
   </trkpt>
   <trkpt lat="43.6877680" lon="5.5021810">
    <ele>201.9</ele>
   </trkpt>
   <trkpt lat="43.6877890" lon="5.5022100">
    <ele>202.0</ele>
   </trkpt>
   <trkpt lat="43.6878110" lon="5.5022390">
    <ele>202.2</ele>
   </trkpt>
   <trkpt lat="43.6878370" lon="5.5022670">
    <ele>202.4</ele>
   </trkpt>
   <trkpt lat="43.6878610" lon="5.5022970">
    <ele>202.5</ele>
   </trkpt>
   <trkpt lat="43.6878880" lon="5.5023310">
    <ele>202.7</ele>
   </trkpt>
   <trkpt lat="43.6879200" lon="5.5023700">
    <ele>203.0</ele>
   </trkpt>
   <trkpt lat="43.6879490" lon="5.5024030">
    <ele>203.2</ele>
   </trkpt>
   <trkpt lat="43.6879780" lon="5.5024340">
    <ele>203.4</ele>
   </trkpt>
   <trkpt lat="43.6880030" lon="5.5024580">
    <ele>203.5</ele>
   </trkpt>
   <trkpt lat="43.6880330" lon="5.5024880">
    <ele>203.8</ele>
   </trkpt>
   <trkpt lat="43.6880600" lon="5.5025150">
    <ele>203.9</ele>
   </trkpt>
   <trkpt lat="43.6880880" lon="5.5025410">
    <ele>204.1</ele>
   </trkpt>
   <trkpt lat="43.6881220" lon="5.5025600">
    <ele>204.3</ele>
   </trkpt>
   <trkpt lat="43.6881560" lon="5.5025720">
    <ele>204.5</ele>
   </trkpt>
   <trkpt lat="43.6881890" lon="5.5025820">
    <ele>204.7</ele>
   </trkpt>
   <trkpt lat="43.6882210" lon="5.5025950">
    <ele>204.8</ele>
   </trkpt>
   <trkpt lat="43.6882560" lon="5.5026100">
    <ele>205.0</ele>
   </trkpt>
   <trkpt lat="43.6882880" lon="5.5026230">
    <ele>205.2</ele>
   </trkpt>
   <trkpt lat="43.6883190" lon="5.5026310">
    <ele>205.3</ele>
   </trkpt>
   <trkpt lat="43.6883510" lon="5.5026440">
    <ele>205.5</ele>
   </trkpt>
   <trkpt lat="43.6883790" lon="5.5026550">
    <ele>205.7</ele>
   </trkpt>
   <trkpt lat="43.6884130" lon="5.5026700">
    <ele>205.8</ele>
   </trkpt>
   <trkpt lat="43.6884460" lon="5.5026870">
    <ele>206.0</ele>
   </trkpt>
   <trkpt lat="43.6885500" lon="5.5027240">
    <ele>206.5</ele>
   </trkpt>
   <trkpt lat="43.6886210" lon="5.5027470">
    <ele>206.9</ele>
   </trkpt>
   <trkpt lat="43.6886920" lon="5.5027690">
    <ele>207.2</ele>
   </trkpt>
   <trkpt lat="43.6887240" lon="5.5027790">
    <ele>207.4</ele>
   </trkpt>
   <trkpt lat="43.6887580" lon="5.5027900">
    <ele>207.5</ele>
   </trkpt>
   <trkpt lat="43.6887960" lon="5.5028040">
    <ele>207.7</ele>
   </trkpt>
   <trkpt lat="43.6888390" lon="5.5028080">
    <ele>207.8</ele>
   </trkpt>
   <trkpt lat="43.6888790" lon="5.5028120">
    <ele>207.9</ele>
   </trkpt>
   <trkpt lat="43.6889170" lon="5.5028230">
    <ele>208.0</ele>
   </trkpt>
   <trkpt lat="43.6889490" lon="5.5028420">
    <ele>208.1</ele>
   </trkpt>
   <trkpt lat="43.6889850" lon="5.5028610">
    <ele>208.3</ele>
   </trkpt>
   <trkpt lat="43.6890170" lon="5.5028680">
    <ele>208.4</ele>
   </trkpt>
   <trkpt lat="43.6890470" lon="5.5028740">
    <ele>208.5</ele>
   </trkpt>
   <trkpt lat="43.6890790" lon="5.5028800">
    <ele>208.6</ele>
   </trkpt>
   <trkpt lat="43.6891130" lon="5.5028890">
    <ele>208.7</ele>
   </trkpt>
   <trkpt lat="43.6891510" lon="5.5028990">
    <ele>208.8</ele>
   </trkpt>
   <trkpt lat="43.6891860" lon="5.5029140">
    <ele>208.9</ele>
   </trkpt>
   <trkpt lat="43.6892180" lon="5.5029280">
    <ele>209.0</ele>
   </trkpt>
   <trkpt lat="43.6892520" lon="5.5029440">
    <ele>209.1</ele>
   </trkpt>
   <trkpt lat="43.6892850" lon="5.5029580">
    <ele>209.2</ele>
   </trkpt>
   <trkpt lat="43.6893130" lon="5.5029770">
    <ele>209.3</ele>
   </trkpt>
   <trkpt lat="43.6893400" lon="5.5029890">
    <ele>209.4</ele>
   </trkpt>
   <trkpt lat="43.6893700" lon="5.5029950">
    <ele>209.4</ele>
   </trkpt>
   <trkpt lat="43.6894080" lon="5.5030040">
    <ele>209.5</ele>
   </trkpt>
   <trkpt lat="43.6894490" lon="5.5030180">
    <ele>209.6</ele>
   </trkpt>
   <trkpt lat="43.6894920" lon="5.5030330">
    <ele>209.7</ele>
   </trkpt>
   <trkpt lat="43.6895310" lon="5.5030410">
    <ele>209.7</ele>
   </trkpt>
   <trkpt lat="43.6895670" lon="5.5030510">
    <ele>209.8</ele>
   </trkpt>
   <trkpt lat="43.6896020" lon="5.5030610">
    <ele>209.9</ele>
   </trkpt>
   <trkpt lat="43.6896380" lon="5.5030720">
    <ele>209.9</ele>
   </trkpt>
   <trkpt lat="43.6896780" lon="5.5030830">
    <ele>210.0</ele>
   </trkpt>
   <trkpt lat="43.6897170" lon="5.5030990">
    <ele>210.1</ele>
   </trkpt>
   <trkpt lat="43.6897600" lon="5.5031150">
    <ele>210.1</ele>
   </trkpt>
   <trkpt lat="43.6898020" lon="5.5031210">
    <ele>210.2</ele>
   </trkpt>
   <trkpt lat="43.6898390" lon="5.5031200">
    <ele>210.2</ele>
   </trkpt>
   <trkpt lat="43.6898760" lon="5.5031160">
    <ele>210.2</ele>
   </trkpt>
   <trkpt lat="43.6899120" lon="5.5031120">
    <ele>210.3</ele>
   </trkpt>
   <trkpt lat="43.6899450" lon="5.5031040">
    <ele>210.3</ele>
   </trkpt>
   <trkpt lat="43.6899930" lon="5.5030980">
    <ele>210.3</ele>
   </trkpt>
   <trkpt lat="43.6900250" lon="5.5030880">
    <ele>210.4</ele>
   </trkpt>
   <trkpt lat="43.6900640" lon="5.5030760">
    <ele>210.4</ele>
   </trkpt>
   <trkpt lat="43.6901040" lon="5.5030660">
    <ele>210.4</ele>
   </trkpt>
   <trkpt lat="43.6901460" lon="5.5030660">
    <ele>210.5</ele>
   </trkpt>
   <trkpt lat="43.6901960" lon="5.5030620">
    <ele>210.5</ele>
   </trkpt>
   <trkpt lat="43.6902330" lon="5.5030470">
    <ele>210.5</ele>
   </trkpt>
   <trkpt lat="43.6902800" lon="5.5030580">
    <ele>210.5</ele>
   </trkpt>
   <trkpt lat="43.6903010" lon="5.5030570">
    <ele>210.6</ele>
   </trkpt>
   <trkpt lat="43.6903430" lon="5.5030600">
    <ele>210.6</ele>
   </trkpt>
   <trkpt lat="43.6903810" lon="5.5030630">
    <ele>210.6</ele>
   </trkpt>
   <trkpt lat="43.6904150" lon="5.5030610">
    <ele>210.6</ele>
   </trkpt>
   <trkpt lat="43.6904480" lon="5.5030580">
    <ele>210.6</ele>
   </trkpt>
   <trkpt lat="43.6904820" lon="5.5030500">
    <ele>210.7</ele>
   </trkpt>
   <trkpt lat="43.6905190" lon="5.5030490">
    <ele>210.7</ele>
   </trkpt>
   <trkpt lat="43.6905540" lon="5.5030510">
    <ele>210.7</ele>
   </trkpt>
   <trkpt lat="43.6905890" lon="5.5030470">
    <ele>210.7</ele>
   </trkpt>
   <trkpt lat="43.6906250" lon="5.5030310">
    <ele>210.7</ele>
   </trkpt>
   <trkpt lat="43.6906590" lon="5.5030210">
    <ele>210.8</ele>
   </trkpt>
   <trkpt lat="43.6906880" lon="5.5030230">
    <ele>210.8</ele>
   </trkpt>
   <trkpt lat="43.6907370" lon="5.5030280">
    <ele>210.8</ele>
   </trkpt>
   <trkpt lat="43.6907540" lon="5.5030290">
    <ele>210.8</ele>
   </trkpt>
   <trkpt lat="43.6907730" lon="5.5030320">
    <ele>210.8</ele>
   </trkpt>
   <trkpt lat="43.6907900" lon="5.5030340">
    <ele>210.8</ele>
   </trkpt>
   <trkpt lat="43.6908040" lon="5.5030380">
    <ele>210.8</ele>
   </trkpt>
   <trkpt lat="43.6908100" lon="5.5030420">
    <ele>210.8</ele>
   </trkpt>
   <trkpt lat="43.6908090" lon="5.5030430">
    <ele>210.8</ele>
   </trkpt>
   <trkpt lat="43.6908080" lon="5.5030440">
    <ele>210.8</ele>
   </trkpt>
   <trkpt lat="43.6908080" lon="5.5030440">
    <ele>210.8</ele>
   </trkpt>
   <trkpt lat="43.6908080" lon="5.5030440">
    <ele>210.8</ele>
   </trkpt>
   <trkpt lat="43.6908080" lon="5.5030440">
    <ele>210.8</ele>
   </trkpt>
   <trkpt lat="43.6908010" lon="5.5030460">
    <ele>210.8</ele>
   </trkpt>
   <trkpt lat="43.6908010" lon="5.5030460">
    <ele>210.8</ele>
   </trkpt>
   <trkpt lat="43.6908010" lon="5.5030460">
    <ele>210.8</ele>
   </trkpt>
   <trkpt lat="43.6908230" lon="5.5030650">
    <ele>210.8</ele>
   </trkpt>
   <trkpt lat="43.6908400" lon="5.5030630">
    <ele>210.8</ele>
   </trkpt>
   <trkpt lat="43.6908590" lon="5.5030600">
    <ele>210.9</ele>
   </trkpt>
   <trkpt lat="43.6909020" lon="5.5030460">
    <ele>210.9</ele>
   </trkpt>
   <trkpt lat="43.6909220" lon="5.5030380">
    <ele>210.9</ele>
   </trkpt>
   <trkpt lat="43.6909640" lon="5.5030330">
    <ele>211.0</ele>
   </trkpt>
   <trkpt lat="43.6909980" lon="5.5030260">
    <ele>211.0</ele>
   </trkpt>
   <trkpt lat="43.6910360" lon="5.5030170">
    <ele>211.1</ele>
   </trkpt>
   <trkpt lat="43.6910740" lon="5.5030090">
    <ele>211.1</ele>
   </trkpt>
   <trkpt lat="43.6911140" lon="5.5030070">
    <ele>211.1</ele>
   </trkpt>
   <trkpt lat="43.6911490" lon="5.5030100">
    <ele>211.2</ele>
   </trkpt>
   <trkpt lat="43.6911890" lon="5.5030080">
    <ele>211.2</ele>
   </trkpt>
   <trkpt lat="43.6912310" lon="5.5030120">
    <ele>211.3</ele>
   </trkpt>
   <trkpt lat="43.6912680" lon="5.5030080">
    <ele>211.3</ele>
   </trkpt>
   <trkpt lat="43.6913090" lon="5.5030020">
    <ele>211.3</ele>
   </trkpt>
   <trkpt lat="43.6913510" lon="5.5029830">
    <ele>211.3</ele>
   </trkpt>
   <trkpt lat="43.6913910" lon="5.5029750">
    <ele>211.3</ele>
   </trkpt>
   <trkpt lat="43.6914310" lon="5.5029810">
    <ele>211.3</ele>
   </trkpt>
   <trkpt lat="43.6914760" lon="5.5029820">
    <ele>211.3</ele>
   </trkpt>
   <trkpt lat="43.6915250" lon="5.5029810">
    <ele>211.3</ele>
   </trkpt>
   <trkpt lat="43.6915730" lon="5.5029810">
    <ele>211.3</ele>
   </trkpt>
   <trkpt lat="43.6916250" lon="5.5029780">
    <ele>211.4</ele>
   </trkpt>
   <trkpt lat="43.6916760" lon="5.5029740">
    <ele>211.4</ele>
   </trkpt>
   <trkpt lat="43.6917260" lon="5.5029740">
    <ele>211.4</ele>
   </trkpt>
   <trkpt lat="43.6917740" lon="5.5029760">
    <ele>211.4</ele>
   </trkpt>
   <trkpt lat="43.6918150" lon="5.5029870">
    <ele>211.4</ele>
   </trkpt>
   <trkpt lat="43.6918610" lon="5.5029970">
    <ele>211.4</ele>
   </trkpt>
   <trkpt lat="43.6919020" lon="5.5030110">
    <ele>211.4</ele>
   </trkpt>
   <trkpt lat="43.6919390" lon="5.5030140">
    <ele>211.5</ele>
   </trkpt>
   <trkpt lat="43.6919790" lon="5.5030230">
    <ele>211.5</ele>
   </trkpt>
   <trkpt lat="43.6920240" lon="5.5030320">
    <ele>211.5</ele>
   </trkpt>
   <trkpt lat="43.6920680" lon="5.5030420">
    <ele>211.6</ele>
   </trkpt>
   <trkpt lat="43.6921090" lon="5.5030580">
    <ele>211.6</ele>
   </trkpt>
   <trkpt lat="43.6921470" lon="5.5030820">
    <ele>211.7</ele>
   </trkpt>
   <trkpt lat="43.6921880" lon="5.5031020">
    <ele>211.7</ele>
   </trkpt>
   <trkpt lat="43.6922300" lon="5.5031270">
    <ele>211.8</ele>
   </trkpt>
   <trkpt lat="43.6922730" lon="5.5031430">
    <ele>211.8</ele>
   </trkpt>
   <trkpt lat="43.6923170" lon="5.5031610">
    <ele>211.9</ele>
   </trkpt>
   <trkpt lat="43.6923590" lon="5.5031820">
    <ele>212.0</ele>
   </trkpt>
   <trkpt lat="43.6924040" lon="5.5032070">
    <ele>212.0</ele>
   </trkpt>
   <trkpt lat="43.6924500" lon="5.5032300">
    <ele>212.1</ele>
   </trkpt>
   <trkpt lat="43.6924940" lon="5.5032460">
    <ele>212.1</ele>
   </trkpt>
   <trkpt lat="43.6925370" lon="5.5032590">
    <ele>212.1</ele>
   </trkpt>
   <trkpt lat="43.6925780" lon="5.5032760">
    <ele>212.1</ele>
   </trkpt>
   <trkpt lat="43.6926210" lon="5.5032920">
    <ele>212.2</ele>
   </trkpt>
   <trkpt lat="43.6926620" lon="5.5033050">
    <ele>212.2</ele>
   </trkpt>
   <trkpt lat="43.6927010" lon="5.5033170">
    <ele>212.2</ele>
   </trkpt>
   <trkpt lat="43.6927420" lon="5.5033230">
    <ele>212.3</ele>
   </trkpt>
   <trkpt lat="43.6927840" lon="5.5033320">
    <ele>212.3</ele>
   </trkpt>
   <trkpt lat="43.6928340" lon="5.5033450">
    <ele>212.4</ele>
   </trkpt>
   <trkpt lat="43.6928780" lon="5.5033550">
    <ele>212.4</ele>
   </trkpt>
   <trkpt lat="43.6929180" lon="5.5033690">
    <ele>212.5</ele>
   </trkpt>
   <trkpt lat="43.6929690" lon="5.5033890">
    <ele>212.6</ele>
   </trkpt>
   <trkpt lat="43.6930140" lon="5.5034160">
    <ele>212.6</ele>
   </trkpt>
   <trkpt lat="43.6930600" lon="5.5034440">
    <ele>212.7</ele>
   </trkpt>
   <trkpt lat="43.6931030" lon="5.5034640">
    <ele>212.7</ele>
   </trkpt>
   <trkpt lat="43.6931390" lon="5.5034930">
    <ele>212.8</ele>
   </trkpt>
   <trkpt lat="43.6931830" lon="5.5035220">
    <ele>212.9</ele>
   </trkpt>
   <trkpt lat="43.6932290" lon="5.5035530">
    <ele>213.0</ele>
   </trkpt>
   <trkpt lat="43.6932710" lon="5.5035810">
    <ele>213.1</ele>
   </trkpt>
   <trkpt lat="43.6933090" lon="5.5036110">
    <ele>213.2</ele>
   </trkpt>
   <trkpt lat="43.6933460" lon="5.5036370">
    <ele>213.3</ele>
   </trkpt>
   <trkpt lat="43.6933850" lon="5.5036590">
    <ele>213.4</ele>
   </trkpt>
   <trkpt lat="43.6934230" lon="5.5036780">
    <ele>213.5</ele>
   </trkpt>
   <trkpt lat="43.6934610" lon="5.5036920">
    <ele>213.6</ele>
   </trkpt>
   <trkpt lat="43.6935000" lon="5.5037060">
    <ele>213.8</ele>
   </trkpt>
   <trkpt lat="43.6935390" lon="5.5037160">
    <ele>213.9</ele>
   </trkpt>
   <trkpt lat="43.6935720" lon="5.5037280">
    <ele>214.0</ele>
   </trkpt>
   <trkpt lat="43.6936020" lon="5.5037480">
    <ele>214.1</ele>
   </trkpt>
   <trkpt lat="43.6936640" lon="5.5037860">
    <ele>214.4</ele>
   </trkpt>
   <trkpt lat="43.6936940" lon="5.5038010">
    <ele>214.4</ele>
   </trkpt>
   <trkpt lat="43.6937210" lon="5.5038160">
    <ele>214.5</ele>
   </trkpt>
   <trkpt lat="43.6937590" lon="5.5038330">
    <ele>214.5</ele>
   </trkpt>
   <trkpt lat="43.6937720" lon="5.5038390">
    <ele>214.5</ele>
   </trkpt>
   <trkpt lat="43.6938090" lon="5.5038450">
    <ele>214.5</ele>
   </trkpt>
   <trkpt lat="43.6938530" lon="5.5038490">
    <ele>214.4</ele>
   </trkpt>
   <trkpt lat="43.6938950" lon="5.5038610">
    <ele>214.3</ele>
   </trkpt>
   <trkpt lat="43.6939440" lon="5.5038850">
    <ele>214.2</ele>
   </trkpt>
   <trkpt lat="43.6939870" lon="5.5039160">
    <ele>214.2</ele>
   </trkpt>
   <trkpt lat="43.6940220" lon="5.5039620">
    <ele>213.9</ele>
   </trkpt>
   <trkpt lat="43.6940570" lon="5.5040130">
    <ele>213.7</ele>
   </trkpt>
   <trkpt lat="43.6941030" lon="5.5040600">
    <ele>213.4</ele>
   </trkpt>
   <trkpt lat="43.6941500" lon="5.5041110">
    <ele>213.1</ele>
   </trkpt>
   <trkpt lat="43.6941980" lon="5.5041580">
    <ele>212.8</ele>
   </trkpt>
   <trkpt lat="43.6942470" lon="5.5042010">
    <ele>212.6</ele>
   </trkpt>
   <trkpt lat="43.6942920" lon="5.5042500">
    <ele>212.3</ele>
   </trkpt>
   <trkpt lat="43.6943340" lon="5.5043000">
    <ele>212.0</ele>
   </trkpt>
   <trkpt lat="43.6943780" lon="5.5043510">
    <ele>211.8</ele>
   </trkpt>
   <trkpt lat="43.6944280" lon="5.5044010">
    <ele>211.5</ele>
   </trkpt>
   <trkpt lat="43.6944820" lon="5.5044550">
    <ele>211.3</ele>
   </trkpt>
   <trkpt lat="43.6945300" lon="5.5045090">
    <ele>211.1</ele>
   </trkpt>
   <trkpt lat="43.6945860" lon="5.5045570">
    <ele>210.8</ele>
   </trkpt>
   <trkpt lat="43.6946390" lon="5.5045970">
    <ele>210.6</ele>
   </trkpt>
   <trkpt lat="43.6946870" lon="5.5046450">
    <ele>210.4</ele>
   </trkpt>
   <trkpt lat="43.6947420" lon="5.5047070">
    <ele>210.2</ele>
   </trkpt>
   <trkpt lat="43.6947860" lon="5.5047540">
    <ele>210.0</ele>
   </trkpt>
   <trkpt lat="43.6948300" lon="5.5047970">
    <ele>209.9</ele>
   </trkpt>
   <trkpt lat="43.6948710" lon="5.5048400">
    <ele>209.8</ele>
   </trkpt>
   <trkpt lat="43.6949380" lon="5.5048850">
    <ele>209.6</ele>
   </trkpt>
   <trkpt lat="43.6949910" lon="5.5049300">
    <ele>209.4</ele>
   </trkpt>
   <trkpt lat="43.6950400" lon="5.5049660">
    <ele>209.3</ele>
   </trkpt>
   <trkpt lat="43.6950800" lon="5.5049960">
    <ele>209.2</ele>
   </trkpt>
   <trkpt lat="43.6951360" lon="5.5050290">
    <ele>209.0</ele>
   </trkpt>
   <trkpt lat="43.6951910" lon="5.5050820">
    <ele>208.8</ele>
   </trkpt>
   <trkpt lat="43.6952400" lon="5.5051370">
    <ele>208.7</ele>
   </trkpt>
   <trkpt lat="43.6952900" lon="5.5051850">
    <ele>208.5</ele>
   </trkpt>
   <trkpt lat="43.6953410" lon="5.5052240">
    <ele>208.4</ele>
   </trkpt>
   <trkpt lat="43.6953930" lon="5.5052560">
    <ele>208.3</ele>
   </trkpt>
   <trkpt lat="43.6954540" lon="5.5052660">
    <ele>207.9</ele>
   </trkpt>
   <trkpt lat="43.6955160" lon="5.5052550">
    <ele>207.6</ele>
   </trkpt>
   <trkpt lat="43.6955780" lon="5.5052300">
    <ele>207.4</ele>
   </trkpt>
   <trkpt lat="43.6956430" lon="5.5052240">
    <ele>207.2</ele>
   </trkpt>
   <trkpt lat="43.6957040" lon="5.5052270">
    <ele>207.0</ele>
   </trkpt>
   <trkpt lat="43.6957700" lon="5.5052300">
    <ele>206.8</ele>
   </trkpt>
   <trkpt lat="43.6958310" lon="5.5052200">
    <ele>206.7</ele>
   </trkpt>
   <trkpt lat="43.6958810" lon="5.5051870">
    <ele>206.6</ele>
   </trkpt>
   <trkpt lat="43.6959320" lon="5.5051390">
    <ele>206.5</ele>
   </trkpt>
   <trkpt lat="43.6959790" lon="5.5050950">
    <ele>206.4</ele>
   </trkpt>
   <trkpt lat="43.6960270" lon="5.5050480">
    <ele>206.4</ele>
   </trkpt>
   <trkpt lat="43.6960750" lon="5.5050020">
    <ele>206.3</ele>
   </trkpt>
   <trkpt lat="43.6961250" lon="5.5049660">
    <ele>206.2</ele>
   </trkpt>
   <trkpt lat="43.6961710" lon="5.5049250">
    <ele>206.2</ele>
   </trkpt>
   <trkpt lat="43.6962190" lon="5.5048850">
    <ele>206.1</ele>
   </trkpt>
   <trkpt lat="43.6962710" lon="5.5048440">
    <ele>206.1</ele>
   </trkpt>
   <trkpt lat="43.6963200" lon="5.5048070">
    <ele>206.0</ele>
   </trkpt>
   <trkpt lat="43.6963700" lon="5.5047660">
    <ele>206.0</ele>
   </trkpt>
   <trkpt lat="43.6964140" lon="5.5047330">
    <ele>205.9</ele>
   </trkpt>
   <trkpt lat="43.6964550" lon="5.5047000">
    <ele>205.9</ele>
   </trkpt>
   <trkpt lat="43.6964970" lon="5.5046640">
    <ele>205.9</ele>
   </trkpt>
   <trkpt lat="43.6965390" lon="5.5046220">
    <ele>205.8</ele>
   </trkpt>
   <trkpt lat="43.6965790" lon="5.5045780">
    <ele>205.8</ele>
   </trkpt>
   <trkpt lat="43.6966240" lon="5.5045380">
    <ele>205.8</ele>
   </trkpt>
   <trkpt lat="43.6966710" lon="5.5044970">
    <ele>205.8</ele>
   </trkpt>
   <trkpt lat="43.6967190" lon="5.5044560">
    <ele>205.8</ele>
   </trkpt>
   <trkpt lat="43.6967680" lon="5.5044340">
    <ele>205.8</ele>
   </trkpt>
   <trkpt lat="43.6968160" lon="5.5044360">
    <ele>205.8</ele>
   </trkpt>
   <trkpt lat="43.6968650" lon="5.5044570">
    <ele>205.9</ele>
   </trkpt>
   <trkpt lat="43.6969150" lon="5.5044780">
    <ele>205.9</ele>
   </trkpt>
   <trkpt lat="43.6969680" lon="5.5044940">
    <ele>205.9</ele>
   </trkpt>
   <trkpt lat="43.6970180" lon="5.5045060">
    <ele>206.0</ele>
   </trkpt>
   <trkpt lat="43.6970760" lon="5.5045180">
    <ele>206.0</ele>
   </trkpt>
   <trkpt lat="43.6971260" lon="5.5045270">
    <ele>206.0</ele>
   </trkpt>
   <trkpt lat="43.6971760" lon="5.5045380">
    <ele>206.1</ele>
   </trkpt>
   <trkpt lat="43.6972280" lon="5.5045490">
    <ele>206.2</ele>
   </trkpt>
   <trkpt lat="43.6972810" lon="5.5045620">
    <ele>206.2</ele>
   </trkpt>
   <trkpt lat="43.6973300" lon="5.5045820">
    <ele>206.3</ele>
   </trkpt>
   <trkpt lat="43.6973770" lon="5.5046010">
    <ele>206.4</ele>
   </trkpt>
   <trkpt lat="43.6974220" lon="5.5046120">
    <ele>206.5</ele>
   </trkpt>
   <trkpt lat="43.6974730" lon="5.5046220">
    <ele>206.6</ele>
   </trkpt>
   <trkpt lat="43.6975210" lon="5.5046320">
    <ele>206.7</ele>
   </trkpt>
   <trkpt lat="43.6975730" lon="5.5046410">
    <ele>206.7</ele>
   </trkpt>
   <trkpt lat="43.6976200" lon="5.5046510">
    <ele>206.8</ele>
   </trkpt>
   <trkpt lat="43.6976650" lon="5.5046600">
    <ele>206.8</ele>
   </trkpt>
   <trkpt lat="43.6977130" lon="5.5046660">
    <ele>206.9</ele>
   </trkpt>
   <trkpt lat="43.6977590" lon="5.5046730">
    <ele>207.1</ele>
   </trkpt>
   <trkpt lat="43.6978070" lon="5.5046800">
    <ele>207.1</ele>
   </trkpt>
   <trkpt lat="43.6978520" lon="5.5046730">
    <ele>207.2</ele>
   </trkpt>
   <trkpt lat="43.6978950" lon="5.5046650">
    <ele>207.2</ele>
   </trkpt>
   <trkpt lat="43.6979390" lon="5.5046550">
    <ele>207.2</ele>
   </trkpt>
   <trkpt lat="43.6979860" lon="5.5046460">
    <ele>207.1</ele>
   </trkpt>
   <trkpt lat="43.6980360" lon="5.5046360">
    <ele>207.1</ele>
   </trkpt>
   <trkpt lat="43.6980870" lon="5.5046260">
    <ele>207.0</ele>
   </trkpt>
   <trkpt lat="43.6981430" lon="5.5046220">
    <ele>206.8</ele>
   </trkpt>
   <trkpt lat="43.6981960" lon="5.5046290">
    <ele>206.8</ele>
   </trkpt>
   <trkpt lat="43.6982560" lon="5.5046520">
    <ele>206.7</ele>
   </trkpt>
   <trkpt lat="43.6983220" lon="5.5046930">
    <ele>206.6</ele>
   </trkpt>
   <trkpt lat="43.6983860" lon="5.5047410">
    <ele>206.5</ele>
   </trkpt>
   <trkpt lat="43.6984370" lon="5.5047960">
    <ele>206.4</ele>
   </trkpt>
   <trkpt lat="43.6984910" lon="5.5048460">
    <ele>206.3</ele>
   </trkpt>
   <trkpt lat="43.6985490" lon="5.5049050">
    <ele>206.2</ele>
   </trkpt>
   <trkpt lat="43.6986060" lon="5.5049600">
    <ele>206.2</ele>
   </trkpt>
   <trkpt lat="43.6986560" lon="5.5050100">
    <ele>206.1</ele>
   </trkpt>
   <trkpt lat="43.6987070" lon="5.5050560">
    <ele>206.1</ele>
   </trkpt>
   <trkpt lat="43.6987610" lon="5.5050890">
    <ele>206.0</ele>
   </trkpt>
   <trkpt lat="43.6988140" lon="5.5051170">
    <ele>206.0</ele>
   </trkpt>
   <trkpt lat="43.6988680" lon="5.5051390">
    <ele>205.9</ele>
   </trkpt>
   <trkpt lat="43.6989080" lon="5.5051570">
    <ele>205.9</ele>
   </trkpt>
   <trkpt lat="43.6989360" lon="5.5051710">
    <ele>205.9</ele>
   </trkpt>
   <trkpt lat="43.6989650" lon="5.5051870">
    <ele>205.8</ele>
   </trkpt>
   <trkpt lat="43.6989990" lon="5.5052110">
    <ele>205.8</ele>
   </trkpt>
   <trkpt lat="43.6990280" lon="5.5052540">
    <ele>205.8</ele>
   </trkpt>
   <trkpt lat="43.6990620" lon="5.5052950">
    <ele>205.8</ele>
   </trkpt>
   <trkpt lat="43.6991100" lon="5.5053250">
    <ele>205.8</ele>
   </trkpt>
   <trkpt lat="43.6991640" lon="5.5053430">
    <ele>205.8</ele>
   </trkpt>
   <trkpt lat="43.6992210" lon="5.5053510">
    <ele>205.8</ele>
   </trkpt>
   <trkpt lat="43.6992710" lon="5.5053590">
    <ele>205.9</ele>
   </trkpt>
   <trkpt lat="43.6993400" lon="5.5053920">
    <ele>205.9</ele>
   </trkpt>
   <trkpt lat="43.6994520" lon="5.5054580">
    <ele>206.0</ele>
   </trkpt>
   <trkpt lat="43.6995180" lon="5.5054860">
    <ele>206.1</ele>
   </trkpt>
   <trkpt lat="43.6995890" lon="5.5055060">
    <ele>206.1</ele>
   </trkpt>
   <trkpt lat="43.6996560" lon="5.5055120">
    <ele>206.1</ele>
   </trkpt>
   <trkpt lat="43.6997270" lon="5.5055160">
    <ele>206.1</ele>
   </trkpt>
   <trkpt lat="43.6997940" lon="5.5055270">
    <ele>206.1</ele>
   </trkpt>
   <trkpt lat="43.6998530" lon="5.5055350">
    <ele>206.0</ele>
   </trkpt>
   <trkpt lat="43.6999090" lon="5.5055320">
    <ele>206.0</ele>
   </trkpt>
   <trkpt lat="43.6999630" lon="5.5055380">
    <ele>206.1</ele>
   </trkpt>
   <trkpt lat="43.7000200" lon="5.5055530">
    <ele>206.1</ele>
   </trkpt>
   <trkpt lat="43.7000750" lon="5.5055820">
    <ele>206.1</ele>
   </trkpt>
   <trkpt lat="43.7001270" lon="5.5056120">
    <ele>206.1</ele>
   </trkpt>
   <trkpt lat="43.7001850" lon="5.5056390">
    <ele>206.1</ele>
   </trkpt>
   <trkpt lat="43.7003010" lon="5.5056630">
    <ele>206.2</ele>
   </trkpt>
   <trkpt lat="43.7003600" lon="5.5056640">
    <ele>206.2</ele>
   </trkpt>
   <trkpt lat="43.7004200" lon="5.5056640">
    <ele>206.2</ele>
   </trkpt>
   <trkpt lat="43.7004770" lon="5.5056580">
    <ele>206.3</ele>
   </trkpt>
   <trkpt lat="43.7005340" lon="5.5056520">
    <ele>206.3</ele>
   </trkpt>
   <trkpt lat="43.7005950" lon="5.5056430">
    <ele>206.4</ele>
   </trkpt>
   <trkpt lat="43.7006510" lon="5.5056290">
    <ele>206.5</ele>
   </trkpt>
   <trkpt lat="43.7007160" lon="5.5056180">
    <ele>206.6</ele>
   </trkpt>
   <trkpt lat="43.7007760" lon="5.5056310">
    <ele>206.7</ele>
   </trkpt>
   <trkpt lat="43.7008400" lon="5.5056530">
    <ele>206.8</ele>
   </trkpt>
   <trkpt lat="43.7009140" lon="5.5056750">
    <ele>207.0</ele>
   </trkpt>
   <trkpt lat="43.7009780" lon="5.5056990">
    <ele>207.1</ele>
   </trkpt>
   <trkpt lat="43.7010340" lon="5.5057360">
    <ele>207.1</ele>
   </trkpt>
   <trkpt lat="43.7010830" lon="5.5057760">
    <ele>207.2</ele>
   </trkpt>
   <trkpt lat="43.7011270" lon="5.5058230">
    <ele>207.3</ele>
   </trkpt>
   <trkpt lat="43.7011680" lon="5.5058640">
    <ele>207.3</ele>
   </trkpt>
   <trkpt lat="43.7012110" lon="5.5059120">
    <ele>207.4</ele>
   </trkpt>
   <trkpt lat="43.7012530" lon="5.5059540">
    <ele>207.5</ele>
   </trkpt>
   <trkpt lat="43.7013020" lon="5.5059870">
    <ele>207.6</ele>
   </trkpt>
   <trkpt lat="43.7013490" lon="5.5060280">
    <ele>207.6</ele>
   </trkpt>
   <trkpt lat="43.7013870" lon="5.5060880">
    <ele>207.7</ele>
   </trkpt>
   <trkpt lat="43.7014140" lon="5.5061540">
    <ele>207.8</ele>
   </trkpt>
   <trkpt lat="43.7014470" lon="5.5062030">
    <ele>207.9</ele>
   </trkpt>
   <trkpt lat="43.7014760" lon="5.5062470">
    <ele>208.0</ele>
   </trkpt>
   <trkpt lat="43.7015100" lon="5.5062910">
    <ele>208.1</ele>
   </trkpt>
   <trkpt lat="43.7015440" lon="5.5063380">
    <ele>208.1</ele>
   </trkpt>
   <trkpt lat="43.7015780" lon="5.5063830">
    <ele>208.2</ele>
   </trkpt>
   <trkpt lat="43.7016170" lon="5.5064260">
    <ele>208.2</ele>
   </trkpt>
   <trkpt lat="43.7016530" lon="5.5064700">
    <ele>208.3</ele>
   </trkpt>
   <trkpt lat="43.7016920" lon="5.5065100">
    <ele>208.4</ele>
   </trkpt>
   <trkpt lat="43.7017310" lon="5.5065550">
    <ele>208.4</ele>
   </trkpt>
   <trkpt lat="43.7017680" lon="5.5065970">
    <ele>208.5</ele>
   </trkpt>
   <trkpt lat="43.7018090" lon="5.5066450">
    <ele>208.6</ele>
   </trkpt>
   <trkpt lat="43.7018480" lon="5.5066970">
    <ele>208.6</ele>
   </trkpt>
   <trkpt lat="43.7018840" lon="5.5067510">
    <ele>208.7</ele>
   </trkpt>
   <trkpt lat="43.7019170" lon="5.5068010">
    <ele>208.8</ele>
   </trkpt>
   <trkpt lat="43.7019540" lon="5.5068480">
    <ele>208.9</ele>
   </trkpt>
   <trkpt lat="43.7019990" lon="5.5068890">
    <ele>208.9</ele>
   </trkpt>
   <trkpt lat="43.7020400" lon="5.5069300">
    <ele>209.0</ele>
   </trkpt>
   <trkpt lat="43.7020720" lon="5.5069750">
    <ele>209.1</ele>
   </trkpt>
   <trkpt lat="43.7021030" lon="5.5070230">
    <ele>209.2</ele>
   </trkpt>
   <trkpt lat="43.7021380" lon="5.5070720">
    <ele>209.3</ele>
   </trkpt>
   <trkpt lat="43.7021740" lon="5.5071170">
    <ele>209.3</ele>
   </trkpt>
   <trkpt lat="43.7022050" lon="5.5071600">
    <ele>209.4</ele>
   </trkpt>
   <trkpt lat="43.7022400" lon="5.5072080">
    <ele>209.5</ele>
   </trkpt>
   <trkpt lat="43.7022690" lon="5.5072590">
    <ele>209.6</ele>
   </trkpt>
   <trkpt lat="43.7023000" lon="5.5073060">
    <ele>209.7</ele>
   </trkpt>
   <trkpt lat="43.7023400" lon="5.5073510">
    <ele>209.8</ele>
   </trkpt>
   <trkpt lat="43.7023750" lon="5.5073940">
    <ele>209.8</ele>
   </trkpt>
   <trkpt lat="43.7024090" lon="5.5074400">
    <ele>209.9</ele>
   </trkpt>
   <trkpt lat="43.7024420" lon="5.5074850">
    <ele>210.0</ele>
   </trkpt>
   <trkpt lat="43.7024770" lon="5.5075310">
    <ele>210.1</ele>
   </trkpt>
   <trkpt lat="43.7025080" lon="5.5075760">
    <ele>210.2</ele>
   </trkpt>
   <trkpt lat="43.7025400" lon="5.5076200">
    <ele>210.2</ele>
   </trkpt>
   <trkpt lat="43.7025690" lon="5.5076680">
    <ele>210.3</ele>
   </trkpt>
   <trkpt lat="43.7025980" lon="5.5077160">
    <ele>210.4</ele>
   </trkpt>
   <trkpt lat="43.7026270" lon="5.5077620">
    <ele>210.5</ele>
   </trkpt>
   <trkpt lat="43.7026570" lon="5.5078070">
    <ele>210.6</ele>
   </trkpt>
   <trkpt lat="43.7026820" lon="5.5078570">
    <ele>210.6</ele>
   </trkpt>
   <trkpt lat="43.7027110" lon="5.5079040">
    <ele>210.7</ele>
   </trkpt>
   <trkpt lat="43.7027400" lon="5.5079400">
    <ele>210.7</ele>
   </trkpt>
   <trkpt lat="43.7027740" lon="5.5079750">
    <ele>210.8</ele>
   </trkpt>
   <trkpt lat="43.7028070" lon="5.5080220">
    <ele>210.9</ele>
   </trkpt>
   <trkpt lat="43.7028380" lon="5.5080590">
    <ele>210.9</ele>
   </trkpt>
   <trkpt lat="43.7028710" lon="5.5080990">
    <ele>211.0</ele>
   </trkpt>
   <trkpt lat="43.7030870" lon="5.5083930">
    <ele>211.6</ele>
   </trkpt>
   <trkpt lat="43.7031130" lon="5.5084160">
    <ele>211.7</ele>
   </trkpt>
   <trkpt lat="43.7031400" lon="5.5084390">
    <ele>211.7</ele>
   </trkpt>
   <trkpt lat="43.7031670" lon="5.5084780">
    <ele>211.8</ele>
   </trkpt>
   <trkpt lat="43.7031840" lon="5.5085130">
    <ele>211.9</ele>
   </trkpt>
   <trkpt lat="43.7032040" lon="5.5085420">
    <ele>211.9</ele>
   </trkpt>
   <trkpt lat="43.7032340" lon="5.5085840">
    <ele>212.0</ele>
   </trkpt>
   <trkpt lat="43.7032550" lon="5.5086350">
    <ele>212.1</ele>
   </trkpt>
   <trkpt lat="43.7032730" lon="5.5086890">
    <ele>212.2</ele>
   </trkpt>
   <trkpt lat="43.7032900" lon="5.5087480">
    <ele>212.3</ele>
   </trkpt>
   <trkpt lat="43.7033010" lon="5.5088070">
    <ele>212.3</ele>
   </trkpt>
   <trkpt lat="43.7033040" lon="5.5088630">
    <ele>212.4</ele>
   </trkpt>
   <trkpt lat="43.7033020" lon="5.5089240">
    <ele>212.5</ele>
   </trkpt>
   <trkpt lat="43.7032970" lon="5.5089840">
    <ele>212.5</ele>
   </trkpt>
   <trkpt lat="43.7032870" lon="5.5090460">
    <ele>212.5</ele>
   </trkpt>
   <trkpt lat="43.7032900" lon="5.5091110">
    <ele>212.5</ele>
   </trkpt>
   <trkpt lat="43.7033070" lon="5.5091770">
    <ele>212.6</ele>
   </trkpt>
   <trkpt lat="43.7033360" lon="5.5092380">
    <ele>212.6</ele>
   </trkpt>
   <trkpt lat="43.7033760" lon="5.5092870">
    <ele>212.6</ele>
   </trkpt>
   <trkpt lat="43.7034220" lon="5.5093270">
    <ele>212.6</ele>
   </trkpt>
   <trkpt lat="43.7034710" lon="5.5093440">
    <ele>212.7</ele>
   </trkpt>
   <trkpt lat="43.7035230" lon="5.5093380">
    <ele>212.8</ele>
   </trkpt>
   <trkpt lat="43.7035740" lon="5.5093230">
    <ele>212.8</ele>
   </trkpt>
   <trkpt lat="43.7036200" lon="5.5093120">
    <ele>212.9</ele>
   </trkpt>
   <trkpt lat="43.7036690" lon="5.5093120">
    <ele>213.0</ele>
   </trkpt>
   <trkpt lat="43.7037210" lon="5.5093200">
    <ele>213.1</ele>
   </trkpt>
   <trkpt lat="43.7037690" lon="5.5093350">
    <ele>213.2</ele>
   </trkpt>
   <trkpt lat="43.7038130" lon="5.5093640">
    <ele>213.3</ele>
   </trkpt>
   <trkpt lat="43.7038590" lon="5.5094010">
    <ele>213.4</ele>
   </trkpt>
   <trkpt lat="43.7039000" lon="5.5094410">
    <ele>213.6</ele>
   </trkpt>
   <trkpt lat="43.7039420" lon="5.5094870">
    <ele>213.7</ele>
   </trkpt>
   <trkpt lat="43.7039850" lon="5.5095360">
    <ele>213.8</ele>
   </trkpt>
   <trkpt lat="43.7040260" lon="5.5095910">
    <ele>213.8</ele>
   </trkpt>
   <trkpt lat="43.7040700" lon="5.5096530">
    <ele>213.9</ele>
   </trkpt>
   <trkpt lat="43.7041080" lon="5.5097220">
    <ele>213.9</ele>
   </trkpt>
   <trkpt lat="43.7041430" lon="5.5097940">
    <ele>214.0</ele>
   </trkpt>
   <trkpt lat="43.7041800" lon="5.5098620">
    <ele>214.0</ele>
   </trkpt>
   <trkpt lat="43.7042190" lon="5.5099350">
    <ele>214.1</ele>
   </trkpt>
   <trkpt lat="43.7042610" lon="5.5100110">
    <ele>214.2</ele>
   </trkpt>
   <trkpt lat="43.7043000" lon="5.5100870">
    <ele>214.3</ele>
   </trkpt>
   <trkpt lat="43.7043400" lon="5.5101610">
    <ele>214.4</ele>
   </trkpt>
   <trkpt lat="43.7043810" lon="5.5102370">
    <ele>214.5</ele>
   </trkpt>
   <trkpt lat="43.7044250" lon="5.5103100">
    <ele>214.7</ele>
   </trkpt>
   <trkpt lat="43.7044710" lon="5.5103800">
    <ele>214.7</ele>
   </trkpt>
   <trkpt lat="43.7045160" lon="5.5104490">
    <ele>214.8</ele>
   </trkpt>
   <trkpt lat="43.7045610" lon="5.5105200">
    <ele>214.9</ele>
   </trkpt>
   <trkpt lat="43.7046050" lon="5.5105890">
    <ele>215.0</ele>
   </trkpt>
   <trkpt lat="43.7046500" lon="5.5106560">
    <ele>215.1</ele>
   </trkpt>
   <trkpt lat="43.7046980" lon="5.5107220">
    <ele>215.2</ele>
   </trkpt>
   <trkpt lat="43.7047470" lon="5.5107890">
    <ele>215.3</ele>
   </trkpt>
   <trkpt lat="43.7047940" lon="5.5108530">
    <ele>215.5</ele>
   </trkpt>
   <trkpt lat="43.7048410" lon="5.5109240">
    <ele>215.6</ele>
   </trkpt>
   <trkpt lat="43.7048950" lon="5.5109950">
    <ele>215.7</ele>
   </trkpt>
   <trkpt lat="43.7049490" lon="5.5110670">
    <ele>215.8</ele>
   </trkpt>
   <trkpt lat="43.7050060" lon="5.5111450">
    <ele>216.0</ele>
   </trkpt>
   <trkpt lat="43.7050590" lon="5.5112200">
    <ele>216.1</ele>
   </trkpt>
   <trkpt lat="43.7051190" lon="5.5113000">
    <ele>216.3</ele>
   </trkpt>
   <trkpt lat="43.7051780" lon="5.5113780">
    <ele>216.4</ele>
   </trkpt>
   <trkpt lat="43.7052370" lon="5.5114580">
    <ele>216.6</ele>
   </trkpt>
   <trkpt lat="43.7052940" lon="5.5115390">
    <ele>216.8</ele>
   </trkpt>
   <trkpt lat="43.7053490" lon="5.5116190">
    <ele>216.9</ele>
   </trkpt>
   <trkpt lat="43.7054020" lon="5.5116950">
    <ele>217.0</ele>
   </trkpt>
   <trkpt lat="43.7054550" lon="5.5117700">
    <ele>217.1</ele>
   </trkpt>
   <trkpt lat="43.7055070" lon="5.5118410">
    <ele>217.3</ele>
   </trkpt>
   <trkpt lat="43.7055610" lon="5.5119190">
    <ele>217.4</ele>
   </trkpt>
   <trkpt lat="43.7056140" lon="5.5119940">
    <ele>217.6</ele>
   </trkpt>
   <trkpt lat="43.7056630" lon="5.5120710">
    <ele>217.7</ele>
   </trkpt>
   <trkpt lat="43.7057110" lon="5.5121540">
    <ele>217.8</ele>
   </trkpt>
   <trkpt lat="43.7057560" lon="5.5122330">
    <ele>218.0</ele>
   </trkpt>
   <trkpt lat="43.7058000" lon="5.5123100">
    <ele>218.1</ele>
   </trkpt>
   <trkpt lat="43.7058430" lon="5.5123880">
    <ele>218.2</ele>
   </trkpt>
   <trkpt lat="43.7058750" lon="5.5124600">
    <ele>218.2</ele>
   </trkpt>
   <trkpt lat="43.7059140" lon="5.5125290">
    <ele>218.3</ele>
   </trkpt>
   <trkpt lat="43.7059520" lon="5.5126050">
    <ele>218.4</ele>
   </trkpt>
   <trkpt lat="43.7059830" lon="5.5126700">
    <ele>218.4</ele>
   </trkpt>
   <trkpt lat="43.7060100" lon="5.5127370">
    <ele>218.5</ele>
   </trkpt>
   <trkpt lat="43.7060390" lon="5.5127950">
    <ele>218.6</ele>
   </trkpt>
   <trkpt lat="43.7060530" lon="5.5128200">
    <ele>218.6</ele>
   </trkpt>
   <trkpt lat="43.7060580" lon="5.5128260">
    <ele>218.6</ele>
   </trkpt>
   <trkpt lat="43.7060560" lon="5.5128120">
    <ele>218.6</ele>
   </trkpt>
   <trkpt lat="43.7060520" lon="5.5128040">
    <ele>218.6</ele>
   </trkpt>
   <trkpt lat="43.7060470" lon="5.5128080">
    <ele>218.6</ele>
   </trkpt>
   <trkpt lat="43.7060430" lon="5.5128170">
    <ele>218.6</ele>
   </trkpt>
   <trkpt lat="43.7060430" lon="5.5128170">
    <ele>218.6</ele>
   </trkpt>
   <trkpt lat="43.7060350" lon="5.5128340">
    <ele>218.7</ele>
   </trkpt>
   <trkpt lat="43.7060360" lon="5.5128470">
    <ele>218.7</ele>
   </trkpt>
   <trkpt lat="43.7060370" lon="5.5128490">
    <ele>218.7</ele>
   </trkpt>
   <trkpt lat="43.7060430" lon="5.5128550">
    <ele>218.7</ele>
   </trkpt>
   <trkpt lat="43.7060490" lon="5.5128600">
    <ele>218.7</ele>
   </trkpt>
   <trkpt lat="43.7060540" lon="5.5128660">
    <ele>218.7</ele>
   </trkpt>
   <trkpt lat="43.7060600" lon="5.5128720">
    <ele>218.7</ele>
   </trkpt>
   <trkpt lat="43.7060660" lon="5.5128770">
    <ele>218.7</ele>
   </trkpt>
   <trkpt lat="43.7060720" lon="5.5128830">
    <ele>218.7</ele>
   </trkpt>
   <trkpt lat="43.7060780" lon="5.5128890">
    <ele>218.7</ele>
   </trkpt>
   <trkpt lat="43.7060830" lon="5.5128950">
    <ele>218.7</ele>
   </trkpt>
   <trkpt lat="43.7060890" lon="5.5129000">
    <ele>218.7</ele>
   </trkpt>
   <trkpt lat="43.7060950" lon="5.5129060">
    <ele>218.7</ele>
   </trkpt>
   <trkpt lat="43.7061130" lon="5.5129400">
    <ele>218.8</ele>
   </trkpt>
   <trkpt lat="43.7061350" lon="5.5129850">
    <ele>218.8</ele>
   </trkpt>
   <trkpt lat="43.7061550" lon="5.5130420">
    <ele>218.8</ele>
   </trkpt>
   <trkpt lat="43.7061820" lon="5.5131020">
    <ele>218.9</ele>
   </trkpt>
   <trkpt lat="43.7062070" lon="5.5131690">
    <ele>218.9</ele>
   </trkpt>
   <trkpt lat="43.7062390" lon="5.5132390">
    <ele>218.9</ele>
   </trkpt>
   <trkpt lat="43.7062680" lon="5.5133200">
    <ele>219.0</ele>
   </trkpt>
   <trkpt lat="43.7062960" lon="5.5134030">
    <ele>219.0</ele>
   </trkpt>
   <trkpt lat="43.7063300" lon="5.5134910">
    <ele>219.0</ele>
   </trkpt>
   <trkpt lat="43.7063600" lon="5.5135770">
    <ele>219.1</ele>
   </trkpt>
   <trkpt lat="43.7063880" lon="5.5136680">
    <ele>219.1</ele>
   </trkpt>
   <trkpt lat="43.7064170" lon="5.5137600">
    <ele>219.1</ele>
   </trkpt>
   <trkpt lat="43.7064430" lon="5.5138490">
    <ele>219.2</ele>
   </trkpt>
   <trkpt lat="43.7064690" lon="5.5139400">
    <ele>219.2</ele>
   </trkpt>
   <trkpt lat="43.7064950" lon="5.5140350">
    <ele>219.3</ele>
   </trkpt>
   <trkpt lat="43.7065200" lon="5.5141250">
    <ele>219.3</ele>
   </trkpt>
   <trkpt lat="43.7065440" lon="5.5142180">
    <ele>219.4</ele>
   </trkpt>
   <trkpt lat="43.7065690" lon="5.5143120">
    <ele>219.4</ele>
   </trkpt>
   <trkpt lat="43.7065930" lon="5.5144060">
    <ele>219.5</ele>
   </trkpt>
   <trkpt lat="43.7066160" lon="5.5145030">
    <ele>219.5</ele>
   </trkpt>
   <trkpt lat="43.7066410" lon="5.5145990">
    <ele>219.6</ele>
   </trkpt>
   <trkpt lat="43.7066630" lon="5.5146940">
    <ele>219.6</ele>
   </trkpt>
   <trkpt lat="43.7066860" lon="5.5147910">
    <ele>219.6</ele>
   </trkpt>
   <trkpt lat="43.7067130" lon="5.5148890">
    <ele>219.7</ele>
   </trkpt>
   <trkpt lat="43.7067390" lon="5.5149920">
    <ele>219.7</ele>
   </trkpt>
   <trkpt lat="43.7067680" lon="5.5150940">
    <ele>219.8</ele>
   </trkpt>
   <trkpt lat="43.7067970" lon="5.5151950">
    <ele>219.8</ele>
   </trkpt>
   <trkpt lat="43.7068260" lon="5.5152960">
    <ele>219.9</ele>
   </trkpt>
   <trkpt lat="43.7068520" lon="5.5154000">
    <ele>219.9</ele>
   </trkpt>
   <trkpt lat="43.7069040" lon="5.5155940">
    <ele>220.0</ele>
   </trkpt>
   <trkpt lat="43.7069270" lon="5.5156990">
    <ele>220.1</ele>
   </trkpt>
   <trkpt lat="43.7069560" lon="5.5158060">
    <ele>220.1</ele>
   </trkpt>
   <trkpt lat="43.7069860" lon="5.5159160">
    <ele>220.2</ele>
   </trkpt>
   <trkpt lat="43.7070190" lon="5.5160260">
    <ele>220.3</ele>
   </trkpt>
   <trkpt lat="43.7070530" lon="5.5161350">
    <ele>220.3</ele>
   </trkpt>
   <trkpt lat="43.7070840" lon="5.5162380">
    <ele>220.4</ele>
   </trkpt>
   <trkpt lat="43.7071160" lon="5.5163460">
    <ele>220.5</ele>
   </trkpt>
   <trkpt lat="43.7071480" lon="5.5164540">
    <ele>220.5</ele>
   </trkpt>
   <trkpt lat="43.7071820" lon="5.5165610">
    <ele>220.6</ele>
   </trkpt>
   <trkpt lat="43.7072200" lon="5.5166650">
    <ele>220.7</ele>
   </trkpt>
   <trkpt lat="43.7072590" lon="5.5167680">
    <ele>220.7</ele>
   </trkpt>
   <trkpt lat="43.7072940" lon="5.5168710">
    <ele>220.8</ele>
   </trkpt>
   <trkpt lat="43.7073300" lon="5.5169680">
    <ele>220.9</ele>
   </trkpt>
   <trkpt lat="43.7073650" lon="5.5170760">
    <ele>220.9</ele>
   </trkpt>
   <trkpt lat="43.7074000" lon="5.5171840">
    <ele>221.0</ele>
   </trkpt>
   <trkpt lat="43.7074390" lon="5.5172880">
    <ele>221.1</ele>
   </trkpt>
   <trkpt lat="43.7074830" lon="5.5173910">
    <ele>221.2</ele>
   </trkpt>
   <trkpt lat="43.7075260" lon="5.5174940">
    <ele>221.2</ele>
   </trkpt>
   <trkpt lat="43.7075700" lon="5.5175940">
    <ele>221.3</ele>
   </trkpt>
   <trkpt lat="43.7076080" lon="5.5176930">
    <ele>221.3</ele>
   </trkpt>
   <trkpt lat="43.7076480" lon="5.5177940">
    <ele>221.4</ele>
   </trkpt>
   <trkpt lat="43.7076910" lon="5.5178910">
    <ele>221.4</ele>
   </trkpt>
   <trkpt lat="43.7077360" lon="5.5179950">
    <ele>221.5</ele>
   </trkpt>
   <trkpt lat="43.7077840" lon="5.5181020">
    <ele>221.5</ele>
   </trkpt>
   <trkpt lat="43.7078320" lon="5.5182040">
    <ele>221.6</ele>
   </trkpt>
   <trkpt lat="43.7078800" lon="5.5183080">
    <ele>221.6</ele>
   </trkpt>
   <trkpt lat="43.7079270" lon="5.5184130">
    <ele>221.7</ele>
   </trkpt>
   <trkpt lat="43.7079750" lon="5.5185190">
    <ele>221.7</ele>
   </trkpt>
   <trkpt lat="43.7080220" lon="5.5186250">
    <ele>221.8</ele>
   </trkpt>
   <trkpt lat="43.7080680" lon="5.5187300">
    <ele>221.8</ele>
   </trkpt>
   <trkpt lat="43.7081140" lon="5.5188300">
    <ele>221.9</ele>
   </trkpt>
   <trkpt lat="43.7081610" lon="5.5189280">
    <ele>221.9</ele>
   </trkpt>
   <trkpt lat="43.7082100" lon="5.5190210">
    <ele>222.0</ele>
   </trkpt>
   <trkpt lat="43.7082600" lon="5.5191170">
    <ele>222.1</ele>
   </trkpt>
   <trkpt lat="43.7083060" lon="5.5192050">
    <ele>222.2</ele>
   </trkpt>
   <trkpt lat="43.7083620" lon="5.5192920">
    <ele>222.2</ele>
   </trkpt>
   <trkpt lat="43.7084200" lon="5.5193750">
    <ele>222.3</ele>
   </trkpt>
   <trkpt lat="43.7084760" lon="5.5194630">
    <ele>222.5</ele>
   </trkpt>
   <trkpt lat="43.7085340" lon="5.5195510">
    <ele>222.6</ele>
   </trkpt>
   <trkpt lat="43.7085940" lon="5.5196400">
    <ele>222.7</ele>
   </trkpt>
   <trkpt lat="43.7086550" lon="5.5197290">
    <ele>222.8</ele>
   </trkpt>
   <trkpt lat="43.7087190" lon="5.5198080">
    <ele>222.9</ele>
   </trkpt>
   <trkpt lat="43.7087810" lon="5.5198870">
    <ele>223.0</ele>
   </trkpt>
   <trkpt lat="43.7088420" lon="5.5199670">
    <ele>223.2</ele>
   </trkpt>
   <trkpt lat="43.7089040" lon="5.5200450">
    <ele>223.3</ele>
   </trkpt>
   <trkpt lat="43.7089700" lon="5.5201190">
    <ele>223.5</ele>
   </trkpt>
   <trkpt lat="43.7090310" lon="5.5201910">
    <ele>223.6</ele>
   </trkpt>
   <trkpt lat="43.7090990" lon="5.5202570">
    <ele>223.8</ele>
   </trkpt>
   <trkpt lat="43.7091620" lon="5.5203200">
    <ele>223.9</ele>
   </trkpt>
   <trkpt lat="43.7092300" lon="5.5203880">
    <ele>224.1</ele>
   </trkpt>
   <trkpt lat="43.7092890" lon="5.5204550">
    <ele>224.3</ele>
   </trkpt>
   <trkpt lat="43.7093460" lon="5.5205270">
    <ele>224.4</ele>
   </trkpt>
   <trkpt lat="43.7094110" lon="5.5205970">
    <ele>224.6</ele>
   </trkpt>
   <trkpt lat="43.7094770" lon="5.5206720">
    <ele>224.8</ele>
   </trkpt>
   <trkpt lat="43.7095410" lon="5.5207450">
    <ele>224.9</ele>
   </trkpt>
   <trkpt lat="43.7096000" lon="5.5208120">
    <ele>225.0</ele>
   </trkpt>
   <trkpt lat="43.7096600" lon="5.5208790">
    <ele>225.1</ele>
   </trkpt>
   <trkpt lat="43.7097260" lon="5.5209480">
    <ele>225.2</ele>
   </trkpt>
   <trkpt lat="43.7097940" lon="5.5210160">
    <ele>225.4</ele>
   </trkpt>
   <trkpt lat="43.7098590" lon="5.5210860">
    <ele>225.6</ele>
   </trkpt>
   <trkpt lat="43.7099240" lon="5.5211530">
    <ele>225.8</ele>
   </trkpt>
   <trkpt lat="43.7099820" lon="5.5212200">
    <ele>226.0</ele>
   </trkpt>
   <trkpt lat="43.7100430" lon="5.5212900">
    <ele>226.1</ele>
   </trkpt>
   <trkpt lat="43.7101050" lon="5.5213610">
    <ele>226.3</ele>
   </trkpt>
   <trkpt lat="43.7101650" lon="5.5214290">
    <ele>226.5</ele>
   </trkpt>
   <trkpt lat="43.7102240" lon="5.5214980">
    <ele>226.7</ele>
   </trkpt>
   <trkpt lat="43.7102920" lon="5.5215660">
    <ele>226.9</ele>
   </trkpt>
   <trkpt lat="43.7104200" lon="5.5217050">
    <ele>227.2</ele>
   </trkpt>
   <trkpt lat="43.7104870" lon="5.5217730">
    <ele>227.4</ele>
   </trkpt>
   <trkpt lat="43.7105510" lon="5.5218490">
    <ele>227.6</ele>
   </trkpt>
   <trkpt lat="43.7106110" lon="5.5219200">
    <ele>227.8</ele>
   </trkpt>
   <trkpt lat="43.7106730" lon="5.5219930">
    <ele>228.0</ele>
   </trkpt>
   <trkpt lat="43.7107330" lon="5.5220680">
    <ele>228.2</ele>
   </trkpt>
   <trkpt lat="43.7107990" lon="5.5221320">
    <ele>228.3</ele>
   </trkpt>
   <trkpt lat="43.7108640" lon="5.5221970">
    <ele>228.5</ele>
   </trkpt>
   <trkpt lat="43.7109290" lon="5.5222670">
    <ele>228.6</ele>
   </trkpt>
   <trkpt lat="43.7109960" lon="5.5223350">
    <ele>228.8</ele>
   </trkpt>
   <trkpt lat="43.7110540" lon="5.5224000">
    <ele>228.9</ele>
   </trkpt>
   <trkpt lat="43.7111110" lon="5.5224680">
    <ele>229.0</ele>
   </trkpt>
   <trkpt lat="43.7111650" lon="5.5225290">
    <ele>229.2</ele>
   </trkpt>
   <trkpt lat="43.7112170" lon="5.5225870">
    <ele>229.3</ele>
   </trkpt>
   <trkpt lat="43.7112660" lon="5.5226420">
    <ele>229.4</ele>
   </trkpt>
   <trkpt lat="43.7113170" lon="5.5226970">
    <ele>229.6</ele>
   </trkpt>
   <trkpt lat="43.7113650" lon="5.5227480">
    <ele>229.7</ele>
   </trkpt>
   <trkpt lat="43.7114150" lon="5.5227970">
    <ele>229.8</ele>
   </trkpt>
   <trkpt lat="43.7114680" lon="5.5228470">
    <ele>229.9</ele>
   </trkpt>
   <trkpt lat="43.7115160" lon="5.5229030">
    <ele>230.0</ele>
   </trkpt>
   <trkpt lat="43.7115610" lon="5.5229570">
    <ele>230.2</ele>
   </trkpt>
   <trkpt lat="43.7116000" lon="5.5230070">
    <ele>230.3</ele>
   </trkpt>
   <trkpt lat="43.7116440" lon="5.5230610">
    <ele>230.4</ele>
   </trkpt>
   <trkpt lat="43.7116910" lon="5.5231120">
    <ele>230.5</ele>
   </trkpt>
   <trkpt lat="43.7117370" lon="5.5231530">
    <ele>230.6</ele>
   </trkpt>
   <trkpt lat="43.7117820" lon="5.5232030">
    <ele>230.7</ele>
   </trkpt>
   <trkpt lat="43.7118290" lon="5.5232560">
    <ele>230.8</ele>
   </trkpt>
   <trkpt lat="43.7118700" lon="5.5233090">
    <ele>230.9</ele>
   </trkpt>
   <trkpt lat="43.7119120" lon="5.5233580">
    <ele>231.0</ele>
   </trkpt>
   <trkpt lat="43.7119510" lon="5.5234040">
    <ele>231.1</ele>
   </trkpt>
   <trkpt lat="43.7119830" lon="5.5234490">
    <ele>231.2</ele>
   </trkpt>
   <trkpt lat="43.7120130" lon="5.5234900">
    <ele>231.3</ele>
   </trkpt>
   <trkpt lat="43.7120290" lon="5.5235220">
    <ele>231.4</ele>
   </trkpt>
   <trkpt lat="43.7120280" lon="5.5235350">
    <ele>231.4</ele>
   </trkpt>
   <trkpt lat="43.7120260" lon="5.5235320">
    <ele>231.4</ele>
   </trkpt>
   <trkpt lat="43.7120170" lon="5.5235230">
    <ele>231.5</ele>
   </trkpt>
   <trkpt lat="43.7120060" lon="5.5235140">
    <ele>231.5</ele>
   </trkpt>
   <trkpt lat="43.7119990" lon="5.5235020">
    <ele>231.5</ele>
   </trkpt>
   <trkpt lat="43.7119960" lon="5.5235070">
    <ele>231.5</ele>
   </trkpt>
   <trkpt lat="43.7120020" lon="5.5235140">
    <ele>231.5</ele>
   </trkpt>
   <trkpt lat="43.7120080" lon="5.5235210">
    <ele>231.6</ele>
   </trkpt>
   <trkpt lat="43.7120140" lon="5.5235280">
    <ele>231.6</ele>
   </trkpt>
   <trkpt lat="43.7120200" lon="5.5235350">
    <ele>231.6</ele>
   </trkpt>
   <trkpt lat="43.7120260" lon="5.5235420">
    <ele>231.6</ele>
   </trkpt>
   <trkpt lat="43.7120320" lon="5.5235500">
    <ele>231.6</ele>
   </trkpt>
   <trkpt lat="43.7120380" lon="5.5235570">
    <ele>231.7</ele>
   </trkpt>
   <trkpt lat="43.7120440" lon="5.5235640">
    <ele>231.7</ele>
   </trkpt>
   <trkpt lat="43.7120500" lon="5.5235710">
    <ele>231.7</ele>
   </trkpt>
   <trkpt lat="43.7120560" lon="5.5235780">
    <ele>231.7</ele>
   </trkpt>
   <trkpt lat="43.7120620" lon="5.5235850">
    <ele>231.7</ele>
   </trkpt>
   <trkpt lat="43.7120680" lon="5.5235920">
    <ele>231.8</ele>
   </trkpt>
   <trkpt lat="43.7120920" lon="5.5236340">
    <ele>231.9</ele>
   </trkpt>
   <trkpt lat="43.7121020" lon="5.5236490">
    <ele>231.9</ele>
   </trkpt>
   <trkpt lat="43.7121290" lon="5.5236850">
    <ele>232.0</ele>
   </trkpt>
   <trkpt lat="43.7121540" lon="5.5237170">
    <ele>232.1</ele>
   </trkpt>
   <trkpt lat="43.7121820" lon="5.5237730">
    <ele>232.2</ele>
   </trkpt>
   <trkpt lat="43.7122110" lon="5.5238280">
    <ele>232.3</ele>
   </trkpt>
   <trkpt lat="43.7122460" lon="5.5238880">
    <ele>232.4</ele>
   </trkpt>
   <trkpt lat="43.7122870" lon="5.5239470">
    <ele>232.5</ele>
   </trkpt>
   <trkpt lat="43.7123210" lon="5.5240030">
    <ele>232.7</ele>
   </trkpt>
   <trkpt lat="43.7123580" lon="5.5240640">
    <ele>232.8</ele>
   </trkpt>
   <trkpt lat="43.7123910" lon="5.5241280">
    <ele>232.9</ele>
   </trkpt>
   <trkpt lat="43.7124220" lon="5.5241900">
    <ele>233.1</ele>
   </trkpt>
   <trkpt lat="43.7124550" lon="5.5242540">
    <ele>233.2</ele>
   </trkpt>
   <trkpt lat="43.7124880" lon="5.5243250">
    <ele>233.3</ele>
   </trkpt>
   <trkpt lat="43.7125150" lon="5.5243970">
    <ele>233.4</ele>
   </trkpt>
   <trkpt lat="43.7125460" lon="5.5244650">
    <ele>233.5</ele>
   </trkpt>
   <trkpt lat="43.7125780" lon="5.5245380">
    <ele>233.6</ele>
   </trkpt>
   <trkpt lat="43.7126100" lon="5.5246110">
    <ele>233.7</ele>
   </trkpt>
   <trkpt lat="43.7126350" lon="5.5246820">
    <ele>233.8</ele>
   </trkpt>
   <trkpt lat="43.7126500" lon="5.5247600">
    <ele>233.9</ele>
   </trkpt>
   <trkpt lat="43.7126690" lon="5.5248450">
    <ele>234.1</ele>
   </trkpt>
   <trkpt lat="43.7126960" lon="5.5249240">
    <ele>234.2</ele>
   </trkpt>
   <trkpt lat="43.7127240" lon="5.5249990">
    <ele>234.4</ele>
   </trkpt>
   <trkpt lat="43.7127530" lon="5.5250810">
    <ele>234.5</ele>
   </trkpt>
   <trkpt lat="43.7127800" lon="5.5251630">
    <ele>234.6</ele>
   </trkpt>
   <trkpt lat="43.7128090" lon="5.5252390">
    <ele>234.8</ele>
   </trkpt>
   <trkpt lat="43.7128380" lon="5.5253190">
    <ele>234.9</ele>
   </trkpt>
   <trkpt lat="43.7128650" lon="5.5253990">
    <ele>235.1</ele>
   </trkpt>
   <trkpt lat="43.7128920" lon="5.5254850">
    <ele>235.2</ele>
   </trkpt>
   <trkpt lat="43.7129160" lon="5.5255670">
    <ele>235.4</ele>
   </trkpt>
   <trkpt lat="43.7129420" lon="5.5256470">
    <ele>235.5</ele>
   </trkpt>
   <trkpt lat="43.7129690" lon="5.5257280">
    <ele>235.6</ele>
   </trkpt>
   <trkpt lat="43.7129930" lon="5.5258050">
    <ele>235.8</ele>
   </trkpt>
   <trkpt lat="43.7130190" lon="5.5258880">
    <ele>235.9</ele>
   </trkpt>
   <trkpt lat="43.7130430" lon="5.5259710">
    <ele>236.0</ele>
   </trkpt>
   <trkpt lat="43.7130710" lon="5.5260500">
    <ele>236.1</ele>
   </trkpt>
   <trkpt lat="43.7131020" lon="5.5261260">
    <ele>236.3</ele>
   </trkpt>
   <trkpt lat="43.7131320" lon="5.5262020">
    <ele>236.4</ele>
   </trkpt>
   <trkpt lat="43.7131580" lon="5.5262770">
    <ele>236.5</ele>
   </trkpt>
   <trkpt lat="43.7131850" lon="5.5263540">
    <ele>236.6</ele>
   </trkpt>
   <trkpt lat="43.7132170" lon="5.5264250">
    <ele>236.7</ele>
   </trkpt>
   <trkpt lat="43.7132440" lon="5.5265020">
    <ele>236.8</ele>
   </trkpt>
   <trkpt lat="43.7132760" lon="5.5265860">
    <ele>236.9</ele>
   </trkpt>
   <trkpt lat="43.7133090" lon="5.5266610">
    <ele>237.0</ele>
   </trkpt>
   <trkpt lat="43.7133510" lon="5.5267320">
    <ele>237.1</ele>
   </trkpt>
   <trkpt lat="43.7133950" lon="5.5268060">
    <ele>237.2</ele>
   </trkpt>
   <trkpt lat="43.7134360" lon="5.5268750">
    <ele>237.3</ele>
   </trkpt>
   <trkpt lat="43.7134770" lon="5.5269460">
    <ele>237.4</ele>
   </trkpt>
   <trkpt lat="43.7135160" lon="5.5270200">
    <ele>237.5</ele>
   </trkpt>
   <trkpt lat="43.7135530" lon="5.5270900">
    <ele>237.6</ele>
   </trkpt>
   <trkpt lat="43.7135900" lon="5.5271620">
    <ele>237.7</ele>
   </trkpt>
   <trkpt lat="43.7136260" lon="5.5272330">
    <ele>237.9</ele>
   </trkpt>
   <trkpt lat="43.7136610" lon="5.5273080">
    <ele>238.0</ele>
   </trkpt>
   <trkpt lat="43.7136980" lon="5.5273830">
    <ele>238.1</ele>
   </trkpt>
   <trkpt lat="43.7137330" lon="5.5274540">
    <ele>238.2</ele>
   </trkpt>
   <trkpt lat="43.7137670" lon="5.5275250">
    <ele>238.3</ele>
   </trkpt>
   <trkpt lat="43.7138020" lon="5.5275980">
    <ele>238.3</ele>
   </trkpt>
   <trkpt lat="43.7138370" lon="5.5276720">
    <ele>238.4</ele>
   </trkpt>
   <trkpt lat="43.7138720" lon="5.5277470">
    <ele>238.5</ele>
   </trkpt>
   <trkpt lat="43.7139090" lon="5.5278170">
    <ele>238.5</ele>
   </trkpt>
   <trkpt lat="43.7139500" lon="5.5278810">
    <ele>238.6</ele>
   </trkpt>
   <trkpt lat="43.7139850" lon="5.5279500">
    <ele>238.7</ele>
   </trkpt>
   <trkpt lat="43.7140200" lon="5.5280230">
    <ele>238.7</ele>
   </trkpt>
   <trkpt lat="43.7140540" lon="5.5280960">
    <ele>238.8</ele>
   </trkpt>
   <trkpt lat="43.7140880" lon="5.5281710">
    <ele>238.9</ele>
   </trkpt>
   <trkpt lat="43.7141240" lon="5.5282440">
    <ele>239.0</ele>
   </trkpt>
   <trkpt lat="43.7141610" lon="5.5283120">
    <ele>239.0</ele>
   </trkpt>
   <trkpt lat="43.7141970" lon="5.5283790">
    <ele>239.1</ele>
   </trkpt>
   <trkpt lat="43.7142300" lon="5.5284460">
    <ele>239.2</ele>
   </trkpt>
   <trkpt lat="43.7142610" lon="5.5285100">
    <ele>239.2</ele>
   </trkpt>
   <trkpt lat="43.7142920" lon="5.5285710">
    <ele>239.3</ele>
   </trkpt>
   <trkpt lat="43.7143240" lon="5.5286290">
    <ele>239.4</ele>
   </trkpt>
   <trkpt lat="43.7143590" lon="5.5286920">
    <ele>239.4</ele>
   </trkpt>
   <trkpt lat="43.7143950" lon="5.5287540">
    <ele>239.4</ele>
   </trkpt>
   <trkpt lat="43.7144320" lon="5.5288170">
    <ele>239.5</ele>
   </trkpt>
   <trkpt lat="43.7144640" lon="5.5288780">
    <ele>239.5</ele>
   </trkpt>
   <trkpt lat="43.7144950" lon="5.5289400">
    <ele>239.5</ele>
   </trkpt>
   <trkpt lat="43.7145270" lon="5.5290040">
    <ele>239.5</ele>
   </trkpt>
   <trkpt lat="43.7145610" lon="5.5290650">
    <ele>239.5</ele>
   </trkpt>
   <trkpt lat="43.7145970" lon="5.5291340">
    <ele>239.5</ele>
   </trkpt>
   <trkpt lat="43.7146310" lon="5.5291970">
    <ele>239.5</ele>
   </trkpt>
   <trkpt lat="43.7146660" lon="5.5292600">
    <ele>239.4</ele>
   </trkpt>
   <trkpt lat="43.7146980" lon="5.5293280">
    <ele>239.4</ele>
   </trkpt>
   <trkpt lat="43.7147640" lon="5.5294700">
    <ele>239.3</ele>
   </trkpt>
   <trkpt lat="43.7147990" lon="5.5295440">
    <ele>239.2</ele>
   </trkpt>
   <trkpt lat="43.7148310" lon="5.5296170">
    <ele>239.1</ele>
   </trkpt>
   <trkpt lat="43.7148680" lon="5.5296920">
    <ele>238.9</ele>
   </trkpt>
   <trkpt lat="43.7149020" lon="5.5297640">
    <ele>238.8</ele>
   </trkpt>
   <trkpt lat="43.7149320" lon="5.5298380">
    <ele>238.7</ele>
   </trkpt>
   <trkpt lat="43.7149640" lon="5.5299130">
    <ele>238.6</ele>
   </trkpt>
   <trkpt lat="43.7150040" lon="5.5299850">
    <ele>238.4</ele>
   </trkpt>
   <trkpt lat="43.7150400" lon="5.5300650">
    <ele>238.3</ele>
   </trkpt>
   <trkpt lat="43.7150750" lon="5.5301450">
    <ele>238.3</ele>
   </trkpt>
   <trkpt lat="43.7151080" lon="5.5302300">
    <ele>238.2</ele>
   </trkpt>
   <trkpt lat="43.7151750" lon="5.5303770">
    <ele>238.0</ele>
   </trkpt>
   <trkpt lat="43.7152110" lon="5.5304580">
    <ele>237.9</ele>
   </trkpt>
   <trkpt lat="43.7152480" lon="5.5305400">
    <ele>237.7</ele>
   </trkpt>
   <trkpt lat="43.7152830" lon="5.5306220">
    <ele>237.6</ele>
   </trkpt>
   <trkpt lat="43.7153200" lon="5.5307060">
    <ele>237.5</ele>
   </trkpt>
   <trkpt lat="43.7153550" lon="5.5307810">
    <ele>237.4</ele>
   </trkpt>
   <trkpt lat="43.7153890" lon="5.5308650">
    <ele>237.2</ele>
   </trkpt>
   <trkpt lat="43.7154240" lon="5.5309490">
    <ele>237.1</ele>
   </trkpt>
   <trkpt lat="43.7154550" lon="5.5310260">
    <ele>237.0</ele>
   </trkpt>
   <trkpt lat="43.7154890" lon="5.5311030">
    <ele>236.8</ele>
   </trkpt>
   <trkpt lat="43.7155230" lon="5.5311780">
    <ele>236.8</ele>
   </trkpt>
   <trkpt lat="43.7155550" lon="5.5312570">
    <ele>236.8</ele>
   </trkpt>
   <trkpt lat="43.7155900" lon="5.5313330">
    <ele>236.7</ele>
   </trkpt>
   <trkpt lat="43.7156250" lon="5.5314150">
    <ele>236.5</ele>
   </trkpt>
   <trkpt lat="43.7156540" lon="5.5314950">
    <ele>236.3</ele>
   </trkpt>
   <trkpt lat="43.7156820" lon="5.5315660">
    <ele>236.2</ele>
   </trkpt>
   <trkpt lat="43.7157160" lon="5.5316370">
    <ele>236.1</ele>
   </trkpt>
   <trkpt lat="43.7157500" lon="5.5317110">
    <ele>235.9</ele>
   </trkpt>
   <trkpt lat="43.7157800" lon="5.5317780">
    <ele>235.8</ele>
   </trkpt>
   <trkpt lat="43.7158130" lon="5.5318400">
    <ele>235.7</ele>
   </trkpt>
   <trkpt lat="43.7158450" lon="5.5319070">
    <ele>235.6</ele>
   </trkpt>
   <trkpt lat="43.7158760" lon="5.5319780">
    <ele>235.5</ele>
   </trkpt>
   <trkpt lat="43.7159060" lon="5.5320540">
    <ele>235.5</ele>
   </trkpt>
   <trkpt lat="43.7159360" lon="5.5321290">
    <ele>235.4</ele>
   </trkpt>
   <trkpt lat="43.7159680" lon="5.5321990">
    <ele>235.3</ele>
   </trkpt>
   <trkpt lat="43.7160310" lon="5.5323440">
    <ele>235.2</ele>
   </trkpt>
   <trkpt lat="43.7160620" lon="5.5324210">
    <ele>235.2</ele>
   </trkpt>
   <trkpt lat="43.7160960" lon="5.5324980">
    <ele>235.2</ele>
   </trkpt>
   <trkpt lat="43.7161300" lon="5.5325750">
    <ele>235.1</ele>
   </trkpt>
   <trkpt lat="43.7161660" lon="5.5326530">
    <ele>235.1</ele>
   </trkpt>
   <trkpt lat="43.7161970" lon="5.5327330">
    <ele>235.1</ele>
   </trkpt>
   <trkpt lat="43.7162290" lon="5.5328140">
    <ele>235.0</ele>
   </trkpt>
   <trkpt lat="43.7162630" lon="5.5328890">
    <ele>235.0</ele>
   </trkpt>
   <trkpt lat="43.7162970" lon="5.5329650">
    <ele>235.0</ele>
   </trkpt>
   <trkpt lat="43.7163310" lon="5.5330430">
    <ele>235.0</ele>
   </trkpt>
   <trkpt lat="43.7163650" lon="5.5331200">
    <ele>234.9</ele>
   </trkpt>
   <trkpt lat="43.7163970" lon="5.5331980">
    <ele>234.9</ele>
   </trkpt>
   <trkpt lat="43.7164310" lon="5.5332760">
    <ele>234.9</ele>
   </trkpt>
   <trkpt lat="43.7164710" lon="5.5333560">
    <ele>234.9</ele>
   </trkpt>
   <trkpt lat="43.7165060" lon="5.5334370">
    <ele>234.9</ele>
   </trkpt>
   <trkpt lat="43.7165420" lon="5.5335180">
    <ele>234.9</ele>
   </trkpt>
   <trkpt lat="43.7165790" lon="5.5335970">
    <ele>234.9</ele>
   </trkpt>
   <trkpt lat="43.7166160" lon="5.5336780">
    <ele>234.9</ele>
   </trkpt>
   <trkpt lat="43.7166480" lon="5.5337590">
    <ele>235.0</ele>
   </trkpt>
   <trkpt lat="43.7166780" lon="5.5338360">
    <ele>235.0</ele>
   </trkpt>
   <trkpt lat="43.7167090" lon="5.5339120">
    <ele>235.1</ele>
   </trkpt>
   <trkpt lat="43.7167410" lon="5.5339880">
    <ele>235.1</ele>
   </trkpt>
   <trkpt lat="43.7167740" lon="5.5340650">
    <ele>235.2</ele>
   </trkpt>
   <trkpt lat="43.7168070" lon="5.5341370">
    <ele>235.2</ele>
   </trkpt>
   <trkpt lat="43.7168400" lon="5.5342120">
    <ele>235.3</ele>
   </trkpt>
   <trkpt lat="43.7168740" lon="5.5342890">
    <ele>235.4</ele>
   </trkpt>
   <trkpt lat="43.7169060" lon="5.5343650">
    <ele>235.4</ele>
   </trkpt>
   <trkpt lat="43.7169380" lon="5.5344380">
    <ele>235.5</ele>
   </trkpt>
   <trkpt lat="43.7169720" lon="5.5345110">
    <ele>235.6</ele>
   </trkpt>
   <trkpt lat="43.7170040" lon="5.5345800">
    <ele>235.7</ele>
   </trkpt>
   <trkpt lat="43.7170370" lon="5.5346480">
    <ele>235.8</ele>
   </trkpt>
   <trkpt lat="43.7170740" lon="5.5347160">
    <ele>235.9</ele>
   </trkpt>
   <trkpt lat="43.7171070" lon="5.5347770">
    <ele>236.0</ele>
   </trkpt>
   <trkpt lat="43.7171390" lon="5.5348330">
    <ele>236.1</ele>
   </trkpt>
   <trkpt lat="43.7171720" lon="5.5348900">
    <ele>236.2</ele>
   </trkpt>
   <trkpt lat="43.7172100" lon="5.5349470">
    <ele>236.3</ele>
   </trkpt>
   <trkpt lat="43.7172470" lon="5.5350070">
    <ele>236.3</ele>
   </trkpt>
   <trkpt lat="43.7172810" lon="5.5350680">
    <ele>236.4</ele>
   </trkpt>
   <trkpt lat="43.7173220" lon="5.5351290">
    <ele>236.5</ele>
   </trkpt>
   <trkpt lat="43.7174040" lon="5.5352440">
    <ele>236.7</ele>
   </trkpt>
   <trkpt lat="43.7174880" lon="5.5353510">
    <ele>236.9</ele>
   </trkpt>
   <trkpt lat="43.7175330" lon="5.5354080">
    <ele>237.0</ele>
   </trkpt>
   <trkpt lat="43.7175740" lon="5.5354660">
    <ele>237.2</ele>
   </trkpt>
   <trkpt lat="43.7176150" lon="5.5355250">
    <ele>237.3</ele>
   </trkpt>
   <trkpt lat="43.7176540" lon="5.5355840">
    <ele>237.4</ele>
   </trkpt>
   <trkpt lat="43.7176920" lon="5.5356470">
    <ele>237.4</ele>
   </trkpt>
   <trkpt lat="43.7177300" lon="5.5357090">
    <ele>237.5</ele>
   </trkpt>
   <trkpt lat="43.7177690" lon="5.5357750">
    <ele>237.6</ele>
   </trkpt>
   <trkpt lat="43.7178100" lon="5.5358450">
    <ele>237.7</ele>
   </trkpt>
   <trkpt lat="43.7178510" lon="5.5359200">
    <ele>237.8</ele>
   </trkpt>
   <trkpt lat="43.7178950" lon="5.5359970">
    <ele>237.9</ele>
   </trkpt>
   <trkpt lat="43.7179370" lon="5.5360740">
    <ele>238.0</ele>
   </trkpt>
   <trkpt lat="43.7179800" lon="5.5361510">
    <ele>238.1</ele>
   </trkpt>
   <trkpt lat="43.7180210" lon="5.5362310">
    <ele>238.2</ele>
   </trkpt>
   <trkpt lat="43.7180940" lon="5.5363910">
    <ele>238.4</ele>
   </trkpt>
   <trkpt lat="43.7181270" lon="5.5364780">
    <ele>238.5</ele>
   </trkpt>
   <trkpt lat="43.7181550" lon="5.5365720">
    <ele>238.6</ele>
   </trkpt>
   <trkpt lat="43.7181790" lon="5.5366620">
    <ele>238.7</ele>
   </trkpt>
   <trkpt lat="43.7182030" lon="5.5367500">
    <ele>238.8</ele>
   </trkpt>
   <trkpt lat="43.7182260" lon="5.5368390">
    <ele>238.9</ele>
   </trkpt>
   <trkpt lat="43.7182500" lon="5.5369300">
    <ele>239.1</ele>
   </trkpt>
   <trkpt lat="43.7182710" lon="5.5370220">
    <ele>239.2</ele>
   </trkpt>
   <trkpt lat="43.7182950" lon="5.5371150">
    <ele>239.3</ele>
   </trkpt>
   <trkpt lat="43.7183170" lon="5.5372030">
    <ele>239.4</ele>
   </trkpt>
   <trkpt lat="43.7183360" lon="5.5372950">
    <ele>239.5</ele>
   </trkpt>
   <trkpt lat="43.7183560" lon="5.5373820">
    <ele>239.6</ele>
   </trkpt>
   <trkpt lat="43.7184040" lon="5.5375660">
    <ele>239.9</ele>
   </trkpt>
   <trkpt lat="43.7184240" lon="5.5376530">
    <ele>240.0</ele>
   </trkpt>
   <trkpt lat="43.7184470" lon="5.5377390">
    <ele>240.1</ele>
   </trkpt>
   <trkpt lat="43.7184750" lon="5.5378180">
    <ele>240.2</ele>
   </trkpt>
   <trkpt lat="43.7185010" lon="5.5378950">
    <ele>240.3</ele>
   </trkpt>
   <trkpt lat="43.7185250" lon="5.5379790">
    <ele>240.4</ele>
   </trkpt>
   <trkpt lat="43.7185470" lon="5.5380670">
    <ele>240.5</ele>
   </trkpt>
   <trkpt lat="43.7185740" lon="5.5381510">
    <ele>240.6</ele>
   </trkpt>
   <trkpt lat="43.7186040" lon="5.5382310">
    <ele>240.7</ele>
   </trkpt>
   <trkpt lat="43.7186370" lon="5.5383130">
    <ele>240.8</ele>
   </trkpt>
   <trkpt lat="43.7186950" lon="5.5384690">
    <ele>241.0</ele>
   </trkpt>
   <trkpt lat="43.7187250" lon="5.5385430">
    <ele>241.1</ele>
   </trkpt>
   <trkpt lat="43.7187530" lon="5.5386220">
    <ele>241.2</ele>
   </trkpt>
   <trkpt lat="43.7187850" lon="5.5386960">
    <ele>241.3</ele>
   </trkpt>
   <trkpt lat="43.7188190" lon="5.5387670">
    <ele>241.4</ele>
   </trkpt>
   <trkpt lat="43.7188540" lon="5.5388390">
    <ele>241.5</ele>
   </trkpt>
   <trkpt lat="43.7188920" lon="5.5389150">
    <ele>241.6</ele>
   </trkpt>
   <trkpt lat="43.7189270" lon="5.5389930">
    <ele>241.7</ele>
   </trkpt>
   <trkpt lat="43.7189630" lon="5.5390630">
    <ele>241.7</ele>
   </trkpt>
   <trkpt lat="43.7190020" lon="5.5391290">
    <ele>241.7</ele>
   </trkpt>
   <trkpt lat="43.7190360" lon="5.5392000">
    <ele>241.6</ele>
   </trkpt>
   <trkpt lat="43.7190680" lon="5.5392720">
    <ele>241.6</ele>
   </trkpt>
   <trkpt lat="43.7190990" lon="5.5393430">
    <ele>241.6</ele>
   </trkpt>
   <trkpt lat="43.7191280" lon="5.5394160">
    <ele>241.7</ele>
   </trkpt>
   <trkpt lat="43.7191490" lon="5.5395000">
    <ele>241.7</ele>
   </trkpt>
   <trkpt lat="43.7191630" lon="5.5395830">
    <ele>241.8</ele>
   </trkpt>
   <trkpt lat="43.7191790" lon="5.5396610">
    <ele>241.8</ele>
   </trkpt>
   <trkpt lat="43.7192100" lon="5.5397350">
    <ele>241.8</ele>
   </trkpt>
   <trkpt lat="43.7192530" lon="5.5397890">
    <ele>241.9</ele>
   </trkpt>
   <trkpt lat="43.7193050" lon="5.5398280">
    <ele>241.9</ele>
   </trkpt>
   <trkpt lat="43.7193610" lon="5.5398600">
    <ele>242.0</ele>
   </trkpt>
   <trkpt lat="43.7194160" lon="5.5398830">
    <ele>242.0</ele>
   </trkpt>
   <trkpt lat="43.7194730" lon="5.5399040">
    <ele>242.1</ele>
   </trkpt>
   <trkpt lat="43.7195280" lon="5.5399320">
    <ele>242.2</ele>
   </trkpt>
   <trkpt lat="43.7195770" lon="5.5399680">
    <ele>242.2</ele>
   </trkpt>
   <trkpt lat="43.7196260" lon="5.5400060">
    <ele>242.3</ele>
   </trkpt>
   <trkpt lat="43.7196750" lon="5.5400480">
    <ele>242.4</ele>
   </trkpt>
   <trkpt lat="43.7197220" lon="5.5400910">
    <ele>242.6</ele>
   </trkpt>
   <trkpt lat="43.7197700" lon="5.5401350">
    <ele>242.7</ele>
   </trkpt>
   <trkpt lat="43.7198210" lon="5.5401760">
    <ele>242.7</ele>
   </trkpt>
   <trkpt lat="43.7198690" lon="5.5402180">
    <ele>242.8</ele>
   </trkpt>
   <trkpt lat="43.7199180" lon="5.5402580">
    <ele>242.9</ele>
   </trkpt>
   <trkpt lat="43.7199680" lon="5.5402990">
    <ele>243.0</ele>
   </trkpt>
   <trkpt lat="43.7200180" lon="5.5403420">
    <ele>243.0</ele>
   </trkpt>
   <trkpt lat="43.7200680" lon="5.5403810">
    <ele>243.1</ele>
   </trkpt>
   <trkpt lat="43.7201180" lon="5.5404190">
    <ele>243.2</ele>
   </trkpt>
   <trkpt lat="43.7201660" lon="5.5404580">
    <ele>243.2</ele>
   </trkpt>
   <trkpt lat="43.7202160" lon="5.5405000">
    <ele>243.2</ele>
   </trkpt>
   <trkpt lat="43.7202670" lon="5.5405390">
    <ele>243.3</ele>
   </trkpt>
   <trkpt lat="43.7203160" lon="5.5405790">
    <ele>243.3</ele>
   </trkpt>
   <trkpt lat="43.7203640" lon="5.5406180">
    <ele>243.3</ele>
   </trkpt>
   <trkpt lat="43.7204140" lon="5.5406600">
    <ele>243.4</ele>
   </trkpt>
   <trkpt lat="43.7205060" lon="5.5407550">
    <ele>243.5</ele>
   </trkpt>
   <trkpt lat="43.7205550" lon="5.5408060">
    <ele>243.5</ele>
   </trkpt>
   <trkpt lat="43.7206040" lon="5.5408530">
    <ele>243.6</ele>
   </trkpt>
   <trkpt lat="43.7206450" lon="5.5409050">
    <ele>243.6</ele>
   </trkpt>
   <trkpt lat="43.7206860" lon="5.5409580">
    <ele>243.6</ele>
   </trkpt>
   <trkpt lat="43.7207290" lon="5.5410120">
    <ele>243.7</ele>
   </trkpt>
   <trkpt lat="43.7207690" lon="5.5410670">
    <ele>243.7</ele>
   </trkpt>
   <trkpt lat="43.7208180" lon="5.5411250">
    <ele>243.8</ele>
   </trkpt>
   <trkpt lat="43.7208590" lon="5.5411840">
    <ele>243.8</ele>
   </trkpt>
   <trkpt lat="43.7209020" lon="5.5412480">
    <ele>243.9</ele>
   </trkpt>
   <trkpt lat="43.7209910" lon="5.5413690">
    <ele>244.0</ele>
   </trkpt>
   <trkpt lat="43.7210320" lon="5.5414250">
    <ele>244.1</ele>
   </trkpt>
   <trkpt lat="43.7210750" lon="5.5414780">
    <ele>244.1</ele>
   </trkpt>
   <trkpt lat="43.7211170" lon="5.5415330">
    <ele>244.2</ele>
   </trkpt>
   <trkpt lat="43.7211590" lon="5.5415910">
    <ele>244.2</ele>
   </trkpt>
   <trkpt lat="43.7211990" lon="5.5416470">
    <ele>244.2</ele>
   </trkpt>
   <trkpt lat="43.7212420" lon="5.5416990">
    <ele>244.3</ele>
   </trkpt>
   <trkpt lat="43.7212860" lon="5.5417490">
    <ele>244.3</ele>
   </trkpt>
   <trkpt lat="43.7213270" lon="5.5418030">
    <ele>244.3</ele>
   </trkpt>
   <trkpt lat="43.7213660" lon="5.5418610">
    <ele>244.4</ele>
   </trkpt>
   <trkpt lat="43.7214060" lon="5.5419160">
    <ele>244.4</ele>
   </trkpt>
   <trkpt lat="43.7214480" lon="5.5419610">
    <ele>244.5</ele>
   </trkpt>
   <trkpt lat="43.7214840" lon="5.5420110">
    <ele>244.5</ele>
   </trkpt>
   <trkpt lat="43.7215200" lon="5.5420680">
    <ele>244.6</ele>
   </trkpt>
   <trkpt lat="43.7215590" lon="5.5421270">
    <ele>244.6</ele>
   </trkpt>
   <trkpt lat="43.7216020" lon="5.5421850">
    <ele>244.7</ele>
   </trkpt>
   <trkpt lat="43.7216440" lon="5.5422420">
    <ele>244.8</ele>
   </trkpt>
   <trkpt lat="43.7216840" lon="5.5423000">
    <ele>244.8</ele>
   </trkpt>
   <trkpt lat="43.7217240" lon="5.5423510">
    <ele>244.9</ele>
   </trkpt>
   <trkpt lat="43.7217640" lon="5.5424070">
    <ele>244.9</ele>
   </trkpt>
   <trkpt lat="43.7218060" lon="5.5424680">
    <ele>245.0</ele>
   </trkpt>
   <trkpt lat="43.7218460" lon="5.5425230">
    <ele>245.1</ele>
   </trkpt>
   <trkpt lat="43.7218890" lon="5.5425770">
    <ele>245.1</ele>
   </trkpt>
   <trkpt lat="43.7219280" lon="5.5426270">
    <ele>245.2</ele>
   </trkpt>
   <trkpt lat="43.7219640" lon="5.5426740">
    <ele>245.2</ele>
   </trkpt>
   <trkpt lat="43.7220060" lon="5.5427250">
    <ele>245.2</ele>
   </trkpt>
   <trkpt lat="43.7220460" lon="5.5427820">
    <ele>245.2</ele>
   </trkpt>
   <trkpt lat="43.7220820" lon="5.5428440">
    <ele>245.3</ele>
   </trkpt>
   <trkpt lat="43.7221200" lon="5.5429060">
    <ele>245.3</ele>
   </trkpt>
   <trkpt lat="43.7221580" lon="5.5429560">
    <ele>245.3</ele>
   </trkpt>
   <trkpt lat="43.7221960" lon="5.5430070">
    <ele>245.4</ele>
   </trkpt>
   <trkpt lat="43.7222340" lon="5.5430550">
    <ele>245.4</ele>
   </trkpt>
   <trkpt lat="43.7222800" lon="5.5431040">
    <ele>245.5</ele>
   </trkpt>
   <trkpt lat="43.7223210" lon="5.5431600">
    <ele>245.5</ele>
   </trkpt>
   <trkpt lat="43.7223610" lon="5.5432130">
    <ele>245.5</ele>
   </trkpt>
   <trkpt lat="43.7224100" lon="5.5432560">
    <ele>245.5</ele>
   </trkpt>
   <trkpt lat="43.7224510" lon="5.5432990">
    <ele>245.5</ele>
   </trkpt>
   <trkpt lat="43.7224820" lon="5.5433490">
    <ele>245.6</ele>
   </trkpt>
   <trkpt lat="43.7225140" lon="5.5434070">
    <ele>245.5</ele>
   </trkpt>
   <trkpt lat="43.7225530" lon="5.5436060">
    <ele>245.5</ele>
   </trkpt>
   <trkpt lat="43.7225530" lon="5.5436440">
    <ele>245.4</ele>
   </trkpt>
   <trkpt lat="43.7225460" lon="5.5437250">
    <ele>245.4</ele>
   </trkpt>
   <trkpt lat="43.7225430" lon="5.5438130">
    <ele>245.4</ele>
   </trkpt>
   <trkpt lat="43.7225210" lon="5.5438980">
    <ele>245.3</ele>
   </trkpt>
   <trkpt lat="43.7224850" lon="5.5439710">
    <ele>245.3</ele>
   </trkpt>
   <trkpt lat="43.7224440" lon="5.5440590">
    <ele>245.3</ele>
   </trkpt>
   <trkpt lat="43.7224110" lon="5.5441390">
    <ele>245.3</ele>
   </trkpt>
   <trkpt lat="43.7223750" lon="5.5442160">
    <ele>245.3</ele>
   </trkpt>
   <trkpt lat="43.7223400" lon="5.5442960">
    <ele>245.3</ele>
   </trkpt>
   <trkpt lat="43.7223040" lon="5.5443770">
    <ele>245.4</ele>
   </trkpt>
   <trkpt lat="43.7222760" lon="5.5444630">
    <ele>245.4</ele>
   </trkpt>
   <trkpt lat="43.7222560" lon="5.5445510">
    <ele>245.5</ele>
   </trkpt>
   <trkpt lat="43.7222550" lon="5.5446460">
    <ele>245.5</ele>
   </trkpt>
   <trkpt lat="43.7222720" lon="5.5447300">
    <ele>245.6</ele>
   </trkpt>
   <trkpt lat="43.7222940" lon="5.5448120">
    <ele>245.7</ele>
   </trkpt>
   <trkpt lat="43.7223240" lon="5.5448890">
    <ele>245.8</ele>
   </trkpt>
   <trkpt lat="43.7223620" lon="5.5449610">
    <ele>245.9</ele>
   </trkpt>
   <trkpt lat="43.7224090" lon="5.5450170">
    <ele>246.1</ele>
   </trkpt>
   <trkpt lat="43.7224490" lon="5.5450650">
    <ele>246.3</ele>
   </trkpt>
   <trkpt lat="43.7224880" lon="5.5451120">
    <ele>246.4</ele>
   </trkpt>
   <trkpt lat="43.7225280" lon="5.5451630">
    <ele>246.6</ele>
   </trkpt>
   <trkpt lat="43.7225650" lon="5.5452140">
    <ele>246.8</ele>
   </trkpt>
   <trkpt lat="43.7226040" lon="5.5452640">
    <ele>247.0</ele>
   </trkpt>
   <trkpt lat="43.7226440" lon="5.5453160">
    <ele>247.2</ele>
   </trkpt>
   <trkpt lat="43.7226870" lon="5.5453640">
    <ele>247.4</ele>
   </trkpt>
   <trkpt lat="43.7227320" lon="5.5454080">
    <ele>247.6</ele>
   </trkpt>
   <trkpt lat="43.7227710" lon="5.5454540">
    <ele>247.8</ele>
   </trkpt>
   <trkpt lat="43.7228080" lon="5.5455070">
    <ele>247.5</ele>
   </trkpt>
   <trkpt lat="43.7228400" lon="5.5455560">
    <ele>247.4</ele>
   </trkpt>
   <trkpt lat="43.7228610" lon="5.5456100">
    <ele>247.7</ele>
   </trkpt>
   <trkpt lat="43.7228780" lon="5.5456770">
    <ele>248.0</ele>
   </trkpt>
   <trkpt lat="43.7228850" lon="5.5457570">
    <ele>248.2</ele>
   </trkpt>
   <trkpt lat="43.7229080" lon="5.5458200">
    <ele>248.3</ele>
   </trkpt>
   <trkpt lat="43.7229380" lon="5.5458780">
    <ele>248.5</ele>
   </trkpt>
   <trkpt lat="43.7229670" lon="5.5459370">
    <ele>248.7</ele>
   </trkpt>
   <trkpt lat="43.7229800" lon="5.5460020">
    <ele>249.0</ele>
   </trkpt>
   <trkpt lat="43.7229810" lon="5.5460690">
    <ele>250.2</ele>
   </trkpt>
   <trkpt lat="43.7229830" lon="5.5461390">
    <ele>251.1</ele>
   </trkpt>
   <trkpt lat="43.7229950" lon="5.5462000">
    <ele>251.2</ele>
   </trkpt>
   <trkpt lat="43.7230120" lon="5.5462580">
    <ele>251.3</ele>
   </trkpt>
   <trkpt lat="43.7230270" lon="5.5463110">
    <ele>251.4</ele>
   </trkpt>
   <trkpt lat="43.7230480" lon="5.5463510">
    <ele>251.4</ele>
   </trkpt>
   <trkpt lat="43.7230680" lon="5.5463850">
    <ele>251.5</ele>
   </trkpt>
   <trkpt lat="43.7230940" lon="5.5464270">
    <ele>251.8</ele>
   </trkpt>
   <trkpt lat="43.7231170" lon="5.5464630">
    <ele>252.0</ele>
   </trkpt>
   <trkpt lat="43.7231390" lon="5.5464950">
    <ele>252.2</ele>
   </trkpt>
   <trkpt lat="43.7231620" lon="5.5465230">
    <ele>252.4</ele>
   </trkpt>
   <trkpt lat="43.7231900" lon="5.5465430">
    <ele>252.6</ele>
   </trkpt>
   <trkpt lat="43.7232160" lon="5.5465720">
    <ele>252.9</ele>
   </trkpt>
   <trkpt lat="43.7232420" lon="5.5466060">
    <ele>253.0</ele>
   </trkpt>
   <trkpt lat="43.7232650" lon="5.5466380">
    <ele>253.2</ele>
   </trkpt>
   <trkpt lat="43.7232970" lon="5.5466680">
    <ele>253.3</ele>
   </trkpt>
   <trkpt lat="43.7233190" lon="5.5466980">
    <ele>253.3</ele>
   </trkpt>
   <trkpt lat="43.7233430" lon="5.5467290">
    <ele>253.3</ele>
   </trkpt>
   <trkpt lat="43.7233750" lon="5.5467600">
    <ele>253.5</ele>
   </trkpt>
   <trkpt lat="43.7233940" lon="5.5467880">
    <ele>253.7</ele>
   </trkpt>
   <trkpt lat="43.7234120" lon="5.5468250">
    <ele>253.9</ele>
   </trkpt>
   <trkpt lat="43.7234410" lon="5.5468570">
    <ele>254.1</ele>
   </trkpt>
   <trkpt lat="43.7234710" lon="5.5468860">
    <ele>254.4</ele>
   </trkpt>
   <trkpt lat="43.7234910" lon="5.5469160">
    <ele>254.5</ele>
   </trkpt>
   <trkpt lat="43.7235150" lon="5.5469440">
    <ele>254.7</ele>
   </trkpt>
   <trkpt lat="43.7235360" lon="5.5469770">
    <ele>254.9</ele>
   </trkpt>
   <trkpt lat="43.7235640" lon="5.5470160">
    <ele>255.2</ele>
   </trkpt>
   <trkpt lat="43.7235940" lon="5.5470440">
    <ele>255.4</ele>
   </trkpt>
   <trkpt lat="43.7236250" lon="5.5470720">
    <ele>255.7</ele>
   </trkpt>
   <trkpt lat="43.7236500" lon="5.5470980">
    <ele>255.9</ele>
   </trkpt>
   <trkpt lat="43.7236570" lon="5.5471020">
    <ele>255.9</ele>
   </trkpt>
   <trkpt lat="43.7236860" lon="5.5471440">
    <ele>256.2</ele>
   </trkpt>
   <trkpt lat="43.7236970" lon="5.5471580">
    <ele>256.3</ele>
   </trkpt>
   <trkpt lat="43.7237210" lon="5.5471860">
    <ele>256.5</ele>
   </trkpt>
   <trkpt lat="43.7237330" lon="5.5472220">
    <ele>256.7</ele>
   </trkpt>
   <trkpt lat="43.7237440" lon="5.5472570">
    <ele>256.9</ele>
   </trkpt>
   <trkpt lat="43.7237640" lon="5.5472940">
    <ele>257.1</ele>
   </trkpt>
   <trkpt lat="43.7237860" lon="5.5473170">
    <ele>257.3</ele>
   </trkpt>
   <trkpt lat="43.7238150" lon="5.5473580">
    <ele>257.6</ele>
   </trkpt>
   <trkpt lat="43.7238260" lon="5.5473740">
    <ele>257.7</ele>
   </trkpt>
   <trkpt lat="43.7238510" lon="5.5473940">
    <ele>257.9</ele>
   </trkpt>
   <trkpt lat="43.7238770" lon="5.5474260">
    <ele>258.2</ele>
   </trkpt>
   <trkpt lat="43.7238850" lon="5.5474390">
    <ele>258.3</ele>
   </trkpt>
   <trkpt lat="43.7239160" lon="5.5474670">
    <ele>258.7</ele>
   </trkpt>
   <trkpt lat="43.7239260" lon="5.5474740">
    <ele>258.8</ele>
   </trkpt>
   <trkpt lat="43.7239530" lon="5.5474860">
    <ele>259.0</ele>
   </trkpt>
   <trkpt lat="43.7239820" lon="5.5475050">
    <ele>259.3</ele>
   </trkpt>
   <trkpt lat="43.7240140" lon="5.5475400">
    <ele>259.7</ele>
   </trkpt>
   <trkpt lat="43.7240420" lon="5.5475760">
    <ele>260.0</ele>
   </trkpt>
   <trkpt lat="43.7240770" lon="5.5476060">
    <ele>260.4</ele>
   </trkpt>
   <trkpt lat="43.7241080" lon="5.5476310">
    <ele>260.7</ele>
   </trkpt>
   <trkpt lat="43.7241400" lon="5.5476410">
    <ele>261.0</ele>
   </trkpt>
   <trkpt lat="43.7241700" lon="5.5476490">
    <ele>261.3</ele>
   </trkpt>
   <trkpt lat="43.7241980" lon="5.5476750">
    <ele>261.6</ele>
   </trkpt>
   <trkpt lat="43.7242150" lon="5.5477130">
    <ele>261.9</ele>
   </trkpt>
   <trkpt lat="43.7242430" lon="5.5477550">
    <ele>262.3</ele>
   </trkpt>
   <trkpt lat="43.7242780" lon="5.5477850">
    <ele>262.7</ele>
   </trkpt>
   <trkpt lat="43.7243170" lon="5.5478130">
    <ele>263.1</ele>
   </trkpt>
   <trkpt lat="43.7243840" lon="5.5478700">
    <ele>263.8</ele>
   </trkpt>
   <trkpt lat="43.7244090" lon="5.5478950">
    <ele>263.9</ele>
   </trkpt>
   <trkpt lat="43.7244390" lon="5.5479090">
    <ele>264.0</ele>
   </trkpt>
   <trkpt lat="43.7244720" lon="5.5479420">
    <ele>264.2</ele>
   </trkpt>
   <trkpt lat="43.7245070" lon="5.5479650">
    <ele>264.4</ele>
   </trkpt>
   <trkpt lat="43.7245420" lon="5.5479930">
    <ele>264.6</ele>
   </trkpt>
   <trkpt lat="43.7245800" lon="5.5480200">
    <ele>264.8</ele>
   </trkpt>
   <trkpt lat="43.7246220" lon="5.5480410">
    <ele>265.0</ele>
   </trkpt>
   <trkpt lat="43.7246560" lon="5.5480620">
    <ele>265.2</ele>
   </trkpt>
   <trkpt lat="43.7246920" lon="5.5480800">
    <ele>265.4</ele>
   </trkpt>
   <trkpt lat="43.7247260" lon="5.5480930">
    <ele>265.5</ele>
   </trkpt>
   <trkpt lat="43.7247600" lon="5.5481120">
    <ele>265.6</ele>
   </trkpt>
   <trkpt lat="43.7247920" lon="5.5481220">
    <ele>265.8</ele>
   </trkpt>
   <trkpt lat="43.7248230" lon="5.5481280">
    <ele>265.9</ele>
   </trkpt>
   <trkpt lat="43.7248620" lon="5.5481230">
    <ele>266.0</ele>
   </trkpt>
   <trkpt lat="43.7248750" lon="5.5481190">
    <ele>266.1</ele>
   </trkpt>
   <trkpt lat="43.7249070" lon="5.5481080">
    <ele>266.2</ele>
   </trkpt>
   <trkpt lat="43.7249370" lon="5.5480890">
    <ele>266.4</ele>
   </trkpt>
   <trkpt lat="43.7249670" lon="5.5480750">
    <ele>266.5</ele>
   </trkpt>
   <trkpt lat="43.7249970" lon="5.5480620">
    <ele>266.6</ele>
   </trkpt>
   <trkpt lat="43.7250270" lon="5.5480510">
    <ele>266.7</ele>
   </trkpt>
   <trkpt lat="43.7250630" lon="5.5480400">
    <ele>266.8</ele>
   </trkpt>
   <trkpt lat="43.7250990" lon="5.5480220">
    <ele>267.0</ele>
   </trkpt>
   <trkpt lat="43.7251300" lon="5.5480020">
    <ele>267.1</ele>
   </trkpt>
   <trkpt lat="43.7251690" lon="5.5479900">
    <ele>267.2</ele>
   </trkpt>
   <trkpt lat="43.7252120" lon="5.5479750">
    <ele>267.3</ele>
   </trkpt>
   <trkpt lat="43.7252570" lon="5.5479550">
    <ele>267.5</ele>
   </trkpt>
   <trkpt lat="43.7253000" lon="5.5479380">
    <ele>267.6</ele>
   </trkpt>
   <trkpt lat="43.7253380" lon="5.5479220">
    <ele>267.7</ele>
   </trkpt>
   <trkpt lat="43.7253720" lon="5.5479040">
    <ele>267.8</ele>
   </trkpt>
   <trkpt lat="43.7254100" lon="5.5478940">
    <ele>267.9</ele>
   </trkpt>
   <trkpt lat="43.7254510" lon="5.5478870">
    <ele>268.1</ele>
   </trkpt>
   <trkpt lat="43.7254910" lon="5.5478730">
    <ele>268.2</ele>
   </trkpt>
   <trkpt lat="43.7255280" lon="5.5478570">
    <ele>268.3</ele>
   </trkpt>
   <trkpt lat="43.7255570" lon="5.5478340">
    <ele>268.4</ele>
   </trkpt>
   <trkpt lat="43.7255860" lon="5.5478170">
    <ele>268.5</ele>
   </trkpt>
   <trkpt lat="43.7256210" lon="5.5478020">
    <ele>268.6</ele>
   </trkpt>
   <trkpt lat="43.7256570" lon="5.5477900">
    <ele>268.7</ele>
   </trkpt>
   <trkpt lat="43.7256940" lon="5.5477870">
    <ele>268.9</ele>
   </trkpt>
   <trkpt lat="43.7257340" lon="5.5477860">
    <ele>269.0</ele>
   </trkpt>
   <trkpt lat="43.7258020" lon="5.5477890">
    <ele>269.2</ele>
   </trkpt>
   <trkpt lat="43.7258290" lon="5.5477930">
    <ele>269.3</ele>
   </trkpt>
   <trkpt lat="43.7258620" lon="5.5478060">
    <ele>269.4</ele>
   </trkpt>
   <trkpt lat="43.7258720" lon="5.5478100">
    <ele>269.5</ele>
   </trkpt>
   <trkpt lat="43.7259010" lon="5.5478230">
    <ele>269.5</ele>
   </trkpt>
   <trkpt lat="43.7259080" lon="5.5478270">
    <ele>269.5</ele>
   </trkpt>
   <trkpt lat="43.7259240" lon="5.5478390">
    <ele>269.5</ele>
   </trkpt>
   <trkpt lat="43.7259360" lon="5.5478580">
    <ele>269.5</ele>
   </trkpt>
   <trkpt lat="43.7259380" lon="5.5478800">
    <ele>269.5</ele>
   </trkpt>
   <trkpt lat="43.7259400" lon="5.5479010">
    <ele>269.5</ele>
   </trkpt>
   <trkpt lat="43.7259430" lon="5.5479230">
    <ele>269.5</ele>
   </trkpt>
   <trkpt lat="43.7259480" lon="5.5479470">
    <ele>269.5</ele>
   </trkpt>
   <trkpt lat="43.7259600" lon="5.5479910">
    <ele>269.5</ele>
   </trkpt>
   <trkpt lat="43.7259640" lon="5.5480060">
    <ele>269.5</ele>
   </trkpt>
   <trkpt lat="43.7259780" lon="5.5480460">
    <ele>269.5</ele>
   </trkpt>
   <trkpt lat="43.7259820" lon="5.5480600">
    <ele>269.5</ele>
   </trkpt>
   <trkpt lat="43.7259870" lon="5.5480980">
    <ele>269.5</ele>
   </trkpt>
   <trkpt lat="43.7259870" lon="5.5481110">
    <ele>269.5</ele>
   </trkpt>
   <trkpt lat="43.7259860" lon="5.5481360">
    <ele>269.5</ele>
   </trkpt>
   <trkpt lat="43.7259870" lon="5.5481600">
    <ele>269.5</ele>
   </trkpt>
   <trkpt lat="43.7259990" lon="5.5482090">
    <ele>269.5</ele>
   </trkpt>
   <trkpt lat="43.7260020" lon="5.5482310">
    <ele>269.5</ele>
   </trkpt>
   <trkpt lat="43.7260060" lon="5.5482820">
    <ele>269.5</ele>
   </trkpt>
   <trkpt lat="43.7260120" lon="5.5483340">
    <ele>269.6</ele>
   </trkpt>
   <trkpt lat="43.7260170" lon="5.5483880">
    <ele>269.6</ele>
   </trkpt>
   <trkpt lat="43.7260240" lon="5.5484430">
    <ele>269.6</ele>
   </trkpt>
   <trkpt lat="43.7260320" lon="5.5485070">
    <ele>269.6</ele>
   </trkpt>
   <trkpt lat="43.7260460" lon="5.5485680">
    <ele>269.6</ele>
   </trkpt>
   <trkpt lat="43.7260640" lon="5.5486160">
    <ele>269.7</ele>
   </trkpt>
   <trkpt lat="43.7260830" lon="5.5486550">
    <ele>269.7</ele>
   </trkpt>
   <trkpt lat="43.7261110" lon="5.5487120">
    <ele>269.7</ele>
   </trkpt>
   <trkpt lat="43.7261340" lon="5.5487660">
    <ele>269.8</ele>
   </trkpt>
   <trkpt lat="43.7261590" lon="5.5488070">
    <ele>269.8</ele>
   </trkpt>
   <trkpt lat="43.7261930" lon="5.5488550">
    <ele>269.8</ele>
   </trkpt>
   <trkpt lat="43.7262210" lon="5.5488990">
    <ele>269.9</ele>
   </trkpt>
   <trkpt lat="43.7262460" lon="5.5489420">
    <ele>269.9</ele>
   </trkpt>
   <trkpt lat="43.7262760" lon="5.5489870">
    <ele>269.9</ele>
   </trkpt>
   <trkpt lat="43.7263050" lon="5.5490270">
    <ele>269.9</ele>
   </trkpt>
   <trkpt lat="43.7263330" lon="5.5490680">
    <ele>270.0</ele>
   </trkpt>
   <trkpt lat="43.7263560" lon="5.5491160">
    <ele>270.0</ele>
   </trkpt>
   <trkpt lat="43.7263830" lon="5.5491590">
    <ele>270.0</ele>
   </trkpt>
   <trkpt lat="43.7264070" lon="5.5491980">
    <ele>270.0</ele>
   </trkpt>
   <trkpt lat="43.7264360" lon="5.5492470">
    <ele>270.0</ele>
   </trkpt>
   <trkpt lat="43.7264660" lon="5.5492860">
    <ele>270.0</ele>
   </trkpt>
   <trkpt lat="43.7264950" lon="5.5493230">
    <ele>270.0</ele>
   </trkpt>
   <trkpt lat="43.7265340" lon="5.5493600">
    <ele>270.0</ele>
   </trkpt>
   <trkpt lat="43.7265770" lon="5.5493840">
    <ele>270.0</ele>
   </trkpt>
   <trkpt lat="43.7266180" lon="5.5494060">
    <ele>270.0</ele>
   </trkpt>
   <trkpt lat="43.7266570" lon="5.5494270">
    <ele>270.0</ele>
   </trkpt>
   <trkpt lat="43.7266910" lon="5.5494500">
    <ele>269.9</ele>
   </trkpt>
   <trkpt lat="43.7267270" lon="5.5494650">
    <ele>269.9</ele>
   </trkpt>
   <trkpt lat="43.7267610" lon="5.5494850">
    <ele>269.9</ele>
   </trkpt>
   <trkpt lat="43.7267960" lon="5.5495030">
    <ele>269.8</ele>
   </trkpt>
   <trkpt lat="43.7268380" lon="5.5495220">
    <ele>269.8</ele>
   </trkpt>
   <trkpt lat="43.7268820" lon="5.5495470">
    <ele>269.7</ele>
   </trkpt>
   <trkpt lat="43.7269310" lon="5.5495780">
    <ele>269.6</ele>
   </trkpt>
   <trkpt lat="43.7269850" lon="5.5496040">
    <ele>269.6</ele>
   </trkpt>
   <trkpt lat="43.7270360" lon="5.5496300">
    <ele>269.5</ele>
   </trkpt>
   <trkpt lat="43.7270830" lon="5.5496570">
    <ele>269.4</ele>
   </trkpt>
   <trkpt lat="43.7271260" lon="5.5496840">
    <ele>269.3</ele>
   </trkpt>
   <trkpt lat="43.7271690" lon="5.5497100">
    <ele>269.2</ele>
   </trkpt>
   <trkpt lat="43.7272150" lon="5.5497360">
    <ele>269.2</ele>
   </trkpt>
   <trkpt lat="43.7272660" lon="5.5497710">
    <ele>269.0</ele>
   </trkpt>
   <trkpt lat="43.7273170" lon="5.5498010">
    <ele>268.9</ele>
   </trkpt>
   <trkpt lat="43.7273630" lon="5.5498210">
    <ele>268.7</ele>
   </trkpt>
   <trkpt lat="43.7274130" lon="5.5498480">
    <ele>268.6</ele>
   </trkpt>
   <trkpt lat="43.7274610" lon="5.5498790">
    <ele>268.4</ele>
   </trkpt>
   <trkpt lat="43.7275090" lon="5.5499190">
    <ele>268.2</ele>
   </trkpt>
   <trkpt lat="43.7275560" lon="5.5499520">
    <ele>268.1</ele>
   </trkpt>
   <trkpt lat="43.7276050" lon="5.5499860">
    <ele>267.9</ele>
   </trkpt>
   <trkpt lat="43.7276550" lon="5.5500260">
    <ele>267.7</ele>
   </trkpt>
   <trkpt lat="43.7277070" lon="5.5500610">
    <ele>267.6</ele>
   </trkpt>
   <trkpt lat="43.7277620" lon="5.5500900">
    <ele>267.4</ele>
   </trkpt>
   <trkpt lat="43.7278170" lon="5.5501180">
    <ele>267.3</ele>
   </trkpt>
   <trkpt lat="43.7278740" lon="5.5501460">
    <ele>267.2</ele>
   </trkpt>
   <trkpt lat="43.7279330" lon="5.5501790">
    <ele>267.1</ele>
   </trkpt>
   <trkpt lat="43.7279910" lon="5.5502100">
    <ele>267.0</ele>
   </trkpt>
   <trkpt lat="43.7280500" lon="5.5502450">
    <ele>266.8</ele>
   </trkpt>
   <trkpt lat="43.7281100" lon="5.5502760">
    <ele>266.6</ele>
   </trkpt>
   <trkpt lat="43.7281670" lon="5.5503090">
    <ele>266.4</ele>
   </trkpt>
   <trkpt lat="43.7282300" lon="5.5503480">
    <ele>266.2</ele>
   </trkpt>
   <trkpt lat="43.7282930" lon="5.5503790">
    <ele>266.0</ele>
   </trkpt>
   <trkpt lat="43.7283560" lon="5.5504160">
    <ele>265.9</ele>
   </trkpt>
   <trkpt lat="43.7284180" lon="5.5504520">
    <ele>265.7</ele>
   </trkpt>
   <trkpt lat="43.7284820" lon="5.5504930">
    <ele>265.5</ele>
   </trkpt>
   <trkpt lat="43.7285460" lon="5.5505370">
    <ele>265.3</ele>
   </trkpt>
   <trkpt lat="43.7286150" lon="5.5505810">
    <ele>265.2</ele>
   </trkpt>
   <trkpt lat="43.7286800" lon="5.5506240">
    <ele>265.1</ele>
   </trkpt>
   <trkpt lat="43.7287410" lon="5.5506590">
    <ele>265.0</ele>
   </trkpt>
   <trkpt lat="43.7288060" lon="5.5507010">
    <ele>264.9</ele>
   </trkpt>
   <trkpt lat="43.7288660" lon="5.5507380">
    <ele>264.9</ele>
   </trkpt>
   <trkpt lat="43.7289260" lon="5.5507780">
    <ele>264.8</ele>
   </trkpt>
   <trkpt lat="43.7289840" lon="5.5508080">
    <ele>264.8</ele>
   </trkpt>
   <trkpt lat="43.7290470" lon="5.5508360">
    <ele>264.8</ele>
   </trkpt>
   <trkpt lat="43.7291010" lon="5.5508690">
    <ele>264.9</ele>
   </trkpt>
   <trkpt lat="43.7291560" lon="5.5509000">
    <ele>264.9</ele>
   </trkpt>
   <trkpt lat="43.7292120" lon="5.5509270">
    <ele>265.0</ele>
   </trkpt>
   <trkpt lat="43.7292670" lon="5.5509600">
    <ele>265.1</ele>
   </trkpt>
   <trkpt lat="43.7293210" lon="5.5509900">
    <ele>265.1</ele>
   </trkpt>
   <trkpt lat="43.7293680" lon="5.5510310">
    <ele>265.2</ele>
   </trkpt>
   <trkpt lat="43.7294100" lon="5.5510880">
    <ele>265.0</ele>
   </trkpt>
   <trkpt lat="43.7294530" lon="5.5511340">
    <ele>265.1</ele>
   </trkpt>
   <trkpt lat="43.7295040" lon="5.5511530">
    <ele>265.2</ele>
   </trkpt>
   <trkpt lat="43.7295570" lon="5.5511500">
    <ele>265.2</ele>
   </trkpt>
   <trkpt lat="43.7296130" lon="5.5511570">
    <ele>265.2</ele>
   </trkpt>
   <trkpt lat="43.7296680" lon="5.5511810">
    <ele>265.2</ele>
   </trkpt>
   <trkpt lat="43.7297150" lon="5.5512150">
    <ele>265.2</ele>
   </trkpt>
   <trkpt lat="43.7297620" lon="5.5512450">
    <ele>265.3</ele>
   </trkpt>
   <trkpt lat="43.7298070" lon="5.5512770">
    <ele>265.3</ele>
   </trkpt>
   <trkpt lat="43.7298550" lon="5.5513170">
    <ele>265.3</ele>
   </trkpt>
   <trkpt lat="43.7299030" lon="5.5513640">
    <ele>265.3</ele>
   </trkpt>
   <trkpt lat="43.7299430" lon="5.5514110">
    <ele>265.3</ele>
   </trkpt>
   <trkpt lat="43.7299870" lon="5.5514530">
    <ele>265.4</ele>
   </trkpt>
   <trkpt lat="43.7300290" lon="5.5514960">
    <ele>265.4</ele>
   </trkpt>
   <trkpt lat="43.7300680" lon="5.5515420">
    <ele>265.4</ele>
   </trkpt>
   <trkpt lat="43.7301080" lon="5.5515880">
    <ele>265.4</ele>
   </trkpt>
   <trkpt lat="43.7301930" lon="5.5516930">
    <ele>265.4</ele>
   </trkpt>
   <trkpt lat="43.7302890" lon="5.5518040">
    <ele>265.5</ele>
   </trkpt>
   <trkpt lat="43.7303350" lon="5.5518630">
    <ele>265.5</ele>
   </trkpt>
   <trkpt lat="43.7303750" lon="5.5519210">
    <ele>265.5</ele>
   </trkpt>
   <trkpt lat="43.7304180" lon="5.5519740">
    <ele>265.5</ele>
   </trkpt>
   <trkpt lat="43.7304600" lon="5.5520290">
    <ele>265.5</ele>
   </trkpt>
   <trkpt lat="43.7304950" lon="5.5520860">
    <ele>265.5</ele>
   </trkpt>
   <trkpt lat="43.7305150" lon="5.5521480">
    <ele>265.6</ele>
   </trkpt>
   <trkpt lat="43.7305260" lon="5.5522100">
    <ele>265.6</ele>
   </trkpt>
   <trkpt lat="43.7305410" lon="5.5522590">
    <ele>265.6</ele>
   </trkpt>
   <trkpt lat="43.7305540" lon="5.5522870">
    <ele>265.6</ele>
   </trkpt>
   <trkpt lat="43.7305620" lon="5.5522860">
    <ele>265.6</ele>
   </trkpt>
   <trkpt lat="43.7305680" lon="5.5522830">
    <ele>265.6</ele>
   </trkpt>
   <trkpt lat="43.7305730" lon="5.5522890">
    <ele>265.6</ele>
   </trkpt>
   <trkpt lat="43.7305780" lon="5.5522960">
    <ele>265.6</ele>
   </trkpt>
   <trkpt lat="43.7305840" lon="5.5523020">
    <ele>265.6</ele>
   </trkpt>
   <trkpt lat="43.7305890" lon="5.5523090">
    <ele>265.6</ele>
   </trkpt>
   <trkpt lat="43.7305940" lon="5.5523150">
    <ele>265.6</ele>
   </trkpt>
   <trkpt lat="43.7305990" lon="5.5523220">
    <ele>265.6</ele>
   </trkpt>
   <trkpt lat="43.7306040" lon="5.5523280">
    <ele>265.6</ele>
   </trkpt>
   <trkpt lat="43.7306090" lon="5.5523350">
    <ele>265.6</ele>
   </trkpt>
   <trkpt lat="43.7306150" lon="5.5523410">
    <ele>265.6</ele>
   </trkpt>
   <trkpt lat="43.7306200" lon="5.5523480">
    <ele>265.6</ele>
   </trkpt>
   <trkpt lat="43.7306250" lon="5.5523540">
    <ele>265.6</ele>
   </trkpt>
   <trkpt lat="43.7306300" lon="5.5523610">
    <ele>265.6</ele>
   </trkpt>
   <trkpt lat="43.7306620" lon="5.5523970">
    <ele>265.6</ele>
   </trkpt>
   <trkpt lat="43.7306880" lon="5.5524340">
    <ele>265.6</ele>
   </trkpt>
   <trkpt lat="43.7307200" lon="5.5524720">
    <ele>265.6</ele>
   </trkpt>
   <trkpt lat="43.7307580" lon="5.5525270">
    <ele>265.7</ele>
   </trkpt>
   <trkpt lat="43.7307920" lon="5.5525830">
    <ele>265.7</ele>
   </trkpt>
   <trkpt lat="43.7308270" lon="5.5526360">
    <ele>265.7</ele>
   </trkpt>
   <trkpt lat="43.7308660" lon="5.5526920">
    <ele>265.7</ele>
   </trkpt>
   <trkpt lat="43.7309140" lon="5.5527500">
    <ele>265.7</ele>
   </trkpt>
   <trkpt lat="43.7309640" lon="5.5528000">
    <ele>265.8</ele>
   </trkpt>
   <trkpt lat="43.7310110" lon="5.5528460">
    <ele>265.8</ele>
   </trkpt>
   <trkpt lat="43.7310650" lon="5.5528890">
    <ele>265.8</ele>
   </trkpt>
   <trkpt lat="43.7311190" lon="5.5529290">
    <ele>265.8</ele>
   </trkpt>
   <trkpt lat="43.7311670" lon="5.5529840">
    <ele>265.8</ele>
   </trkpt>
   <trkpt lat="43.7312100" lon="5.5530520">
    <ele>265.8</ele>
   </trkpt>
   <trkpt lat="43.7312560" lon="5.5531210">
    <ele>265.9</ele>
   </trkpt>
   <trkpt lat="43.7313080" lon="5.5531850">
    <ele>265.9</ele>
   </trkpt>
   <trkpt lat="43.7313590" lon="5.5532460">
    <ele>265.9</ele>
   </trkpt>
   <trkpt lat="43.7314090" lon="5.5533080">
    <ele>265.9</ele>
   </trkpt>
   <trkpt lat="43.7314630" lon="5.5533670">
    <ele>266.0</ele>
   </trkpt>
   <trkpt lat="43.7315180" lon="5.5534320">
    <ele>266.0</ele>
   </trkpt>
   <trkpt lat="43.7315760" lon="5.5534950">
    <ele>266.1</ele>
   </trkpt>
   <trkpt lat="43.7316340" lon="5.5535530">
    <ele>266.1</ele>
   </trkpt>
   <trkpt lat="43.7316940" lon="5.5536080">
    <ele>266.1</ele>
   </trkpt>
   <trkpt lat="43.7317560" lon="5.5536610">
    <ele>266.2</ele>
   </trkpt>
   <trkpt lat="43.7318220" lon="5.5537110">
    <ele>266.3</ele>
   </trkpt>
   <trkpt lat="43.7318860" lon="5.5537610">
    <ele>266.3</ele>
   </trkpt>
   <trkpt lat="43.7319510" lon="5.5538090">
    <ele>266.4</ele>
   </trkpt>
   <trkpt lat="43.7320830" lon="5.5539080">
    <ele>266.5</ele>
   </trkpt>
   <trkpt lat="43.7321510" lon="5.5539550">
    <ele>266.5</ele>
   </trkpt>
   <trkpt lat="43.7322130" lon="5.5540030">
    <ele>266.5</ele>
   </trkpt>
   <trkpt lat="43.7322820" lon="5.5540530">
    <ele>266.6</ele>
   </trkpt>
   <trkpt lat="43.7323460" lon="5.5541070">
    <ele>266.6</ele>
   </trkpt>
   <trkpt lat="43.7324140" lon="5.5541620">
    <ele>266.7</ele>
   </trkpt>
   <trkpt lat="43.7324820" lon="5.5542070">
    <ele>266.7</ele>
   </trkpt>
   <trkpt lat="43.7325520" lon="5.5542460">
    <ele>266.7</ele>
   </trkpt>
   <trkpt lat="43.7326190" lon="5.5542930">
    <ele>266.7</ele>
   </trkpt>
   <trkpt lat="43.7326850" lon="5.5543400">
    <ele>266.7</ele>
   </trkpt>
   <trkpt lat="43.7327490" lon="5.5543860">
    <ele>266.8</ele>
   </trkpt>
   <trkpt lat="43.7328210" lon="5.5544290">
    <ele>266.8</ele>
   </trkpt>
   <trkpt lat="43.7328860" lon="5.5544750">
    <ele>266.8</ele>
   </trkpt>
   <trkpt lat="43.7329540" lon="5.5545220">
    <ele>266.9</ele>
   </trkpt>
   <trkpt lat="43.7330230" lon="5.5545690">
    <ele>266.9</ele>
   </trkpt>
   <trkpt lat="43.7330930" lon="5.5546190">
    <ele>267.0</ele>
   </trkpt>
   <trkpt lat="43.7331580" lon="5.5546670">
    <ele>267.0</ele>
   </trkpt>
   <trkpt lat="43.7332200" lon="5.5547240">
    <ele>267.1</ele>
   </trkpt>
   <trkpt lat="43.7332790" lon="5.5547860">
    <ele>267.1</ele>
   </trkpt>
   <trkpt lat="43.7333300" lon="5.5548560">
    <ele>267.1</ele>
   </trkpt>
   <trkpt lat="43.7333660" lon="5.5549290">
    <ele>267.1</ele>
   </trkpt>
   <trkpt lat="43.7333970" lon="5.5550080">
    <ele>267.1</ele>
   </trkpt>
   <trkpt lat="43.7334320" lon="5.5550860">
    <ele>267.1</ele>
   </trkpt>
   <trkpt lat="43.7334900" lon="5.5551370">
    <ele>267.1</ele>
   </trkpt>
   <trkpt lat="43.7335710" lon="5.5551400">
    <ele>267.0</ele>
   </trkpt>
   <trkpt lat="43.7336460" lon="5.5551300">
    <ele>267.0</ele>
   </trkpt>
   <trkpt lat="43.7337200" lon="5.5551290">
    <ele>267.0</ele>
   </trkpt>
   <trkpt lat="43.7337930" lon="5.5551550">
    <ele>267.1</ele>
   </trkpt>
   <trkpt lat="43.7338600" lon="5.5552050">
    <ele>267.1</ele>
   </trkpt>
   <trkpt lat="43.7339260" lon="5.5552560">
    <ele>267.1</ele>
   </trkpt>
   <trkpt lat="43.7339850" lon="5.5553010">
    <ele>267.2</ele>
   </trkpt>
   <trkpt lat="43.7340420" lon="5.5553390">
    <ele>267.2</ele>
   </trkpt>
   <trkpt lat="43.7340950" lon="5.5553800">
    <ele>267.2</ele>
   </trkpt>
   <trkpt lat="43.7341480" lon="5.5554220">
    <ele>267.2</ele>
   </trkpt>
   <trkpt lat="43.7341970" lon="5.5554600">
    <ele>267.2</ele>
   </trkpt>
   <trkpt lat="43.7342520" lon="5.5555100">
    <ele>267.2</ele>
   </trkpt>
   <trkpt lat="43.7343030" lon="5.5555580">
    <ele>267.2</ele>
   </trkpt>
   <trkpt lat="43.7343530" lon="5.5556040">
    <ele>267.2</ele>
   </trkpt>
   <trkpt lat="43.7344010" lon="5.5556510">
    <ele>267.1</ele>
   </trkpt>
   <trkpt lat="43.7344480" lon="5.5557020">
    <ele>267.1</ele>
   </trkpt>
   <trkpt lat="43.7344960" lon="5.5557640">
    <ele>267.1</ele>
   </trkpt>
   <trkpt lat="43.7345460" lon="5.5558260">
    <ele>267.1</ele>
   </trkpt>
   <trkpt lat="43.7345990" lon="5.5558840">
    <ele>267.0</ele>
   </trkpt>
   <trkpt lat="43.7346500" lon="5.5559400">
    <ele>266.9</ele>
   </trkpt>
   <trkpt lat="43.7347020" lon="5.5559870">
    <ele>266.9</ele>
   </trkpt>
   <trkpt lat="43.7347590" lon="5.5560420">
    <ele>266.8</ele>
   </trkpt>
   <trkpt lat="43.7348110" lon="5.5560950">
    <ele>266.6</ele>
   </trkpt>
   <trkpt lat="43.7348610" lon="5.5561540">
    <ele>266.5</ele>
   </trkpt>
   <trkpt lat="43.7349170" lon="5.5562100">
    <ele>266.4</ele>
   </trkpt>
   <trkpt lat="43.7349690" lon="5.5562690">
    <ele>266.2</ele>
   </trkpt>
   <trkpt lat="43.7350230" lon="5.5563260">
    <ele>266.1</ele>
   </trkpt>
   <trkpt lat="43.7350800" lon="5.5563840">
    <ele>265.9</ele>
   </trkpt>
   <trkpt lat="43.7351380" lon="5.5564420">
    <ele>265.7</ele>
   </trkpt>
   <trkpt lat="43.7351970" lon="5.5565110">
    <ele>265.5</ele>
   </trkpt>
   <trkpt lat="43.7352540" lon="5.5565860">
    <ele>265.3</ele>
   </trkpt>
   <trkpt lat="43.7353050" lon="5.5566700">
    <ele>265.1</ele>
   </trkpt>
   <trkpt lat="43.7353470" lon="5.5567570">
    <ele>264.8</ele>
   </trkpt>
   <trkpt lat="43.7353880" lon="5.5568430">
    <ele>264.6</ele>
   </trkpt>
   <trkpt lat="43.7354240" lon="5.5569310">
    <ele>264.3</ele>
   </trkpt>
   <trkpt lat="43.7354550" lon="5.5570270">
    <ele>264.2</ele>
   </trkpt>
   <trkpt lat="43.7354840" lon="5.5571280">
    <ele>264.1</ele>
   </trkpt>
   <trkpt lat="43.7355110" lon="5.5572320">
    <ele>264.0</ele>
   </trkpt>
   <trkpt lat="43.7355550" lon="5.5574370">
    <ele>263.7</ele>
   </trkpt>
   <trkpt lat="43.7355780" lon="5.5575400">
    <ele>263.5</ele>
   </trkpt>
   <trkpt lat="43.7355990" lon="5.5576420">
    <ele>263.3</ele>
   </trkpt>
   <trkpt lat="43.7356180" lon="5.5577390">
    <ele>263.2</ele>
   </trkpt>
   <trkpt lat="43.7356370" lon="5.5578340">
    <ele>263.1</ele>
   </trkpt>
   <trkpt lat="43.7356540" lon="5.5579350">
    <ele>263.0</ele>
   </trkpt>
   <trkpt lat="43.7356730" lon="5.5580340">
    <ele>262.9</ele>
   </trkpt>
   <trkpt lat="43.7356890" lon="5.5581260">
    <ele>262.8</ele>
   </trkpt>
   <trkpt lat="43.7357060" lon="5.5582200">
    <ele>262.8</ele>
   </trkpt>
   <trkpt lat="43.7357240" lon="5.5583140">
    <ele>262.7</ele>
   </trkpt>
   <trkpt lat="43.7357440" lon="5.5584060">
    <ele>262.6</ele>
   </trkpt>
   <trkpt lat="43.7357660" lon="5.5584980">
    <ele>262.5</ele>
   </trkpt>
   <trkpt lat="43.7357890" lon="5.5585910">
    <ele>262.4</ele>
   </trkpt>
   <trkpt lat="43.7358160" lon="5.5586770">
    <ele>262.4</ele>
   </trkpt>
   <trkpt lat="43.7358450" lon="5.5587600">
    <ele>262.4</ele>
   </trkpt>
   <trkpt lat="43.7358760" lon="5.5588420">
    <ele>262.4</ele>
   </trkpt>
   <trkpt lat="43.7359060" lon="5.5589190">
    <ele>262.4</ele>
   </trkpt>
   <trkpt lat="43.7359440" lon="5.5589910">
    <ele>262.4</ele>
   </trkpt>
   <trkpt lat="43.7359790" lon="5.5590660">
    <ele>262.5</ele>
   </trkpt>
   <trkpt lat="43.7360160" lon="5.5591340">
    <ele>262.5</ele>
   </trkpt>
   <trkpt lat="43.7360520" lon="5.5592020">
    <ele>262.6</ele>
   </trkpt>
   <trkpt lat="43.7360900" lon="5.5592730">
    <ele>262.6</ele>
   </trkpt>
   <trkpt lat="43.7361280" lon="5.5593400">
    <ele>262.7</ele>
   </trkpt>
   <trkpt lat="43.7361680" lon="5.5594060">
    <ele>262.8</ele>
   </trkpt>
   <trkpt lat="43.7362070" lon="5.5594720">
    <ele>262.8</ele>
   </trkpt>
   <trkpt lat="43.7362430" lon="5.5595350">
    <ele>262.9</ele>
   </trkpt>
   <trkpt lat="43.7362810" lon="5.5596000">
    <ele>262.9</ele>
   </trkpt>
   <trkpt lat="43.7363230" lon="5.5596640">
    <ele>263.0</ele>
   </trkpt>
   <trkpt lat="43.7364040" lon="5.5597910">
    <ele>263.2</ele>
   </trkpt>
   <trkpt lat="43.7364450" lon="5.5598580">
    <ele>263.4</ele>
   </trkpt>
   <trkpt lat="43.7364880" lon="5.5599230">
    <ele>263.5</ele>
   </trkpt>
   <trkpt lat="43.7365280" lon="5.5599890">
    <ele>263.6</ele>
   </trkpt>
   <trkpt lat="43.7365670" lon="5.5600560">
    <ele>263.8</ele>
   </trkpt>
   <trkpt lat="43.7366070" lon="5.5601150">
    <ele>263.9</ele>
   </trkpt>
   <trkpt lat="43.7366440" lon="5.5601770">
    <ele>264.0</ele>
   </trkpt>
   <trkpt lat="43.7366820" lon="5.5602430">
    <ele>264.2</ele>
   </trkpt>
   <trkpt lat="43.7367240" lon="5.5603140">
    <ele>264.3</ele>
   </trkpt>
   <trkpt lat="43.7367660" lon="5.5603790">
    <ele>264.5</ele>
   </trkpt>
   <trkpt lat="43.7368060" lon="5.5604480">
    <ele>264.6</ele>
   </trkpt>
   <trkpt lat="43.7368500" lon="5.5605170">
    <ele>264.8</ele>
   </trkpt>
   <trkpt lat="43.7368950" lon="5.5605820">
    <ele>264.9</ele>
   </trkpt>
   <trkpt lat="43.7369370" lon="5.5606470">
    <ele>265.0</ele>
   </trkpt>
   <trkpt lat="43.7369820" lon="5.5607150">
    <ele>265.2</ele>
   </trkpt>
   <trkpt lat="43.7370270" lon="5.5607810">
    <ele>265.3</ele>
   </trkpt>
   <trkpt lat="43.7370680" lon="5.5608560">
    <ele>265.5</ele>
   </trkpt>
   <trkpt lat="43.7371100" lon="5.5609310">
    <ele>265.6</ele>
   </trkpt>
   <trkpt lat="43.7371490" lon="5.5610000">
    <ele>265.8</ele>
   </trkpt>
   <trkpt lat="43.7371920" lon="5.5610690">
    <ele>266.0</ele>
   </trkpt>
   <trkpt lat="43.7372330" lon="5.5611380">
    <ele>266.2</ele>
   </trkpt>
   <trkpt lat="43.7372680" lon="5.5612070">
    <ele>266.3</ele>
   </trkpt>
   <trkpt lat="43.7373060" lon="5.5612770">
    <ele>266.5</ele>
   </trkpt>
   <trkpt lat="43.7373480" lon="5.5613470">
    <ele>266.6</ele>
   </trkpt>
   <trkpt lat="43.7373880" lon="5.5614190">
    <ele>266.8</ele>
   </trkpt>
   <trkpt lat="43.7374300" lon="5.5614920">
    <ele>266.9</ele>
   </trkpt>
   <trkpt lat="43.7374730" lon="5.5615580">
    <ele>267.0</ele>
   </trkpt>
   <trkpt lat="43.7375140" lon="5.5616240">
    <ele>267.2</ele>
   </trkpt>
   <trkpt lat="43.7375580" lon="5.5616900">
    <ele>267.3</ele>
   </trkpt>
   <trkpt lat="43.7376020" lon="5.5617640">
    <ele>267.4</ele>
   </trkpt>
   <trkpt lat="43.7376440" lon="5.5618340">
    <ele>267.4</ele>
   </trkpt>
   <trkpt lat="43.7376890" lon="5.5619080">
    <ele>267.5</ele>
   </trkpt>
   <trkpt lat="43.7377390" lon="5.5619850">
    <ele>267.6</ele>
   </trkpt>
   <trkpt lat="43.7377880" lon="5.5620660">
    <ele>267.7</ele>
   </trkpt>
   <trkpt lat="43.7378360" lon="5.5621440">
    <ele>267.8</ele>
   </trkpt>
   <trkpt lat="43.7378870" lon="5.5622210">
    <ele>268.0</ele>
   </trkpt>
   <trkpt lat="43.7379370" lon="5.5623020">
    <ele>268.1</ele>
   </trkpt>
   <trkpt lat="43.7379890" lon="5.5623800">
    <ele>268.2</ele>
   </trkpt>
   <trkpt lat="43.7380430" lon="5.5624670">
    <ele>268.4</ele>
   </trkpt>
   <trkpt lat="43.7380950" lon="5.5625480">
    <ele>268.5</ele>
   </trkpt>
   <trkpt lat="43.7381440" lon="5.5626250">
    <ele>268.6</ele>
   </trkpt>
   <trkpt lat="43.7381890" lon="5.5626970">
    <ele>268.7</ele>
   </trkpt>
   <trkpt lat="43.7382370" lon="5.5627670">
    <ele>268.8</ele>
   </trkpt>
   <trkpt lat="43.7382860" lon="5.5628370">
    <ele>268.9</ele>
   </trkpt>
   <trkpt lat="43.7383340" lon="5.5629110">
    <ele>269.0</ele>
   </trkpt>
   <trkpt lat="43.7383810" lon="5.5629810">
    <ele>269.1</ele>
   </trkpt>
   <trkpt lat="43.7384320" lon="5.5630440">
    <ele>269.2</ele>
   </trkpt>
   <trkpt lat="43.7384810" lon="5.5631120">
    <ele>269.3</ele>
   </trkpt>
   <trkpt lat="43.7385300" lon="5.5631850">
    <ele>269.4</ele>
   </trkpt>
   <trkpt lat="43.7385840" lon="5.5632520">
    <ele>269.5</ele>
   </trkpt>
   <trkpt lat="43.7386390" lon="5.5633200">
    <ele>269.6</ele>
   </trkpt>
   <trkpt lat="43.7387370" lon="5.5634490">
    <ele>269.8</ele>
   </trkpt>
   <trkpt lat="43.7387870" lon="5.5635170">
    <ele>269.9</ele>
   </trkpt>
   <trkpt lat="43.7388380" lon="5.5635820">
    <ele>270.1</ele>
   </trkpt>
   <trkpt lat="43.7388910" lon="5.5636470">
    <ele>270.2</ele>
   </trkpt>
   <trkpt lat="43.7389480" lon="5.5637080">
    <ele>270.3</ele>
   </trkpt>
   <trkpt lat="43.7390060" lon="5.5637680">
    <ele>270.4</ele>
   </trkpt>
   <trkpt lat="43.7390650" lon="5.5638260">
    <ele>270.5</ele>
   </trkpt>
   <trkpt lat="43.7391240" lon="5.5638820">
    <ele>270.6</ele>
   </trkpt>
   <trkpt lat="43.7391870" lon="5.5639380">
    <ele>270.7</ele>
   </trkpt>
   <trkpt lat="43.7392540" lon="5.5639880">
    <ele>270.8</ele>
   </trkpt>
   <trkpt lat="43.7393180" lon="5.5640290">
    <ele>270.9</ele>
   </trkpt>
   <trkpt lat="43.7393790" lon="5.5640640">
    <ele>271.0</ele>
   </trkpt>
   <trkpt lat="43.7394420" lon="5.5641020">
    <ele>271.1</ele>
   </trkpt>
   <trkpt lat="43.7395020" lon="5.5641450">
    <ele>271.3</ele>
   </trkpt>
   <trkpt lat="43.7395650" lon="5.5641810">
    <ele>271.4</ele>
   </trkpt>
   <trkpt lat="43.7396310" lon="5.5642180">
    <ele>271.5</ele>
   </trkpt>
   <trkpt lat="43.7397010" lon="5.5642550">
    <ele>271.6</ele>
   </trkpt>
   <trkpt lat="43.7397630" lon="5.5642850">
    <ele>271.6</ele>
   </trkpt>
   <trkpt lat="43.7398290" lon="5.5643170">
    <ele>271.7</ele>
   </trkpt>
   <trkpt lat="43.7398970" lon="5.5643500">
    <ele>271.8</ele>
   </trkpt>
   <trkpt lat="43.7400250" lon="5.5644250">
    <ele>271.9</ele>
   </trkpt>
   <trkpt lat="43.7400880" lon="5.5644600">
    <ele>271.9</ele>
   </trkpt>
   <trkpt lat="43.7401550" lon="5.5644970">
    <ele>272.0</ele>
   </trkpt>
   <trkpt lat="43.7402170" lon="5.5645330">
    <ele>272.0</ele>
   </trkpt>
   <trkpt lat="43.7402810" lon="5.5645690">
    <ele>272.1</ele>
   </trkpt>
   <trkpt lat="43.7403430" lon="5.5646050">
    <ele>272.2</ele>
   </trkpt>
   <trkpt lat="43.7404050" lon="5.5646410">
    <ele>272.2</ele>
   </trkpt>
   <trkpt lat="43.7404620" lon="5.5646760">
    <ele>272.3</ele>
   </trkpt>
   <trkpt lat="43.7405210" lon="5.5647080">
    <ele>272.4</ele>
   </trkpt>
   <trkpt lat="43.7405810" lon="5.5647390">
    <ele>272.4</ele>
   </trkpt>
   <trkpt lat="43.7406430" lon="5.5647730">
    <ele>272.5</ele>
   </trkpt>
   <trkpt lat="43.7407020" lon="5.5648070">
    <ele>272.6</ele>
   </trkpt>
   <trkpt lat="43.7407590" lon="5.5648400">
    <ele>272.7</ele>
   </trkpt>
   <trkpt lat="43.7408130" lon="5.5648730">
    <ele>272.7</ele>
   </trkpt>
   <trkpt lat="43.7408680" lon="5.5649090">
    <ele>272.8</ele>
   </trkpt>
   <trkpt lat="43.7409250" lon="5.5649420">
    <ele>272.9</ele>
   </trkpt>
   <trkpt lat="43.7409800" lon="5.5649680">
    <ele>272.9</ele>
   </trkpt>
   <trkpt lat="43.7410370" lon="5.5649970">
    <ele>273.0</ele>
   </trkpt>
   <trkpt lat="43.7410850" lon="5.5650300">
    <ele>273.1</ele>
   </trkpt>
   <trkpt lat="43.7411340" lon="5.5650590">
    <ele>273.1</ele>
   </trkpt>
   <trkpt lat="43.7411860" lon="5.5650920">
    <ele>273.2</ele>
   </trkpt>
   <trkpt lat="43.7412400" lon="5.5651240">
    <ele>273.2</ele>
   </trkpt>
   <trkpt lat="43.7412940" lon="5.5651540">
    <ele>273.3</ele>
   </trkpt>
   <trkpt lat="43.7413440" lon="5.5651880">
    <ele>273.3</ele>
   </trkpt>
   <trkpt lat="43.7413930" lon="5.5652190">
    <ele>273.4</ele>
   </trkpt>
   <trkpt lat="43.7414440" lon="5.5652530">
    <ele>273.5</ele>
   </trkpt>
   <trkpt lat="43.7414930" lon="5.5652830">
    <ele>273.6</ele>
   </trkpt>
   <trkpt lat="43.7415420" lon="5.5653130">
    <ele>273.6</ele>
   </trkpt>
   <trkpt lat="43.7415920" lon="5.5653430">
    <ele>273.7</ele>
   </trkpt>
   <trkpt lat="43.7416460" lon="5.5653780">
    <ele>273.8</ele>
   </trkpt>
   <trkpt lat="43.7417000" lon="5.5654100">
    <ele>273.8</ele>
   </trkpt>
   <trkpt lat="43.7417490" lon="5.5654410">
    <ele>273.9</ele>
   </trkpt>
   <trkpt lat="43.7417980" lon="5.5654760">
    <ele>273.9</ele>
   </trkpt>
   <trkpt lat="43.7418430" lon="5.5655050">
    <ele>274.0</ele>
   </trkpt>
   <trkpt lat="43.7418890" lon="5.5655310">
    <ele>274.1</ele>
   </trkpt>
   <trkpt lat="43.7419390" lon="5.5655660">
    <ele>274.1</ele>
   </trkpt>
   <trkpt lat="43.7419890" lon="5.5656030">
    <ele>274.2</ele>
   </trkpt>
   <trkpt lat="43.7420400" lon="5.5656310">
    <ele>274.3</ele>
   </trkpt>
   <trkpt lat="43.7420870" lon="5.5656590">
    <ele>274.4</ele>
   </trkpt>
   <trkpt lat="43.7421320" lon="5.5656870">
    <ele>274.4</ele>
   </trkpt>
   <trkpt lat="43.7421810" lon="5.5657200">
    <ele>274.5</ele>
   </trkpt>
   <trkpt lat="43.7422290" lon="5.5657510">
    <ele>274.6</ele>
   </trkpt>
   <trkpt lat="43.7422700" lon="5.5657710">
    <ele>274.6</ele>
   </trkpt>
   <trkpt lat="43.7423170" lon="5.5657960">
    <ele>274.7</ele>
   </trkpt>
   <trkpt lat="43.7423680" lon="5.5658280">
    <ele>274.8</ele>
   </trkpt>
   <trkpt lat="43.7424160" lon="5.5658580">
    <ele>274.9</ele>
   </trkpt>
   <trkpt lat="43.7424690" lon="5.5658860">
    <ele>275.0</ele>
   </trkpt>
   <trkpt lat="43.7425150" lon="5.5659140">
    <ele>275.1</ele>
   </trkpt>
   <trkpt lat="43.7425610" lon="5.5659410">
    <ele>275.2</ele>
   </trkpt>
   <trkpt lat="43.7426050" lon="5.5659680">
    <ele>275.2</ele>
   </trkpt>
   <trkpt lat="43.7426480" lon="5.5659940">
    <ele>275.3</ele>
   </trkpt>
   <trkpt lat="43.7426920" lon="5.5660270">
    <ele>275.4</ele>
   </trkpt>
   <trkpt lat="43.7427420" lon="5.5660560">
    <ele>275.5</ele>
   </trkpt>
   <trkpt lat="43.7427950" lon="5.5660860">
    <ele>275.5</ele>
   </trkpt>
   <trkpt lat="43.7428420" lon="5.5661190">
    <ele>275.6</ele>
   </trkpt>
   <trkpt lat="43.7428910" lon="5.5661500">
    <ele>275.7</ele>
   </trkpt>
   <trkpt lat="43.7429380" lon="5.5661780">
    <ele>275.7</ele>
   </trkpt>
   <trkpt lat="43.7429880" lon="5.5662050">
    <ele>275.8</ele>
   </trkpt>
   <trkpt lat="43.7430360" lon="5.5662370">
    <ele>275.8</ele>
   </trkpt>
   <trkpt lat="43.7430820" lon="5.5662660">
    <ele>275.9</ele>
   </trkpt>
   <trkpt lat="43.7431300" lon="5.5662970">
    <ele>275.9</ele>
   </trkpt>
   <trkpt lat="43.7431750" lon="5.5663260">
    <ele>276.0</ele>
   </trkpt>
   <trkpt lat="43.7432200" lon="5.5663540">
    <ele>276.0</ele>
   </trkpt>
   <trkpt lat="43.7432680" lon="5.5663860">
    <ele>276.1</ele>
   </trkpt>
   <trkpt lat="43.7433150" lon="5.5664110">
    <ele>276.2</ele>
   </trkpt>
   <trkpt lat="43.7433600" lon="5.5664340">
    <ele>276.2</ele>
   </trkpt>
   <trkpt lat="43.7434050" lon="5.5664550">
    <ele>276.3</ele>
   </trkpt>
   <trkpt lat="43.7434480" lon="5.5664780">
    <ele>276.3</ele>
   </trkpt>
   <trkpt lat="43.7434950" lon="5.5664990">
    <ele>276.3</ele>
   </trkpt>
   <trkpt lat="43.7435420" lon="5.5665230">
    <ele>276.4</ele>
   </trkpt>
   <trkpt lat="43.7435890" lon="5.5665450">
    <ele>276.4</ele>
   </trkpt>
   <trkpt lat="43.7436350" lon="5.5665650">
    <ele>276.5</ele>
   </trkpt>
   <trkpt lat="43.7436850" lon="5.5665850">
    <ele>276.5</ele>
   </trkpt>
   <trkpt lat="43.7437370" lon="5.5666060">
    <ele>276.6</ele>
   </trkpt>
   <trkpt lat="43.7437860" lon="5.5666290">
    <ele>276.6</ele>
   </trkpt>
   <trkpt lat="43.7438350" lon="5.5666480">
    <ele>276.7</ele>
   </trkpt>
   <trkpt lat="43.7438850" lon="5.5666620">
    <ele>276.7</ele>
   </trkpt>
   <trkpt lat="43.7439320" lon="5.5666790">
    <ele>276.8</ele>
   </trkpt>
   <trkpt lat="43.7439820" lon="5.5666910">
    <ele>276.8</ele>
   </trkpt>
   <trkpt lat="43.7440320" lon="5.5667000">
    <ele>276.8</ele>
   </trkpt>
   <trkpt lat="43.7440810" lon="5.5667110">
    <ele>276.9</ele>
   </trkpt>
   <trkpt lat="43.7441260" lon="5.5667190">
    <ele>276.9</ele>
   </trkpt>
   <trkpt lat="43.7441770" lon="5.5667280">
    <ele>276.9</ele>
   </trkpt>
   <trkpt lat="43.7442290" lon="5.5667290">
    <ele>277.0</ele>
   </trkpt>
   <trkpt lat="43.7442780" lon="5.5667290">
    <ele>277.1</ele>
   </trkpt>
   <trkpt lat="43.7443280" lon="5.5667390">
    <ele>277.1</ele>
   </trkpt>
   <trkpt lat="43.7443780" lon="5.5667490">
    <ele>277.2</ele>
   </trkpt>
   <trkpt lat="43.7444270" lon="5.5667590">
    <ele>277.2</ele>
   </trkpt>
   <trkpt lat="43.7444780" lon="5.5667670">
    <ele>277.3</ele>
   </trkpt>
   <trkpt lat="43.7445280" lon="5.5667780">
    <ele>277.4</ele>
   </trkpt>
   <trkpt lat="43.7445800" lon="5.5667820">
    <ele>277.4</ele>
   </trkpt>
   <trkpt lat="43.7446320" lon="5.5667860">
    <ele>277.5</ele>
   </trkpt>
   <trkpt lat="43.7446850" lon="5.5667960">
    <ele>277.6</ele>
   </trkpt>
   <trkpt lat="43.7447400" lon="5.5668040">
    <ele>277.6</ele>
   </trkpt>
   <trkpt lat="43.7447990" lon="5.5668080">
    <ele>277.7</ele>
   </trkpt>
   <trkpt lat="43.7449110" lon="5.5668130">
    <ele>277.8</ele>
   </trkpt>
   <trkpt lat="43.7449670" lon="5.5668150">
    <ele>277.9</ele>
   </trkpt>
   <trkpt lat="43.7450230" lon="5.5668220">
    <ele>278.0</ele>
   </trkpt>
   <trkpt lat="43.7450790" lon="5.5668310">
    <ele>278.1</ele>
   </trkpt>
   <trkpt lat="43.7451360" lon="5.5668440">
    <ele>278.1</ele>
   </trkpt>
   <trkpt lat="43.7451950" lon="5.5668550">
    <ele>278.2</ele>
   </trkpt>
   <trkpt lat="43.7452520" lon="5.5668690">
    <ele>278.3</ele>
   </trkpt>
   <trkpt lat="43.7453090" lon="5.5668910">
    <ele>278.3</ele>
   </trkpt>
   <trkpt lat="43.7453640" lon="5.5669160">
    <ele>278.4</ele>
   </trkpt>
   <trkpt lat="43.7454160" lon="5.5669440">
    <ele>278.5</ele>
   </trkpt>
   <trkpt lat="43.7454710" lon="5.5669690">
    <ele>278.6</ele>
   </trkpt>
   <trkpt lat="43.7455270" lon="5.5669970">
    <ele>278.7</ele>
   </trkpt>
   <trkpt lat="43.7455820" lon="5.5670290">
    <ele>278.8</ele>
   </trkpt>
   <trkpt lat="43.7456350" lon="5.5670660">
    <ele>278.9</ele>
   </trkpt>
   <trkpt lat="43.7456840" lon="5.5671000">
    <ele>279.0</ele>
   </trkpt>
   <trkpt lat="43.7457370" lon="5.5671360">
    <ele>279.0</ele>
   </trkpt>
   <trkpt lat="43.7457870" lon="5.5671720">
    <ele>279.1</ele>
   </trkpt>
   <trkpt lat="43.7458360" lon="5.5672080">
    <ele>279.2</ele>
   </trkpt>
   <trkpt lat="43.7458890" lon="5.5672380">
    <ele>279.3</ele>
   </trkpt>
   <trkpt lat="43.7459400" lon="5.5672680">
    <ele>279.4</ele>
   </trkpt>
   <trkpt lat="43.7459890" lon="5.5673110">
    <ele>279.5</ele>
   </trkpt>
   <trkpt lat="43.7460390" lon="5.5673510">
    <ele>279.6</ele>
   </trkpt>
   <trkpt lat="43.7460920" lon="5.5673910">
    <ele>279.7</ele>
   </trkpt>
   <trkpt lat="43.7461430" lon="5.5674250">
    <ele>279.8</ele>
   </trkpt>
   <trkpt lat="43.7461940" lon="5.5674550">
    <ele>279.8</ele>
   </trkpt>
   <trkpt lat="43.7462420" lon="5.5674910">
    <ele>279.9</ele>
   </trkpt>
   <trkpt lat="43.7462890" lon="5.5675270">
    <ele>279.9</ele>
   </trkpt>
   <trkpt lat="43.7463380" lon="5.5675610">
    <ele>280.0</ele>
   </trkpt>
   <trkpt lat="43.7463890" lon="5.5675910">
    <ele>280.0</ele>
   </trkpt>
   <trkpt lat="43.7464430" lon="5.5676220">
    <ele>280.1</ele>
   </trkpt>
   <trkpt lat="43.7464980" lon="5.5676580">
    <ele>280.2</ele>
   </trkpt>
   <trkpt lat="43.7465520" lon="5.5676910">
    <ele>280.3</ele>
   </trkpt>
   <trkpt lat="43.7466040" lon="5.5677230">
    <ele>280.3</ele>
   </trkpt>
   <trkpt lat="43.7466530" lon="5.5677540">
    <ele>280.4</ele>
   </trkpt>
   <trkpt lat="43.7467030" lon="5.5677880">
    <ele>280.4</ele>
   </trkpt>
   <trkpt lat="43.7467550" lon="5.5678240">
    <ele>280.5</ele>
   </trkpt>
   <trkpt lat="43.7468070" lon="5.5678590">
    <ele>280.6</ele>
   </trkpt>
   <trkpt lat="43.7468560" lon="5.5678930">
    <ele>280.6</ele>
   </trkpt>
   <trkpt lat="43.7469060" lon="5.5679290">
    <ele>280.7</ele>
   </trkpt>
   <trkpt lat="43.7469570" lon="5.5679660">
    <ele>280.8</ele>
   </trkpt>
   <trkpt lat="43.7470050" lon="5.5679990">
    <ele>280.8</ele>
   </trkpt>
   <trkpt lat="43.7470550" lon="5.5680300">
    <ele>280.9</ele>
   </trkpt>
   <trkpt lat="43.7471060" lon="5.5680630">
    <ele>281.0</ele>
   </trkpt>
   <trkpt lat="43.7471560" lon="5.5681010">
    <ele>281.1</ele>
   </trkpt>
   <trkpt lat="43.7472040" lon="5.5681340">
    <ele>281.1</ele>
   </trkpt>
   <trkpt lat="43.7472520" lon="5.5681600">
    <ele>281.2</ele>
   </trkpt>
   <trkpt lat="43.7473040" lon="5.5681910">
    <ele>281.3</ele>
   </trkpt>
   <trkpt lat="43.7473550" lon="5.5682270">
    <ele>281.4</ele>
   </trkpt>
   <trkpt lat="43.7474100" lon="5.5682590">
    <ele>281.5</ele>
   </trkpt>
   <trkpt lat="43.7474650" lon="5.5682940">
    <ele>281.6</ele>
   </trkpt>
   <trkpt lat="43.7475190" lon="5.5683300">
    <ele>281.6</ele>
   </trkpt>
   <trkpt lat="43.7475730" lon="5.5683650">
    <ele>281.7</ele>
   </trkpt>
   <trkpt lat="43.7476230" lon="5.5684040">
    <ele>281.8</ele>
   </trkpt>
   <trkpt lat="43.7476720" lon="5.5684500">
    <ele>281.9</ele>
   </trkpt>
   <trkpt lat="43.7477210" lon="5.5684950">
    <ele>282.0</ele>
   </trkpt>
   <trkpt lat="43.7477670" lon="5.5685320">
    <ele>282.1</ele>
   </trkpt>
   <trkpt lat="43.7478140" lon="5.5685670">
    <ele>282.2</ele>
   </trkpt>
   <trkpt lat="43.7478610" lon="5.5685970">
    <ele>282.3</ele>
   </trkpt>
   <trkpt lat="43.7479100" lon="5.5686330">
    <ele>282.4</ele>
   </trkpt>
   <trkpt lat="43.7479610" lon="5.5686660">
    <ele>282.5</ele>
   </trkpt>
   <trkpt lat="43.7480100" lon="5.5686970">
    <ele>282.6</ele>
   </trkpt>
   <trkpt lat="43.7480590" lon="5.5687260">
    <ele>282.7</ele>
   </trkpt>
   <trkpt lat="43.7481050" lon="5.5687580">
    <ele>282.7</ele>
   </trkpt>
   <trkpt lat="43.7481490" lon="5.5687880">
    <ele>282.8</ele>
   </trkpt>
   <trkpt lat="43.7481940" lon="5.5688180">
    <ele>282.9</ele>
   </trkpt>
   <trkpt lat="43.7482400" lon="5.5688500">
    <ele>283.0</ele>
   </trkpt>
   <trkpt lat="43.7482850" lon="5.5688790">
    <ele>283.1</ele>
   </trkpt>
   <trkpt lat="43.7483280" lon="5.5689080">
    <ele>283.2</ele>
   </trkpt>
   <trkpt lat="43.7483740" lon="5.5689400">
    <ele>283.3</ele>
   </trkpt>
   <trkpt lat="43.7484210" lon="5.5689730">
    <ele>283.4</ele>
   </trkpt>
   <trkpt lat="43.7484700" lon="5.5690080">
    <ele>283.5</ele>
   </trkpt>
   <trkpt lat="43.7485190" lon="5.5690420">
    <ele>283.5</ele>
   </trkpt>
   <trkpt lat="43.7485690" lon="5.5690780">
    <ele>283.6</ele>
   </trkpt>
   <trkpt lat="43.7486220" lon="5.5691140">
    <ele>283.7</ele>
   </trkpt>
   <trkpt lat="43.7486730" lon="5.5691470">
    <ele>283.7</ele>
   </trkpt>
   <trkpt lat="43.7487250" lon="5.5691810">
    <ele>283.7</ele>
   </trkpt>
   <trkpt lat="43.7487800" lon="5.5692150">
    <ele>283.9</ele>
   </trkpt>
   <trkpt lat="43.7488350" lon="5.5692440">
    <ele>284.1</ele>
   </trkpt>
   <trkpt lat="43.7488890" lon="5.5692700">
    <ele>284.3</ele>
   </trkpt>
   <trkpt lat="43.7489380" lon="5.5692930">
    <ele>284.5</ele>
   </trkpt>
   <trkpt lat="43.7489880" lon="5.5693180">
    <ele>284.7</ele>
   </trkpt>
   <trkpt lat="43.7490350" lon="5.5693410">
    <ele>284.9</ele>
   </trkpt>
   <trkpt lat="43.7490810" lon="5.5693640">
    <ele>285.1</ele>
   </trkpt>
   <trkpt lat="43.7491260" lon="5.5693830">
    <ele>285.3</ele>
   </trkpt>
   <trkpt lat="43.7491810" lon="5.5694050">
    <ele>285.5</ele>
   </trkpt>
   <trkpt lat="43.7492310" lon="5.5694230">
    <ele>285.8</ele>
   </trkpt>
   <trkpt lat="43.7492820" lon="5.5694380">
    <ele>286.0</ele>
   </trkpt>
   <trkpt lat="43.7493300" lon="5.5694540">
    <ele>286.2</ele>
   </trkpt>
   <trkpt lat="43.7493790" lon="5.5694740">
    <ele>286.5</ele>
   </trkpt>
   <trkpt lat="43.7494310" lon="5.5694930">
    <ele>286.8</ele>
   </trkpt>
   <trkpt lat="43.7494810" lon="5.5695110">
    <ele>287.0</ele>
   </trkpt>
   <trkpt lat="43.7495270" lon="5.5695280">
    <ele>287.3</ele>
   </trkpt>
   <trkpt lat="43.7495740" lon="5.5695470">
    <ele>287.5</ele>
   </trkpt>
   <trkpt lat="43.7496220" lon="5.5695670">
    <ele>287.8</ele>
   </trkpt>
   <trkpt lat="43.7496670" lon="5.5695840">
    <ele>288.0</ele>
   </trkpt>
   <trkpt lat="43.7497080" lon="5.5696020">
    <ele>288.2</ele>
   </trkpt>
   <trkpt lat="43.7497510" lon="5.5696190">
    <ele>288.5</ele>
   </trkpt>
   <trkpt lat="43.7497930" lon="5.5696370">
    <ele>288.7</ele>
   </trkpt>
   <trkpt lat="43.7498440" lon="5.5696600">
    <ele>289.0</ele>
   </trkpt>
   <trkpt lat="43.7498950" lon="5.5696760">
    <ele>289.3</ele>
   </trkpt>
   <trkpt lat="43.7499440" lon="5.5696940">
    <ele>289.6</ele>
   </trkpt>
   <trkpt lat="43.7499940" lon="5.5697140">
    <ele>289.8</ele>
   </trkpt>
   <trkpt lat="43.7500440" lon="5.5697330">
    <ele>290.1</ele>
   </trkpt>
   <trkpt lat="43.7500920" lon="5.5697490">
    <ele>290.4</ele>
   </trkpt>
   <trkpt lat="43.7501430" lon="5.5697660">
    <ele>290.6</ele>
   </trkpt>
   <trkpt lat="43.7501920" lon="5.5697790">
    <ele>290.8</ele>
   </trkpt>
   <trkpt lat="43.7502430" lon="5.5697940">
    <ele>291.1</ele>
   </trkpt>
   <trkpt lat="43.7502870" lon="5.5698110">
    <ele>291.3</ele>
   </trkpt>
   <trkpt lat="43.7503310" lon="5.5698270">
    <ele>291.5</ele>
   </trkpt>
   <trkpt lat="43.7503770" lon="5.5698460">
    <ele>291.8</ele>
   </trkpt>
   <trkpt lat="43.7504230" lon="5.5698670">
    <ele>292.0</ele>
   </trkpt>
   <trkpt lat="43.7504700" lon="5.5698890">
    <ele>292.3</ele>
   </trkpt>
   <trkpt lat="43.7505150" lon="5.5699080">
    <ele>292.5</ele>
   </trkpt>
   <trkpt lat="43.7505590" lon="5.5699280">
    <ele>292.7</ele>
   </trkpt>
   <trkpt lat="43.7506020" lon="5.5699500">
    <ele>292.9</ele>
   </trkpt>
   <trkpt lat="43.7506460" lon="5.5699710">
    <ele>293.1</ele>
   </trkpt>
   <trkpt lat="43.7506890" lon="5.5699860">
    <ele>293.3</ele>
   </trkpt>
   <trkpt lat="43.7507360" lon="5.5700090">
    <ele>293.5</ele>
   </trkpt>
   <trkpt lat="43.7507800" lon="5.5700330">
    <ele>293.7</ele>
   </trkpt>
   <trkpt lat="43.7508240" lon="5.5700610">
    <ele>294.0</ele>
   </trkpt>
   <trkpt lat="43.7508660" lon="5.5700860">
    <ele>294.2</ele>
   </trkpt>
   <trkpt lat="43.7509090" lon="5.5701110">
    <ele>294.3</ele>
   </trkpt>
   <trkpt lat="43.7509500" lon="5.5701380">
    <ele>294.5</ele>
   </trkpt>
   <trkpt lat="43.7510330" lon="5.5701950">
    <ele>294.7</ele>
   </trkpt>
   <trkpt lat="43.7510720" lon="5.5702230">
    <ele>294.8</ele>
   </trkpt>
   <trkpt lat="43.7511120" lon="5.5702580">
    <ele>294.9</ele>
   </trkpt>
   <trkpt lat="43.7511540" lon="5.5702900">
    <ele>295.0</ele>
   </trkpt>
   <trkpt lat="43.7511930" lon="5.5703240">
    <ele>295.1</ele>
   </trkpt>
   <trkpt lat="43.7512340" lon="5.5703580">
    <ele>295.2</ele>
   </trkpt>
   <trkpt lat="43.7512750" lon="5.5703900">
    <ele>295.3</ele>
   </trkpt>
   <trkpt lat="43.7513170" lon="5.5704220">
    <ele>295.3</ele>
   </trkpt>
   <trkpt lat="43.7513630" lon="5.5704550">
    <ele>295.4</ele>
   </trkpt>
   <trkpt lat="43.7514110" lon="5.5704860">
    <ele>295.4</ele>
   </trkpt>
   <trkpt lat="43.7514560" lon="5.5705230">
    <ele>295.5</ele>
   </trkpt>
   <trkpt lat="43.7515030" lon="5.5705600">
    <ele>295.5</ele>
   </trkpt>
   <trkpt lat="43.7515460" lon="5.5705920">
    <ele>295.5</ele>
   </trkpt>
   <trkpt lat="43.7515850" lon="5.5706230">
    <ele>295.5</ele>
   </trkpt>
   <trkpt lat="43.7516230" lon="5.5706600">
    <ele>295.5</ele>
   </trkpt>
   <trkpt lat="43.7516670" lon="5.5706990">
    <ele>295.5</ele>
   </trkpt>
   <trkpt lat="43.7517190" lon="5.5707390">
    <ele>295.5</ele>
   </trkpt>
   <trkpt lat="43.7517690" lon="5.5707820">
    <ele>295.5</ele>
   </trkpt>
   <trkpt lat="43.7518190" lon="5.5708250">
    <ele>295.5</ele>
   </trkpt>
   <trkpt lat="43.7518670" lon="5.5708620">
    <ele>295.5</ele>
   </trkpt>
   <trkpt lat="43.7519160" lon="5.5709030">
    <ele>295.5</ele>
   </trkpt>
   <trkpt lat="43.7519710" lon="5.5709400">
    <ele>295.5</ele>
   </trkpt>
   <trkpt lat="43.7520280" lon="5.5709800">
    <ele>295.5</ele>
   </trkpt>
   <trkpt lat="43.7520840" lon="5.5710210">
    <ele>295.5</ele>
   </trkpt>
   <trkpt lat="43.7521420" lon="5.5710630">
    <ele>295.5</ele>
   </trkpt>
   <trkpt lat="43.7521960" lon="5.5711080">
    <ele>295.5</ele>
   </trkpt>
   <trkpt lat="43.7522520" lon="5.5711520">
    <ele>295.5</ele>
   </trkpt>
   <trkpt lat="43.7523060" lon="5.5711980">
    <ele>295.5</ele>
   </trkpt>
   <trkpt lat="43.7523590" lon="5.5712370">
    <ele>295.5</ele>
   </trkpt>
   <trkpt lat="43.7524150" lon="5.5712770">
    <ele>295.5</ele>
   </trkpt>
   <trkpt lat="43.7524650" lon="5.5713210">
    <ele>295.5</ele>
   </trkpt>
   <trkpt lat="43.7525190" lon="5.5713610">
    <ele>295.5</ele>
   </trkpt>
   <trkpt lat="43.7525730" lon="5.5714040">
    <ele>295.5</ele>
   </trkpt>
   <trkpt lat="43.7526280" lon="5.5714460">
    <ele>295.5</ele>
   </trkpt>
   <trkpt lat="43.7526840" lon="5.5714860">
    <ele>295.5</ele>
   </trkpt>
   <trkpt lat="43.7527430" lon="5.5715270">
    <ele>295.6</ele>
   </trkpt>
   <trkpt lat="43.7528540" lon="5.5715870">
    <ele>295.6</ele>
   </trkpt>
   <trkpt lat="43.7529190" lon="5.5716100">
    <ele>295.6</ele>
   </trkpt>
   <trkpt lat="43.7529820" lon="5.5716270">
    <ele>295.5</ele>
   </trkpt>
   <trkpt lat="43.7530460" lon="5.5716230">
    <ele>295.5</ele>
   </trkpt>
   <trkpt lat="43.7531100" lon="5.5716090">
    <ele>295.5</ele>
   </trkpt>
   <trkpt lat="43.7531720" lon="5.5715870">
    <ele>295.5</ele>
   </trkpt>
   <trkpt lat="43.7532370" lon="5.5715590">
    <ele>295.5</ele>
   </trkpt>
   <trkpt lat="43.7532990" lon="5.5715360">
    <ele>295.5</ele>
   </trkpt>
   <trkpt lat="43.7533630" lon="5.5715080">
    <ele>295.5</ele>
   </trkpt>
   <trkpt lat="43.7534230" lon="5.5714780">
    <ele>295.5</ele>
   </trkpt>
   <trkpt lat="43.7534850" lon="5.5714480">
    <ele>295.5</ele>
   </trkpt>
   <trkpt lat="43.7535510" lon="5.5714180">
    <ele>295.5</ele>
   </trkpt>
   <trkpt lat="43.7536180" lon="5.5713920">
    <ele>295.5</ele>
   </trkpt>
   <trkpt lat="43.7536880" lon="5.5713840">
    <ele>295.5</ele>
   </trkpt>
   <trkpt lat="43.7537640" lon="5.5713960">
    <ele>295.5</ele>
   </trkpt>
   <trkpt lat="43.7538380" lon="5.5714140">
    <ele>295.6</ele>
   </trkpt>
   <trkpt lat="43.7539030" lon="5.5714540">
    <ele>295.6</ele>
   </trkpt>
   <trkpt lat="43.7539660" lon="5.5715050">
    <ele>295.8</ele>
   </trkpt>
   <trkpt lat="43.7540230" lon="5.5715560">
    <ele>295.9</ele>
   </trkpt>
   <trkpt lat="43.7540780" lon="5.5716100">
    <ele>296.1</ele>
   </trkpt>
   <trkpt lat="43.7541340" lon="5.5716720">
    <ele>296.2</ele>
   </trkpt>
   <trkpt lat="43.7541890" lon="5.5717310">
    <ele>296.4</ele>
   </trkpt>
   <trkpt lat="43.7542450" lon="5.5717860">
    <ele>296.6</ele>
   </trkpt>
   <trkpt lat="43.7542940" lon="5.5718490">
    <ele>296.8</ele>
   </trkpt>
   <trkpt lat="43.7543390" lon="5.5719060">
    <ele>297.0</ele>
   </trkpt>
   <trkpt lat="43.7543870" lon="5.5719610">
    <ele>297.3</ele>
   </trkpt>
   <trkpt lat="43.7544380" lon="5.5720140">
    <ele>297.5</ele>
   </trkpt>
   <trkpt lat="43.7544840" lon="5.5720680">
    <ele>297.7</ele>
   </trkpt>
   <trkpt lat="43.7545340" lon="5.5721280">
    <ele>297.9</ele>
   </trkpt>
   <trkpt lat="43.7545810" lon="5.5721850">
    <ele>298.2</ele>
   </trkpt>
   <trkpt lat="43.7546270" lon="5.5722410">
    <ele>298.4</ele>
   </trkpt>
   <trkpt lat="43.7546750" lon="5.5722920">
    <ele>298.6</ele>
   </trkpt>
   <trkpt lat="43.7547230" lon="5.5723470">
    <ele>298.9</ele>
   </trkpt>
   <trkpt lat="43.7547750" lon="5.5724010">
    <ele>299.1</ele>
   </trkpt>
   <trkpt lat="43.7548280" lon="5.5724620">
    <ele>299.3</ele>
   </trkpt>
   <trkpt lat="43.7548720" lon="5.5725200">
    <ele>299.5</ele>
   </trkpt>
   <trkpt lat="43.7549160" lon="5.5725790">
    <ele>299.8</ele>
   </trkpt>
   <trkpt lat="43.7549650" lon="5.5726430">
    <ele>300.0</ele>
   </trkpt>
   <trkpt lat="43.7550150" lon="5.5727010">
    <ele>300.2</ele>
   </trkpt>
   <trkpt lat="43.7550640" lon="5.5727620">
    <ele>300.4</ele>
   </trkpt>
   <trkpt lat="43.7551080" lon="5.5728210">
    <ele>300.5</ele>
   </trkpt>
   <trkpt lat="43.7551910" lon="5.5729470">
    <ele>300.8</ele>
   </trkpt>
   <trkpt lat="43.7552350" lon="5.5730150">
    <ele>300.9</ele>
   </trkpt>
   <trkpt lat="43.7552760" lon="5.5730870">
    <ele>301.0</ele>
   </trkpt>
   <trkpt lat="43.7553210" lon="5.5731550">
    <ele>301.0</ele>
   </trkpt>
   <trkpt lat="43.7553650" lon="5.5732210">
    <ele>301.1</ele>
   </trkpt>
   <trkpt lat="43.7554100" lon="5.5732930">
    <ele>301.2</ele>
   </trkpt>
   <trkpt lat="43.7554520" lon="5.5733620">
    <ele>301.2</ele>
   </trkpt>
   <trkpt lat="43.7554960" lon="5.5734300">
    <ele>301.2</ele>
   </trkpt>
   <trkpt lat="43.7555410" lon="5.5735050">
    <ele>301.2</ele>
   </trkpt>
   <trkpt lat="43.7555910" lon="5.5735820">
    <ele>301.3</ele>
   </trkpt>
   <trkpt lat="43.7556380" lon="5.5736500">
    <ele>301.3</ele>
   </trkpt>
   <trkpt lat="43.7556860" lon="5.5737150">
    <ele>301.3</ele>
   </trkpt>
   <trkpt lat="43.7557330" lon="5.5737780">
    <ele>301.3</ele>
   </trkpt>
   <trkpt lat="43.7557810" lon="5.5738430">
    <ele>301.4</ele>
   </trkpt>
   <trkpt lat="43.7558310" lon="5.5739110">
    <ele>301.4</ele>
   </trkpt>
   <trkpt lat="43.7558750" lon="5.5739780">
    <ele>301.4</ele>
   </trkpt>
   <trkpt lat="43.7559210" lon="5.5740400">
    <ele>301.5</ele>
   </trkpt>
   <trkpt lat="43.7559690" lon="5.5741040">
    <ele>301.5</ele>
   </trkpt>
   <trkpt lat="43.7560190" lon="5.5741620">
    <ele>301.6</ele>
   </trkpt>
   <trkpt lat="43.7560720" lon="5.5742170">
    <ele>301.6</ele>
   </trkpt>
   <trkpt lat="43.7561250" lon="5.5742710">
    <ele>301.6</ele>
   </trkpt>
   <trkpt lat="43.7561810" lon="5.5743250">
    <ele>301.6</ele>
   </trkpt>
   <trkpt lat="43.7562340" lon="5.5743800">
    <ele>301.6</ele>
   </trkpt>
   <trkpt lat="43.7562930" lon="5.5744330">
    <ele>301.6</ele>
   </trkpt>
   <trkpt lat="43.7563480" lon="5.5744870">
    <ele>301.7</ele>
   </trkpt>
   <trkpt lat="43.7564030" lon="5.5745400">
    <ele>301.7</ele>
   </trkpt>
   <trkpt lat="43.7564610" lon="5.5745860">
    <ele>301.7</ele>
   </trkpt>
   <trkpt lat="43.7565160" lon="5.5746390">
    <ele>301.7</ele>
   </trkpt>
   <trkpt lat="43.7565660" lon="5.5746910">
    <ele>301.7</ele>
   </trkpt>
   <trkpt lat="43.7566160" lon="5.5747540">
    <ele>301.7</ele>
   </trkpt>
   <trkpt lat="43.7566680" lon="5.5748220">
    <ele>301.7</ele>
   </trkpt>
   <trkpt lat="43.7567160" lon="5.5748940">
    <ele>301.7</ele>
   </trkpt>
   <trkpt lat="43.7567600" lon="5.5749700">
    <ele>301.7</ele>
   </trkpt>
   <trkpt lat="43.7568060" lon="5.5750450">
    <ele>301.7</ele>
   </trkpt>
   <trkpt lat="43.7568470" lon="5.5751220">
    <ele>301.7</ele>
   </trkpt>
   <trkpt lat="43.7568840" lon="5.5751990">
    <ele>301.7</ele>
   </trkpt>
   <trkpt lat="43.7569230" lon="5.5752800">
    <ele>301.7</ele>
   </trkpt>
   <trkpt lat="43.7569590" lon="5.5753580">
    <ele>301.7</ele>
   </trkpt>
   <trkpt lat="43.7569920" lon="5.5754410">
    <ele>301.7</ele>
   </trkpt>
   <trkpt lat="43.7570210" lon="5.5755240">
    <ele>301.7</ele>
   </trkpt>
   <trkpt lat="43.7570540" lon="5.5756020">
    <ele>301.8</ele>
   </trkpt>
   <trkpt lat="43.7570850" lon="5.5756750">
    <ele>301.8</ele>
   </trkpt>
   <trkpt lat="43.7571160" lon="5.5757550">
    <ele>301.8</ele>
   </trkpt>
   <trkpt lat="43.7571490" lon="5.5758370">
    <ele>301.9</ele>
   </trkpt>
   <trkpt lat="43.7571790" lon="5.5759200">
    <ele>301.9</ele>
   </trkpt>
   <trkpt lat="43.7572160" lon="5.5760000">
    <ele>302.0</ele>
   </trkpt>
   <trkpt lat="43.7572490" lon="5.5760770">
    <ele>302.0</ele>
   </trkpt>
   <trkpt lat="43.7572880" lon="5.5761540">
    <ele>302.1</ele>
   </trkpt>
   <trkpt lat="43.7573250" lon="5.5762260">
    <ele>302.1</ele>
   </trkpt>
   <trkpt lat="43.7573630" lon="5.5762930">
    <ele>302.2</ele>
   </trkpt>
   <trkpt lat="43.7574030" lon="5.5763620">
    <ele>302.2</ele>
   </trkpt>
   <trkpt lat="43.7574830" lon="5.5764780">
    <ele>302.4</ele>
   </trkpt>
   <trkpt lat="43.7575290" lon="5.5765290">
    <ele>302.4</ele>
   </trkpt>
   <trkpt lat="43.7575750" lon="5.5765780">
    <ele>302.5</ele>
   </trkpt>
   <trkpt lat="43.7576210" lon="5.5766270">
    <ele>302.5</ele>
   </trkpt>
   <trkpt lat="43.7576690" lon="5.5766780">
    <ele>302.6</ele>
   </trkpt>
   <trkpt lat="43.7577160" lon="5.5767260">
    <ele>302.6</ele>
   </trkpt>
   <trkpt lat="43.7577660" lon="5.5767780">
    <ele>302.7</ele>
   </trkpt>
   <trkpt lat="43.7578180" lon="5.5768280">
    <ele>302.7</ele>
   </trkpt>
   <trkpt lat="43.7578730" lon="5.5768770">
    <ele>302.8</ele>
   </trkpt>
   <trkpt lat="43.7579250" lon="5.5769340">
    <ele>302.8</ele>
   </trkpt>
   <trkpt lat="43.7580160" lon="5.5770340">
    <ele>303.0</ele>
   </trkpt>
   <trkpt lat="43.7580640" lon="5.5770860">
    <ele>303.0</ele>
   </trkpt>
   <trkpt lat="43.7581110" lon="5.5771340">
    <ele>303.1</ele>
   </trkpt>
   <trkpt lat="43.7581590" lon="5.5771830">
    <ele>303.1</ele>
   </trkpt>
   <trkpt lat="43.7582060" lon="5.5772320">
    <ele>303.2</ele>
   </trkpt>
   <trkpt lat="43.7582560" lon="5.5772820">
    <ele>303.3</ele>
   </trkpt>
   <trkpt lat="43.7583050" lon="5.5773350">
    <ele>303.4</ele>
   </trkpt>
   <trkpt lat="43.7583570" lon="5.5773830">
    <ele>303.6</ele>
   </trkpt>
   <trkpt lat="43.7584060" lon="5.5774310">
    <ele>303.7</ele>
   </trkpt>
   <trkpt lat="43.7584510" lon="5.5774750">
    <ele>303.8</ele>
   </trkpt>
   <trkpt lat="43.7584970" lon="5.5775280">
    <ele>303.9</ele>
   </trkpt>
   <trkpt lat="43.7585440" lon="5.5775780">
    <ele>304.0</ele>
   </trkpt>
   <trkpt lat="43.7585960" lon="5.5776240">
    <ele>304.1</ele>
   </trkpt>
   <trkpt lat="43.7586880" lon="5.5777170">
    <ele>304.4</ele>
   </trkpt>
   <trkpt lat="43.7587360" lon="5.5777610">
    <ele>304.5</ele>
   </trkpt>
   <trkpt lat="43.7587820" lon="5.5778040">
    <ele>304.6</ele>
   </trkpt>
   <trkpt lat="43.7588280" lon="5.5778500">
    <ele>304.7</ele>
   </trkpt>
   <trkpt lat="43.7588770" lon="5.5779000">
    <ele>304.9</ele>
   </trkpt>
   <trkpt lat="43.7589280" lon="5.5779480">
    <ele>305.0</ele>
   </trkpt>
   <trkpt lat="43.7589770" lon="5.5779980">
    <ele>305.1</ele>
   </trkpt>
   <trkpt lat="43.7590250" lon="5.5780480">
    <ele>305.3</ele>
   </trkpt>
   <trkpt lat="43.7590700" lon="5.5781000">
    <ele>305.4</ele>
   </trkpt>
   <trkpt lat="43.7591180" lon="5.5781490">
    <ele>305.5</ele>
   </trkpt>
   <trkpt lat="43.7591660" lon="5.5781960">
    <ele>305.6</ele>
   </trkpt>
   <trkpt lat="43.7592150" lon="5.5782430">
    <ele>305.7</ele>
   </trkpt>
   <trkpt lat="43.7592680" lon="5.5782820">
    <ele>305.8</ele>
   </trkpt>
   <trkpt lat="43.7593210" lon="5.5783110">
    <ele>305.9</ele>
   </trkpt>
   <trkpt lat="43.7593710" lon="5.5783450">
    <ele>306.0</ele>
   </trkpt>
   <trkpt lat="43.7594170" lon="5.5783920">
    <ele>306.1</ele>
   </trkpt>
   <trkpt lat="43.7594580" lon="5.5784440">
    <ele>306.2</ele>
   </trkpt>
   <trkpt lat="43.7594980" lon="5.5784950">
    <ele>306.3</ele>
   </trkpt>
   <trkpt lat="43.7595430" lon="5.5785330">
    <ele>306.3</ele>
   </trkpt>
   <trkpt lat="43.7597690" lon="5.5787310">
    <ele>306.7</ele>
   </trkpt>
   <trkpt lat="43.7597970" lon="5.5787590">
    <ele>306.7</ele>
   </trkpt>
   <trkpt lat="43.7598260" lon="5.5787880">
    <ele>306.8</ele>
   </trkpt>
   <trkpt lat="43.7598630" lon="5.5788370">
    <ele>306.8</ele>
   </trkpt>
   <trkpt lat="43.7599010" lon="5.5788940">
    <ele>306.9</ele>
   </trkpt>
   <trkpt lat="43.7599340" lon="5.5789410">
    <ele>307.0</ele>
   </trkpt>
   <trkpt lat="43.7599720" lon="5.5789750">
    <ele>307.0</ele>
   </trkpt>
   <trkpt lat="43.7600250" lon="5.5790080">
    <ele>307.1</ele>
   </trkpt>
   <trkpt lat="43.7600680" lon="5.5790460">
    <ele>307.1</ele>
   </trkpt>
   <trkpt lat="43.7601050" lon="5.5790950">
    <ele>307.1</ele>
   </trkpt>
   <trkpt lat="43.7601410" lon="5.5791480">
    <ele>307.2</ele>
   </trkpt>
   <trkpt lat="43.7601830" lon="5.5792050">
    <ele>307.2</ele>
   </trkpt>
   <trkpt lat="43.7602270" lon="5.5792590">
    <ele>307.3</ele>
   </trkpt>
   <trkpt lat="43.7602650" lon="5.5793100">
    <ele>307.3</ele>
   </trkpt>
   <trkpt lat="43.7603050" lon="5.5793600">
    <ele>307.3</ele>
   </trkpt>
   <trkpt lat="43.7603540" lon="5.5794130">
    <ele>307.3</ele>
   </trkpt>
   <trkpt lat="43.7604040" lon="5.5794610">
    <ele>307.3</ele>
   </trkpt>
   <trkpt lat="43.7604480" lon="5.5795060">
    <ele>307.3</ele>
   </trkpt>
   <trkpt lat="43.7604910" lon="5.5795610">
    <ele>307.4</ele>
   </trkpt>
   <trkpt lat="43.7605340" lon="5.5796140">
    <ele>307.4</ele>
   </trkpt>
   <trkpt lat="43.7605740" lon="5.5796570">
    <ele>307.4</ele>
   </trkpt>
   <trkpt lat="43.7606230" lon="5.5797050">
    <ele>307.4</ele>
   </trkpt>
   <trkpt lat="43.7606810" lon="5.5797500">
    <ele>307.4</ele>
   </trkpt>
   <trkpt lat="43.7607290" lon="5.5797970">
    <ele>307.4</ele>
   </trkpt>
   <trkpt lat="43.7607780" lon="5.5798440">
    <ele>307.4</ele>
   </trkpt>
   <trkpt lat="43.7608330" lon="5.5798920">
    <ele>307.4</ele>
   </trkpt>
   <trkpt lat="43.7608790" lon="5.5799400">
    <ele>307.4</ele>
   </trkpt>
   <trkpt lat="43.7609250" lon="5.5799920">
    <ele>307.4</ele>
   </trkpt>
   <trkpt lat="43.7609750" lon="5.5800420">
    <ele>307.5</ele>
   </trkpt>
   <trkpt lat="43.7610280" lon="5.5800930">
    <ele>307.5</ele>
   </trkpt>
   <trkpt lat="43.7610830" lon="5.5801460">
    <ele>307.5</ele>
   </trkpt>
   <trkpt lat="43.7611400" lon="5.5802000">
    <ele>307.6</ele>
   </trkpt>
   <trkpt lat="43.7611930" lon="5.5802480">
    <ele>307.6</ele>
   </trkpt>
   <trkpt lat="43.7612480" lon="5.5802960">
    <ele>307.6</ele>
   </trkpt>
   <trkpt lat="43.7613020" lon="5.5803420">
    <ele>307.6</ele>
   </trkpt>
   <trkpt lat="43.7613610" lon="5.5803830">
    <ele>307.7</ele>
   </trkpt>
   <trkpt lat="43.7614180" lon="5.5804230">
    <ele>307.7</ele>
   </trkpt>
   <trkpt lat="43.7614780" lon="5.5804650">
    <ele>307.7</ele>
   </trkpt>
   <trkpt lat="43.7615420" lon="5.5805080">
    <ele>307.7</ele>
   </trkpt>
   <trkpt lat="43.7616040" lon="5.5805570">
    <ele>307.7</ele>
   </trkpt>
   <trkpt lat="43.7616640" lon="5.5805960">
    <ele>307.7</ele>
   </trkpt>
   <trkpt lat="43.7617320" lon="5.5806440">
    <ele>307.6</ele>
   </trkpt>
   <trkpt lat="43.7618530" lon="5.5807280">
    <ele>307.6</ele>
   </trkpt>
   <trkpt lat="43.7619140" lon="5.5807720">
    <ele>307.5</ele>
   </trkpt>
   <trkpt lat="43.7619760" lon="5.5808140">
    <ele>307.5</ele>
   </trkpt>
   <trkpt lat="43.7620340" lon="5.5808590">
    <ele>307.5</ele>
   </trkpt>
   <trkpt lat="43.7620940" lon="5.5809000">
    <ele>307.5</ele>
   </trkpt>
   <trkpt lat="43.7621530" lon="5.5809410">
    <ele>307.5</ele>
   </trkpt>
   <trkpt lat="43.7622140" lon="5.5809850">
    <ele>307.5</ele>
   </trkpt>
   <trkpt lat="43.7622680" lon="5.5810420">
    <ele>307.5</ele>
   </trkpt>
   <trkpt lat="43.7623290" lon="5.5810860">
    <ele>307.6</ele>
   </trkpt>
   <trkpt lat="43.7623930" lon="5.5811270">
    <ele>307.6</ele>
   </trkpt>
   <trkpt lat="43.7624580" lon="5.5811770">
    <ele>307.6</ele>
   </trkpt>
   <trkpt lat="43.7624950" lon="5.5812260">
    <ele>307.7</ele>
   </trkpt>
   <trkpt lat="43.7625460" lon="5.5812700">
    <ele>307.7</ele>
   </trkpt>
   <trkpt lat="43.7625890" lon="5.5813080">
    <ele>307.7</ele>
   </trkpt>
   <trkpt lat="43.7626280" lon="5.5813530">
    <ele>307.7</ele>
   </trkpt>
   <trkpt lat="43.7626680" lon="5.5813960">
    <ele>307.7</ele>
   </trkpt>
   <trkpt lat="43.7627160" lon="5.5814290">
    <ele>307.7</ele>
   </trkpt>
   <trkpt lat="43.7627620" lon="5.5814600">
    <ele>307.7</ele>
   </trkpt>
   <trkpt lat="43.7627950" lon="5.5814950">
    <ele>307.6</ele>
   </trkpt>
   <trkpt lat="43.7628320" lon="5.5815410">
    <ele>307.6</ele>
   </trkpt>
   <trkpt lat="43.7628710" lon="5.5815810">
    <ele>307.6</ele>
   </trkpt>
   <trkpt lat="43.7629040" lon="5.5816160">
    <ele>307.6</ele>
   </trkpt>
   <trkpt lat="43.7629380" lon="5.5816520">
    <ele>307.6</ele>
   </trkpt>
   <trkpt lat="43.7629670" lon="5.5816900">
    <ele>307.5</ele>
   </trkpt>
   <trkpt lat="43.7629990" lon="5.5817270">
    <ele>307.5</ele>
   </trkpt>
   <trkpt lat="43.7630330" lon="5.5817600">
    <ele>307.5</ele>
   </trkpt>
   <trkpt lat="43.7630620" lon="5.5817900">
    <ele>307.5</ele>
   </trkpt>
   <trkpt lat="43.7630950" lon="5.5818410">
    <ele>307.4</ele>
   </trkpt>
   <trkpt lat="43.7631100" lon="5.5818640">
    <ele>307.4</ele>
   </trkpt>
   <trkpt lat="43.7631500" lon="5.5818880">
    <ele>307.3</ele>
   </trkpt>
   <trkpt lat="43.7631810" lon="5.5819080">
    <ele>307.2</ele>
   </trkpt>
   <trkpt lat="43.7632100" lon="5.5819340">
    <ele>307.2</ele>
   </trkpt>
   <trkpt lat="43.7632250" lon="5.5819650">
    <ele>307.2</ele>
   </trkpt>
   <trkpt lat="43.7632420" lon="5.5819970">
    <ele>307.1</ele>
   </trkpt>
   <trkpt lat="43.7632630" lon="5.5820240">
    <ele>307.1</ele>
   </trkpt>
   <trkpt lat="43.7632920" lon="5.5820580">
    <ele>307.0</ele>
   </trkpt>
   <trkpt lat="43.7633020" lon="5.5820710">
    <ele>307.0</ele>
   </trkpt>
   <trkpt lat="43.7633260" lon="5.5821180">
    <ele>307.0</ele>
   </trkpt>
   <trkpt lat="43.7633310" lon="5.5821390">
    <ele>306.9</ele>
   </trkpt>
   <trkpt lat="43.7633430" lon="5.5821810">
    <ele>306.9</ele>
   </trkpt>
   <trkpt lat="43.7633580" lon="5.5822200">
    <ele>306.9</ele>
   </trkpt>
   <trkpt lat="43.7633780" lon="5.5822640">
    <ele>306.8</ele>
   </trkpt>
   <trkpt lat="43.7634150" lon="5.5822980">
    <ele>306.8</ele>
   </trkpt>
   <trkpt lat="43.7634420" lon="5.5823360">
    <ele>306.7</ele>
   </trkpt>
   <trkpt lat="43.7634720" lon="5.5823840">
    <ele>306.7</ele>
   </trkpt>
   <trkpt lat="43.7635100" lon="5.5824360">
    <ele>306.6</ele>
   </trkpt>
   <trkpt lat="43.7635340" lon="5.5824720">
    <ele>306.6</ele>
   </trkpt>
   <trkpt lat="43.7635610" lon="5.5825170">
    <ele>306.6</ele>
   </trkpt>
   <trkpt lat="43.7635890" lon="5.5825660">
    <ele>306.6</ele>
   </trkpt>
   <trkpt lat="43.7636170" lon="5.5826120">
    <ele>306.6</ele>
   </trkpt>
   <trkpt lat="43.7636430" lon="5.5826490">
    <ele>306.5</ele>
   </trkpt>
   <trkpt lat="43.7636720" lon="5.5826940">
    <ele>306.5</ele>
   </trkpt>
   <trkpt lat="43.7637030" lon="5.5827370">
    <ele>306.5</ele>
   </trkpt>
   <trkpt lat="43.7637250" lon="5.5827800">
    <ele>306.5</ele>
   </trkpt>
   <trkpt lat="43.7637440" lon="5.5828210">
    <ele>306.5</ele>
   </trkpt>
   <trkpt lat="43.7637690" lon="5.5828610">
    <ele>306.5</ele>
   </trkpt>
   <trkpt lat="43.7637900" lon="5.5829010">
    <ele>306.5</ele>
   </trkpt>
   <trkpt lat="43.7638070" lon="5.5829480">
    <ele>306.4</ele>
   </trkpt>
   <trkpt lat="43.7638240" lon="5.5829930">
    <ele>306.4</ele>
   </trkpt>
   <trkpt lat="43.7638480" lon="5.5830420">
    <ele>306.4</ele>
   </trkpt>
   <trkpt lat="43.7638720" lon="5.5830870">
    <ele>306.4</ele>
   </trkpt>
   <trkpt lat="43.7638960" lon="5.5831290">
    <ele>306.4</ele>
   </trkpt>
   <trkpt lat="43.7639130" lon="5.5831700">
    <ele>306.4</ele>
   </trkpt>
   <trkpt lat="43.7639310" lon="5.5832070">
    <ele>306.3</ele>
   </trkpt>
   <trkpt lat="43.7639440" lon="5.5832440">
    <ele>306.3</ele>
   </trkpt>
   <trkpt lat="43.7639520" lon="5.5832860">
    <ele>306.3</ele>
   </trkpt>
   <trkpt lat="43.7639640" lon="5.5833300">
    <ele>306.3</ele>
   </trkpt>
   <trkpt lat="43.7639790" lon="5.5833720">
    <ele>306.3</ele>
   </trkpt>
   <trkpt lat="43.7640000" lon="5.5834180">
    <ele>306.3</ele>
   </trkpt>
   <trkpt lat="43.7640260" lon="5.5834720">
    <ele>306.3</ele>
   </trkpt>
   <trkpt lat="43.7640500" lon="5.5835220">
    <ele>306.3</ele>
   </trkpt>
   <trkpt lat="43.7640690" lon="5.5835650">
    <ele>306.3</ele>
   </trkpt>
   <trkpt lat="43.7640880" lon="5.5836110">
    <ele>306.3</ele>
   </trkpt>
   <trkpt lat="43.7641050" lon="5.5836490">
    <ele>306.3</ele>
   </trkpt>
   <trkpt lat="43.7641220" lon="5.5836890">
    <ele>306.3</ele>
   </trkpt>
   <trkpt lat="43.7641380" lon="5.5837340">
    <ele>306.3</ele>
   </trkpt>
   <trkpt lat="43.7641570" lon="5.5837790">
    <ele>306.3</ele>
   </trkpt>
   <trkpt lat="43.7641760" lon="5.5838280">
    <ele>306.3</ele>
   </trkpt>
   <trkpt lat="43.7641930" lon="5.5838850">
    <ele>306.3</ele>
   </trkpt>
   <trkpt lat="43.7642120" lon="5.5839390">
    <ele>306.3</ele>
   </trkpt>
   <trkpt lat="43.7642360" lon="5.5839890">
    <ele>306.4</ele>
   </trkpt>
   <trkpt lat="43.7642560" lon="5.5840400">
    <ele>306.4</ele>
   </trkpt>
   <trkpt lat="43.7642660" lon="5.5840900">
    <ele>306.4</ele>
   </trkpt>
   <trkpt lat="43.7643110" lon="5.5842870">
    <ele>306.6</ele>
   </trkpt>
   <trkpt lat="43.7643110" lon="5.5842910">
    <ele>306.6</ele>
   </trkpt>
   <trkpt lat="43.7643120" lon="5.5842950">
    <ele>306.6</ele>
   </trkpt>
   <trkpt lat="43.7643150" lon="5.5842960">
    <ele>306.6</ele>
   </trkpt>
   <trkpt lat="43.7643170" lon="5.5843000">
    <ele>306.6</ele>
   </trkpt>
   <trkpt lat="43.7643200" lon="5.5843030">
    <ele>306.6</ele>
   </trkpt>
   <trkpt lat="43.7643230" lon="5.5843070">
    <ele>306.6</ele>
   </trkpt>
   <trkpt lat="43.7643260" lon="5.5843100">
    <ele>306.6</ele>
   </trkpt>
   <trkpt lat="43.7643280" lon="5.5843140">
    <ele>306.6</ele>
   </trkpt>
   <trkpt lat="43.7643310" lon="5.5843170">
    <ele>306.6</ele>
   </trkpt>
   <trkpt lat="43.7643340" lon="5.5843210">
    <ele>306.6</ele>
   </trkpt>
   <trkpt lat="43.7643370" lon="5.5843240">
    <ele>306.6</ele>
   </trkpt>
   <trkpt lat="43.7643390" lon="5.5843280">
    <ele>306.6</ele>
   </trkpt>
   <trkpt lat="43.7643420" lon="5.5843310">
    <ele>306.6</ele>
   </trkpt>
   <trkpt lat="43.7643450" lon="5.5843350">
    <ele>306.6</ele>
   </trkpt>
   <trkpt lat="43.7643480" lon="5.5843380">
    <ele>306.6</ele>
   </trkpt>
   <trkpt lat="43.7643500" lon="5.5843420">
    <ele>306.6</ele>
   </trkpt>
   <trkpt lat="43.7643530" lon="5.5843450">
    <ele>306.6</ele>
   </trkpt>
   <trkpt lat="43.7643560" lon="5.5843490">
    <ele>306.6</ele>
   </trkpt>
   <trkpt lat="43.7643590" lon="5.5843520">
    <ele>306.6</ele>
   </trkpt>
   <trkpt lat="43.7643610" lon="5.5843560">
    <ele>306.6</ele>
   </trkpt>
   <trkpt lat="43.7643640" lon="5.5843590">
    <ele>306.6</ele>
   </trkpt>
   <trkpt lat="43.7643670" lon="5.5843630">
    <ele>306.6</ele>
   </trkpt>
   <trkpt lat="43.7643700" lon="5.5843660">
    <ele>306.6</ele>
   </trkpt>
   <trkpt lat="43.7643720" lon="5.5843700">
    <ele>306.7</ele>
   </trkpt>
   <trkpt lat="43.7643750" lon="5.5843730">
    <ele>306.7</ele>
   </trkpt>
   <trkpt lat="43.7643860" lon="5.5844110">
    <ele>306.7</ele>
   </trkpt>
   <trkpt lat="43.7643980" lon="5.5844550">
    <ele>306.8</ele>
   </trkpt>
   <trkpt lat="43.7644140" lon="5.5845060">
    <ele>306.8</ele>
   </trkpt>
   <trkpt lat="43.7644320" lon="5.5845610">
    <ele>306.9</ele>
   </trkpt>
   <trkpt lat="43.7644350" lon="5.5846160">
    <ele>307.0</ele>
   </trkpt>
   <trkpt lat="43.7644470" lon="5.5846750">
    <ele>307.1</ele>
   </trkpt>
   <trkpt lat="43.7644560" lon="5.5847370">
    <ele>307.3</ele>
   </trkpt>
   <trkpt lat="43.7644580" lon="5.5848080">
    <ele>307.4</ele>
   </trkpt>
   <trkpt lat="43.7644640" lon="5.5848820">
    <ele>307.4</ele>
   </trkpt>
   <trkpt lat="43.7644770" lon="5.5849490">
    <ele>307.5</ele>
   </trkpt>
   <trkpt lat="43.7644980" lon="5.5850120">
    <ele>307.6</ele>
   </trkpt>
   <trkpt lat="43.7645220" lon="5.5850760">
    <ele>307.7</ele>
   </trkpt>
   <trkpt lat="43.7645400" lon="5.5851360">
    <ele>307.9</ele>
   </trkpt>
   <trkpt lat="43.7645560" lon="5.5851970">
    <ele>308.0</ele>
   </trkpt>
   <trkpt lat="43.7645710" lon="5.5852690">
    <ele>308.2</ele>
   </trkpt>
   <trkpt lat="43.7645800" lon="5.5853380">
    <ele>308.3</ele>
   </trkpt>
   <trkpt lat="43.7645860" lon="5.5854100">
    <ele>308.4</ele>
   </trkpt>
   <trkpt lat="43.7645900" lon="5.5854850">
    <ele>308.5</ele>
   </trkpt>
   <trkpt lat="43.7645910" lon="5.5855570">
    <ele>308.4</ele>
   </trkpt>
   <trkpt lat="43.7645920" lon="5.5856350">
    <ele>308.4</ele>
   </trkpt>
   <trkpt lat="43.7645940" lon="5.5857130">
    <ele>308.4</ele>
   </trkpt>
   <trkpt lat="43.7645900" lon="5.5857910">
    <ele>308.4</ele>
   </trkpt>
   <trkpt lat="43.7645740" lon="5.5858680">
    <ele>308.4</ele>
   </trkpt>
   <trkpt lat="43.7645490" lon="5.5859420">
    <ele>308.3</ele>
   </trkpt>
   <trkpt lat="43.7645150" lon="5.5860130">
    <ele>308.3</ele>
   </trkpt>
   <trkpt lat="43.7644700" lon="5.5860820">
    <ele>308.2</ele>
   </trkpt>
   <trkpt lat="43.7644150" lon="5.5861420">
    <ele>308.2</ele>
   </trkpt>
   <trkpt lat="43.7643630" lon="5.5861990">
    <ele>308.2</ele>
   </trkpt>
   <trkpt lat="43.7643070" lon="5.5862590">
    <ele>308.2</ele>
   </trkpt>
   <trkpt lat="43.7642540" lon="5.5863170">
    <ele>308.2</ele>
   </trkpt>
   <trkpt lat="43.7641980" lon="5.5863790">
    <ele>308.3</ele>
   </trkpt>
   <trkpt lat="43.7641470" lon="5.5864380">
    <ele>308.3</ele>
   </trkpt>
   <trkpt lat="43.7640930" lon="5.5864910">
    <ele>308.3</ele>
   </trkpt>
   <trkpt lat="43.7640290" lon="5.5865310">
    <ele>308.3</ele>
   </trkpt>
   <trkpt lat="43.7639610" lon="5.5865390">
    <ele>308.4</ele>
   </trkpt>
   <trkpt lat="43.7638940" lon="5.5865190">
    <ele>308.5</ele>
   </trkpt>
   <trkpt lat="43.7638340" lon="5.5864800">
    <ele>308.8</ele>
   </trkpt>
   <trkpt lat="43.7637840" lon="5.5864380">
    <ele>309.1</ele>
   </trkpt>
   <trkpt lat="43.7637400" lon="5.5864030">
    <ele>309.3</ele>
   </trkpt>
   <trkpt lat="43.7637010" lon="5.5863630">
    <ele>309.6</ele>
   </trkpt>
   <trkpt lat="43.7636570" lon="5.5863260">
    <ele>309.9</ele>
   </trkpt>
   <trkpt lat="43.7636140" lon="5.5862920">
    <ele>310.2</ele>
   </trkpt>
   <trkpt lat="43.7635750" lon="5.5862570">
    <ele>310.5</ele>
   </trkpt>
   <trkpt lat="43.7635380" lon="5.5862290">
    <ele>310.8</ele>
   </trkpt>
   <trkpt lat="43.7634960" lon="5.5862050">
    <ele>311.1</ele>
   </trkpt>
   <trkpt lat="43.7634550" lon="5.5861860">
    <ele>311.4</ele>
   </trkpt>
   <trkpt lat="43.7634130" lon="5.5861710">
    <ele>311.8</ele>
   </trkpt>
   <trkpt lat="43.7633740" lon="5.5861550">
    <ele>312.1</ele>
   </trkpt>
   <trkpt lat="43.7633320" lon="5.5861420">
    <ele>312.4</ele>
   </trkpt>
   <trkpt lat="43.7632910" lon="5.5861290">
    <ele>312.7</ele>
   </trkpt>
   <trkpt lat="43.7632480" lon="5.5861180">
    <ele>313.0</ele>
   </trkpt>
   <trkpt lat="43.7632050" lon="5.5861100">
    <ele>313.3</ele>
   </trkpt>
   <trkpt lat="43.7631660" lon="5.5861060">
    <ele>313.6</ele>
   </trkpt>
   <trkpt lat="43.7631280" lon="5.5861050">
    <ele>313.9</ele>
   </trkpt>
   <trkpt lat="43.7630880" lon="5.5861040">
    <ele>314.2</ele>
   </trkpt>
   <trkpt lat="43.7630480" lon="5.5861090">
    <ele>314.5</ele>
   </trkpt>
   <trkpt lat="43.7630110" lon="5.5861150">
    <ele>314.8</ele>
   </trkpt>
   <trkpt lat="43.7629750" lon="5.5861220">
    <ele>315.1</ele>
   </trkpt>
   <trkpt lat="43.7629360" lon="5.5861270">
    <ele>315.4</ele>
   </trkpt>
   <trkpt lat="43.7628960" lon="5.5861310">
    <ele>315.7</ele>
   </trkpt>
   <trkpt lat="43.7628520" lon="5.5861380">
    <ele>316.0</ele>
   </trkpt>
   <trkpt lat="43.7628160" lon="5.5861450">
    <ele>316.3</ele>
   </trkpt>
   <trkpt lat="43.7627750" lon="5.5861570">
    <ele>316.6</ele>
   </trkpt>
   <trkpt lat="43.7627410" lon="5.5861660">
    <ele>316.9</ele>
   </trkpt>
   <trkpt lat="43.7627070" lon="5.5861760">
    <ele>317.1</ele>
   </trkpt>
   <trkpt lat="43.7626750" lon="5.5861850">
    <ele>317.4</ele>
   </trkpt>
   <trkpt lat="43.7626460" lon="5.5861920">
    <ele>317.6</ele>
   </trkpt>
   <trkpt lat="43.7626180" lon="5.5861990">
    <ele>317.8</ele>
   </trkpt>
   <trkpt lat="43.7625910" lon="5.5862030">
    <ele>318.0</ele>
   </trkpt>
   <trkpt lat="43.7625520" lon="5.5862060">
    <ele>318.3</ele>
   </trkpt>
   <trkpt lat="43.7625390" lon="5.5862070">
    <ele>318.4</ele>
   </trkpt>
   <trkpt lat="43.7625090" lon="5.5862160">
    <ele>318.7</ele>
   </trkpt>
   <trkpt lat="43.7624810" lon="5.5862310">
    <ele>318.9</ele>
   </trkpt>
   <trkpt lat="43.7624540" lon="5.5862450">
    <ele>319.1</ele>
   </trkpt>
   <trkpt lat="43.7624240" lon="5.5862670">
    <ele>319.4</ele>
   </trkpt>
   <trkpt lat="43.7623930" lon="5.5862820">
    <ele>319.6</ele>
   </trkpt>
   <trkpt lat="43.7623630" lon="5.5862920">
    <ele>319.8</ele>
   </trkpt>
   <trkpt lat="43.7623360" lon="5.5863090">
    <ele>319.6</ele>
   </trkpt>
   <trkpt lat="43.7623070" lon="5.5863250">
    <ele>319.5</ele>
   </trkpt>
   <trkpt lat="43.7622780" lon="5.5863370">
    <ele>319.7</ele>
   </trkpt>
   <trkpt lat="43.7622520" lon="5.5863530">
    <ele>319.8</ele>
   </trkpt>
   <trkpt lat="43.7622290" lon="5.5863730">
    <ele>320.0</ele>
   </trkpt>
   <trkpt lat="43.7622020" lon="5.5864100">
    <ele>320.2</ele>
   </trkpt>
   <trkpt lat="43.7621920" lon="5.5864230">
    <ele>320.3</ele>
   </trkpt>
   <trkpt lat="43.7621620" lon="5.5864630">
    <ele>320.5</ele>
   </trkpt>
   <trkpt lat="43.7621480" lon="5.5864800">
    <ele>320.6</ele>
   </trkpt>
   <trkpt lat="43.7621230" lon="5.5865120">
    <ele>320.8</ele>
   </trkpt>
   <trkpt lat="43.7620990" lon="5.5865420">
    <ele>321.0</ele>
   </trkpt>
   <trkpt lat="43.7620750" lon="5.5865770">
    <ele>321.2</ele>
   </trkpt>
   <trkpt lat="43.7620520" lon="5.5866100">
    <ele>321.4</ele>
   </trkpt>
   <trkpt lat="43.7620300" lon="5.5866400">
    <ele>321.6</ele>
   </trkpt>
   <trkpt lat="43.7620060" lon="5.5866740">
    <ele>321.8</ele>
   </trkpt>
   <trkpt lat="43.7619800" lon="5.5867100">
    <ele>322.0</ele>
   </trkpt>
   <trkpt lat="43.7619550" lon="5.5867520">
    <ele>322.3</ele>
   </trkpt>
   <trkpt lat="43.7619310" lon="5.5867910">
    <ele>322.5</ele>
   </trkpt>
   <trkpt lat="43.7619060" lon="5.5868320">
    <ele>322.8</ele>
   </trkpt>
   <trkpt lat="43.7618830" lon="5.5868710">
    <ele>323.0</ele>
   </trkpt>
   <trkpt lat="43.7618580" lon="5.5869060">
    <ele>323.2</ele>
   </trkpt>
   <trkpt lat="43.7618300" lon="5.5869400">
    <ele>323.4</ele>
   </trkpt>
   <trkpt lat="43.7618020" lon="5.5869730">
    <ele>323.7</ele>
   </trkpt>
   <trkpt lat="43.7617760" lon="5.5870100">
    <ele>323.9</ele>
   </trkpt>
   <trkpt lat="43.7617470" lon="5.5870490">
    <ele>324.1</ele>
   </trkpt>
   <trkpt lat="43.7616970" lon="5.5871270">
    <ele>324.6</ele>
   </trkpt>
   <trkpt lat="43.7616700" lon="5.5871660">
    <ele>324.9</ele>
   </trkpt>
   <trkpt lat="43.7616460" lon="5.5872010">
    <ele>325.1</ele>
   </trkpt>
   <trkpt lat="43.7616220" lon="5.5872390">
    <ele>325.3</ele>
   </trkpt>
   <trkpt lat="43.7615980" lon="5.5872720">
    <ele>325.5</ele>
   </trkpt>
   <trkpt lat="43.7615730" lon="5.5873030">
    <ele>325.8</ele>
   </trkpt>
   <trkpt lat="43.7615490" lon="5.5873320">
    <ele>326.0</ele>
   </trkpt>
   <trkpt lat="43.7615210" lon="5.5873530">
    <ele>326.2</ele>
   </trkpt>
   <trkpt lat="43.7614890" lon="5.5873680">
    <ele>326.4</ele>
   </trkpt>
   <trkpt lat="43.7614520" lon="5.5873800">
    <ele>326.7</ele>
   </trkpt>
   <trkpt lat="43.7614170" lon="5.5873890">
    <ele>326.9</ele>
   </trkpt>
   <trkpt lat="43.7613800" lon="5.5873940">
    <ele>327.1</ele>
   </trkpt>
   <trkpt lat="43.7613430" lon="5.5873870">
    <ele>327.3</ele>
   </trkpt>
   <trkpt lat="43.7613040" lon="5.5873680">
    <ele>327.6</ele>
   </trkpt>
   <trkpt lat="43.7612720" lon="5.5873520">
    <ele>327.8</ele>
   </trkpt>
   <trkpt lat="43.7612470" lon="5.5873310">
    <ele>327.9</ele>
   </trkpt>
   <trkpt lat="43.7612260" lon="5.5872960">
    <ele>328.1</ele>
   </trkpt>
   <trkpt lat="43.7612120" lon="5.5872480">
    <ele>328.3</ele>
   </trkpt>
   <trkpt lat="43.7611950" lon="5.5871970">
    <ele>328.5</ele>
   </trkpt>
   <trkpt lat="43.7611810" lon="5.5871490">
    <ele>328.7</ele>
   </trkpt>
   <trkpt lat="43.7611680" lon="5.5870960">
    <ele>328.9</ele>
   </trkpt>
   <trkpt lat="43.7611610" lon="5.5870480">
    <ele>329.1</ele>
   </trkpt>
   <trkpt lat="43.7611540" lon="5.5869960">
    <ele>329.3</ele>
   </trkpt>
   <trkpt lat="43.7611480" lon="5.5869370">
    <ele>329.6</ele>
   </trkpt>
   <trkpt lat="43.7611480" lon="5.5868800">
    <ele>329.8</ele>
   </trkpt>
   <trkpt lat="43.7611520" lon="5.5868190">
    <ele>330.0</ele>
   </trkpt>
   <trkpt lat="43.7611600" lon="5.5867590">
    <ele>330.3</ele>
   </trkpt>
   <trkpt lat="43.7611740" lon="5.5867030">
    <ele>330.5</ele>
   </trkpt>
   <trkpt lat="43.7611870" lon="5.5866490">
    <ele>330.7</ele>
   </trkpt>
   <trkpt lat="43.7612050" lon="5.5865860">
    <ele>331.0</ele>
   </trkpt>
   <trkpt lat="43.7612200" lon="5.5865210">
    <ele>331.3</ele>
   </trkpt>
   <trkpt lat="43.7612360" lon="5.5864640">
    <ele>331.5</ele>
   </trkpt>
   <trkpt lat="43.7612500" lon="5.5864050">
    <ele>331.8</ele>
   </trkpt>
   <trkpt lat="43.7612610" lon="5.5863480">
    <ele>332.0</ele>
   </trkpt>
   <trkpt lat="43.7612680" lon="5.5862830">
    <ele>332.3</ele>
   </trkpt>
   <trkpt lat="43.7612740" lon="5.5862160">
    <ele>332.6</ele>
   </trkpt>
   <trkpt lat="43.7612730" lon="5.5861550">
    <ele>332.9</ele>
   </trkpt>
   <trkpt lat="43.7612660" lon="5.5860910">
    <ele>333.2</ele>
   </trkpt>
   <trkpt lat="43.7612520" lon="5.5860290">
    <ele>333.5</ele>
   </trkpt>
   <trkpt lat="43.7612300" lon="5.5859690">
    <ele>333.8</ele>
   </trkpt>
   <trkpt lat="43.7612040" lon="5.5859150">
    <ele>334.2</ele>
   </trkpt>
   <trkpt lat="43.7611700" lon="5.5858690">
    <ele>334.6</ele>
   </trkpt>
   <trkpt lat="43.7611310" lon="5.5858370">
    <ele>335.0</ele>
   </trkpt>
   <trkpt lat="43.7610860" lon="5.5858320">
    <ele>335.3</ele>
   </trkpt>
   <trkpt lat="43.7610430" lon="5.5858570">
    <ele>335.5</ele>
   </trkpt>
   <trkpt lat="43.7610120" lon="5.5859150">
    <ele>335.7</ele>
   </trkpt>
   <trkpt lat="43.7609980" lon="5.5859700">
    <ele>335.9</ele>
   </trkpt>
   <trkpt lat="43.7609880" lon="5.5860430">
    <ele>336.0</ele>
   </trkpt>
   <trkpt lat="43.7609960" lon="5.5861110">
    <ele>336.2</ele>
   </trkpt>
   <trkpt lat="43.7610060" lon="5.5861780">
    <ele>336.3</ele>
   </trkpt>
   <trkpt lat="43.7610100" lon="5.5862400">
    <ele>336.5</ele>
   </trkpt>
   <trkpt lat="43.7610070" lon="5.5862990">
    <ele>336.6</ele>
   </trkpt>
   <trkpt lat="43.7609860" lon="5.5863610">
    <ele>336.8</ele>
   </trkpt>
   <trkpt lat="43.7609590" lon="5.5864170">
    <ele>337.1</ele>
   </trkpt>
   <trkpt lat="43.7609280" lon="5.5864690">
    <ele>337.3</ele>
   </trkpt>
   <trkpt lat="43.7608950" lon="5.5865180">
    <ele>337.6</ele>
   </trkpt>
   <trkpt lat="43.7608600" lon="5.5865630">
    <ele>337.9</ele>
   </trkpt>
   <trkpt lat="43.7608200" lon="5.5866050">
    <ele>338.2</ele>
   </trkpt>
   <trkpt lat="43.7607820" lon="5.5866480">
    <ele>338.6</ele>
   </trkpt>
   <trkpt lat="43.7607470" lon="5.5866900">
    <ele>338.9</ele>
   </trkpt>
   <trkpt lat="43.7607150" lon="5.5867400">
    <ele>339.2</ele>
   </trkpt>
   <trkpt lat="43.7606860" lon="5.5867910">
    <ele>339.5</ele>
   </trkpt>
   <trkpt lat="43.7606560" lon="5.5868310">
    <ele>339.8</ele>
   </trkpt>
   <trkpt lat="43.7606230" lon="5.5868700">
    <ele>340.2</ele>
   </trkpt>
   <trkpt lat="43.7605890" lon="5.5869070">
    <ele>340.5</ele>
   </trkpt>
   <trkpt lat="43.7605630" lon="5.5869420">
    <ele>340.7</ele>
   </trkpt>
   <trkpt lat="43.7605320" lon="5.5869950">
    <ele>341.1</ele>
   </trkpt>
   <trkpt lat="43.7605070" lon="5.5870430">
    <ele>341.4</ele>
   </trkpt>
   <trkpt lat="43.7604860" lon="5.5870900">
    <ele>341.7</ele>
   </trkpt>
   <trkpt lat="43.7604660" lon="5.5871360">
    <ele>342.0</ele>
   </trkpt>
   <trkpt lat="43.7604520" lon="5.5871760">
    <ele>342.2</ele>
   </trkpt>
   <trkpt lat="43.7604370" lon="5.5872340">
    <ele>342.5</ele>
   </trkpt>
   <trkpt lat="43.7604350" lon="5.5872880">
    <ele>342.8</ele>
   </trkpt>
   <trkpt lat="43.7604400" lon="5.5873380">
    <ele>343.0</ele>
   </trkpt>
   <trkpt lat="43.7604470" lon="5.5873810">
    <ele>343.2</ele>
   </trkpt>
   <trkpt lat="43.7604550" lon="5.5874270">
    <ele>343.4</ele>
   </trkpt>
   <trkpt lat="43.7604690" lon="5.5874700">
    <ele>343.6</ele>
   </trkpt>
   <trkpt lat="43.7604870" lon="5.5875100">
    <ele>343.7</ele>
   </trkpt>
   <trkpt lat="43.7605070" lon="5.5875480">
    <ele>343.9</ele>
   </trkpt>
   <trkpt lat="43.7605310" lon="5.5875860">
    <ele>344.1</ele>
   </trkpt>
   <trkpt lat="43.7605580" lon="5.5876210">
    <ele>344.3</ele>
   </trkpt>
   <trkpt lat="43.7605860" lon="5.5876570">
    <ele>344.5</ele>
   </trkpt>
   <trkpt lat="43.7606170" lon="5.5876940">
    <ele>344.7</ele>
   </trkpt>
   <trkpt lat="43.7606470" lon="5.5877340">
    <ele>344.9</ele>
   </trkpt>
   <trkpt lat="43.7606760" lon="5.5877760">
    <ele>345.1</ele>
   </trkpt>
   <trkpt lat="43.7607010" lon="5.5878160">
    <ele>345.4</ele>
   </trkpt>
   <trkpt lat="43.7607260" lon="5.5878590">
    <ele>345.6</ele>
   </trkpt>
   <trkpt lat="43.7607500" lon="5.5879030">
    <ele>345.9</ele>
   </trkpt>
   <trkpt lat="43.7607700" lon="5.5879490">
    <ele>346.2</ele>
   </trkpt>
   <trkpt lat="43.7607980" lon="5.5879970">
    <ele>346.5</ele>
   </trkpt>
   <trkpt lat="43.7608150" lon="5.5880470">
    <ele>346.8</ele>
   </trkpt>
   <trkpt lat="43.7608290" lon="5.5880970">
    <ele>347.1</ele>
   </trkpt>
   <trkpt lat="43.7608400" lon="5.5881450">
    <ele>347.4</ele>
   </trkpt>
   <trkpt lat="43.7608480" lon="5.5881990">
    <ele>347.7</ele>
   </trkpt>
   <trkpt lat="43.7608480" lon="5.5882480">
    <ele>347.9</ele>
   </trkpt>
   <trkpt lat="43.7608410" lon="5.5882990">
    <ele>348.2</ele>
   </trkpt>
   <trkpt lat="43.7608290" lon="5.5883550">
    <ele>348.5</ele>
   </trkpt>
   <trkpt lat="43.7608160" lon="5.5884110">
    <ele>348.8</ele>
   </trkpt>
   <trkpt lat="43.7608030" lon="5.5884580">
    <ele>349.1</ele>
   </trkpt>
   <trkpt lat="43.7607890" lon="5.5885100">
    <ele>349.3</ele>
   </trkpt>
   <trkpt lat="43.7607720" lon="5.5885540">
    <ele>349.6</ele>
   </trkpt>
   <trkpt lat="43.7607540" lon="5.5886000">
    <ele>349.9</ele>
   </trkpt>
   <trkpt lat="43.7607360" lon="5.5886430">
    <ele>350.1</ele>
   </trkpt>
   <trkpt lat="43.7607180" lon="5.5886900">
    <ele>350.4</ele>
   </trkpt>
   <trkpt lat="43.7606990" lon="5.5887380">
    <ele>350.7</ele>
   </trkpt>
   <trkpt lat="43.7606790" lon="5.5887860">
    <ele>351.0</ele>
   </trkpt>
   <trkpt lat="43.7606630" lon="5.5888350">
    <ele>351.2</ele>
   </trkpt>
   <trkpt lat="43.7606590" lon="5.5888760">
    <ele>351.5</ele>
   </trkpt>
   <trkpt lat="43.7606500" lon="5.5889400">
    <ele>351.8</ele>
   </trkpt>
   <trkpt lat="43.7606450" lon="5.5889880">
    <ele>352.0</ele>
   </trkpt>
   <trkpt lat="43.7606410" lon="5.5890380">
    <ele>352.3</ele>
   </trkpt>
   <trkpt lat="43.7606430" lon="5.5890890">
    <ele>352.6</ele>
   </trkpt>
   <trkpt lat="43.7606470" lon="5.5891390">
    <ele>352.8</ele>
   </trkpt>
   <trkpt lat="43.7606560" lon="5.5891880">
    <ele>353.1</ele>
   </trkpt>
   <trkpt lat="43.7606680" lon="5.5892370">
    <ele>353.4</ele>
   </trkpt>
   <trkpt lat="43.7606810" lon="5.5892870">
    <ele>353.6</ele>
   </trkpt>
   <trkpt lat="43.7606920" lon="5.5893430">
    <ele>353.9</ele>
   </trkpt>
   <trkpt lat="43.7606980" lon="5.5893950">
    <ele>354.1</ele>
   </trkpt>
   <trkpt lat="43.7607030" lon="5.5894520">
    <ele>354.4</ele>
   </trkpt>
   <trkpt lat="43.7607030" lon="5.5895000">
    <ele>354.6</ele>
   </trkpt>
   <trkpt lat="43.7607060" lon="5.5895510">
    <ele>354.9</ele>
   </trkpt>
   <trkpt lat="43.7607070" lon="5.5895990">
    <ele>355.1</ele>
   </trkpt>
   <trkpt lat="43.7607110" lon="5.5896510">
    <ele>355.4</ele>
   </trkpt>
   <trkpt lat="43.7607110" lon="5.5897060">
    <ele>355.7</ele>
   </trkpt>
   <trkpt lat="43.7607100" lon="5.5897580">
    <ele>355.9</ele>
   </trkpt>
   <trkpt lat="43.7607050" lon="5.5898060">
    <ele>356.2</ele>
   </trkpt>
   <trkpt lat="43.7607000" lon="5.5898590">
    <ele>356.5</ele>
   </trkpt>
   <trkpt lat="43.7606950" lon="5.5899120">
    <ele>356.8</ele>
   </trkpt>
   <trkpt lat="43.7606890" lon="5.5899650">
    <ele>357.0</ele>
   </trkpt>
   <trkpt lat="43.7606810" lon="5.5900170">
    <ele>357.3</ele>
   </trkpt>
   <trkpt lat="43.7606720" lon="5.5900670">
    <ele>357.6</ele>
   </trkpt>
   <trkpt lat="43.7606650" lon="5.5901200">
    <ele>357.9</ele>
   </trkpt>
   <trkpt lat="43.7606580" lon="5.5901700">
    <ele>358.2</ele>
   </trkpt>
   <trkpt lat="43.7606560" lon="5.5902150">
    <ele>358.4</ele>
   </trkpt>
   <trkpt lat="43.7606540" lon="5.5902650">
    <ele>358.7</ele>
   </trkpt>
   <trkpt lat="43.7606540" lon="5.5903140">
    <ele>358.9</ele>
   </trkpt>
   <trkpt lat="43.7606570" lon="5.5903600">
    <ele>359.1</ele>
   </trkpt>
   <trkpt lat="43.7606600" lon="5.5904000">
    <ele>359.3</ele>
   </trkpt>
   <trkpt lat="43.7606640" lon="5.5904500">
    <ele>359.6</ele>
   </trkpt>
   <trkpt lat="43.7606710" lon="5.5905070">
    <ele>359.9</ele>
   </trkpt>
   <trkpt lat="43.7606840" lon="5.5905560">
    <ele>360.2</ele>
   </trkpt>
   <trkpt lat="43.7606990" lon="5.5906060">
    <ele>360.4</ele>
   </trkpt>
   <trkpt lat="43.7607150" lon="5.5906560">
    <ele>360.7</ele>
   </trkpt>
   <trkpt lat="43.7607310" lon="5.5907050">
    <ele>361.0</ele>
   </trkpt>
   <trkpt lat="43.7607490" lon="5.5907590">
    <ele>361.3</ele>
   </trkpt>
   <trkpt lat="43.7607750" lon="5.5908470">
    <ele>361.8</ele>
   </trkpt>
   <trkpt lat="43.7608030" lon="5.5909460">
    <ele>362.3</ele>
   </trkpt>
   <trkpt lat="43.7608160" lon="5.5909940">
    <ele>362.6</ele>
   </trkpt>
   <trkpt lat="43.7608340" lon="5.5910450">
    <ele>362.9</ele>
   </trkpt>
   <trkpt lat="43.7608530" lon="5.5910980">
    <ele>363.3</ele>
   </trkpt>
   <trkpt lat="43.7608720" lon="5.5911480">
    <ele>363.6</ele>
   </trkpt>
   <trkpt lat="43.7608960" lon="5.5912000">
    <ele>363.9</ele>
   </trkpt>
   <trkpt lat="43.7609220" lon="5.5912430">
    <ele>364.2</ele>
   </trkpt>
   <trkpt lat="43.7609520" lon="5.5912830">
    <ele>364.5</ele>
   </trkpt>
   <trkpt lat="43.7609850" lon="5.5913200">
    <ele>364.9</ele>
   </trkpt>
   <trkpt lat="43.7610220" lon="5.5913520">
    <ele>365.2</ele>
   </trkpt>
   <trkpt lat="43.7610610" lon="5.5913790">
    <ele>365.6</ele>
   </trkpt>
   <trkpt lat="43.7611000" lon="5.5914080">
    <ele>366.0</ele>
   </trkpt>
   <trkpt lat="43.7611760" lon="5.5914360">
    <ele>366.7</ele>
   </trkpt>
   <trkpt lat="43.7612110" lon="5.5914440">
    <ele>367.0</ele>
   </trkpt>
   <trkpt lat="43.7612520" lon="5.5914460">
    <ele>367.4</ele>
   </trkpt>
   <trkpt lat="43.7612920" lon="5.5914440">
    <ele>367.7</ele>
   </trkpt>
   <trkpt lat="43.7613300" lon="5.5914330">
    <ele>368.1</ele>
   </trkpt>
   <trkpt lat="43.7613660" lon="5.5914240">
    <ele>368.4</ele>
   </trkpt>
   <trkpt lat="43.7614010" lon="5.5914240">
    <ele>368.7</ele>
   </trkpt>
   <trkpt lat="43.7614340" lon="5.5914240">
    <ele>369.0</ele>
   </trkpt>
   <trkpt lat="43.7614410" lon="5.5914260">
    <ele>369.1</ele>
   </trkpt>
   <trkpt lat="43.7614510" lon="5.5914370">
    <ele>369.2</ele>
   </trkpt>
   <trkpt lat="43.7614640" lon="5.5914470">
    <ele>369.3</ele>
   </trkpt>
   <trkpt lat="43.7614840" lon="5.5914510">
    <ele>369.5</ele>
   </trkpt>
   <trkpt lat="43.7614950" lon="5.5914470">
    <ele>369.6</ele>
   </trkpt>
   <trkpt lat="43.7615050" lon="5.5914430">
    <ele>369.7</ele>
   </trkpt>
   <trkpt lat="43.7615270" lon="5.5914280">
    <ele>370.0</ele>
   </trkpt>
   <trkpt lat="43.7615330" lon="5.5914240">
    <ele>370.0</ele>
   </trkpt>
   <trkpt lat="43.7615400" lon="5.5914200">
    <ele>370.1</ele>
   </trkpt>
   <trkpt lat="43.7615500" lon="5.5914120">
    <ele>370.2</ele>
   </trkpt>
   <trkpt lat="43.7615570" lon="5.5914010">
    <ele>370.4</ele>
   </trkpt>
   <trkpt lat="43.7615530" lon="5.5913860">
    <ele>370.4</ele>
   </trkpt>
   <trkpt lat="43.7615430" lon="5.5913570">
    <ele>370.3</ele>
   </trkpt>
   <trkpt lat="43.7615410" lon="5.5913450">
    <ele>370.3</ele>
   </trkpt>
   <trkpt lat="43.7615390" lon="5.5913330">
    <ele>370.3</ele>
   </trkpt>
   <trkpt lat="43.7615350" lon="5.5913100">
    <ele>370.3</ele>
   </trkpt>
   <trkpt lat="43.7615380" lon="5.5912860">
    <ele>370.3</ele>
   </trkpt>
   <trkpt lat="43.7615480" lon="5.5912440">
    <ele>370.3</ele>
   </trkpt>
   <trkpt lat="43.7615520" lon="5.5912290">
    <ele>370.3</ele>
   </trkpt>
   <trkpt lat="43.7615640" lon="5.5911940">
    <ele>370.3</ele>
   </trkpt>
   <trkpt lat="43.7615680" lon="5.5911830">
    <ele>370.3</ele>
   </trkpt>
   <trkpt lat="43.7615790" lon="5.5911710">
    <ele>370.2</ele>
   </trkpt>
   <trkpt lat="43.7615890" lon="5.5911600">
    <ele>370.2</ele>
   </trkpt>
   <trkpt lat="43.7616000" lon="5.5911580">
    <ele>370.2</ele>
   </trkpt>
   <trkpt lat="43.7616050" lon="5.5911780">
    <ele>370.2</ele>
   </trkpt>
   <trkpt lat="43.7615960" lon="5.5912050">
    <ele>370.2</ele>
   </trkpt>
   <trkpt lat="43.7615860" lon="5.5912190">
    <ele>370.2</ele>
   </trkpt>
   <trkpt lat="43.7615750" lon="5.5912360">
    <ele>370.2</ele>
   </trkpt>
   <trkpt lat="43.7615570" lon="5.5912650">
    <ele>370.2</ele>
   </trkpt>
   <trkpt lat="43.7615510" lon="5.5912760">
    <ele>370.2</ele>
   </trkpt>
   <trkpt lat="43.7615280" lon="5.5913030">
    <ele>370.1</ele>
   </trkpt>
   <trkpt lat="43.7615210" lon="5.5913120">
    <ele>370.1</ele>
   </trkpt>
   <trkpt lat="43.7615020" lon="5.5913490">
    <ele>370.1</ele>
   </trkpt>
   <trkpt lat="43.7614980" lon="5.5913620">
    <ele>370.1</ele>
   </trkpt>
   <trkpt lat="43.7615100" lon="5.5913730">
    <ele>370.1</ele>
   </trkpt>
   <trkpt lat="43.7615270" lon="5.5913820">
    <ele>370.1</ele>
   </trkpt>
   <trkpt lat="43.7615380" lon="5.5913890">
    <ele>370.1</ele>
   </trkpt>
   <trkpt lat="43.7615470" lon="5.5913990">
    <ele>370.1</ele>
   </trkpt>
   <trkpt lat="43.7615530" lon="5.5914100">
    <ele>370.1</ele>
   </trkpt>
   <trkpt lat="43.7615560" lon="5.5914260">
    <ele>370.1</ele>
   </trkpt>
   <trkpt lat="43.7615580" lon="5.5914390">
    <ele>370.1</ele>
   </trkpt>
   <trkpt lat="43.7615500" lon="5.5914520">
    <ele>370.1</ele>
   </trkpt>
   <trkpt lat="43.7615380" lon="5.5914530">
    <ele>370.0</ele>
   </trkpt>
   <trkpt lat="43.7615290" lon="5.5914370">
    <ele>370.0</ele>
   </trkpt>
   <trkpt lat="43.7615310" lon="5.5914130">
    <ele>370.0</ele>
   </trkpt>
   <trkpt lat="43.7615600" lon="5.5914100">
    <ele>370.0</ele>
   </trkpt>
   <trkpt lat="43.7615680" lon="5.5914140">
    <ele>370.0</ele>
   </trkpt>
   <trkpt lat="43.7615750" lon="5.5914130">
    <ele>370.0</ele>
   </trkpt>
   <trkpt lat="43.7615760" lon="5.5914080">
    <ele>370.0</ele>
   </trkpt>
   <trkpt lat="43.7615760" lon="5.5914020">
    <ele>370.0</ele>
   </trkpt>
   <trkpt lat="43.7615770" lon="5.5913970">
    <ele>370.0</ele>
   </trkpt>
   <trkpt lat="43.7615780" lon="5.5913920">
    <ele>370.0</ele>
   </trkpt>
   <trkpt lat="43.7615790" lon="5.5913870">
    <ele>370.0</ele>
   </trkpt>
   <trkpt lat="43.7615790" lon="5.5913810">
    <ele>370.0</ele>
   </trkpt>
   <trkpt lat="43.7615800" lon="5.5913760">
    <ele>370.0</ele>
   </trkpt>
   <trkpt lat="43.7615810" lon="5.5913710">
    <ele>370.0</ele>
   </trkpt>
   <trkpt lat="43.7615820" lon="5.5913660">
    <ele>370.0</ele>
   </trkpt>
   <trkpt lat="43.7615820" lon="5.5913600">
    <ele>370.0</ele>
   </trkpt>
   <trkpt lat="43.7615830" lon="5.5913550">
    <ele>370.0</ele>
   </trkpt>
   <trkpt lat="43.7615840" lon="5.5913500">
    <ele>370.0</ele>
   </trkpt>
   <trkpt lat="43.7615850" lon="5.5913450">
    <ele>370.0</ele>
   </trkpt>
   <trkpt lat="43.7615850" lon="5.5913390">
    <ele>370.0</ele>
   </trkpt>
   <trkpt lat="43.7615860" lon="5.5913340">
    <ele>370.0</ele>
   </trkpt>
   <trkpt lat="43.7615890" lon="5.5912920">
    <ele>370.0</ele>
   </trkpt>
   <trkpt lat="43.7615920" lon="5.5912800">
    <ele>370.0</ele>
   </trkpt>
   <trkpt lat="43.7615980" lon="5.5912370">
    <ele>370.0</ele>
   </trkpt>
   <trkpt lat="43.7616010" lon="5.5912230">
    <ele>369.9</ele>
   </trkpt>
   <trkpt lat="43.7616160" lon="5.5911780">
    <ele>369.9</ele>
   </trkpt>
   <trkpt lat="43.7616200" lon="5.5911610">
    <ele>369.9</ele>
   </trkpt>
   <trkpt lat="43.7616300" lon="5.5911260">
    <ele>369.9</ele>
   </trkpt>
   <trkpt lat="43.7616430" lon="5.5910760">
    <ele>369.9</ele>
   </trkpt>
   <trkpt lat="43.7616490" lon="5.5910590">
    <ele>369.9</ele>
   </trkpt>
   <trkpt lat="43.7616600" lon="5.5910240">
    <ele>369.9</ele>
   </trkpt>
   <trkpt lat="43.7616750" lon="5.5909880">
    <ele>369.9</ele>
   </trkpt>
   <trkpt lat="43.7616860" lon="5.5909530">
    <ele>369.9</ele>
   </trkpt>
   <trkpt lat="43.7616990" lon="5.5909150">
    <ele>369.9</ele>
   </trkpt>
   <trkpt lat="43.7617130" lon="5.5908800">
    <ele>369.9</ele>
   </trkpt>
   <trkpt lat="43.7617280" lon="5.5908480">
    <ele>369.9</ele>
   </trkpt>
   <trkpt lat="43.7617490" lon="5.5908080">
    <ele>370.1</ele>
   </trkpt>
   <trkpt lat="43.7617570" lon="5.5907970">
    <ele>370.1</ele>
   </trkpt>
   <trkpt lat="43.7617770" lon="5.5907650">
    <ele>370.2</ele>
   </trkpt>
   <trkpt lat="43.7617830" lon="5.5907520">
    <ele>370.3</ele>
   </trkpt>
   <trkpt lat="43.7617940" lon="5.5907170">
    <ele>370.4</ele>
   </trkpt>
   <trkpt lat="43.7617930" lon="5.5907160">
    <ele>370.4</ele>
   </trkpt>
   <trkpt lat="43.7617930" lon="5.5907160">
    <ele>370.4</ele>
   </trkpt>
   <trkpt lat="43.7617930" lon="5.5907160">
    <ele>370.4</ele>
   </trkpt>
   <trkpt lat="43.7617930" lon="5.5907160">
    <ele>370.4</ele>
   </trkpt>
   <trkpt lat="43.7617930" lon="5.5907170">
    <ele>370.4</ele>
   </trkpt>
   <trkpt lat="43.7617930" lon="5.5907170">
    <ele>370.4</ele>
   </trkpt>
   <trkpt lat="43.7617930" lon="5.5907170">
    <ele>370.4</ele>
   </trkpt>
   <trkpt lat="43.7617930" lon="5.5907170">
    <ele>370.4</ele>
   </trkpt>
   <trkpt lat="43.7617930" lon="5.5907170">
    <ele>370.4</ele>
   </trkpt>
   <trkpt lat="43.7617930" lon="5.5907170">
    <ele>370.4</ele>
   </trkpt>
   <trkpt lat="43.7617930" lon="5.5907180">
    <ele>370.4</ele>
   </trkpt>
   <trkpt lat="43.7617930" lon="5.5907180">
    <ele>370.4</ele>
   </trkpt>
   <trkpt lat="43.7618060" lon="5.5906780">
    <ele>370.6</ele>
   </trkpt>
   <trkpt lat="43.7618200" lon="5.5906350">
    <ele>370.8</ele>
   </trkpt>
   <trkpt lat="43.7618360" lon="5.5905990">
    <ele>371.0</ele>
   </trkpt>
   <trkpt lat="43.7618550" lon="5.5905530">
    <ele>371.2</ele>
   </trkpt>
   <trkpt lat="43.7618740" lon="5.5905010">
    <ele>371.5</ele>
   </trkpt>
   <trkpt lat="43.7618980" lon="5.5904590">
    <ele>371.7</ele>
   </trkpt>
   <trkpt lat="43.7619210" lon="5.5904010">
    <ele>372.1</ele>
   </trkpt>
   <trkpt lat="43.7619430" lon="5.5903580">
    <ele>372.4</ele>
   </trkpt>
   <trkpt lat="43.7619680" lon="5.5903130">
    <ele>372.7</ele>
   </trkpt>
   <trkpt lat="43.7619910" lon="5.5902710">
    <ele>373.0</ele>
   </trkpt>
   <trkpt lat="43.7620150" lon="5.5902230">
    <ele>373.3</ele>
   </trkpt>
   <trkpt lat="43.7620340" lon="5.5901830">
    <ele>373.6</ele>
   </trkpt>
   <trkpt lat="43.7620480" lon="5.5901360">
    <ele>373.9</ele>
   </trkpt>
   <trkpt lat="43.7620620" lon="5.5900900">
    <ele>374.2</ele>
   </trkpt>
   <trkpt lat="43.7620790" lon="5.5900470">
    <ele>374.6</ele>
   </trkpt>
   <trkpt lat="43.7621020" lon="5.5900060">
    <ele>374.9</ele>
   </trkpt>
   <trkpt lat="43.7621270" lon="5.5899750">
    <ele>375.2</ele>
   </trkpt>
   <trkpt lat="43.7621550" lon="5.5899370">
    <ele>375.5</ele>
   </trkpt>
   <trkpt lat="43.7621770" lon="5.5898990">
    <ele>375.9</ele>
   </trkpt>
   <trkpt lat="43.7621970" lon="5.5898690">
    <ele>376.1</ele>
   </trkpt>
   <trkpt lat="43.7622160" lon="5.5898360">
    <ele>376.4</ele>
   </trkpt>
   <trkpt lat="43.7622380" lon="5.5897970">
    <ele>376.7</ele>
   </trkpt>
   <trkpt lat="43.7622610" lon="5.5897590">
    <ele>377.0</ele>
   </trkpt>
   <trkpt lat="43.7622830" lon="5.5897190">
    <ele>377.2</ele>
   </trkpt>
   <trkpt lat="43.7622950" lon="5.5896670">
    <ele>377.5</ele>
   </trkpt>
   <trkpt lat="43.7623100" lon="5.5896250">
    <ele>377.6</ele>
   </trkpt>
   <trkpt lat="43.7623230" lon="5.5895840">
    <ele>377.8</ele>
   </trkpt>
   <trkpt lat="43.7623360" lon="5.5895410">
    <ele>378.0</ele>
   </trkpt>
   <trkpt lat="43.7623520" lon="5.5895040">
    <ele>378.1</ele>
   </trkpt>
   <trkpt lat="43.7623700" lon="5.5894680">
    <ele>378.2</ele>
   </trkpt>
   <trkpt lat="43.7623850" lon="5.5894330">
    <ele>378.4</ele>
   </trkpt>
   <trkpt lat="43.7624080" lon="5.5893950">
    <ele>378.5</ele>
   </trkpt>
   <trkpt lat="43.7624140" lon="5.5893820">
    <ele>378.5</ele>
   </trkpt>
   <trkpt lat="43.7624340" lon="5.5893490">
    <ele>378.6</ele>
   </trkpt>
   <trkpt lat="43.7624410" lon="5.5893400">
    <ele>378.6</ele>
   </trkpt>
   <trkpt lat="43.7624620" lon="5.5893110">
    <ele>378.7</ele>
   </trkpt>
   <trkpt lat="43.7624680" lon="5.5893000">
    <ele>378.8</ele>
   </trkpt>
   <trkpt lat="43.7624680" lon="5.5892870">
    <ele>378.8</ele>
   </trkpt>
   <trkpt lat="43.7624700" lon="5.5892890">
    <ele>378.8</ele>
   </trkpt>
   <trkpt lat="43.7624700" lon="5.5892890">
    <ele>378.8</ele>
   </trkpt>
   <trkpt lat="43.7624700" lon="5.5892900">
    <ele>378.8</ele>
   </trkpt>
   <trkpt lat="43.7624700" lon="5.5892900">
    <ele>378.8</ele>
   </trkpt>
   <trkpt lat="43.7624700" lon="5.5892900">
    <ele>378.8</ele>
   </trkpt>
   <trkpt lat="43.7624700" lon="5.5892900">
    <ele>378.8</ele>
   </trkpt>
   <trkpt lat="43.7624700" lon="5.5892900">
    <ele>378.8</ele>
   </trkpt>
   <trkpt lat="43.7624700" lon="5.5892900">
    <ele>378.8</ele>
   </trkpt>
   <trkpt lat="43.7624770" lon="5.5892880">
    <ele>378.8</ele>
   </trkpt>
   <trkpt lat="43.7624840" lon="5.5892770">
    <ele>378.8</ele>
   </trkpt>
   <trkpt lat="43.7624930" lon="5.5892730">
    <ele>378.8</ele>
   </trkpt>
   <trkpt lat="43.7625020" lon="5.5892610">
    <ele>378.9</ele>
   </trkpt>
   <trkpt lat="43.7625130" lon="5.5892430">
    <ele>378.9</ele>
   </trkpt>
   <trkpt lat="43.7625390" lon="5.5892020">
    <ele>378.9</ele>
   </trkpt>
   <trkpt lat="43.7625500" lon="5.5891910">
    <ele>379.0</ele>
   </trkpt>
   <trkpt lat="43.7625840" lon="5.5891800">
    <ele>379.0</ele>
   </trkpt>
   <trkpt lat="43.7625960" lon="5.5891720">
    <ele>379.0</ele>
   </trkpt>
   <trkpt lat="43.7626200" lon="5.5891290">
    <ele>379.1</ele>
   </trkpt>
   <trkpt lat="43.7626260" lon="5.5891120">
    <ele>379.1</ele>
   </trkpt>
   <trkpt lat="43.7626470" lon="5.5890760">
    <ele>379.1</ele>
   </trkpt>
   <trkpt lat="43.7626540" lon="5.5890630">
    <ele>379.1</ele>
   </trkpt>
   <trkpt lat="43.7626790" lon="5.5890380">
    <ele>379.1</ele>
   </trkpt>
   <trkpt lat="43.7626870" lon="5.5890340">
    <ele>379.1</ele>
   </trkpt>
   <trkpt lat="43.7627110" lon="5.5890170">
    <ele>379.1</ele>
   </trkpt>
   <trkpt lat="43.7627200" lon="5.5890100">
    <ele>379.1</ele>
   </trkpt>
   <trkpt lat="43.7627300" lon="5.5889960">
    <ele>379.2</ele>
   </trkpt>
   <trkpt lat="43.7627400" lon="5.5889710">
    <ele>377.9</ele>
   </trkpt>
   <trkpt lat="43.7627540" lon="5.5889280">
    <ele>375.8</ele>
   </trkpt>
   <trkpt lat="43.7627570" lon="5.5889140">
    <ele>375.1</ele>
   </trkpt>
   <trkpt lat="43.7627620" lon="5.5888900">
    <ele>374.0</ele>
   </trkpt>
   <trkpt lat="43.7627630" lon="5.5888750">
    <ele>373.4</ele>
   </trkpt>
   <trkpt lat="43.7627680" lon="5.5888750">
    <ele>373.1</ele>
   </trkpt>
   <trkpt lat="43.7627700" lon="5.5888750">
    <ele>372.9</ele>
   </trkpt>
   <trkpt lat="43.7627690" lon="5.5888730">
    <ele>372.8</ele>
   </trkpt>
   <trkpt lat="43.7627620" lon="5.5888740">
    <ele>372.4</ele>
   </trkpt>
   <trkpt lat="43.7627610" lon="5.5888750">
    <ele>372.3</ele>
   </trkpt>
   <trkpt lat="43.7627580" lon="5.5888760">
    <ele>372.1</ele>
   </trkpt>
   <trkpt lat="43.7627570" lon="5.5888750">
    <ele>372.0</ele>
   </trkpt>
   <trkpt lat="43.7627570" lon="5.5888760">
    <ele>372.0</ele>
   </trkpt>
   <trkpt lat="43.7627570" lon="5.5888760">
    <ele>372.0</ele>
   </trkpt>
   <trkpt lat="43.7627570" lon="5.5888760">
    <ele>372.0</ele>
   </trkpt>
   <trkpt lat="43.7627570" lon="5.5888760">
    <ele>372.0</ele>
   </trkpt>
   <trkpt lat="43.7627570" lon="5.5888760">
    <ele>372.0</ele>
   </trkpt>
   <trkpt lat="43.7627570" lon="5.5888760">
    <ele>372.0</ele>
   </trkpt>
   <trkpt lat="43.7627850" lon="5.5888500">
    <ele>369.9</ele>
   </trkpt>
   <trkpt lat="43.7627890" lon="5.5888560">
    <ele>369.6</ele>
   </trkpt>
   <trkpt lat="43.7627890" lon="5.5888600">
    <ele>369.4</ele>
   </trkpt>
   <trkpt lat="43.7627890" lon="5.5888610">
    <ele>369.4</ele>
   </trkpt>
   <trkpt lat="43.7627890" lon="5.5888610">
    <ele>369.4</ele>
   </trkpt>
   <trkpt lat="43.7627890" lon="5.5888610">
    <ele>369.4</ele>
   </trkpt>
   <trkpt lat="43.7627890" lon="5.5888610">
    <ele>369.4</ele>
   </trkpt>
   <trkpt lat="43.7627890" lon="5.5888610">
    <ele>369.4</ele>
   </trkpt>
   <trkpt lat="43.7627890" lon="5.5888610">
    <ele>369.4</ele>
   </trkpt>
   <trkpt lat="43.7627840" lon="5.5888550">
    <ele>369.4</ele>
   </trkpt>
   <trkpt lat="43.7627820" lon="5.5888550">
    <ele>369.4</ele>
   </trkpt>
   <trkpt lat="43.7627770" lon="5.5888550">
    <ele>369.4</ele>
   </trkpt>
   <trkpt lat="43.7627780" lon="5.5888550">
    <ele>369.4</ele>
   </trkpt>
   <trkpt lat="43.7627690" lon="5.5888550">
    <ele>369.4</ele>
   </trkpt>
   <trkpt lat="43.7627610" lon="5.5888540">
    <ele>369.4</ele>
   </trkpt>
   <trkpt lat="43.7627590" lon="5.5888660">
    <ele>369.4</ele>
   </trkpt>
   <trkpt lat="43.7627580" lon="5.5888750">
    <ele>369.4</ele>
   </trkpt>
   <trkpt lat="43.7627500" lon="5.5888820">
    <ele>369.4</ele>
   </trkpt>
   <trkpt lat="43.7627440" lon="5.5888860">
    <ele>369.4</ele>
   </trkpt>
   <trkpt lat="43.7627400" lon="5.5888920">
    <ele>369.4</ele>
   </trkpt>
   <trkpt lat="43.7627370" lon="5.5888950">
    <ele>369.4</ele>
   </trkpt>
   <trkpt lat="43.7627370" lon="5.5888950">
    <ele>369.4</ele>
   </trkpt>
   <trkpt lat="43.7627380" lon="5.5888950">
    <ele>369.4</ele>
   </trkpt>
   <trkpt lat="43.7627340" lon="5.5888930">
    <ele>369.4</ele>
   </trkpt>
   <trkpt lat="43.7627300" lon="5.5888910">
    <ele>369.4</ele>
   </trkpt>
   <trkpt lat="43.7627290" lon="5.5888870">
    <ele>369.4</ele>
   </trkpt>
   <trkpt lat="43.7627280" lon="5.5888870">
    <ele>369.4</ele>
   </trkpt>
   <trkpt lat="43.7627290" lon="5.5888870">
    <ele>369.4</ele>
   </trkpt>
   <trkpt lat="43.7627290" lon="5.5888870">
    <ele>369.4</ele>
   </trkpt>
   <trkpt lat="43.7627290" lon="5.5888870">
    <ele>369.4</ele>
   </trkpt>
   <trkpt lat="43.7627290" lon="5.5888870">
    <ele>369.4</ele>
   </trkpt>
   <trkpt lat="43.7627300" lon="5.5888910">
    <ele>369.4</ele>
   </trkpt>
   <trkpt lat="43.7627290" lon="5.5889000">
    <ele>369.4</ele>
   </trkpt>
   <trkpt lat="43.7627300" lon="5.5889070">
    <ele>369.4</ele>
   </trkpt>
   <trkpt lat="43.7627310" lon="5.5889150">
    <ele>369.4</ele>
   </trkpt>
   <trkpt lat="43.7627280" lon="5.5889180">
    <ele>369.4</ele>
   </trkpt>
   <trkpt lat="43.7627310" lon="5.5889310">
    <ele>369.4</ele>
   </trkpt>
   <trkpt lat="43.7627270" lon="5.5889350">
    <ele>369.4</ele>
   </trkpt>
   <trkpt lat="43.7627320" lon="5.5889430">
    <ele>369.4</ele>
   </trkpt>
   <trkpt lat="43.7627380" lon="5.5889360">
    <ele>369.4</ele>
   </trkpt>
   <trkpt lat="43.7627420" lon="5.5889310">
    <ele>369.4</ele>
   </trkpt>
   <trkpt lat="43.7627430" lon="5.5889310">
    <ele>369.4</ele>
   </trkpt>
   <trkpt lat="43.7627480" lon="5.5889450">
    <ele>369.4</ele>
   </trkpt>
   <trkpt lat="43.7627510" lon="5.5889570">
    <ele>370.0</ele>
   </trkpt>
   <trkpt lat="43.7627440" lon="5.5889670">
    <ele>372.1</ele>
   </trkpt>
   <trkpt lat="43.7627320" lon="5.5889800">
    <ele>375.3</ele>
   </trkpt>
   <trkpt lat="43.7627220" lon="5.5889870">
    <ele>377.6</ele>
   </trkpt>
   <trkpt lat="43.7627130" lon="5.5889880">
    <ele>379.2</ele>
   </trkpt>
   <trkpt lat="43.7627090" lon="5.5889820">
    <ele>379.1</ele>
   </trkpt>
   <trkpt lat="43.7627010" lon="5.5889820">
    <ele>379.1</ele>
   </trkpt>
   <trkpt lat="43.7626980" lon="5.5889900">
    <ele>379.1</ele>
   </trkpt>
   <trkpt lat="43.7626950" lon="5.5889940">
    <ele>379.1</ele>
   </trkpt>
   <trkpt lat="43.7626980" lon="5.5889940">
    <ele>379.1</ele>
   </trkpt>
   <trkpt lat="43.7626970" lon="5.5889940">
    <ele>379.1</ele>
   </trkpt>
   <trkpt lat="43.7626920" lon="5.5889990">
    <ele>379.1</ele>
   </trkpt>
   <trkpt lat="43.7626900" lon="5.5890010">
    <ele>379.1</ele>
   </trkpt>
   <trkpt lat="43.7626880" lon="5.5890020">
    <ele>379.1</ele>
   </trkpt>
   <trkpt lat="43.7626880" lon="5.5890010">
    <ele>379.1</ele>
   </trkpt>
   <trkpt lat="43.7626910" lon="5.5889970">
    <ele>379.1</ele>
   </trkpt>
   <trkpt lat="43.7626940" lon="5.5889900">
    <ele>379.1</ele>
   </trkpt>
   <trkpt lat="43.7626990" lon="5.5889840">
    <ele>379.1</ele>
   </trkpt>
   <trkpt lat="43.7626990" lon="5.5889850">
    <ele>379.1</ele>
   </trkpt>
   <trkpt lat="43.7626990" lon="5.5889850">
    <ele>379.1</ele>
   </trkpt>
   <trkpt lat="43.7626990" lon="5.5889850">
    <ele>379.1</ele>
   </trkpt>
   <trkpt lat="43.7626990" lon="5.5889850">
    <ele>379.1</ele>
   </trkpt>
   <trkpt lat="43.7627000" lon="5.5889910">
    <ele>379.1</ele>
   </trkpt>
   <trkpt lat="43.7627000" lon="5.5889940">
    <ele>379.1</ele>
   </trkpt>
   <trkpt lat="43.7627070" lon="5.5889900">
    <ele>379.1</ele>
   </trkpt>
   <trkpt lat="43.7627090" lon="5.5889880">
    <ele>379.1</ele>
   </trkpt>
   <trkpt lat="43.7627040" lon="5.5889870">
    <ele>379.1</ele>
   </trkpt>
   <trkpt lat="43.7627000" lon="5.5889810">
    <ele>379.1</ele>
   </trkpt>
   <trkpt lat="43.7627000" lon="5.5889770">
    <ele>379.1</ele>
   </trkpt>
   <trkpt lat="43.7627030" lon="5.5889690">
    <ele>379.1</ele>
   </trkpt>
   <trkpt lat="43.7627060" lon="5.5889700">
    <ele>379.1</ele>
   </trkpt>
   <trkpt lat="43.7627060" lon="5.5889640">
    <ele>379.1</ele>
   </trkpt>
   <trkpt lat="43.7627070" lon="5.5889610">
    <ele>379.1</ele>
   </trkpt>
   <trkpt lat="43.7627050" lon="5.5889630">
    <ele>379.1</ele>
   </trkpt>
   <trkpt lat="43.7627050" lon="5.5889640">
    <ele>379.1</ele>
   </trkpt>
   <trkpt lat="43.7627040" lon="5.5889640">
    <ele>379.1</ele>
   </trkpt>
   <trkpt lat="43.7627040" lon="5.5889640">
    <ele>379.1</ele>
   </trkpt>
   <trkpt lat="43.7627040" lon="5.5889640">
    <ele>379.1</ele>
   </trkpt>
   <trkpt lat="43.7627040" lon="5.5889630">
    <ele>379.1</ele>
   </trkpt>
   <trkpt lat="43.7627040" lon="5.5889630">
    <ele>379.1</ele>
   </trkpt>
   <trkpt lat="43.7627100" lon="5.5889660">
    <ele>379.1</ele>
   </trkpt>
   <trkpt lat="43.7627140" lon="5.5889710">
    <ele>379.1</ele>
   </trkpt>
   <trkpt lat="43.7627120" lon="5.5889780">
    <ele>379.1</ele>
   </trkpt>
   <trkpt lat="43.7627110" lon="5.5889800">
    <ele>379.1</ele>
   </trkpt>
   <trkpt lat="43.7627110" lon="5.5889830">
    <ele>379.1</ele>
   </trkpt>
   <trkpt lat="43.7627180" lon="5.5889910">
    <ele>379.1</ele>
   </trkpt>
   <trkpt lat="43.7627240" lon="5.5889940">
    <ele>379.1</ele>
   </trkpt>
   <trkpt lat="43.7627250" lon="5.5889910">
    <ele>379.1</ele>
   </trkpt>
   <trkpt lat="43.7627250" lon="5.5889910">
    <ele>379.1</ele>
   </trkpt>
   <trkpt lat="43.7627220" lon="5.5889980">
    <ele>379.1</ele>
   </trkpt>
   <trkpt lat="43.7627220" lon="5.5889990">
    <ele>379.1</ele>
   </trkpt>
   <trkpt lat="43.7627210" lon="5.5889990">
    <ele>379.1</ele>
   </trkpt>
   <trkpt lat="43.7627210" lon="5.5889980">
    <ele>379.1</ele>
   </trkpt>
   <trkpt lat="43.7627210" lon="5.5889980">
    <ele>379.1</ele>
   </trkpt>
   <trkpt lat="43.7627210" lon="5.5889980">
    <ele>379.1</ele>
   </trkpt>
   <trkpt lat="43.7627210" lon="5.5889980">
    <ele>379.1</ele>
   </trkpt>
   <trkpt lat="43.7627210" lon="5.5889980">
    <ele>379.1</ele>
   </trkpt>
   <trkpt lat="43.7627210" lon="5.5889980">
    <ele>379.1</ele>
   </trkpt>
   <trkpt lat="43.7627210" lon="5.5889980">
    <ele>379.1</ele>
   </trkpt>
   <trkpt lat="43.7627210" lon="5.5889980">
    <ele>379.1</ele>
   </trkpt>
   <trkpt lat="43.7627210" lon="5.5889980">
    <ele>379.1</ele>
   </trkpt>
   <trkpt lat="43.7626900" lon="5.5890100">
    <ele>379.1</ele>
   </trkpt>
   <trkpt lat="43.7626790" lon="5.5890180">
    <ele>379.1</ele>
   </trkpt>
   <trkpt lat="43.7626740" lon="5.5890220">
    <ele>379.1</ele>
   </trkpt>
   <trkpt lat="43.7626660" lon="5.5890300">
    <ele>379.1</ele>
   </trkpt>
   <trkpt lat="43.7626620" lon="5.5890310">
    <ele>379.1</ele>
   </trkpt>
   <trkpt lat="43.7626620" lon="5.5890300">
    <ele>379.1</ele>
   </trkpt>
   <trkpt lat="43.7626620" lon="5.5890260">
    <ele>379.1</ele>
   </trkpt>
   <trkpt lat="43.7626620" lon="5.5890250">
    <ele>379.1</ele>
   </trkpt>
   <trkpt lat="43.7626620" lon="5.5890250">
    <ele>379.1</ele>
   </trkpt>
   <trkpt lat="43.7626620" lon="5.5890250">
    <ele>379.1</ele>
   </trkpt>
   <trkpt lat="43.7626620" lon="5.5890250">
    <ele>379.1</ele>
   </trkpt>
   <trkpt lat="43.7626620" lon="5.5890250">
    <ele>379.1</ele>
   </trkpt>
   <trkpt lat="43.7626540" lon="5.5890220">
    <ele>379.1</ele>
   </trkpt>
   <trkpt lat="43.7626510" lon="5.5890260">
    <ele>379.1</ele>
   </trkpt>
   <trkpt lat="43.7626440" lon="5.5890280">
    <ele>379.1</ele>
   </trkpt>
   <trkpt lat="43.7626450" lon="5.5890300">
    <ele>379.1</ele>
   </trkpt>
   <trkpt lat="43.7626450" lon="5.5890350">
    <ele>379.1</ele>
   </trkpt>
   <trkpt lat="43.7626460" lon="5.5890390">
    <ele>379.1</ele>
   </trkpt>
   <trkpt lat="43.7626470" lon="5.5890400">
    <ele>379.1</ele>
   </trkpt>
   <trkpt lat="43.7626460" lon="5.5890400">
    <ele>379.1</ele>
   </trkpt>
   <trkpt lat="43.7626460" lon="5.5890400">
    <ele>379.1</ele>
   </trkpt>
   <trkpt lat="43.7626460" lon="5.5890400">
    <ele>379.1</ele>
   </trkpt>
   <trkpt lat="43.7626540" lon="5.5890290">
    <ele>379.1</ele>
   </trkpt>
   <trkpt lat="43.7626550" lon="5.5890170">
    <ele>379.1</ele>
   </trkpt>
   <trkpt lat="43.7626500" lon="5.5890100">
    <ele>379.1</ele>
   </trkpt>
   <trkpt lat="43.7626350" lon="5.5890090">
    <ele>379.1</ele>
   </trkpt>
   <trkpt lat="43.7626280" lon="5.5890100">
    <ele>379.1</ele>
   </trkpt>
   <trkpt lat="43.7626270" lon="5.5890160">
    <ele>379.1</ele>
   </trkpt>
   <trkpt lat="43.7626240" lon="5.5890140">
    <ele>379.1</ele>
   </trkpt>
   <trkpt lat="43.7626220" lon="5.5890190">
    <ele>379.1</ele>
   </trkpt>
   <trkpt lat="43.7626320" lon="5.5890210">
    <ele>379.1</ele>
   </trkpt>
   <trkpt lat="43.7626340" lon="5.5890210">
    <ele>379.1</ele>
   </trkpt>
   <trkpt lat="43.7626410" lon="5.5890230">
    <ele>379.1</ele>
   </trkpt>
   <trkpt lat="43.7626410" lon="5.5890270">
    <ele>379.1</ele>
   </trkpt>
   <trkpt lat="43.7626400" lon="5.5890280">
    <ele>379.1</ele>
   </trkpt>
   <trkpt lat="43.7626400" lon="5.5890290">
    <ele>379.1</ele>
   </trkpt>
   <trkpt lat="43.7626400" lon="5.5890290">
    <ele>379.1</ele>
   </trkpt>
   <trkpt lat="43.7626420" lon="5.5890290">
    <ele>379.1</ele>
   </trkpt>
   <trkpt lat="43.7626460" lon="5.5890270">
    <ele>379.1</ele>
   </trkpt>
   <trkpt lat="43.7626470" lon="5.5890190">
    <ele>379.1</ele>
   </trkpt>
   <trkpt lat="43.7626440" lon="5.5890160">
    <ele>379.1</ele>
   </trkpt>
   <trkpt lat="43.7626410" lon="5.5890160">
    <ele>379.1</ele>
   </trkpt>
   <trkpt lat="43.7626360" lon="5.5890240">
    <ele>379.1</ele>
   </trkpt>
   <trkpt lat="43.7626330" lon="5.5890280">
    <ele>379.1</ele>
   </trkpt>
   <trkpt lat="43.7626320" lon="5.5890290">
    <ele>379.1</ele>
   </trkpt>
   <trkpt lat="43.7626320" lon="5.5890290">
    <ele>379.1</ele>
   </trkpt>
   <trkpt lat="43.7626320" lon="5.5890300">
    <ele>379.1</ele>
   </trkpt>
   <trkpt lat="43.7626320" lon="5.5890300">
    <ele>379.1</ele>
   </trkpt>
   <trkpt lat="43.7626320" lon="5.5890300">
    <ele>379.1</ele>
   </trkpt>
   <trkpt lat="43.7626320" lon="5.5890300">
    <ele>379.1</ele>
   </trkpt>
   <trkpt lat="43.7626330" lon="5.5890270">
    <ele>379.1</ele>
   </trkpt>
   <trkpt lat="43.7626340" lon="5.5890260">
    <ele>379.1</ele>
   </trkpt>
   <trkpt lat="43.7626330" lon="5.5890310">
    <ele>379.1</ele>
   </trkpt>
   <trkpt lat="43.7626330" lon="5.5890330">
    <ele>379.1</ele>
   </trkpt>
   <trkpt lat="43.7626330" lon="5.5890330">
    <ele>379.1</ele>
   </trkpt>
   <trkpt lat="43.7626330" lon="5.5890330">
    <ele>379.1</ele>
   </trkpt>
   <trkpt lat="43.7626330" lon="5.5890330">
    <ele>379.1</ele>
   </trkpt>
   <trkpt lat="43.7626330" lon="5.5890330">
    <ele>379.1</ele>
   </trkpt>
   <trkpt lat="43.7626330" lon="5.5890340">
    <ele>379.1</ele>
   </trkpt>
   <trkpt lat="43.7626330" lon="5.5890340">
    <ele>379.1</ele>
   </trkpt>
   <trkpt lat="43.7626330" lon="5.5890340">
    <ele>379.1</ele>
   </trkpt>
   <trkpt lat="43.7626100" lon="5.5890510">
    <ele>379.1</ele>
   </trkpt>
   <trkpt lat="43.7626090" lon="5.5890510">
    <ele>379.1</ele>
   </trkpt>
   <trkpt lat="43.7626090" lon="5.5890520">
    <ele>379.1</ele>
   </trkpt>
   <trkpt lat="43.7626090" lon="5.5890520">
    <ele>379.1</ele>
   </trkpt>
   <trkpt lat="43.7626090" lon="5.5890520">
    <ele>379.1</ele>
   </trkpt>
   <trkpt lat="43.7626090" lon="5.5890520">
    <ele>379.1</ele>
   </trkpt>
   <trkpt lat="43.7626090" lon="5.5890520">
    <ele>379.1</ele>
   </trkpt>
   <trkpt lat="43.7626090" lon="5.5890520">
    <ele>379.1</ele>
   </trkpt>
   <trkpt lat="43.7626090" lon="5.5890520">
    <ele>379.1</ele>
   </trkpt>
   <trkpt lat="43.7626090" lon="5.5890520">
    <ele>379.1</ele>
   </trkpt>
   <trkpt lat="43.7626150" lon="5.5890600">
    <ele>379.1</ele>
   </trkpt>
   <trkpt lat="43.7626120" lon="5.5890720">
    <ele>379.1</ele>
   </trkpt>
   <trkpt lat="43.7626160" lon="5.5890770">
    <ele>379.1</ele>
   </trkpt>
   <trkpt lat="43.7626160" lon="5.5890770">
    <ele>379.1</ele>
   </trkpt>
   <trkpt lat="43.7626160" lon="5.5890770">
    <ele>379.1</ele>
   </trkpt>
   <trkpt lat="43.7626160" lon="5.5890770">
    <ele>379.1</ele>
   </trkpt>
   <trkpt lat="43.7626160" lon="5.5890770">
    <ele>379.1</ele>
   </trkpt>
   <trkpt lat="43.7626160" lon="5.5890770">
    <ele>379.1</ele>
   </trkpt>
   <trkpt lat="43.7626160" lon="5.5890770">
    <ele>379.1</ele>
   </trkpt>
   <trkpt lat="43.7626160" lon="5.5890770">
    <ele>379.1</ele>
   </trkpt>
   <trkpt lat="43.7626160" lon="5.5890770">
    <ele>379.1</ele>
   </trkpt>
   <trkpt lat="43.7626160" lon="5.5890770">
    <ele>379.1</ele>
   </trkpt>
   <trkpt lat="43.7626600" lon="5.5890650">
    <ele>379.1</ele>
   </trkpt>
   <trkpt lat="43.7626660" lon="5.5890620">
    <ele>379.1</ele>
   </trkpt>
   <trkpt lat="43.7626680" lon="5.5890610">
    <ele>379.1</ele>
   </trkpt>
   <trkpt lat="43.7626710" lon="5.5890580">
    <ele>379.1</ele>
   </trkpt>
   <trkpt lat="43.7626710" lon="5.5890570">
    <ele>379.1</ele>
   </trkpt>
   <trkpt lat="43.7626710" lon="5.5890570">
    <ele>379.1</ele>
   </trkpt>
   <trkpt lat="43.7626710" lon="5.5890570">
    <ele>379.1</ele>
   </trkpt>
   <trkpt lat="43.7626710" lon="5.5890570">
    <ele>379.1</ele>
   </trkpt>
   <trkpt lat="43.7626710" lon="5.5890570">
    <ele>379.1</ele>
   </trkpt>
   <trkpt lat="43.7626710" lon="5.5890570">
    <ele>379.1</ele>
   </trkpt>
   <trkpt lat="43.7626710" lon="5.5890580">
    <ele>379.1</ele>
   </trkpt>
   <trkpt lat="43.7626710" lon="5.5890580">
    <ele>379.1</ele>
   </trkpt>
   <trkpt lat="43.7626710" lon="5.5890580">
    <ele>379.1</ele>
   </trkpt>
   <trkpt lat="43.7626210" lon="5.5890410">
    <ele>379.1</ele>
   </trkpt>
   <trkpt lat="43.7626210" lon="5.5890550">
    <ele>379.0</ele>
   </trkpt>
   <trkpt lat="43.7626180" lon="5.5890640">
    <ele>379.0</ele>
   </trkpt>
   <trkpt lat="43.7626100" lon="5.5890800">
    <ele>379.0</ele>
   </trkpt>
   <trkpt lat="43.7626080" lon="5.5890750">
    <ele>379.0</ele>
   </trkpt>
   <trkpt lat="43.7626010" lon="5.5890820">
    <ele>379.0</ele>
   </trkpt>
   <trkpt lat="43.7626010" lon="5.5890970">
    <ele>379.0</ele>
   </trkpt>
   <trkpt lat="43.7625950" lon="5.5891150">
    <ele>379.0</ele>
   </trkpt>
   <trkpt lat="43.7625840" lon="5.5891250">
    <ele>379.0</ele>
   </trkpt>
   <trkpt lat="43.7625820" lon="5.5891270">
    <ele>379.0</ele>
   </trkpt>
   <trkpt lat="43.7625920" lon="5.5891510">
    <ele>379.0</ele>
   </trkpt>
   <trkpt lat="43.7625930" lon="5.5891480">
    <ele>379.0</ele>
   </trkpt>
   <trkpt lat="43.7625940" lon="5.5891480">
    <ele>379.0</ele>
   </trkpt>
   <trkpt lat="43.7625940" lon="5.5891470">
    <ele>379.0</ele>
   </trkpt>
   <trkpt lat="43.7625940" lon="5.5891470">
    <ele>379.0</ele>
   </trkpt>
   <trkpt lat="43.7625940" lon="5.5891470">
    <ele>379.0</ele>
   </trkpt>
   <trkpt lat="43.7625940" lon="5.5891470">
    <ele>379.0</ele>
   </trkpt>
   <trkpt lat="43.7625940" lon="5.5891470">
    <ele>379.0</ele>
   </trkpt>
   <trkpt lat="43.7625940" lon="5.5891460">
    <ele>379.0</ele>
   </trkpt>
   <trkpt lat="43.7625950" lon="5.5891460">
    <ele>379.0</ele>
   </trkpt>
   <trkpt lat="43.7625950" lon="5.5891460">
    <ele>379.0</ele>
   </trkpt>
   <trkpt lat="43.7625950" lon="5.5891460">
    <ele>379.0</ele>
   </trkpt>
   <trkpt lat="43.7625950" lon="5.5891460">
    <ele>379.0</ele>
   </trkpt>
   <trkpt lat="43.7625950" lon="5.5891460">
    <ele>379.0</ele>
   </trkpt>
   <trkpt lat="43.7625950" lon="5.5891460">
    <ele>379.0</ele>
   </trkpt>
   <trkpt lat="43.7625950" lon="5.5891460">
    <ele>379.0</ele>
   </trkpt>
   <trkpt lat="43.7625950" lon="5.5891460">
    <ele>379.0</ele>
   </trkpt>
   <trkpt lat="43.7625950" lon="5.5891460">
    <ele>379.0</ele>
   </trkpt>
   <trkpt lat="43.7626250" lon="5.5891140">
    <ele>379.0</ele>
   </trkpt>
   <trkpt lat="43.7626380" lon="5.5891100">
    <ele>379.0</ele>
   </trkpt>
   <trkpt lat="43.7626480" lon="5.5891000">
    <ele>379.0</ele>
   </trkpt>
   <trkpt lat="43.7626480" lon="5.5890910">
    <ele>379.0</ele>
   </trkpt>
   <trkpt lat="43.7626380" lon="5.5890960">
    <ele>379.0</ele>
   </trkpt>
   <trkpt lat="43.7626290" lon="5.5890860">
    <ele>379.0</ele>
   </trkpt>
   <trkpt lat="43.7626220" lon="5.5890710">
    <ele>379.0</ele>
   </trkpt>
   <trkpt lat="43.7626130" lon="5.5890520">
    <ele>379.0</ele>
   </trkpt>
   <trkpt lat="43.7626110" lon="5.5890490">
    <ele>379.0</ele>
   </trkpt>
   <trkpt lat="43.7626160" lon="5.5890530">
    <ele>379.0</ele>
   </trkpt>
   <trkpt lat="43.7626130" lon="5.5890560">
    <ele>379.0</ele>
   </trkpt>
   <trkpt lat="43.7626120" lon="5.5890580">
    <ele>379.0</ele>
   </trkpt>
   <trkpt lat="43.7626120" lon="5.5890580">
    <ele>379.0</ele>
   </trkpt>
   <trkpt lat="43.7626120" lon="5.5890580">
    <ele>379.0</ele>
   </trkpt>
   <trkpt lat="43.7626120" lon="5.5890580">
    <ele>379.0</ele>
   </trkpt>
   <trkpt lat="43.7626040" lon="5.5890570">
    <ele>379.0</ele>
   </trkpt>
   <trkpt lat="43.7626030" lon="5.5890570">
    <ele>379.0</ele>
   </trkpt>
   <trkpt lat="43.7626100" lon="5.5890580">
    <ele>379.0</ele>
   </trkpt>
   <trkpt lat="43.7626130" lon="5.5890610">
    <ele>379.0</ele>
   </trkpt>
   <trkpt lat="43.7626140" lon="5.5890680">
    <ele>379.0</ele>
   </trkpt>
   <trkpt lat="43.7626190" lon="5.5890810">
    <ele>379.0</ele>
   </trkpt>
   <trkpt lat="43.7626230" lon="5.5890850">
    <ele>379.0</ele>
   </trkpt>
   <trkpt lat="43.7626240" lon="5.5890860">
    <ele>379.0</ele>
   </trkpt>
   <trkpt lat="43.7626240" lon="5.5890860">
    <ele>379.0</ele>
   </trkpt>
   <trkpt lat="43.7626260" lon="5.5890770">
    <ele>379.0</ele>
   </trkpt>
   <trkpt lat="43.7626260" lon="5.5890740">
    <ele>379.0</ele>
   </trkpt>
   <trkpt lat="43.7626260" lon="5.5890740">
    <ele>379.0</ele>
   </trkpt>
   <trkpt lat="43.7626290" lon="5.5890740">
    <ele>379.0</ele>
   </trkpt>
   <trkpt lat="43.7626300" lon="5.5890730">
    <ele>379.0</ele>
   </trkpt>
   <trkpt lat="43.7626370" lon="5.5890720">
    <ele>379.0</ele>
   </trkpt>
   <trkpt lat="43.7626430" lon="5.5890750">
    <ele>379.0</ele>
   </trkpt>
   <trkpt lat="43.7626490" lon="5.5890700">
    <ele>379.0</ele>
   </trkpt>
   <trkpt lat="43.7626570" lon="5.5890760">
    <ele>379.0</ele>
   </trkpt>
   <trkpt lat="43.7626650" lon="5.5890760">
    <ele>379.0</ele>
   </trkpt>
   <trkpt lat="43.7626740" lon="5.5890720">
    <ele>378.9</ele>
   </trkpt>
   <trkpt lat="43.7626810" lon="5.5890670">
    <ele>378.9</ele>
   </trkpt>
   <trkpt lat="43.7626830" lon="5.5890670">
    <ele>378.9</ele>
   </trkpt>
   <trkpt lat="43.7626830" lon="5.5890690">
    <ele>378.9</ele>
   </trkpt>
   <trkpt lat="43.7626850" lon="5.5890680">
    <ele>378.9</ele>
   </trkpt>
   <trkpt lat="43.7626850" lon="5.5890690">
    <ele>378.9</ele>
   </trkpt>
   <trkpt lat="43.7626850" lon="5.5890690">
    <ele>378.9</ele>
   </trkpt>
   <trkpt lat="43.7626850" lon="5.5890690">
    <ele>378.9</ele>
   </trkpt>
   <trkpt lat="43.7626850" lon="5.5890690">
    <ele>378.9</ele>
   </trkpt>
   <trkpt lat="43.7626900" lon="5.5890550">
    <ele>378.9</ele>
   </trkpt>
   <trkpt lat="43.7626950" lon="5.5890410">
    <ele>378.9</ele>
   </trkpt>
   <trkpt lat="43.7626980" lon="5.5890250">
    <ele>378.9</ele>
   </trkpt>
   <trkpt lat="43.7626900" lon="5.5890130">
    <ele>378.9</ele>
   </trkpt>
   <trkpt lat="43.7626820" lon="5.5890200">
    <ele>378.9</ele>
   </trkpt>
   <trkpt lat="43.7626730" lon="5.5890260">
    <ele>378.9</ele>
   </trkpt>
   <trkpt lat="43.7626650" lon="5.5890330">
    <ele>378.9</ele>
   </trkpt>
   <trkpt lat="43.7626560" lon="5.5890390">
    <ele>378.9</ele>
   </trkpt>
   <trkpt lat="43.7626290" lon="5.5890760">
    <ele>378.9</ele>
   </trkpt>
   <trkpt lat="43.7626180" lon="5.5890880">
    <ele>378.9</ele>
   </trkpt>
   <trkpt lat="43.7625910" lon="5.5891160">
    <ele>378.9</ele>
   </trkpt>
   <trkpt lat="43.7625830" lon="5.5891260">
    <ele>378.9</ele>
   </trkpt>
   <trkpt lat="43.7625550" lon="5.5891520">
    <ele>378.9</ele>
   </trkpt>
   <trkpt lat="43.7625450" lon="5.5891600">
    <ele>378.8</ele>
   </trkpt>
   <trkpt lat="43.7625450" lon="5.5891600">
    <ele>378.8</ele>
   </trkpt>
   <trkpt lat="43.7625450" lon="5.5891600">
    <ele>378.8</ele>
   </trkpt>
   <trkpt lat="43.7625450" lon="5.5891590">
    <ele>378.8</ele>
   </trkpt>
   <trkpt lat="43.7625470" lon="5.5891550">
    <ele>378.8</ele>
   </trkpt>
   <trkpt lat="43.7625460" lon="5.5891570">
    <ele>378.8</ele>
   </trkpt>
   <trkpt lat="43.7625440" lon="5.5891550">
    <ele>378.8</ele>
   </trkpt>
   <trkpt lat="43.7625450" lon="5.5891540">
    <ele>378.8</ele>
   </trkpt>
   <trkpt lat="43.7625460" lon="5.5891530">
    <ele>378.8</ele>
   </trkpt>
   <trkpt lat="43.7625480" lon="5.5891480">
    <ele>378.8</ele>
   </trkpt>
   <trkpt lat="43.7625450" lon="5.5891620">
    <ele>378.8</ele>
   </trkpt>
   <trkpt lat="43.7625410" lon="5.5891750">
    <ele>378.8</ele>
   </trkpt>
   <trkpt lat="43.7625390" lon="5.5891780">
    <ele>378.8</ele>
   </trkpt>
   <trkpt lat="43.7625430" lon="5.5891860">
    <ele>378.8</ele>
   </trkpt>
   <trkpt lat="43.7625410" lon="5.5891960">
    <ele>378.8</ele>
   </trkpt>
   <trkpt lat="43.7625390" lon="5.5892040">
    <ele>378.8</ele>
   </trkpt>
   <trkpt lat="43.7625370" lon="5.5892120">
    <ele>378.8</ele>
   </trkpt>
   <trkpt lat="43.7625350" lon="5.5892200">
    <ele>378.8</ele>
   </trkpt>
   <trkpt lat="43.7625330" lon="5.5892280">
    <ele>378.8</ele>
   </trkpt>
   <trkpt lat="43.7625310" lon="5.5892350">
    <ele>378.8</ele>
   </trkpt>
   <trkpt lat="43.7625290" lon="5.5892430">
    <ele>378.8</ele>
   </trkpt>
   <trkpt lat="43.7625270" lon="5.5892510">
    <ele>378.8</ele>
   </trkpt>
   <trkpt lat="43.7625250" lon="5.5892590">
    <ele>378.8</ele>
   </trkpt>
   <trkpt lat="43.7625230" lon="5.5892670">
    <ele>378.8</ele>
   </trkpt>
   <trkpt lat="43.7625210" lon="5.5892750">
    <ele>378.8</ele>
   </trkpt>
   <trkpt lat="43.7625130" lon="5.5893220">
    <ele>378.8</ele>
   </trkpt>
   <trkpt lat="43.7625100" lon="5.5893360">
    <ele>378.8</ele>
   </trkpt>
   <trkpt lat="43.7624890" lon="5.5893670">
    <ele>378.7</ele>
   </trkpt>
   <trkpt lat="43.7624800" lon="5.5893760">
    <ele>378.7</ele>
   </trkpt>
   <trkpt lat="43.7624590" lon="5.5894170">
    <ele>378.6</ele>
   </trkpt>
   <trkpt lat="43.7624530" lon="5.5894320">
    <ele>378.6</ele>
   </trkpt>
   <trkpt lat="43.7624290" lon="5.5894580">
    <ele>378.6</ele>
   </trkpt>
   <trkpt lat="43.7624180" lon="5.5894650">
    <ele>378.6</ele>
   </trkpt>
   <trkpt lat="43.7623990" lon="5.5894920">
    <ele>378.5</ele>
   </trkpt>
   <trkpt lat="43.7623940" lon="5.5895020">
    <ele>378.5</ele>
   </trkpt>
   <trkpt lat="43.7623840" lon="5.5895210">
    <ele>378.5</ele>
   </trkpt>
   <trkpt lat="43.7623790" lon="5.5895340">
    <ele>378.5</ele>
   </trkpt>
   <trkpt lat="43.7623820" lon="5.5895570">
    <ele>378.5</ele>
   </trkpt>
   <trkpt lat="43.7623770" lon="5.5895720">
    <ele>378.5</ele>
   </trkpt>
   <trkpt lat="43.7623640" lon="5.5895790">
    <ele>378.4</ele>
   </trkpt>
   <trkpt lat="43.7623600" lon="5.5895700">
    <ele>378.4</ele>
   </trkpt>
   <trkpt lat="43.7623600" lon="5.5895650">
    <ele>378.4</ele>
   </trkpt>
   <trkpt lat="43.7623610" lon="5.5895630">
    <ele>378.4</ele>
   </trkpt>
   <trkpt lat="43.7623610" lon="5.5895620">
    <ele>378.4</ele>
   </trkpt>
   <trkpt lat="43.7623610" lon="5.5895620">
    <ele>378.4</ele>
   </trkpt>
   <trkpt lat="43.7623610" lon="5.5895620">
    <ele>378.4</ele>
   </trkpt>
   <trkpt lat="43.7623610" lon="5.5895620">
    <ele>378.4</ele>
   </trkpt>
   <trkpt lat="43.7623610" lon="5.5895620">
    <ele>378.4</ele>
   </trkpt>
   <trkpt lat="43.7623610" lon="5.5895620">
    <ele>378.4</ele>
   </trkpt>
   <trkpt lat="43.7623610" lon="5.5895620">
    <ele>378.4</ele>
   </trkpt>
   <trkpt lat="43.7623610" lon="5.5895620">
    <ele>378.4</ele>
   </trkpt>
   <trkpt lat="43.7623500" lon="5.5895750">
    <ele>378.4</ele>
   </trkpt>
   <trkpt lat="43.7623460" lon="5.5895830">
    <ele>378.4</ele>
   </trkpt>
   <trkpt lat="43.7623440" lon="5.5895850">
    <ele>378.4</ele>
   </trkpt>
   <trkpt lat="43.7623470" lon="5.5895820">
    <ele>378.4</ele>
   </trkpt>
   <trkpt lat="43.7623500" lon="5.5895710">
    <ele>378.4</ele>
   </trkpt>
   <trkpt lat="43.7623620" lon="5.5895640">
    <ele>378.4</ele>
   </trkpt>
   <trkpt lat="43.7623670" lon="5.5895640">
    <ele>378.4</ele>
   </trkpt>
   <trkpt lat="43.7623720" lon="5.5895670">
    <ele>378.4</ele>
   </trkpt>
   <trkpt lat="43.7623720" lon="5.5895670">
    <ele>378.4</ele>
   </trkpt>
   <trkpt lat="43.7623710" lon="5.5895750">
    <ele>378.3</ele>
   </trkpt>
   <trkpt lat="43.7623700" lon="5.5895760">
    <ele>378.3</ele>
   </trkpt>
   <trkpt lat="43.7623680" lon="5.5895750">
    <ele>378.3</ele>
   </trkpt>
   <trkpt lat="43.7623700" lon="5.5895860">
    <ele>378.3</ele>
   </trkpt>
   <trkpt lat="43.7623700" lon="5.5895900">
    <ele>378.3</ele>
   </trkpt>
   <trkpt lat="43.7623690" lon="5.5895910">
    <ele>378.3</ele>
   </trkpt>
   <trkpt lat="43.7623690" lon="5.5895910">
    <ele>378.3</ele>
   </trkpt>
   <trkpt lat="43.7623690" lon="5.5895910">
    <ele>378.3</ele>
   </trkpt>
   <trkpt lat="43.7623690" lon="5.5895910">
    <ele>378.3</ele>
   </trkpt>
   <trkpt lat="43.7623690" lon="5.5895910">
    <ele>378.3</ele>
   </trkpt>
   <trkpt lat="43.7623690" lon="5.5895910">
    <ele>378.3</ele>
   </trkpt>
   <trkpt lat="43.7623720" lon="5.5895920">
    <ele>378.3</ele>
   </trkpt>
   <trkpt lat="43.7623970" lon="5.5896140">
    <ele>378.3</ele>
   </trkpt>
   <trkpt lat="43.7624070" lon="5.5896150">
    <ele>378.3</ele>
   </trkpt>
   <trkpt lat="43.7624180" lon="5.5896080">
    <ele>378.2</ele>
   </trkpt>
   <trkpt lat="43.7624250" lon="5.5896000">
    <ele>378.2</ele>
   </trkpt>
   <trkpt lat="43.7624120" lon="5.5896430">
    <ele>378.2</ele>
   </trkpt>
   <trkpt lat="43.7624140" lon="5.5896410">
    <ele>378.2</ele>
   </trkpt>
   <trkpt lat="43.7624150" lon="5.5896410">
    <ele>378.2</ele>
   </trkpt>
   <trkpt lat="43.7624150" lon="5.5896410">
    <ele>378.2</ele>
   </trkpt>
   <trkpt lat="43.7624170" lon="5.5896390">
    <ele>378.2</ele>
   </trkpt>
   <trkpt lat="43.7624190" lon="5.5896330">
    <ele>378.2</ele>
   </trkpt>
   <trkpt lat="43.7624170" lon="5.5896350">
    <ele>378.2</ele>
   </trkpt>
   <trkpt lat="43.7624110" lon="5.5896350">
    <ele>378.1</ele>
   </trkpt>
   <trkpt lat="43.7624050" lon="5.5896260">
    <ele>378.1</ele>
   </trkpt>
   <trkpt lat="43.7624060" lon="5.5896180">
    <ele>378.1</ele>
   </trkpt>
   <trkpt lat="43.7624060" lon="5.5896170">
    <ele>378.1</ele>
   </trkpt>
   <trkpt lat="43.7624060" lon="5.5896170">
    <ele>378.1</ele>
   </trkpt>
   <trkpt lat="43.7624070" lon="5.5896170">
    <ele>378.1</ele>
   </trkpt>
   <trkpt lat="43.7624070" lon="5.5896170">
    <ele>378.1</ele>
   </trkpt>
   <trkpt lat="43.7624080" lon="5.5896310">
    <ele>378.1</ele>
   </trkpt>
   <trkpt lat="43.7624040" lon="5.5896370">
    <ele>378.1</ele>
   </trkpt>
   <trkpt lat="43.7624070" lon="5.5896390">
    <ele>378.1</ele>
   </trkpt>
   <trkpt lat="43.7624070" lon="5.5896380">
    <ele>378.1</ele>
   </trkpt>
   <trkpt lat="43.7624090" lon="5.5896350">
    <ele>378.1</ele>
   </trkpt>
   <trkpt lat="43.7624090" lon="5.5896300">
    <ele>378.1</ele>
   </trkpt>
   <trkpt lat="43.7624100" lon="5.5896280">
    <ele>378.1</ele>
   </trkpt>
   <trkpt lat="43.7624150" lon="5.5896240">
    <ele>378.1</ele>
   </trkpt>
   <trkpt lat="43.7624160" lon="5.5896230">
    <ele>378.1</ele>
   </trkpt>
   <trkpt lat="43.7624170" lon="5.5896220">
    <ele>378.1</ele>
   </trkpt>
   <trkpt lat="43.7624170" lon="5.5896220">
    <ele>378.1</ele>
   </trkpt>
   <trkpt lat="43.7624230" lon="5.5896180">
    <ele>378.0</ele>
   </trkpt>
   <trkpt lat="43.7624290" lon="5.5896160">
    <ele>378.0</ele>
   </trkpt>
   <trkpt lat="43.7624300" lon="5.5896150">
    <ele>378.0</ele>
   </trkpt>
   <trkpt lat="43.7624310" lon="5.5896150">
    <ele>378.0</ele>
   </trkpt>
   <trkpt lat="43.7624310" lon="5.5896150">
    <ele>378.0</ele>
   </trkpt>
   <trkpt lat="43.7624310" lon="5.5896140">
    <ele>378.0</ele>
   </trkpt>
   <trkpt lat="43.7624310" lon="5.5896110">
    <ele>378.0</ele>
   </trkpt>
   <trkpt lat="43.7624310" lon="5.5896100">
    <ele>378.0</ele>
   </trkpt>
   <trkpt lat="43.7624310" lon="5.5896100">
    <ele>378.0</ele>
   </trkpt>
   <trkpt lat="43.7624310" lon="5.5896090">
    <ele>378.0</ele>
   </trkpt>
   <trkpt lat="43.7624310" lon="5.5896090">
    <ele>378.0</ele>
   </trkpt>
   <trkpt lat="43.7624020" lon="5.5896340">
    <ele>378.0</ele>
   </trkpt>
   <trkpt lat="43.7623970" lon="5.5896350">
    <ele>378.0</ele>
   </trkpt>
   <trkpt lat="43.7623890" lon="5.5896370">
    <ele>377.9</ele>
   </trkpt>
   <trkpt lat="43.7623830" lon="5.5896400">
    <ele>377.9</ele>
   </trkpt>
   <trkpt lat="43.7623830" lon="5.5896410">
    <ele>377.9</ele>
   </trkpt>
   <trkpt lat="43.7623810" lon="5.5896420">
    <ele>377.9</ele>
   </trkpt>
   <trkpt lat="43.7623810" lon="5.5896450">
    <ele>377.9</ele>
   </trkpt>
   <trkpt lat="43.7623800" lon="5.5896460">
    <ele>377.9</ele>
   </trkpt>
   <trkpt lat="43.7623800" lon="5.5896460">
    <ele>377.9</ele>
   </trkpt>
   <trkpt lat="43.7623800" lon="5.5896460">
    <ele>377.9</ele>
   </trkpt>
   <trkpt lat="43.7623800" lon="5.5896460">
    <ele>377.9</ele>
   </trkpt>
   <trkpt lat="43.7623800" lon="5.5896460">
    <ele>377.9</ele>
   </trkpt>
   <trkpt lat="43.7623800" lon="5.5896460">
    <ele>377.9</ele>
   </trkpt>
   <trkpt lat="43.7623800" lon="5.5896460">
    <ele>377.9</ele>
   </trkpt>
   <trkpt lat="43.7623780" lon="5.5896550">
    <ele>377.9</ele>
   </trkpt>
   <trkpt lat="43.7623790" lon="5.5896530">
    <ele>377.9</ele>
   </trkpt>
   <trkpt lat="43.7623790" lon="5.5896470">
    <ele>377.9</ele>
   </trkpt>
   <trkpt lat="43.7623720" lon="5.5896370">
    <ele>377.9</ele>
   </trkpt>
   <trkpt lat="43.7623680" lon="5.5896310">
    <ele>377.9</ele>
   </trkpt>
   <trkpt lat="43.7623650" lon="5.5896370">
    <ele>377.9</ele>
   </trkpt>
   <trkpt lat="43.7623630" lon="5.5896390">
    <ele>377.9</ele>
   </trkpt>
   <trkpt lat="43.7623630" lon="5.5896400">
    <ele>377.9</ele>
   </trkpt>
   <trkpt lat="43.7623620" lon="5.5896410">
    <ele>377.9</ele>
   </trkpt>
   <trkpt lat="43.7623620" lon="5.5896410">
    <ele>377.9</ele>
   </trkpt>
   <trkpt lat="43.7623620" lon="5.5896410">
    <ele>377.9</ele>
   </trkpt>
   <trkpt lat="43.7623620" lon="5.5896410">
    <ele>377.9</ele>
   </trkpt>
   <trkpt lat="43.7623620" lon="5.5896410">
    <ele>377.9</ele>
   </trkpt>
   <trkpt lat="43.7623620" lon="5.5896410">
    <ele>377.9</ele>
   </trkpt>
   <trkpt lat="43.7623620" lon="5.5896410">
    <ele>377.9</ele>
   </trkpt>
   <trkpt lat="43.7623620" lon="5.5896410">
    <ele>377.9</ele>
   </trkpt>
   <trkpt lat="43.7623350" lon="5.5896490">
    <ele>377.8</ele>
   </trkpt>
   <trkpt lat="43.7623280" lon="5.5896530">
    <ele>377.8</ele>
   </trkpt>
   <trkpt lat="43.7623270" lon="5.5896520">
    <ele>377.8</ele>
   </trkpt>
   <trkpt lat="43.7623250" lon="5.5896540">
    <ele>377.8</ele>
   </trkpt>
   <trkpt lat="43.7623310" lon="5.5896520">
    <ele>377.8</ele>
   </trkpt>
   <trkpt lat="43.7623380" lon="5.5896610">
    <ele>377.8</ele>
   </trkpt>
   <trkpt lat="43.7623420" lon="5.5896520">
    <ele>377.7</ele>
   </trkpt>
   <trkpt lat="43.7623440" lon="5.5896370">
    <ele>377.7</ele>
   </trkpt>
   <trkpt lat="43.7623510" lon="5.5896300">
    <ele>377.7</ele>
   </trkpt>
   <trkpt lat="43.7623600" lon="5.5896230">
    <ele>377.7</ele>
   </trkpt>
   <trkpt lat="43.7623650" lon="5.5896260">
    <ele>377.7</ele>
   </trkpt>
   <trkpt lat="43.7623710" lon="5.5896300">
    <ele>377.7</ele>
   </trkpt>
   <trkpt lat="43.7623720" lon="5.5896320">
    <ele>377.7</ele>
   </trkpt>
   <trkpt lat="43.7623730" lon="5.5896330">
    <ele>377.7</ele>
   </trkpt>
   <trkpt lat="43.7623740" lon="5.5896330">
    <ele>377.7</ele>
   </trkpt>
   <trkpt lat="43.7623740" lon="5.5896330">
    <ele>377.7</ele>
   </trkpt>
   <trkpt lat="43.7623740" lon="5.5896330">
    <ele>377.7</ele>
   </trkpt>
   <trkpt lat="43.7623740" lon="5.5896330">
    <ele>377.7</ele>
   </trkpt>
   <trkpt lat="43.7623740" lon="5.5896330">
    <ele>377.7</ele>
   </trkpt>
   <trkpt lat="43.7623750" lon="5.5896330">
    <ele>377.7</ele>
   </trkpt>
   <trkpt lat="43.7623750" lon="5.5896330">
    <ele>377.7</ele>
   </trkpt>
   <trkpt lat="43.7623750" lon="5.5896330">
    <ele>377.7</ele>
   </trkpt>
   <trkpt lat="43.7623750" lon="5.5896330">
    <ele>377.7</ele>
   </trkpt>
   <trkpt lat="43.7623750" lon="5.5896330">
    <ele>377.7</ele>
   </trkpt>
   <trkpt lat="43.7623750" lon="5.5896330">
    <ele>377.7</ele>
   </trkpt>
   <trkpt lat="43.7623320" lon="5.5896290">
    <ele>377.6</ele>
   </trkpt>
   <trkpt lat="43.7623260" lon="5.5896370">
    <ele>377.6</ele>
   </trkpt>
   <trkpt lat="43.7623230" lon="5.5896390">
    <ele>377.6</ele>
   </trkpt>
   <trkpt lat="43.7623130" lon="5.5896550">
    <ele>377.5</ele>
   </trkpt>
   <trkpt lat="43.7622930" lon="5.5897040">
    <ele>377.3</ele>
   </trkpt>
   <trkpt lat="43.7622860" lon="5.5897230">
    <ele>377.2</ele>
   </trkpt>
   <trkpt lat="43.7622550" lon="5.5897480">
    <ele>377.0</ele>
   </trkpt>
   <trkpt lat="43.7622260" lon="5.5897710">
    <ele>376.7</ele>
   </trkpt>
   <trkpt lat="43.7622020" lon="5.5897990">
    <ele>376.5</ele>
   </trkpt>
   <trkpt lat="43.7621920" lon="5.5898460">
    <ele>376.2</ele>
   </trkpt>
   <trkpt lat="43.7621900" lon="5.5898600">
    <ele>376.1</ele>
   </trkpt>
   <trkpt lat="43.7621800" lon="5.5898950">
    <ele>375.8</ele>
   </trkpt>
   <trkpt lat="43.7621590" lon="5.5899390">
    <ele>375.5</ele>
   </trkpt>
   <trkpt lat="43.7621260" lon="5.5899840">
    <ele>375.1</ele>
   </trkpt>
   <trkpt lat="43.7621020" lon="5.5900250">
    <ele>374.8</ele>
   </trkpt>
   <trkpt lat="43.7620830" lon="5.5900780">
    <ele>374.4</ele>
   </trkpt>
   <trkpt lat="43.7620540" lon="5.5901470">
    <ele>373.9</ele>
   </trkpt>
   <trkpt lat="43.7620170" lon="5.5902200">
    <ele>373.4</ele>
   </trkpt>
   <trkpt lat="43.7619830" lon="5.5902980">
    <ele>372.8</ele>
   </trkpt>
   <trkpt lat="43.7619500" lon="5.5903800">
    <ele>372.3</ele>
   </trkpt>
   <trkpt lat="43.7619140" lon="5.5904550">
    <ele>371.8</ele>
   </trkpt>
   <trkpt lat="43.7618810" lon="5.5905190">
    <ele>371.4</ele>
   </trkpt>
   <trkpt lat="43.7618500" lon="5.5905850">
    <ele>371.0</ele>
   </trkpt>
   <trkpt lat="43.7618090" lon="5.5906690">
    <ele>370.6</ele>
   </trkpt>
   <trkpt lat="43.7617570" lon="5.5907660">
    <ele>370.2</ele>
   </trkpt>
   <trkpt lat="43.7617110" lon="5.5908660">
    <ele>369.9</ele>
   </trkpt>
   <trkpt lat="43.7616600" lon="5.5909700">
    <ele>369.9</ele>
   </trkpt>
   <trkpt lat="43.7616160" lon="5.5910710">
    <ele>370.0</ele>
   </trkpt>
   <trkpt lat="43.7615820" lon="5.5911810">
    <ele>370.2</ele>
   </trkpt>
   <trkpt lat="43.7615580" lon="5.5912880">
    <ele>370.3</ele>
   </trkpt>
   <trkpt lat="43.7615430" lon="5.5913980">
    <ele>370.7</ele>
   </trkpt>
   <trkpt lat="43.7615320" lon="5.5915000">
    <ele>370.3</ele>
   </trkpt>
   <trkpt lat="43.7615200" lon="5.5915900">
    <ele>370.7</ele>
   </trkpt>
   <trkpt lat="43.7615080" lon="5.5916770">
    <ele>371.1</ele>
   </trkpt>
   <trkpt lat="43.7614910" lon="5.5917570">
    <ele>371.5</ele>
   </trkpt>
   <trkpt lat="43.7614780" lon="5.5918230">
    <ele>371.7</ele>
   </trkpt>
   <trkpt lat="43.7614660" lon="5.5918870">
    <ele>372.0</ele>
   </trkpt>
   <trkpt lat="43.7614550" lon="5.5919360">
    <ele>372.1</ele>
   </trkpt>
   <trkpt lat="43.7614420" lon="5.5919810">
    <ele>372.3</ele>
   </trkpt>
   <trkpt lat="43.7614290" lon="5.5920240">
    <ele>372.5</ele>
   </trkpt>
   <trkpt lat="43.7614160" lon="5.5920580">
    <ele>372.7</ele>
   </trkpt>
   <trkpt lat="43.7613860" lon="5.5920980">
    <ele>372.9</ele>
   </trkpt>
   <trkpt lat="43.7613680" lon="5.5921320">
    <ele>373.1</ele>
   </trkpt>
   <trkpt lat="43.7613630" lon="5.5921430">
    <ele>373.1</ele>
   </trkpt>
   <trkpt lat="43.7613490" lon="5.5921640">
    <ele>373.3</ele>
   </trkpt>
   <trkpt lat="43.7613390" lon="5.5921730">
    <ele>373.3</ele>
   </trkpt>
   <trkpt lat="43.7613250" lon="5.5921950">
    <ele>373.4</ele>
   </trkpt>
   <trkpt lat="43.7613230" lon="5.5922150">
    <ele>373.4</ele>
   </trkpt>
   <trkpt lat="43.7613190" lon="5.5922590">
    <ele>373.4</ele>
   </trkpt>
   <trkpt lat="43.7613170" lon="5.5922760">
    <ele>373.4</ele>
   </trkpt>
   <trkpt lat="43.7613150" lon="5.5923250">
    <ele>373.5</ele>
   </trkpt>
   <trkpt lat="43.7613130" lon="5.5923420">
    <ele>373.5</ele>
   </trkpt>
   <trkpt lat="43.7613050" lon="5.5923880">
    <ele>373.5</ele>
   </trkpt>
   <trkpt lat="43.7613020" lon="5.5924030">
    <ele>373.5</ele>
   </trkpt>
   <trkpt lat="43.7612920" lon="5.5924440">
    <ele>373.7</ele>
   </trkpt>
   <trkpt lat="43.7612880" lon="5.5924570">
    <ele>373.7</ele>
   </trkpt>
   <trkpt lat="43.7612740" lon="5.5924940">
    <ele>373.8</ele>
   </trkpt>
   <trkpt lat="43.7612700" lon="5.5925050">
    <ele>373.9</ele>
   </trkpt>
   <trkpt lat="43.7612560" lon="5.5925540">
    <ele>374.1</ele>
   </trkpt>
   <trkpt lat="43.7612520" lon="5.5925700">
    <ele>374.1</ele>
   </trkpt>
   <trkpt lat="43.7612350" lon="5.5926200">
    <ele>374.3</ele>
   </trkpt>
   <trkpt lat="43.7612300" lon="5.5926350">
    <ele>374.3</ele>
   </trkpt>
   <trkpt lat="43.7612150" lon="5.5926860">
    <ele>374.5</ele>
   </trkpt>
   <trkpt lat="43.7612100" lon="5.5927030">
    <ele>374.6</ele>
   </trkpt>
   <trkpt lat="43.7611940" lon="5.5927620">
    <ele>374.8</ele>
   </trkpt>
   <trkpt lat="43.7611810" lon="5.5928030">
    <ele>375.0</ele>
   </trkpt>
   <trkpt lat="43.7611690" lon="5.5928400">
    <ele>375.1</ele>
   </trkpt>
   <trkpt lat="43.7611570" lon="5.5928790">
    <ele>375.3</ele>
   </trkpt>
   <trkpt lat="43.7611420" lon="5.5929280">
    <ele>375.4</ele>
   </trkpt>
   <trkpt lat="43.7611360" lon="5.5929440">
    <ele>375.5</ele>
   </trkpt>
   <trkpt lat="43.7611230" lon="5.5929810">
    <ele>375.6</ele>
   </trkpt>
   <trkpt lat="43.7611070" lon="5.5930320">
    <ele>375.8</ele>
   </trkpt>
   <trkpt lat="43.7611030" lon="5.5930490">
    <ele>375.9</ele>
   </trkpt>
   <trkpt lat="43.7610920" lon="5.5930850">
    <ele>376.0</ele>
   </trkpt>
   <trkpt lat="43.7610760" lon="5.5931160">
    <ele>376.2</ele>
   </trkpt>
   <trkpt lat="43.7610590" lon="5.5931510">
    <ele>376.3</ele>
   </trkpt>
   <trkpt lat="43.7610120" lon="5.5932630">
    <ele>376.8</ele>
   </trkpt>
   <trkpt lat="43.7610060" lon="5.5932810">
    <ele>376.9</ele>
   </trkpt>
   <trkpt lat="43.7609870" lon="5.5933160">
    <ele>377.1</ele>
   </trkpt>
   <trkpt lat="43.7609730" lon="5.5933500">
    <ele>377.2</ele>
   </trkpt>
   <trkpt lat="43.7609580" lon="5.5933990">
    <ele>377.4</ele>
   </trkpt>
   <trkpt lat="43.7609520" lon="5.5934170">
    <ele>377.5</ele>
   </trkpt>
   <trkpt lat="43.7609360" lon="5.5934680">
    <ele>377.7</ele>
   </trkpt>
   <trkpt lat="43.7609300" lon="5.5934840">
    <ele>377.8</ele>
   </trkpt>
   <trkpt lat="43.7609150" lon="5.5935170">
    <ele>377.9</ele>
   </trkpt>
   <trkpt lat="43.7608980" lon="5.5935460">
    <ele>378.1</ele>
   </trkpt>
   <trkpt lat="43.7608760" lon="5.5935870">
    <ele>378.3</ele>
   </trkpt>
   <trkpt lat="43.7608610" lon="5.5936270">
    <ele>378.4</ele>
   </trkpt>
   <trkpt lat="43.7608500" lon="5.5936650">
    <ele>378.6</ele>
   </trkpt>
   <trkpt lat="43.7608330" lon="5.5937110">
    <ele>378.8</ele>
   </trkpt>
   <trkpt lat="43.7608260" lon="5.5937270">
    <ele>378.9</ele>
   </trkpt>
   <trkpt lat="43.7608090" lon="5.5937740">
    <ele>379.1</ele>
   </trkpt>
   <trkpt lat="43.7608030" lon="5.5937880">
    <ele>379.1</ele>
   </trkpt>
   <trkpt lat="43.7607910" lon="5.5938230">
    <ele>379.3</ele>
   </trkpt>
   <trkpt lat="43.7607820" lon="5.5938590">
    <ele>379.5</ele>
   </trkpt>
   <trkpt lat="43.7607670" lon="5.5938920">
    <ele>379.6</ele>
   </trkpt>
   <trkpt lat="43.7607490" lon="5.5939240">
    <ele>379.8</ele>
   </trkpt>
   <trkpt lat="43.7607390" lon="5.5939610">
    <ele>379.9</ele>
   </trkpt>
   <trkpt lat="43.7607270" lon="5.5940120">
    <ele>380.1</ele>
   </trkpt>
   <trkpt lat="43.7607210" lon="5.5940280">
    <ele>380.2</ele>
   </trkpt>
   <trkpt lat="43.7607060" lon="5.5940800">
    <ele>380.4</ele>
   </trkpt>
   <trkpt lat="43.7607010" lon="5.5940990">
    <ele>380.5</ele>
   </trkpt>
   <trkpt lat="43.7606900" lon="5.5941370">
    <ele>380.7</ele>
   </trkpt>
   <trkpt lat="43.7606790" lon="5.5941710">
    <ele>380.8</ele>
   </trkpt>
   <trkpt lat="43.7606670" lon="5.5942130">
    <ele>381.0</ele>
   </trkpt>
   <trkpt lat="43.7606610" lon="5.5942560">
    <ele>381.1</ele>
   </trkpt>
   <trkpt lat="43.7606560" lon="5.5942920">
    <ele>381.3</ele>
   </trkpt>
   <trkpt lat="43.7606440" lon="5.5943430">
    <ele>381.5</ele>
   </trkpt>
   <trkpt lat="43.7606390" lon="5.5943580">
    <ele>381.6</ele>
   </trkpt>
   <trkpt lat="43.7606280" lon="5.5944040">
    <ele>381.7</ele>
   </trkpt>
   <trkpt lat="43.7606260" lon="5.5944200">
    <ele>381.8</ele>
   </trkpt>
   <trkpt lat="43.7606150" lon="5.5944670">
    <ele>382.0</ele>
   </trkpt>
   <trkpt lat="43.7606110" lon="5.5944870">
    <ele>382.1</ele>
   </trkpt>
   <trkpt lat="43.7606020" lon="5.5945290">
    <ele>382.2</ele>
   </trkpt>
   <trkpt lat="43.7605900" lon="5.5945730">
    <ele>382.4</ele>
   </trkpt>
   <trkpt lat="43.7605800" lon="5.5946120">
    <ele>382.6</ele>
   </trkpt>
   <trkpt lat="43.7605690" lon="5.5946590">
    <ele>382.7</ele>
   </trkpt>
   <trkpt lat="43.7605630" lon="5.5947040">
    <ele>382.9</ele>
   </trkpt>
   <trkpt lat="43.7605570" lon="5.5947440">
    <ele>383.1</ele>
   </trkpt>
   <trkpt lat="43.7605490" lon="5.5947850">
    <ele>383.2</ele>
   </trkpt>
   <trkpt lat="43.7605340" lon="5.5948220">
    <ele>383.4</ele>
   </trkpt>
   <trkpt lat="43.7605170" lon="5.5948640">
    <ele>383.5</ele>
   </trkpt>
   <trkpt lat="43.7605100" lon="5.5949050">
    <ele>383.7</ele>
   </trkpt>
   <trkpt lat="43.7605010" lon="5.5949500">
    <ele>383.8</ele>
   </trkpt>
   <trkpt lat="43.7604920" lon="5.5949970">
    <ele>384.0</ele>
   </trkpt>
   <trkpt lat="43.7604850" lon="5.5950400">
    <ele>384.2</ele>
   </trkpt>
   <trkpt lat="43.7604760" lon="5.5950850">
    <ele>384.3</ele>
   </trkpt>
   <trkpt lat="43.7604690" lon="5.5951290">
    <ele>384.5</ele>
   </trkpt>
   <trkpt lat="43.7604590" lon="5.5951690">
    <ele>384.7</ele>
   </trkpt>
   <trkpt lat="43.7604450" lon="5.5952100">
    <ele>384.9</ele>
   </trkpt>
   <trkpt lat="43.7604310" lon="5.5952480">
    <ele>385.0</ele>
   </trkpt>
   <trkpt lat="43.7604190" lon="5.5952900">
    <ele>385.2</ele>
   </trkpt>
   <trkpt lat="43.7604110" lon="5.5953310">
    <ele>385.4</ele>
   </trkpt>
   <trkpt lat="43.7604080" lon="5.5953740">
    <ele>385.5</ele>
   </trkpt>
   <trkpt lat="43.7604010" lon="5.5954150">
    <ele>385.7</ele>
   </trkpt>
   <trkpt lat="43.7603890" lon="5.5954520">
    <ele>385.8</ele>
   </trkpt>
   <trkpt lat="43.7603800" lon="5.5954910">
    <ele>386.0</ele>
   </trkpt>
   <trkpt lat="43.7603770" lon="5.5955300">
    <ele>386.0</ele>
   </trkpt>
   <trkpt lat="43.7603760" lon="5.5955680">
    <ele>386.1</ele>
   </trkpt>
   <trkpt lat="43.7603740" lon="5.5956230">
    <ele>386.2</ele>
   </trkpt>
   <trkpt lat="43.7603730" lon="5.5956410">
    <ele>386.2</ele>
   </trkpt>
   <trkpt lat="43.7603750" lon="5.5956810">
    <ele>386.2</ele>
   </trkpt>
   <trkpt lat="43.7603760" lon="5.5957250">
    <ele>386.3</ele>
   </trkpt>
   <trkpt lat="43.7603750" lon="5.5957700">
    <ele>386.3</ele>
   </trkpt>
   <trkpt lat="43.7603790" lon="5.5958160">
    <ele>386.3</ele>
   </trkpt>
   <trkpt lat="43.7603840" lon="5.5958650">
    <ele>386.3</ele>
   </trkpt>
   <trkpt lat="43.7603870" lon="5.5959210">
    <ele>386.3</ele>
   </trkpt>
   <trkpt lat="43.7603850" lon="5.5959770">
    <ele>386.3</ele>
   </trkpt>
   <trkpt lat="43.7603840" lon="5.5960300">
    <ele>386.3</ele>
   </trkpt>
   <trkpt lat="43.7603860" lon="5.5960890">
    <ele>386.2</ele>
   </trkpt>
   <trkpt lat="43.7603900" lon="5.5961450">
    <ele>386.2</ele>
   </trkpt>
   <trkpt lat="43.7603940" lon="5.5962020">
    <ele>386.2</ele>
   </trkpt>
   <trkpt lat="43.7603960" lon="5.5962620">
    <ele>386.2</ele>
   </trkpt>
   <trkpt lat="43.7603950" lon="5.5963170">
    <ele>386.2</ele>
   </trkpt>
   <trkpt lat="43.7603940" lon="5.5963680">
    <ele>386.1</ele>
   </trkpt>
   <trkpt lat="43.7603970" lon="5.5964150">
    <ele>386.1</ele>
   </trkpt>
   <trkpt lat="43.7604060" lon="5.5964690">
    <ele>386.1</ele>
   </trkpt>
   <trkpt lat="43.7604120" lon="5.5965170">
    <ele>386.1</ele>
   </trkpt>
   <trkpt lat="43.7604120" lon="5.5965640">
    <ele>386.0</ele>
   </trkpt>
   <trkpt lat="43.7604100" lon="5.5966140">
    <ele>386.0</ele>
   </trkpt>
   <trkpt lat="43.7604080" lon="5.5966690">
    <ele>386.0</ele>
   </trkpt>
   <trkpt lat="43.7604080" lon="5.5967290">
    <ele>386.0</ele>
   </trkpt>
   <trkpt lat="43.7604100" lon="5.5967890">
    <ele>385.9</ele>
   </trkpt>
   <trkpt lat="43.7604150" lon="5.5968500">
    <ele>385.9</ele>
   </trkpt>
   <trkpt lat="43.7604200" lon="5.5969090">
    <ele>385.9</ele>
   </trkpt>
   <trkpt lat="43.7604230" lon="5.5969710">
    <ele>385.8</ele>
   </trkpt>
   <trkpt lat="43.7604250" lon="5.5970360">
    <ele>385.8</ele>
   </trkpt>
   <trkpt lat="43.7604290" lon="5.5970960">
    <ele>385.8</ele>
   </trkpt>
   <trkpt lat="43.7604240" lon="5.5972140">
    <ele>385.9</ele>
   </trkpt>
   <trkpt lat="43.7604220" lon="5.5972740">
    <ele>385.9</ele>
   </trkpt>
   <trkpt lat="43.7604260" lon="5.5973350">
    <ele>385.9</ele>
   </trkpt>
   <trkpt lat="43.7604290" lon="5.5973940">
    <ele>385.9</ele>
   </trkpt>
   <trkpt lat="43.7604300" lon="5.5974540">
    <ele>386.0</ele>
   </trkpt>
   <trkpt lat="43.7604310" lon="5.5975180">
    <ele>386.0</ele>
   </trkpt>
   <trkpt lat="43.7604330" lon="5.5975810">
    <ele>386.0</ele>
   </trkpt>
   <trkpt lat="43.7604380" lon="5.5976410">
    <ele>386.0</ele>
   </trkpt>
   <trkpt lat="43.7604420" lon="5.5977070">
    <ele>386.1</ele>
   </trkpt>
   <trkpt lat="43.7604400" lon="5.5977690">
    <ele>386.1</ele>
   </trkpt>
   <trkpt lat="43.7604400" lon="5.5978320">
    <ele>386.1</ele>
   </trkpt>
   <trkpt lat="43.7604440" lon="5.5979620">
    <ele>386.2</ele>
   </trkpt>
   <trkpt lat="43.7604420" lon="5.5980170">
    <ele>386.2</ele>
   </trkpt>
   <trkpt lat="43.7604420" lon="5.5980760">
    <ele>386.2</ele>
   </trkpt>
   <trkpt lat="43.7604470" lon="5.5981390">
    <ele>386.2</ele>
   </trkpt>
   <trkpt lat="43.7604510" lon="5.5982000">
    <ele>386.3</ele>
   </trkpt>
   <trkpt lat="43.7604550" lon="5.5982630">
    <ele>386.3</ele>
   </trkpt>
   <trkpt lat="43.7604590" lon="5.5983240">
    <ele>386.3</ele>
   </trkpt>
   <trkpt lat="43.7604670" lon="5.5983900">
    <ele>386.4</ele>
   </trkpt>
   <trkpt lat="43.7604740" lon="5.5984550">
    <ele>386.4</ele>
   </trkpt>
   <trkpt lat="43.7604790" lon="5.5985180">
    <ele>386.5</ele>
   </trkpt>
   <trkpt lat="43.7604890" lon="5.5985830">
    <ele>386.5</ele>
   </trkpt>
   <trkpt lat="43.7605000" lon="5.5986480">
    <ele>386.5</ele>
   </trkpt>
   <trkpt lat="43.7605140" lon="5.5987130">
    <ele>386.6</ele>
   </trkpt>
   <trkpt lat="43.7605300" lon="5.5987780">
    <ele>386.7</ele>
   </trkpt>
   <trkpt lat="43.7605570" lon="5.5989000">
    <ele>386.8</ele>
   </trkpt>
   <trkpt lat="43.7605690" lon="5.5989640">
    <ele>386.8</ele>
   </trkpt>
   <trkpt lat="43.7605820" lon="5.5990280">
    <ele>386.8</ele>
   </trkpt>
   <trkpt lat="43.7605940" lon="5.5990950">
    <ele>386.8</ele>
   </trkpt>
   <trkpt lat="43.7606090" lon="5.5991610">
    <ele>386.9</ele>
   </trkpt>
   <trkpt lat="43.7606200" lon="5.5992320">
    <ele>386.9</ele>
   </trkpt>
   <trkpt lat="43.7606270" lon="5.5993040">
    <ele>386.9</ele>
   </trkpt>
   <trkpt lat="43.7606320" lon="5.5993770">
    <ele>386.9</ele>
   </trkpt>
   <trkpt lat="43.7606430" lon="5.5994490">
    <ele>387.0</ele>
   </trkpt>
   <trkpt lat="43.7606500" lon="5.5995190">
    <ele>387.0</ele>
   </trkpt>
   <trkpt lat="43.7606580" lon="5.5995850">
    <ele>387.0</ele>
   </trkpt>
   <trkpt lat="43.7606640" lon="5.5996540">
    <ele>387.1</ele>
   </trkpt>
   <trkpt lat="43.7606680" lon="5.5997200">
    <ele>387.1</ele>
   </trkpt>
   <trkpt lat="43.7606690" lon="5.5997880">
    <ele>387.1</ele>
   </trkpt>
   <trkpt lat="43.7606700" lon="5.5998560">
    <ele>387.1</ele>
   </trkpt>
   <trkpt lat="43.7606760" lon="5.5999200">
    <ele>387.1</ele>
   </trkpt>
   <trkpt lat="43.7606810" lon="5.5999860">
    <ele>387.1</ele>
   </trkpt>
   <trkpt lat="43.7606830" lon="5.6000460">
    <ele>387.1</ele>
   </trkpt>
   <trkpt lat="43.7606880" lon="5.6001080">
    <ele>387.0</ele>
   </trkpt>
   <trkpt lat="43.7606890" lon="5.6001640">
    <ele>387.0</ele>
   </trkpt>
   <trkpt lat="43.7606890" lon="5.6002290">
    <ele>387.0</ele>
   </trkpt>
   <trkpt lat="43.7606880" lon="5.6002970">
    <ele>386.9</ele>
   </trkpt>
   <trkpt lat="43.7606850" lon="5.6003650">
    <ele>386.8</ele>
   </trkpt>
   <trkpt lat="43.7606760" lon="5.6004400">
    <ele>386.7</ele>
   </trkpt>
   <trkpt lat="43.7606620" lon="5.6005120">
    <ele>386.6</ele>
   </trkpt>
   <trkpt lat="43.7606250" lon="5.6006500">
    <ele>386.3</ele>
   </trkpt>
   <trkpt lat="43.7605960" lon="5.6007140">
    <ele>386.2</ele>
   </trkpt>
   <trkpt lat="43.7605620" lon="5.6007770">
    <ele>386.0</ele>
   </trkpt>
   <trkpt lat="43.7605220" lon="5.6008390">
    <ele>385.8</ele>
   </trkpt>
   <trkpt lat="43.7604810" lon="5.6008980">
    <ele>385.6</ele>
   </trkpt>
   <trkpt lat="43.7604390" lon="5.6009530">
    <ele>385.4</ele>
   </trkpt>
   <trkpt lat="43.7603940" lon="5.6010140">
    <ele>385.2</ele>
   </trkpt>
   <trkpt lat="43.7603480" lon="5.6010690">
    <ele>385.0</ele>
   </trkpt>
   <trkpt lat="43.7603040" lon="5.6011260">
    <ele>384.8</ele>
   </trkpt>
   <trkpt lat="43.7602600" lon="5.6011880">
    <ele>384.6</ele>
   </trkpt>
   <trkpt lat="43.7602170" lon="5.6012500">
    <ele>384.4</ele>
   </trkpt>
   <trkpt lat="43.7601760" lon="5.6013200">
    <ele>384.2</ele>
   </trkpt>
   <trkpt lat="43.7601360" lon="5.6013960">
    <ele>384.0</ele>
   </trkpt>
   <trkpt lat="43.7601050" lon="5.6014780">
    <ele>383.8</ele>
   </trkpt>
   <trkpt lat="43.7600690" lon="5.6015600">
    <ele>383.6</ele>
   </trkpt>
   <trkpt lat="43.7600320" lon="5.6016380">
    <ele>383.5</ele>
   </trkpt>
   <trkpt lat="43.7600000" lon="5.6017160">
    <ele>383.3</ele>
   </trkpt>
   <trkpt lat="43.7599710" lon="5.6018110">
    <ele>383.1</ele>
   </trkpt>
   <trkpt lat="43.7599390" lon="5.6019080">
    <ele>383.0</ele>
   </trkpt>
   <trkpt lat="43.7599090" lon="5.6019960">
    <ele>382.8</ele>
   </trkpt>
   <trkpt lat="43.7598760" lon="5.6020810">
    <ele>382.7</ele>
   </trkpt>
   <trkpt lat="43.7598380" lon="5.6021650">
    <ele>382.6</ele>
   </trkpt>
   <trkpt lat="43.7598090" lon="5.6022500">
    <ele>382.5</ele>
   </trkpt>
   <trkpt lat="43.7597890" lon="5.6023380">
    <ele>382.4</ele>
   </trkpt>
   <trkpt lat="43.7597660" lon="5.6024390">
    <ele>382.3</ele>
   </trkpt>
   <trkpt lat="43.7597490" lon="5.6025320">
    <ele>382.3</ele>
   </trkpt>
   <trkpt lat="43.7597340" lon="5.6026240">
    <ele>382.2</ele>
   </trkpt>
   <trkpt lat="43.7597270" lon="5.6027200">
    <ele>382.2</ele>
   </trkpt>
   <trkpt lat="43.7597220" lon="5.6028130">
    <ele>382.1</ele>
   </trkpt>
   <trkpt lat="43.7597130" lon="5.6028960">
    <ele>382.1</ele>
   </trkpt>
   <trkpt lat="43.7597020" lon="5.6029780">
    <ele>382.1</ele>
   </trkpt>
   <trkpt lat="43.7596980" lon="5.6030660">
    <ele>382.0</ele>
   </trkpt>
   <trkpt lat="43.7596900" lon="5.6031510">
    <ele>382.0</ele>
   </trkpt>
   <trkpt lat="43.7596840" lon="5.6032370">
    <ele>382.0</ele>
   </trkpt>
   <trkpt lat="43.7596780" lon="5.6033180">
    <ele>381.9</ele>
   </trkpt>
   <trkpt lat="43.7596750" lon="5.6033970">
    <ele>381.9</ele>
   </trkpt>
   <trkpt lat="43.7596740" lon="5.6034770">
    <ele>381.9</ele>
   </trkpt>
   <trkpt lat="43.7596680" lon="5.6035590">
    <ele>381.8</ele>
   </trkpt>
   <trkpt lat="43.7596630" lon="5.6036410">
    <ele>381.8</ele>
   </trkpt>
   <trkpt lat="43.7596640" lon="5.6037250">
    <ele>381.7</ele>
   </trkpt>
   <trkpt lat="43.7596620" lon="5.6038090">
    <ele>381.7</ele>
   </trkpt>
   <trkpt lat="43.7596610" lon="5.6038920">
    <ele>381.7</ele>
   </trkpt>
   <trkpt lat="43.7596610" lon="5.6039740">
    <ele>381.6</ele>
   </trkpt>
   <trkpt lat="43.7596640" lon="5.6040520">
    <ele>381.5</ele>
   </trkpt>
   <trkpt lat="43.7596700" lon="5.6041270">
    <ele>381.4</ele>
   </trkpt>
   <trkpt lat="43.7596790" lon="5.6042000">
    <ele>381.4</ele>
   </trkpt>
   <trkpt lat="43.7596930" lon="5.6042740">
    <ele>381.3</ele>
   </trkpt>
   <trkpt lat="43.7597070" lon="5.6043520">
    <ele>381.2</ele>
   </trkpt>
   <trkpt lat="43.7597250" lon="5.6044260">
    <ele>381.1</ele>
   </trkpt>
   <trkpt lat="43.7597450" lon="5.6044990">
    <ele>381.0</ele>
   </trkpt>
   <trkpt lat="43.7597640" lon="5.6045720">
    <ele>380.9</ele>
   </trkpt>
   <trkpt lat="43.7597840" lon="5.6046400">
    <ele>380.8</ele>
   </trkpt>
   <trkpt lat="43.7598080" lon="5.6047120">
    <ele>380.7</ele>
   </trkpt>
   <trkpt lat="43.7598340" lon="5.6047830">
    <ele>380.6</ele>
   </trkpt>
   <trkpt lat="43.7598650" lon="5.6048470">
    <ele>380.5</ele>
   </trkpt>
   <trkpt lat="43.7598910" lon="5.6049150">
    <ele>380.4</ele>
   </trkpt>
   <trkpt lat="43.7599160" lon="5.6049850">
    <ele>380.2</ele>
   </trkpt>
   <trkpt lat="43.7599450" lon="5.6050510">
    <ele>380.1</ele>
   </trkpt>
   <trkpt lat="43.7599750" lon="5.6051170">
    <ele>380.0</ele>
   </trkpt>
   <trkpt lat="43.7600040" lon="5.6051840">
    <ele>379.9</ele>
   </trkpt>
   <trkpt lat="43.7600300" lon="5.6052530">
    <ele>379.7</ele>
   </trkpt>
   <trkpt lat="43.7600590" lon="5.6053250">
    <ele>379.6</ele>
   </trkpt>
   <trkpt lat="43.7600890" lon="5.6053940">
    <ele>379.5</ele>
   </trkpt>
   <trkpt lat="43.7601170" lon="5.6054580">
    <ele>379.3</ele>
   </trkpt>
   <trkpt lat="43.7601460" lon="5.6055250">
    <ele>379.2</ele>
   </trkpt>
   <trkpt lat="43.7601750" lon="5.6055930">
    <ele>379.0</ele>
   </trkpt>
   <trkpt lat="43.7602050" lon="5.6056660">
    <ele>378.9</ele>
   </trkpt>
   <trkpt lat="43.7602350" lon="5.6057280">
    <ele>378.8</ele>
   </trkpt>
   <trkpt lat="43.7602570" lon="5.6057990">
    <ele>378.7</ele>
   </trkpt>
   <trkpt lat="43.7602830" lon="5.6058750">
    <ele>378.5</ele>
   </trkpt>
   <trkpt lat="43.7603140" lon="5.6059480">
    <ele>378.4</ele>
   </trkpt>
   <trkpt lat="43.7603420" lon="5.6060220">
    <ele>378.2</ele>
   </trkpt>
   <trkpt lat="43.7603700" lon="5.6060960">
    <ele>378.1</ele>
   </trkpt>
   <trkpt lat="43.7604040" lon="5.6061730">
    <ele>378.0</ele>
   </trkpt>
   <trkpt lat="43.7604420" lon="5.6062530">
    <ele>378.0</ele>
   </trkpt>
   <trkpt lat="43.7604750" lon="5.6063280">
    <ele>377.9</ele>
   </trkpt>
   <trkpt lat="43.7605100" lon="5.6064030">
    <ele>377.9</ele>
   </trkpt>
   <trkpt lat="43.7605450" lon="5.6064750">
    <ele>377.9</ele>
   </trkpt>
   <trkpt lat="43.7605770" lon="5.6065430">
    <ele>377.9</ele>
   </trkpt>
   <trkpt lat="43.7606160" lon="5.6066100">
    <ele>378.2</ele>
   </trkpt>
   <trkpt lat="43.7606580" lon="5.6066780">
    <ele>378.4</ele>
   </trkpt>
   <trkpt lat="43.7606980" lon="5.6067480">
    <ele>378.7</ele>
   </trkpt>
   <trkpt lat="43.7607300" lon="5.6068130">
    <ele>379.0</ele>
   </trkpt>
   <trkpt lat="43.7607650" lon="5.6068670">
    <ele>379.2</ele>
   </trkpt>
   <trkpt lat="43.7608020" lon="5.6069240">
    <ele>379.5</ele>
   </trkpt>
   <trkpt lat="43.7608420" lon="5.6069920">
    <ele>379.9</ele>
   </trkpt>
   <trkpt lat="43.7609050" lon="5.6070770">
    <ele>380.5</ele>
   </trkpt>
   <trkpt lat="43.7609260" lon="5.6071070">
    <ele>380.7</ele>
   </trkpt>
   <trkpt lat="43.7609650" lon="5.6071700">
    <ele>380.8</ele>
   </trkpt>
   <trkpt lat="43.7610060" lon="5.6072270">
    <ele>379.8</ele>
   </trkpt>
   <trkpt lat="43.7610390" lon="5.6072810">
    <ele>380.0</ele>
   </trkpt>
   <trkpt lat="43.7610690" lon="5.6073300">
    <ele>380.2</ele>
   </trkpt>
   <trkpt lat="43.7610970" lon="5.6073810">
    <ele>380.5</ele>
   </trkpt>
   <trkpt lat="43.7611210" lon="5.6074300">
    <ele>380.8</ele>
   </trkpt>
   <trkpt lat="43.7611390" lon="5.6074800">
    <ele>381.1</ele>
   </trkpt>
   <trkpt lat="43.7611590" lon="5.6075160">
    <ele>381.4</ele>
   </trkpt>
   <trkpt lat="43.7611800" lon="5.6075490">
    <ele>381.6</ele>
   </trkpt>
   <trkpt lat="43.7611980" lon="5.6075810">
    <ele>381.9</ele>
   </trkpt>
   <trkpt lat="43.7612110" lon="5.6076250">
    <ele>382.2</ele>
   </trkpt>
   <trkpt lat="43.7612150" lon="5.6076390">
    <ele>382.3</ele>
   </trkpt>
   <trkpt lat="43.7612300" lon="5.6076760">
    <ele>382.5</ele>
   </trkpt>
   <trkpt lat="43.7612320" lon="5.6076890">
    <ele>382.6</ele>
   </trkpt>
   <trkpt lat="43.7612490" lon="5.6077240">
    <ele>382.9</ele>
   </trkpt>
   <trkpt lat="43.7612540" lon="5.6077370">
    <ele>383.0</ele>
   </trkpt>
   <trkpt lat="43.7612710" lon="5.6077710">
    <ele>383.2</ele>
   </trkpt>
   <trkpt lat="43.7612740" lon="5.6077850">
    <ele>383.3</ele>
   </trkpt>
   <trkpt lat="43.7612860" lon="5.6078200">
    <ele>383.6</ele>
   </trkpt>
   <trkpt lat="43.7612910" lon="5.6078320">
    <ele>383.6</ele>
   </trkpt>
   <trkpt lat="43.7612960" lon="5.6078580">
    <ele>383.8</ele>
   </trkpt>
   <trkpt lat="43.7613040" lon="5.6078770">
    <ele>383.9</ele>
   </trkpt>
   <trkpt lat="43.7613210" lon="5.6079100">
    <ele>384.2</ele>
   </trkpt>
   <trkpt lat="43.7613250" lon="5.6079250">
    <ele>384.3</ele>
   </trkpt>
   <trkpt lat="43.7613400" lon="5.6079590">
    <ele>384.5</ele>
   </trkpt>
   <trkpt lat="43.7613570" lon="5.6080020">
    <ele>384.8</ele>
   </trkpt>
   <trkpt lat="43.7613590" lon="5.6080160">
    <ele>384.9</ele>
   </trkpt>
   <trkpt lat="43.7613610" lon="5.6080400">
    <ele>385.0</ele>
   </trkpt>
   <trkpt lat="43.7613690" lon="5.6080570">
    <ele>385.1</ele>
   </trkpt>
   <trkpt lat="43.7613830" lon="5.6081060">
    <ele>385.4</ele>
   </trkpt>
   <trkpt lat="43.7613880" lon="5.6081270">
    <ele>385.5</ele>
   </trkpt>
   <trkpt lat="43.7614040" lon="5.6081830">
    <ele>385.9</ele>
   </trkpt>
   <trkpt lat="43.7614090" lon="5.6082070">
    <ele>386.0</ele>
   </trkpt>
   <trkpt lat="43.7614190" lon="5.6082640">
    <ele>386.4</ele>
   </trkpt>
   <trkpt lat="43.7614230" lon="5.6083200">
    <ele>386.8</ele>
   </trkpt>
   <trkpt lat="43.7614360" lon="5.6083790">
    <ele>387.3</ele>
   </trkpt>
   <trkpt lat="43.7614430" lon="5.6084300">
    <ele>387.7</ele>
   </trkpt>
   <trkpt lat="43.7614440" lon="5.6084690">
    <ele>387.9</ele>
   </trkpt>
   <trkpt lat="43.7614560" lon="5.6085280">
    <ele>388.4</ele>
   </trkpt>
   <trkpt lat="43.7614660" lon="5.6085810">
    <ele>388.8</ele>
   </trkpt>
   <trkpt lat="43.7614720" lon="5.6086230">
    <ele>389.1</ele>
   </trkpt>
   <trkpt lat="43.7614820" lon="5.6086740">
    <ele>389.5</ele>
   </trkpt>
   <trkpt lat="43.7615030" lon="5.6087220">
    <ele>390.0</ele>
   </trkpt>
   <trkpt lat="43.7615120" lon="5.6087650">
    <ele>390.3</ele>
   </trkpt>
   <trkpt lat="43.7615200" lon="5.6088130">
    <ele>390.7</ele>
   </trkpt>
   <trkpt lat="43.7615250" lon="5.6088530">
    <ele>391.0</ele>
   </trkpt>
   <trkpt lat="43.7615350" lon="5.6089060">
    <ele>391.4</ele>
   </trkpt>
   <trkpt lat="43.7615400" lon="5.6089570">
    <ele>391.8</ele>
   </trkpt>
   <trkpt lat="43.7615520" lon="5.6090330">
    <ele>392.4</ele>
   </trkpt>
   <trkpt lat="43.7615660" lon="5.6090960">
    <ele>392.9</ele>
   </trkpt>
   <trkpt lat="43.7615840" lon="5.6091580">
    <ele>393.4</ele>
   </trkpt>
   <trkpt lat="43.7616030" lon="5.6092240">
    <ele>393.9</ele>
   </trkpt>
   <trkpt lat="43.7616200" lon="5.6092870">
    <ele>394.4</ele>
   </trkpt>
   <trkpt lat="43.7616500" lon="5.6094230">
    <ele>395.4</ele>
   </trkpt>
   <trkpt lat="43.7616650" lon="5.6094960">
    <ele>396.0</ele>
   </trkpt>
   <trkpt lat="43.7616770" lon="5.6095680">
    <ele>396.5</ele>
   </trkpt>
   <trkpt lat="43.7616950" lon="5.6096370">
    <ele>397.0</ele>
   </trkpt>
   <trkpt lat="43.7617070" lon="5.6097000">
    <ele>397.5</ele>
   </trkpt>
   <trkpt lat="43.7617190" lon="5.6097630">
    <ele>397.9</ele>
   </trkpt>
   <trkpt lat="43.7617320" lon="5.6098200">
    <ele>398.3</ele>
   </trkpt>
   <trkpt lat="43.7617440" lon="5.6098720">
    <ele>398.7</ele>
   </trkpt>
   <trkpt lat="43.7617580" lon="5.6099260">
    <ele>399.1</ele>
   </trkpt>
   <trkpt lat="43.7617670" lon="5.6099880">
    <ele>399.5</ele>
   </trkpt>
   <trkpt lat="43.7617750" lon="5.6100400">
    <ele>399.8</ele>
   </trkpt>
   <trkpt lat="43.7617840" lon="5.6100930">
    <ele>400.2</ele>
   </trkpt>
   <trkpt lat="43.7618010" lon="5.6101850">
    <ele>400.7</ele>
   </trkpt>
   <trkpt lat="43.7618090" lon="5.6102380">
    <ele>401.1</ele>
   </trkpt>
   <trkpt lat="43.7618120" lon="5.6102840">
    <ele>401.3</ele>
   </trkpt>
   <trkpt lat="43.7618180" lon="5.6103300">
    <ele>401.6</ele>
   </trkpt>
   <trkpt lat="43.7618240" lon="5.6103700">
    <ele>401.8</ele>
   </trkpt>
   <trkpt lat="43.7618350" lon="5.6104060">
    <ele>402.1</ele>
   </trkpt>
   <trkpt lat="43.7618450" lon="5.6104470">
    <ele>402.3</ele>
   </trkpt>
   <trkpt lat="43.7618540" lon="5.6104860">
    <ele>402.5</ele>
   </trkpt>
   <trkpt lat="43.7618640" lon="5.6105300">
    <ele>402.8</ele>
   </trkpt>
   <trkpt lat="43.7618760" lon="5.6105710">
    <ele>403.1</ele>
   </trkpt>
   <trkpt lat="43.7618930" lon="5.6106090">
    <ele>403.3</ele>
   </trkpt>
   <trkpt lat="43.7619070" lon="5.6106480">
    <ele>403.6</ele>
   </trkpt>
   <trkpt lat="43.7619190" lon="5.6106830">
    <ele>403.8</ele>
   </trkpt>
   <trkpt lat="43.7619360" lon="5.6107190">
    <ele>404.0</ele>
   </trkpt>
   <trkpt lat="43.7619510" lon="5.6107580">
    <ele>404.3</ele>
   </trkpt>
   <trkpt lat="43.7619640" lon="5.6107960">
    <ele>404.5</ele>
   </trkpt>
   <trkpt lat="43.7619750" lon="5.6108380">
    <ele>404.8</ele>
   </trkpt>
   <trkpt lat="43.7619860" lon="5.6108770">
    <ele>405.0</ele>
   </trkpt>
   <trkpt lat="43.7620020" lon="5.6109160">
    <ele>405.3</ele>
   </trkpt>
   <trkpt lat="43.7620210" lon="5.6109540">
    <ele>405.6</ele>
   </trkpt>
   <trkpt lat="43.7620370" lon="5.6109920">
    <ele>405.8</ele>
   </trkpt>
   <trkpt lat="43.7620560" lon="5.6110280">
    <ele>406.1</ele>
   </trkpt>
   <trkpt lat="43.7620720" lon="5.6110610">
    <ele>406.3</ele>
   </trkpt>
   <trkpt lat="43.7620920" lon="5.6110950">
    <ele>406.5</ele>
   </trkpt>
   <trkpt lat="43.7621130" lon="5.6111240">
    <ele>406.7</ele>
   </trkpt>
   <trkpt lat="43.7621300" lon="5.6111570">
    <ele>407.0</ele>
   </trkpt>
   <trkpt lat="43.7621470" lon="5.6111910">
    <ele>407.2</ele>
   </trkpt>
   <trkpt lat="43.7621660" lon="5.6112210">
    <ele>407.4</ele>
   </trkpt>
   <trkpt lat="43.7621870" lon="5.6112550">
    <ele>407.6</ele>
   </trkpt>
   <trkpt lat="43.7622060" lon="5.6112880">
    <ele>407.9</ele>
   </trkpt>
   <trkpt lat="43.7622290" lon="5.6113190">
    <ele>408.1</ele>
   </trkpt>
   <trkpt lat="43.7622500" lon="5.6113490">
    <ele>408.3</ele>
   </trkpt>
   <trkpt lat="43.7622710" lon="5.6113800">
    <ele>408.5</ele>
   </trkpt>
   <trkpt lat="43.7622910" lon="5.6114130">
    <ele>408.8</ele>
   </trkpt>
   <trkpt lat="43.7623100" lon="5.6114430">
    <ele>409.0</ele>
   </trkpt>
   <trkpt lat="43.7623350" lon="5.6114680">
    <ele>409.2</ele>
   </trkpt>
   <trkpt lat="43.7623550" lon="5.6114980">
    <ele>409.4</ele>
   </trkpt>
   <trkpt lat="43.7623780" lon="5.6115310">
    <ele>409.7</ele>
   </trkpt>
   <trkpt lat="43.7624050" lon="5.6115610">
    <ele>410.0</ele>
   </trkpt>
   <trkpt lat="43.7624300" lon="5.6115940">
    <ele>410.2</ele>
   </trkpt>
   <trkpt lat="43.7624550" lon="5.6116290">
    <ele>410.5</ele>
   </trkpt>
   <trkpt lat="43.7624810" lon="5.6116600">
    <ele>410.7</ele>
   </trkpt>
   <trkpt lat="43.7625090" lon="5.6116910">
    <ele>411.0</ele>
   </trkpt>
   <trkpt lat="43.7625360" lon="5.6117200">
    <ele>411.3</ele>
   </trkpt>
   <trkpt lat="43.7625630" lon="5.6117520">
    <ele>411.5</ele>
   </trkpt>
   <trkpt lat="43.7625830" lon="5.6117830">
    <ele>411.7</ele>
   </trkpt>
   <trkpt lat="43.7626070" lon="5.6118150">
    <ele>412.0</ele>
   </trkpt>
   <trkpt lat="43.7626310" lon="5.6118440">
    <ele>412.2</ele>
   </trkpt>
   <trkpt lat="43.7626540" lon="5.6118730">
    <ele>412.5</ele>
   </trkpt>
   <trkpt lat="43.7626800" lon="5.6119020">
    <ele>412.7</ele>
   </trkpt>
   <trkpt lat="43.7627040" lon="5.6119300">
    <ele>412.9</ele>
   </trkpt>
   <trkpt lat="43.7627280" lon="5.6119620">
    <ele>413.2</ele>
   </trkpt>
   <trkpt lat="43.7627540" lon="5.6119890">
    <ele>413.4</ele>
   </trkpt>
   <trkpt lat="43.7627840" lon="5.6120200">
    <ele>413.7</ele>
   </trkpt>
   <trkpt lat="43.7628110" lon="5.6120530">
    <ele>414.0</ele>
   </trkpt>
   <trkpt lat="43.7628460" lon="5.6120890">
    <ele>414.3</ele>
   </trkpt>
   <trkpt lat="43.7629050" lon="5.6121610">
    <ele>414.9</ele>
   </trkpt>
   <trkpt lat="43.7629300" lon="5.6121970">
    <ele>415.1</ele>
   </trkpt>
   <trkpt lat="43.7629550" lon="5.6122300">
    <ele>415.4</ele>
   </trkpt>
   <trkpt lat="43.7629810" lon="5.6122600">
    <ele>415.6</ele>
   </trkpt>
   <trkpt lat="43.7630100" lon="5.6122900">
    <ele>415.8</ele>
   </trkpt>
   <trkpt lat="43.7630320" lon="5.6123210">
    <ele>416.0</ele>
   </trkpt>
   <trkpt lat="43.7630580" lon="5.6123570">
    <ele>416.3</ele>
   </trkpt>
   <trkpt lat="43.7630790" lon="5.6123940">
    <ele>416.5</ele>
   </trkpt>
   <trkpt lat="43.7630970" lon="5.6124300">
    <ele>416.6</ele>
   </trkpt>
   <trkpt lat="43.7631160" lon="5.6124740">
    <ele>416.8</ele>
   </trkpt>
   <trkpt lat="43.7631350" lon="5.6125160">
    <ele>417.0</ele>
   </trkpt>
   <trkpt lat="43.7631520" lon="5.6125590">
    <ele>417.2</ele>
   </trkpt>
   <trkpt lat="43.7631690" lon="5.6126050">
    <ele>417.4</ele>
   </trkpt>
   <trkpt lat="43.7631820" lon="5.6126520">
    <ele>417.5</ele>
   </trkpt>
   <trkpt lat="43.7631930" lon="5.6126970">
    <ele>417.7</ele>
   </trkpt>
   <trkpt lat="43.7632040" lon="5.6127460">
    <ele>417.8</ele>
   </trkpt>
   <trkpt lat="43.7632120" lon="5.6127950">
    <ele>418.0</ele>
   </trkpt>
   <trkpt lat="43.7632220" lon="5.6128420">
    <ele>418.1</ele>
   </trkpt>
   <trkpt lat="43.7632330" lon="5.6128860">
    <ele>418.2</ele>
   </trkpt>
   <trkpt lat="43.7632390" lon="5.6129300">
    <ele>418.3</ele>
   </trkpt>
   <trkpt lat="43.7632440" lon="5.6129790">
    <ele>418.5</ele>
   </trkpt>
   <trkpt lat="43.7632510" lon="5.6130290">
    <ele>418.6</ele>
   </trkpt>
   <trkpt lat="43.7632600" lon="5.6130780">
    <ele>418.7</ele>
   </trkpt>
   <trkpt lat="43.7632720" lon="5.6131260">
    <ele>418.8</ele>
   </trkpt>
   <trkpt lat="43.7632810" lon="5.6131730">
    <ele>419.0</ele>
   </trkpt>
   <trkpt lat="43.7632890" lon="5.6132230">
    <ele>419.1</ele>
   </trkpt>
   <trkpt lat="43.7632920" lon="5.6132730">
    <ele>419.2</ele>
   </trkpt>
   <trkpt lat="43.7632980" lon="5.6133220">
    <ele>419.4</ele>
   </trkpt>
   <trkpt lat="43.7633110" lon="5.6133750">
    <ele>419.5</ele>
   </trkpt>
   <trkpt lat="43.7633210" lon="5.6134220">
    <ele>419.6</ele>
   </trkpt>
   <trkpt lat="43.7633290" lon="5.6134730">
    <ele>419.7</ele>
   </trkpt>
   <trkpt lat="43.7633370" lon="5.6135190">
    <ele>419.9</ele>
   </trkpt>
   <trkpt lat="43.7633440" lon="5.6135740">
    <ele>420.0</ele>
   </trkpt>
   <trkpt lat="43.7633540" lon="5.6136260">
    <ele>420.1</ele>
   </trkpt>
   <trkpt lat="43.7633620" lon="5.6136800">
    <ele>420.2</ele>
   </trkpt>
   <trkpt lat="43.7633680" lon="5.6137340">
    <ele>420.4</ele>
   </trkpt>
   <trkpt lat="43.7633760" lon="5.6137840">
    <ele>420.5</ele>
   </trkpt>
   <trkpt lat="43.7633860" lon="5.6138380">
    <ele>420.6</ele>
   </trkpt>
   <trkpt lat="43.7633970" lon="5.6138920">
    <ele>420.8</ele>
   </trkpt>
   <trkpt lat="43.7634160" lon="5.6139970">
    <ele>421.0</ele>
   </trkpt>
   <trkpt lat="43.7634250" lon="5.6140530">
    <ele>421.1</ele>
   </trkpt>
   <trkpt lat="43.7634380" lon="5.6140990">
    <ele>421.2</ele>
   </trkpt>
   <trkpt lat="43.7634460" lon="5.6141460">
    <ele>421.4</ele>
   </trkpt>
   <trkpt lat="43.7634560" lon="5.6141940">
    <ele>421.5</ele>
   </trkpt>
   <trkpt lat="43.7634710" lon="5.6142430">
    <ele>421.6</ele>
   </trkpt>
   <trkpt lat="43.7634850" lon="5.6142930">
    <ele>421.8</ele>
   </trkpt>
   <trkpt lat="43.7634920" lon="5.6143410">
    <ele>421.9</ele>
   </trkpt>
   <trkpt lat="43.7635140" lon="5.6143830">
    <ele>422.0</ele>
   </trkpt>
   <trkpt lat="43.7635380" lon="5.6144900">
    <ele>422.3</ele>
   </trkpt>
   <trkpt lat="43.7635450" lon="5.6145090">
    <ele>422.4</ele>
   </trkpt>
   <trkpt lat="43.7635660" lon="5.6145470">
    <ele>422.5</ele>
   </trkpt>
   <trkpt lat="43.7635870" lon="5.6145820">
    <ele>422.6</ele>
   </trkpt>
   <trkpt lat="43.7636120" lon="5.6146020">
    <ele>422.7</ele>
   </trkpt>
   <trkpt lat="43.7636390" lon="5.6146170">
    <ele>422.8</ele>
   </trkpt>
   <trkpt lat="43.7636690" lon="5.6146290">
    <ele>422.8</ele>
   </trkpt>
   <trkpt lat="43.7636970" lon="5.6146510">
    <ele>422.9</ele>
   </trkpt>
   <trkpt lat="43.7637180" lon="5.6146790">
    <ele>423.0</ele>
   </trkpt>
   <trkpt lat="43.7637420" lon="5.6147120">
    <ele>423.1</ele>
   </trkpt>
   <trkpt lat="43.7637480" lon="5.6147220">
    <ele>423.1</ele>
   </trkpt>
   <trkpt lat="43.7637550" lon="5.6147400">
    <ele>423.2</ele>
   </trkpt>
   <trkpt lat="43.7637550" lon="5.6147560">
    <ele>423.2</ele>
   </trkpt>
   <trkpt lat="43.7637540" lon="5.6147650">
    <ele>423.2</ele>
   </trkpt>
   <trkpt lat="43.7637470" lon="5.6147650">
    <ele>423.2</ele>
   </trkpt>
   <trkpt lat="43.7637560" lon="5.6147760">
    <ele>423.3</ele>
   </trkpt>
   <trkpt lat="43.7637670" lon="5.6147900">
    <ele>423.3</ele>
   </trkpt>
   <trkpt lat="43.7637750" lon="5.6148030">
    <ele>423.3</ele>
   </trkpt>
   <trkpt lat="43.7637860" lon="5.6148060">
    <ele>423.4</ele>
   </trkpt>
   <trkpt lat="43.7637930" lon="5.6148090">
    <ele>423.4</ele>
   </trkpt>
   <trkpt lat="43.7637950" lon="5.6148070">
    <ele>423.4</ele>
   </trkpt>
   <trkpt lat="43.7637940" lon="5.6147950">
    <ele>423.4</ele>
   </trkpt>
   <trkpt lat="43.7637900" lon="5.6147830">
    <ele>423.5</ele>
   </trkpt>
   <trkpt lat="43.7637790" lon="5.6147700">
    <ele>423.5</ele>
   </trkpt>
   <trkpt lat="43.7637730" lon="5.6147690">
    <ele>423.5</ele>
   </trkpt>
   <trkpt lat="43.7637740" lon="5.6147700">
    <ele>423.5</ele>
   </trkpt>
   <trkpt lat="43.7637680" lon="5.6147610">
    <ele>423.6</ele>
   </trkpt>
   <trkpt lat="43.7637660" lon="5.6147610">
    <ele>423.6</ele>
   </trkpt>
   <trkpt lat="43.7637620" lon="5.6147640">
    <ele>423.6</ele>
   </trkpt>
   <trkpt lat="43.7637620" lon="5.6147650">
    <ele>423.6</ele>
   </trkpt>
   <trkpt lat="43.7637710" lon="5.6147710">
    <ele>423.6</ele>
   </trkpt>
   <trkpt lat="43.7637670" lon="5.6147570">
    <ele>423.7</ele>
   </trkpt>
   <trkpt lat="43.7637580" lon="5.6147470">
    <ele>423.7</ele>
   </trkpt>
   <trkpt lat="43.7637500" lon="5.6147460">
    <ele>423.8</ele>
   </trkpt>
   <trkpt lat="43.7637510" lon="5.6147460">
    <ele>423.8</ele>
   </trkpt>
   <trkpt lat="43.7637510" lon="5.6147420">
    <ele>423.8</ele>
   </trkpt>
   <trkpt lat="43.7637510" lon="5.6147420">
    <ele>423.8</ele>
   </trkpt>
   <trkpt lat="43.7637510" lon="5.6147420">
    <ele>423.8</ele>
   </trkpt>
   <trkpt lat="43.7637510" lon="5.6147420">
    <ele>423.8</ele>
   </trkpt>
   <trkpt lat="43.7637510" lon="5.6147420">
    <ele>423.8</ele>
   </trkpt>
   <trkpt lat="43.7637520" lon="5.6147450">
    <ele>423.8</ele>
   </trkpt>
   <trkpt lat="43.7637500" lon="5.6147530">
    <ele>423.8</ele>
   </trkpt>
   <trkpt lat="43.7637470" lon="5.6147600">
    <ele>423.8</ele>
   </trkpt>
   <trkpt lat="43.7637450" lon="5.6147640">
    <ele>423.8</ele>
   </trkpt>
   <trkpt lat="43.7637450" lon="5.6147620">
    <ele>423.9</ele>
   </trkpt>
   <trkpt lat="43.7637430" lon="5.6147600">
    <ele>423.9</ele>
   </trkpt>
   <trkpt lat="43.7637440" lon="5.6147610">
    <ele>423.9</ele>
   </trkpt>
   <trkpt lat="43.7637440" lon="5.6147620">
    <ele>423.9</ele>
   </trkpt>
   <trkpt lat="43.7637460" lon="5.6147610">
    <ele>423.9</ele>
   </trkpt>
   <trkpt lat="43.7637520" lon="5.6147560">
    <ele>423.9</ele>
   </trkpt>
   <trkpt lat="43.7637530" lon="5.6147550">
    <ele>423.9</ele>
   </trkpt>
   <trkpt lat="43.7637540" lon="5.6147540">
    <ele>423.9</ele>
   </trkpt>
   <trkpt lat="43.7637530" lon="5.6147620">
    <ele>423.9</ele>
   </trkpt>
   <trkpt lat="43.7637530" lon="5.6147640">
    <ele>423.9</ele>
   </trkpt>
   <trkpt lat="43.7637530" lon="5.6147650">
    <ele>423.9</ele>
   </trkpt>
   <trkpt lat="43.7637530" lon="5.6147650">
    <ele>423.9</ele>
   </trkpt>
   <trkpt lat="43.7637530" lon="5.6147650">
    <ele>423.9</ele>
   </trkpt>
   <trkpt lat="43.7637530" lon="5.6147650">
    <ele>423.9</ele>
   </trkpt>
   <trkpt lat="43.7637530" lon="5.6147650">
    <ele>423.9</ele>
   </trkpt>
   <trkpt lat="43.7637340" lon="5.6147740">
    <ele>423.9</ele>
   </trkpt>
   <trkpt lat="43.7637460" lon="5.6147750">
    <ele>423.8</ele>
   </trkpt>
   <trkpt lat="43.7637470" lon="5.6147760">
    <ele>423.8</ele>
   </trkpt>
   <trkpt lat="43.7637470" lon="5.6147780">
    <ele>423.8</ele>
   </trkpt>
   <trkpt lat="43.7637470" lon="5.6147790">
    <ele>423.8</ele>
   </trkpt>
   <trkpt lat="43.7637470" lon="5.6147790">
    <ele>423.8</ele>
   </trkpt>
   <trkpt lat="43.7637470" lon="5.6147790">
    <ele>423.8</ele>
   </trkpt>
   <trkpt lat="43.7637470" lon="5.6147790">
    <ele>423.8</ele>
   </trkpt>
   <trkpt lat="43.7637470" lon="5.6147790">
    <ele>423.8</ele>
   </trkpt>
   <trkpt lat="43.7637470" lon="5.6147790">
    <ele>423.8</ele>
   </trkpt>
   <trkpt lat="43.7637480" lon="5.6147790">
    <ele>423.8</ele>
   </trkpt>
   <trkpt lat="43.7637480" lon="5.6147790">
    <ele>423.8</ele>
   </trkpt>
   <trkpt lat="43.7637480" lon="5.6147790">
    <ele>423.8</ele>
   </trkpt>
   <trkpt lat="43.7637480" lon="5.6147790">
    <ele>423.8</ele>
   </trkpt>
   <trkpt lat="43.7637480" lon="5.6147790">
    <ele>423.8</ele>
   </trkpt>
   <trkpt lat="43.7637480" lon="5.6147790">
    <ele>423.8</ele>
   </trkpt>
   <trkpt lat="43.7637480" lon="5.6147790">
    <ele>423.8</ele>
   </trkpt>
   <trkpt lat="43.7637480" lon="5.6147790">
    <ele>423.8</ele>
   </trkpt>
   <trkpt lat="43.7637480" lon="5.6147790">
    <ele>423.8</ele>
   </trkpt>
   <trkpt lat="43.7637480" lon="5.6147790">
    <ele>423.8</ele>
   </trkpt>
   <trkpt lat="43.7637480" lon="5.6147790">
    <ele>423.8</ele>
   </trkpt>
   <trkpt lat="43.7637480" lon="5.6147790">
    <ele>423.8</ele>
   </trkpt>
   <trkpt lat="43.7637480" lon="5.6147790">
    <ele>423.8</ele>
   </trkpt>
   <trkpt lat="43.7637480" lon="5.6147790">
    <ele>423.8</ele>
   </trkpt>
   <trkpt lat="43.7637480" lon="5.6147790">
    <ele>423.8</ele>
   </trkpt>
   <trkpt lat="43.7637480" lon="5.6147790">
    <ele>423.8</ele>
   </trkpt>
   <trkpt lat="43.7637480" lon="5.6147790">
    <ele>423.8</ele>
   </trkpt>
   <trkpt lat="43.7637480" lon="5.6147790">
    <ele>423.8</ele>
   </trkpt>
   <trkpt lat="43.7637480" lon="5.6147790">
    <ele>423.8</ele>
   </trkpt>
   <trkpt lat="43.7637480" lon="5.6147790">
    <ele>423.8</ele>
   </trkpt>
   <trkpt lat="43.7637480" lon="5.6147790">
    <ele>423.8</ele>
   </trkpt>
   <trkpt lat="43.7637480" lon="5.6147790">
    <ele>423.8</ele>
   </trkpt>
   <trkpt lat="43.7637520" lon="5.6147800">
    <ele>423.8</ele>
   </trkpt>
   <trkpt lat="43.7637590" lon="5.6147810">
    <ele>423.7</ele>
   </trkpt>
   <trkpt lat="43.7637590" lon="5.6147840">
    <ele>423.7</ele>
   </trkpt>
   <trkpt lat="43.7637610" lon="5.6147750">
    <ele>423.6</ele>
   </trkpt>
   <trkpt lat="43.7637610" lon="5.6147800">
    <ele>423.6</ele>
   </trkpt>
   <trkpt lat="43.7637630" lon="5.6147870">
    <ele>423.6</ele>
   </trkpt>
   <trkpt lat="43.7637650" lon="5.6147930">
    <ele>423.6</ele>
   </trkpt>
   <trkpt lat="43.7637660" lon="5.6147950">
    <ele>423.5</ele>
   </trkpt>
   <trkpt lat="43.7637660" lon="5.6147950">
    <ele>423.5</ele>
   </trkpt>
   <trkpt lat="43.7637690" lon="5.6147930">
    <ele>423.5</ele>
   </trkpt>
   <trkpt lat="43.7637700" lon="5.6147890">
    <ele>423.5</ele>
   </trkpt>
   <trkpt lat="43.7637670" lon="5.6147850">
    <ele>423.5</ele>
   </trkpt>
   <trkpt lat="43.7637630" lon="5.6147820">
    <ele>423.5</ele>
   </trkpt>
   <trkpt lat="43.7637610" lon="5.6147810">
    <ele>423.4</ele>
   </trkpt>
   <trkpt lat="43.7637550" lon="5.6147390">
    <ele>423.3</ele>
   </trkpt>
   <trkpt lat="43.7637490" lon="5.6147210">
    <ele>423.2</ele>
   </trkpt>
   <trkpt lat="43.7637200" lon="5.6146860">
    <ele>423.0</ele>
   </trkpt>
   <trkpt lat="43.7636980" lon="5.6146620">
    <ele>422.9</ele>
   </trkpt>
   <trkpt lat="43.7636730" lon="5.6146360">
    <ele>422.8</ele>
   </trkpt>
   <trkpt lat="43.7636460" lon="5.6146130">
    <ele>422.6</ele>
   </trkpt>
   <trkpt lat="43.7636130" lon="5.6146000">
    <ele>422.5</ele>
   </trkpt>
   <trkpt lat="43.7636040" lon="5.6146000">
    <ele>422.4</ele>
   </trkpt>
   <trkpt lat="43.7635820" lon="5.6146310">
    <ele>422.7</ele>
   </trkpt>
   <trkpt lat="43.7635770" lon="5.6146470">
    <ele>422.7</ele>
   </trkpt>
   <trkpt lat="43.7635870" lon="5.6146970">
    <ele>422.9</ele>
   </trkpt>
   <trkpt lat="43.7636070" lon="5.6147460">
    <ele>423.1</ele>
   </trkpt>
   <trkpt lat="43.7636180" lon="5.6147900">
    <ele>423.2</ele>
   </trkpt>
   <trkpt lat="43.7636330" lon="5.6148360">
    <ele>423.3</ele>
   </trkpt>
   <trkpt lat="43.7636530" lon="5.6148920">
    <ele>423.5</ele>
   </trkpt>
   <trkpt lat="43.7636690" lon="5.6149430">
    <ele>423.7</ele>
   </trkpt>
   <trkpt lat="43.7636830" lon="5.6149930">
    <ele>423.9</ele>
   </trkpt>
   <trkpt lat="43.7636980" lon="5.6150470">
    <ele>424.1</ele>
   </trkpt>
   <trkpt lat="43.7637120" lon="5.6150950">
    <ele>424.2</ele>
   </trkpt>
   <trkpt lat="43.7637270" lon="5.6151470">
    <ele>424.4</ele>
   </trkpt>
   <trkpt lat="43.7637460" lon="5.6152010">
    <ele>424.7</ele>
   </trkpt>
   <trkpt lat="43.7637630" lon="5.6152510">
    <ele>424.8</ele>
   </trkpt>
   <trkpt lat="43.7637800" lon="5.6153010">
    <ele>425.0</ele>
   </trkpt>
   <trkpt lat="43.7637960" lon="5.6153480">
    <ele>425.2</ele>
   </trkpt>
   <trkpt lat="43.7638030" lon="5.6153940">
    <ele>425.4</ele>
   </trkpt>
   <trkpt lat="43.7638160" lon="5.6154460">
    <ele>425.6</ele>
   </trkpt>
   <trkpt lat="43.7638350" lon="5.6154990">
    <ele>425.8</ele>
   </trkpt>
   <trkpt lat="43.7638570" lon="5.6155470">
    <ele>426.0</ele>
   </trkpt>
   <trkpt lat="43.7638920" lon="5.6156470">
    <ele>426.4</ele>
   </trkpt>
   <trkpt lat="43.7639070" lon="5.6156980">
    <ele>426.6</ele>
   </trkpt>
   <trkpt lat="43.7639190" lon="5.6157460">
    <ele>426.8</ele>
   </trkpt>
   <trkpt lat="43.7639300" lon="5.6157930">
    <ele>427.0</ele>
   </trkpt>
   <trkpt lat="43.7639440" lon="5.6158490">
    <ele>427.2</ele>
   </trkpt>
   <trkpt lat="43.7639530" lon="5.6159100">
    <ele>427.5</ele>
   </trkpt>
   <trkpt lat="43.7639660" lon="5.6159670">
    <ele>427.7</ele>
   </trkpt>
   <trkpt lat="43.7639790" lon="5.6160210">
    <ele>427.9</ele>
   </trkpt>
   <trkpt lat="43.7639960" lon="5.6160790">
    <ele>428.2</ele>
   </trkpt>
   <trkpt lat="43.7640150" lon="5.6161320">
    <ele>428.4</ele>
   </trkpt>
   <trkpt lat="43.7640300" lon="5.6161820">
    <ele>428.6</ele>
   </trkpt>
   <trkpt lat="43.7640470" lon="5.6162350">
    <ele>428.8</ele>
   </trkpt>
   <trkpt lat="43.7640620" lon="5.6162850">
    <ele>429.0</ele>
   </trkpt>
   <trkpt lat="43.7640780" lon="5.6163360">
    <ele>429.3</ele>
   </trkpt>
   <trkpt lat="43.7640890" lon="5.6163870">
    <ele>429.5</ele>
   </trkpt>
   <trkpt lat="43.7640970" lon="5.6164430">
    <ele>429.7</ele>
   </trkpt>
   <trkpt lat="43.7641020" lon="5.6164980">
    <ele>429.9</ele>
   </trkpt>
   <trkpt lat="43.7641090" lon="5.6165500">
    <ele>430.1</ele>
   </trkpt>
   <trkpt lat="43.7641130" lon="5.6166000">
    <ele>430.3</ele>
   </trkpt>
   <trkpt lat="43.7641210" lon="5.6166540">
    <ele>430.5</ele>
   </trkpt>
   <trkpt lat="43.7641270" lon="5.6167130">
    <ele>430.7</ele>
   </trkpt>
   <trkpt lat="43.7641310" lon="5.6167700">
    <ele>430.9</ele>
   </trkpt>
   <trkpt lat="43.7641360" lon="5.6168230">
    <ele>431.1</ele>
   </trkpt>
   <trkpt lat="43.7641400" lon="5.6168780">
    <ele>431.3</ele>
   </trkpt>
   <trkpt lat="43.7641490" lon="5.6169350">
    <ele>431.5</ele>
   </trkpt>
   <trkpt lat="43.7641600" lon="5.6169880">
    <ele>431.7</ele>
   </trkpt>
   <trkpt lat="43.7641630" lon="5.6170420">
    <ele>431.9</ele>
   </trkpt>
   <trkpt lat="43.7641670" lon="5.6170950">
    <ele>432.1</ele>
   </trkpt>
   <trkpt lat="43.7641720" lon="5.6171430">
    <ele>432.3</ele>
   </trkpt>
   <trkpt lat="43.7641740" lon="5.6172050">
    <ele>432.5</ele>
   </trkpt>
   <trkpt lat="43.7641760" lon="5.6172640">
    <ele>432.7</ele>
   </trkpt>
   <trkpt lat="43.7641790" lon="5.6173230">
    <ele>432.9</ele>
   </trkpt>
   <trkpt lat="43.7641800" lon="5.6173780">
    <ele>433.1</ele>
   </trkpt>
   <trkpt lat="43.7641810" lon="5.6174360">
    <ele>433.3</ele>
   </trkpt>
   <trkpt lat="43.7641830" lon="5.6175420">
    <ele>433.6</ele>
   </trkpt>
   <trkpt lat="43.7641820" lon="5.6176010">
    <ele>433.7</ele>
   </trkpt>
   <trkpt lat="43.7641790" lon="5.6176550">
    <ele>433.9</ele>
   </trkpt>
   <trkpt lat="43.7641750" lon="5.6177140">
    <ele>434.1</ele>
   </trkpt>
   <trkpt lat="43.7641700" lon="5.6177660">
    <ele>434.2</ele>
   </trkpt>
   <trkpt lat="43.7641730" lon="5.6178220">
    <ele>434.4</ele>
   </trkpt>
   <trkpt lat="43.7641750" lon="5.6178750">
    <ele>434.5</ele>
   </trkpt>
   <trkpt lat="43.7641760" lon="5.6179350">
    <ele>434.7</ele>
   </trkpt>
   <trkpt lat="43.7641750" lon="5.6179930">
    <ele>434.8</ele>
   </trkpt>
   <trkpt lat="43.7641710" lon="5.6180480">
    <ele>434.9</ele>
   </trkpt>
   <trkpt lat="43.7641670" lon="5.6181020">
    <ele>435.0</ele>
   </trkpt>
   <trkpt lat="43.7641640" lon="5.6181570">
    <ele>435.1</ele>
   </trkpt>
   <trkpt lat="43.7641580" lon="5.6182170">
    <ele>435.2</ele>
   </trkpt>
   <trkpt lat="43.7641590" lon="5.6182710">
    <ele>435.3</ele>
   </trkpt>
   <trkpt lat="43.7641580" lon="5.6183330">
    <ele>435.4</ele>
   </trkpt>
   <trkpt lat="43.7641520" lon="5.6183980">
    <ele>435.6</ele>
   </trkpt>
   <trkpt lat="43.7641470" lon="5.6184600">
    <ele>435.7</ele>
   </trkpt>
   <trkpt lat="43.7641450" lon="5.6185240">
    <ele>435.8</ele>
   </trkpt>
   <trkpt lat="43.7641390" lon="5.6185890">
    <ele>435.9</ele>
   </trkpt>
   <trkpt lat="43.7641350" lon="5.6186500">
    <ele>436.0</ele>
   </trkpt>
   <trkpt lat="43.7641330" lon="5.6187130">
    <ele>436.2</ele>
   </trkpt>
   <trkpt lat="43.7641270" lon="5.6187790">
    <ele>436.3</ele>
   </trkpt>
   <trkpt lat="43.7641240" lon="5.6188400">
    <ele>436.5</ele>
   </trkpt>
   <trkpt lat="43.7641220" lon="5.6189000">
    <ele>436.6</ele>
   </trkpt>
   <trkpt lat="43.7641210" lon="5.6189660">
    <ele>436.8</ele>
   </trkpt>
   <trkpt lat="43.7641170" lon="5.6190320">
    <ele>437.0</ele>
   </trkpt>
   <trkpt lat="43.7641160" lon="5.6190920">
    <ele>437.2</ele>
   </trkpt>
   <trkpt lat="43.7641170" lon="5.6191530">
    <ele>437.4</ele>
   </trkpt>
   <trkpt lat="43.7641200" lon="5.6192120">
    <ele>437.6</ele>
   </trkpt>
   <trkpt lat="43.7641250" lon="5.6192760">
    <ele>437.8</ele>
   </trkpt>
   <trkpt lat="43.7641320" lon="5.6193350">
    <ele>438.1</ele>
   </trkpt>
   <trkpt lat="43.7641410" lon="5.6193930">
    <ele>438.3</ele>
   </trkpt>
   <trkpt lat="43.7641510" lon="5.6194560">
    <ele>438.7</ele>
   </trkpt>
   <trkpt lat="43.7641610" lon="5.6195140">
    <ele>438.9</ele>
   </trkpt>
   <trkpt lat="43.7641710" lon="5.6195740">
    <ele>439.2</ele>
   </trkpt>
   <trkpt lat="43.7641820" lon="5.6196300">
    <ele>439.5</ele>
   </trkpt>
   <trkpt lat="43.7641950" lon="5.6196840">
    <ele>439.8</ele>
   </trkpt>
   <trkpt lat="43.7642050" lon="5.6197450">
    <ele>440.1</ele>
   </trkpt>
   <trkpt lat="43.7642140" lon="5.6197990">
    <ele>440.4</ele>
   </trkpt>
   <trkpt lat="43.7642240" lon="5.6198480">
    <ele>440.7</ele>
   </trkpt>
   <trkpt lat="43.7642330" lon="5.6199040">
    <ele>441.1</ele>
   </trkpt>
   <trkpt lat="43.7642420" lon="5.6199550">
    <ele>441.4</ele>
   </trkpt>
   <trkpt lat="43.7642460" lon="5.6200120">
    <ele>441.7</ele>
   </trkpt>
   <trkpt lat="43.7642510" lon="5.6200680">
    <ele>442.1</ele>
   </trkpt>
   <trkpt lat="43.7642590" lon="5.6201260">
    <ele>442.4</ele>
   </trkpt>
   <trkpt lat="43.7642660" lon="5.6201840">
    <ele>442.8</ele>
   </trkpt>
   <trkpt lat="43.7642730" lon="5.6202410">
    <ele>443.1</ele>
   </trkpt>
   <trkpt lat="43.7642800" lon="5.6203030">
    <ele>443.5</ele>
   </trkpt>
   <trkpt lat="43.7642890" lon="5.6203630">
    <ele>443.9</ele>
   </trkpt>
   <trkpt lat="43.7642920" lon="5.6204220">
    <ele>444.2</ele>
   </trkpt>
   <trkpt lat="43.7642930" lon="5.6204820">
    <ele>444.6</ele>
   </trkpt>
   <trkpt lat="43.7642950" lon="5.6205400">
    <ele>445.0</ele>
   </trkpt>
   <trkpt lat="43.7642990" lon="5.6205980">
    <ele>445.4</ele>
   </trkpt>
   <trkpt lat="43.7643020" lon="5.6206470">
    <ele>445.7</ele>
   </trkpt>
   <trkpt lat="43.7643060" lon="5.6206960">
    <ele>446.0</ele>
   </trkpt>
   <trkpt lat="43.7643060" lon="5.6207500">
    <ele>446.3</ele>
   </trkpt>
   <trkpt lat="43.7643040" lon="5.6208020">
    <ele>446.6</ele>
   </trkpt>
   <trkpt lat="43.7643050" lon="5.6208490">
    <ele>446.9</ele>
   </trkpt>
   <trkpt lat="43.7643070" lon="5.6208970">
    <ele>447.2</ele>
   </trkpt>
   <trkpt lat="43.7643070" lon="5.6209490">
    <ele>447.5</ele>
   </trkpt>
   <trkpt lat="43.7643110" lon="5.6209970">
    <ele>447.8</ele>
   </trkpt>
   <trkpt lat="43.7643140" lon="5.6210450">
    <ele>448.1</ele>
   </trkpt>
   <trkpt lat="43.7643130" lon="5.6210880">
    <ele>448.3</ele>
   </trkpt>
   <trkpt lat="43.7643120" lon="5.6211340">
    <ele>448.6</ele>
   </trkpt>
   <trkpt lat="43.7643120" lon="5.6211810">
    <ele>448.9</ele>
   </trkpt>
   <trkpt lat="43.7643140" lon="5.6212230">
    <ele>449.2</ele>
   </trkpt>
   <trkpt lat="43.7643140" lon="5.6212680">
    <ele>449.4</ele>
   </trkpt>
   <trkpt lat="43.7643130" lon="5.6213100">
    <ele>449.7</ele>
   </trkpt>
   <trkpt lat="43.7643120" lon="5.6213550">
    <ele>449.9</ele>
   </trkpt>
   <trkpt lat="43.7643120" lon="5.6214000">
    <ele>450.2</ele>
   </trkpt>
   <trkpt lat="43.7643130" lon="5.6214460">
    <ele>450.4</ele>
   </trkpt>
   <trkpt lat="43.7643140" lon="5.6214920">
    <ele>450.7</ele>
   </trkpt>
   <trkpt lat="43.7643150" lon="5.6215410">
    <ele>450.9</ele>
   </trkpt>
   <trkpt lat="43.7643110" lon="5.6216320">
    <ele>451.4</ele>
   </trkpt>
   <trkpt lat="43.7643060" lon="5.6216800">
    <ele>451.6</ele>
   </trkpt>
   <trkpt lat="43.7643040" lon="5.6217250">
    <ele>451.9</ele>
   </trkpt>
   <trkpt lat="43.7643010" lon="5.6217750">
    <ele>452.1</ele>
   </trkpt>
   <trkpt lat="43.7642960" lon="5.6218240">
    <ele>452.3</ele>
   </trkpt>
   <trkpt lat="43.7642930" lon="5.6218750">
    <ele>452.5</ele>
   </trkpt>
   <trkpt lat="43.7642920" lon="5.6219240">
    <ele>452.7</ele>
   </trkpt>
   <trkpt lat="43.7642900" lon="5.6219730">
    <ele>452.9</ele>
   </trkpt>
   <trkpt lat="43.7642880" lon="5.6220200">
    <ele>453.1</ele>
   </trkpt>
   <trkpt lat="43.7642840" lon="5.6220680">
    <ele>453.3</ele>
   </trkpt>
   <trkpt lat="43.7642820" lon="5.6221140">
    <ele>453.5</ele>
   </trkpt>
   <trkpt lat="43.7642770" lon="5.6221560">
    <ele>453.7</ele>
   </trkpt>
   <trkpt lat="43.7642720" lon="5.6222010">
    <ele>453.9</ele>
   </trkpt>
   <trkpt lat="43.7642640" lon="5.6222440">
    <ele>454.0</ele>
   </trkpt>
   <trkpt lat="43.7642600" lon="5.6222900">
    <ele>454.2</ele>
   </trkpt>
   <trkpt lat="43.7642570" lon="5.6223310">
    <ele>454.4</ele>
   </trkpt>
   <trkpt lat="43.7642530" lon="5.6223740">
    <ele>454.6</ele>
   </trkpt>
   <trkpt lat="43.7642460" lon="5.6224190">
    <ele>454.8</ele>
   </trkpt>
   <trkpt lat="43.7642410" lon="5.6224660">
    <ele>455.0</ele>
   </trkpt>
   <trkpt lat="43.7642390" lon="5.6225150">
    <ele>455.2</ele>
   </trkpt>
   <trkpt lat="43.7642350" lon="5.6225670">
    <ele>455.4</ele>
   </trkpt>
   <trkpt lat="43.7642290" lon="5.6226180">
    <ele>455.6</ele>
   </trkpt>
   <trkpt lat="43.7642240" lon="5.6226650">
    <ele>455.7</ele>
   </trkpt>
   <trkpt lat="43.7642200" lon="5.6227120">
    <ele>455.9</ele>
   </trkpt>
   <trkpt lat="43.7642200" lon="5.6227650">
    <ele>456.1</ele>
   </trkpt>
   <trkpt lat="43.7642170" lon="5.6228190">
    <ele>456.3</ele>
   </trkpt>
   <trkpt lat="43.7642120" lon="5.6228700">
    <ele>456.4</ele>
   </trkpt>
   <trkpt lat="43.7642060" lon="5.6229170">
    <ele>456.6</ele>
   </trkpt>
   <trkpt lat="43.7642000" lon="5.6229640">
    <ele>456.7</ele>
   </trkpt>
   <trkpt lat="43.7641930" lon="5.6230120">
    <ele>456.9</ele>
   </trkpt>
   <trkpt lat="43.7641840" lon="5.6230650">
    <ele>457.1</ele>
   </trkpt>
   <trkpt lat="43.7641790" lon="5.6231160">
    <ele>457.2</ele>
   </trkpt>
   <trkpt lat="43.7641720" lon="5.6231650">
    <ele>457.3</ele>
   </trkpt>
   <trkpt lat="43.7641670" lon="5.6232150">
    <ele>457.5</ele>
   </trkpt>
   <trkpt lat="43.7641610" lon="5.6232610">
    <ele>457.6</ele>
   </trkpt>
   <trkpt lat="43.7641550" lon="5.6233090">
    <ele>457.7</ele>
   </trkpt>
   <trkpt lat="43.7641480" lon="5.6233570">
    <ele>457.8</ele>
   </trkpt>
   <trkpt lat="43.7641430" lon="5.6234070">
    <ele>457.9</ele>
   </trkpt>
   <trkpt lat="43.7641360" lon="5.6234560">
    <ele>458.0</ele>
   </trkpt>
   <trkpt lat="43.7641300" lon="5.6235090">
    <ele>458.2</ele>
   </trkpt>
   <trkpt lat="43.7641250" lon="5.6235600">
    <ele>458.3</ele>
   </trkpt>
   <trkpt lat="43.7641170" lon="5.6236120">
    <ele>458.4</ele>
   </trkpt>
   <trkpt lat="43.7641070" lon="5.6236630">
    <ele>458.5</ele>
   </trkpt>
   <trkpt lat="43.7641030" lon="5.6237110">
    <ele>458.6</ele>
   </trkpt>
   <trkpt lat="43.7640980" lon="5.6237610">
    <ele>458.8</ele>
   </trkpt>
   <trkpt lat="43.7640920" lon="5.6238090">
    <ele>458.9</ele>
   </trkpt>
   <trkpt lat="43.7640830" lon="5.6238580">
    <ele>459.1</ele>
   </trkpt>
   <trkpt lat="43.7640740" lon="5.6239070">
    <ele>459.3</ele>
   </trkpt>
   <trkpt lat="43.7640670" lon="5.6239500">
    <ele>459.4</ele>
   </trkpt>
   <trkpt lat="43.7640600" lon="5.6239960">
    <ele>459.6</ele>
   </trkpt>
   <trkpt lat="43.7640550" lon="5.6240440">
    <ele>459.7</ele>
   </trkpt>
   <trkpt lat="43.7640480" lon="5.6240860">
    <ele>459.9</ele>
   </trkpt>
   <trkpt lat="43.7640450" lon="5.6241300">
    <ele>460.0</ele>
   </trkpt>
   <trkpt lat="43.7640390" lon="5.6241790">
    <ele>460.2</ele>
   </trkpt>
   <trkpt lat="43.7640310" lon="5.6242240">
    <ele>460.4</ele>
   </trkpt>
   <trkpt lat="43.7640280" lon="5.6242750">
    <ele>460.5</ele>
   </trkpt>
   <trkpt lat="43.7640240" lon="5.6243220">
    <ele>460.7</ele>
   </trkpt>
   <trkpt lat="43.7640190" lon="5.6243720">
    <ele>460.9</ele>
   </trkpt>
   <trkpt lat="43.7640140" lon="5.6244190">
    <ele>461.0</ele>
   </trkpt>
   <trkpt lat="43.7640100" lon="5.6244660">
    <ele>461.2</ele>
   </trkpt>
   <trkpt lat="43.7640030" lon="5.6245150">
    <ele>461.3</ele>
   </trkpt>
   <trkpt lat="43.7639950" lon="5.6245640">
    <ele>461.5</ele>
   </trkpt>
   <trkpt lat="43.7639880" lon="5.6246150">
    <ele>461.6</ele>
   </trkpt>
   <trkpt lat="43.7639850" lon="5.6246600">
    <ele>461.8</ele>
   </trkpt>
   <trkpt lat="43.7639800" lon="5.6247030">
    <ele>461.9</ele>
   </trkpt>
   <trkpt lat="43.7639740" lon="5.6247490">
    <ele>462.1</ele>
   </trkpt>
   <trkpt lat="43.7639690" lon="5.6247980">
    <ele>462.2</ele>
   </trkpt>
   <trkpt lat="43.7639670" lon="5.6248460">
    <ele>462.4</ele>
   </trkpt>
   <trkpt lat="43.7639650" lon="5.6248960">
    <ele>462.5</ele>
   </trkpt>
   <trkpt lat="43.7639560" lon="5.6249900">
    <ele>462.8</ele>
   </trkpt>
   <trkpt lat="43.7639530" lon="5.6250400">
    <ele>463.0</ele>
   </trkpt>
   <trkpt lat="43.7639500" lon="5.6250880">
    <ele>463.1</ele>
   </trkpt>
   <trkpt lat="43.7639440" lon="5.6251380">
    <ele>463.3</ele>
   </trkpt>
   <trkpt lat="43.7639380" lon="5.6251880">
    <ele>463.4</ele>
   </trkpt>
   <trkpt lat="43.7639340" lon="5.6252320">
    <ele>463.6</ele>
   </trkpt>
   <trkpt lat="43.7639310" lon="5.6252790">
    <ele>463.7</ele>
   </trkpt>
   <trkpt lat="43.7639250" lon="5.6253260">
    <ele>463.9</ele>
   </trkpt>
   <trkpt lat="43.7639190" lon="5.6253750">
    <ele>464.1</ele>
   </trkpt>
   <trkpt lat="43.7639140" lon="5.6254230">
    <ele>464.2</ele>
   </trkpt>
   <trkpt lat="43.7639090" lon="5.6254740">
    <ele>464.4</ele>
   </trkpt>
   <trkpt lat="43.7639090" lon="5.6255240">
    <ele>464.5</ele>
   </trkpt>
   <trkpt lat="43.7639070" lon="5.6255740">
    <ele>464.7</ele>
   </trkpt>
   <trkpt lat="43.7639040" lon="5.6256260">
    <ele>464.8</ele>
   </trkpt>
   <trkpt lat="43.7639040" lon="5.6256730">
    <ele>465.0</ele>
   </trkpt>
   <trkpt lat="43.7639050" lon="5.6257170">
    <ele>465.1</ele>
   </trkpt>
   <trkpt lat="43.7639070" lon="5.6257640">
    <ele>465.2</ele>
   </trkpt>
   <trkpt lat="43.7639070" lon="5.6258130">
    <ele>465.3</ele>
   </trkpt>
   <trkpt lat="43.7639090" lon="5.6258650">
    <ele>465.5</ele>
   </trkpt>
   <trkpt lat="43.7639160" lon="5.6259170">
    <ele>465.6</ele>
   </trkpt>
   <trkpt lat="43.7639220" lon="5.6259610">
    <ele>465.7</ele>
   </trkpt>
   <trkpt lat="43.7639330" lon="5.6260140">
    <ele>465.8</ele>
   </trkpt>
   <trkpt lat="43.7639420" lon="5.6260630">
    <ele>465.9</ele>
   </trkpt>
   <trkpt lat="43.7639460" lon="5.6261170">
    <ele>466.0</ele>
   </trkpt>
   <trkpt lat="43.7639510" lon="5.6261660">
    <ele>466.2</ele>
   </trkpt>
   <trkpt lat="43.7639560" lon="5.6262140">
    <ele>466.3</ele>
   </trkpt>
   <trkpt lat="43.7639600" lon="5.6262590">
    <ele>466.4</ele>
   </trkpt>
   <trkpt lat="43.7639660" lon="5.6263120">
    <ele>466.5</ele>
   </trkpt>
   <trkpt lat="43.7639740" lon="5.6263640">
    <ele>466.6</ele>
   </trkpt>
   <trkpt lat="43.7639800" lon="5.6264160">
    <ele>466.7</ele>
   </trkpt>
   <trkpt lat="43.7639830" lon="5.6264640">
    <ele>466.9</ele>
   </trkpt>
   <trkpt lat="43.7639890" lon="5.6265600">
    <ele>467.2</ele>
   </trkpt>
   <trkpt lat="43.7639950" lon="5.6266050">
    <ele>467.3</ele>
   </trkpt>
   <trkpt lat="43.7640000" lon="5.6266540">
    <ele>467.5</ele>
   </trkpt>
   <trkpt lat="43.7640040" lon="5.6267000">
    <ele>467.6</ele>
   </trkpt>
   <trkpt lat="43.7640080" lon="5.6267470">
    <ele>467.8</ele>
   </trkpt>
   <trkpt lat="43.7640110" lon="5.6267920">
    <ele>467.9</ele>
   </trkpt>
   <trkpt lat="43.7640130" lon="5.6268380">
    <ele>468.1</ele>
   </trkpt>
   <trkpt lat="43.7640170" lon="5.6268820">
    <ele>468.3</ele>
   </trkpt>
   <trkpt lat="43.7640200" lon="5.6269260">
    <ele>468.4</ele>
   </trkpt>
   <trkpt lat="43.7640270" lon="5.6269680">
    <ele>468.5</ele>
   </trkpt>
   <trkpt lat="43.7640350" lon="5.6270140">
    <ele>468.7</ele>
   </trkpt>
   <trkpt lat="43.7640400" lon="5.6270600">
    <ele>468.8</ele>
   </trkpt>
   <trkpt lat="43.7640440" lon="5.6271080">
    <ele>468.9</ele>
   </trkpt>
   <trkpt lat="43.7640450" lon="5.6271570">
    <ele>469.0</ele>
   </trkpt>
   <trkpt lat="43.7640610" lon="5.6272510">
    <ele>469.2</ele>
   </trkpt>
   <trkpt lat="43.7640660" lon="5.6272970">
    <ele>469.3</ele>
   </trkpt>
   <trkpt lat="43.7640720" lon="5.6273450">
    <ele>469.5</ele>
   </trkpt>
   <trkpt lat="43.7640800" lon="5.6273910">
    <ele>469.6</ele>
   </trkpt>
   <trkpt lat="43.7640880" lon="5.6274390">
    <ele>469.7</ele>
   </trkpt>
   <trkpt lat="43.7640950" lon="5.6274850">
    <ele>469.9</ele>
   </trkpt>
   <trkpt lat="43.7641040" lon="5.6275320">
    <ele>470.0</ele>
   </trkpt>
   <trkpt lat="43.7641120" lon="5.6275780">
    <ele>470.1</ele>
   </trkpt>
   <trkpt lat="43.7641210" lon="5.6276280">
    <ele>470.2</ele>
   </trkpt>
   <trkpt lat="43.7641260" lon="5.6276760">
    <ele>470.3</ele>
   </trkpt>
   <trkpt lat="43.7641340" lon="5.6277560">
    <ele>470.5</ele>
   </trkpt>
   <trkpt lat="43.7641340" lon="5.6278080">
    <ele>470.6</ele>
   </trkpt>
   <trkpt lat="43.7641350" lon="5.6278590">
    <ele>470.7</ele>
   </trkpt>
   <trkpt lat="43.7641400" lon="5.6279190">
    <ele>470.8</ele>
   </trkpt>
   <trkpt lat="43.7641560" lon="5.6279780">
    <ele>470.8</ele>
   </trkpt>
   <trkpt lat="43.7641700" lon="5.6280340">
    <ele>470.9</ele>
   </trkpt>
   <trkpt lat="43.7641830" lon="5.6280970">
    <ele>471.0</ele>
   </trkpt>
   <trkpt lat="43.7641920" lon="5.6281660">
    <ele>471.1</ele>
   </trkpt>
   <trkpt lat="43.7642010" lon="5.6282300">
    <ele>471.1</ele>
   </trkpt>
   <trkpt lat="43.7642080" lon="5.6283040">
    <ele>471.2</ele>
   </trkpt>
   <trkpt lat="43.7642170" lon="5.6283740">
    <ele>471.2</ele>
   </trkpt>
   <trkpt lat="43.7642300" lon="5.6284440">
    <ele>471.3</ele>
   </trkpt>
   <trkpt lat="43.7642500" lon="5.6285940">
    <ele>471.4</ele>
   </trkpt>
   <trkpt lat="43.7642630" lon="5.6286650">
    <ele>471.5</ele>
   </trkpt>
   <trkpt lat="43.7642740" lon="5.6287340">
    <ele>471.5</ele>
   </trkpt>
   <trkpt lat="43.7642870" lon="5.6288130">
    <ele>471.6</ele>
   </trkpt>
   <trkpt lat="43.7642980" lon="5.6288890">
    <ele>471.6</ele>
   </trkpt>
   <trkpt lat="43.7643150" lon="5.6289630">
    <ele>471.6</ele>
   </trkpt>
   <trkpt lat="43.7643310" lon="5.6290420">
    <ele>471.7</ele>
   </trkpt>
   <trkpt lat="43.7643470" lon="5.6291180">
    <ele>471.7</ele>
   </trkpt>
   <trkpt lat="43.7643610" lon="5.6291950">
    <ele>471.7</ele>
   </trkpt>
   <trkpt lat="43.7643710" lon="5.6292740">
    <ele>471.8</ele>
   </trkpt>
   <trkpt lat="43.7643810" lon="5.6293500">
    <ele>471.8</ele>
   </trkpt>
   <trkpt lat="43.7643890" lon="5.6294320">
    <ele>471.8</ele>
   </trkpt>
   <trkpt lat="43.7644030" lon="5.6295140">
    <ele>471.9</ele>
   </trkpt>
   <trkpt lat="43.7644170" lon="5.6296010">
    <ele>471.9</ele>
   </trkpt>
   <trkpt lat="43.7644370" lon="5.6296860">
    <ele>472.0</ele>
   </trkpt>
   <trkpt lat="43.7644580" lon="5.6297670">
    <ele>472.0</ele>
   </trkpt>
   <trkpt lat="43.7644770" lon="5.6298510">
    <ele>472.1</ele>
   </trkpt>
   <trkpt lat="43.7644940" lon="5.6299370">
    <ele>472.2</ele>
   </trkpt>
   <trkpt lat="43.7645090" lon="5.6300230">
    <ele>472.2</ele>
   </trkpt>
   <trkpt lat="43.7645220" lon="5.6301090">
    <ele>472.3</ele>
   </trkpt>
   <trkpt lat="43.7645360" lon="5.6302000">
    <ele>472.4</ele>
   </trkpt>
   <trkpt lat="43.7645550" lon="5.6302890">
    <ele>472.5</ele>
   </trkpt>
   <trkpt lat="43.7645710" lon="5.6303760">
    <ele>472.6</ele>
   </trkpt>
   <trkpt lat="43.7645880" lon="5.6304600">
    <ele>472.7</ele>
   </trkpt>
   <trkpt lat="43.7646030" lon="5.6305520">
    <ele>472.8</ele>
   </trkpt>
   <trkpt lat="43.7646160" lon="5.6306370">
    <ele>472.9</ele>
   </trkpt>
   <trkpt lat="43.7646320" lon="5.6307150">
    <ele>473.1</ele>
   </trkpt>
   <trkpt lat="43.7646480" lon="5.6307920">
    <ele>473.2</ele>
   </trkpt>
   <trkpt lat="43.7646640" lon="5.6308660">
    <ele>473.3</ele>
   </trkpt>
   <trkpt lat="43.7646820" lon="5.6309410">
    <ele>473.4</ele>
   </trkpt>
   <trkpt lat="43.7647140" lon="5.6310870">
    <ele>473.6</ele>
   </trkpt>
   <trkpt lat="43.7647280" lon="5.6311670">
    <ele>473.8</ele>
   </trkpt>
   <trkpt lat="43.7647440" lon="5.6312440">
    <ele>473.9</ele>
   </trkpt>
   <trkpt lat="43.7647580" lon="5.6313240">
    <ele>474.1</ele>
   </trkpt>
   <trkpt lat="43.7647720" lon="5.6314050">
    <ele>474.2</ele>
   </trkpt>
   <trkpt lat="43.7647870" lon="5.6314860">
    <ele>474.4</ele>
   </trkpt>
   <trkpt lat="43.7648000" lon="5.6315600">
    <ele>474.6</ele>
   </trkpt>
   <trkpt lat="43.7648120" lon="5.6316380">
    <ele>474.7</ele>
   </trkpt>
   <trkpt lat="43.7648210" lon="5.6317150">
    <ele>474.9</ele>
   </trkpt>
   <trkpt lat="43.7648290" lon="5.6317950">
    <ele>475.1</ele>
   </trkpt>
   <trkpt lat="43.7648340" lon="5.6318750">
    <ele>475.2</ele>
   </trkpt>
   <trkpt lat="43.7648400" lon="5.6319540">
    <ele>475.4</ele>
   </trkpt>
   <trkpt lat="43.7648480" lon="5.6320330">
    <ele>475.6</ele>
   </trkpt>
   <trkpt lat="43.7648560" lon="5.6321080">
    <ele>475.8</ele>
   </trkpt>
   <trkpt lat="43.7648600" lon="5.6321880">
    <ele>476.0</ele>
   </trkpt>
   <trkpt lat="43.7648610" lon="5.6322660">
    <ele>476.2</ele>
   </trkpt>
   <trkpt lat="43.7648620" lon="5.6323410">
    <ele>476.4</ele>
   </trkpt>
   <trkpt lat="43.7648670" lon="5.6324150">
    <ele>476.6</ele>
   </trkpt>
   <trkpt lat="43.7648750" lon="5.6324870">
    <ele>476.8</ele>
   </trkpt>
   <trkpt lat="43.7648780" lon="5.6325560">
    <ele>477.0</ele>
   </trkpt>
   <trkpt lat="43.7648810" lon="5.6326270">
    <ele>477.3</ele>
   </trkpt>
   <trkpt lat="43.7648880" lon="5.6326890">
    <ele>477.5</ele>
   </trkpt>
   <trkpt lat="43.7648970" lon="5.6327570">
    <ele>477.8</ele>
   </trkpt>
   <trkpt lat="43.7649060" lon="5.6328220">
    <ele>478.0</ele>
   </trkpt>
   <trkpt lat="43.7649120" lon="5.6328870">
    <ele>478.2</ele>
   </trkpt>
   <trkpt lat="43.7649140" lon="5.6329570">
    <ele>478.5</ele>
   </trkpt>
   <trkpt lat="43.7649220" lon="5.6330190">
    <ele>478.7</ele>
   </trkpt>
   <trkpt lat="43.7649330" lon="5.6330840">
    <ele>479.0</ele>
   </trkpt>
   <trkpt lat="43.7649400" lon="5.6331520">
    <ele>479.2</ele>
   </trkpt>
   <trkpt lat="43.7649480" lon="5.6332150">
    <ele>479.4</ele>
   </trkpt>
   <trkpt lat="43.7649580" lon="5.6332810">
    <ele>479.6</ele>
   </trkpt>
   <trkpt lat="43.7649690" lon="5.6333480">
    <ele>479.9</ele>
   </trkpt>
   <trkpt lat="43.7649790" lon="5.6334170">
    <ele>480.1</ele>
   </trkpt>
   <trkpt lat="43.7649920" lon="5.6334810">
    <ele>480.2</ele>
   </trkpt>
   <trkpt lat="43.7650040" lon="5.6335480">
    <ele>480.4</ele>
   </trkpt>
   <trkpt lat="43.7650150" lon="5.6336140">
    <ele>480.6</ele>
   </trkpt>
   <trkpt lat="43.7650280" lon="5.6336810">
    <ele>480.8</ele>
   </trkpt>
   <trkpt lat="43.7650430" lon="5.6337440">
    <ele>481.0</ele>
   </trkpt>
   <trkpt lat="43.7650590" lon="5.6338070">
    <ele>481.2</ele>
   </trkpt>
   <trkpt lat="43.7650710" lon="5.6338630">
    <ele>481.4</ele>
   </trkpt>
   <trkpt lat="43.7650940" lon="5.6339800">
    <ele>481.8</ele>
   </trkpt>
   <trkpt lat="43.7651100" lon="5.6340380">
    <ele>482.1</ele>
   </trkpt>
   <trkpt lat="43.7651230" lon="5.6341010">
    <ele>482.3</ele>
   </trkpt>
   <trkpt lat="43.7651360" lon="5.6341620">
    <ele>482.5</ele>
   </trkpt>
   <trkpt lat="43.7651500" lon="5.6342210">
    <ele>482.7</ele>
   </trkpt>
   <trkpt lat="43.7651640" lon="5.6342810">
    <ele>482.9</ele>
   </trkpt>
   <trkpt lat="43.7651790" lon="5.6343440">
    <ele>483.1</ele>
   </trkpt>
   <trkpt lat="43.7651960" lon="5.6344030">
    <ele>483.3</ele>
   </trkpt>
   <trkpt lat="43.7652130" lon="5.6344620">
    <ele>483.5</ele>
   </trkpt>
   <trkpt lat="43.7652310" lon="5.6345250">
    <ele>483.7</ele>
   </trkpt>
   <trkpt lat="43.7652480" lon="5.6345880">
    <ele>483.9</ele>
   </trkpt>
   <trkpt lat="43.7652620" lon="5.6346520">
    <ele>484.1</ele>
   </trkpt>
   <trkpt lat="43.7652770" lon="5.6347120">
    <ele>484.2</ele>
   </trkpt>
   <trkpt lat="43.7652900" lon="5.6347710">
    <ele>484.4</ele>
   </trkpt>
   <trkpt lat="43.7653010" lon="5.6348310">
    <ele>484.5</ele>
   </trkpt>
   <trkpt lat="43.7653150" lon="5.6348880">
    <ele>484.7</ele>
   </trkpt>
   <trkpt lat="43.7653300" lon="5.6349530">
    <ele>484.8</ele>
   </trkpt>
   <trkpt lat="43.7653400" lon="5.6350230">
    <ele>485.0</ele>
   </trkpt>
   <trkpt lat="43.7653490" lon="5.6350810">
    <ele>485.1</ele>
   </trkpt>
   <trkpt lat="43.7653620" lon="5.6351370">
    <ele>485.2</ele>
   </trkpt>
   <trkpt lat="43.7653720" lon="5.6351910">
    <ele>485.3</ele>
   </trkpt>
   <trkpt lat="43.7653800" lon="5.6352480">
    <ele>485.3</ele>
   </trkpt>
   <trkpt lat="43.7653870" lon="5.6353040">
    <ele>485.4</ele>
   </trkpt>
   <trkpt lat="43.7653930" lon="5.6353600">
    <ele>485.5</ele>
   </trkpt>
   <trkpt lat="43.7654070" lon="5.6354170">
    <ele>485.5</ele>
   </trkpt>
   <trkpt lat="43.7654160" lon="5.6354700">
    <ele>485.6</ele>
   </trkpt>
   <trkpt lat="43.7654280" lon="5.6355740">
    <ele>485.8</ele>
   </trkpt>
   <trkpt lat="43.7654350" lon="5.6356310">
    <ele>485.8</ele>
   </trkpt>
   <trkpt lat="43.7654410" lon="5.6356860">
    <ele>485.9</ele>
   </trkpt>
   <trkpt lat="43.7654500" lon="5.6357390">
    <ele>486.0</ele>
   </trkpt>
   <trkpt lat="43.7654580" lon="5.6357990">
    <ele>486.1</ele>
   </trkpt>
   <trkpt lat="43.7654660" lon="5.6358620">
    <ele>486.2</ele>
   </trkpt>
   <trkpt lat="43.7654750" lon="5.6359260">
    <ele>486.2</ele>
   </trkpt>
   <trkpt lat="43.7654900" lon="5.6359900">
    <ele>486.3</ele>
   </trkpt>
   <trkpt lat="43.7655060" lon="5.6360560">
    <ele>486.4</ele>
   </trkpt>
   <trkpt lat="43.7655240" lon="5.6361270">
    <ele>486.4</ele>
   </trkpt>
   <trkpt lat="43.7655400" lon="5.6361990">
    <ele>486.5</ele>
   </trkpt>
   <trkpt lat="43.7655560" lon="5.6362730">
    <ele>486.6</ele>
   </trkpt>
   <trkpt lat="43.7655730" lon="5.6363400">
    <ele>486.6</ele>
   </trkpt>
   <trkpt lat="43.7655900" lon="5.6364070">
    <ele>486.7</ele>
   </trkpt>
   <trkpt lat="43.7656100" lon="5.6364700">
    <ele>486.8</ele>
   </trkpt>
   <trkpt lat="43.7656330" lon="5.6365300">
    <ele>486.9</ele>
   </trkpt>
   <trkpt lat="43.7656520" lon="5.6365890">
    <ele>487.0</ele>
   </trkpt>
   <trkpt lat="43.7656720" lon="5.6366450">
    <ele>487.1</ele>
   </trkpt>
   <trkpt lat="43.7656970" lon="5.6367090">
    <ele>487.2</ele>
   </trkpt>
   <trkpt lat="43.7657230" lon="5.6367710">
    <ele>487.3</ele>
   </trkpt>
   <trkpt lat="43.7657440" lon="5.6368370">
    <ele>487.5</ele>
   </trkpt>
   <trkpt lat="43.7657640" lon="5.6368990">
    <ele>487.6</ele>
   </trkpt>
   <trkpt lat="43.7658060" lon="5.6370270">
    <ele>487.8</ele>
   </trkpt>
   <trkpt lat="43.7658330" lon="5.6370900">
    <ele>488.0</ele>
   </trkpt>
   <trkpt lat="43.7658590" lon="5.6371510">
    <ele>488.2</ele>
   </trkpt>
   <trkpt lat="43.7658820" lon="5.6372150">
    <ele>488.4</ele>
   </trkpt>
   <trkpt lat="43.7659020" lon="5.6372780">
    <ele>488.5</ele>
   </trkpt>
   <trkpt lat="43.7659260" lon="5.6373390">
    <ele>488.7</ele>
   </trkpt>
   <trkpt lat="43.7659500" lon="5.6374050">
    <ele>488.9</ele>
   </trkpt>
   <trkpt lat="43.7659730" lon="5.6374700">
    <ele>489.1</ele>
   </trkpt>
   <trkpt lat="43.7659950" lon="5.6375280">
    <ele>489.3</ele>
   </trkpt>
   <trkpt lat="43.7660140" lon="5.6375890">
    <ele>489.5</ele>
   </trkpt>
   <trkpt lat="43.7660330" lon="5.6376470">
    <ele>489.7</ele>
   </trkpt>
   <trkpt lat="43.7660510" lon="5.6377060">
    <ele>489.9</ele>
   </trkpt>
   <trkpt lat="43.7660710" lon="5.6377680">
    <ele>490.1</ele>
   </trkpt>
   <trkpt lat="43.7660940" lon="5.6378300">
    <ele>490.3</ele>
   </trkpt>
   <trkpt lat="43.7661140" lon="5.6378960">
    <ele>490.5</ele>
   </trkpt>
   <trkpt lat="43.7661350" lon="5.6379600">
    <ele>490.8</ele>
   </trkpt>
   <trkpt lat="43.7661570" lon="5.6380240">
    <ele>491.0</ele>
   </trkpt>
   <trkpt lat="43.7661810" lon="5.6380860">
    <ele>491.2</ele>
   </trkpt>
   <trkpt lat="43.7662040" lon="5.6381500">
    <ele>491.5</ele>
   </trkpt>
   <trkpt lat="43.7662260" lon="5.6382120">
    <ele>491.7</ele>
   </trkpt>
   <trkpt lat="43.7662470" lon="5.6382800">
    <ele>491.9</ele>
   </trkpt>
   <trkpt lat="43.7662650" lon="5.6383430">
    <ele>492.1</ele>
   </trkpt>
   <trkpt lat="43.7662850" lon="5.6384070">
    <ele>492.3</ele>
   </trkpt>
   <trkpt lat="43.7663010" lon="5.6384700">
    <ele>492.6</ele>
   </trkpt>
   <trkpt lat="43.7663190" lon="5.6385310">
    <ele>492.8</ele>
   </trkpt>
   <trkpt lat="43.7663360" lon="5.6385970">
    <ele>493.0</ele>
   </trkpt>
   <trkpt lat="43.7663530" lon="5.6386590">
    <ele>493.1</ele>
   </trkpt>
   <trkpt lat="43.7663690" lon="5.6387260">
    <ele>493.3</ele>
   </trkpt>
   <trkpt lat="43.7664040" lon="5.6388630">
    <ele>493.7</ele>
   </trkpt>
   <trkpt lat="43.7664210" lon="5.6389310">
    <ele>493.8</ele>
   </trkpt>
   <trkpt lat="43.7664360" lon="5.6390040">
    <ele>493.9</ele>
   </trkpt>
   <trkpt lat="43.7664490" lon="5.6390750">
    <ele>494.1</ele>
   </trkpt>
   <trkpt lat="43.7664640" lon="5.6391440">
    <ele>494.2</ele>
   </trkpt>
   <trkpt lat="43.7664780" lon="5.6392130">
    <ele>494.3</ele>
   </trkpt>
   <trkpt lat="43.7664900" lon="5.6392790">
    <ele>494.4</ele>
   </trkpt>
   <trkpt lat="43.7665020" lon="5.6393510">
    <ele>494.5</ele>
   </trkpt>
   <trkpt lat="43.7665110" lon="5.6394190">
    <ele>494.5</ele>
   </trkpt>
   <trkpt lat="43.7665220" lon="5.6394890">
    <ele>494.6</ele>
   </trkpt>
   <trkpt lat="43.7665340" lon="5.6395630">
    <ele>494.7</ele>
   </trkpt>
   <trkpt lat="43.7665480" lon="5.6396400">
    <ele>494.8</ele>
   </trkpt>
   <trkpt lat="43.7665700" lon="5.6397840">
    <ele>494.9</ele>
   </trkpt>
   <trkpt lat="43.7665820" lon="5.6398560">
    <ele>495.0</ele>
   </trkpt>
   <trkpt lat="43.7665940" lon="5.6399250">
    <ele>495.1</ele>
   </trkpt>
   <trkpt lat="43.7666050" lon="5.6399970">
    <ele>495.2</ele>
   </trkpt>
   <trkpt lat="43.7666120" lon="5.6400700">
    <ele>495.2</ele>
   </trkpt>
   <trkpt lat="43.7666230" lon="5.6401390">
    <ele>495.3</ele>
   </trkpt>
   <trkpt lat="43.7666350" lon="5.6402100">
    <ele>495.4</ele>
   </trkpt>
   <trkpt lat="43.7666460" lon="5.6402810">
    <ele>495.5</ele>
   </trkpt>
   <trkpt lat="43.7666610" lon="5.6403470">
    <ele>495.6</ele>
   </trkpt>
   <trkpt lat="43.7666730" lon="5.6404160">
    <ele>495.7</ele>
   </trkpt>
   <trkpt lat="43.7666830" lon="5.6404850">
    <ele>495.8</ele>
   </trkpt>
   <trkpt lat="43.7666970" lon="5.6405550">
    <ele>495.9</ele>
   </trkpt>
   <trkpt lat="43.7667090" lon="5.6406260">
    <ele>496.0</ele>
   </trkpt>
   <trkpt lat="43.7667240" lon="5.6406990">
    <ele>496.0</ele>
   </trkpt>
   <trkpt lat="43.7667310" lon="5.6407760">
    <ele>496.0</ele>
   </trkpt>
   <trkpt lat="43.7667360" lon="5.6408530">
    <ele>496.1</ele>
   </trkpt>
   <trkpt lat="43.7667430" lon="5.6409280">
    <ele>496.1</ele>
   </trkpt>
   <trkpt lat="43.7667520" lon="5.6410000">
    <ele>496.1</ele>
   </trkpt>
   <trkpt lat="43.7667570" lon="5.6410720">
    <ele>496.1</ele>
   </trkpt>
   <trkpt lat="43.7667630" lon="5.6411510">
    <ele>496.1</ele>
   </trkpt>
   <trkpt lat="43.7667680" lon="5.6412280">
    <ele>496.1</ele>
   </trkpt>
   <trkpt lat="43.7667710" lon="5.6413040">
    <ele>496.2</ele>
   </trkpt>
   <trkpt lat="43.7667710" lon="5.6413780">
    <ele>496.2</ele>
   </trkpt>
   <trkpt lat="43.7667710" lon="5.6414520">
    <ele>496.2</ele>
   </trkpt>
   <trkpt lat="43.7667710" lon="5.6415270">
    <ele>496.2</ele>
   </trkpt>
   <trkpt lat="43.7667700" lon="5.6416020">
    <ele>496.2</ele>
   </trkpt>
   <trkpt lat="43.7667670" lon="5.6416780">
    <ele>496.2</ele>
   </trkpt>
   <trkpt lat="43.7667600" lon="5.6417530">
    <ele>496.2</ele>
   </trkpt>
   <trkpt lat="43.7667540" lon="5.6418270">
    <ele>496.1</ele>
   </trkpt>
   <trkpt lat="43.7667500" lon="5.6419050">
    <ele>496.1</ele>
   </trkpt>
   <trkpt lat="43.7667450" lon="5.6419850">
    <ele>496.1</ele>
   </trkpt>
   <trkpt lat="43.7667400" lon="5.6420580">
    <ele>496.1</ele>
   </trkpt>
   <trkpt lat="43.7667360" lon="5.6421370">
    <ele>496.1</ele>
   </trkpt>
   <trkpt lat="43.7667320" lon="5.6422230">
    <ele>496.1</ele>
   </trkpt>
   <trkpt lat="43.7667260" lon="5.6422980">
    <ele>496.1</ele>
   </trkpt>
   <trkpt lat="43.7667160" lon="5.6423770">
    <ele>496.1</ele>
   </trkpt>
   <trkpt lat="43.7667110" lon="5.6424500">
    <ele>496.1</ele>
   </trkpt>
   <trkpt lat="43.7667070" lon="5.6425320">
    <ele>496.2</ele>
   </trkpt>
   <trkpt lat="43.7667040" lon="5.6426150">
    <ele>496.2</ele>
   </trkpt>
   <trkpt lat="43.7667020" lon="5.6426930">
    <ele>496.2</ele>
   </trkpt>
   <trkpt lat="43.7666960" lon="5.6427730">
    <ele>496.2</ele>
   </trkpt>
   <trkpt lat="43.7666890" lon="5.6428480">
    <ele>496.3</ele>
   </trkpt>
   <trkpt lat="43.7666830" lon="5.6429300">
    <ele>496.3</ele>
   </trkpt>
   <trkpt lat="43.7666780" lon="5.6430110">
    <ele>496.4</ele>
   </trkpt>
   <trkpt lat="43.7666780" lon="5.6430910">
    <ele>496.6</ele>
   </trkpt>
   <trkpt lat="43.7666720" lon="5.6431650">
    <ele>496.7</ele>
   </trkpt>
   <trkpt lat="43.7666620" lon="5.6432400">
    <ele>496.8</ele>
   </trkpt>
   <trkpt lat="43.7666580" lon="5.6433210">
    <ele>497.0</ele>
   </trkpt>
   <trkpt lat="43.7666510" lon="5.6434040">
    <ele>497.1</ele>
   </trkpt>
   <trkpt lat="43.7666450" lon="5.6434860">
    <ele>497.3</ele>
   </trkpt>
   <trkpt lat="43.7666380" lon="5.6435670">
    <ele>497.4</ele>
   </trkpt>
   <trkpt lat="43.7666340" lon="5.6436450">
    <ele>497.6</ele>
   </trkpt>
   <trkpt lat="43.7666280" lon="5.6437240">
    <ele>497.8</ele>
   </trkpt>
   <trkpt lat="43.7666230" lon="5.6438140">
    <ele>498.1</ele>
   </trkpt>
   <trkpt lat="43.7666150" lon="5.6438980">
    <ele>498.4</ele>
   </trkpt>
   <trkpt lat="43.7666010" lon="5.6440720">
    <ele>499.0</ele>
   </trkpt>
   <trkpt lat="43.7665950" lon="5.6441590">
    <ele>499.3</ele>
   </trkpt>
   <trkpt lat="43.7665870" lon="5.6442470">
    <ele>499.7</ele>
   </trkpt>
   <trkpt lat="43.7665780" lon="5.6443280">
    <ele>500.1</ele>
   </trkpt>
   <trkpt lat="43.7665730" lon="5.6444090">
    <ele>500.5</ele>
   </trkpt>
   <trkpt lat="43.7665660" lon="5.6444880">
    <ele>500.9</ele>
   </trkpt>
   <trkpt lat="43.7665640" lon="5.6445680">
    <ele>501.3</ele>
   </trkpt>
   <trkpt lat="43.7665570" lon="5.6446460">
    <ele>501.7</ele>
   </trkpt>
   <trkpt lat="43.7665500" lon="5.6447170">
    <ele>502.1</ele>
   </trkpt>
   <trkpt lat="43.7665430" lon="5.6447850">
    <ele>502.5</ele>
   </trkpt>
   <trkpt lat="43.7665380" lon="5.6449180">
    <ele>503.3</ele>
   </trkpt>
   <trkpt lat="43.7665340" lon="5.6449850">
    <ele>503.7</ele>
   </trkpt>
   <trkpt lat="43.7665310" lon="5.6450430">
    <ele>504.0</ele>
   </trkpt>
   <trkpt lat="43.7665200" lon="5.6451600">
    <ele>504.7</ele>
   </trkpt>
   <trkpt lat="43.7665150" lon="5.6452190">
    <ele>505.0</ele>
   </trkpt>
   <trkpt lat="43.7665150" lon="5.6452740">
    <ele>505.3</ele>
   </trkpt>
   <trkpt lat="43.7665160" lon="5.6453350">
    <ele>505.5</ele>
   </trkpt>
   <trkpt lat="43.7665180" lon="5.6453950">
    <ele>505.8</ele>
   </trkpt>
   <trkpt lat="43.7665130" lon="5.6454550">
    <ele>506.0</ele>
   </trkpt>
   <trkpt lat="43.7665090" lon="5.6455050">
    <ele>506.2</ele>
   </trkpt>
   <trkpt lat="43.7665040" lon="5.6455610">
    <ele>506.5</ele>
   </trkpt>
   <trkpt lat="43.7665000" lon="5.6456240">
    <ele>506.7</ele>
   </trkpt>
   <trkpt lat="43.7664920" lon="5.6456830">
    <ele>506.9</ele>
   </trkpt>
   <trkpt lat="43.7664850" lon="5.6457520">
    <ele>507.2</ele>
   </trkpt>
   <trkpt lat="43.7664800" lon="5.6458980">
    <ele>507.7</ele>
   </trkpt>
   <trkpt lat="43.7664780" lon="5.6459730">
    <ele>508.0</ele>
   </trkpt>
   <trkpt lat="43.7664760" lon="5.6460480">
    <ele>508.2</ele>
   </trkpt>
   <trkpt lat="43.7664700" lon="5.6461210">
    <ele>508.5</ele>
   </trkpt>
   <trkpt lat="43.7664630" lon="5.6461920">
    <ele>508.8</ele>
   </trkpt>
   <trkpt lat="43.7664540" lon="5.6462670">
    <ele>509.0</ele>
   </trkpt>
   <trkpt lat="43.7664460" lon="5.6463390">
    <ele>509.2</ele>
   </trkpt>
   <trkpt lat="43.7664380" lon="5.6464180">
    <ele>509.5</ele>
   </trkpt>
   <trkpt lat="43.7664310" lon="5.6464920">
    <ele>509.8</ele>
   </trkpt>
   <trkpt lat="43.7664290" lon="5.6465730">
    <ele>510.0</ele>
   </trkpt>
   <trkpt lat="43.7664280" lon="5.6466470">
    <ele>510.3</ele>
   </trkpt>
   <trkpt lat="43.7664240" lon="5.6467250">
    <ele>510.5</ele>
   </trkpt>
   <trkpt lat="43.7664160" lon="5.6467980">
    <ele>510.8</ele>
   </trkpt>
   <trkpt lat="43.7664100" lon="5.6468730">
    <ele>511.0</ele>
   </trkpt>
   <trkpt lat="43.7664020" lon="5.6469480">
    <ele>511.2</ele>
   </trkpt>
   <trkpt lat="43.7663950" lon="5.6470190">
    <ele>511.4</ele>
   </trkpt>
   <trkpt lat="43.7663890" lon="5.6471000">
    <ele>511.6</ele>
   </trkpt>
   <trkpt lat="43.7663860" lon="5.6471800">
    <ele>511.8</ele>
   </trkpt>
   <trkpt lat="43.7663830" lon="5.6472520">
    <ele>511.9</ele>
   </trkpt>
   <trkpt lat="43.7663800" lon="5.6473300">
    <ele>512.1</ele>
   </trkpt>
   <trkpt lat="43.7663730" lon="5.6474080">
    <ele>512.2</ele>
   </trkpt>
   <trkpt lat="43.7663630" lon="5.6474930">
    <ele>512.4</ele>
   </trkpt>
   <trkpt lat="43.7663540" lon="5.6475750">
    <ele>512.6</ele>
   </trkpt>
   <trkpt lat="43.7663490" lon="5.6476570">
    <ele>512.7</ele>
   </trkpt>
   <trkpt lat="43.7663450" lon="5.6477390">
    <ele>512.8</ele>
   </trkpt>
   <trkpt lat="43.7663380" lon="5.6478220">
    <ele>512.9</ele>
   </trkpt>
   <trkpt lat="43.7663320" lon="5.6479040">
    <ele>513.1</ele>
   </trkpt>
   <trkpt lat="43.7663250" lon="5.6479870">
    <ele>513.2</ele>
   </trkpt>
   <trkpt lat="43.7663160" lon="5.6481480">
    <ele>513.4</ele>
   </trkpt>
   <trkpt lat="43.7663100" lon="5.6482300">
    <ele>513.5</ele>
   </trkpt>
   <trkpt lat="43.7663010" lon="5.6483130">
    <ele>513.6</ele>
   </trkpt>
   <trkpt lat="43.7662930" lon="5.6483940">
    <ele>513.7</ele>
   </trkpt>
   <trkpt lat="43.7662900" lon="5.6484750">
    <ele>513.8</ele>
   </trkpt>
   <trkpt lat="43.7662880" lon="5.6485560">
    <ele>514.0</ele>
   </trkpt>
   <trkpt lat="43.7662830" lon="5.6486440">
    <ele>514.1</ele>
   </trkpt>
   <trkpt lat="43.7662770" lon="5.6487270">
    <ele>514.3</ele>
   </trkpt>
   <trkpt lat="43.7662730" lon="5.6488080">
    <ele>514.5</ele>
   </trkpt>
   <trkpt lat="43.7662680" lon="5.6488890">
    <ele>514.7</ele>
   </trkpt>
   <trkpt lat="43.7662600" lon="5.6489670">
    <ele>514.8</ele>
   </trkpt>
   <trkpt lat="43.7662530" lon="5.6490440">
    <ele>515.0</ele>
   </trkpt>
   <trkpt lat="43.7662500" lon="5.6491270">
    <ele>515.2</ele>
   </trkpt>
   <trkpt lat="43.7662370" lon="5.6492860">
    <ele>515.6</ele>
   </trkpt>
   <trkpt lat="43.7662280" lon="5.6493710">
    <ele>515.8</ele>
   </trkpt>
   <trkpt lat="43.7662220" lon="5.6494570">
    <ele>516.0</ele>
   </trkpt>
   <trkpt lat="43.7662160" lon="5.6495370">
    <ele>516.2</ele>
   </trkpt>
   <trkpt lat="43.7662070" lon="5.6496210">
    <ele>516.5</ele>
   </trkpt>
   <trkpt lat="43.7662020" lon="5.6497050">
    <ele>516.7</ele>
   </trkpt>
   <trkpt lat="43.7661980" lon="5.6497870">
    <ele>516.9</ele>
   </trkpt>
   <trkpt lat="43.7661940" lon="5.6498680">
    <ele>517.1</ele>
   </trkpt>
   <trkpt lat="43.7661880" lon="5.6499530">
    <ele>517.3</ele>
   </trkpt>
   <trkpt lat="43.7661840" lon="5.6500280">
    <ele>517.5</ele>
   </trkpt>
   <trkpt lat="43.7661770" lon="5.6501040">
    <ele>517.7</ele>
   </trkpt>
   <trkpt lat="43.7661670" lon="5.6502460">
    <ele>518.1</ele>
   </trkpt>
   <trkpt lat="43.7661650" lon="5.6503160">
    <ele>518.2</ele>
   </trkpt>
   <trkpt lat="43.7661630" lon="5.6503860">
    <ele>518.4</ele>
   </trkpt>
   <trkpt lat="43.7661570" lon="5.6504560">
    <ele>518.5</ele>
   </trkpt>
   <trkpt lat="43.7661580" lon="5.6505270">
    <ele>518.5</ele>
   </trkpt>
   <trkpt lat="43.7661620" lon="5.6505890">
    <ele>518.5</ele>
   </trkpt>
   <trkpt lat="43.7661630" lon="5.6506330">
    <ele>518.4</ele>
   </trkpt>
   <trkpt lat="43.7661620" lon="5.6506950">
    <ele>518.3</ele>
   </trkpt>
   <trkpt lat="43.7661650" lon="5.6507720">
    <ele>518.1</ele>
   </trkpt>
   <trkpt lat="43.7661760" lon="5.6508430">
    <ele>517.8</ele>
   </trkpt>
   <trkpt lat="43.7661940" lon="5.6509140">
    <ele>517.4</ele>
   </trkpt>
   <trkpt lat="43.7662130" lon="5.6509860">
    <ele>517.0</ele>
   </trkpt>
   <trkpt lat="43.7662260" lon="5.6510640">
    <ele>516.5</ele>
   </trkpt>
   <trkpt lat="43.7662550" lon="5.6511470">
    <ele>515.9</ele>
   </trkpt>
   <trkpt lat="43.7662840" lon="5.6512430">
    <ele>515.3</ele>
   </trkpt>
   <trkpt lat="43.7663280" lon="5.6513350">
    <ele>514.6</ele>
   </trkpt>
   <trkpt lat="43.7663600" lon="5.6514250">
    <ele>514.0</ele>
   </trkpt>
   <trkpt lat="43.7664010" lon="5.6515300">
    <ele>513.2</ele>
   </trkpt>
   <trkpt lat="43.7664570" lon="5.6516040">
    <ele>512.5</ele>
   </trkpt>
   <trkpt lat="43.7665090" lon="5.6517080">
    <ele>511.7</ele>
   </trkpt>
   <trkpt lat="43.7665660" lon="5.6518130">
    <ele>510.8</ele>
   </trkpt>
   <trkpt lat="43.7666240" lon="5.6519190">
    <ele>509.9</ele>
   </trkpt>
   <trkpt lat="43.7666820" lon="5.6520250">
    <ele>509.0</ele>
   </trkpt>
   <trkpt lat="43.7667400" lon="5.6521360">
    <ele>508.1</ele>
   </trkpt>
   <trkpt lat="43.7667980" lon="5.6522420">
    <ele>507.2</ele>
   </trkpt>
   <trkpt lat="43.7668560" lon="5.6523400">
    <ele>506.4</ele>
   </trkpt>
   <trkpt lat="43.7669100" lon="5.6524460">
    <ele>505.6</ele>
   </trkpt>
   <trkpt lat="43.7669700" lon="5.6525540">
    <ele>504.9</ele>
   </trkpt>
   <trkpt lat="43.7670280" lon="5.6526680">
    <ele>504.2</ele>
   </trkpt>
   <trkpt lat="43.7670880" lon="5.6527880">
    <ele>503.7</ele>
   </trkpt>
   <trkpt lat="43.7671460" lon="5.6529090">
    <ele>503.2</ele>
   </trkpt>
   <trkpt lat="43.7672120" lon="5.6530190">
    <ele>503.0</ele>
   </trkpt>
   <trkpt lat="43.7672780" lon="5.6531270">
    <ele>503.0</ele>
   </trkpt>
   <trkpt lat="43.7673360" lon="5.6532280">
    <ele>502.9</ele>
   </trkpt>
   <trkpt lat="43.7673820" lon="5.6533010">
    <ele>502.9</ele>
   </trkpt>
   <trkpt lat="43.7674220" lon="5.6533510">
    <ele>502.9</ele>
   </trkpt>
   <trkpt lat="43.7674520" lon="5.6534010">
    <ele>502.9</ele>
   </trkpt>
   <trkpt lat="43.7674840" lon="5.6534560">
    <ele>502.9</ele>
   </trkpt>
   <trkpt lat="43.7675190" lon="5.6535090">
    <ele>502.9</ele>
   </trkpt>
   <trkpt lat="43.7675780" lon="5.6535980">
    <ele>502.9</ele>
   </trkpt>
   <trkpt lat="43.7676030" lon="5.6536390">
    <ele>502.9</ele>
   </trkpt>
   <trkpt lat="43.7676290" lon="5.6536830">
    <ele>502.9</ele>
   </trkpt>
   <trkpt lat="43.7676580" lon="5.6537170">
    <ele>502.9</ele>
   </trkpt>
   <trkpt lat="43.7676860" lon="5.6537520">
    <ele>502.9</ele>
   </trkpt>
   <trkpt lat="43.7677140" lon="5.6537830">
    <ele>502.9</ele>
   </trkpt>
   <trkpt lat="43.7677340" lon="5.6538210">
    <ele>502.9</ele>
   </trkpt>
   <trkpt lat="43.7677560" lon="5.6538600">
    <ele>502.9</ele>
   </trkpt>
   <trkpt lat="43.7677800" lon="5.6538910">
    <ele>502.9</ele>
   </trkpt>
   <trkpt lat="43.7677990" lon="5.6539200">
    <ele>502.9</ele>
   </trkpt>
   <trkpt lat="43.7678090" lon="5.6539310">
    <ele>502.9</ele>
   </trkpt>
   <trkpt lat="43.7678080" lon="5.6539320">
    <ele>502.9</ele>
   </trkpt>
   <trkpt lat="43.7678050" lon="5.6539320">
    <ele>503.0</ele>
   </trkpt>
   <trkpt lat="43.7678040" lon="5.6539320">
    <ele>503.0</ele>
   </trkpt>
   <trkpt lat="43.7678040" lon="5.6539320">
    <ele>503.0</ele>
   </trkpt>
   <trkpt lat="43.7678040" lon="5.6539320">
    <ele>503.0</ele>
   </trkpt>
   <trkpt lat="43.7678040" lon="5.6539320">
    <ele>503.0</ele>
   </trkpt>
   <trkpt lat="43.7678040" lon="5.6539320">
    <ele>503.0</ele>
   </trkpt>
   <trkpt lat="43.7678040" lon="5.6539320">
    <ele>503.0</ele>
   </trkpt>
   <trkpt lat="43.7678040" lon="5.6539320">
    <ele>503.0</ele>
   </trkpt>
   <trkpt lat="43.7678040" lon="5.6539320">
    <ele>503.0</ele>
   </trkpt>
   <trkpt lat="43.7678280" lon="5.6539160">
    <ele>503.0</ele>
   </trkpt>
   <trkpt lat="43.7678240" lon="5.6538920">
    <ele>503.0</ele>
   </trkpt>
   <trkpt lat="43.7678140" lon="5.6538720">
    <ele>503.0</ele>
   </trkpt>
   <trkpt lat="43.7678050" lon="5.6538560">
    <ele>503.0</ele>
   </trkpt>
   <trkpt lat="43.7677970" lon="5.6538400">
    <ele>503.0</ele>
   </trkpt>
   <trkpt lat="43.7677860" lon="5.6538250">
    <ele>503.0</ele>
   </trkpt>
   <trkpt lat="43.7677750" lon="5.6538110">
    <ele>503.0</ele>
   </trkpt>
   <trkpt lat="43.7677640" lon="5.6537910">
    <ele>503.0</ele>
   </trkpt>
   <trkpt lat="43.7677540" lon="5.6537730">
    <ele>503.0</ele>
   </trkpt>
   <trkpt lat="43.7677430" lon="5.6537590">
    <ele>503.1</ele>
   </trkpt>
   <trkpt lat="43.7677340" lon="5.6537440">
    <ele>503.1</ele>
   </trkpt>
   <trkpt lat="43.7677180" lon="5.6537270">
    <ele>503.1</ele>
   </trkpt>
   <trkpt lat="43.7677120" lon="5.6537190">
    <ele>503.1</ele>
   </trkpt>
   <trkpt lat="43.7677070" lon="5.6537110">
    <ele>503.1</ele>
   </trkpt>
   <trkpt lat="43.7676950" lon="5.6537050">
    <ele>503.1</ele>
   </trkpt>
   <trkpt lat="43.7676860" lon="5.6537180">
    <ele>503.1</ele>
   </trkpt>
   <trkpt lat="43.7676990" lon="5.6537640">
    <ele>503.2</ele>
   </trkpt>
   <trkpt lat="43.7677130" lon="5.6537790">
    <ele>503.2</ele>
   </trkpt>
   <trkpt lat="43.7677290" lon="5.6537890">
    <ele>503.2</ele>
   </trkpt>
   <trkpt lat="43.7677520" lon="5.6538160">
    <ele>503.2</ele>
   </trkpt>
   <trkpt lat="43.7677580" lon="5.6538260">
    <ele>503.2</ele>
   </trkpt>
   <trkpt lat="43.7677770" lon="5.6538600">
    <ele>503.3</ele>
   </trkpt>
   <trkpt lat="43.7677830" lon="5.6538700">
    <ele>503.3</ele>
   </trkpt>
   <trkpt lat="43.7677980" lon="5.6538800">
    <ele>503.3</ele>
   </trkpt>
   <trkpt lat="43.7678120" lon="5.6539000">
    <ele>503.4</ele>
   </trkpt>
   <trkpt lat="43.7678340" lon="5.6539350">
    <ele>503.4</ele>
   </trkpt>
   <trkpt lat="43.7678420" lon="5.6539460">
    <ele>503.4</ele>
   </trkpt>
   <trkpt lat="43.7678660" lon="5.6539770">
    <ele>503.5</ele>
   </trkpt>
   <trkpt lat="43.7678870" lon="5.6540110">
    <ele>503.5</ele>
   </trkpt>
   <trkpt lat="43.7679100" lon="5.6540550">
    <ele>503.5</ele>
   </trkpt>
   <trkpt lat="43.7679180" lon="5.6540720">
    <ele>503.5</ele>
   </trkpt>
   <trkpt lat="43.7679390" lon="5.6541070">
    <ele>503.6</ele>
   </trkpt>
   <trkpt lat="43.7679640" lon="5.6541280">
    <ele>503.6</ele>
   </trkpt>
   <trkpt lat="43.7679920" lon="5.6541670">
    <ele>503.7</ele>
   </trkpt>
   <trkpt lat="43.7680000" lon="5.6541820">
    <ele>503.7</ele>
   </trkpt>
   <trkpt lat="43.7680200" lon="5.6542150">
    <ele>503.8</ele>
   </trkpt>
   <trkpt lat="43.7680440" lon="5.6542460">
    <ele>503.8</ele>
   </trkpt>
   <trkpt lat="43.7680700" lon="5.6542750">
    <ele>503.9</ele>
   </trkpt>
   <trkpt lat="43.7680920" lon="5.6543070">
    <ele>503.9</ele>
   </trkpt>
   <trkpt lat="43.7681080" lon="5.6543370">
    <ele>504.0</ele>
   </trkpt>
   <trkpt lat="43.7681260" lon="5.6543690">
    <ele>504.0</ele>
   </trkpt>
   <trkpt lat="43.7681450" lon="5.6543970">
    <ele>504.1</ele>
   </trkpt>
   <trkpt lat="43.7681640" lon="5.6544260">
    <ele>504.2</ele>
   </trkpt>
   <trkpt lat="43.7681840" lon="5.6544530">
    <ele>504.2</ele>
   </trkpt>
   <trkpt lat="43.7682040" lon="5.6544790">
    <ele>504.3</ele>
   </trkpt>
   <trkpt lat="43.7682260" lon="5.6545050">
    <ele>504.4</ele>
   </trkpt>
   <trkpt lat="43.7682470" lon="5.6545330">
    <ele>504.4</ele>
   </trkpt>
   <trkpt lat="43.7682690" lon="5.6545650">
    <ele>504.5</ele>
   </trkpt>
   <trkpt lat="43.7682900" lon="5.6545990">
    <ele>504.6</ele>
   </trkpt>
   <trkpt lat="43.7683080" lon="5.6546310">
    <ele>504.7</ele>
   </trkpt>
   <trkpt lat="43.7683270" lon="5.6546680">
    <ele>504.8</ele>
   </trkpt>
   <trkpt lat="43.7683430" lon="5.6547020">
    <ele>504.9</ele>
   </trkpt>
   <trkpt lat="43.7683630" lon="5.6547320">
    <ele>505.0</ele>
   </trkpt>
   <trkpt lat="43.7683920" lon="5.6547680">
    <ele>505.2</ele>
   </trkpt>
   <trkpt lat="43.7684200" lon="5.6548020">
    <ele>505.3</ele>
   </trkpt>
   <trkpt lat="43.7684480" lon="5.6548490">
    <ele>505.5</ele>
   </trkpt>
   <trkpt lat="43.7684800" lon="5.6549160">
    <ele>505.7</ele>
   </trkpt>
   <trkpt lat="43.7685110" lon="5.6549760">
    <ele>506.0</ele>
   </trkpt>
   <trkpt lat="43.7685430" lon="5.6550360">
    <ele>506.2</ele>
   </trkpt>
   <trkpt lat="43.7685730" lon="5.6550890">
    <ele>506.4</ele>
   </trkpt>
   <trkpt lat="43.7686030" lon="5.6551410">
    <ele>506.6</ele>
   </trkpt>
   <trkpt lat="43.7686300" lon="5.6551970">
    <ele>506.8</ele>
   </trkpt>
   <trkpt lat="43.7686550" lon="5.6552520">
    <ele>507.0</ele>
   </trkpt>
   <trkpt lat="43.7686810" lon="5.6553090">
    <ele>507.2</ele>
   </trkpt>
   <trkpt lat="43.7687040" lon="5.6553720">
    <ele>507.4</ele>
   </trkpt>
   <trkpt lat="43.7687230" lon="5.6554310">
    <ele>507.6</ele>
   </trkpt>
   <trkpt lat="43.7687360" lon="5.6554960">
    <ele>507.8</ele>
   </trkpt>
   <trkpt lat="43.7687500" lon="5.6555560">
    <ele>508.0</ele>
   </trkpt>
   <trkpt lat="43.7687710" lon="5.6556100">
    <ele>508.2</ele>
   </trkpt>
   <trkpt lat="43.7687900" lon="5.6556680">
    <ele>508.5</ele>
   </trkpt>
   <trkpt lat="43.7688080" lon="5.6557220">
    <ele>508.7</ele>
   </trkpt>
   <trkpt lat="43.7688280" lon="5.6557750">
    <ele>508.9</ele>
   </trkpt>
   <trkpt lat="43.7688460" lon="5.6558290">
    <ele>509.1</ele>
   </trkpt>
   <trkpt lat="43.7688640" lon="5.6558850">
    <ele>509.3</ele>
   </trkpt>
   <trkpt lat="43.7688870" lon="5.6559350">
    <ele>509.5</ele>
   </trkpt>
   <trkpt lat="43.7689060" lon="5.6559890">
    <ele>509.7</ele>
   </trkpt>
   <trkpt lat="43.7689230" lon="5.6560420">
    <ele>509.9</ele>
   </trkpt>
   <trkpt lat="43.7689390" lon="5.6560960">
    <ele>510.1</ele>
   </trkpt>
   <trkpt lat="43.7689550" lon="5.6561480">
    <ele>510.2</ele>
   </trkpt>
   <trkpt lat="43.7689730" lon="5.6562020">
    <ele>510.4</ele>
   </trkpt>
   <trkpt lat="43.7689930" lon="5.6562590">
    <ele>510.6</ele>
   </trkpt>
   <trkpt lat="43.7690110" lon="5.6563180">
    <ele>510.8</ele>
   </trkpt>
   <trkpt lat="43.7690260" lon="5.6563710">
    <ele>510.9</ele>
   </trkpt>
   <trkpt lat="43.7690440" lon="5.6564250">
    <ele>511.1</ele>
   </trkpt>
   <trkpt lat="43.7690600" lon="5.6564780">
    <ele>511.2</ele>
   </trkpt>
   <trkpt lat="43.7690780" lon="5.6565290">
    <ele>511.4</ele>
   </trkpt>
   <trkpt lat="43.7690940" lon="5.6565930">
    <ele>511.5</ele>
   </trkpt>
   <trkpt lat="43.7691100" lon="5.6566520">
    <ele>511.7</ele>
   </trkpt>
   <trkpt lat="43.7691320" lon="5.6567040">
    <ele>511.9</ele>
   </trkpt>
   <trkpt lat="43.7691530" lon="5.6567570">
    <ele>512.0</ele>
   </trkpt>
   <trkpt lat="43.7691700" lon="5.6568130">
    <ele>512.2</ele>
   </trkpt>
   <trkpt lat="43.7691900" lon="5.6568650">
    <ele>512.4</ele>
   </trkpt>
   <trkpt lat="43.7692100" lon="5.6569160">
    <ele>512.5</ele>
   </trkpt>
   <trkpt lat="43.7692280" lon="5.6569720">
    <ele>512.7</ele>
   </trkpt>
   <trkpt lat="43.7692440" lon="5.6570270">
    <ele>512.9</ele>
   </trkpt>
   <trkpt lat="43.7692600" lon="5.6570780">
    <ele>513.1</ele>
   </trkpt>
   <trkpt lat="43.7692760" lon="5.6571300">
    <ele>513.2</ele>
   </trkpt>
   <trkpt lat="43.7692950" lon="5.6571770">
    <ele>513.4</ele>
   </trkpt>
   <trkpt lat="43.7693080" lon="5.6572240">
    <ele>513.6</ele>
   </trkpt>
   <trkpt lat="43.7693190" lon="5.6572710">
    <ele>513.7</ele>
   </trkpt>
   <trkpt lat="43.7693290" lon="5.6573170">
    <ele>513.9</ele>
   </trkpt>
   <trkpt lat="43.7693430" lon="5.6573630">
    <ele>514.1</ele>
   </trkpt>
   <trkpt lat="43.7693520" lon="5.6574060">
    <ele>514.2</ele>
   </trkpt>
   <trkpt lat="43.7693620" lon="5.6574440">
    <ele>514.3</ele>
   </trkpt>
   <trkpt lat="43.7693810" lon="5.6574810">
    <ele>514.5</ele>
   </trkpt>
   <trkpt lat="43.7693980" lon="5.6575200">
    <ele>514.6</ele>
   </trkpt>
   <trkpt lat="43.7694150" lon="5.6575640">
    <ele>514.8</ele>
   </trkpt>
   <trkpt lat="43.7694280" lon="5.6576060">
    <ele>514.9</ele>
   </trkpt>
   <trkpt lat="43.7694420" lon="5.6576470">
    <ele>515.0</ele>
   </trkpt>
   <trkpt lat="43.7694560" lon="5.6576830">
    <ele>515.2</ele>
   </trkpt>
   <trkpt lat="43.7694690" lon="5.6577200">
    <ele>515.3</ele>
   </trkpt>
   <trkpt lat="43.7694790" lon="5.6577590">
    <ele>515.4</ele>
   </trkpt>
   <trkpt lat="43.7694900" lon="5.6577940">
    <ele>515.5</ele>
   </trkpt>
   <trkpt lat="43.7695000" lon="5.6578310">
    <ele>515.7</ele>
   </trkpt>
   <trkpt lat="43.7695180" lon="5.6578850">
    <ele>515.8</ele>
   </trkpt>
   <trkpt lat="43.7695240" lon="5.6579050">
    <ele>515.9</ele>
   </trkpt>
   <trkpt lat="43.7695340" lon="5.6579470">
    <ele>516.1</ele>
   </trkpt>
   <trkpt lat="43.7695440" lon="5.6579820">
    <ele>516.2</ele>
   </trkpt>
   <trkpt lat="43.7695570" lon="5.6580150">
    <ele>516.3</ele>
   </trkpt>
   <trkpt lat="43.7695750" lon="5.6580650">
    <ele>516.5</ele>
   </trkpt>
   <trkpt lat="43.7695810" lon="5.6580840">
    <ele>516.5</ele>
   </trkpt>
   <trkpt lat="43.7695940" lon="5.6581220">
    <ele>516.7</ele>
   </trkpt>
   <trkpt lat="43.7696050" lon="5.6581610">
    <ele>516.8</ele>
   </trkpt>
   <trkpt lat="43.7696170" lon="5.6581980">
    <ele>516.9</ele>
   </trkpt>
   <trkpt lat="43.7696280" lon="5.6582390">
    <ele>517.1</ele>
   </trkpt>
   <trkpt lat="43.7696420" lon="5.6582770">
    <ele>517.2</ele>
   </trkpt>
   <trkpt lat="43.7696530" lon="5.6583190">
    <ele>517.4</ele>
   </trkpt>
   <trkpt lat="43.7696670" lon="5.6583580">
    <ele>517.5</ele>
   </trkpt>
   <trkpt lat="43.7696840" lon="5.6583990">
    <ele>517.7</ele>
   </trkpt>
   <trkpt lat="43.7696930" lon="5.6584440">
    <ele>517.8</ele>
   </trkpt>
   <trkpt lat="43.7697040" lon="5.6584830">
    <ele>518.0</ele>
   </trkpt>
   <trkpt lat="43.7697220" lon="5.6585180">
    <ele>518.1</ele>
   </trkpt>
   <trkpt lat="43.7697440" lon="5.6585640">
    <ele>518.3</ele>
   </trkpt>
   <trkpt lat="43.7697490" lon="5.6585830">
    <ele>518.3</ele>
   </trkpt>
   <trkpt lat="43.7697580" lon="5.6586210">
    <ele>518.4</ele>
   </trkpt>
   <trkpt lat="43.7697660" lon="5.6586610">
    <ele>518.6</ele>
   </trkpt>
   <trkpt lat="43.7697770" lon="5.6587020">
    <ele>518.7</ele>
   </trkpt>
   <trkpt lat="43.7697860" lon="5.6587430">
    <ele>518.8</ele>
   </trkpt>
   <trkpt lat="43.7698000" lon="5.6587810">
    <ele>519.0</ele>
   </trkpt>
   <trkpt lat="43.7698130" lon="5.6588220">
    <ele>519.1</ele>
   </trkpt>
   <trkpt lat="43.7698270" lon="5.6588650">
    <ele>519.2</ele>
   </trkpt>
   <trkpt lat="43.7698400" lon="5.6589010">
    <ele>519.3</ele>
   </trkpt>
   <trkpt lat="43.7698530" lon="5.6589400">
    <ele>519.5</ele>
   </trkpt>
   <trkpt lat="43.7698650" lon="5.6589820">
    <ele>519.6</ele>
   </trkpt>
   <trkpt lat="43.7698790" lon="5.6590200">
    <ele>519.7</ele>
   </trkpt>
   <trkpt lat="43.7698940" lon="5.6590580">
    <ele>519.9</ele>
   </trkpt>
   <trkpt lat="43.7699070" lon="5.6591050">
    <ele>520.0</ele>
   </trkpt>
   <trkpt lat="43.7699220" lon="5.6591450">
    <ele>520.1</ele>
   </trkpt>
   <trkpt lat="43.7699360" lon="5.6591830">
    <ele>520.2</ele>
   </trkpt>
   <trkpt lat="43.7699500" lon="5.6592240">
    <ele>520.4</ele>
   </trkpt>
   <trkpt lat="43.7699640" lon="5.6592670">
    <ele>520.5</ele>
   </trkpt>
   <trkpt lat="43.7699770" lon="5.6593050">
    <ele>520.6</ele>
   </trkpt>
   <trkpt lat="43.7699930" lon="5.6593440">
    <ele>520.7</ele>
   </trkpt>
   <trkpt lat="43.7700080" lon="5.6593860">
    <ele>520.8</ele>
   </trkpt>
   <trkpt lat="43.7700200" lon="5.6594260">
    <ele>520.9</ele>
   </trkpt>
   <trkpt lat="43.7700350" lon="5.6594680">
    <ele>521.1</ele>
   </trkpt>
   <trkpt lat="43.7700520" lon="5.6595060">
    <ele>521.2</ele>
   </trkpt>
   <trkpt lat="43.7700710" lon="5.6595490">
    <ele>521.3</ele>
   </trkpt>
   <trkpt lat="43.7700900" lon="5.6595820">
    <ele>521.4</ele>
   </trkpt>
   <trkpt lat="43.7701110" lon="5.6596180">
    <ele>521.4</ele>
   </trkpt>
   <trkpt lat="43.7701270" lon="5.6596540">
    <ele>521.5</ele>
   </trkpt>
   <trkpt lat="43.7701430" lon="5.6596970">
    <ele>521.6</ele>
   </trkpt>
   <trkpt lat="43.7701630" lon="5.6597410">
    <ele>521.7</ele>
   </trkpt>
   <trkpt lat="43.7701790" lon="5.6597800">
    <ele>521.7</ele>
   </trkpt>
   <trkpt lat="43.7701980" lon="5.6598140">
    <ele>521.8</ele>
   </trkpt>
   <trkpt lat="43.7702170" lon="5.6598480">
    <ele>521.9</ele>
   </trkpt>
   <trkpt lat="43.7702350" lon="5.6598810">
    <ele>521.9</ele>
   </trkpt>
   <trkpt lat="43.7702560" lon="5.6599170">
    <ele>522.0</ele>
   </trkpt>
   <trkpt lat="43.7702810" lon="5.6599570">
    <ele>522.0</ele>
   </trkpt>
   <trkpt lat="43.7703060" lon="5.6599880">
    <ele>522.0</ele>
   </trkpt>
   <trkpt lat="43.7703260" lon="5.6600150">
    <ele>522.1</ele>
   </trkpt>
   <trkpt lat="43.7703560" lon="5.6600450">
    <ele>522.1</ele>
   </trkpt>
   <trkpt lat="43.7703840" lon="5.6600830">
    <ele>522.1</ele>
   </trkpt>
   <trkpt lat="43.7704070" lon="5.6601190">
    <ele>522.2</ele>
   </trkpt>
   <trkpt lat="43.7704320" lon="5.6601570">
    <ele>522.2</ele>
   </trkpt>
   <trkpt lat="43.7704600" lon="5.6601980">
    <ele>522.2</ele>
   </trkpt>
   <trkpt lat="43.7704930" lon="5.6602390">
    <ele>522.2</ele>
   </trkpt>
   <trkpt lat="43.7705240" lon="5.6602790">
    <ele>522.2</ele>
   </trkpt>
   <trkpt lat="43.7705530" lon="5.6603100">
    <ele>522.2</ele>
   </trkpt>
   <trkpt lat="43.7705830" lon="5.6603420">
    <ele>522.3</ele>
   </trkpt>
   <trkpt lat="43.7706100" lon="5.6603790">
    <ele>522.3</ele>
   </trkpt>
   <trkpt lat="43.7706400" lon="5.6604180">
    <ele>522.2</ele>
   </trkpt>
   <trkpt lat="43.7706680" lon="5.6604580">
    <ele>522.2</ele>
   </trkpt>
   <trkpt lat="43.7706950" lon="5.6604950">
    <ele>522.1</ele>
   </trkpt>
   <trkpt lat="43.7707230" lon="5.6605350">
    <ele>522.0</ele>
   </trkpt>
   <trkpt lat="43.7707480" lon="5.6605780">
    <ele>521.9</ele>
   </trkpt>
   <trkpt lat="43.7707800" lon="5.6606200">
    <ele>521.8</ele>
   </trkpt>
   <trkpt lat="43.7708130" lon="5.6606610">
    <ele>521.7</ele>
   </trkpt>
   <trkpt lat="43.7708460" lon="5.6607110">
    <ele>521.5</ele>
   </trkpt>
   <trkpt lat="43.7708810" lon="5.6607620">
    <ele>521.3</ele>
   </trkpt>
   <trkpt lat="43.7709120" lon="5.6608150">
    <ele>521.1</ele>
   </trkpt>
   <trkpt lat="43.7709460" lon="5.6608690">
    <ele>520.9</ele>
   </trkpt>
   <trkpt lat="43.7709840" lon="5.6609230">
    <ele>520.6</ele>
   </trkpt>
   <trkpt lat="43.7710190" lon="5.6609830">
    <ele>520.3</ele>
   </trkpt>
   <trkpt lat="43.7710560" lon="5.6610480">
    <ele>520.0</ele>
   </trkpt>
   <trkpt lat="43.7710950" lon="5.6611130">
    <ele>519.7</ele>
   </trkpt>
   <trkpt lat="43.7711380" lon="5.6611830">
    <ele>519.4</ele>
   </trkpt>
   <trkpt lat="43.7711800" lon="5.6612510">
    <ele>519.1</ele>
   </trkpt>
   <trkpt lat="43.7712750" lon="5.6613960">
    <ele>518.3</ele>
   </trkpt>
   <trkpt lat="43.7713190" lon="5.6614780">
    <ele>517.9</ele>
   </trkpt>
   <trkpt lat="43.7713630" lon="5.6615610">
    <ele>517.4</ele>
   </trkpt>
   <trkpt lat="43.7714030" lon="5.6616460">
    <ele>517.0</ele>
   </trkpt>
   <trkpt lat="43.7714360" lon="5.6617430">
    <ele>516.5</ele>
   </trkpt>
   <trkpt lat="43.7714560" lon="5.6618500">
    <ele>516.0</ele>
   </trkpt>
   <trkpt lat="43.7714640" lon="5.6619570">
    <ele>515.6</ele>
   </trkpt>
   <trkpt lat="43.7714550" lon="5.6620680">
    <ele>515.1</ele>
   </trkpt>
   <trkpt lat="43.7714330" lon="5.6621810">
    <ele>514.6</ele>
   </trkpt>
   <trkpt lat="43.7714060" lon="5.6622920">
    <ele>514.1</ele>
   </trkpt>
   <trkpt lat="43.7713770" lon="5.6624030">
    <ele>513.7</ele>
   </trkpt>
   <trkpt lat="43.7713580" lon="5.6625180">
    <ele>513.2</ele>
   </trkpt>
   <trkpt lat="43.7713470" lon="5.6626360">
    <ele>512.8</ele>
   </trkpt>
   <trkpt lat="43.7713390" lon="5.6627570">
    <ele>512.4</ele>
   </trkpt>
   <trkpt lat="43.7713360" lon="5.6628730">
    <ele>512.0</ele>
   </trkpt>
   <trkpt lat="43.7713420" lon="5.6629940">
    <ele>511.6</ele>
   </trkpt>
   <trkpt lat="43.7713550" lon="5.6631110">
    <ele>511.2</ele>
   </trkpt>
   <trkpt lat="43.7713840" lon="5.6632250">
    <ele>510.8</ele>
   </trkpt>
   <trkpt lat="43.7714230" lon="5.6633350">
    <ele>510.3</ele>
   </trkpt>
   <trkpt lat="43.7714730" lon="5.6634360">
    <ele>509.9</ele>
   </trkpt>
   <trkpt lat="43.7715450" lon="5.6635240">
    <ele>509.4</ele>
   </trkpt>
   <trkpt lat="43.7716280" lon="5.6635770">
    <ele>508.9</ele>
   </trkpt>
   <trkpt lat="43.7717180" lon="5.6636050">
    <ele>508.4</ele>
   </trkpt>
   <trkpt lat="43.7718150" lon="5.6636010">
    <ele>507.8</ele>
   </trkpt>
   <trkpt lat="43.7719070" lon="5.6635780">
    <ele>507.2</ele>
   </trkpt>
   <trkpt lat="43.7719980" lon="5.6635460">
    <ele>506.7</ele>
   </trkpt>
   <trkpt lat="43.7720890" lon="5.6635180">
    <ele>506.1</ele>
   </trkpt>
   <trkpt lat="43.7721760" lon="5.6634960">
    <ele>505.7</ele>
   </trkpt>
   <trkpt lat="43.7722610" lon="5.6634730">
    <ele>505.2</ele>
   </trkpt>
   <trkpt lat="43.7723420" lon="5.6634500">
    <ele>504.8</ele>
   </trkpt>
   <trkpt lat="43.7724260" lon="5.6634260">
    <ele>504.4</ele>
   </trkpt>
   <trkpt lat="43.7725130" lon="5.6634040">
    <ele>504.0</ele>
   </trkpt>
   <trkpt lat="43.7726020" lon="5.6633750">
    <ele>503.6</ele>
   </trkpt>
   <trkpt lat="43.7726870" lon="5.6633550">
    <ele>503.4</ele>
   </trkpt>
   <trkpt lat="43.7727680" lon="5.6633360">
    <ele>503.2</ele>
   </trkpt>
   <trkpt lat="43.7728490" lon="5.6633240">
    <ele>502.8</ele>
   </trkpt>
   <trkpt lat="43.7729350" lon="5.6633240">
    <ele>502.2</ele>
   </trkpt>
   <trkpt lat="43.7730260" lon="5.6633290">
    <ele>501.6</ele>
   </trkpt>
   <trkpt lat="43.7731210" lon="5.6633460">
    <ele>500.9</ele>
   </trkpt>
   <trkpt lat="43.7732160" lon="5.6633830">
    <ele>500.2</ele>
   </trkpt>
   <trkpt lat="43.7733120" lon="5.6634410">
    <ele>499.4</ele>
   </trkpt>
   <trkpt lat="43.7733970" lon="5.6635190">
    <ele>498.6</ele>
   </trkpt>
   <trkpt lat="43.7734720" lon="5.6636070">
    <ele>497.9</ele>
   </trkpt>
   <trkpt lat="43.7735400" lon="5.6636830">
    <ele>497.3</ele>
   </trkpt>
   <trkpt lat="43.7736070" lon="5.6637480">
    <ele>496.7</ele>
   </trkpt>
   <trkpt lat="43.7736690" lon="5.6637960">
    <ele>496.2</ele>
   </trkpt>
   <trkpt lat="43.7737400" lon="5.6638200">
    <ele>495.6</ele>
   </trkpt>
   <trkpt lat="43.7738100" lon="5.6638270">
    <ele>495.1</ele>
   </trkpt>
   <trkpt lat="43.7738790" lon="5.6638050">
    <ele>494.5</ele>
   </trkpt>
   <trkpt lat="43.7739490" lon="5.6637550">
    <ele>493.9</ele>
   </trkpt>
   <trkpt lat="43.7740000" lon="5.6636800">
    <ele>493.4</ele>
   </trkpt>
   <trkpt lat="43.7740480" lon="5.6635900">
    <ele>492.8</ele>
   </trkpt>
   <trkpt lat="43.7740900" lon="5.6634930">
    <ele>492.1</ele>
   </trkpt>
   <trkpt lat="43.7741390" lon="5.6633990">
    <ele>491.5</ele>
   </trkpt>
   <trkpt lat="43.7741990" lon="5.6633060">
    <ele>490.8</ele>
   </trkpt>
   <trkpt lat="43.7742690" lon="5.6632200">
    <ele>490.1</ele>
   </trkpt>
   <trkpt lat="43.7743520" lon="5.6631620">
    <ele>489.5</ele>
   </trkpt>
   <trkpt lat="43.7744320" lon="5.6631170">
    <ele>488.9</ele>
   </trkpt>
   <trkpt lat="43.7745120" lon="5.6630910">
    <ele>488.4</ele>
   </trkpt>
   <trkpt lat="43.7746070" lon="5.6630840">
    <ele>487.9</ele>
   </trkpt>
   <trkpt lat="43.7746980" lon="5.6630840">
    <ele>487.4</ele>
   </trkpt>
   <trkpt lat="43.7747810" lon="5.6630760">
    <ele>487.0</ele>
   </trkpt>
   <trkpt lat="43.7748630" lon="5.6630780">
    <ele>486.5</ele>
   </trkpt>
   <trkpt lat="43.7749450" lon="5.6630800">
    <ele>486.1</ele>
   </trkpt>
   <trkpt lat="43.7750250" lon="5.6630820">
    <ele>485.7</ele>
   </trkpt>
   <trkpt lat="43.7751040" lon="5.6630860">
    <ele>485.4</ele>
   </trkpt>
   <trkpt lat="43.7751850" lon="5.6630960">
    <ele>485.0</ele>
   </trkpt>
   <trkpt lat="43.7752660" lon="5.6631220">
    <ele>484.7</ele>
   </trkpt>
   <trkpt lat="43.7753460" lon="5.6631480">
    <ele>484.3</ele>
   </trkpt>
   <trkpt lat="43.7754290" lon="5.6631760">
    <ele>484.0</ele>
   </trkpt>
   <trkpt lat="43.7755130" lon="5.6632090">
    <ele>483.5</ele>
   </trkpt>
   <trkpt lat="43.7755980" lon="5.6632490">
    <ele>483.1</ele>
   </trkpt>
   <trkpt lat="43.7756780" lon="5.6632840">
    <ele>482.6</ele>
   </trkpt>
   <trkpt lat="43.7757590" lon="5.6633170">
    <ele>482.1</ele>
   </trkpt>
   <trkpt lat="43.7758380" lon="5.6633470">
    <ele>481.6</ele>
   </trkpt>
   <trkpt lat="43.7759170" lon="5.6633770">
    <ele>481.2</ele>
   </trkpt>
   <trkpt lat="43.7760030" lon="5.6634050">
    <ele>480.6</ele>
   </trkpt>
   <trkpt lat="43.7760880" lon="5.6634320">
    <ele>480.1</ele>
   </trkpt>
   <trkpt lat="43.7761730" lon="5.6634470">
    <ele>479.6</ele>
   </trkpt>
   <trkpt lat="43.7762690" lon="5.6634570">
    <ele>479.0</ele>
   </trkpt>
   <trkpt lat="43.7763610" lon="5.6634630">
    <ele>478.5</ele>
   </trkpt>
   <trkpt lat="43.7764520" lon="5.6634580">
    <ele>477.9</ele>
   </trkpt>
   <trkpt lat="43.7765400" lon="5.6634480">
    <ele>477.4</ele>
   </trkpt>
   <trkpt lat="43.7766310" lon="5.6634250">
    <ele>476.8</ele>
   </trkpt>
   <trkpt lat="43.7767240" lon="5.6633810">
    <ele>476.3</ele>
   </trkpt>
   <trkpt lat="43.7768220" lon="5.6633250">
    <ele>475.7</ele>
   </trkpt>
   <trkpt lat="43.7769190" lon="5.6632610">
    <ele>475.1</ele>
   </trkpt>
   <trkpt lat="43.7770140" lon="5.6632000">
    <ele>474.5</ele>
   </trkpt>
   <trkpt lat="43.7771100" lon="5.6631330">
    <ele>473.9</ele>
   </trkpt>
   <trkpt lat="43.7772070" lon="5.6630690">
    <ele>473.4</ele>
   </trkpt>
   <trkpt lat="43.7773030" lon="5.6630020">
    <ele>472.8</ele>
   </trkpt>
   <trkpt lat="43.7774010" lon="5.6629360">
    <ele>472.2</ele>
   </trkpt>
   <trkpt lat="43.7774980" lon="5.6628640">
    <ele>471.6</ele>
   </trkpt>
   <trkpt lat="43.7775890" lon="5.6627880">
    <ele>471.0</ele>
   </trkpt>
   <trkpt lat="43.7776820" lon="5.6627090">
    <ele>470.4</ele>
   </trkpt>
   <trkpt lat="43.7777770" lon="5.6626190">
    <ele>469.6</ele>
   </trkpt>
   <trkpt lat="43.7778630" lon="5.6625090">
    <ele>468.9</ele>
   </trkpt>
   <trkpt lat="43.7779480" lon="5.6624020">
    <ele>468.2</ele>
   </trkpt>
   <trkpt lat="43.7780290" lon="5.6622790">
    <ele>467.5</ele>
   </trkpt>
   <trkpt lat="43.7781110" lon="5.6621540">
    <ele>466.9</ele>
   </trkpt>
   <trkpt lat="43.7781930" lon="5.6620360">
    <ele>466.4</ele>
   </trkpt>
   <trkpt lat="43.7782820" lon="5.6619200">
    <ele>465.9</ele>
   </trkpt>
   <trkpt lat="43.7783680" lon="5.6618070">
    <ele>465.4</ele>
   </trkpt>
   <trkpt lat="43.7784560" lon="5.6616950">
    <ele>465.0</ele>
   </trkpt>
   <trkpt lat="43.7785450" lon="5.6615880">
    <ele>464.6</ele>
   </trkpt>
   <trkpt lat="43.7786300" lon="5.6614810">
    <ele>464.2</ele>
   </trkpt>
   <trkpt lat="43.7787160" lon="5.6613750">
    <ele>463.8</ele>
   </trkpt>
   <trkpt lat="43.7787950" lon="5.6612710">
    <ele>463.5</ele>
   </trkpt>
   <trkpt lat="43.7788610" lon="5.6611770">
    <ele>463.2</ele>
   </trkpt>
   <trkpt lat="43.7789180" lon="5.6610980">
    <ele>462.9</ele>
   </trkpt>
   <trkpt lat="43.7789660" lon="5.6610270">
    <ele>462.7</ele>
   </trkpt>
   <trkpt lat="43.7790110" lon="5.6609740">
    <ele>462.6</ele>
   </trkpt>
   <trkpt lat="43.7790600" lon="5.6609500">
    <ele>462.5</ele>
   </trkpt>
   <trkpt lat="43.7791050" lon="5.6609700">
    <ele>462.5</ele>
   </trkpt>
   <trkpt lat="43.7791380" lon="5.6610090">
    <ele>462.6</ele>
   </trkpt>
   <trkpt lat="43.7791580" lon="5.6610520">
    <ele>462.7</ele>
   </trkpt>
   <trkpt lat="43.7791690" lon="5.6610980">
    <ele>462.8</ele>
   </trkpt>
   <trkpt lat="43.7791840" lon="5.6611410">
    <ele>462.9</ele>
   </trkpt>
   <trkpt lat="43.7792030" lon="5.6611780">
    <ele>463.0</ele>
   </trkpt>
   <trkpt lat="43.7792180" lon="5.6612140">
    <ele>463.1</ele>
   </trkpt>
   <trkpt lat="43.7792350" lon="5.6612430">
    <ele>463.2</ele>
   </trkpt>
   <trkpt lat="43.7792570" lon="5.6612850">
    <ele>463.4</ele>
   </trkpt>
   <trkpt lat="43.7792660" lon="5.6612970">
    <ele>463.4</ele>
   </trkpt>
   <trkpt lat="43.7792990" lon="5.6613220">
    <ele>463.6</ele>
   </trkpt>
   <trkpt lat="43.7793100" lon="5.6613330">
    <ele>463.6</ele>
   </trkpt>
   <trkpt lat="43.7793390" lon="5.6613660">
    <ele>463.8</ele>
   </trkpt>
   <trkpt lat="43.7793480" lon="5.6613770">
    <ele>463.9</ele>
   </trkpt>
   <trkpt lat="43.7793640" lon="5.6613890">
    <ele>464.0</ele>
   </trkpt>
   <trkpt lat="43.7793740" lon="5.6613950">
    <ele>464.0</ele>
   </trkpt>
   <trkpt lat="43.7793920" lon="5.6614030">
    <ele>464.1</ele>
   </trkpt>
   <trkpt lat="43.7794020" lon="5.6614090">
    <ele>464.2</ele>
   </trkpt>
   <trkpt lat="43.7794120" lon="5.6614150">
    <ele>464.2</ele>
   </trkpt>
   <trkpt lat="43.7794320" lon="5.6614450">
    <ele>464.4</ele>
   </trkpt>
   <trkpt lat="43.7794400" lon="5.6614560">
    <ele>464.4</ele>
   </trkpt>
   <trkpt lat="43.7794630" lon="5.6614790">
    <ele>464.6</ele>
   </trkpt>
   <trkpt lat="43.7794710" lon="5.6614870">
    <ele>464.7</ele>
   </trkpt>
   <trkpt lat="43.7794850" lon="5.6614990">
    <ele>464.8</ele>
   </trkpt>
   <trkpt lat="43.7795010" lon="5.6615110">
    <ele>464.9</ele>
   </trkpt>
   <trkpt lat="43.7795280" lon="5.6615330">
    <ele>465.1</ele>
   </trkpt>
   <trkpt lat="43.7795360" lon="5.6615380">
    <ele>465.1</ele>
   </trkpt>
   <trkpt lat="43.7795490" lon="5.6615490">
    <ele>465.2</ele>
   </trkpt>
   <trkpt lat="43.7795600" lon="5.6615630">
    <ele>465.3</ele>
   </trkpt>
   <trkpt lat="43.7795730" lon="5.6615740">
    <ele>465.4</ele>
   </trkpt>
   <trkpt lat="43.7795900" lon="5.6615870">
    <ele>465.6</ele>
   </trkpt>
   <trkpt lat="43.7796060" lon="5.6616000">
    <ele>465.7</ele>
   </trkpt>
   <trkpt lat="43.7796200" lon="5.6616140">
    <ele>465.8</ele>
   </trkpt>
   <trkpt lat="43.7796270" lon="5.6616200">
    <ele>465.9</ele>
   </trkpt>
   <trkpt lat="43.7796300" lon="5.6616220">
    <ele>465.9</ele>
   </trkpt>
   <trkpt lat="43.7796340" lon="5.6616240">
    <ele>465.9</ele>
   </trkpt>
   <trkpt lat="43.7796380" lon="5.6616270">
    <ele>466.0</ele>
   </trkpt>
   <trkpt lat="43.7796420" lon="5.6616290">
    <ele>466.0</ele>
   </trkpt>
   <trkpt lat="43.7796450" lon="5.6616310">
    <ele>466.0</ele>
   </trkpt>
   <trkpt lat="43.7796490" lon="5.6616330">
    <ele>466.0</ele>
   </trkpt>
   <trkpt lat="43.7796530" lon="5.6616350">
    <ele>466.1</ele>
   </trkpt>
   <trkpt lat="43.7796570" lon="5.6616370">
    <ele>466.1</ele>
   </trkpt>
   <trkpt lat="43.7796600" lon="5.6616400">
    <ele>466.1</ele>
   </trkpt>
   <trkpt lat="43.7796640" lon="5.6616420">
    <ele>466.2</ele>
   </trkpt>
   <trkpt lat="43.7796680" lon="5.6616440">
    <ele>466.2</ele>
   </trkpt>
   <trkpt lat="43.7796710" lon="5.6616460">
    <ele>466.2</ele>
   </trkpt>
   <trkpt lat="43.7796750" lon="5.6616480">
    <ele>466.3</ele>
   </trkpt>
   <trkpt lat="43.7796790" lon="5.6616500">
    <ele>466.3</ele>
   </trkpt>
   <trkpt lat="43.7796830" lon="5.6616530">
    <ele>466.3</ele>
   </trkpt>
   <trkpt lat="43.7796860" lon="5.6616550">
    <ele>466.4</ele>
   </trkpt>
   <trkpt lat="43.7796900" lon="5.6616570">
    <ele>466.4</ele>
   </trkpt>
   <trkpt lat="43.7797240" lon="5.6616870">
    <ele>466.7</ele>
   </trkpt>
   <trkpt lat="43.7797350" lon="5.6616960">
    <ele>466.8</ele>
   </trkpt>
   <trkpt lat="43.7797670" lon="5.6617220">
    <ele>467.1</ele>
   </trkpt>
   <trkpt lat="43.7798000" lon="5.6617480">
    <ele>467.5</ele>
   </trkpt>
   <trkpt lat="43.7798340" lon="5.6617680">
    <ele>467.8</ele>
   </trkpt>
   <trkpt lat="43.7798680" lon="5.6617800">
    <ele>468.2</ele>
   </trkpt>
   <trkpt lat="43.7798990" lon="5.6617970">
    <ele>468.5</ele>
   </trkpt>
   <trkpt lat="43.7799260" lon="5.6618150">
    <ele>468.9</ele>
   </trkpt>
   <trkpt lat="43.7799610" lon="5.6618320">
    <ele>469.3</ele>
   </trkpt>
   <trkpt lat="43.7799720" lon="5.6618370">
    <ele>469.4</ele>
   </trkpt>
   <trkpt lat="43.7800010" lon="5.6618340">
    <ele>469.7</ele>
   </trkpt>
   <trkpt lat="43.7800280" lon="5.6618270">
    <ele>470.0</ele>
   </trkpt>
   <trkpt lat="43.7800650" lon="5.6618310">
    <ele>470.5</ele>
   </trkpt>
   <trkpt lat="43.7800770" lon="5.6618350">
    <ele>470.6</ele>
   </trkpt>
   <trkpt lat="43.7801050" lon="5.6618510">
    <ele>471.0</ele>
   </trkpt>
   <trkpt lat="43.7801340" lon="5.6618620">
    <ele>471.3</ele>
   </trkpt>
   <trkpt lat="43.7801660" lon="5.6618700">
    <ele>471.7</ele>
   </trkpt>
   <trkpt lat="43.7801970" lon="5.6618840">
    <ele>472.1</ele>
   </trkpt>
   <trkpt lat="43.7802290" lon="5.6618990">
    <ele>472.5</ele>
   </trkpt>
   <trkpt lat="43.7802630" lon="5.6619190">
    <ele>472.9</ele>
   </trkpt>
   <trkpt lat="43.7802910" lon="5.6619520">
    <ele>473.3</ele>
   </trkpt>
   <trkpt lat="43.7803180" lon="5.6619830">
    <ele>473.7</ele>
   </trkpt>
   <trkpt lat="43.7803390" lon="5.6620110">
    <ele>474.1</ele>
   </trkpt>
   <trkpt lat="43.7803660" lon="5.6620510">
    <ele>474.5</ele>
   </trkpt>
   <trkpt lat="43.7803740" lon="5.6620680">
    <ele>474.7</ele>
   </trkpt>
   <trkpt lat="43.7804010" lon="5.6621060">
    <ele>475.1</ele>
   </trkpt>
   <trkpt lat="43.7804220" lon="5.6621400">
    <ele>475.5</ele>
   </trkpt>
   <trkpt lat="43.7804500" lon="5.6621710">
    <ele>475.9</ele>
   </trkpt>
   <trkpt lat="43.7804840" lon="5.6621960">
    <ele>476.4</ele>
   </trkpt>
   <trkpt lat="43.7805220" lon="5.6622090">
    <ele>476.7</ele>
   </trkpt>
   <trkpt lat="43.7805620" lon="5.6622240">
    <ele>477.1</ele>
   </trkpt>
   <trkpt lat="43.7805980" lon="5.6622390">
    <ele>477.4</ele>
   </trkpt>
   <trkpt lat="43.7806380" lon="5.6622460">
    <ele>477.7</ele>
   </trkpt>
   <trkpt lat="43.7806760" lon="5.6622560">
    <ele>478.1</ele>
   </trkpt>
   <trkpt lat="43.7807190" lon="5.6622730">
    <ele>478.4</ele>
   </trkpt>
   <trkpt lat="43.7807590" lon="5.6622800">
    <ele>478.7</ele>
   </trkpt>
   <trkpt lat="43.7808010" lon="5.6622820">
    <ele>479.1</ele>
   </trkpt>
   <trkpt lat="43.7808370" lon="5.6622730">
    <ele>479.3</ele>
   </trkpt>
   <trkpt lat="43.7808710" lon="5.6622660">
    <ele>479.6</ele>
   </trkpt>
   <trkpt lat="43.7809040" lon="5.6622570">
    <ele>479.8</ele>
   </trkpt>
   <trkpt lat="43.7809410" lon="5.6622450">
    <ele>480.0</ele>
   </trkpt>
   <trkpt lat="43.7809760" lon="5.6622290">
    <ele>480.2</ele>
   </trkpt>
   <trkpt lat="43.7810050" lon="5.6622060">
    <ele>480.3</ele>
   </trkpt>
   <trkpt lat="43.7810380" lon="5.6621830">
    <ele>480.5</ele>
   </trkpt>
   <trkpt lat="43.7810680" lon="5.6621580">
    <ele>480.6</ele>
   </trkpt>
   <trkpt lat="43.7811040" lon="5.6621420">
    <ele>480.7</ele>
   </trkpt>
   <trkpt lat="43.7811410" lon="5.6621280">
    <ele>480.8</ele>
   </trkpt>
   <trkpt lat="43.7811820" lon="5.6621280">
    <ele>481.0</ele>
   </trkpt>
   <trkpt lat="43.7812190" lon="5.6621360">
    <ele>481.1</ele>
   </trkpt>
   <trkpt lat="43.7812570" lon="5.6621440">
    <ele>481.2</ele>
   </trkpt>
   <trkpt lat="43.7812890" lon="5.6621530">
    <ele>481.3</ele>
   </trkpt>
   <trkpt lat="43.7813170" lon="5.6621480">
    <ele>481.4</ele>
   </trkpt>
   <trkpt lat="43.7813470" lon="5.6621360">
    <ele>481.5</ele>
   </trkpt>
   <trkpt lat="43.7813780" lon="5.6621210">
    <ele>481.6</ele>
   </trkpt>
   <trkpt lat="43.7814120" lon="5.6621130">
    <ele>481.7</ele>
   </trkpt>
   <trkpt lat="43.7814470" lon="5.6621140">
    <ele>481.8</ele>
   </trkpt>
   <trkpt lat="43.7814770" lon="5.6621110">
    <ele>481.9</ele>
   </trkpt>
   <trkpt lat="43.7815090" lon="5.6621060">
    <ele>481.9</ele>
   </trkpt>
   <trkpt lat="43.7815500" lon="5.6621010">
    <ele>482.0</ele>
   </trkpt>
   <trkpt lat="43.7815640" lon="5.6621000">
    <ele>482.0</ele>
   </trkpt>
   <trkpt lat="43.7816020" lon="5.6621040">
    <ele>482.1</ele>
   </trkpt>
   <trkpt lat="43.7816130" lon="5.6621050">
    <ele>482.1</ele>
   </trkpt>
   <trkpt lat="43.7816450" lon="5.6621040">
    <ele>482.1</ele>
   </trkpt>
   <trkpt lat="43.7816570" lon="5.6621030">
    <ele>482.1</ele>
   </trkpt>
   <trkpt lat="43.7816800" lon="5.6621040">
    <ele>482.1</ele>
   </trkpt>
   <trkpt lat="43.7816880" lon="5.6621060">
    <ele>482.2</ele>
   </trkpt>
   <trkpt lat="43.7816850" lon="5.6621010">
    <ele>482.2</ele>
   </trkpt>
   <trkpt lat="43.7816820" lon="5.6620950">
    <ele>482.2</ele>
   </trkpt>
   <trkpt lat="43.7816830" lon="5.6620930">
    <ele>482.2</ele>
   </trkpt>
   <trkpt lat="43.7816830" lon="5.6620920">
    <ele>482.2</ele>
   </trkpt>
   <trkpt lat="43.7816830" lon="5.6620910">
    <ele>482.2</ele>
   </trkpt>
   <trkpt lat="43.7816830" lon="5.6620910">
    <ele>482.2</ele>
   </trkpt>
   <trkpt lat="43.7816830" lon="5.6620910">
    <ele>482.2</ele>
   </trkpt>
   <trkpt lat="43.7816830" lon="5.6620910">
    <ele>482.2</ele>
   </trkpt>
   <trkpt lat="43.7816910" lon="5.6620960">
    <ele>482.2</ele>
   </trkpt>
   <trkpt lat="43.7816990" lon="5.6620990">
    <ele>482.2</ele>
   </trkpt>
   <trkpt lat="43.7817100" lon="5.6621010">
    <ele>482.2</ele>
   </trkpt>
   <trkpt lat="43.7817170" lon="5.6621050">
    <ele>482.2</ele>
   </trkpt>
   <trkpt lat="43.7817200" lon="5.6621080">
    <ele>482.2</ele>
   </trkpt>
   <trkpt lat="43.7817180" lon="5.6621130">
    <ele>482.2</ele>
   </trkpt>
   <trkpt lat="43.7817180" lon="5.6621090">
    <ele>482.2</ele>
   </trkpt>
   <trkpt lat="43.7817180" lon="5.6621080">
    <ele>482.2</ele>
   </trkpt>
   <trkpt lat="43.7817170" lon="5.6621080">
    <ele>482.2</ele>
   </trkpt>
   <trkpt lat="43.7817170" lon="5.6621080">
    <ele>482.2</ele>
   </trkpt>
   <trkpt lat="43.7817170" lon="5.6621080">
    <ele>482.2</ele>
   </trkpt>
   <trkpt lat="43.7817170" lon="5.6621080">
    <ele>482.2</ele>
   </trkpt>
   <trkpt lat="43.7817170" lon="5.6621080">
    <ele>482.2</ele>
   </trkpt>
   <trkpt lat="43.7817170" lon="5.6621080">
    <ele>482.2</ele>
   </trkpt>
   <trkpt lat="43.7817170" lon="5.6621080">
    <ele>482.2</ele>
   </trkpt>
   <trkpt lat="43.7816970" lon="5.6620700">
    <ele>482.2</ele>
   </trkpt>
   <trkpt lat="43.7816980" lon="5.6620700">
    <ele>482.2</ele>
   </trkpt>
   <trkpt lat="43.7816980" lon="5.6620700">
    <ele>482.2</ele>
   </trkpt>
   <trkpt lat="43.7816980" lon="5.6620660">
    <ele>482.2</ele>
   </trkpt>
   <trkpt lat="43.7817020" lon="5.6620730">
    <ele>482.2</ele>
   </trkpt>
   <trkpt lat="43.7817050" lon="5.6620820">
    <ele>482.2</ele>
   </trkpt>
   <trkpt lat="43.7817060" lon="5.6620840">
    <ele>482.2</ele>
   </trkpt>
   <trkpt lat="43.7817060" lon="5.6620890">
    <ele>482.2</ele>
   </trkpt>
   <trkpt lat="43.7817060" lon="5.6620890">
    <ele>482.2</ele>
   </trkpt>
   <trkpt lat="43.7817060" lon="5.6620890">
    <ele>482.2</ele>
   </trkpt>
   <trkpt lat="43.7817060" lon="5.6620890">
    <ele>482.2</ele>
   </trkpt>
   <trkpt lat="43.7817060" lon="5.6620890">
    <ele>482.2</ele>
   </trkpt>
   <trkpt lat="43.7817060" lon="5.6620890">
    <ele>482.2</ele>
   </trkpt>
   <trkpt lat="43.7817050" lon="5.6620890">
    <ele>482.2</ele>
   </trkpt>
   <trkpt lat="43.7817050" lon="5.6620890">
    <ele>482.2</ele>
   </trkpt>
   <trkpt lat="43.7817050" lon="5.6620890">
    <ele>482.2</ele>
   </trkpt>
   <trkpt lat="43.7817050" lon="5.6620890">
    <ele>482.2</ele>
   </trkpt>
   <trkpt lat="43.7817310" lon="5.6620900">
    <ele>482.2</ele>
   </trkpt>
   <trkpt lat="43.7817400" lon="5.6620930">
    <ele>482.2</ele>
   </trkpt>
   <trkpt lat="43.7817500" lon="5.6620920">
    <ele>482.2</ele>
   </trkpt>
   <trkpt lat="43.7817570" lon="5.6620980">
    <ele>482.2</ele>
   </trkpt>
   <trkpt lat="43.7817650" lon="5.6621020">
    <ele>482.2</ele>
   </trkpt>
   <trkpt lat="43.7817840" lon="5.6620870">
    <ele>482.2</ele>
   </trkpt>
   <trkpt lat="43.7817910" lon="5.6620770">
    <ele>482.1</ele>
   </trkpt>
   <trkpt lat="43.7817990" lon="5.6620680">
    <ele>482.1</ele>
   </trkpt>
   <trkpt lat="43.7818070" lon="5.6620540">
    <ele>482.1</ele>
   </trkpt>
   <trkpt lat="43.7818440" lon="5.6620430">
    <ele>482.1</ele>
   </trkpt>
   <trkpt lat="43.7818660" lon="5.6620330">
    <ele>482.0</ele>
   </trkpt>
   <trkpt lat="43.7818780" lon="5.6620230">
    <ele>482.0</ele>
   </trkpt>
   <trkpt lat="43.7818820" lon="5.6619970">
    <ele>481.9</ele>
   </trkpt>
   <trkpt lat="43.7818870" lon="5.6619780">
    <ele>481.9</ele>
   </trkpt>
   <trkpt lat="43.7819020" lon="5.6619600">
    <ele>481.8</ele>
   </trkpt>
   <trkpt lat="43.7819290" lon="5.6619410">
    <ele>481.8</ele>
   </trkpt>
   <trkpt lat="43.7819390" lon="5.6619360">
    <ele>481.7</ele>
   </trkpt>
   <trkpt lat="43.7819720" lon="5.6619190">
    <ele>481.6</ele>
   </trkpt>
   <trkpt lat="43.7819830" lon="5.6619120">
    <ele>481.6</ele>
   </trkpt>
   <trkpt lat="43.7820150" lon="5.6618910">
    <ele>481.5</ele>
   </trkpt>
   <trkpt lat="43.7820270" lon="5.6618820">
    <ele>481.4</ele>
   </trkpt>
   <trkpt lat="43.7820570" lon="5.6618690">
    <ele>481.3</ele>
   </trkpt>
   <trkpt lat="43.7820900" lon="5.6618530">
    <ele>481.2</ele>
   </trkpt>
   <trkpt lat="43.7821240" lon="5.6618290">
    <ele>481.1</ele>
   </trkpt>
   <trkpt lat="43.7821600" lon="5.6618110">
    <ele>480.9</ele>
   </trkpt>
   <trkpt lat="43.7821970" lon="5.6617930">
    <ele>480.8</ele>
   </trkpt>
   <trkpt lat="43.7822300" lon="5.6617770">
    <ele>480.7</ele>
   </trkpt>
   <trkpt lat="43.7822680" lon="5.6617560">
    <ele>480.6</ele>
   </trkpt>
   <trkpt lat="43.7823070" lon="5.6617470">
    <ele>480.4</ele>
   </trkpt>
   <trkpt lat="43.7823500" lon="5.6617450">
    <ele>480.3</ele>
   </trkpt>
   <trkpt lat="43.7823970" lon="5.6617430">
    <ele>480.2</ele>
   </trkpt>
   <trkpt lat="43.7824470" lon="5.6617340">
    <ele>480.1</ele>
   </trkpt>
   <trkpt lat="43.7824930" lon="5.6617230">
    <ele>480.0</ele>
   </trkpt>
   <trkpt lat="43.7825360" lon="5.6617120">
    <ele>479.9</ele>
   </trkpt>
   <trkpt lat="43.7825790" lon="5.6616900">
    <ele>479.9</ele>
   </trkpt>
   <trkpt lat="43.7826290" lon="5.6616860">
    <ele>479.8</ele>
   </trkpt>
   <trkpt lat="43.7826770" lon="5.6616830">
    <ele>479.8</ele>
   </trkpt>
   <trkpt lat="43.7827320" lon="5.6616700">
    <ele>479.8</ele>
   </trkpt>
   <trkpt lat="43.7827750" lon="5.6616610">
    <ele>479.8</ele>
   </trkpt>
   <trkpt lat="43.7828170" lon="5.6616650">
    <ele>479.9</ele>
   </trkpt>
   <trkpt lat="43.7828560" lon="5.6616690">
    <ele>480.0</ele>
   </trkpt>
   <trkpt lat="43.7828930" lon="5.6616780">
    <ele>480.1</ele>
   </trkpt>
   <trkpt lat="43.7829260" lon="5.6616790">
    <ele>480.2</ele>
   </trkpt>
   <trkpt lat="43.7829630" lon="5.6616680">
    <ele>480.3</ele>
   </trkpt>
   <trkpt lat="43.7830030" lon="5.6616620">
    <ele>480.4</ele>
   </trkpt>
   <trkpt lat="43.7830410" lon="5.6616520">
    <ele>480.5</ele>
   </trkpt>
   <trkpt lat="43.7830750" lon="5.6616470">
    <ele>480.7</ele>
   </trkpt>
   <trkpt lat="43.7831110" lon="5.6616480">
    <ele>480.8</ele>
   </trkpt>
   <trkpt lat="43.7831480" lon="5.6616540">
    <ele>480.9</ele>
   </trkpt>
   <trkpt lat="43.7831830" lon="5.6616580">
    <ele>481.1</ele>
   </trkpt>
   <trkpt lat="43.7832160" lon="5.6616470">
    <ele>481.2</ele>
   </trkpt>
   <trkpt lat="43.7832520" lon="5.6616350">
    <ele>481.3</ele>
   </trkpt>
   <trkpt lat="43.7832880" lon="5.6616310">
    <ele>481.5</ele>
   </trkpt>
   <trkpt lat="43.7833250" lon="5.6616340">
    <ele>481.6</ele>
   </trkpt>
   <trkpt lat="43.7833590" lon="5.6616300">
    <ele>481.8</ele>
   </trkpt>
   <trkpt lat="43.7833950" lon="5.6616210">
    <ele>481.9</ele>
   </trkpt>
   <trkpt lat="43.7834300" lon="5.6616150">
    <ele>482.1</ele>
   </trkpt>
   <trkpt lat="43.7834610" lon="5.6616130">
    <ele>482.2</ele>
   </trkpt>
   <trkpt lat="43.7834960" lon="5.6616040">
    <ele>482.3</ele>
   </trkpt>
   <trkpt lat="43.7835290" lon="5.6615960">
    <ele>482.5</ele>
   </trkpt>
   <trkpt lat="43.7835620" lon="5.6615850">
    <ele>482.6</ele>
   </trkpt>
   <trkpt lat="43.7835980" lon="5.6615730">
    <ele>482.8</ele>
   </trkpt>
   <trkpt lat="43.7836320" lon="5.6615560">
    <ele>482.9</ele>
   </trkpt>
   <trkpt lat="43.7836650" lon="5.6615350">
    <ele>483.0</ele>
   </trkpt>
   <trkpt lat="43.7837010" lon="5.6615140">
    <ele>483.1</ele>
   </trkpt>
   <trkpt lat="43.7837420" lon="5.6614880">
    <ele>483.2</ele>
   </trkpt>
   <trkpt lat="43.7837800" lon="5.6614740">
    <ele>483.3</ele>
   </trkpt>
   <trkpt lat="43.7838180" lon="5.6614590">
    <ele>483.4</ele>
   </trkpt>
   <trkpt lat="43.7838520" lon="5.6614500">
    <ele>483.4</ele>
   </trkpt>
   <trkpt lat="43.7838900" lon="5.6614280">
    <ele>483.5</ele>
   </trkpt>
   <trkpt lat="43.7839340" lon="5.6614010">
    <ele>483.6</ele>
   </trkpt>
   <trkpt lat="43.7839730" lon="5.6613760">
    <ele>483.6</ele>
   </trkpt>
   <trkpt lat="43.7840120" lon="5.6613480">
    <ele>483.7</ele>
   </trkpt>
   <trkpt lat="43.7840520" lon="5.6613280">
    <ele>483.7</ele>
   </trkpt>
   <trkpt lat="43.7840920" lon="5.6613050">
    <ele>483.8</ele>
   </trkpt>
   <trkpt lat="43.7841320" lon="5.6612800">
    <ele>483.9</ele>
   </trkpt>
   <trkpt lat="43.7841740" lon="5.6612600">
    <ele>484.0</ele>
   </trkpt>
   <trkpt lat="43.7842150" lon="5.6612380">
    <ele>484.1</ele>
   </trkpt>
   <trkpt lat="43.7842560" lon="5.6612150">
    <ele>484.3</ele>
   </trkpt>
   <trkpt lat="43.7842940" lon="5.6611870">
    <ele>484.4</ele>
   </trkpt>
   <trkpt lat="43.7843320" lon="5.6611610">
    <ele>484.6</ele>
   </trkpt>
   <trkpt lat="43.7843730" lon="5.6611390">
    <ele>484.8</ele>
   </trkpt>
   <trkpt lat="43.7844090" lon="5.6611160">
    <ele>485.0</ele>
   </trkpt>
   <trkpt lat="43.7844520" lon="5.6610900">
    <ele>485.2</ele>
   </trkpt>
   <trkpt lat="43.7844970" lon="5.6610680">
    <ele>485.5</ele>
   </trkpt>
   <trkpt lat="43.7845370" lon="5.6610410">
    <ele>485.8</ele>
   </trkpt>
   <trkpt lat="43.7845740" lon="5.6610130">
    <ele>486.0</ele>
   </trkpt>
   <trkpt lat="43.7846090" lon="5.6609880">
    <ele>486.2</ele>
   </trkpt>
   <trkpt lat="43.7846450" lon="5.6609670">
    <ele>486.5</ele>
   </trkpt>
   <trkpt lat="43.7846790" lon="5.6609440">
    <ele>486.7</ele>
   </trkpt>
   <trkpt lat="43.7847170" lon="5.6609260">
    <ele>487.0</ele>
   </trkpt>
   <trkpt lat="43.7847510" lon="5.6609150">
    <ele>487.2</ele>
   </trkpt>
   <trkpt lat="43.7847850" lon="5.6608940">
    <ele>487.5</ele>
   </trkpt>
   <trkpt lat="43.7848140" lon="5.6608730">
    <ele>487.7</ele>
   </trkpt>
   <trkpt lat="43.7848430" lon="5.6608510">
    <ele>488.0</ele>
   </trkpt>
   <trkpt lat="43.7848720" lon="5.6608310">
    <ele>488.2</ele>
   </trkpt>
   <trkpt lat="43.7849000" lon="5.6608090">
    <ele>488.4</ele>
   </trkpt>
   <trkpt lat="43.7849340" lon="5.6607840">
    <ele>488.7</ele>
   </trkpt>
   <trkpt lat="43.7849650" lon="5.6607650">
    <ele>488.9</ele>
   </trkpt>
   <trkpt lat="43.7849940" lon="5.6607460">
    <ele>489.1</ele>
   </trkpt>
   <trkpt lat="43.7850240" lon="5.6607290">
    <ele>489.3</ele>
   </trkpt>
   <trkpt lat="43.7850480" lon="5.6607100">
    <ele>489.4</ele>
   </trkpt>
   <trkpt lat="43.7850720" lon="5.6606850">
    <ele>489.5</ele>
   </trkpt>
   <trkpt lat="43.7850960" lon="5.6606630">
    <ele>489.6</ele>
   </trkpt>
   <trkpt lat="43.7851260" lon="5.6606410">
    <ele>489.7</ele>
   </trkpt>
   <trkpt lat="43.7851530" lon="5.6606170">
    <ele>489.8</ele>
   </trkpt>
   <trkpt lat="43.7851790" lon="5.6605940">
    <ele>489.9</ele>
   </trkpt>
   <trkpt lat="43.7852050" lon="5.6605670">
    <ele>489.9</ele>
   </trkpt>
   <trkpt lat="43.7852340" lon="5.6605400">
    <ele>489.9</ele>
   </trkpt>
   <trkpt lat="43.7852640" lon="5.6605160">
    <ele>489.8</ele>
   </trkpt>
   <trkpt lat="43.7852940" lon="5.6604910">
    <ele>489.8</ele>
   </trkpt>
   <trkpt lat="43.7853330" lon="5.6604530">
    <ele>489.7</ele>
   </trkpt>
   <trkpt lat="43.7853740" lon="5.6604200">
    <ele>489.7</ele>
   </trkpt>
   <trkpt lat="43.7854150" lon="5.6603860">
    <ele>489.6</ele>
   </trkpt>
   <trkpt lat="43.7854580" lon="5.6603480">
    <ele>489.5</ele>
   </trkpt>
   <trkpt lat="43.7855010" lon="5.6603180">
    <ele>489.4</ele>
   </trkpt>
   <trkpt lat="43.7855390" lon="5.6602870">
    <ele>489.2</ele>
   </trkpt>
   <trkpt lat="43.7855810" lon="5.6602630">
    <ele>488.9</ele>
   </trkpt>
   <trkpt lat="43.7856200" lon="5.6602260">
    <ele>488.6</ele>
   </trkpt>
   <trkpt lat="43.7856510" lon="5.6601750">
    <ele>488.2</ele>
   </trkpt>
   <trkpt lat="43.7856590" lon="5.6601160">
    <ele>487.9</ele>
   </trkpt>
   <trkpt lat="43.7856520" lon="5.6600510">
    <ele>487.5</ele>
   </trkpt>
   <trkpt lat="43.7856360" lon="5.6599800">
    <ele>487.1</ele>
   </trkpt>
   <trkpt lat="43.7856080" lon="5.6599260">
    <ele>486.8</ele>
   </trkpt>
   <trkpt lat="43.7855630" lon="5.6598660">
    <ele>486.3</ele>
   </trkpt>
   <trkpt lat="43.7855240" lon="5.6598190">
    <ele>485.9</ele>
   </trkpt>
   <trkpt lat="43.7854860" lon="5.6597790">
    <ele>485.5</ele>
   </trkpt>
   <trkpt lat="43.7854510" lon="5.6597400">
    <ele>485.1</ele>
   </trkpt>
   <trkpt lat="43.7854310" lon="5.6597010">
    <ele>484.8</ele>
   </trkpt>
   <trkpt lat="43.7854460" lon="5.6596460">
    <ele>484.4</ele>
   </trkpt>
   <trkpt lat="43.7854750" lon="5.6596100">
    <ele>484.0</ele>
   </trkpt>
   <trkpt lat="43.7855160" lon="5.6595970">
    <ele>483.5</ele>
   </trkpt>
   <trkpt lat="43.7855570" lon="5.6596090">
    <ele>483.0</ele>
   </trkpt>
   <trkpt lat="43.7855950" lon="5.6596050">
    <ele>482.6</ele>
   </trkpt>
   <trkpt lat="43.7856420" lon="5.6595940">
    <ele>482.0</ele>
   </trkpt>
   <trkpt lat="43.7856830" lon="5.6595760">
    <ele>481.5</ele>
   </trkpt>
   <trkpt lat="43.7857440" lon="5.6595450">
    <ele>480.8</ele>
   </trkpt>
   <trkpt lat="43.7858050" lon="5.6595210">
    <ele>480.1</ele>
   </trkpt>
   <trkpt lat="43.7858680" lon="5.6594980">
    <ele>479.4</ele>
   </trkpt>
   <trkpt lat="43.7859350" lon="5.6594700">
    <ele>478.7</ele>
   </trkpt>
   <trkpt lat="43.7860070" lon="5.6594380">
    <ele>478.1</ele>
   </trkpt>
   <trkpt lat="43.7860810" lon="5.6594030">
    <ele>477.5</ele>
   </trkpt>
   <trkpt lat="43.7861420" lon="5.6593730">
    <ele>477.0</ele>
   </trkpt>
   <trkpt lat="43.7862040" lon="5.6593480">
    <ele>476.5</ele>
   </trkpt>
   <trkpt lat="43.7862600" lon="5.6593240">
    <ele>476.1</ele>
   </trkpt>
   <trkpt lat="43.7863140" lon="5.6592950">
    <ele>475.7</ele>
   </trkpt>
   <trkpt lat="43.7863660" lon="5.6592790">
    <ele>475.3</ele>
   </trkpt>
   <trkpt lat="43.7864150" lon="5.6592670">
    <ele>475.0</ele>
   </trkpt>
   <trkpt lat="43.7864550" lon="5.6592530">
    <ele>474.8</ele>
   </trkpt>
   <trkpt lat="43.7864890" lon="5.6592330">
    <ele>474.5</ele>
   </trkpt>
   <trkpt lat="43.7865230" lon="5.6592160">
    <ele>474.3</ele>
   </trkpt>
   <trkpt lat="43.7865570" lon="5.6591990">
    <ele>474.1</ele>
   </trkpt>
   <trkpt lat="43.7865840" lon="5.6591870">
    <ele>474.0</ele>
   </trkpt>
   <trkpt lat="43.7866160" lon="5.6591740">
    <ele>473.8</ele>
   </trkpt>
   <trkpt lat="43.7866260" lon="5.6591690">
    <ele>473.8</ele>
   </trkpt>
   <trkpt lat="43.7866580" lon="5.6591520">
    <ele>473.6</ele>
   </trkpt>
   <trkpt lat="43.7866690" lon="5.6591450">
    <ele>473.5</ele>
   </trkpt>
   <trkpt lat="43.7866980" lon="5.6591350">
    <ele>473.4</ele>
   </trkpt>
   <trkpt lat="43.7867290" lon="5.6591210">
    <ele>473.2</ele>
   </trkpt>
   <trkpt lat="43.7867580" lon="5.6591140">
    <ele>473.1</ele>
   </trkpt>
   <trkpt lat="43.7867930" lon="5.6591120">
    <ele>473.0</ele>
   </trkpt>
   <trkpt lat="43.7868010" lon="5.6591110">
    <ele>472.9</ele>
   </trkpt>
   <trkpt lat="43.7868010" lon="5.6590930">
    <ele>472.9</ele>
   </trkpt>
   <trkpt lat="43.7867810" lon="5.6590700">
    <ele>472.8</ele>
   </trkpt>
   <trkpt lat="43.7867470" lon="5.6590950">
    <ele>472.8</ele>
   </trkpt>
   <trkpt lat="43.7867370" lon="5.6591060">
    <ele>472.7</ele>
   </trkpt>
   <trkpt lat="43.7867220" lon="5.6591190">
    <ele>472.7</ele>
   </trkpt>
   <trkpt lat="43.7867170" lon="5.6591200">
    <ele>472.7</ele>
   </trkpt>
   <trkpt lat="43.7867110" lon="5.6591290">
    <ele>472.7</ele>
   </trkpt>
   <trkpt lat="43.7867090" lon="5.6591300">
    <ele>472.7</ele>
   </trkpt>
   <trkpt lat="43.7867090" lon="5.6591260">
    <ele>472.7</ele>
   </trkpt>
   <trkpt lat="43.7867080" lon="5.6591240">
    <ele>472.7</ele>
   </trkpt>
   <trkpt lat="43.7867080" lon="5.6591230">
    <ele>472.7</ele>
   </trkpt>
   <trkpt lat="43.7867080" lon="5.6591230">
    <ele>472.7</ele>
   </trkpt>
   <trkpt lat="43.7867080" lon="5.6591230">
    <ele>472.7</ele>
   </trkpt>
   <trkpt lat="43.7867080" lon="5.6591230">
    <ele>472.7</ele>
   </trkpt>
   <trkpt lat="43.7867080" lon="5.6591230">
    <ele>472.7</ele>
   </trkpt>
   <trkpt lat="43.7867080" lon="5.6591230">
    <ele>472.7</ele>
   </trkpt>
   <trkpt lat="43.7867400" lon="5.6591540">
    <ele>472.7</ele>
   </trkpt>
   <trkpt lat="43.7867670" lon="5.6591580">
    <ele>472.7</ele>
   </trkpt>
   <trkpt lat="43.7868050" lon="5.6591930">
    <ele>472.6</ele>
   </trkpt>
   <trkpt lat="43.7868420" lon="5.6592340">
    <ele>472.6</ele>
   </trkpt>
   <trkpt lat="43.7868650" lon="5.6592830">
    <ele>472.5</ele>
   </trkpt>
   <trkpt lat="43.7868810" lon="5.6593470">
    <ele>472.4</ele>
   </trkpt>
   <trkpt lat="43.7869020" lon="5.6594110">
    <ele>472.3</ele>
   </trkpt>
   <trkpt lat="43.7869280" lon="5.6594760">
    <ele>472.2</ele>
   </trkpt>
   <trkpt lat="43.7869570" lon="5.6595420">
    <ele>472.0</ele>
   </trkpt>
   <trkpt lat="43.7869850" lon="5.6595970">
    <ele>471.9</ele>
   </trkpt>
   <trkpt lat="43.7870160" lon="5.6596530">
    <ele>471.8</ele>
   </trkpt>
   <trkpt lat="43.7870550" lon="5.6597180">
    <ele>471.6</ele>
   </trkpt>
   <trkpt lat="43.7870930" lon="5.6597760">
    <ele>471.5</ele>
   </trkpt>
   <trkpt lat="43.7871330" lon="5.6598350">
    <ele>471.3</ele>
   </trkpt>
   <trkpt lat="43.7871740" lon="5.6598930">
    <ele>471.2</ele>
   </trkpt>
   <trkpt lat="43.7874740" lon="5.6603480">
    <ele>470.0</ele>
   </trkpt>
   <trkpt lat="43.7875010" lon="5.6604020">
    <ele>469.9</ele>
   </trkpt>
   <trkpt lat="43.7875290" lon="5.6604550">
    <ele>469.8</ele>
   </trkpt>
   <trkpt lat="43.7875690" lon="5.6605420">
    <ele>469.6</ele>
   </trkpt>
   <trkpt lat="43.7876080" lon="5.6606250">
    <ele>469.4</ele>
   </trkpt>
   <trkpt lat="43.7876410" lon="5.6607180">
    <ele>469.2</ele>
   </trkpt>
   <trkpt lat="43.7876610" lon="5.6608020">
    <ele>469.1</ele>
   </trkpt>
   <trkpt lat="43.7876910" lon="5.6608920">
    <ele>468.9</ele>
   </trkpt>
   <trkpt lat="43.7877160" lon="5.6609860">
    <ele>468.7</ele>
   </trkpt>
   <trkpt lat="43.7877360" lon="5.6610820">
    <ele>468.5</ele>
   </trkpt>
   <trkpt lat="43.7877540" lon="5.6611820">
    <ele>468.3</ele>
   </trkpt>
   <trkpt lat="43.7877680" lon="5.6612770">
    <ele>468.1</ele>
   </trkpt>
   <trkpt lat="43.7877760" lon="5.6613740">
    <ele>467.9</ele>
   </trkpt>
   <trkpt lat="43.7877820" lon="5.6614640">
    <ele>467.8</ele>
   </trkpt>
   <trkpt lat="43.7877790" lon="5.6615530">
    <ele>467.6</ele>
   </trkpt>
   <trkpt lat="43.7877750" lon="5.6616500">
    <ele>467.5</ele>
   </trkpt>
   <trkpt lat="43.7877700" lon="5.6617540">
    <ele>467.3</ele>
   </trkpt>
   <trkpt lat="43.7877640" lon="5.6618480">
    <ele>467.2</ele>
   </trkpt>
   <trkpt lat="43.7877540" lon="5.6619370">
    <ele>467.1</ele>
   </trkpt>
   <trkpt lat="43.7877370" lon="5.6620260">
    <ele>466.9</ele>
   </trkpt>
   <trkpt lat="43.7877190" lon="5.6621250">
    <ele>466.7</ele>
   </trkpt>
   <trkpt lat="43.7877050" lon="5.6622260">
    <ele>466.4</ele>
   </trkpt>
   <trkpt lat="43.7876880" lon="5.6623290">
    <ele>466.2</ele>
   </trkpt>
   <trkpt lat="43.7876740" lon="5.6624510">
    <ele>466.0</ele>
   </trkpt>
   <trkpt lat="43.7876570" lon="5.6625780">
    <ele>465.7</ele>
   </trkpt>
   <trkpt lat="43.7876470" lon="5.6626880">
    <ele>465.4</ele>
   </trkpt>
   <trkpt lat="43.7876280" lon="5.6627910">
    <ele>465.2</ele>
   </trkpt>
   <trkpt lat="43.7876170" lon="5.6629020">
    <ele>465.0</ele>
   </trkpt>
   <trkpt lat="43.7875940" lon="5.6630160">
    <ele>464.7</ele>
   </trkpt>
   <trkpt lat="43.7875660" lon="5.6631240">
    <ele>464.5</ele>
   </trkpt>
   <trkpt lat="43.7875500" lon="5.6632410">
    <ele>464.3</ele>
   </trkpt>
   <trkpt lat="43.7875240" lon="5.6634140">
    <ele>464.0</ele>
   </trkpt>
   <trkpt lat="43.7875150" lon="5.6634700">
    <ele>463.9</ele>
   </trkpt>
   <trkpt lat="43.7874970" lon="5.6635890">
    <ele>463.7</ele>
   </trkpt>
   <trkpt lat="43.7874810" lon="5.6637030">
    <ele>463.4</ele>
   </trkpt>
   <trkpt lat="43.7874660" lon="5.6638720">
    <ele>463.0</ele>
   </trkpt>
   <trkpt lat="43.7874630" lon="5.6639310">
    <ele>462.9</ele>
   </trkpt>
   <trkpt lat="43.7874460" lon="5.6640420">
    <ele>462.7</ele>
   </trkpt>
   <trkpt lat="43.7874260" lon="5.6641510">
    <ele>462.5</ele>
   </trkpt>
   <trkpt lat="43.7874070" lon="5.6642550">
    <ele>462.3</ele>
   </trkpt>
   <trkpt lat="43.7873880" lon="5.6643660">
    <ele>462.0</ele>
   </trkpt>
   <trkpt lat="43.7873700" lon="5.6644730">
    <ele>461.8</ele>
   </trkpt>
   <trkpt lat="43.7873540" lon="5.6645760">
    <ele>461.7</ele>
   </trkpt>
   <trkpt lat="43.7873380" lon="5.6646770">
    <ele>461.4</ele>
   </trkpt>
   <trkpt lat="43.7873220" lon="5.6647780">
    <ele>461.2</ele>
   </trkpt>
   <trkpt lat="43.7873060" lon="5.6648820">
    <ele>461.0</ele>
   </trkpt>
   <trkpt lat="43.7872910" lon="5.6649840">
    <ele>460.7</ele>
   </trkpt>
   <trkpt lat="43.7872740" lon="5.6650870">
    <ele>460.5</ele>
   </trkpt>
   <trkpt lat="43.7872610" lon="5.6651940">
    <ele>460.2</ele>
   </trkpt>
   <trkpt lat="43.7872460" lon="5.6653140">
    <ele>459.9</ele>
   </trkpt>
   <trkpt lat="43.7872330" lon="5.6654200">
    <ele>459.7</ele>
   </trkpt>
   <trkpt lat="43.7872180" lon="5.6655300">
    <ele>459.5</ele>
   </trkpt>
   <trkpt lat="43.7872000" lon="5.6656560">
    <ele>459.3</ele>
   </trkpt>
   <trkpt lat="43.7871800" lon="5.6657830">
    <ele>459.0</ele>
   </trkpt>
   <trkpt lat="43.7871540" lon="5.6659080">
    <ele>458.7</ele>
   </trkpt>
   <trkpt lat="43.7871360" lon="5.6660270">
    <ele>458.5</ele>
   </trkpt>
   <trkpt lat="43.7871130" lon="5.6661440">
    <ele>458.2</ele>
   </trkpt>
   <trkpt lat="43.7870890" lon="5.6662630">
    <ele>457.9</ele>
   </trkpt>
   <trkpt lat="43.7870650" lon="5.6663910">
    <ele>457.7</ele>
   </trkpt>
   <trkpt lat="43.7870480" lon="5.6665190">
    <ele>457.4</ele>
   </trkpt>
   <trkpt lat="43.7870280" lon="5.6666590">
    <ele>457.1</ele>
   </trkpt>
   <trkpt lat="43.7870050" lon="5.6667960">
    <ele>456.8</ele>
   </trkpt>
   <trkpt lat="43.7869870" lon="5.6669230">
    <ele>456.6</ele>
   </trkpt>
   <trkpt lat="43.7869620" lon="5.6670750">
    <ele>456.2</ele>
   </trkpt>
   <trkpt lat="43.7869390" lon="5.6672170">
    <ele>455.9</ele>
   </trkpt>
   <trkpt lat="43.7869130" lon="5.6673500">
    <ele>455.6</ele>
   </trkpt>
   <trkpt lat="43.7868920" lon="5.6674900">
    <ele>455.3</ele>
   </trkpt>
   <trkpt lat="43.7868710" lon="5.6676320">
    <ele>455.0</ele>
   </trkpt>
   <trkpt lat="43.7868530" lon="5.6677760">
    <ele>454.7</ele>
   </trkpt>
   <trkpt lat="43.7868170" lon="5.6680690">
    <ele>453.9</ele>
   </trkpt>
   <trkpt lat="43.7867920" lon="5.6683610">
    <ele>453.1</ele>
   </trkpt>
   <trkpt lat="43.7867790" lon="5.6685070">
    <ele>452.8</ele>
   </trkpt>
   <trkpt lat="43.7867600" lon="5.6686460">
    <ele>452.5</ele>
   </trkpt>
   <trkpt lat="43.7867410" lon="5.6687840">
    <ele>452.2</ele>
   </trkpt>
   <trkpt lat="43.7867220" lon="5.6689200">
    <ele>451.9</ele>
   </trkpt>
   <trkpt lat="43.7867130" lon="5.6690550">
    <ele>451.6</ele>
   </trkpt>
   <trkpt lat="43.7867030" lon="5.6691900">
    <ele>451.3</ele>
   </trkpt>
   <trkpt lat="43.7866910" lon="5.6693240">
    <ele>451.0</ele>
   </trkpt>
   <trkpt lat="43.7866780" lon="5.6694630">
    <ele>450.7</ele>
   </trkpt>
   <trkpt lat="43.7866650" lon="5.6695990">
    <ele>450.4</ele>
   </trkpt>
   <trkpt lat="43.7866500" lon="5.6697300">
    <ele>450.1</ele>
   </trkpt>
   <trkpt lat="43.7866340" lon="5.6698700">
    <ele>449.7</ele>
   </trkpt>
   <trkpt lat="43.7866210" lon="5.6700100">
    <ele>449.4</ele>
   </trkpt>
   <trkpt lat="43.7866120" lon="5.6701460">
    <ele>449.1</ele>
   </trkpt>
   <trkpt lat="43.7865990" lon="5.6702820">
    <ele>448.7</ele>
   </trkpt>
   <trkpt lat="43.7865830" lon="5.6704210">
    <ele>448.3</ele>
   </trkpt>
   <trkpt lat="43.7865710" lon="5.6705530">
    <ele>447.8</ele>
   </trkpt>
   <trkpt lat="43.7865580" lon="5.6706980">
    <ele>447.3</ele>
   </trkpt>
   <trkpt lat="43.7865460" lon="5.6708370">
    <ele>446.8</ele>
   </trkpt>
   <trkpt lat="43.7865330" lon="5.6709760">
    <ele>446.3</ele>
   </trkpt>
   <trkpt lat="43.7865280" lon="5.6711190">
    <ele>445.8</ele>
   </trkpt>
   <trkpt lat="43.7865310" lon="5.6712730">
    <ele>445.2</ele>
   </trkpt>
   <trkpt lat="43.7865500" lon="5.6714320">
    <ele>444.7</ele>
   </trkpt>
   <trkpt lat="43.7865670" lon="5.6715940">
    <ele>444.1</ele>
   </trkpt>
   <trkpt lat="43.7865810" lon="5.6717590">
    <ele>443.6</ele>
   </trkpt>
   <trkpt lat="43.7865980" lon="5.6719280">
    <ele>443.1</ele>
   </trkpt>
   <trkpt lat="43.7866270" lon="5.6722730">
    <ele>442.1</ele>
   </trkpt>
   <trkpt lat="43.7866450" lon="5.6724500">
    <ele>441.6</ele>
   </trkpt>
   <trkpt lat="43.7866670" lon="5.6726250">
    <ele>441.1</ele>
   </trkpt>
   <trkpt lat="43.7866940" lon="5.6727980">
    <ele>440.5</ele>
   </trkpt>
   <trkpt lat="43.7867170" lon="5.6729660">
    <ele>440.0</ele>
   </trkpt>
   <trkpt lat="43.7867370" lon="5.6731440">
    <ele>439.5</ele>
   </trkpt>
   <trkpt lat="43.7867550" lon="5.6733200">
    <ele>438.9</ele>
   </trkpt>
   <trkpt lat="43.7867710" lon="5.6734910">
    <ele>438.3</ele>
   </trkpt>
   <trkpt lat="43.7867930" lon="5.6736600">
    <ele>437.7</ele>
   </trkpt>
   <trkpt lat="43.7868170" lon="5.6738360">
    <ele>437.1</ele>
   </trkpt>
   <trkpt lat="43.7868350" lon="5.6740110">
    <ele>436.4</ele>
   </trkpt>
   <trkpt lat="43.7868670" lon="5.6743560">
    <ele>435.2</ele>
   </trkpt>
   <trkpt lat="43.7869060" lon="5.6746860">
    <ele>434.1</ele>
   </trkpt>
   <trkpt lat="43.7869270" lon="5.6748530">
    <ele>433.5</ele>
   </trkpt>
   <trkpt lat="43.7869450" lon="5.6750210">
    <ele>432.9</ele>
   </trkpt>
   <trkpt lat="43.7869600" lon="5.6751900">
    <ele>432.4</ele>
   </trkpt>
   <trkpt lat="43.7869750" lon="5.6753550">
    <ele>431.8</ele>
   </trkpt>
   <trkpt lat="43.7869920" lon="5.6755150">
    <ele>431.3</ele>
   </trkpt>
   <trkpt lat="43.7870070" lon="5.6756870">
    <ele>430.7</ele>
   </trkpt>
   <trkpt lat="43.7870200" lon="5.6758580">
    <ele>430.2</ele>
   </trkpt>
   <trkpt lat="43.7870380" lon="5.6760210">
    <ele>429.6</ele>
   </trkpt>
   <trkpt lat="43.7870590" lon="5.6761890">
    <ele>429.1</ele>
   </trkpt>
   <trkpt lat="43.7870770" lon="5.6763590">
    <ele>428.5</ele>
   </trkpt>
   <trkpt lat="43.7870900" lon="5.6765300">
    <ele>428.0</ele>
   </trkpt>
   <trkpt lat="43.7871060" lon="5.6766870">
    <ele>427.6</ele>
   </trkpt>
   <trkpt lat="43.7871310" lon="5.6768490">
    <ele>427.1</ele>
   </trkpt>
   <trkpt lat="43.7871560" lon="5.6770070">
    <ele>426.6</ele>
   </trkpt>
   <trkpt lat="43.7871730" lon="5.6771750">
    <ele>426.1</ele>
   </trkpt>
   <trkpt lat="43.7871940" lon="5.6773510">
    <ele>425.6</ele>
   </trkpt>
   <trkpt lat="43.7872160" lon="5.6775280">
    <ele>425.1</ele>
   </trkpt>
   <trkpt lat="43.7872390" lon="5.6777020">
    <ele>424.6</ele>
   </trkpt>
   <trkpt lat="43.7872630" lon="5.6778820">
    <ele>424.0</ele>
   </trkpt>
   <trkpt lat="43.7872860" lon="5.6780710">
    <ele>423.5</ele>
   </trkpt>
   <trkpt lat="43.7873080" lon="5.6782570">
    <ele>423.0</ele>
   </trkpt>
   <trkpt lat="43.7873320" lon="5.6784370">
    <ele>422.4</ele>
   </trkpt>
   <trkpt lat="43.7873680" lon="5.6786150">
    <ele>421.8</ele>
   </trkpt>
   <trkpt lat="43.7874140" lon="5.6787890">
    <ele>421.2</ele>
   </trkpt>
   <trkpt lat="43.7874660" lon="5.6789580">
    <ele>420.6</ele>
   </trkpt>
   <trkpt lat="43.7875230" lon="5.6791220">
    <ele>419.9</ele>
   </trkpt>
   <trkpt lat="43.7875840" lon="5.6792780">
    <ele>419.2</ele>
   </trkpt>
   <trkpt lat="43.7876420" lon="5.6794350">
    <ele>418.5</ele>
   </trkpt>
   <trkpt lat="43.7877030" lon="5.6795990">
    <ele>417.9</ele>
   </trkpt>
   <trkpt lat="43.7877630" lon="5.6797620">
    <ele>417.2</ele>
   </trkpt>
   <trkpt lat="43.7878230" lon="5.6799210">
    <ele>416.6</ele>
   </trkpt>
   <trkpt lat="43.7878850" lon="5.6800780">
    <ele>416.0</ele>
   </trkpt>
   <trkpt lat="43.7879490" lon="5.6802390">
    <ele>415.4</ele>
   </trkpt>
   <trkpt lat="43.7880120" lon="5.6804010">
    <ele>415.0</ele>
   </trkpt>
   <trkpt lat="43.7880710" lon="5.6805670">
    <ele>414.6</ele>
   </trkpt>
   <trkpt lat="43.7881330" lon="5.6807230">
    <ele>414.0</ele>
   </trkpt>
   <trkpt lat="43.7881850" lon="5.6808720">
    <ele>413.3</ele>
   </trkpt>
   <trkpt lat="43.7882490" lon="5.6810200">
    <ele>412.6</ele>
   </trkpt>
   <trkpt lat="43.7883100" lon="5.6811840">
    <ele>411.7</ele>
   </trkpt>
   <trkpt lat="43.7883780" lon="5.6813600">
    <ele>410.8</ele>
   </trkpt>
   <trkpt lat="43.7884270" lon="5.6815230">
    <ele>410.1</ele>
   </trkpt>
   <trkpt lat="43.7884760" lon="5.6816750">
    <ele>410.0</ele>
   </trkpt>
   <trkpt lat="43.7885370" lon="5.6818230">
    <ele>409.5</ele>
   </trkpt>
   <trkpt lat="43.7886040" lon="5.6819780">
    <ele>408.5</ele>
   </trkpt>
   <trkpt lat="43.7886650" lon="5.6821360">
    <ele>407.5</ele>
   </trkpt>
   <trkpt lat="43.7887260" lon="5.6823000">
    <ele>406.5</ele>
   </trkpt>
   <trkpt lat="43.7888520" lon="5.6826250">
    <ele>404.5</ele>
   </trkpt>
   <trkpt lat="43.7889100" lon="5.6827890">
    <ele>403.5</ele>
   </trkpt>
   <trkpt lat="43.7889760" lon="5.6829470">
    <ele>402.8</ele>
   </trkpt>
   <trkpt lat="43.7890540" lon="5.6830860">
    <ele>402.2</ele>
   </trkpt>
   <trkpt lat="43.7891380" lon="5.6832220">
    <ele>401.6</ele>
   </trkpt>
   <trkpt lat="43.7892330" lon="5.6833280">
    <ele>401.1</ele>
   </trkpt>
   <trkpt lat="43.7893540" lon="5.6833860">
    <ele>400.5</ele>
   </trkpt>
   <trkpt lat="43.7894820" lon="5.6834180">
    <ele>400.2</ele>
   </trkpt>
   <trkpt lat="43.7896090" lon="5.6834530">
    <ele>400.0</ele>
   </trkpt>
   <trkpt lat="43.7897350" lon="5.6834850">
    <ele>399.8</ele>
   </trkpt>
   <trkpt lat="43.7898590" lon="5.6835350">
    <ele>399.9</ele>
   </trkpt>
   <trkpt lat="43.7899740" lon="5.6836100">
    <ele>400.1</ele>
   </trkpt>
   <trkpt lat="43.7900640" lon="5.6837060">
    <ele>400.4</ele>
   </trkpt>
   <trkpt lat="43.7901240" lon="5.6838280">
    <ele>400.8</ele>
   </trkpt>
   <trkpt lat="43.7901720" lon="5.6839570">
    <ele>401.2</ele>
   </trkpt>
   <trkpt lat="43.7901990" lon="5.6840850">
    <ele>401.6</ele>
   </trkpt>
   <trkpt lat="43.7902060" lon="5.6842160">
    <ele>402.0</ele>
   </trkpt>
   <trkpt lat="43.7901950" lon="5.6843430">
    <ele>402.6</ele>
   </trkpt>
   <trkpt lat="43.7901790" lon="5.6844580">
    <ele>403.2</ele>
   </trkpt>
   <trkpt lat="43.7901600" lon="5.6845690">
    <ele>403.8</ele>
   </trkpt>
   <trkpt lat="43.7901510" lon="5.6846560">
    <ele>404.3</ele>
   </trkpt>
   <trkpt lat="43.7901460" lon="5.6847420">
    <ele>404.8</ele>
   </trkpt>
   <trkpt lat="43.7901470" lon="5.6848200">
    <ele>405.2</ele>
   </trkpt>
   <trkpt lat="43.7901490" lon="5.6848930">
    <ele>405.6</ele>
   </trkpt>
   <trkpt lat="43.7901580" lon="5.6849670">
    <ele>406.1</ele>
   </trkpt>
   <trkpt lat="43.7901740" lon="5.6850330">
    <ele>406.5</ele>
   </trkpt>
   <trkpt lat="43.7902040" lon="5.6850940">
    <ele>406.9</ele>
   </trkpt>
   <trkpt lat="43.7902420" lon="5.6851520">
    <ele>407.4</ele>
   </trkpt>
   <trkpt lat="43.7902720" lon="5.6852080">
    <ele>407.8</ele>
   </trkpt>
   <trkpt lat="43.7903060" lon="5.6852670">
    <ele>408.2</ele>
   </trkpt>
   <trkpt lat="43.7903390" lon="5.6853290">
    <ele>408.6</ele>
   </trkpt>
   <trkpt lat="43.7903680" lon="5.6853920">
    <ele>409.0</ele>
   </trkpt>
   <trkpt lat="43.7903970" lon="5.6854580">
    <ele>409.5</ele>
   </trkpt>
   <trkpt lat="43.7904200" lon="5.6855260">
    <ele>409.8</ele>
   </trkpt>
   <trkpt lat="43.7904460" lon="5.6855930">
    <ele>410.2</ele>
   </trkpt>
   <trkpt lat="43.7904730" lon="5.6856540">
    <ele>410.5</ele>
   </trkpt>
   <trkpt lat="43.7904910" lon="5.6857190">
    <ele>410.8</ele>
   </trkpt>
   <trkpt lat="43.7905050" lon="5.6857750">
    <ele>411.0</ele>
   </trkpt>
   <trkpt lat="43.7905100" lon="5.6858260">
    <ele>411.1</ele>
   </trkpt>
   <trkpt lat="43.7905180" lon="5.6858750">
    <ele>411.2</ele>
   </trkpt>
   <trkpt lat="43.7905270" lon="5.6859230">
    <ele>411.3</ele>
   </trkpt>
   <trkpt lat="43.7905390" lon="5.6859730">
    <ele>411.3</ele>
   </trkpt>
   <trkpt lat="43.7905530" lon="5.6860260">
    <ele>411.3</ele>
   </trkpt>
   <trkpt lat="43.7905670" lon="5.6860780">
    <ele>411.3</ele>
   </trkpt>
   <trkpt lat="43.7905810" lon="5.6861300">
    <ele>411.3</ele>
   </trkpt>
   <trkpt lat="43.7905980" lon="5.6861830">
    <ele>411.2</ele>
   </trkpt>
   <trkpt lat="43.7906210" lon="5.6862330">
    <ele>411.1</ele>
   </trkpt>
   <trkpt lat="43.7906440" lon="5.6862920">
    <ele>410.9</ele>
   </trkpt>
   <trkpt lat="43.7906620" lon="5.6863620">
    <ele>410.7</ele>
   </trkpt>
   <trkpt lat="43.7906960" lon="5.6864150">
    <ele>410.5</ele>
   </trkpt>
   <trkpt lat="43.7907390" lon="5.6864640">
    <ele>410.2</ele>
   </trkpt>
   <trkpt lat="43.7907750" lon="5.6865390">
    <ele>409.9</ele>
   </trkpt>
   <trkpt lat="43.7908030" lon="5.6865960">
    <ele>409.7</ele>
   </trkpt>
   <trkpt lat="43.7908400" lon="5.6866520">
    <ele>409.4</ele>
   </trkpt>
   <trkpt lat="43.7908780" lon="5.6867290">
    <ele>409.0</ele>
   </trkpt>
   <trkpt lat="43.7909050" lon="5.6868120">
    <ele>408.6</ele>
   </trkpt>
   <trkpt lat="43.7909260" lon="5.6869130">
    <ele>408.2</ele>
   </trkpt>
   <trkpt lat="43.7909510" lon="5.6870110">
    <ele>407.8</ele>
   </trkpt>
   <trkpt lat="43.7909700" lon="5.6871210">
    <ele>407.3</ele>
   </trkpt>
   <trkpt lat="43.7909920" lon="5.6872300">
    <ele>406.8</ele>
   </trkpt>
   <trkpt lat="43.7910070" lon="5.6873380">
    <ele>406.2</ele>
   </trkpt>
   <trkpt lat="43.7910220" lon="5.6874480">
    <ele>405.7</ele>
   </trkpt>
   <trkpt lat="43.7910420" lon="5.6875530">
    <ele>405.2</ele>
   </trkpt>
   <trkpt lat="43.7910690" lon="5.6876680">
    <ele>404.7</ele>
   </trkpt>
   <trkpt lat="43.7910950" lon="5.6877810">
    <ele>404.2</ele>
   </trkpt>
   <trkpt lat="43.7911180" lon="5.6878990">
    <ele>403.8</ele>
   </trkpt>
   <trkpt lat="43.7911400" lon="5.6880180">
    <ele>403.3</ele>
   </trkpt>
   <trkpt lat="43.7911620" lon="5.6881330">
    <ele>402.9</ele>
   </trkpt>
   <trkpt lat="43.7911790" lon="5.6882480">
    <ele>402.6</ele>
   </trkpt>
   <trkpt lat="43.7911950" lon="5.6883700">
    <ele>402.3</ele>
   </trkpt>
   <trkpt lat="43.7912170" lon="5.6884940">
    <ele>402.0</ele>
   </trkpt>
   <trkpt lat="43.7912360" lon="5.6886100">
    <ele>401.9</ele>
   </trkpt>
   <trkpt lat="43.7912440" lon="5.6887260">
    <ele>401.8</ele>
   </trkpt>
   <trkpt lat="43.7912460" lon="5.6888470">
    <ele>401.8</ele>
   </trkpt>
   <trkpt lat="43.7912460" lon="5.6889570">
    <ele>401.9</ele>
   </trkpt>
   <trkpt lat="43.7912490" lon="5.6890660">
    <ele>402.1</ele>
   </trkpt>
   <trkpt lat="43.7912490" lon="5.6891650">
    <ele>402.4</ele>
   </trkpt>
   <trkpt lat="43.7912440" lon="5.6892730">
    <ele>402.7</ele>
   </trkpt>
   <trkpt lat="43.7912440" lon="5.6893690">
    <ele>403.0</ele>
   </trkpt>
   <trkpt lat="43.7912450" lon="5.6894570">
    <ele>403.4</ele>
   </trkpt>
   <trkpt lat="43.7912460" lon="5.6895430">
    <ele>403.7</ele>
   </trkpt>
   <trkpt lat="43.7912570" lon="5.6896280">
    <ele>404.1</ele>
   </trkpt>
   <trkpt lat="43.7912720" lon="5.6897140">
    <ele>404.5</ele>
   </trkpt>
   <trkpt lat="43.7912910" lon="5.6897920">
    <ele>404.9</ele>
   </trkpt>
   <trkpt lat="43.7913130" lon="5.6898670">
    <ele>405.3</ele>
   </trkpt>
   <trkpt lat="43.7913350" lon="5.6899360">
    <ele>405.6</ele>
   </trkpt>
   <trkpt lat="43.7913630" lon="5.6900050">
    <ele>406.0</ele>
   </trkpt>
   <trkpt lat="43.7913930" lon="5.6900700">
    <ele>406.4</ele>
   </trkpt>
   <trkpt lat="43.7914280" lon="5.6901360">
    <ele>406.7</ele>
   </trkpt>
   <trkpt lat="43.7914610" lon="5.6902030">
    <ele>407.1</ele>
   </trkpt>
   <trkpt lat="43.7914950" lon="5.6902680">
    <ele>407.4</ele>
   </trkpt>
   <trkpt lat="43.7915260" lon="5.6903280">
    <ele>407.7</ele>
   </trkpt>
   <trkpt lat="43.7915570" lon="5.6903860">
    <ele>408.0</ele>
   </trkpt>
   <trkpt lat="43.7915850" lon="5.6904480">
    <ele>408.2</ele>
   </trkpt>
   <trkpt lat="43.7916110" lon="5.6905090">
    <ele>408.4</ele>
   </trkpt>
   <trkpt lat="43.7916390" lon="5.6905720">
    <ele>408.6</ele>
   </trkpt>
   <trkpt lat="43.7916670" lon="5.6906270">
    <ele>408.7</ele>
   </trkpt>
   <trkpt lat="43.7916950" lon="5.6906760">
    <ele>408.7</ele>
   </trkpt>
   <trkpt lat="43.7917240" lon="5.6907250">
    <ele>408.6</ele>
   </trkpt>
   <trkpt lat="43.7917560" lon="5.6907690">
    <ele>408.5</ele>
   </trkpt>
   <trkpt lat="43.7917920" lon="5.6908240">
    <ele>408.4</ele>
   </trkpt>
   <trkpt lat="43.7918260" lon="5.6908830">
    <ele>408.1</ele>
   </trkpt>
   <trkpt lat="43.7918650" lon="5.6909430">
    <ele>407.9</ele>
   </trkpt>
   <trkpt lat="43.7919120" lon="5.6910020">
    <ele>407.5</ele>
   </trkpt>
   <trkpt lat="43.7919600" lon="5.6910600">
    <ele>407.2</ele>
   </trkpt>
   <trkpt lat="43.7920090" lon="5.6911080">
    <ele>406.9</ele>
   </trkpt>
   <trkpt lat="43.7920610" lon="5.6911480">
    <ele>406.6</ele>
   </trkpt>
   <trkpt lat="43.7921150" lon="5.6911850">
    <ele>406.2</ele>
   </trkpt>
   <trkpt lat="43.7921690" lon="5.6912230">
    <ele>405.9</ele>
   </trkpt>
   <trkpt lat="43.7922260" lon="5.6912680">
    <ele>405.5</ele>
   </trkpt>
   <trkpt lat="43.7922900" lon="5.6913100">
    <ele>405.1</ele>
   </trkpt>
   <trkpt lat="43.7923560" lon="5.6913490">
    <ele>404.6</ele>
   </trkpt>
   <trkpt lat="43.7924230" lon="5.6913920">
    <ele>404.0</ele>
   </trkpt>
   <trkpt lat="43.7924920" lon="5.6914370">
    <ele>403.3</ele>
   </trkpt>
   <trkpt lat="43.7925620" lon="5.6914860">
    <ele>402.5</ele>
   </trkpt>
   <trkpt lat="43.7926410" lon="5.6915410">
    <ele>401.7</ele>
   </trkpt>
   <trkpt lat="43.7927170" lon="5.6916010">
    <ele>400.9</ele>
   </trkpt>
   <trkpt lat="43.7927980" lon="5.6916650">
    <ele>400.2</ele>
   </trkpt>
   <trkpt lat="43.7928840" lon="5.6917420">
    <ele>399.4</ele>
   </trkpt>
   <trkpt lat="43.7929670" lon="5.6918360">
    <ele>398.8</ele>
   </trkpt>
   <trkpt lat="43.7930420" lon="5.6919410">
    <ele>398.3</ele>
   </trkpt>
   <trkpt lat="43.7931790" lon="5.6921660">
    <ele>397.6</ele>
   </trkpt>
   <trkpt lat="43.7932370" lon="5.6922750">
    <ele>397.3</ele>
   </trkpt>
   <trkpt lat="43.7932880" lon="5.6923810">
    <ele>397.0</ele>
   </trkpt>
   <trkpt lat="43.7933430" lon="5.6924840">
    <ele>396.6</ele>
   </trkpt>
   <trkpt lat="43.7934060" lon="5.6925740">
    <ele>396.1</ele>
   </trkpt>
   <trkpt lat="43.7934660" lon="5.6926630">
    <ele>395.4</ele>
   </trkpt>
   <trkpt lat="43.7935330" lon="5.6927420">
    <ele>394.5</ele>
   </trkpt>
   <trkpt lat="43.7936070" lon="5.6928130">
    <ele>393.6</ele>
   </trkpt>
   <trkpt lat="43.7936880" lon="5.6928730">
    <ele>392.6</ele>
   </trkpt>
   <trkpt lat="43.7937800" lon="5.6929360">
    <ele>391.5</ele>
   </trkpt>
   <trkpt lat="43.7938800" lon="5.6929840">
    <ele>390.4</ele>
   </trkpt>
   <trkpt lat="43.7939810" lon="5.6930300">
    <ele>389.4</ele>
   </trkpt>
   <trkpt lat="43.7940820" lon="5.6930740">
    <ele>388.3</ele>
   </trkpt>
   <trkpt lat="43.7941880" lon="5.6931190">
    <ele>387.2</ele>
   </trkpt>
   <trkpt lat="43.7942970" lon="5.6931810">
    <ele>385.9</ele>
   </trkpt>
   <trkpt lat="43.7944030" lon="5.6932710">
    <ele>384.9</ele>
   </trkpt>
   <trkpt lat="43.7945010" lon="5.6933820">
    <ele>384.1</ele>
   </trkpt>
   <trkpt lat="43.7945940" lon="5.6934990">
    <ele>383.6</ele>
   </trkpt>
   <trkpt lat="43.7946830" lon="5.6936160">
    <ele>383.4</ele>
   </trkpt>
   <trkpt lat="43.7947730" lon="5.6937280">
    <ele>383.4</ele>
   </trkpt>
   <trkpt lat="43.7948590" lon="5.6938390">
    <ele>383.7</ele>
   </trkpt>
   <trkpt lat="43.7949330" lon="5.6939450">
    <ele>384.1</ele>
   </trkpt>
   <trkpt lat="43.7950030" lon="5.6940490">
    <ele>384.7</ele>
   </trkpt>
   <trkpt lat="43.7950680" lon="5.6941580">
    <ele>385.3</ele>
   </trkpt>
   <trkpt lat="43.7951170" lon="5.6942660">
    <ele>386.0</ele>
   </trkpt>
   <trkpt lat="43.7951540" lon="5.6943630">
    <ele>386.7</ele>
   </trkpt>
   <trkpt lat="43.7951890" lon="5.6944500">
    <ele>387.3</ele>
   </trkpt>
   <trkpt lat="43.7952160" lon="5.6945320">
    <ele>388.0</ele>
   </trkpt>
   <trkpt lat="43.7952620" lon="5.6946820">
    <ele>389.3</ele>
   </trkpt>
   <trkpt lat="43.7952770" lon="5.6947630">
    <ele>390.0</ele>
   </trkpt>
   <trkpt lat="43.7952900" lon="5.6948420">
    <ele>390.6</ele>
   </trkpt>
   <trkpt lat="43.7952990" lon="5.6949210">
    <ele>391.2</ele>
   </trkpt>
   <trkpt lat="43.7953090" lon="5.6950040">
    <ele>391.9</ele>
   </trkpt>
   <trkpt lat="43.7953170" lon="5.6950850">
    <ele>392.4</ele>
   </trkpt>
   <trkpt lat="43.7953240" lon="5.6951630">
    <ele>392.8</ele>
   </trkpt>
   <trkpt lat="43.7953310" lon="5.6952370">
    <ele>393.1</ele>
   </trkpt>
   <trkpt lat="43.7953360" lon="5.6953010">
    <ele>393.4</ele>
   </trkpt>
   <trkpt lat="43.7953450" lon="5.6953680">
    <ele>393.6</ele>
   </trkpt>
   <trkpt lat="43.7953510" lon="5.6954320">
    <ele>393.8</ele>
   </trkpt>
   <trkpt lat="43.7953540" lon="5.6954920">
    <ele>394.1</ele>
   </trkpt>
   <trkpt lat="43.7953560" lon="5.6955520">
    <ele>394.2</ele>
   </trkpt>
   <trkpt lat="43.7953630" lon="5.6956100">
    <ele>394.4</ele>
   </trkpt>
   <trkpt lat="43.7953750" lon="5.6956650">
    <ele>394.6</ele>
   </trkpt>
   <trkpt lat="43.7953890" lon="5.6957090">
    <ele>394.7</ele>
   </trkpt>
   <trkpt lat="43.7954020" lon="5.6957540">
    <ele>394.8</ele>
   </trkpt>
   <trkpt lat="43.7954190" lon="5.6957970">
    <ele>394.8</ele>
   </trkpt>
   <trkpt lat="43.7954240" lon="5.6958370">
    <ele>394.9</ele>
   </trkpt>
   <trkpt lat="43.7954000" lon="5.6958660">
    <ele>395.0</ele>
   </trkpt>
   <trkpt lat="43.7953850" lon="5.6958660">
    <ele>395.0</ele>
   </trkpt>
   <trkpt lat="43.7953610" lon="5.6958400">
    <ele>395.0</ele>
   </trkpt>
   <trkpt lat="43.7953450" lon="5.6958080">
    <ele>395.0</ele>
   </trkpt>
   <trkpt lat="43.7953230" lon="5.6957680">
    <ele>395.0</ele>
   </trkpt>
   <trkpt lat="43.7953160" lon="5.6957560">
    <ele>395.0</ele>
   </trkpt>
   <trkpt lat="43.7952840" lon="5.6957620">
    <ele>395.0</ele>
   </trkpt>
   <trkpt lat="43.7952730" lon="5.6957740">
    <ele>395.0</ele>
   </trkpt>
   <trkpt lat="43.7952510" lon="5.6958100">
    <ele>395.0</ele>
   </trkpt>
   <trkpt lat="43.7952440" lon="5.6958180">
    <ele>395.0</ele>
   </trkpt>
   <trkpt lat="43.7952260" lon="5.6958240">
    <ele>395.0</ele>
   </trkpt>
   <trkpt lat="43.7952100" lon="5.6958190">
    <ele>395.0</ele>
   </trkpt>
   <trkpt lat="43.7951970" lon="5.6958080">
    <ele>395.0</ele>
   </trkpt>
   <trkpt lat="43.7951790" lon="5.6957950">
    <ele>395.0</ele>
   </trkpt>
   <trkpt lat="43.7951430" lon="5.6957900">
    <ele>395.0</ele>
   </trkpt>
   <trkpt lat="43.7951010" lon="5.6957920">
    <ele>394.9</ele>
   </trkpt>
   <trkpt lat="43.7950570" lon="5.6958030">
    <ele>394.8</ele>
   </trkpt>
   <trkpt lat="43.7950160" lon="5.6958200">
    <ele>394.7</ele>
   </trkpt>
   <trkpt lat="43.7949650" lon="5.6958360">
    <ele>394.6</ele>
   </trkpt>
   <trkpt lat="43.7949190" lon="5.6958340">
    <ele>394.4</ele>
   </trkpt>
   <trkpt lat="43.7948760" lon="5.6958160">
    <ele>394.3</ele>
   </trkpt>
   <trkpt lat="43.7948420" lon="5.6957930">
    <ele>394.2</ele>
   </trkpt>
   <trkpt lat="43.7948130" lon="5.6957670">
    <ele>394.1</ele>
   </trkpt>
   <trkpt lat="43.7948050" lon="5.6957590">
    <ele>394.1</ele>
   </trkpt>
   <trkpt lat="43.7947920" lon="5.6957470">
    <ele>394.1</ele>
   </trkpt>
   <trkpt lat="43.7947800" lon="5.6957410">
    <ele>394.1</ele>
   </trkpt>
   <trkpt lat="43.7947740" lon="5.6957440">
    <ele>394.1</ele>
   </trkpt>
   <trkpt lat="43.7947780" lon="5.6957580">
    <ele>394.0</ele>
   </trkpt>
   <trkpt lat="43.7947810" lon="5.6957650">
    <ele>394.0</ele>
   </trkpt>
   <trkpt lat="43.7947810" lon="5.6957650">
    <ele>394.0</ele>
   </trkpt>
   <trkpt lat="43.7947810" lon="5.6957640">
    <ele>394.0</ele>
   </trkpt>
   <trkpt lat="43.7947810" lon="5.6957640">
    <ele>394.0</ele>
   </trkpt>
   <trkpt lat="43.7947810" lon="5.6957640">
    <ele>394.0</ele>
   </trkpt>
   <trkpt lat="43.7947810" lon="5.6957640">
    <ele>394.0</ele>
   </trkpt>
   <trkpt lat="43.7947810" lon="5.6957640">
    <ele>394.0</ele>
   </trkpt>
   <trkpt lat="43.7947810" lon="5.6957640">
    <ele>394.0</ele>
   </trkpt>
   <trkpt lat="43.7947810" lon="5.6957640">
    <ele>394.0</ele>
   </trkpt>
   <trkpt lat="43.7947810" lon="5.6957640">
    <ele>394.0</ele>
   </trkpt>
   <trkpt lat="43.7947810" lon="5.6957640">
    <ele>394.0</ele>
   </trkpt>
   <trkpt lat="43.7947790" lon="5.6957820">
    <ele>394.0</ele>
   </trkpt>
   <trkpt lat="43.7947840" lon="5.6957950">
    <ele>394.0</ele>
   </trkpt>
   <trkpt lat="43.7947870" lon="5.6958050">
    <ele>394.0</ele>
   </trkpt>
   <trkpt lat="43.7947870" lon="5.6958060">
    <ele>394.0</ele>
   </trkpt>
   <trkpt lat="43.7947930" lon="5.6958090">
    <ele>394.0</ele>
   </trkpt>
   <trkpt lat="43.7948060" lon="5.6958110">
    <ele>394.0</ele>
   </trkpt>
   <trkpt lat="43.7948320" lon="5.6958080">
    <ele>394.1</ele>
   </trkpt>
   <trkpt lat="43.7948430" lon="5.6958090">
    <ele>394.2</ele>
   </trkpt>
   <trkpt lat="43.7948770" lon="5.6958090">
    <ele>394.3</ele>
   </trkpt>
   <trkpt lat="43.7948870" lon="5.6958100">
    <ele>394.4</ele>
   </trkpt>
   <trkpt lat="43.7949180" lon="5.6958160">
    <ele>394.5</ele>
   </trkpt>
   <trkpt lat="43.7949280" lon="5.6958210">
    <ele>394.5</ele>
   </trkpt>
   <trkpt lat="43.7949620" lon="5.6958260">
    <ele>394.6</ele>
   </trkpt>
   <trkpt lat="43.7949740" lon="5.6958240">
    <ele>394.6</ele>
   </trkpt>
   <trkpt lat="43.7950020" lon="5.6958130">
    <ele>394.7</ele>
   </trkpt>
   <trkpt lat="43.7950320" lon="5.6958040">
    <ele>394.8</ele>
   </trkpt>
   <trkpt lat="43.7950630" lon="5.6957980">
    <ele>394.8</ele>
   </trkpt>
   <trkpt lat="43.7950970" lon="5.6957940">
    <ele>394.9</ele>
   </trkpt>
   <trkpt lat="43.7951250" lon="5.6957940">
    <ele>394.9</ele>
   </trkpt>
   <trkpt lat="43.7951630" lon="5.6957910">
    <ele>395.0</ele>
   </trkpt>
   <trkpt lat="43.7951970" lon="5.6957820">
    <ele>395.0</ele>
   </trkpt>
   <trkpt lat="43.7952270" lon="5.6957860">
    <ele>395.0</ele>
   </trkpt>
   <trkpt lat="43.7952550" lon="5.6958070">
    <ele>395.0</ele>
   </trkpt>
   <trkpt lat="43.7952890" lon="5.6958310">
    <ele>395.0</ele>
   </trkpt>
   <trkpt lat="43.7952990" lon="5.6958380">
    <ele>395.0</ele>
   </trkpt>
   <trkpt lat="43.7953280" lon="5.6958570">
    <ele>395.0</ele>
   </trkpt>
   <trkpt lat="43.7953380" lon="5.6958640">
    <ele>395.0</ele>
   </trkpt>
   <trkpt lat="43.7953710" lon="5.6958840">
    <ele>395.0</ele>
   </trkpt>
   <trkpt lat="43.7953810" lon="5.6958890">
    <ele>395.0</ele>
   </trkpt>
   <trkpt lat="43.7954060" lon="5.6959170">
    <ele>395.0</ele>
   </trkpt>
   <trkpt lat="43.7954130" lon="5.6959260">
    <ele>395.0</ele>
   </trkpt>
   <trkpt lat="43.7954250" lon="5.6959370">
    <ele>395.0</ele>
   </trkpt>
   <trkpt lat="43.7954360" lon="5.6959450">
    <ele>395.0</ele>
   </trkpt>
   <trkpt lat="43.7954440" lon="5.6959500">
    <ele>395.0</ele>
   </trkpt>
   <trkpt lat="43.7954420" lon="5.6959510">
    <ele>395.0</ele>
   </trkpt>
   <trkpt lat="43.7954380" lon="5.6959440">
    <ele>395.0</ele>
   </trkpt>
   <trkpt lat="43.7954330" lon="5.6959450">
    <ele>395.0</ele>
   </trkpt>
   <trkpt lat="43.7954280" lon="5.6959520">
    <ele>395.0</ele>
   </trkpt>
   <trkpt lat="43.7954280" lon="5.6959550">
    <ele>395.0</ele>
   </trkpt>
   <trkpt lat="43.7954280" lon="5.6959540">
    <ele>395.0</ele>
   </trkpt>
   <trkpt lat="43.7954280" lon="5.6959540">
    <ele>395.0</ele>
   </trkpt>
   <trkpt lat="43.7954270" lon="5.6959540">
    <ele>395.0</ele>
   </trkpt>
   <trkpt lat="43.7954270" lon="5.6959540">
    <ele>395.0</ele>
   </trkpt>
   <trkpt lat="43.7954270" lon="5.6959540">
    <ele>395.0</ele>
   </trkpt>
   <trkpt lat="43.7954270" lon="5.6959540">
    <ele>395.0</ele>
   </trkpt>
   <trkpt lat="43.7954270" lon="5.6959540">
    <ele>395.0</ele>
   </trkpt>
   <trkpt lat="43.7954270" lon="5.6959540">
    <ele>395.0</ele>
   </trkpt>
   <trkpt lat="43.7954270" lon="5.6959540">
    <ele>395.0</ele>
   </trkpt>
   <trkpt lat="43.7954530" lon="5.6959750">
    <ele>395.0</ele>
   </trkpt>
   <trkpt lat="43.7954590" lon="5.6959890">
    <ele>395.0</ele>
   </trkpt>
   <trkpt lat="43.7954620" lon="5.6960020">
    <ele>395.0</ele>
   </trkpt>
   <trkpt lat="43.7954630" lon="5.6960100">
    <ele>395.0</ele>
   </trkpt>
   <trkpt lat="43.7954620" lon="5.6960100">
    <ele>395.0</ele>
   </trkpt>
   <trkpt lat="43.7954620" lon="5.6960010">
    <ele>395.0</ele>
   </trkpt>
   <trkpt lat="43.7954620" lon="5.6959990">
    <ele>395.1</ele>
   </trkpt>
   <trkpt lat="43.7954620" lon="5.6959990">
    <ele>395.1</ele>
   </trkpt>
   <trkpt lat="43.7954630" lon="5.6959990">
    <ele>395.1</ele>
   </trkpt>
   <trkpt lat="43.7954630" lon="5.6959990">
    <ele>395.1</ele>
   </trkpt>
   <trkpt lat="43.7954630" lon="5.6959990">
    <ele>395.1</ele>
   </trkpt>
   <trkpt lat="43.7954630" lon="5.6959990">
    <ele>395.1</ele>
   </trkpt>
   <trkpt lat="43.7954630" lon="5.6959990">
    <ele>395.1</ele>
   </trkpt>
   <trkpt lat="43.7954630" lon="5.6959990">
    <ele>395.1</ele>
   </trkpt>
   <trkpt lat="43.7954820" lon="5.6960010">
    <ele>395.1</ele>
   </trkpt>
   <trkpt lat="43.7954900" lon="5.6960160">
    <ele>395.1</ele>
   </trkpt>
   <trkpt lat="43.7954970" lon="5.6960390">
    <ele>395.1</ele>
   </trkpt>
   <trkpt lat="43.7955040" lon="5.6960580">
    <ele>395.1</ele>
   </trkpt>
   <trkpt lat="43.7955100" lon="5.6960720">
    <ele>395.2</ele>
   </trkpt>
   <trkpt lat="43.7955290" lon="5.6961110">
    <ele>395.2</ele>
   </trkpt>
   <trkpt lat="43.7955370" lon="5.6961280">
    <ele>395.2</ele>
   </trkpt>
   <trkpt lat="43.7955490" lon="5.6961720">
    <ele>395.2</ele>
   </trkpt>
   <trkpt lat="43.7955620" lon="5.6962090">
    <ele>395.2</ele>
   </trkpt>
   <trkpt lat="43.7955770" lon="5.6962510">
    <ele>395.3</ele>
   </trkpt>
   <trkpt lat="43.7955940" lon="5.6962930">
    <ele>395.3</ele>
   </trkpt>
   <trkpt lat="43.7956140" lon="5.6963370">
    <ele>395.3</ele>
   </trkpt>
   <trkpt lat="43.7956360" lon="5.6963720">
    <ele>395.3</ele>
   </trkpt>
   <trkpt lat="43.7956570" lon="5.6964120">
    <ele>395.3</ele>
   </trkpt>
   <trkpt lat="43.7956780" lon="5.6964490">
    <ele>395.3</ele>
   </trkpt>
   <trkpt lat="43.7957020" lon="5.6964900">
    <ele>395.3</ele>
   </trkpt>
   <trkpt lat="43.7957290" lon="5.6965320">
    <ele>395.2</ele>
   </trkpt>
   <trkpt lat="43.7957600" lon="5.6965720">
    <ele>395.2</ele>
   </trkpt>
   <trkpt lat="43.7957860" lon="5.6966190">
    <ele>395.1</ele>
   </trkpt>
   <trkpt lat="43.7958170" lon="5.6966610">
    <ele>395.0</ele>
   </trkpt>
   <trkpt lat="43.7958520" lon="5.6967020">
    <ele>394.9</ele>
   </trkpt>
   <trkpt lat="43.7958830" lon="5.6967450">
    <ele>394.9</ele>
   </trkpt>
   <trkpt lat="43.7959130" lon="5.6967880">
    <ele>394.8</ele>
   </trkpt>
   <trkpt lat="43.7959430" lon="5.6968250">
    <ele>394.8</ele>
   </trkpt>
   <trkpt lat="43.7959740" lon="5.6968640">
    <ele>394.7</ele>
   </trkpt>
   <trkpt lat="43.7960030" lon="5.6969050">
    <ele>394.7</ele>
   </trkpt>
   <trkpt lat="43.7960310" lon="5.6969440">
    <ele>394.7</ele>
   </trkpt>
   <trkpt lat="43.7960550" lon="5.6969760">
    <ele>394.7</ele>
   </trkpt>
   <trkpt lat="43.7960820" lon="5.6970070">
    <ele>394.7</ele>
   </trkpt>
   <trkpt lat="43.7961080" lon="5.6970430">
    <ele>394.6</ele>
   </trkpt>
   <trkpt lat="43.7961350" lon="5.6970760">
    <ele>394.6</ele>
   </trkpt>
   <trkpt lat="43.7961630" lon="5.6971100">
    <ele>394.6</ele>
   </trkpt>
   <trkpt lat="43.7961940" lon="5.6971500">
    <ele>394.6</ele>
   </trkpt>
   <trkpt lat="43.7962230" lon="5.6971910">
    <ele>394.6</ele>
   </trkpt>
   <trkpt lat="43.7962520" lon="5.6972310">
    <ele>394.6</ele>
   </trkpt>
   <trkpt lat="43.7962780" lon="5.6972670">
    <ele>394.6</ele>
   </trkpt>
   <trkpt lat="43.7962990" lon="5.6973030">
    <ele>394.6</ele>
   </trkpt>
   <trkpt lat="43.7963210" lon="5.6973410">
    <ele>394.6</ele>
   </trkpt>
   <trkpt lat="43.7963430" lon="5.6973770">
    <ele>394.6</ele>
   </trkpt>
   <trkpt lat="43.7963630" lon="5.6974180">
    <ele>394.6</ele>
   </trkpt>
   <trkpt lat="43.7963830" lon="5.6974590">
    <ele>394.6</ele>
   </trkpt>
   <trkpt lat="43.7964020" lon="5.6975000">
    <ele>394.7</ele>
   </trkpt>
   <trkpt lat="43.7964250" lon="5.6975360">
    <ele>394.7</ele>
   </trkpt>
   <trkpt lat="43.7964470" lon="5.6975770">
    <ele>394.8</ele>
   </trkpt>
   <trkpt lat="43.7964680" lon="5.6976220">
    <ele>394.8</ele>
   </trkpt>
   <trkpt lat="43.7964920" lon="5.6976610">
    <ele>394.9</ele>
   </trkpt>
   <trkpt lat="43.7965380" lon="5.6977470">
    <ele>395.0</ele>
   </trkpt>
   <trkpt lat="43.7965570" lon="5.6977910">
    <ele>395.0</ele>
   </trkpt>
   <trkpt lat="43.7965790" lon="5.6978370">
    <ele>395.1</ele>
   </trkpt>
   <trkpt lat="43.7966000" lon="5.6978850">
    <ele>395.2</ele>
   </trkpt>
   <trkpt lat="43.7966200" lon="5.6979350">
    <ele>395.2</ele>
   </trkpt>
   <trkpt lat="43.7966400" lon="5.6979810">
    <ele>395.3</ele>
   </trkpt>
   <trkpt lat="43.7966580" lon="5.6980270">
    <ele>395.4</ele>
   </trkpt>
   <trkpt lat="43.7966760" lon="5.6980750">
    <ele>395.5</ele>
   </trkpt>
   <trkpt lat="43.7966970" lon="5.6981290">
    <ele>395.6</ele>
   </trkpt>
   <trkpt lat="43.7967140" lon="5.6981840">
    <ele>395.7</ele>
   </trkpt>
   <trkpt lat="43.7967290" lon="5.6982370">
    <ele>395.7</ele>
   </trkpt>
   <trkpt lat="43.7967450" lon="5.6982860">
    <ele>395.8</ele>
   </trkpt>
   <trkpt lat="43.7967600" lon="5.6983380">
    <ele>396.0</ele>
   </trkpt>
   <trkpt lat="43.7967780" lon="5.6983930">
    <ele>396.1</ele>
   </trkpt>
   <trkpt lat="43.7967930" lon="5.6984450">
    <ele>396.2</ele>
   </trkpt>
   <trkpt lat="43.7968050" lon="5.6985060">
    <ele>396.4</ele>
   </trkpt>
   <trkpt lat="43.7968200" lon="5.6985630">
    <ele>396.6</ele>
   </trkpt>
   <trkpt lat="43.7968300" lon="5.6986140">
    <ele>396.7</ele>
   </trkpt>
   <trkpt lat="43.7968420" lon="5.6986670">
    <ele>396.9</ele>
   </trkpt>
   <trkpt lat="43.7968600" lon="5.6987160">
    <ele>397.1</ele>
   </trkpt>
   <trkpt lat="43.7968780" lon="5.6987620">
    <ele>397.3</ele>
   </trkpt>
   <trkpt lat="43.7968970" lon="5.6988020">
    <ele>397.5</ele>
   </trkpt>
   <trkpt lat="43.7969170" lon="5.6988440">
    <ele>397.7</ele>
   </trkpt>
   <trkpt lat="43.7969360" lon="5.6988880">
    <ele>397.9</ele>
   </trkpt>
   <trkpt lat="43.7969570" lon="5.6989350">
    <ele>398.1</ele>
   </trkpt>
   <trkpt lat="43.7969770" lon="5.6989790">
    <ele>398.3</ele>
   </trkpt>
   <trkpt lat="43.7970010" lon="5.6990140">
    <ele>398.5</ele>
   </trkpt>
   <trkpt lat="43.7970280" lon="5.6990510">
    <ele>398.6</ele>
   </trkpt>
   <trkpt lat="43.7970510" lon="5.6990890">
    <ele>398.8</ele>
   </trkpt>
   <trkpt lat="43.7970740" lon="5.6991260">
    <ele>399.0</ele>
   </trkpt>
   <trkpt lat="43.7970980" lon="5.6991610">
    <ele>399.1</ele>
   </trkpt>
   <trkpt lat="43.7971230" lon="5.6991940">
    <ele>399.2</ele>
   </trkpt>
   <trkpt lat="43.7971480" lon="5.6992300">
    <ele>399.3</ele>
   </trkpt>
   <trkpt lat="43.7971730" lon="5.6992630">
    <ele>399.4</ele>
   </trkpt>
   <trkpt lat="43.7971970" lon="5.6992950">
    <ele>399.5</ele>
   </trkpt>
   <trkpt lat="43.7972210" lon="5.6993290">
    <ele>399.5</ele>
   </trkpt>
   <trkpt lat="43.7972500" lon="5.6993660">
    <ele>399.5</ele>
   </trkpt>
   <trkpt lat="43.7972840" lon="5.6994040">
    <ele>399.5</ele>
   </trkpt>
   <trkpt lat="43.7973180" lon="5.6994380">
    <ele>399.5</ele>
   </trkpt>
   <trkpt lat="43.7973570" lon="5.6994740">
    <ele>399.5</ele>
   </trkpt>
   <trkpt lat="43.7973960" lon="5.6995100">
    <ele>399.4</ele>
   </trkpt>
   <trkpt lat="43.7974370" lon="5.6995450">
    <ele>399.4</ele>
   </trkpt>
   <trkpt lat="43.7974780" lon="5.6995770">
    <ele>399.4</ele>
   </trkpt>
   <trkpt lat="43.7975210" lon="5.6996070">
    <ele>399.3</ele>
   </trkpt>
   <trkpt lat="43.7975640" lon="5.6996340">
    <ele>399.3</ele>
   </trkpt>
   <trkpt lat="43.7976110" lon="5.6996530">
    <ele>399.2</ele>
   </trkpt>
   <trkpt lat="43.7976600" lon="5.6996740">
    <ele>399.1</ele>
   </trkpt>
   <trkpt lat="43.7977090" lon="5.6996950">
    <ele>399.0</ele>
   </trkpt>
   <trkpt lat="43.7977580" lon="5.6997170">
    <ele>398.9</ele>
   </trkpt>
   <trkpt lat="43.7978080" lon="5.6997390">
    <ele>398.8</ele>
   </trkpt>
   <trkpt lat="43.7978610" lon="5.6997570">
    <ele>398.7</ele>
   </trkpt>
   <trkpt lat="43.7979200" lon="5.6997770">
    <ele>398.5</ele>
   </trkpt>
   <trkpt lat="43.7979730" lon="5.6998010">
    <ele>398.4</ele>
   </trkpt>
   <trkpt lat="43.7980880" lon="5.6998690">
    <ele>398.2</ele>
   </trkpt>
   <trkpt lat="43.7981460" lon="5.6999180">
    <ele>398.0</ele>
   </trkpt>
   <trkpt lat="43.7981980" lon="5.6999750">
    <ele>397.9</ele>
   </trkpt>
   <trkpt lat="43.7982480" lon="5.7000280">
    <ele>397.8</ele>
   </trkpt>
   <trkpt lat="43.7982980" lon="5.7000910">
    <ele>397.7</ele>
   </trkpt>
   <trkpt lat="43.7983490" lon="5.7001520">
    <ele>397.7</ele>
   </trkpt>
   <trkpt lat="43.7984000" lon="5.7002140">
    <ele>397.6</ele>
   </trkpt>
   <trkpt lat="43.7984490" lon="5.7002790">
    <ele>397.6</ele>
   </trkpt>
   <trkpt lat="43.7984950" lon="5.7003430">
    <ele>397.6</ele>
   </trkpt>
   <trkpt lat="43.7985330" lon="5.7004050">
    <ele>397.6</ele>
   </trkpt>
   <trkpt lat="43.7985710" lon="5.7004680">
    <ele>397.7</ele>
   </trkpt>
   <trkpt lat="43.7986070" lon="5.7005370">
    <ele>397.7</ele>
   </trkpt>
   <trkpt lat="43.7986430" lon="5.7006050">
    <ele>397.8</ele>
   </trkpt>
   <trkpt lat="43.7986820" lon="5.7006730">
    <ele>397.9</ele>
   </trkpt>
   <trkpt lat="43.7987200" lon="5.7007390">
    <ele>398.0</ele>
   </trkpt>
   <trkpt lat="43.7987540" lon="5.7008070">
    <ele>398.2</ele>
   </trkpt>
   <trkpt lat="43.7987900" lon="5.7008690">
    <ele>398.3</ele>
   </trkpt>
   <trkpt lat="43.7988200" lon="5.7009270">
    <ele>398.5</ele>
   </trkpt>
   <trkpt lat="43.7988540" lon="5.7009800">
    <ele>398.7</ele>
   </trkpt>
   <trkpt lat="43.7988840" lon="5.7010330">
    <ele>398.9</ele>
   </trkpt>
   <trkpt lat="43.7989130" lon="5.7010820">
    <ele>399.1</ele>
   </trkpt>
   <trkpt lat="43.7989420" lon="5.7011290">
    <ele>399.2</ele>
   </trkpt>
   <trkpt lat="43.7989670" lon="5.7011770">
    <ele>399.4</ele>
   </trkpt>
   <trkpt lat="43.7989950" lon="5.7012250">
    <ele>399.6</ele>
   </trkpt>
   <trkpt lat="43.7990210" lon="5.7012720">
    <ele>399.8</ele>
   </trkpt>
   <trkpt lat="43.7990510" lon="5.7013170">
    <ele>400.0</ele>
   </trkpt>
   <trkpt lat="43.7990770" lon="5.7013650">
    <ele>400.2</ele>
   </trkpt>
   <trkpt lat="43.7991020" lon="5.7014030">
    <ele>400.4</ele>
   </trkpt>
   <trkpt lat="43.7991270" lon="5.7014450">
    <ele>400.6</ele>
   </trkpt>
   <trkpt lat="43.7991540" lon="5.7014830">
    <ele>400.6</ele>
   </trkpt>
   <trkpt lat="43.7991830" lon="5.7015230">
    <ele>400.7</ele>
   </trkpt>
   <trkpt lat="43.7992090" lon="5.7015720">
    <ele>400.8</ele>
   </trkpt>
   <trkpt lat="43.7992370" lon="5.7016280">
    <ele>400.9</ele>
   </trkpt>
   <trkpt lat="43.7992670" lon="5.7016770">
    <ele>401.0</ele>
   </trkpt>
   <trkpt lat="43.7993020" lon="5.7017300">
    <ele>401.1</ele>
   </trkpt>
   <trkpt lat="43.7993380" lon="5.7017830">
    <ele>401.2</ele>
   </trkpt>
   <trkpt lat="43.7993700" lon="5.7018330">
    <ele>401.2</ele>
   </trkpt>
   <trkpt lat="43.7994070" lon="5.7018810">
    <ele>401.3</ele>
   </trkpt>
   <trkpt lat="43.7994420" lon="5.7019330">
    <ele>401.4</ele>
   </trkpt>
   <trkpt lat="43.7994710" lon="5.7019860">
    <ele>401.5</ele>
   </trkpt>
   <trkpt lat="43.7995030" lon="5.7020390">
    <ele>401.6</ele>
   </trkpt>
   <trkpt lat="43.7995370" lon="5.7020930">
    <ele>401.6</ele>
   </trkpt>
   <trkpt lat="43.7995690" lon="5.7021380">
    <ele>401.6</ele>
   </trkpt>
   <trkpt lat="43.7996050" lon="5.7021830">
    <ele>401.7</ele>
   </trkpt>
   <trkpt lat="43.7996380" lon="5.7022320">
    <ele>401.7</ele>
   </trkpt>
   <trkpt lat="43.7996780" lon="5.7022780">
    <ele>401.7</ele>
   </trkpt>
   <trkpt lat="43.7997180" lon="5.7023230">
    <ele>401.8</ele>
   </trkpt>
   <trkpt lat="43.7997550" lon="5.7023590">
    <ele>401.8</ele>
   </trkpt>
   <trkpt lat="43.7997970" lon="5.7023880">
    <ele>401.9</ele>
   </trkpt>
   <trkpt lat="43.7998420" lon="5.7024110">
    <ele>401.9</ele>
   </trkpt>
   <trkpt lat="43.7998870" lon="5.7024350">
    <ele>402.0</ele>
   </trkpt>
   <trkpt lat="43.7999320" lon="5.7024550">
    <ele>402.1</ele>
   </trkpt>
   <trkpt lat="43.7999810" lon="5.7024710">
    <ele>402.2</ele>
   </trkpt>
   <trkpt lat="43.8000270" lon="5.7024920">
    <ele>402.2</ele>
   </trkpt>
   <trkpt lat="43.8000710" lon="5.7025120">
    <ele>402.3</ele>
   </trkpt>
   <trkpt lat="43.8001180" lon="5.7025210">
    <ele>402.4</ele>
   </trkpt>
   <trkpt lat="43.8001650" lon="5.7025310">
    <ele>402.5</ele>
   </trkpt>
   <trkpt lat="43.8002140" lon="5.7025390">
    <ele>402.6</ele>
   </trkpt>
   <trkpt lat="43.8002580" lon="5.7025510">
    <ele>402.7</ele>
   </trkpt>
   <trkpt lat="43.8003040" lon="5.7025620">
    <ele>402.8</ele>
   </trkpt>
   <trkpt lat="43.8003480" lon="5.7025760">
    <ele>402.9</ele>
   </trkpt>
   <trkpt lat="43.8004240" lon="5.7026010">
    <ele>403.0</ele>
   </trkpt>
   <trkpt lat="43.8004660" lon="5.7026140">
    <ele>403.1</ele>
   </trkpt>
   <trkpt lat="43.8005050" lon="5.7026270">
    <ele>403.2</ele>
   </trkpt>
   <trkpt lat="43.8005440" lon="5.7026360">
    <ele>403.3</ele>
   </trkpt>
   <trkpt lat="43.8005890" lon="5.7026470">
    <ele>403.5</ele>
   </trkpt>
   <trkpt lat="43.8006330" lon="5.7026610">
    <ele>403.6</ele>
   </trkpt>
   <trkpt lat="43.8006810" lon="5.7026740">
    <ele>403.7</ele>
   </trkpt>
   <trkpt lat="43.8007280" lon="5.7026860">
    <ele>403.8</ele>
   </trkpt>
   <trkpt lat="43.8007730" lon="5.7027000">
    <ele>404.0</ele>
   </trkpt>
   <trkpt lat="43.8008200" lon="5.7027100">
    <ele>404.1</ele>
   </trkpt>
   <trkpt lat="43.8008640" lon="5.7027230">
    <ele>404.3</ele>
   </trkpt>
   <trkpt lat="43.8009140" lon="5.7027410">
    <ele>404.4</ele>
   </trkpt>
   <trkpt lat="43.8009630" lon="5.7027540">
    <ele>404.6</ele>
   </trkpt>
   <trkpt lat="43.8010160" lon="5.7027640">
    <ele>404.8</ele>
   </trkpt>
   <trkpt lat="43.8010690" lon="5.7027810">
    <ele>405.0</ele>
   </trkpt>
   <trkpt lat="43.8011180" lon="5.7028000">
    <ele>405.2</ele>
   </trkpt>
   <trkpt lat="43.8011700" lon="5.7028130">
    <ele>405.5</ele>
   </trkpt>
   <trkpt lat="43.8012220" lon="5.7028250">
    <ele>405.7</ele>
   </trkpt>
   <trkpt lat="43.8012740" lon="5.7028380">
    <ele>405.9</ele>
   </trkpt>
   <trkpt lat="43.8013260" lon="5.7028520">
    <ele>406.1</ele>
   </trkpt>
   <trkpt lat="43.8013780" lon="5.7028680">
    <ele>406.4</ele>
   </trkpt>
   <trkpt lat="43.8014290" lon="5.7028860">
    <ele>406.6</ele>
   </trkpt>
   <trkpt lat="43.8014830" lon="5.7029010">
    <ele>406.8</ele>
   </trkpt>
   <trkpt lat="43.8015360" lon="5.7029140">
    <ele>407.0</ele>
   </trkpt>
   <trkpt lat="43.8015920" lon="5.7029290">
    <ele>407.3</ele>
   </trkpt>
   <trkpt lat="43.8016900" lon="5.7029570">
    <ele>407.7</ele>
   </trkpt>
   <trkpt lat="43.8017380" lon="5.7029730">
    <ele>407.9</ele>
   </trkpt>
   <trkpt lat="43.8017870" lon="5.7029880">
    <ele>408.1</ele>
   </trkpt>
   <trkpt lat="43.8018330" lon="5.7029990">
    <ele>408.3</ele>
   </trkpt>
   <trkpt lat="43.8018790" lon="5.7030060">
    <ele>408.6</ele>
   </trkpt>
   <trkpt lat="43.8019290" lon="5.7030200">
    <ele>408.8</ele>
   </trkpt>
   <trkpt lat="43.8019810" lon="5.7030410">
    <ele>409.0</ele>
   </trkpt>
   <trkpt lat="43.8020320" lon="5.7030590">
    <ele>409.3</ele>
   </trkpt>
   <trkpt lat="43.8020830" lon="5.7030700">
    <ele>409.5</ele>
   </trkpt>
   <trkpt lat="43.8021310" lon="5.7030830">
    <ele>409.7</ele>
   </trkpt>
   <trkpt lat="43.8021820" lon="5.7030970">
    <ele>410.0</ele>
   </trkpt>
   <trkpt lat="43.8022330" lon="5.7031110">
    <ele>410.2</ele>
   </trkpt>
   <trkpt lat="43.8022840" lon="5.7031240">
    <ele>410.4</ele>
   </trkpt>
   <trkpt lat="43.8023340" lon="5.7031380">
    <ele>410.6</ele>
   </trkpt>
   <trkpt lat="43.8023850" lon="5.7031570">
    <ele>410.8</ele>
   </trkpt>
   <trkpt lat="43.8024340" lon="5.7031750">
    <ele>411.0</ele>
   </trkpt>
   <trkpt lat="43.8024860" lon="5.7031910">
    <ele>411.2</ele>
   </trkpt>
   <trkpt lat="43.8025380" lon="5.7032020">
    <ele>411.4</ele>
   </trkpt>
   <trkpt lat="43.8025880" lon="5.7032150">
    <ele>411.6</ele>
   </trkpt>
   <trkpt lat="43.8026390" lon="5.7032300">
    <ele>411.8</ele>
   </trkpt>
   <trkpt lat="43.8026890" lon="5.7032420">
    <ele>412.0</ele>
   </trkpt>
   <trkpt lat="43.8027410" lon="5.7032520">
    <ele>412.2</ele>
   </trkpt>
   <trkpt lat="43.8027900" lon="5.7032650">
    <ele>412.4</ele>
   </trkpt>
   <trkpt lat="43.8028420" lon="5.7032800">
    <ele>412.6</ele>
   </trkpt>
   <trkpt lat="43.8028890" lon="5.7032950">
    <ele>412.8</ele>
   </trkpt>
   <trkpt lat="43.8029420" lon="5.7033080">
    <ele>413.0</ele>
   </trkpt>
   <trkpt lat="43.8029920" lon="5.7033210">
    <ele>413.2</ele>
   </trkpt>
   <trkpt lat="43.8030400" lon="5.7033340">
    <ele>413.3</ele>
   </trkpt>
   <trkpt lat="43.8030850" lon="5.7033470">
    <ele>413.5</ele>
   </trkpt>
   <trkpt lat="43.8031300" lon="5.7033620">
    <ele>413.7</ele>
   </trkpt>
   <trkpt lat="43.8031730" lon="5.7033730">
    <ele>413.9</ele>
   </trkpt>
   <trkpt lat="43.8032120" lon="5.7033820">
    <ele>414.0</ele>
   </trkpt>
   <trkpt lat="43.8032550" lon="5.7033940">
    <ele>414.2</ele>
   </trkpt>
   <trkpt lat="43.8032960" lon="5.7034110">
    <ele>414.3</ele>
   </trkpt>
   <trkpt lat="43.8033380" lon="5.7034280">
    <ele>414.5</ele>
   </trkpt>
   <trkpt lat="43.8033780" lon="5.7034430">
    <ele>414.6</ele>
   </trkpt>
   <trkpt lat="43.8034230" lon="5.7034580">
    <ele>414.8</ele>
   </trkpt>
   <trkpt lat="43.8035010" lon="5.7035030">
    <ele>415.1</ele>
   </trkpt>
   <trkpt lat="43.8035410" lon="5.7035300">
    <ele>415.2</ele>
   </trkpt>
   <trkpt lat="43.8035760" lon="5.7035560">
    <ele>415.4</ele>
   </trkpt>
   <trkpt lat="43.8036090" lon="5.7035820">
    <ele>415.5</ele>
   </trkpt>
   <trkpt lat="43.8036440" lon="5.7036110">
    <ele>415.6</ele>
   </trkpt>
   <trkpt lat="43.8036770" lon="5.7036370">
    <ele>415.7</ele>
   </trkpt>
   <trkpt lat="43.8037080" lon="5.7036770">
    <ele>415.9</ele>
   </trkpt>
   <trkpt lat="43.8037370" lon="5.7037160">
    <ele>416.0</ele>
   </trkpt>
   <trkpt lat="43.8037650" lon="5.7037550">
    <ele>416.2</ele>
   </trkpt>
   <trkpt lat="43.8037940" lon="5.7037960">
    <ele>416.3</ele>
   </trkpt>
   <trkpt lat="43.8038190" lon="5.7038360">
    <ele>416.4</ele>
   </trkpt>
   <trkpt lat="43.8038470" lon="5.7038740">
    <ele>416.6</ele>
   </trkpt>
   <trkpt lat="43.8038740" lon="5.7039140">
    <ele>416.7</ele>
   </trkpt>
   <trkpt lat="43.8039210" lon="5.7040040">
    <ele>416.9</ele>
   </trkpt>
   <trkpt lat="43.8039460" lon="5.7040530">
    <ele>417.0</ele>
   </trkpt>
   <trkpt lat="43.8039720" lon="5.7040940">
    <ele>417.0</ele>
   </trkpt>
   <trkpt lat="43.8040020" lon="5.7041370">
    <ele>417.1</ele>
   </trkpt>
   <trkpt lat="43.8040300" lon="5.7041810">
    <ele>417.2</ele>
   </trkpt>
   <trkpt lat="43.8040570" lon="5.7042230">
    <ele>417.3</ele>
   </trkpt>
   <trkpt lat="43.8040850" lon="5.7042660">
    <ele>417.3</ele>
   </trkpt>
   <trkpt lat="43.8041160" lon="5.7043080">
    <ele>417.4</ele>
   </trkpt>
   <trkpt lat="43.8041400" lon="5.7043500">
    <ele>417.4</ele>
   </trkpt>
   <trkpt lat="43.8041630" lon="5.7043940">
    <ele>417.5</ele>
   </trkpt>
   <trkpt lat="43.8041900" lon="5.7044380">
    <ele>417.5</ele>
   </trkpt>
   <trkpt lat="43.8042160" lon="5.7044840">
    <ele>417.5</ele>
   </trkpt>
   <trkpt lat="43.8042400" lon="5.7045280">
    <ele>417.5</ele>
   </trkpt>
   <trkpt lat="43.8042640" lon="5.7045720">
    <ele>417.4</ele>
   </trkpt>
   <trkpt lat="43.8042920" lon="5.7046210">
    <ele>417.3</ele>
   </trkpt>
   <trkpt lat="43.8043210" lon="5.7046750">
    <ele>417.2</ele>
   </trkpt>
   <trkpt lat="43.8043540" lon="5.7047250">
    <ele>417.1</ele>
   </trkpt>
   <trkpt lat="43.8043880" lon="5.7047810">
    <ele>416.9</ele>
   </trkpt>
   <trkpt lat="43.8044230" lon="5.7048380">
    <ele>416.7</ele>
   </trkpt>
   <trkpt lat="43.8044580" lon="5.7049020">
    <ele>416.5</ele>
   </trkpt>
   <trkpt lat="43.8044920" lon="5.7049720">
    <ele>416.3</ele>
   </trkpt>
   <trkpt lat="43.8045240" lon="5.7050490">
    <ele>416.0</ele>
   </trkpt>
   <trkpt lat="43.8045570" lon="5.7051370">
    <ele>415.8</ele>
   </trkpt>
   <trkpt lat="43.8045850" lon="5.7052320">
    <ele>415.5</ele>
   </trkpt>
   <trkpt lat="43.8046120" lon="5.7053290">
    <ele>415.1</ele>
   </trkpt>
   <trkpt lat="43.8046310" lon="5.7054310">
    <ele>414.7</ele>
   </trkpt>
   <trkpt lat="43.8046470" lon="5.7055390">
    <ele>414.3</ele>
   </trkpt>
   <trkpt lat="43.8046590" lon="5.7056480">
    <ele>413.9</ele>
   </trkpt>
   <trkpt lat="43.8046700" lon="5.7057580">
    <ele>413.5</ele>
   </trkpt>
   <trkpt lat="43.8046810" lon="5.7058710">
    <ele>413.1</ele>
   </trkpt>
   <trkpt lat="43.8046950" lon="5.7059850">
    <ele>412.6</ele>
   </trkpt>
   <trkpt lat="43.8047060" lon="5.7061050">
    <ele>412.1</ele>
   </trkpt>
   <trkpt lat="43.8047190" lon="5.7062250">
    <ele>411.7</ele>
   </trkpt>
   <trkpt lat="43.8047400" lon="5.7063460">
    <ele>411.2</ele>
   </trkpt>
   <trkpt lat="43.8047750" lon="5.7064610">
    <ele>410.8</ele>
   </trkpt>
   <trkpt lat="43.8048330" lon="5.7065590">
    <ele>410.3</ele>
   </trkpt>
   <trkpt lat="43.8049060" lon="5.7066400">
    <ele>409.9</ele>
   </trkpt>
   <trkpt lat="43.8049910" lon="5.7066950">
    <ele>409.4</ele>
   </trkpt>
   <trkpt lat="43.8050830" lon="5.7067200">
    <ele>408.9</ele>
   </trkpt>
   <trkpt lat="43.8051850" lon="5.7067070">
    <ele>408.4</ele>
   </trkpt>
   <trkpt lat="43.8052890" lon="5.7066500">
    <ele>407.8</ele>
   </trkpt>
   <trkpt lat="43.8053880" lon="5.7065830">
    <ele>407.2</ele>
   </trkpt>
   <trkpt lat="43.8054910" lon="5.7065510">
    <ele>406.7</ele>
   </trkpt>
   <trkpt lat="43.8056040" lon="5.7065600">
    <ele>406.1</ele>
   </trkpt>
   <trkpt lat="43.8057130" lon="5.7066040">
    <ele>405.5</ele>
   </trkpt>
   <trkpt lat="43.8057990" lon="5.7067050">
    <ele>404.9</ele>
   </trkpt>
   <trkpt lat="43.8058590" lon="5.7068400">
    <ele>404.3</ele>
   </trkpt>
   <trkpt lat="43.8059000" lon="5.7069850">
    <ele>403.6</ele>
   </trkpt>
   <trkpt lat="43.8059260" lon="5.7071320">
    <ele>403.0</ele>
   </trkpt>
   <trkpt lat="43.8059440" lon="5.7072830">
    <ele>402.4</ele>
   </trkpt>
   <trkpt lat="43.8059650" lon="5.7074340">
    <ele>401.8</ele>
   </trkpt>
   <trkpt lat="43.8059870" lon="5.7075840">
    <ele>401.2</ele>
   </trkpt>
   <trkpt lat="43.8060070" lon="5.7077390">
    <ele>400.6</ele>
   </trkpt>
   <trkpt lat="43.8060250" lon="5.7078850">
    <ele>400.0</ele>
   </trkpt>
   <trkpt lat="43.8060430" lon="5.7080360">
    <ele>399.3</ele>
   </trkpt>
   <trkpt lat="43.8060640" lon="5.7081890">
    <ele>398.6</ele>
   </trkpt>
   <trkpt lat="43.8060800" lon="5.7083420">
    <ele>398.0</ele>
   </trkpt>
   <trkpt lat="43.8060910" lon="5.7084930">
    <ele>397.3</ele>
   </trkpt>
   <trkpt lat="43.8060970" lon="5.7086520">
    <ele>396.6</ele>
   </trkpt>
   <trkpt lat="43.8060980" lon="5.7088080">
    <ele>395.9</ele>
   </trkpt>
   <trkpt lat="43.8061010" lon="5.7089610">
    <ele>395.3</ele>
   </trkpt>
   <trkpt lat="43.8061040" lon="5.7091170">
    <ele>394.6</ele>
   </trkpt>
   <trkpt lat="43.8061080" lon="5.7092750">
    <ele>394.0</ele>
   </trkpt>
   <trkpt lat="43.8061090" lon="5.7094280">
    <ele>393.4</ele>
   </trkpt>
   <trkpt lat="43.8061080" lon="5.7095810">
    <ele>392.8</ele>
   </trkpt>
   <trkpt lat="43.8061050" lon="5.7097310">
    <ele>392.2</ele>
   </trkpt>
   <trkpt lat="43.8061030" lon="5.7098830">
    <ele>391.6</ele>
   </trkpt>
   <trkpt lat="43.8060980" lon="5.7100360">
    <ele>390.9</ele>
   </trkpt>
   <trkpt lat="43.8060990" lon="5.7101940">
    <ele>390.3</ele>
   </trkpt>
   <trkpt lat="43.8061070" lon="5.7103510">
    <ele>389.6</ele>
   </trkpt>
   <trkpt lat="43.8061160" lon="5.7105070">
    <ele>389.0</ele>
   </trkpt>
   <trkpt lat="43.8061310" lon="5.7106600">
    <ele>388.5</ele>
   </trkpt>
   <trkpt lat="43.8061630" lon="5.7108100">
    <ele>388.0</ele>
   </trkpt>
   <trkpt lat="43.8062100" lon="5.7109610">
    <ele>387.6</ele>
   </trkpt>
   <trkpt lat="43.8062650" lon="5.7111030">
    <ele>387.2</ele>
   </trkpt>
   <trkpt lat="43.8063240" lon="5.7112440">
    <ele>386.7</ele>
   </trkpt>
   <trkpt lat="43.8063840" lon="5.7113840">
    <ele>386.2</ele>
   </trkpt>
   <trkpt lat="43.8064370" lon="5.7115210">
    <ele>385.7</ele>
   </trkpt>
   <trkpt lat="43.8064840" lon="5.7116690">
    <ele>385.1</ele>
   </trkpt>
   <trkpt lat="43.8065210" lon="5.7118110">
    <ele>384.5</ele>
   </trkpt>
   <trkpt lat="43.8065550" lon="5.7119630">
    <ele>383.9</ele>
   </trkpt>
   <trkpt lat="43.8065860" lon="5.7121130">
    <ele>383.3</ele>
   </trkpt>
   <trkpt lat="43.8066070" lon="5.7122610">
    <ele>382.7</ele>
   </trkpt>
   <trkpt lat="43.8066190" lon="5.7124120">
    <ele>382.1</ele>
   </trkpt>
   <trkpt lat="43.8066220" lon="5.7125650">
    <ele>381.6</ele>
   </trkpt>
   <trkpt lat="43.8066080" lon="5.7127190">
    <ele>381.3</ele>
   </trkpt>
   <trkpt lat="43.8065870" lon="5.7128720">
    <ele>380.9</ele>
   </trkpt>
   <trkpt lat="43.8065720" lon="5.7130230">
    <ele>380.3</ele>
   </trkpt>
   <trkpt lat="43.8065600" lon="5.7131710">
    <ele>379.8</ele>
   </trkpt>
   <trkpt lat="43.8065430" lon="5.7133210">
    <ele>379.2</ele>
   </trkpt>
   <trkpt lat="43.8065280" lon="5.7134710">
    <ele>378.7</ele>
   </trkpt>
   <trkpt lat="43.8065140" lon="5.7136230">
    <ele>378.1</ele>
   </trkpt>
   <trkpt lat="43.8065050" lon="5.7137720">
    <ele>377.6</ele>
   </trkpt>
   <trkpt lat="43.8065050" lon="5.7139250">
    <ele>377.0</ele>
   </trkpt>
   <trkpt lat="43.8065220" lon="5.7140830">
    <ele>376.4</ele>
   </trkpt>
   <trkpt lat="43.8065600" lon="5.7142300">
    <ele>375.8</ele>
   </trkpt>
   <trkpt lat="43.8066060" lon="5.7143740">
    <ele>375.2</ele>
   </trkpt>
   <trkpt lat="43.8066450" lon="5.7145210">
    <ele>374.6</ele>
   </trkpt>
   <trkpt lat="43.8066740" lon="5.7146740">
    <ele>373.9</ele>
   </trkpt>
   <trkpt lat="43.8066900" lon="5.7148330">
    <ele>373.4</ele>
   </trkpt>
   <trkpt lat="43.8066850" lon="5.7149940">
    <ele>372.8</ele>
   </trkpt>
   <trkpt lat="43.8066530" lon="5.7151500">
    <ele>372.3</ele>
   </trkpt>
   <trkpt lat="43.8066120" lon="5.7153020">
    <ele>371.9</ele>
   </trkpt>
   <trkpt lat="43.8065790" lon="5.7154500">
    <ele>371.5</ele>
   </trkpt>
   <trkpt lat="43.8065500" lon="5.7156010">
    <ele>371.1</ele>
   </trkpt>
   <trkpt lat="43.8065230" lon="5.7157470">
    <ele>370.8</ele>
   </trkpt>
   <trkpt lat="43.8064940" lon="5.7158920">
    <ele>370.4</ele>
   </trkpt>
   <trkpt lat="43.8064660" lon="5.7160410">
    <ele>370.1</ele>
   </trkpt>
   <trkpt lat="43.8064400" lon="5.7161870">
    <ele>369.7</ele>
   </trkpt>
   <trkpt lat="43.8064150" lon="5.7163380">
    <ele>369.3</ele>
   </trkpt>
   <trkpt lat="43.8063900" lon="5.7164850">
    <ele>368.9</ele>
   </trkpt>
   <trkpt lat="43.8063640" lon="5.7166350">
    <ele>368.5</ele>
   </trkpt>
   <trkpt lat="43.8063350" lon="5.7167780">
    <ele>368.2</ele>
   </trkpt>
   <trkpt lat="43.8063100" lon="5.7169180">
    <ele>367.8</ele>
   </trkpt>
   <trkpt lat="43.8062850" lon="5.7170650">
    <ele>367.5</ele>
   </trkpt>
   <trkpt lat="43.8062640" lon="5.7172070">
    <ele>367.1</ele>
   </trkpt>
   <trkpt lat="43.8062500" lon="5.7173480">
    <ele>366.7</ele>
   </trkpt>
   <trkpt lat="43.8062350" lon="5.7174940">
    <ele>366.3</ele>
   </trkpt>
   <trkpt lat="43.8062220" lon="5.7176410">
    <ele>365.9</ele>
   </trkpt>
   <trkpt lat="43.8062060" lon="5.7177820">
    <ele>365.4</ele>
   </trkpt>
   <trkpt lat="43.8061760" lon="5.7180710">
    <ele>364.4</ele>
   </trkpt>
   <trkpt lat="43.8061580" lon="5.7182190">
    <ele>363.9</ele>
   </trkpt>
   <trkpt lat="43.8061390" lon="5.7183660">
    <ele>363.4</ele>
   </trkpt>
   <trkpt lat="43.8061190" lon="5.7185150">
    <ele>362.8</ele>
   </trkpt>
   <trkpt lat="43.8060950" lon="5.7186590">
    <ele>362.2</ele>
   </trkpt>
   <trkpt lat="43.8060730" lon="5.7188020">
    <ele>361.6</ele>
   </trkpt>
   <trkpt lat="43.8060790" lon="5.7189450">
    <ele>361.1</ele>
   </trkpt>
   <trkpt lat="43.8061070" lon="5.7190780">
    <ele>360.5</ele>
   </trkpt>
   <trkpt lat="43.8061660" lon="5.7191830">
    <ele>360.0</ele>
   </trkpt>
   <trkpt lat="43.8062640" lon="5.7192480">
    <ele>359.4</ele>
   </trkpt>
   <trkpt lat="43.8063630" lon="5.7192850">
    <ele>358.9</ele>
   </trkpt>
   <trkpt lat="43.8064340" lon="5.7193610">
    <ele>358.5</ele>
   </trkpt>
   <trkpt lat="43.8064710" lon="5.7194690">
    <ele>358.0</ele>
   </trkpt>
   <trkpt lat="43.8064590" lon="5.7196040">
    <ele>357.3</ele>
   </trkpt>
   <trkpt lat="43.8064070" lon="5.7197210">
    <ele>356.7</ele>
   </trkpt>
   <trkpt lat="43.8063420" lon="5.7198120">
    <ele>356.1</ele>
   </trkpt>
   <trkpt lat="43.8062780" lon="5.7198830">
    <ele>355.5</ele>
   </trkpt>
   <trkpt lat="43.8062320" lon="5.7199470">
    <ele>355.1</ele>
   </trkpt>
   <trkpt lat="43.8062070" lon="5.7200260">
    <ele>354.7</ele>
   </trkpt>
   <trkpt lat="43.8062030" lon="5.7201300">
    <ele>354.2</ele>
   </trkpt>
   <trkpt lat="43.8062230" lon="5.7202280">
    <ele>353.7</ele>
   </trkpt>
   <trkpt lat="43.8062760" lon="5.7203060">
    <ele>353.2</ele>
   </trkpt>
   <trkpt lat="43.8063550" lon="5.7203350">
    <ele>352.6</ele>
   </trkpt>
   <trkpt lat="43.8064340" lon="5.7203200">
    <ele>352.1</ele>
   </trkpt>
   <trkpt lat="43.8065810" lon="5.7201860">
    <ele>351.1</ele>
   </trkpt>
   <trkpt lat="43.8066410" lon="5.7201030">
    <ele>350.7</ele>
   </trkpt>
   <trkpt lat="43.8067210" lon="5.7200390">
    <ele>350.2</ele>
   </trkpt>
   <trkpt lat="43.8068200" lon="5.7200390">
    <ele>349.6</ele>
   </trkpt>
   <trkpt lat="43.8069140" lon="5.7200620">
    <ele>349.0</ele>
   </trkpt>
   <trkpt lat="43.8070110" lon="5.7200860">
    <ele>348.5</ele>
   </trkpt>
   <trkpt lat="43.8071070" lon="5.7201090">
    <ele>348.0</ele>
   </trkpt>
   <trkpt lat="43.8072010" lon="5.7201350">
    <ele>347.7</ele>
   </trkpt>
   <trkpt lat="43.8072940" lon="5.7201750">
    <ele>347.3</ele>
   </trkpt>
   <trkpt lat="43.8073890" lon="5.7202050">
    <ele>347.0</ele>
   </trkpt>
   <trkpt lat="43.8074780" lon="5.7202270">
    <ele>346.7</ele>
   </trkpt>
   <trkpt lat="43.8075590" lon="5.7202510">
    <ele>346.6</ele>
   </trkpt>
   <trkpt lat="43.8076490" lon="5.7202720">
    <ele>346.4</ele>
   </trkpt>
   <trkpt lat="43.8077250" lon="5.7203180">
    <ele>346.4</ele>
   </trkpt>
   <trkpt lat="43.8077800" lon="5.7204010">
    <ele>346.3</ele>
   </trkpt>
   <trkpt lat="43.8078030" lon="5.7205180">
    <ele>346.2</ele>
   </trkpt>
   <trkpt lat="43.8077810" lon="5.7206310">
    <ele>346.1</ele>
   </trkpt>
   <trkpt lat="43.8077350" lon="5.7207190">
    <ele>345.9</ele>
   </trkpt>
   <trkpt lat="43.8076720" lon="5.7207960">
    <ele>345.7</ele>
   </trkpt>
   <trkpt lat="43.8076060" lon="5.7208780">
    <ele>345.5</ele>
   </trkpt>
   <trkpt lat="43.8075420" lon="5.7209640">
    <ele>345.3</ele>
   </trkpt>
   <trkpt lat="43.8074830" lon="5.7210450">
    <ele>345.1</ele>
   </trkpt>
   <trkpt lat="43.8074290" lon="5.7211310">
    <ele>344.9</ele>
   </trkpt>
   <trkpt lat="43.8073770" lon="5.7212230">
    <ele>344.7</ele>
   </trkpt>
   <trkpt lat="43.8073300" lon="5.7213200">
    <ele>344.5</ele>
   </trkpt>
   <trkpt lat="43.8073010" lon="5.7214180">
    <ele>344.4</ele>
   </trkpt>
   <trkpt lat="43.8073030" lon="5.7215350">
    <ele>344.3</ele>
   </trkpt>
   <trkpt lat="43.8073180" lon="5.7216470">
    <ele>344.2</ele>
   </trkpt>
   <trkpt lat="43.8073280" lon="5.7217590">
    <ele>344.0</ele>
   </trkpt>
   <trkpt lat="43.8073420" lon="5.7218680">
    <ele>343.9</ele>
   </trkpt>
   <trkpt lat="43.8073510" lon="5.7219820">
    <ele>343.7</ele>
   </trkpt>
   <trkpt lat="43.8073540" lon="5.7220930">
    <ele>343.6</ele>
   </trkpt>
   <trkpt lat="43.8073560" lon="5.7222140">
    <ele>343.4</ele>
   </trkpt>
   <trkpt lat="43.8073520" lon="5.7223380">
    <ele>343.3</ele>
   </trkpt>
   <trkpt lat="43.8073430" lon="5.7224630">
    <ele>343.2</ele>
   </trkpt>
   <trkpt lat="43.8073280" lon="5.7225790">
    <ele>342.9</ele>
   </trkpt>
   <trkpt lat="43.8073090" lon="5.7226990">
    <ele>342.7</ele>
   </trkpt>
   <trkpt lat="43.8072910" lon="5.7228200">
    <ele>342.5</ele>
   </trkpt>
   <trkpt lat="43.8072720" lon="5.7229470">
    <ele>342.3</ele>
   </trkpt>
   <trkpt lat="43.8072540" lon="5.7230740">
    <ele>342.1</ele>
   </trkpt>
   <trkpt lat="43.8072350" lon="5.7232020">
    <ele>341.9</ele>
   </trkpt>
   <trkpt lat="43.8072040" lon="5.7234430">
    <ele>341.6</ele>
   </trkpt>
   <trkpt lat="43.8071900" lon="5.7235630">
    <ele>341.4</ele>
   </trkpt>
   <trkpt lat="43.8071760" lon="5.7236830">
    <ele>341.4</ele>
   </trkpt>
   <trkpt lat="43.8071590" lon="5.7237960">
    <ele>341.3</ele>
   </trkpt>
   <trkpt lat="43.8071440" lon="5.7239190">
    <ele>341.3</ele>
   </trkpt>
   <trkpt lat="43.8071330" lon="5.7240440">
    <ele>341.3</ele>
   </trkpt>
   <trkpt lat="43.8071190" lon="5.7241660">
    <ele>341.4</ele>
   </trkpt>
   <trkpt lat="43.8071110" lon="5.7242830">
    <ele>341.4</ele>
   </trkpt>
   <trkpt lat="43.8071040" lon="5.7243990">
    <ele>341.4</ele>
   </trkpt>
   <trkpt lat="43.8070980" lon="5.7245100">
    <ele>341.4</ele>
   </trkpt>
   <trkpt lat="43.8070930" lon="5.7246250">
    <ele>341.4</ele>
   </trkpt>
   <trkpt lat="43.8070910" lon="5.7247410">
    <ele>341.5</ele>
   </trkpt>
   <trkpt lat="43.8070850" lon="5.7248530">
    <ele>341.4</ele>
   </trkpt>
   <trkpt lat="43.8070800" lon="5.7249630">
    <ele>341.4</ele>
   </trkpt>
   <trkpt lat="43.8070740" lon="5.7250720">
    <ele>341.4</ele>
   </trkpt>
   <trkpt lat="43.8070710" lon="5.7251750">
    <ele>341.4</ele>
   </trkpt>
   <trkpt lat="43.8070610" lon="5.7252740">
    <ele>341.5</ele>
   </trkpt>
   <trkpt lat="43.8070510" lon="5.7253730">
    <ele>341.5</ele>
   </trkpt>
   <trkpt lat="43.8070400" lon="5.7254700">
    <ele>341.6</ele>
   </trkpt>
   <trkpt lat="43.8070310" lon="5.7255650">
    <ele>341.7</ele>
   </trkpt>
   <trkpt lat="43.8070210" lon="5.7256620">
    <ele>341.8</ele>
   </trkpt>
   <trkpt lat="43.8070090" lon="5.7257540">
    <ele>341.9</ele>
   </trkpt>
   <trkpt lat="43.8069950" lon="5.7258420">
    <ele>342.0</ele>
   </trkpt>
   <trkpt lat="43.8069790" lon="5.7259210">
    <ele>342.2</ele>
   </trkpt>
   <trkpt lat="43.8069690" lon="5.7259990">
    <ele>342.2</ele>
   </trkpt>
   <trkpt lat="43.8069640" lon="5.7260730">
    <ele>342.2</ele>
   </trkpt>
   <trkpt lat="43.8069600" lon="5.7261500">
    <ele>342.2</ele>
   </trkpt>
   <trkpt lat="43.8069670" lon="5.7262270">
    <ele>342.3</ele>
   </trkpt>
   <trkpt lat="43.8069770" lon="5.7263010">
    <ele>342.2</ele>
   </trkpt>
   <trkpt lat="43.8069950" lon="5.7263700">
    <ele>342.2</ele>
   </trkpt>
   <trkpt lat="43.8070260" lon="5.7264320">
    <ele>342.2</ele>
   </trkpt>
   <trkpt lat="43.8070610" lon="5.7265020">
    <ele>342.2</ele>
   </trkpt>
   <trkpt lat="43.8070930" lon="5.7265760">
    <ele>342.1</ele>
   </trkpt>
   <trkpt lat="43.8071300" lon="5.7266460">
    <ele>342.1</ele>
   </trkpt>
   <trkpt lat="43.8071790" lon="5.7267190">
    <ele>342.1</ele>
   </trkpt>
   <trkpt lat="43.8072240" lon="5.7267980">
    <ele>342.0</ele>
   </trkpt>
   <trkpt lat="43.8072650" lon="5.7268830">
    <ele>342.0</ele>
   </trkpt>
   <trkpt lat="43.8072970" lon="5.7269620">
    <ele>341.9</ele>
   </trkpt>
   <trkpt lat="43.8073060" lon="5.7270370">
    <ele>341.9</ele>
   </trkpt>
   <trkpt lat="43.8073080" lon="5.7270950">
    <ele>341.9</ele>
   </trkpt>
   <trkpt lat="43.8073030" lon="5.7271490">
    <ele>341.9</ele>
   </trkpt>
   <trkpt lat="43.8072960" lon="5.7271770">
    <ele>341.9</ele>
   </trkpt>
   <trkpt lat="43.8072930" lon="5.7271860">
    <ele>341.9</ele>
   </trkpt>
   <trkpt lat="43.8072840" lon="5.7271870">
    <ele>341.9</ele>
   </trkpt>
   <trkpt lat="43.8072790" lon="5.7271920">
    <ele>341.9</ele>
   </trkpt>
   <trkpt lat="43.8072850" lon="5.7272030">
    <ele>341.9</ele>
   </trkpt>
   <trkpt lat="43.8072890" lon="5.7272030">
    <ele>341.9</ele>
   </trkpt>
   <trkpt lat="43.8072900" lon="5.7272030">
    <ele>341.9</ele>
   </trkpt>
   <trkpt lat="43.8072900" lon="5.7272030">
    <ele>341.9</ele>
   </trkpt>
   <trkpt lat="43.8072900" lon="5.7272030">
    <ele>341.9</ele>
   </trkpt>
   <trkpt lat="43.8072900" lon="5.7272030">
    <ele>341.9</ele>
   </trkpt>
   <trkpt lat="43.8072900" lon="5.7272030">
    <ele>341.9</ele>
   </trkpt>
   <trkpt lat="43.8072900" lon="5.7272030">
    <ele>341.9</ele>
   </trkpt>
   <trkpt lat="43.8072900" lon="5.7272030">
    <ele>341.9</ele>
   </trkpt>
   <trkpt lat="43.8072900" lon="5.7272030">
    <ele>341.9</ele>
   </trkpt>
   <trkpt lat="43.8072900" lon="5.7272030">
    <ele>341.9</ele>
   </trkpt>
   <trkpt lat="43.8072900" lon="5.7272030">
    <ele>341.9</ele>
   </trkpt>
   <trkpt lat="43.8073290" lon="5.7272010">
    <ele>341.9</ele>
   </trkpt>
   <trkpt lat="43.8073390" lon="5.7271970">
    <ele>341.9</ele>
   </trkpt>
   <trkpt lat="43.8073450" lon="5.7271890">
    <ele>341.9</ele>
   </trkpt>
   <trkpt lat="43.8073500" lon="5.7271710">
    <ele>341.8</ele>
   </trkpt>
   <trkpt lat="43.8073460" lon="5.7271630">
    <ele>341.8</ele>
   </trkpt>
   <trkpt lat="43.8073370" lon="5.7271510">
    <ele>341.8</ele>
   </trkpt>
   <trkpt lat="43.8073250" lon="5.7271520">
    <ele>341.7</ele>
   </trkpt>
   <trkpt lat="43.8073180" lon="5.7271500">
    <ele>341.7</ele>
   </trkpt>
   <trkpt lat="43.8073130" lon="5.7271470">
    <ele>341.7</ele>
   </trkpt>
   <trkpt lat="43.8073080" lon="5.7271430">
    <ele>341.6</ele>
   </trkpt>
   <trkpt lat="43.8073030" lon="5.7271400">
    <ele>341.6</ele>
   </trkpt>
   <trkpt lat="43.8072980" lon="5.7271370">
    <ele>341.6</ele>
   </trkpt>
   <trkpt lat="43.8072930" lon="5.7271340">
    <ele>341.6</ele>
   </trkpt>
   <trkpt lat="43.8072870" lon="5.7271310">
    <ele>341.6</ele>
   </trkpt>
   <trkpt lat="43.8072820" lon="5.7271280">
    <ele>341.5</ele>
   </trkpt>
   <trkpt lat="43.8072770" lon="5.7271240">
    <ele>341.5</ele>
   </trkpt>
   <trkpt lat="43.8072720" lon="5.7271210">
    <ele>341.5</ele>
   </trkpt>
   <trkpt lat="43.8072670" lon="5.7271180">
    <ele>341.5</ele>
   </trkpt>
   <trkpt lat="43.8072620" lon="5.7271150">
    <ele>341.5</ele>
   </trkpt>
   <trkpt lat="43.8072360" lon="5.7270960">
    <ele>341.4</ele>
   </trkpt>
   <trkpt lat="43.8072000" lon="5.7270880">
    <ele>341.2</ele>
   </trkpt>
   <trkpt lat="43.8071680" lon="5.7270940">
    <ele>341.1</ele>
   </trkpt>
   <trkpt lat="43.8071290" lon="5.7271020">
    <ele>341.0</ele>
   </trkpt>
   <trkpt lat="43.8070930" lon="5.7271050">
    <ele>340.8</ele>
   </trkpt>
   <trkpt lat="43.8070590" lon="5.7271110">
    <ele>340.7</ele>
   </trkpt>
   <trkpt lat="43.8070290" lon="5.7271080">
    <ele>340.6</ele>
   </trkpt>
   <trkpt lat="43.8069940" lon="5.7271090">
    <ele>340.5</ele>
   </trkpt>
   <trkpt lat="43.8069620" lon="5.7271180">
    <ele>340.3</ele>
   </trkpt>
   <trkpt lat="43.8069290" lon="5.7271440">
    <ele>340.2</ele>
   </trkpt>
   <trkpt lat="43.8068980" lon="5.7271880">
    <ele>340.0</ele>
   </trkpt>
   <trkpt lat="43.8068620" lon="5.7272170">
    <ele>339.9</ele>
   </trkpt>
   <trkpt lat="43.8068270" lon="5.7272220">
    <ele>339.8</ele>
   </trkpt>
   <trkpt lat="43.8067970" lon="5.7272260">
    <ele>339.6</ele>
   </trkpt>
   <trkpt lat="43.8067640" lon="5.7272290">
    <ele>339.5</ele>
   </trkpt>
   <trkpt lat="43.8067300" lon="5.7272340">
    <ele>339.4</ele>
   </trkpt>
   <trkpt lat="43.8066860" lon="5.7272400">
    <ele>339.3</ele>
   </trkpt>
   <trkpt lat="43.8066430" lon="5.7272380">
    <ele>339.2</ele>
   </trkpt>
   <trkpt lat="43.8065970" lon="5.7272450">
    <ele>339.0</ele>
   </trkpt>
   <trkpt lat="43.8065530" lon="5.7272510">
    <ele>338.9</ele>
   </trkpt>
   <trkpt lat="43.8065140" lon="5.7272520">
    <ele>338.9</ele>
   </trkpt>
   <trkpt lat="43.8064740" lon="5.7272380">
    <ele>338.8</ele>
   </trkpt>
   <trkpt lat="43.8064280" lon="5.7272310">
    <ele>338.7</ele>
   </trkpt>
   <trkpt lat="43.8063890" lon="5.7272270">
    <ele>338.7</ele>
   </trkpt>
   <trkpt lat="43.8063560" lon="5.7272250">
    <ele>338.6</ele>
   </trkpt>
   <trkpt lat="43.8063330" lon="5.7272240">
    <ele>338.6</ele>
   </trkpt>
   <trkpt lat="43.8063260" lon="5.7272210">
    <ele>338.6</ele>
   </trkpt>
   <trkpt lat="43.8063200" lon="5.7272180">
    <ele>338.6</ele>
   </trkpt>
   <trkpt lat="43.8063120" lon="5.7272140">
    <ele>338.6</ele>
   </trkpt>
   <trkpt lat="43.8063050" lon="5.7272110">
    <ele>338.6</ele>
   </trkpt>
   <trkpt lat="43.8062980" lon="5.7272080">
    <ele>338.6</ele>
   </trkpt>
   <trkpt lat="43.8062900" lon="5.7272040">
    <ele>338.5</ele>
   </trkpt>
   <trkpt lat="43.8062830" lon="5.7272010">
    <ele>338.5</ele>
   </trkpt>
   <trkpt lat="43.8062760" lon="5.7271980">
    <ele>338.5</ele>
   </trkpt>
   <trkpt lat="43.8062680" lon="5.7271940">
    <ele>338.5</ele>
   </trkpt>
   <trkpt lat="43.8062610" lon="5.7271910">
    <ele>338.5</ele>
   </trkpt>
   <trkpt lat="43.8062540" lon="5.7271880">
    <ele>338.5</ele>
   </trkpt>
   <trkpt lat="43.8062460" lon="5.7271840">
    <ele>338.5</ele>
   </trkpt>
   <trkpt lat="43.8062390" lon="5.7271810">
    <ele>338.5</ele>
   </trkpt>
   <trkpt lat="43.8061950" lon="5.7271600">
    <ele>338.4</ele>
   </trkpt>
   <trkpt lat="43.8061740" lon="5.7271510">
    <ele>338.4</ele>
   </trkpt>
   <trkpt lat="43.8061340" lon="5.7271270">
    <ele>338.4</ele>
   </trkpt>
   <trkpt lat="43.8060930" lon="5.7271100">
    <ele>338.4</ele>
   </trkpt>
   <trkpt lat="43.8060530" lon="5.7270870">
    <ele>338.3</ele>
   </trkpt>
   <trkpt lat="43.8060140" lon="5.7270680">
    <ele>338.3</ele>
   </trkpt>
   <trkpt lat="43.8059780" lon="5.7270500">
    <ele>338.3</ele>
   </trkpt>
   <trkpt lat="43.8059360" lon="5.7270390">
    <ele>338.3</ele>
   </trkpt>
   <trkpt lat="43.8058950" lon="5.7270190">
    <ele>338.3</ele>
   </trkpt>
   <trkpt lat="43.8058570" lon="5.7270060">
    <ele>338.3</ele>
   </trkpt>
   <trkpt lat="43.8058220" lon="5.7269910">
    <ele>338.3</ele>
   </trkpt>
   <trkpt lat="43.8057880" lon="5.7269660">
    <ele>338.3</ele>
   </trkpt>
   <trkpt lat="43.8057560" lon="5.7269390">
    <ele>338.3</ele>
   </trkpt>
   <trkpt lat="43.8057230" lon="5.7269220">
    <ele>338.3</ele>
   </trkpt>
   <trkpt lat="43.8056880" lon="5.7269060">
    <ele>338.3</ele>
   </trkpt>
   <trkpt lat="43.8056550" lon="5.7268960">
    <ele>338.3</ele>
   </trkpt>
   <trkpt lat="43.8056230" lon="5.7268840">
    <ele>338.3</ele>
   </trkpt>
   <trkpt lat="43.8055900" lon="5.7268690">
    <ele>338.3</ele>
   </trkpt>
   <trkpt lat="43.8055540" lon="5.7268540">
    <ele>338.3</ele>
   </trkpt>
   <trkpt lat="43.8055170" lon="5.7268430">
    <ele>338.3</ele>
   </trkpt>
   <trkpt lat="43.8054740" lon="5.7268260">
    <ele>338.3</ele>
   </trkpt>
   <trkpt lat="43.8054300" lon="5.7268120">
    <ele>338.3</ele>
   </trkpt>
   <trkpt lat="43.8053860" lon="5.7268000">
    <ele>338.3</ele>
   </trkpt>
   <trkpt lat="43.8053440" lon="5.7267820">
    <ele>338.3</ele>
   </trkpt>
   <trkpt lat="43.8053000" lon="5.7267650">
    <ele>338.3</ele>
   </trkpt>
   <trkpt lat="43.8052670" lon="5.7267320">
    <ele>338.3</ele>
   </trkpt>
   <trkpt lat="43.8052500" lon="5.7266970">
    <ele>338.2</ele>
   </trkpt>
   <trkpt lat="43.8052430" lon="5.7266800">
    <ele>338.2</ele>
   </trkpt>
   <trkpt lat="43.8052420" lon="5.7266790">
    <ele>338.2</ele>
   </trkpt>
   <trkpt lat="43.8052450" lon="5.7266870">
    <ele>338.2</ele>
   </trkpt>
   <trkpt lat="43.8052490" lon="5.7266910">
    <ele>338.2</ele>
   </trkpt>
   <trkpt lat="43.8052480" lon="5.7266930">
    <ele>338.2</ele>
   </trkpt>
   <trkpt lat="43.8052480" lon="5.7266940">
    <ele>338.2</ele>
   </trkpt>
   <trkpt lat="43.8052480" lon="5.7266940">
    <ele>338.2</ele>
   </trkpt>
   <trkpt lat="43.8052480" lon="5.7266940">
    <ele>338.2</ele>
   </trkpt>
   <trkpt lat="43.8052480" lon="5.7266940">
    <ele>338.2</ele>
   </trkpt>
   <trkpt lat="43.8052480" lon="5.7266940">
    <ele>338.2</ele>
   </trkpt>
   <trkpt lat="43.8052480" lon="5.7266940">
    <ele>338.2</ele>
   </trkpt>
   <trkpt lat="43.8052470" lon="5.7266940">
    <ele>338.2</ele>
   </trkpt>
   <trkpt lat="43.8052810" lon="5.7266780">
    <ele>338.2</ele>
   </trkpt>
   <trkpt lat="43.8052850" lon="5.7266580">
    <ele>338.1</ele>
   </trkpt>
   <trkpt lat="43.8052860" lon="5.7266550">
    <ele>338.1</ele>
   </trkpt>
   <trkpt lat="43.8052850" lon="5.7266550">
    <ele>338.1</ele>
   </trkpt>
   <trkpt lat="43.8052850" lon="5.7266550">
    <ele>338.1</ele>
   </trkpt>
   <trkpt lat="43.8052650" lon="5.7266630">
    <ele>338.1</ele>
   </trkpt>
   <trkpt lat="43.8052510" lon="5.7266600">
    <ele>338.1</ele>
   </trkpt>
   <trkpt lat="43.8052380" lon="5.7266490">
    <ele>338.1</ele>
   </trkpt>
   <trkpt lat="43.8052270" lon="5.7266420">
    <ele>338.1</ele>
   </trkpt>
   <trkpt lat="43.8052270" lon="5.7266450">
    <ele>338.1</ele>
   </trkpt>
   <trkpt lat="43.8052260" lon="5.7266620">
    <ele>338.1</ele>
   </trkpt>
   <trkpt lat="43.8052260" lon="5.7266630">
    <ele>338.1</ele>
   </trkpt>
   <trkpt lat="43.8052210" lon="5.7266690">
    <ele>338.1</ele>
   </trkpt>
   <trkpt lat="43.8052160" lon="5.7266660">
    <ele>338.1</ele>
   </trkpt>
   <trkpt lat="43.8052100" lon="5.7266610">
    <ele>338.1</ele>
   </trkpt>
   <trkpt lat="43.8052050" lon="5.7266570">
    <ele>338.1</ele>
   </trkpt>
   <trkpt lat="43.8051990" lon="5.7266520">
    <ele>338.1</ele>
   </trkpt>
   <trkpt lat="43.8051940" lon="5.7266480">
    <ele>338.1</ele>
   </trkpt>
   <trkpt lat="43.8051880" lon="5.7266430">
    <ele>338.0</ele>
   </trkpt>
   <trkpt lat="43.8051830" lon="5.7266390">
    <ele>338.0</ele>
   </trkpt>
   <trkpt lat="43.8051580" lon="5.7266180">
    <ele>338.0</ele>
   </trkpt>
   <trkpt lat="43.8051370" lon="5.7265900">
    <ele>338.0</ele>
   </trkpt>
   <trkpt lat="43.8051150" lon="5.7265500">
    <ele>338.0</ele>
   </trkpt>
   <trkpt lat="43.8051050" lon="5.7265350">
    <ele>338.0</ele>
   </trkpt>
   <trkpt lat="43.8050770" lon="5.7264990">
    <ele>338.0</ele>
   </trkpt>
   <trkpt lat="43.8050580" lon="5.7264710">
    <ele>337.9</ele>
   </trkpt>
   <trkpt lat="43.8050420" lon="5.7264450">
    <ele>337.9</ele>
   </trkpt>
   <trkpt lat="43.8050130" lon="5.7263870">
    <ele>337.8</ele>
   </trkpt>
   <trkpt lat="43.8049980" lon="5.7263560">
    <ele>337.8</ele>
   </trkpt>
   <trkpt lat="43.8049790" lon="5.7263250">
    <ele>337.7</ele>
   </trkpt>
   <trkpt lat="43.8049660" lon="5.7262910">
    <ele>337.7</ele>
   </trkpt>
   <trkpt lat="43.8049490" lon="5.7262570">
    <ele>337.6</ele>
   </trkpt>
   <trkpt lat="43.8049280" lon="5.7262260">
    <ele>337.6</ele>
   </trkpt>
   <trkpt lat="43.8049070" lon="5.7261950">
    <ele>337.5</ele>
   </trkpt>
   <trkpt lat="43.8048850" lon="5.7261600">
    <ele>337.4</ele>
   </trkpt>
   <trkpt lat="43.8048690" lon="5.7261190">
    <ele>337.4</ele>
   </trkpt>
   <trkpt lat="43.8048530" lon="5.7260840">
    <ele>337.3</ele>
   </trkpt>
   <trkpt lat="43.8048360" lon="5.7260480">
    <ele>337.2</ele>
   </trkpt>
   <trkpt lat="43.8048140" lon="5.7260110">
    <ele>337.1</ele>
   </trkpt>
   <trkpt lat="43.8047940" lon="5.7259740">
    <ele>337.0</ele>
   </trkpt>
   <trkpt lat="43.8047760" lon="5.7259310">
    <ele>336.9</ele>
   </trkpt>
   <trkpt lat="43.8047520" lon="5.7258860">
    <ele>336.7</ele>
   </trkpt>
   <trkpt lat="43.8047320" lon="5.7258430">
    <ele>336.6</ele>
   </trkpt>
   <trkpt lat="43.8047070" lon="5.7258090">
    <ele>336.4</ele>
   </trkpt>
   <trkpt lat="43.8046840" lon="5.7257770">
    <ele>336.3</ele>
   </trkpt>
   <trkpt lat="43.8046620" lon="5.7257430">
    <ele>336.1</ele>
   </trkpt>
   <trkpt lat="43.8046420" lon="5.7256980">
    <ele>335.9</ele>
   </trkpt>
   <trkpt lat="43.8046080" lon="5.7256470">
    <ele>335.6</ele>
   </trkpt>
   <trkpt lat="43.8045710" lon="5.7255990">
    <ele>335.4</ele>
   </trkpt>
   <trkpt lat="43.8045390" lon="5.7255640">
    <ele>335.2</ele>
   </trkpt>
   <trkpt lat="43.8045040" lon="5.7255150">
    <ele>335.0</ele>
   </trkpt>
   <trkpt lat="43.8044710" lon="5.7254620">
    <ele>334.8</ele>
   </trkpt>
   <trkpt lat="43.8044330" lon="5.7254160">
    <ele>334.7</ele>
   </trkpt>
   <trkpt lat="43.8044050" lon="5.7253710">
    <ele>334.6</ele>
   </trkpt>
   <trkpt lat="43.8043710" lon="5.7253230">
    <ele>334.5</ele>
   </trkpt>
   <trkpt lat="43.8043350" lon="5.7252800">
    <ele>334.5</ele>
   </trkpt>
   <trkpt lat="43.8042940" lon="5.7252350">
    <ele>334.5</ele>
   </trkpt>
   <trkpt lat="43.8042630" lon="5.7252000">
    <ele>334.5</ele>
   </trkpt>
   <trkpt lat="43.8042330" lon="5.7251560">
    <ele>334.5</ele>
   </trkpt>
   <trkpt lat="43.8042120" lon="5.7251190">
    <ele>334.6</ele>
   </trkpt>
   <trkpt lat="43.8041990" lon="5.7250770">
    <ele>334.6</ele>
   </trkpt>
   <trkpt lat="43.8041790" lon="5.7250070">
    <ele>334.7</ele>
   </trkpt>
   <trkpt lat="43.8041620" lon="5.7249500">
    <ele>334.8</ele>
   </trkpt>
   <trkpt lat="43.8041470" lon="5.7248860">
    <ele>335.1</ele>
   </trkpt>
   <trkpt lat="43.8041350" lon="5.7248430">
    <ele>335.3</ele>
   </trkpt>
   <trkpt lat="43.8041150" lon="5.7248020">
    <ele>335.5</ele>
   </trkpt>
   <trkpt lat="43.8040900" lon="5.7247580">
    <ele>335.8</ele>
   </trkpt>
   <trkpt lat="43.8040540" lon="5.7247350">
    <ele>336.1</ele>
   </trkpt>
   <trkpt lat="43.8040150" lon="5.7247150">
    <ele>336.4</ele>
   </trkpt>
   <trkpt lat="43.8039800" lon="5.7247040">
    <ele>336.7</ele>
   </trkpt>
   <trkpt lat="43.8039510" lon="5.7246960">
    <ele>337.0</ele>
   </trkpt>
   <trkpt lat="43.8039190" lon="5.7246900">
    <ele>337.3</ele>
   </trkpt>
   <trkpt lat="43.8038860" lon="5.7246850">
    <ele>337.6</ele>
   </trkpt>
   <trkpt lat="43.8038530" lon="5.7246830">
    <ele>337.9</ele>
   </trkpt>
   <trkpt lat="43.8038190" lon="5.7246840">
    <ele>338.3</ele>
   </trkpt>
   <trkpt lat="43.8037840" lon="5.7246840">
    <ele>338.6</ele>
   </trkpt>
   <trkpt lat="43.8037540" lon="5.7246700">
    <ele>338.9</ele>
   </trkpt>
   <trkpt lat="43.8037250" lon="5.7246540">
    <ele>339.2</ele>
   </trkpt>
   <trkpt lat="43.8037020" lon="5.7246310">
    <ele>339.5</ele>
   </trkpt>
   <trkpt lat="43.8036780" lon="5.7245870">
    <ele>339.8</ele>
   </trkpt>
   <trkpt lat="43.8036690" lon="5.7245700">
    <ele>340.0</ele>
   </trkpt>
   <trkpt lat="43.8036550" lon="5.7245210">
    <ele>340.3</ele>
   </trkpt>
   <trkpt lat="43.8036520" lon="5.7245040">
    <ele>340.4</ele>
   </trkpt>
   <trkpt lat="43.8036410" lon="5.7244600">
    <ele>340.7</ele>
   </trkpt>
   <trkpt lat="43.8036360" lon="5.7244460">
    <ele>340.7</ele>
   </trkpt>
   <trkpt lat="43.8036270" lon="5.7244210">
    <ele>340.9</ele>
   </trkpt>
   <trkpt lat="43.8036200" lon="5.7243950">
    <ele>341.0</ele>
   </trkpt>
   <trkpt lat="43.8036150" lon="5.7243200">
    <ele>341.4</ele>
   </trkpt>
   <trkpt lat="43.8035900" lon="5.7242850">
    <ele>341.7</ele>
   </trkpt>
   <trkpt lat="43.8035830" lon="5.7242720">
    <ele>341.8</ele>
   </trkpt>
   <trkpt lat="43.8035770" lon="5.7242350">
    <ele>342.0</ele>
   </trkpt>
   <trkpt lat="43.8035760" lon="5.7242240">
    <ele>342.0</ele>
   </trkpt>
   <trkpt lat="43.8035720" lon="5.7242120">
    <ele>342.1</ele>
   </trkpt>
   <trkpt lat="43.8035640" lon="5.7241880">
    <ele>342.2</ele>
   </trkpt>
   <trkpt lat="43.8035550" lon="5.7241410">
    <ele>342.4</ele>
   </trkpt>
   <trkpt lat="43.8035530" lon="5.7241230">
    <ele>342.5</ele>
   </trkpt>
   <trkpt lat="43.8035530" lon="5.7240770">
    <ele>342.8</ele>
   </trkpt>
   <trkpt lat="43.8035440" lon="5.7240360">
    <ele>343.0</ele>
   </trkpt>
   <trkpt lat="43.8035320" lon="5.7239970">
    <ele>343.2</ele>
   </trkpt>
   <trkpt lat="43.8035290" lon="5.7239860">
    <ele>343.2</ele>
   </trkpt>
   <trkpt lat="43.8035220" lon="5.7239570">
    <ele>343.4</ele>
   </trkpt>
   <trkpt lat="43.8035180" lon="5.7239470">
    <ele>343.4</ele>
   </trkpt>
   <trkpt lat="43.8035150" lon="5.7239380">
    <ele>343.5</ele>
   </trkpt>
   <trkpt lat="43.8035150" lon="5.7239200">
    <ele>343.5</ele>
   </trkpt>
   <trkpt lat="43.8035100" lon="5.7239070">
    <ele>343.6</ele>
   </trkpt>
   <trkpt lat="43.8035060" lon="5.7238930">
    <ele>343.7</ele>
   </trkpt>
   <trkpt lat="43.8035010" lon="5.7238800">
    <ele>343.7</ele>
   </trkpt>
   <trkpt lat="43.8034960" lon="5.7238310">
    <ele>344.0</ele>
   </trkpt>
   <trkpt lat="43.8034960" lon="5.7238160">
    <ele>344.0</ele>
   </trkpt>
   <trkpt lat="43.8034900" lon="5.7237790">
    <ele>344.2</ele>
   </trkpt>
   <trkpt lat="43.8034650" lon="5.7237520">
    <ele>344.4</ele>
   </trkpt>
   <trkpt lat="43.8034550" lon="5.7237440">
    <ele>344.4</ele>
   </trkpt>
   <trkpt lat="43.8034250" lon="5.7237070">
    <ele>344.7</ele>
   </trkpt>
   <trkpt lat="43.8034140" lon="5.7236960">
    <ele>344.7</ele>
   </trkpt>
   <trkpt lat="43.8033930" lon="5.7236560">
    <ele>344.9</ele>
   </trkpt>
   <trkpt lat="43.8033860" lon="5.7236430">
    <ele>345.0</ele>
   </trkpt>
   <trkpt lat="43.8033650" lon="5.7236130">
    <ele>345.1</ele>
   </trkpt>
   <trkpt lat="43.8033370" lon="5.7235810">
    <ele>345.3</ele>
   </trkpt>
   <trkpt lat="43.8033100" lon="5.7235510">
    <ele>345.5</ele>
   </trkpt>
   <trkpt lat="43.8032820" lon="5.7235180">
    <ele>345.7</ele>
   </trkpt>
   <trkpt lat="43.8032550" lon="5.7234890">
    <ele>345.9</ele>
   </trkpt>
   <trkpt lat="43.8032260" lon="5.7234620">
    <ele>346.0</ele>
   </trkpt>
   <trkpt lat="43.8031920" lon="5.7234380">
    <ele>346.2</ele>
   </trkpt>
   <trkpt lat="43.8031550" lon="5.7234050">
    <ele>346.4</ele>
   </trkpt>
   <trkpt lat="43.8031240" lon="5.7233670">
    <ele>346.7</ele>
   </trkpt>
   <trkpt lat="43.8031040" lon="5.7233260">
    <ele>346.8</ele>
   </trkpt>
   <trkpt lat="43.8030870" lon="5.7232790">
    <ele>347.1</ele>
   </trkpt>
   <trkpt lat="43.8030680" lon="5.7232380">
    <ele>347.3</ele>
   </trkpt>
   <trkpt lat="43.8030440" lon="5.7231910">
    <ele>347.5</ele>
   </trkpt>
   <trkpt lat="43.8030260" lon="5.7231600">
    <ele>347.7</ele>
   </trkpt>
   <trkpt lat="43.8030070" lon="5.7231080">
    <ele>348.0</ele>
   </trkpt>
   <trkpt lat="43.8029910" lon="5.7230630">
    <ele>348.3</ele>
   </trkpt>
   <trkpt lat="43.8029700" lon="5.7230250">
    <ele>348.5</ele>
   </trkpt>
   <trkpt lat="43.8029370" lon="5.7229950">
    <ele>348.8</ele>
   </trkpt>
   <trkpt lat="43.8029270" lon="5.7229830">
    <ele>349.0</ele>
   </trkpt>
   <trkpt lat="43.8028990" lon="5.7229440">
    <ele>349.3</ele>
   </trkpt>
   <trkpt lat="43.8028860" lon="5.7229320">
    <ele>349.4</ele>
   </trkpt>
   <trkpt lat="43.8028520" lon="5.7229180">
    <ele>349.7</ele>
   </trkpt>
   <trkpt lat="43.8028410" lon="5.7229090">
    <ele>349.8</ele>
   </trkpt>
   <trkpt lat="43.8028220" lon="5.7228820">
    <ele>350.0</ele>
   </trkpt>
   <trkpt lat="43.8027990" lon="5.7228440">
    <ele>350.3</ele>
   </trkpt>
   <trkpt lat="43.8027910" lon="5.7228320">
    <ele>350.4</ele>
   </trkpt>
   <trkpt lat="43.8027690" lon="5.7227990">
    <ele>350.7</ele>
   </trkpt>
   <trkpt lat="43.8027610" lon="5.7227880">
    <ele>350.8</ele>
   </trkpt>
   <trkpt lat="43.8027380" lon="5.7227350">
    <ele>351.2</ele>
   </trkpt>
   <trkpt lat="43.8027250" lon="5.7226940">
    <ele>351.5</ele>
   </trkpt>
   <trkpt lat="43.8027200" lon="5.7226810">
    <ele>351.6</ele>
   </trkpt>
   <trkpt lat="43.8027090" lon="5.7226480">
    <ele>351.8</ele>
   </trkpt>
   <trkpt lat="43.8027040" lon="5.7226360">
    <ele>351.9</ele>
   </trkpt>
   <trkpt lat="43.8026910" lon="5.7226000">
    <ele>352.2</ele>
   </trkpt>
   <trkpt lat="43.8026880" lon="5.7225840">
    <ele>352.3</ele>
   </trkpt>
   <trkpt lat="43.8026950" lon="5.7225330">
    <ele>352.6</ele>
   </trkpt>
   <trkpt lat="43.8026990" lon="5.7225170">
    <ele>352.7</ele>
   </trkpt>
   <trkpt lat="43.8027200" lon="5.7224760">
    <ele>353.1</ele>
   </trkpt>
   <trkpt lat="43.8027270" lon="5.7224630">
    <ele>353.2</ele>
   </trkpt>
   <trkpt lat="43.8027580" lon="5.7224320">
    <ele>353.5</ele>
   </trkpt>
   <trkpt lat="43.8027690" lon="5.7224230">
    <ele>353.6</ele>
   </trkpt>
   <trkpt lat="43.8028150" lon="5.7224060">
    <ele>354.0</ele>
   </trkpt>
   <trkpt lat="43.8028520" lon="5.7223980">
    <ele>354.4</ele>
   </trkpt>
   <trkpt lat="43.8028650" lon="5.7223990">
    <ele>354.5</ele>
   </trkpt>
   <trkpt lat="43.8028920" lon="5.7224070">
    <ele>354.7</ele>
   </trkpt>
   <trkpt lat="43.8029200" lon="5.7224150">
    <ele>354.9</ele>
   </trkpt>
   <trkpt lat="43.8029480" lon="5.7224280">
    <ele>355.1</ele>
   </trkpt>
   <trkpt lat="43.8029720" lon="5.7224450">
    <ele>355.3</ele>
   </trkpt>
   <trkpt lat="43.8029970" lon="5.7224620">
    <ele>355.5</ele>
   </trkpt>
   <trkpt lat="43.8030220" lon="5.7224820">
    <ele>355.7</ele>
   </trkpt>
   <trkpt lat="43.8030490" lon="5.7225000">
    <ele>355.9</ele>
   </trkpt>
   <trkpt lat="43.8030850" lon="5.7225190">
    <ele>356.2</ele>
   </trkpt>
   <trkpt lat="43.8030970" lon="5.7225250">
    <ele>356.3</ele>
   </trkpt>
   <trkpt lat="43.8031270" lon="5.7225350">
    <ele>356.5</ele>
   </trkpt>
   <trkpt lat="43.8031840" lon="5.7225510">
    <ele>357.0</ele>
   </trkpt>
   <trkpt lat="43.8032160" lon="5.7225420">
    <ele>357.2</ele>
   </trkpt>
   <trkpt lat="43.8032440" lon="5.7225210">
    <ele>357.5</ele>
   </trkpt>
   <trkpt lat="43.8032720" lon="5.7224930">
    <ele>357.8</ele>
   </trkpt>
   <trkpt lat="43.8032930" lon="5.7224590">
    <ele>358.0</ele>
   </trkpt>
   <trkpt lat="43.8033070" lon="5.7224170">
    <ele>358.3</ele>
   </trkpt>
   <trkpt lat="43.8033120" lon="5.7223750">
    <ele>358.5</ele>
   </trkpt>
   <trkpt lat="43.8033070" lon="5.7223290">
    <ele>358.8</ele>
   </trkpt>
   <trkpt lat="43.8032920" lon="5.7222840">
    <ele>359.0</ele>
   </trkpt>
   <trkpt lat="43.8032800" lon="5.7222450">
    <ele>359.2</ele>
   </trkpt>
   <trkpt lat="43.8032660" lon="5.7222080">
    <ele>359.5</ele>
   </trkpt>
   <trkpt lat="43.8032520" lon="5.7221690">
    <ele>359.7</ele>
   </trkpt>
   <trkpt lat="43.8032200" lon="5.7220950">
    <ele>360.1</ele>
   </trkpt>
   <trkpt lat="43.8031900" lon="5.7220260">
    <ele>360.5</ele>
   </trkpt>
   <trkpt lat="43.8031750" lon="5.7219880">
    <ele>360.7</ele>
   </trkpt>
   <trkpt lat="43.8031600" lon="5.7219520">
    <ele>360.8</ele>
   </trkpt>
   <trkpt lat="43.8031440" lon="5.7219150">
    <ele>361.0</ele>
   </trkpt>
   <trkpt lat="43.8031260" lon="5.7218770">
    <ele>361.2</ele>
   </trkpt>
   <trkpt lat="43.8031040" lon="5.7218410">
    <ele>361.4</ele>
   </trkpt>
   <trkpt lat="43.8030840" lon="5.7218060">
    <ele>361.6</ele>
   </trkpt>
   <trkpt lat="43.8030620" lon="5.7217710">
    <ele>361.8</ele>
   </trkpt>
   <trkpt lat="43.8030400" lon="5.7217380">
    <ele>361.9</ele>
   </trkpt>
   <trkpt lat="43.8030190" lon="5.7217040">
    <ele>362.1</ele>
   </trkpt>
   <trkpt lat="43.8030010" lon="5.7216710">
    <ele>362.2</ele>
   </trkpt>
   <trkpt lat="43.8029830" lon="5.7216350">
    <ele>362.3</ele>
   </trkpt>
   <trkpt lat="43.8029600" lon="5.7216030">
    <ele>362.5</ele>
   </trkpt>
   <trkpt lat="43.8029330" lon="5.7215700">
    <ele>362.6</ele>
   </trkpt>
   <trkpt lat="43.8028810" lon="5.7215120">
    <ele>362.9</ele>
   </trkpt>
   <trkpt lat="43.8028340" lon="5.7214500">
    <ele>363.2</ele>
   </trkpt>
   <trkpt lat="43.8028100" lon="5.7214150">
    <ele>363.3</ele>
   </trkpt>
   <trkpt lat="43.8027810" lon="5.7213830">
    <ele>363.5</ele>
   </trkpt>
   <trkpt lat="43.8027520" lon="5.7213520">
    <ele>363.6</ele>
   </trkpt>
   <trkpt lat="43.8027260" lon="5.7213250">
    <ele>363.7</ele>
   </trkpt>
   <trkpt lat="43.8026950" lon="5.7212980">
    <ele>363.9</ele>
   </trkpt>
   <trkpt lat="43.8026630" lon="5.7212800">
    <ele>364.1</ele>
   </trkpt>
   <trkpt lat="43.8026310" lon="5.7212630">
    <ele>364.2</ele>
   </trkpt>
   <trkpt lat="43.8025980" lon="5.7212520">
    <ele>364.4</ele>
   </trkpt>
   <trkpt lat="43.8025620" lon="5.7212440">
    <ele>364.5</ele>
   </trkpt>
   <trkpt lat="43.8025270" lon="5.7212390">
    <ele>364.7</ele>
   </trkpt>
   <trkpt lat="43.8024810" lon="5.7212460">
    <ele>364.9</ele>
   </trkpt>
   <trkpt lat="43.8024400" lon="5.7212530">
    <ele>365.1</ele>
   </trkpt>
   <trkpt lat="43.8024010" lon="5.7212700">
    <ele>365.3</ele>
   </trkpt>
   <trkpt lat="43.8023580" lon="5.7212870">
    <ele>365.5</ele>
   </trkpt>
   <trkpt lat="43.8023200" lon="5.7213030">
    <ele>365.7</ele>
   </trkpt>
   <trkpt lat="43.8022790" lon="5.7213220">
    <ele>365.9</ele>
   </trkpt>
   <trkpt lat="43.8022400" lon="5.7213380">
    <ele>366.1</ele>
   </trkpt>
   <trkpt lat="43.8022010" lon="5.7213540">
    <ele>366.4</ele>
   </trkpt>
   <trkpt lat="43.8021630" lon="5.7213630">
    <ele>366.6</ele>
   </trkpt>
   <trkpt lat="43.8021180" lon="5.7213740">
    <ele>366.8</ele>
   </trkpt>
   <trkpt lat="43.8020720" lon="5.7213820">
    <ele>367.0</ele>
   </trkpt>
   <trkpt lat="43.8020270" lon="5.7213860">
    <ele>367.2</ele>
   </trkpt>
   <trkpt lat="43.8019790" lon="5.7213920">
    <ele>367.5</ele>
   </trkpt>
   <trkpt lat="43.8019340" lon="5.7214020">
    <ele>367.7</ele>
   </trkpt>
   <trkpt lat="43.8018530" lon="5.7214180">
    <ele>368.2</ele>
   </trkpt>
   <trkpt lat="43.8018130" lon="5.7214190">
    <ele>368.4</ele>
   </trkpt>
   <trkpt lat="43.8017750" lon="5.7214250">
    <ele>368.7</ele>
   </trkpt>
   <trkpt lat="43.8017360" lon="5.7214280">
    <ele>368.9</ele>
   </trkpt>
   <trkpt lat="43.8017030" lon="5.7214330">
    <ele>369.1</ele>
   </trkpt>
   <trkpt lat="43.8016700" lon="5.7214350">
    <ele>369.3</ele>
   </trkpt>
   <trkpt lat="43.8016380" lon="5.7214340">
    <ele>369.5</ele>
   </trkpt>
   <trkpt lat="43.8016080" lon="5.7214340">
    <ele>369.7</ele>
   </trkpt>
   <trkpt lat="43.8015780" lon="5.7214360">
    <ele>369.9</ele>
   </trkpt>
   <trkpt lat="43.8015500" lon="5.7214370">
    <ele>370.1</ele>
   </trkpt>
   <trkpt lat="43.8015100" lon="5.7214290">
    <ele>370.4</ele>
   </trkpt>
   <trkpt lat="43.8014960" lon="5.7214260">
    <ele>370.5</ele>
   </trkpt>
   <trkpt lat="43.8014620" lon="5.7214070">
    <ele>370.7</ele>
   </trkpt>
   <trkpt lat="43.8014510" lon="5.7214000">
    <ele>370.8</ele>
   </trkpt>
   <trkpt lat="43.8014190" lon="5.7213720">
    <ele>371.0</ele>
   </trkpt>
   <trkpt lat="43.8014060" lon="5.7213640">
    <ele>371.1</ele>
   </trkpt>
   <trkpt lat="43.8013690" lon="5.7213160">
    <ele>371.3</ele>
   </trkpt>
   <trkpt lat="43.8013520" lon="5.7212820">
    <ele>371.5</ele>
   </trkpt>
   <trkpt lat="43.8013310" lon="5.7212330">
    <ele>371.7</ele>
   </trkpt>
   <trkpt lat="43.8013240" lon="5.7212170">
    <ele>371.7</ele>
   </trkpt>
   <trkpt lat="43.8013060" lon="5.7211680">
    <ele>371.9</ele>
   </trkpt>
   <trkpt lat="43.8012990" lon="5.7211530">
    <ele>371.9</ele>
   </trkpt>
   <trkpt lat="43.8012790" lon="5.7211110">
    <ele>372.1</ele>
   </trkpt>
   <trkpt lat="43.8012710" lon="5.7210980">
    <ele>372.2</ele>
   </trkpt>
   <trkpt lat="43.8012440" lon="5.7210630">
    <ele>372.4</ele>
   </trkpt>
   <trkpt lat="43.8012340" lon="5.7210510">
    <ele>372.4</ele>
   </trkpt>
   <trkpt lat="43.8011930" lon="5.7210200">
    <ele>372.7</ele>
   </trkpt>
   <trkpt lat="43.8011730" lon="5.7210030">
    <ele>372.8</ele>
   </trkpt>
   <trkpt lat="43.8011370" lon="5.7209740">
    <ele>373.0</ele>
   </trkpt>
   <trkpt lat="43.8011050" lon="5.7209540">
    <ele>373.2</ele>
   </trkpt>
   <trkpt lat="43.8010940" lon="5.7209470">
    <ele>373.3</ele>
   </trkpt>
   <trkpt lat="43.8010570" lon="5.7209330">
    <ele>373.5</ele>
   </trkpt>
   <trkpt lat="43.8010440" lon="5.7209300">
    <ele>373.5</ele>
   </trkpt>
   <trkpt lat="43.8010040" lon="5.7209250">
    <ele>373.7</ele>
   </trkpt>
   <trkpt lat="43.8009890" lon="5.7209240">
    <ele>373.8</ele>
   </trkpt>
   <trkpt lat="43.8009610" lon="5.7209220">
    <ele>374.0</ele>
   </trkpt>
   <trkpt lat="43.8009320" lon="5.7209210">
    <ele>374.1</ele>
   </trkpt>
   <trkpt lat="43.8009030" lon="5.7209200">
    <ele>374.3</ele>
   </trkpt>
   <trkpt lat="43.8008740" lon="5.7209180">
    <ele>374.4</ele>
   </trkpt>
   <trkpt lat="43.8008450" lon="5.7209170">
    <ele>374.6</ele>
   </trkpt>
   <trkpt lat="43.8008130" lon="5.7209150">
    <ele>374.8</ele>
   </trkpt>
   <trkpt lat="43.8007820" lon="5.7209140">
    <ele>374.9</ele>
   </trkpt>
   <trkpt lat="43.8007520" lon="5.7209080">
    <ele>375.1</ele>
   </trkpt>
   <trkpt lat="43.8007220" lon="5.7208970">
    <ele>375.3</ele>
   </trkpt>
   <trkpt lat="43.8006870" lon="5.7208720">
    <ele>375.5</ele>
   </trkpt>
   <trkpt lat="43.8006760" lon="5.7208640">
    <ele>375.6</ele>
   </trkpt>
   <trkpt lat="43.8006500" lon="5.7208450">
    <ele>375.7</ele>
   </trkpt>
   <trkpt lat="43.8006250" lon="5.7208270">
    <ele>375.9</ele>
   </trkpt>
   <trkpt lat="43.8005940" lon="5.7207960">
    <ele>376.1</ele>
   </trkpt>
   <trkpt lat="43.8005840" lon="5.7207850">
    <ele>376.2</ele>
   </trkpt>
   <trkpt lat="43.8005590" lon="5.7207470">
    <ele>376.5</ele>
   </trkpt>
   <trkpt lat="43.8005510" lon="5.7207350">
    <ele>376.5</ele>
   </trkpt>
   <trkpt lat="43.8005300" lon="5.7206880">
    <ele>376.8</ele>
   </trkpt>
   <trkpt lat="43.8005230" lon="5.7206730">
    <ele>376.9</ele>
   </trkpt>
   <trkpt lat="43.8005070" lon="5.7206220">
    <ele>377.2</ele>
   </trkpt>
   <trkpt lat="43.8005010" lon="5.7206050">
    <ele>377.3</ele>
   </trkpt>
   <trkpt lat="43.8004830" lon="5.7205580">
    <ele>377.7</ele>
   </trkpt>
   <trkpt lat="43.8004770" lon="5.7205420">
    <ele>377.8</ele>
   </trkpt>
   <trkpt lat="43.8004610" lon="5.7205040">
    <ele>378.0</ele>
   </trkpt>
   <trkpt lat="43.8004550" lon="5.7204910">
    <ele>378.1</ele>
   </trkpt>
   <trkpt lat="43.8004430" lon="5.7204560">
    <ele>378.4</ele>
   </trkpt>
   <trkpt lat="43.8004280" lon="5.7204220">
    <ele>378.6</ele>
   </trkpt>
   <trkpt lat="43.8004040" lon="5.7203780">
    <ele>378.9</ele>
   </trkpt>
   <trkpt lat="43.8003960" lon="5.7203640">
    <ele>379.0</ele>
   </trkpt>
   <trkpt lat="43.8003710" lon="5.7203250">
    <ele>379.3</ele>
   </trkpt>
   <trkpt lat="43.8003630" lon="5.7203150">
    <ele>379.4</ele>
   </trkpt>
   <trkpt lat="43.8003390" lon="5.7202910">
    <ele>379.6</ele>
   </trkpt>
   <trkpt lat="43.8003160" lon="5.7202670">
    <ele>379.8</ele>
   </trkpt>
   <trkpt lat="43.8002720" lon="5.7202110">
    <ele>380.2</ele>
   </trkpt>
   <trkpt lat="43.8002440" lon="5.7201710">
    <ele>380.5</ele>
   </trkpt>
   <trkpt lat="43.8002350" lon="5.7201560">
    <ele>380.6</ele>
   </trkpt>
   <trkpt lat="43.8002140" lon="5.7201300">
    <ele>380.8</ele>
   </trkpt>
   <trkpt lat="43.8001920" lon="5.7201000">
    <ele>381.0</ele>
   </trkpt>
   <trkpt lat="43.8001700" lon="5.7200750">
    <ele>381.2</ele>
   </trkpt>
   <trkpt lat="43.8001490" lon="5.7200520">
    <ele>381.4</ele>
   </trkpt>
   <trkpt lat="43.8001210" lon="5.7200160">
    <ele>381.7</ele>
   </trkpt>
   <trkpt lat="43.8001110" lon="5.7200030">
    <ele>381.9</ele>
   </trkpt>
   <trkpt lat="43.8000840" lon="5.7199600">
    <ele>382.2</ele>
   </trkpt>
   <trkpt lat="43.8000740" lon="5.7199440">
    <ele>382.3</ele>
   </trkpt>
   <trkpt lat="43.8000460" lon="5.7199040">
    <ele>382.7</ele>
   </trkpt>
   <trkpt lat="43.8000360" lon="5.7198920">
    <ele>382.8</ele>
   </trkpt>
   <trkpt lat="43.8000040" lon="5.7198380">
    <ele>383.2</ele>
   </trkpt>
   <trkpt lat="43.7999930" lon="5.7197960">
    <ele>383.5</ele>
   </trkpt>
   <trkpt lat="43.7999890" lon="5.7197790">
    <ele>383.6</ele>
   </trkpt>
   <trkpt lat="43.7999710" lon="5.7197490">
    <ele>383.7</ele>
   </trkpt>
   <trkpt lat="43.7999620" lon="5.7197420">
    <ele>383.7</ele>
   </trkpt>
   <trkpt lat="43.7999350" lon="5.7197310">
    <ele>383.7</ele>
   </trkpt>
   <trkpt lat="43.7999250" lon="5.7197300">
    <ele>383.7</ele>
   </trkpt>
   <trkpt lat="43.7999130" lon="5.7197390">
    <ele>383.7</ele>
   </trkpt>
   <trkpt lat="43.7999030" lon="5.7197660">
    <ele>383.6</ele>
   </trkpt>
   <trkpt lat="43.7998870" lon="5.7198050">
    <ele>383.5</ele>
   </trkpt>
   <trkpt lat="43.7998800" lon="5.7198190">
    <ele>383.5</ele>
   </trkpt>
   <trkpt lat="43.7998530" lon="5.7198560">
    <ele>383.4</ele>
   </trkpt>
   <trkpt lat="43.7998420" lon="5.7198670">
    <ele>383.4</ele>
   </trkpt>
   <trkpt lat="43.7998180" lon="5.7199040">
    <ele>383.3</ele>
   </trkpt>
   <trkpt lat="43.7998110" lon="5.7199160">
    <ele>383.2</ele>
   </trkpt>
   <trkpt lat="43.7997890" lon="5.7199540">
    <ele>383.1</ele>
   </trkpt>
   <trkpt lat="43.7997810" lon="5.7199660">
    <ele>383.1</ele>
   </trkpt>
   <trkpt lat="43.7997610" lon="5.7200040">
    <ele>383.0</ele>
   </trkpt>
   <trkpt lat="43.7997530" lon="5.7200160">
    <ele>382.9</ele>
   </trkpt>
   <trkpt lat="43.7997280" lon="5.7200470">
    <ele>382.8</ele>
   </trkpt>
   <trkpt lat="43.7997200" lon="5.7200560">
    <ele>382.8</ele>
   </trkpt>
   <trkpt lat="43.7996920" lon="5.7200910">
    <ele>382.7</ele>
   </trkpt>
   <trkpt lat="43.7996810" lon="5.7201030">
    <ele>382.7</ele>
   </trkpt>
   <trkpt lat="43.7996570" lon="5.7201220">
    <ele>382.6</ele>
   </trkpt>
   <trkpt lat="43.7996220" lon="5.7201380">
    <ele>382.5</ele>
   </trkpt>
   <trkpt lat="43.7996110" lon="5.7201390">
    <ele>382.5</ele>
   </trkpt>
   <trkpt lat="43.7995820" lon="5.7201130">
    <ele>382.4</ele>
   </trkpt>
   <trkpt lat="43.7995740" lon="5.7201020">
    <ele>382.4</ele>
   </trkpt>
   <trkpt lat="43.7995520" lon="5.7200670">
    <ele>382.3</ele>
   </trkpt>
   <trkpt lat="43.7995430" lon="5.7200550">
    <ele>382.3</ele>
   </trkpt>
   <trkpt lat="43.7995170" lon="5.7200160">
    <ele>382.2</ele>
   </trkpt>
   <trkpt lat="43.7995080" lon="5.7200030">
    <ele>382.2</ele>
   </trkpt>
   <trkpt lat="43.7994920" lon="5.7199620">
    <ele>382.1</ele>
   </trkpt>
   <trkpt lat="43.7994880" lon="5.7199470">
    <ele>382.1</ele>
   </trkpt>
   <trkpt lat="43.7994840" lon="5.7199020">
    <ele>382.1</ele>
   </trkpt>
   <trkpt lat="43.7994820" lon="5.7198880">
    <ele>382.0</ele>
   </trkpt>
   <trkpt lat="43.7994810" lon="5.7198440">
    <ele>382.0</ele>
   </trkpt>
   <trkpt lat="43.7994820" lon="5.7198300">
    <ele>382.0</ele>
   </trkpt>
   <trkpt lat="43.7994850" lon="5.7197890">
    <ele>382.0</ele>
   </trkpt>
   <trkpt lat="43.7994860" lon="5.7197750">
    <ele>382.0</ele>
   </trkpt>
   <trkpt lat="43.7994850" lon="5.7197490">
    <ele>382.0</ele>
   </trkpt>
   <trkpt lat="43.7994850" lon="5.7197270">
    <ele>382.1</ele>
   </trkpt>
   <trkpt lat="43.7994840" lon="5.7197010">
    <ele>382.1</ele>
   </trkpt>
   <trkpt lat="43.7994840" lon="5.7196880">
    <ele>382.1</ele>
   </trkpt>
   <trkpt lat="43.7994830" lon="5.7196750">
    <ele>382.1</ele>
   </trkpt>
   <trkpt lat="43.7994870" lon="5.7196580">
    <ele>382.1</ele>
   </trkpt>
   <trkpt lat="43.7994960" lon="5.7196500">
    <ele>382.1</ele>
   </trkpt>
   <trkpt lat="43.7995070" lon="5.7196490">
    <ele>382.1</ele>
   </trkpt>
   <trkpt lat="43.7995110" lon="5.7196580">
    <ele>382.1</ele>
   </trkpt>
   <trkpt lat="43.7995180" lon="5.7196650">
    <ele>382.1</ele>
   </trkpt>
   <trkpt lat="43.7995180" lon="5.7196670">
    <ele>382.1</ele>
   </trkpt>
   <trkpt lat="43.7995190" lon="5.7196690">
    <ele>382.1</ele>
   </trkpt>
   <trkpt lat="43.7995190" lon="5.7196690">
    <ele>382.1</ele>
   </trkpt>
   <trkpt lat="43.7995190" lon="5.7196690">
    <ele>382.1</ele>
   </trkpt>
   <trkpt lat="43.7995190" lon="5.7196690">
    <ele>382.1</ele>
   </trkpt>
   <trkpt lat="43.7995190" lon="5.7196690">
    <ele>382.1</ele>
   </trkpt>
   <trkpt lat="43.7995190" lon="5.7196690">
    <ele>382.1</ele>
   </trkpt>
   <trkpt lat="43.7995190" lon="5.7196690">
    <ele>382.1</ele>
   </trkpt>
   <trkpt lat="43.7995190" lon="5.7196690">
    <ele>382.1</ele>
   </trkpt>
   <trkpt lat="43.7995190" lon="5.7196690">
    <ele>382.1</ele>
   </trkpt>
   <trkpt lat="43.7994770" lon="5.7196660">
    <ele>382.1</ele>
   </trkpt>
   <trkpt lat="43.7994830" lon="5.7196830">
    <ele>382.1</ele>
   </trkpt>
   <trkpt lat="43.7994900" lon="5.7196830">
    <ele>382.1</ele>
   </trkpt>
   <trkpt lat="43.7994890" lon="5.7196850">
    <ele>382.1</ele>
   </trkpt>
   <trkpt lat="43.7994890" lon="5.7196950">
    <ele>382.1</ele>
   </trkpt>
   <trkpt lat="43.7994880" lon="5.7197000">
    <ele>382.1</ele>
   </trkpt>
   <trkpt lat="43.7994840" lon="5.7197020">
    <ele>382.1</ele>
   </trkpt>
   <trkpt lat="43.7994780" lon="5.7197070">
    <ele>382.1</ele>
   </trkpt>
   <trkpt lat="43.7994720" lon="5.7197120">
    <ele>382.1</ele>
   </trkpt>
   <trkpt lat="43.7994660" lon="5.7197170">
    <ele>382.2</ele>
   </trkpt>
   <trkpt lat="43.7994600" lon="5.7197220">
    <ele>382.2</ele>
   </trkpt>
   <trkpt lat="43.7994540" lon="5.7197260">
    <ele>382.2</ele>
   </trkpt>
   <trkpt lat="43.7994480" lon="5.7197310">
    <ele>382.2</ele>
   </trkpt>
   <trkpt lat="43.7994420" lon="5.7197360">
    <ele>382.2</ele>
   </trkpt>
   <trkpt lat="43.7994360" lon="5.7197410">
    <ele>382.2</ele>
   </trkpt>
   <trkpt lat="43.7994300" lon="5.7197460">
    <ele>382.2</ele>
   </trkpt>
   <trkpt lat="43.7994220" lon="5.7197440">
    <ele>382.2</ele>
   </trkpt>
   <trkpt lat="43.7994150" lon="5.7197360">
    <ele>382.2</ele>
   </trkpt>
   <trkpt lat="43.7994150" lon="5.7197320">
    <ele>382.2</ele>
   </trkpt>
   <trkpt lat="43.7994160" lon="5.7197390">
    <ele>382.2</ele>
   </trkpt>
   <trkpt lat="43.7994150" lon="5.7197370">
    <ele>382.2</ele>
   </trkpt>
   <trkpt lat="43.7994150" lon="5.7197370">
    <ele>382.2</ele>
   </trkpt>
   <trkpt lat="43.7994150" lon="5.7197370">
    <ele>382.2</ele>
   </trkpt>
   <trkpt lat="43.7994150" lon="5.7197370">
    <ele>382.2</ele>
   </trkpt>
   <trkpt lat="43.7994150" lon="5.7197370">
    <ele>382.2</ele>
   </trkpt>
   <trkpt lat="43.7994150" lon="5.7197370">
    <ele>382.2</ele>
   </trkpt>
   <trkpt lat="43.7994150" lon="5.7197370">
    <ele>382.2</ele>
   </trkpt>
   <trkpt lat="43.7994150" lon="5.7197370">
    <ele>382.2</ele>
   </trkpt>
   <trkpt lat="43.7994000" lon="5.7197450">
    <ele>382.2</ele>
   </trkpt>
   <trkpt lat="43.7994000" lon="5.7197460">
    <ele>382.2</ele>
   </trkpt>
   <trkpt lat="43.7994000" lon="5.7197470">
    <ele>382.2</ele>
   </trkpt>
   <trkpt lat="43.7993880" lon="5.7197330">
    <ele>382.2</ele>
   </trkpt>
   <trkpt lat="43.7993830" lon="5.7197280">
    <ele>382.2</ele>
   </trkpt>
   <trkpt lat="43.7993920" lon="5.7197320">
    <ele>382.2</ele>
   </trkpt>
   <trkpt lat="43.7993930" lon="5.7197310">
    <ele>382.2</ele>
   </trkpt>
   <trkpt lat="43.7994130" lon="5.7197280">
    <ele>382.2</ele>
   </trkpt>
   <trkpt lat="43.7994160" lon="5.7197280">
    <ele>382.2</ele>
   </trkpt>
   <trkpt lat="43.7994160" lon="5.7197280">
    <ele>382.2</ele>
   </trkpt>
   <trkpt lat="43.7994160" lon="5.7197280">
    <ele>382.2</ele>
   </trkpt>
   <trkpt lat="43.7994160" lon="5.7197280">
    <ele>382.2</ele>
   </trkpt>
   <trkpt lat="43.7994070" lon="5.7197570">
    <ele>382.2</ele>
   </trkpt>
   <trkpt lat="43.7994050" lon="5.7197660">
    <ele>382.2</ele>
   </trkpt>
   <trkpt lat="43.7994040" lon="5.7197690">
    <ele>382.2</ele>
   </trkpt>
   <trkpt lat="43.7994020" lon="5.7197680">
    <ele>382.2</ele>
   </trkpt>
   <trkpt lat="43.7994130" lon="5.7197560">
    <ele>382.2</ele>
   </trkpt>
   <trkpt lat="43.7994320" lon="5.7197360">
    <ele>382.3</ele>
   </trkpt>
   <trkpt lat="43.7994500" lon="5.7197200">
    <ele>382.3</ele>
   </trkpt>
   <trkpt lat="43.7994550" lon="5.7197100">
    <ele>382.3</ele>
   </trkpt>
   <trkpt lat="43.7994590" lon="5.7197010">
    <ele>382.3</ele>
   </trkpt>
   <trkpt lat="43.7994690" lon="5.7196870">
    <ele>382.3</ele>
   </trkpt>
   <trkpt lat="43.7994790" lon="5.7196830">
    <ele>382.3</ele>
   </trkpt>
   <trkpt lat="43.7994830" lon="5.7196860">
    <ele>382.3</ele>
   </trkpt>
   <trkpt lat="43.7994820" lon="5.7196930">
    <ele>382.3</ele>
   </trkpt>
   <trkpt lat="43.7994820" lon="5.7196980">
    <ele>382.3</ele>
   </trkpt>
   <trkpt lat="43.7994820" lon="5.7197020">
    <ele>382.3</ele>
   </trkpt>
   <trkpt lat="43.7994810" lon="5.7197060">
    <ele>382.3</ele>
   </trkpt>
   <trkpt lat="43.7994760" lon="5.7197100">
    <ele>382.3</ele>
   </trkpt>
   <trkpt lat="43.7994680" lon="5.7197160">
    <ele>382.3</ele>
   </trkpt>
   <trkpt lat="43.7994540" lon="5.7197250">
    <ele>382.3</ele>
   </trkpt>
   <trkpt lat="43.7994420" lon="5.7197350">
    <ele>382.3</ele>
   </trkpt>
   <trkpt lat="43.7994300" lon="5.7197370">
    <ele>382.3</ele>
   </trkpt>
   <trkpt lat="43.7994170" lon="5.7197400">
    <ele>382.3</ele>
   </trkpt>
   <trkpt lat="43.7994160" lon="5.7197470">
    <ele>382.3</ele>
   </trkpt>
   <trkpt lat="43.7994170" lon="5.7197510">
    <ele>382.3</ele>
   </trkpt>
   <trkpt lat="43.7994170" lon="5.7197520">
    <ele>382.3</ele>
   </trkpt>
   <trkpt lat="43.7994160" lon="5.7197560">
    <ele>382.3</ele>
   </trkpt>
   <trkpt lat="43.7994160" lon="5.7197570">
    <ele>382.3</ele>
   </trkpt>
   <trkpt lat="43.7994220" lon="5.7197460">
    <ele>382.3</ele>
   </trkpt>
   <trkpt lat="43.7994430" lon="5.7197450">
    <ele>382.4</ele>
   </trkpt>
   <trkpt lat="43.7994580" lon="5.7197400">
    <ele>382.4</ele>
   </trkpt>
   <trkpt lat="43.7994700" lon="5.7197340">
    <ele>382.4</ele>
   </trkpt>
   <trkpt lat="43.7994710" lon="5.7197190">
    <ele>382.4</ele>
   </trkpt>
   <trkpt lat="43.7994640" lon="5.7197030">
    <ele>382.4</ele>
   </trkpt>
   <trkpt lat="43.7994610" lon="5.7196980">
    <ele>382.4</ele>
   </trkpt>
   <trkpt lat="43.7994710" lon="5.7196840">
    <ele>382.4</ele>
   </trkpt>
   <trkpt lat="43.7994820" lon="5.7196730">
    <ele>382.4</ele>
   </trkpt>
   <trkpt lat="43.7994750" lon="5.7197010">
    <ele>382.4</ele>
   </trkpt>
   <trkpt lat="43.7994720" lon="5.7197250">
    <ele>382.4</ele>
   </trkpt>
   <trkpt lat="43.7994750" lon="5.7197240">
    <ele>382.4</ele>
   </trkpt>
   <trkpt lat="43.7994770" lon="5.7197220">
    <ele>382.4</ele>
   </trkpt>
   <trkpt lat="43.7994840" lon="5.7197200">
    <ele>382.4</ele>
   </trkpt>
   <trkpt lat="43.7994910" lon="5.7197190">
    <ele>382.4</ele>
   </trkpt>
   <trkpt lat="43.7994940" lon="5.7197190">
    <ele>382.4</ele>
   </trkpt>
   <trkpt lat="43.7994970" lon="5.7197170">
    <ele>382.4</ele>
   </trkpt>
   <trkpt lat="43.7994980" lon="5.7197150">
    <ele>382.4</ele>
   </trkpt>
   <trkpt lat="43.7995270" lon="5.7197120">
    <ele>382.6</ele>
   </trkpt>
   <trkpt lat="43.7995340" lon="5.7197140">
    <ele>382.6</ele>
   </trkpt>
   <trkpt lat="43.7995420" lon="5.7197150">
    <ele>382.4</ele>
   </trkpt>
   <trkpt lat="43.7995450" lon="5.7197180">
    <ele>382.4</ele>
   </trkpt>
   <trkpt lat="43.7995480" lon="5.7197200">
    <ele>382.4</ele>
   </trkpt>
   <trkpt lat="43.7995500" lon="5.7197260">
    <ele>382.4</ele>
   </trkpt>
   <trkpt lat="43.7995520" lon="5.7197320">
    <ele>382.4</ele>
   </trkpt>
   <trkpt lat="43.7995550" lon="5.7197370">
    <ele>382.4</ele>
   </trkpt>
   <trkpt lat="43.7995580" lon="5.7197420">
    <ele>382.4</ele>
   </trkpt>
   <trkpt lat="43.7995610" lon="5.7197460">
    <ele>382.4</ele>
   </trkpt>
   <trkpt lat="43.7995630" lon="5.7197480">
    <ele>382.4</ele>
   </trkpt>
   <trkpt lat="43.7995650" lon="5.7197500">
    <ele>382.4</ele>
   </trkpt>
   <trkpt lat="43.7995670" lon="5.7197530">
    <ele>382.4</ele>
   </trkpt>
   <trkpt lat="43.7995700" lon="5.7197550">
    <ele>382.4</ele>
   </trkpt>
   <trkpt lat="43.7996130" lon="5.7197460">
    <ele>382.4</ele>
   </trkpt>
   <trkpt lat="43.7996210" lon="5.7197490">
    <ele>382.4</ele>
   </trkpt>
   <trkpt lat="43.7996270" lon="5.7197510">
    <ele>382.4</ele>
   </trkpt>
   <trkpt lat="43.7996320" lon="5.7197540">
    <ele>382.4</ele>
   </trkpt>
   <trkpt lat="43.7996360" lon="5.7197530">
    <ele>382.4</ele>
   </trkpt>
   <trkpt lat="43.7996350" lon="5.7197550">
    <ele>382.4</ele>
   </trkpt>
   <trkpt lat="43.7996330" lon="5.7197520">
    <ele>382.4</ele>
   </trkpt>
   <trkpt lat="43.7996310" lon="5.7197490">
    <ele>382.4</ele>
   </trkpt>
   <trkpt lat="43.7996300" lon="5.7197450">
    <ele>382.4</ele>
   </trkpt>
   <trkpt lat="43.7996300" lon="5.7197500">
    <ele>382.4</ele>
   </trkpt>
   <trkpt lat="43.7996290" lon="5.7197490">
    <ele>382.4</ele>
   </trkpt>
   <trkpt lat="43.7996290" lon="5.7197450">
    <ele>382.4</ele>
   </trkpt>
   <trkpt lat="43.7996330" lon="5.7197350">
    <ele>382.4</ele>
   </trkpt>
   <trkpt lat="43.7996340" lon="5.7197350">
    <ele>382.4</ele>
   </trkpt>
   <trkpt lat="43.7996340" lon="5.7197350">
    <ele>382.4</ele>
   </trkpt>
   <trkpt lat="43.7996500" lon="5.7197890">
    <ele>382.2</ele>
   </trkpt>
   <trkpt lat="43.7996520" lon="5.7197980">
    <ele>382.2</ele>
   </trkpt>
   <trkpt lat="43.7996630" lon="5.7197950">
    <ele>382.2</ele>
   </trkpt>
   <trkpt lat="43.7996650" lon="5.7197930">
    <ele>382.2</ele>
   </trkpt>
   <trkpt lat="43.7996680" lon="5.7197900">
    <ele>382.2</ele>
   </trkpt>
   <trkpt lat="43.7996700" lon="5.7197880">
    <ele>382.2</ele>
   </trkpt>
   <trkpt lat="43.7996730" lon="5.7197860">
    <ele>382.2</ele>
   </trkpt>
   <trkpt lat="43.7996750" lon="5.7197860">
    <ele>382.2</ele>
   </trkpt>
   <trkpt lat="43.7996780" lon="5.7197830">
    <ele>382.2</ele>
   </trkpt>
   <trkpt lat="43.7996800" lon="5.7197820">
    <ele>382.2</ele>
   </trkpt>
   <trkpt lat="43.7996840" lon="5.7197910">
    <ele>382.2</ele>
   </trkpt>
   <trkpt lat="43.7996860" lon="5.7197950">
    <ele>382.2</ele>
   </trkpt>
   <trkpt lat="43.7996890" lon="5.7197970">
    <ele>382.2</ele>
   </trkpt>
   <trkpt lat="43.7997000" lon="5.7198520">
    <ele>381.9</ele>
   </trkpt>
   <trkpt lat="43.7996960" lon="5.7198510">
    <ele>381.9</ele>
   </trkpt>
   <trkpt lat="43.7996960" lon="5.7198570">
    <ele>381.9</ele>
   </trkpt>
   <trkpt lat="43.7996960" lon="5.7198640">
    <ele>381.9</ele>
   </trkpt>
   <trkpt lat="43.7996920" lon="5.7198470">
    <ele>381.9</ele>
   </trkpt>
   <trkpt lat="43.7996890" lon="5.7197780">
    <ele>382.2</ele>
   </trkpt>
   <trkpt lat="43.7997300" lon="5.7197550">
    <ele>382.4</ele>
   </trkpt>
   <trkpt lat="43.7997440" lon="5.7197120">
    <ele>382.6</ele>
   </trkpt>
   <trkpt lat="43.7997460" lon="5.7197000">
    <ele>382.6</ele>
   </trkpt>
   <trkpt lat="43.7997460" lon="5.7197210">
    <ele>382.4</ele>
   </trkpt>
   <trkpt lat="43.7997390" lon="5.7197410">
    <ele>382.4</ele>
   </trkpt>
   <trkpt lat="43.7997370" lon="5.7197690">
    <ele>382.3</ele>
   </trkpt>
   <trkpt lat="43.7997340" lon="5.7197880">
    <ele>382.3</ele>
   </trkpt>
   <trkpt lat="43.7997410" lon="5.7197930">
    <ele>382.3</ele>
   </trkpt>
   <trkpt lat="43.7997450" lon="5.7197980">
    <ele>382.3</ele>
   </trkpt>
   <trkpt lat="43.7997610" lon="5.7197890">
    <ele>382.3</ele>
   </trkpt>
   <trkpt lat="43.7997630" lon="5.7197590">
    <ele>382.3</ele>
   </trkpt>
   <trkpt lat="43.7997670" lon="5.7197310">
    <ele>382.5</ele>
   </trkpt>
   <trkpt lat="43.7997670" lon="5.7197240">
    <ele>382.5</ele>
   </trkpt>
   <trkpt lat="43.7997660" lon="5.7197250">
    <ele>382.5</ele>
   </trkpt>
   <trkpt lat="43.7997640" lon="5.7197290">
    <ele>382.5</ele>
   </trkpt>
   <trkpt lat="43.7997620" lon="5.7197370">
    <ele>382.5</ele>
   </trkpt>
   <trkpt lat="43.7997680" lon="5.7197340">
    <ele>382.5</ele>
   </trkpt>
   <trkpt lat="43.7997750" lon="5.7197200">
    <ele>382.5</ele>
   </trkpt>
   <trkpt lat="43.7997730" lon="5.7197010">
    <ele>382.6</ele>
   </trkpt>
   <trkpt lat="43.7997710" lon="5.7196780">
    <ele>382.6</ele>
   </trkpt>
   <trkpt lat="43.7997710" lon="5.7196540">
    <ele>382.8</ele>
   </trkpt>
   <trkpt lat="43.7997750" lon="5.7196390">
    <ele>382.8</ele>
   </trkpt>
   <trkpt lat="43.7997830" lon="5.7196150">
    <ele>382.9</ele>
   </trkpt>
   <trkpt lat="43.7997890" lon="5.7195930">
    <ele>382.9</ele>
   </trkpt>
   <trkpt lat="43.7997970" lon="5.7195800">
    <ele>383.1</ele>
   </trkpt>
   <trkpt lat="43.7998100" lon="5.7195750">
    <ele>383.1</ele>
   </trkpt>
   <trkpt lat="43.7998210" lon="5.7195790">
    <ele>383.1</ele>
   </trkpt>
   <trkpt lat="43.7998300" lon="5.7195970">
    <ele>383.0</ele>
   </trkpt>
   <trkpt lat="43.7998360" lon="5.7196140">
    <ele>383.0</ele>
   </trkpt>
   <trkpt lat="43.7998390" lon="5.7196380">
    <ele>382.8</ele>
   </trkpt>
   <trkpt lat="43.7998250" lon="5.7196600">
    <ele>382.8</ele>
   </trkpt>
   <trkpt lat="43.7998050" lon="5.7196900">
    <ele>382.6</ele>
   </trkpt>
   <trkpt lat="43.7997780" lon="5.7197240">
    <ele>382.5</ele>
   </trkpt>
   <trkpt lat="43.7997420" lon="5.7197740">
    <ele>382.3</ele>
   </trkpt>
   <trkpt lat="43.7996970" lon="5.7198300">
    <ele>382.1</ele>
   </trkpt>
   <trkpt lat="43.7996520" lon="5.7198960">
    <ele>381.7</ele>
   </trkpt>
   <trkpt lat="43.7996050" lon="5.7199620">
    <ele>381.6</ele>
   </trkpt>
   <trkpt lat="43.7995610" lon="5.7200280">
    <ele>381.3</ele>
   </trkpt>
   <trkpt lat="43.7995210" lon="5.7201090">
    <ele>381.0</ele>
   </trkpt>
   <trkpt lat="43.7994800" lon="5.7202200">
    <ele>380.7</ele>
   </trkpt>
   <trkpt lat="43.7996540" lon="5.7199320">
    <ele>381.6</ele>
   </trkpt>
   <trkpt lat="43.7996760" lon="5.7198660">
    <ele>381.9</ele>
   </trkpt>
   <trkpt lat="43.7996980" lon="5.7197990">
    <ele>382.3</ele>
   </trkpt>
   <trkpt lat="43.7997200" lon="5.7197320">
    <ele>382.4</ele>
   </trkpt>
   <trkpt lat="43.7997390" lon="5.7196470">
    <ele>382.7</ele>
   </trkpt>
   <trkpt lat="43.7997470" lon="5.7195860">
    <ele>382.9</ele>
   </trkpt>
   <trkpt lat="43.7997410" lon="5.7195740">
    <ele>383.0</ele>
   </trkpt>
   <trkpt lat="43.7997280" lon="5.7195970">
    <ele>382.9</ele>
   </trkpt>
   <trkpt lat="43.7997160" lon="5.7196200">
    <ele>382.9</ele>
   </trkpt>
   <trkpt lat="43.7997030" lon="5.7196430">
    <ele>382.7</ele>
   </trkpt>
   <trkpt lat="43.7996670" lon="5.7197050">
    <ele>382.6</ele>
   </trkpt>
   <trkpt lat="43.7996230" lon="5.7197800">
    <ele>382.2</ele>
   </trkpt>
   <trkpt lat="43.7995750" lon="5.7198580">
    <ele>381.9</ele>
   </trkpt>
   <trkpt lat="43.7995310" lon="5.7199150">
    <ele>381.8</ele>
   </trkpt>
   <trkpt lat="43.7994920" lon="5.7199600">
    <ele>381.6</ele>
   </trkpt>
   <trkpt lat="43.7994350" lon="5.7200350">
    <ele>381.3</ele>
   </trkpt>
   <trkpt lat="43.7994360" lon="5.7200340">
    <ele>381.3</ele>
   </trkpt>
   <trkpt lat="43.7994400" lon="5.7200390">
    <ele>381.3</ele>
   </trkpt>
   <trkpt lat="43.7994430" lon="5.7200320">
    <ele>381.3</ele>
   </trkpt>
   <trkpt lat="43.7994480" lon="5.7200200">
    <ele>381.3</ele>
   </trkpt>
   <trkpt lat="43.7994550" lon="5.7200080">
    <ele>381.4</ele>
   </trkpt>
   <trkpt lat="43.7994670" lon="5.7199840">
    <ele>381.4</ele>
   </trkpt>
   <trkpt lat="43.7994730" lon="5.7199700">
    <ele>381.6</ele>
   </trkpt>
   <trkpt lat="43.7994800" lon="5.7199550">
    <ele>381.6</ele>
   </trkpt>
   <trkpt lat="43.7994990" lon="5.7199040">
    <ele>381.7</ele>
   </trkpt>
   <trkpt lat="43.7995050" lon="5.7198860">
    <ele>381.8</ele>
   </trkpt>
   <trkpt lat="43.7995170" lon="5.7198490">
    <ele>381.9</ele>
   </trkpt>
   <trkpt lat="43.7995290" lon="5.7198120">
    <ele>382.1</ele>
   </trkpt>
   <trkpt lat="43.7995320" lon="5.7198030">
    <ele>382.1</ele>
   </trkpt>
   <trkpt lat="43.7995370" lon="5.7197850">
    <ele>382.2</ele>
   </trkpt>
   <trkpt lat="43.7995430" lon="5.7197660">
    <ele>382.2</ele>
   </trkpt>
   <trkpt lat="43.7995550" lon="5.7197460">
    <ele>382.4</ele>
   </trkpt>
   <trkpt lat="43.7995600" lon="5.7197390">
    <ele>382.4</ele>
   </trkpt>
   <trkpt lat="43.7995660" lon="5.7197320">
    <ele>382.4</ele>
   </trkpt>
   <trkpt lat="43.7995710" lon="5.7197250">
    <ele>382.4</ele>
   </trkpt>
   <trkpt lat="43.7995820" lon="5.7197040">
    <ele>382.5</ele>
   </trkpt>
   <trkpt lat="43.7995830" lon="5.7197040">
    <ele>382.5</ele>
   </trkpt>
   <trkpt lat="43.7995800" lon="5.7196990">
    <ele>382.5</ele>
   </trkpt>
   <trkpt lat="43.7995790" lon="5.7196860">
    <ele>382.5</ele>
   </trkpt>
   <trkpt lat="43.7995760" lon="5.7196780">
    <ele>382.5</ele>
   </trkpt>
   <trkpt lat="43.7995690" lon="5.7196700">
    <ele>382.7</ele>
   </trkpt>
   <trkpt lat="43.7995590" lon="5.7196610">
    <ele>382.7</ele>
   </trkpt>
   <trkpt lat="43.7995490" lon="5.7196480">
    <ele>382.7</ele>
   </trkpt>
   <trkpt lat="43.7995410" lon="5.7196270">
    <ele>382.9</ele>
   </trkpt>
   <trkpt lat="43.7995370" lon="5.7195900">
    <ele>382.9</ele>
   </trkpt>
   <trkpt lat="43.7995370" lon="5.7195740">
    <ele>383.0</ele>
   </trkpt>
   <trkpt lat="43.7995490" lon="5.7195190">
    <ele>383.1</ele>
   </trkpt>
   <trkpt lat="43.7995540" lon="5.7194980">
    <ele>383.3</ele>
   </trkpt>
   <trkpt lat="43.7995780" lon="5.7194220">
    <ele>383.4</ele>
   </trkpt>
   <trkpt lat="43.7995900" lon="5.7193860">
    <ele>383.6</ele>
   </trkpt>
   <trkpt lat="43.7996000" lon="5.7193610">
    <ele>383.8</ele>
   </trkpt>
   <trkpt lat="43.7996250" lon="5.7192990">
    <ele>383.9</ele>
   </trkpt>
   <trkpt lat="43.7996930" lon="5.7198530">
    <ele>381.9</ele>
   </trkpt>
   <trkpt lat="43.7996950" lon="5.7198160">
    <ele>382.1</ele>
   </trkpt>
   <trkpt lat="43.7996960" lon="5.7198040">
    <ele>382.1</ele>
   </trkpt>
   <trkpt lat="43.7996960" lon="5.7197910">
    <ele>382.2</ele>
   </trkpt>
   <trkpt lat="43.7996970" lon="5.7197790">
    <ele>382.2</ele>
   </trkpt>
   <trkpt lat="43.7996980" lon="5.7197670">
    <ele>382.2</ele>
   </trkpt>
   <trkpt lat="43.7996750" lon="5.7197260">
    <ele>382.4</ele>
   </trkpt>
   <trkpt lat="43.7996660" lon="5.7197150">
    <ele>382.4</ele>
   </trkpt>
   <trkpt lat="43.7996350" lon="5.7196850">
    <ele>382.5</ele>
   </trkpt>
   <trkpt lat="43.7996230" lon="5.7196780">
    <ele>382.5</ele>
   </trkpt>
   <trkpt lat="43.7996050" lon="5.7196720">
    <ele>382.5</ele>
   </trkpt>
   <trkpt lat="43.7995900" lon="5.7196700">
    <ele>382.7</ele>
   </trkpt>
   <trkpt lat="43.7995880" lon="5.7196470">
    <ele>382.7</ele>
   </trkpt>
   <trkpt lat="43.7995940" lon="5.7196240">
    <ele>382.8</ele>
   </trkpt>
   <trkpt lat="43.7996010" lon="5.7196000">
    <ele>382.8</ele>
   </trkpt>
   <trkpt lat="43.7996150" lon="5.7195890">
    <ele>382.8</ele>
   </trkpt>
   <trkpt lat="43.7996190" lon="5.7196100">
    <ele>382.8</ele>
   </trkpt>
   <trkpt lat="43.7996220" lon="5.7196370">
    <ele>382.7</ele>
   </trkpt>
   <trkpt lat="43.7996350" lon="5.7196420">
    <ele>382.7</ele>
   </trkpt>
   <trkpt lat="43.7996480" lon="5.7196370">
    <ele>382.7</ele>
   </trkpt>
   <trkpt lat="43.7996540" lon="5.7196480">
    <ele>382.7</ele>
   </trkpt>
   <trkpt lat="43.7996560" lon="5.7196540">
    <ele>382.7</ele>
   </trkpt>
   <trkpt lat="43.7996580" lon="5.7196580">
    <ele>382.7</ele>
   </trkpt>
   <trkpt lat="43.7996610" lon="5.7196680">
    <ele>382.7</ele>
   </trkpt>
   <trkpt lat="43.7996620" lon="5.7196870">
    <ele>382.5</ele>
   </trkpt>
   <trkpt lat="43.7996610" lon="5.7197020">
    <ele>382.5</ele>
   </trkpt>
   <trkpt lat="43.7996590" lon="5.7197140">
    <ele>382.5</ele>
   </trkpt>
   <trkpt lat="43.7996510" lon="5.7197290">
    <ele>382.4</ele>
   </trkpt>
   <trkpt lat="43.7996420" lon="5.7197480">
    <ele>382.4</ele>
   </trkpt>
   <trkpt lat="43.7996370" lon="5.7197570">
    <ele>382.4</ele>
   </trkpt>
   <trkpt lat="43.7996350" lon="5.7197610">
    <ele>382.2</ele>
   </trkpt>
   <trkpt lat="43.7996340" lon="5.7197640">
    <ele>382.2</ele>
   </trkpt>
   <trkpt lat="43.7996340" lon="5.7197650">
    <ele>382.2</ele>
   </trkpt>
   <trkpt lat="43.7996340" lon="5.7197650">
    <ele>382.2</ele>
   </trkpt>
   <trkpt lat="43.7996110" lon="5.7199310">
    <ele>381.6</ele>
   </trkpt>
   <trkpt lat="43.7996150" lon="5.7199330">
    <ele>381.6</ele>
   </trkpt>
   <trkpt lat="43.7996150" lon="5.7199350">
    <ele>381.6</ele>
   </trkpt>
   <trkpt lat="43.7996160" lon="5.7199380">
    <ele>381.6</ele>
   </trkpt>
   <trkpt lat="43.7996140" lon="5.7199400">
    <ele>381.6</ele>
   </trkpt>
   <trkpt lat="43.7996080" lon="5.7199390">
    <ele>381.6</ele>
   </trkpt>
   <trkpt lat="43.7996060" lon="5.7199390">
    <ele>381.6</ele>
   </trkpt>
   <trkpt lat="43.7996020" lon="5.7199440">
    <ele>381.6</ele>
   </trkpt>
   <trkpt lat="43.7996020" lon="5.7199440">
    <ele>381.6</ele>
   </trkpt>
   <trkpt lat="43.7996020" lon="5.7199440">
    <ele>381.6</ele>
   </trkpt>
   <trkpt lat="43.7996000" lon="5.7199380">
    <ele>381.6</ele>
   </trkpt>
   <trkpt lat="43.7996020" lon="5.7199350">
    <ele>381.6</ele>
   </trkpt>
   <trkpt lat="43.7995990" lon="5.7199370">
    <ele>381.6</ele>
   </trkpt>
   <trkpt lat="43.7995990" lon="5.7199370">
    <ele>381.6</ele>
   </trkpt>
   <trkpt lat="43.7995990" lon="5.7199400">
    <ele>381.6</ele>
   </trkpt>
   <trkpt lat="43.7995990" lon="5.7199390">
    <ele>381.6</ele>
   </trkpt>
   <trkpt lat="43.7995950" lon="5.7199370">
    <ele>381.6</ele>
   </trkpt>
   <trkpt lat="43.7995940" lon="5.7199380">
    <ele>381.6</ele>
   </trkpt>
   <trkpt lat="43.7995940" lon="5.7199380">
    <ele>381.6</ele>
   </trkpt>
   <trkpt lat="43.7995940" lon="5.7199380">
    <ele>381.6</ele>
   </trkpt>
   <trkpt lat="43.7995940" lon="5.7199380">
    <ele>381.6</ele>
   </trkpt>
   <trkpt lat="43.7995940" lon="5.7199380">
    <ele>381.6</ele>
   </trkpt>
   <trkpt lat="43.7995940" lon="5.7199380">
    <ele>381.6</ele>
   </trkpt>
   <trkpt lat="43.7995940" lon="5.7199380">
    <ele>381.6</ele>
   </trkpt>
   <trkpt lat="43.7995950" lon="5.7199350">
    <ele>381.6</ele>
   </trkpt>
   <trkpt lat="43.7995990" lon="5.7199410">
    <ele>381.6</ele>
   </trkpt>
   <trkpt lat="43.7996040" lon="5.7199390">
    <ele>381.6</ele>
   </trkpt>
   <trkpt lat="43.7996050" lon="5.7199390">
    <ele>381.6</ele>
   </trkpt>
   <trkpt lat="43.7996050" lon="5.7199400">
    <ele>381.6</ele>
   </trkpt>
   <trkpt lat="43.7996050" lon="5.7199400">
    <ele>381.6</ele>
   </trkpt>
   <trkpt lat="43.7996050" lon="5.7199400">
    <ele>381.6</ele>
   </trkpt>
   <trkpt lat="43.7996050" lon="5.7199400">
    <ele>381.6</ele>
   </trkpt>
   <trkpt lat="43.7996050" lon="5.7199400">
    <ele>381.6</ele>
   </trkpt>
   <trkpt lat="43.7996050" lon="5.7199400">
    <ele>381.6</ele>
   </trkpt>
   <trkpt lat="43.7996080" lon="5.7199490">
    <ele>381.6</ele>
   </trkpt>
   <trkpt lat="43.7996150" lon="5.7199520">
    <ele>381.6</ele>
   </trkpt>
   <trkpt lat="43.7996200" lon="5.7199560">
    <ele>381.6</ele>
   </trkpt>
   <trkpt lat="43.7996270" lon="5.7199600">
    <ele>381.6</ele>
   </trkpt>
   <trkpt lat="43.7996260" lon="5.7199660">
    <ele>381.6</ele>
   </trkpt>
   <trkpt lat="43.7996260" lon="5.7199700">
    <ele>381.6</ele>
   </trkpt>
   <trkpt lat="43.7996260" lon="5.7199730">
    <ele>381.4</ele>
   </trkpt>
   <trkpt lat="43.7996260" lon="5.7199760">
    <ele>381.4</ele>
   </trkpt>
   <trkpt lat="43.7996270" lon="5.7199680">
    <ele>381.6</ele>
   </trkpt>
   <trkpt lat="43.7996270" lon="5.7199660">
    <ele>381.6</ele>
   </trkpt>
   <trkpt lat="43.7996270" lon="5.7199650">
    <ele>381.6</ele>
   </trkpt>
   <trkpt lat="43.7996270" lon="5.7199650">
    <ele>381.6</ele>
   </trkpt>
   <trkpt lat="43.7996270" lon="5.7199650">
    <ele>381.6</ele>
   </trkpt>
   <trkpt lat="43.7996270" lon="5.7199650">
    <ele>381.6</ele>
   </trkpt>
   <trkpt lat="43.7996270" lon="5.7199650">
    <ele>381.6</ele>
   </trkpt>
   <trkpt lat="43.7996270" lon="5.7199650">
    <ele>381.6</ele>
   </trkpt>
   <trkpt lat="43.7996220" lon="5.7199260">
    <ele>381.7</ele>
   </trkpt>
   <trkpt lat="43.7996280" lon="5.7199190">
    <ele>381.7</ele>
   </trkpt>
   <trkpt lat="43.7996340" lon="5.7199180">
    <ele>381.7</ele>
   </trkpt>
   <trkpt lat="43.7996390" lon="5.7199150">
    <ele>381.7</ele>
   </trkpt>
   <trkpt lat="43.7996440" lon="5.7199130">
    <ele>381.7</ele>
   </trkpt>
   <trkpt lat="43.7996490" lon="5.7199140">
    <ele>381.7</ele>
   </trkpt>
   <trkpt lat="43.7996520" lon="5.7199160">
    <ele>381.7</ele>
   </trkpt>
   <trkpt lat="43.7996520" lon="5.7199100">
    <ele>381.7</ele>
   </trkpt>
   <trkpt lat="43.7996510" lon="5.7199000">
    <ele>381.7</ele>
   </trkpt>
   <trkpt lat="43.7996520" lon="5.7198850">
    <ele>381.9</ele>
   </trkpt>
   <trkpt lat="43.7996550" lon="5.7198700">
    <ele>381.9</ele>
   </trkpt>
   <trkpt lat="43.7996580" lon="5.7198640">
    <ele>381.9</ele>
   </trkpt>
   <trkpt lat="43.7996590" lon="5.7198620">
    <ele>381.9</ele>
   </trkpt>
   <trkpt lat="43.7996590" lon="5.7198620">
    <ele>381.9</ele>
   </trkpt>
   <trkpt lat="43.7996580" lon="5.7198630">
    <ele>381.9</ele>
   </trkpt>
   <trkpt lat="43.7996580" lon="5.7198630">
    <ele>381.9</ele>
   </trkpt>
   <trkpt lat="43.7996600" lon="5.7198620">
    <ele>381.9</ele>
   </trkpt>
   <trkpt lat="43.7996610" lon="5.7198580">
    <ele>381.9</ele>
   </trkpt>
   <trkpt lat="43.7996610" lon="5.7198540">
    <ele>381.9</ele>
   </trkpt>
   <trkpt lat="43.7996570" lon="5.7198480">
    <ele>381.9</ele>
   </trkpt>
   <trkpt lat="43.7996530" lon="5.7198370">
    <ele>382.0</ele>
   </trkpt>
   <trkpt lat="43.7996500" lon="5.7198270">
    <ele>382.0</ele>
   </trkpt>
   <trkpt lat="43.7996470" lon="5.7198170">
    <ele>382.0</ele>
   </trkpt>
   <trkpt lat="43.7996470" lon="5.7198080">
    <ele>382.0</ele>
   </trkpt>
   <trkpt lat="43.7996460" lon="5.7197990">
    <ele>382.2</ele>
   </trkpt>
   <trkpt lat="43.7996480" lon="5.7197990">
    <ele>382.2</ele>
   </trkpt>
   <trkpt lat="43.7996530" lon="5.7197950">
    <ele>382.2</ele>
   </trkpt>
   <trkpt lat="43.7996580" lon="5.7197950">
    <ele>382.2</ele>
   </trkpt>
   <trkpt lat="43.7996610" lon="5.7198040">
    <ele>382.1</ele>
   </trkpt>
   <trkpt lat="43.7996620" lon="5.7198130">
    <ele>382.1</ele>
   </trkpt>
   <trkpt lat="43.7996610" lon="5.7198200">
    <ele>382.1</ele>
   </trkpt>
   <trkpt lat="43.7996610" lon="5.7198290">
    <ele>382.1</ele>
   </trkpt>
   <trkpt lat="43.7996590" lon="5.7198380">
    <ele>382.0</ele>
   </trkpt>
   <trkpt lat="43.7996560" lon="5.7198430">
    <ele>381.9</ele>
   </trkpt>
   <trkpt lat="43.7996510" lon="5.7198490">
    <ele>381.9</ele>
   </trkpt>
   <trkpt lat="43.7996480" lon="5.7198520">
    <ele>381.9</ele>
   </trkpt>
   <trkpt lat="43.7996510" lon="5.7198710">
    <ele>381.9</ele>
   </trkpt>
   <trkpt lat="43.7996540" lon="5.7199170">
    <ele>381.7</ele>
   </trkpt>
   <trkpt lat="43.7996580" lon="5.7199340">
    <ele>381.6</ele>
   </trkpt>
   <trkpt lat="43.7996570" lon="5.7199590">
    <ele>381.6</ele>
   </trkpt>
   <trkpt lat="43.7996470" lon="5.7199680">
    <ele>381.6</ele>
   </trkpt>
   <trkpt lat="43.7996360" lon="5.7199740">
    <ele>381.4</ele>
   </trkpt>
   <trkpt lat="43.7996260" lon="5.7199740">
    <ele>381.4</ele>
   </trkpt>
   <trkpt lat="43.7996170" lon="5.7199640">
    <ele>381.6</ele>
   </trkpt>
   <trkpt lat="43.7996170" lon="5.7199560">
    <ele>381.6</ele>
   </trkpt>
   <trkpt lat="43.7996150" lon="5.7199570">
    <ele>381.6</ele>
   </trkpt>
   <trkpt lat="43.7996090" lon="5.7199440">
    <ele>381.6</ele>
   </trkpt>
   <trkpt lat="43.7996070" lon="5.7199380">
    <ele>381.6</ele>
   </trkpt>
   <trkpt lat="43.7996070" lon="5.7199360">
    <ele>381.6</ele>
   </trkpt>
   <trkpt lat="43.7996050" lon="5.7199320">
    <ele>381.6</ele>
   </trkpt>
   <trkpt lat="43.7996050" lon="5.7199300">
    <ele>381.6</ele>
   </trkpt>
   <trkpt lat="43.7996040" lon="5.7199290">
    <ele>381.6</ele>
   </trkpt>
   <trkpt lat="43.7996050" lon="5.7199280">
    <ele>381.7</ele>
   </trkpt>
   <trkpt lat="43.7996050" lon="5.7199260">
    <ele>381.7</ele>
   </trkpt>
   <trkpt lat="43.7996040" lon="5.7199230">
    <ele>381.7</ele>
   </trkpt>
   <trkpt lat="43.7995820" lon="5.7199260">
    <ele>381.7</ele>
   </trkpt>
   <trkpt lat="43.7995810" lon="5.7199290">
    <ele>381.6</ele>
   </trkpt>
   <trkpt lat="43.7995850" lon="5.7199310">
    <ele>381.6</ele>
   </trkpt>
   <trkpt lat="43.7995880" lon="5.7199310">
    <ele>381.6</ele>
   </trkpt>
   <trkpt lat="43.7995900" lon="5.7199350">
    <ele>381.6</ele>
   </trkpt>
   <trkpt lat="43.7995910" lon="5.7199350">
    <ele>381.6</ele>
   </trkpt>
   <trkpt lat="43.7995910" lon="5.7199350">
    <ele>381.6</ele>
   </trkpt>
   <trkpt lat="43.7995910" lon="5.7199350">
    <ele>381.6</ele>
   </trkpt>
   <trkpt lat="43.7995910" lon="5.7199350">
    <ele>381.6</ele>
   </trkpt>
   <trkpt lat="43.7995910" lon="5.7199350">
    <ele>381.6</ele>
   </trkpt>
   <trkpt lat="43.7995910" lon="5.7199350">
    <ele>381.6</ele>
   </trkpt>
   <trkpt lat="43.7995910" lon="5.7199350">
    <ele>381.6</ele>
   </trkpt>
   <trkpt lat="43.7995880" lon="5.7199370">
    <ele>381.6</ele>
   </trkpt>
   <trkpt lat="43.7995870" lon="5.7199380">
    <ele>381.6</ele>
   </trkpt>
   <trkpt lat="43.7995930" lon="5.7199260">
    <ele>381.7</ele>
   </trkpt>
   <trkpt lat="43.7995930" lon="5.7199290">
    <ele>381.6</ele>
   </trkpt>
   <trkpt lat="43.7995930" lon="5.7199320">
    <ele>381.6</ele>
   </trkpt>
   <trkpt lat="43.7995930" lon="5.7199330">
    <ele>381.6</ele>
   </trkpt>
   <trkpt lat="43.7995930" lon="5.7199340">
    <ele>381.6</ele>
   </trkpt>
   <trkpt lat="43.7995920" lon="5.7199360">
    <ele>381.6</ele>
   </trkpt>
   <trkpt lat="43.7995910" lon="5.7199370">
    <ele>381.6</ele>
   </trkpt>
   <trkpt lat="43.7995900" lon="5.7199370">
    <ele>381.6</ele>
   </trkpt>
   <trkpt lat="43.7995890" lon="5.7199380">
    <ele>381.6</ele>
   </trkpt>
   <trkpt lat="43.7996270" lon="5.7199090">
    <ele>381.7</ele>
   </trkpt>
   <trkpt lat="43.7996370" lon="5.7198900">
    <ele>381.7</ele>
   </trkpt>
   <trkpt lat="43.7996430" lon="5.7198780">
    <ele>381.9</ele>
   </trkpt>
   <trkpt lat="43.7996480" lon="5.7198670">
    <ele>381.9</ele>
   </trkpt>
   <trkpt lat="43.7996490" lon="5.7198610">
    <ele>381.9</ele>
   </trkpt>
   <trkpt lat="43.7996520" lon="5.7198500">
    <ele>381.9</ele>
   </trkpt>
   <trkpt lat="43.7996640" lon="5.7198390">
    <ele>382.0</ele>
   </trkpt>
   <trkpt lat="43.7996740" lon="5.7198350">
    <ele>382.0</ele>
   </trkpt>
   <trkpt lat="43.7996840" lon="5.7198280">
    <ele>382.0</ele>
   </trkpt>
   <trkpt lat="43.7996840" lon="5.7198240">
    <ele>382.0</ele>
   </trkpt>
   <trkpt lat="43.7996800" lon="5.7198090">
    <ele>382.0</ele>
   </trkpt>
   <trkpt lat="43.7996760" lon="5.7197970">
    <ele>382.2</ele>
   </trkpt>
   <trkpt lat="43.7996770" lon="5.7197850">
    <ele>382.2</ele>
   </trkpt>
   <trkpt lat="43.7996730" lon="5.7197760">
    <ele>382.2</ele>
   </trkpt>
   <trkpt lat="43.7996690" lon="5.7197700">
    <ele>382.2</ele>
   </trkpt>
   <trkpt lat="43.7996690" lon="5.7197610">
    <ele>382.2</ele>
   </trkpt>
   <trkpt lat="43.7996740" lon="5.7197640">
    <ele>382.2</ele>
   </trkpt>
   <trkpt lat="43.7996770" lon="5.7197730">
    <ele>382.2</ele>
   </trkpt>
   <trkpt lat="43.7996720" lon="5.7197760">
    <ele>382.2</ele>
   </trkpt>
   <trkpt lat="43.7996660" lon="5.7197650">
    <ele>382.2</ele>
   </trkpt>
   <trkpt lat="43.7996640" lon="5.7197590">
    <ele>382.2</ele>
   </trkpt>
   <trkpt lat="43.7996620" lon="5.7197580">
    <ele>382.2</ele>
   </trkpt>
   <trkpt lat="43.7997210" lon="5.7197080">
    <ele>382.5</ele>
   </trkpt>
   <trkpt lat="43.7997110" lon="5.7197310">
    <ele>382.4</ele>
   </trkpt>
   <trkpt lat="43.7996930" lon="5.7197700">
    <ele>382.2</ele>
   </trkpt>
   <trkpt lat="43.7996940" lon="5.7197720">
    <ele>382.2</ele>
   </trkpt>
   <trkpt lat="43.7996900" lon="5.7197890">
    <ele>382.2</ele>
   </trkpt>
   <trkpt lat="43.7997190" lon="5.7197370">
    <ele>382.4</ele>
   </trkpt>
   <trkpt lat="43.7997150" lon="5.7197220">
    <ele>382.4</ele>
   </trkpt>
   <trkpt lat="43.7997200" lon="5.7197240">
    <ele>382.4</ele>
   </trkpt>
   <trkpt lat="43.7997140" lon="5.7197070">
    <ele>382.5</ele>
   </trkpt>
   <trkpt lat="43.7997160" lon="5.7197050">
    <ele>382.5</ele>
   </trkpt>
   <trkpt lat="43.7997080" lon="5.7196910">
    <ele>382.5</ele>
   </trkpt>
   <trkpt lat="43.7996990" lon="5.7196890">
    <ele>382.5</ele>
   </trkpt>
   <trkpt lat="43.7996940" lon="5.7197170">
    <ele>382.4</ele>
   </trkpt>
   <trkpt lat="43.7996860" lon="5.7197180">
    <ele>382.4</ele>
   </trkpt>
   <trkpt lat="43.7996730" lon="5.7197110">
    <ele>382.5</ele>
   </trkpt>
   <trkpt lat="43.7996640" lon="5.7197360">
    <ele>382.4</ele>
   </trkpt>
   <trkpt lat="43.7996570" lon="5.7197490">
    <ele>382.4</ele>
   </trkpt>
   <trkpt lat="43.7996480" lon="5.7197560">
    <ele>382.4</ele>
   </trkpt>
   <trkpt lat="43.7996380" lon="5.7197560">
    <ele>382.4</ele>
   </trkpt>
   <trkpt lat="43.7996360" lon="5.7197590">
    <ele>382.2</ele>
   </trkpt>
   <trkpt lat="43.7996470" lon="5.7197860">
    <ele>382.2</ele>
   </trkpt>
   <trkpt lat="43.7996600" lon="5.7198200">
    <ele>382.0</ele>
   </trkpt>
   <trkpt lat="43.7996700" lon="5.7198370">
    <ele>382.0</ele>
   </trkpt>
   <trkpt lat="43.7996790" lon="5.7198530">
    <ele>381.9</ele>
   </trkpt>
   <trkpt lat="43.7996880" lon="5.7198700">
    <ele>381.9</ele>
   </trkpt>
   <trkpt lat="43.7996950" lon="5.7198780">
    <ele>381.9</ele>
   </trkpt>
   <trkpt lat="43.7996980" lon="5.7198800">
    <ele>381.9</ele>
   </trkpt>
   <trkpt lat="43.7996990" lon="5.7198820">
    <ele>381.9</ele>
   </trkpt>
   <trkpt lat="43.7996990" lon="5.7198840">
    <ele>381.9</ele>
   </trkpt>
   <trkpt lat="43.7997000" lon="5.7198850">
    <ele>381.9</ele>
   </trkpt>
   <trkpt lat="43.7997000" lon="5.7198870">
    <ele>381.7</ele>
   </trkpt>
   <trkpt lat="43.7997000" lon="5.7198870">
    <ele>381.7</ele>
   </trkpt>
   <trkpt lat="43.7997000" lon="5.7198890">
    <ele>381.7</ele>
   </trkpt>
   <trkpt lat="43.7997000" lon="5.7198920">
    <ele>381.7</ele>
   </trkpt>
   <trkpt lat="43.7996750" lon="5.7198340">
    <ele>382.0</ele>
   </trkpt>
   <trkpt lat="43.7996750" lon="5.7198320">
    <ele>382.0</ele>
   </trkpt>
   <trkpt lat="43.7996720" lon="5.7198330">
    <ele>382.0</ele>
   </trkpt>
   <trkpt lat="43.7996720" lon="5.7198320">
    <ele>382.0</ele>
   </trkpt>
   <trkpt lat="43.7996720" lon="5.7198310">
    <ele>382.0</ele>
   </trkpt>
   <trkpt lat="43.7996730" lon="5.7198290">
    <ele>382.0</ele>
   </trkpt>
   <trkpt lat="43.7996780" lon="5.7198260">
    <ele>382.0</ele>
   </trkpt>
   <trkpt lat="43.7996770" lon="5.7198260">
    <ele>382.0</ele>
   </trkpt>
   <trkpt lat="43.7996780" lon="5.7198270">
    <ele>382.0</ele>
   </trkpt>
   <trkpt lat="43.7996790" lon="5.7198270">
    <ele>382.0</ele>
   </trkpt>
   <trkpt lat="43.7996800" lon="5.7198270">
    <ele>382.0</ele>
   </trkpt>
   <trkpt lat="43.7996810" lon="5.7198260">
    <ele>382.0</ele>
   </trkpt>
   <trkpt lat="43.7996830" lon="5.7198250">
    <ele>382.0</ele>
   </trkpt>
   <trkpt lat="43.7996820" lon="5.7198240">
    <ele>382.0</ele>
   </trkpt>
   <trkpt lat="43.7996840" lon="5.7198230">
    <ele>382.0</ele>
   </trkpt>
   <trkpt lat="43.7996840" lon="5.7198220">
    <ele>382.0</ele>
   </trkpt>
   <trkpt lat="43.7996860" lon="5.7198210">
    <ele>382.0</ele>
   </trkpt>
   <trkpt lat="43.7996880" lon="5.7198270">
    <ele>382.0</ele>
   </trkpt>
   <trkpt lat="43.7996900" lon="5.7198250">
    <ele>382.0</ele>
   </trkpt>
   <trkpt lat="43.7996930" lon="5.7198210">
    <ele>382.1</ele>
   </trkpt>
   <trkpt lat="43.7996960" lon="5.7198190">
    <ele>382.1</ele>
   </trkpt>
   <trkpt lat="43.7996980" lon="5.7198180">
    <ele>382.1</ele>
   </trkpt>
   <trkpt lat="43.7997060" lon="5.7198350">
    <ele>382.1</ele>
   </trkpt>
   <trkpt lat="43.7997100" lon="5.7198370">
    <ele>382.1</ele>
   </trkpt>
   <trkpt lat="43.7997110" lon="5.7198400">
    <ele>382.1</ele>
   </trkpt>
   <trkpt lat="43.7997070" lon="5.7198450">
    <ele>381.9</ele>
   </trkpt>
   <trkpt lat="43.7997040" lon="5.7198490">
    <ele>381.9</ele>
   </trkpt>
   <trkpt lat="43.7997030" lon="5.7198520">
    <ele>381.9</ele>
   </trkpt>
   <trkpt lat="43.7997020" lon="5.7198520">
    <ele>381.9</ele>
   </trkpt>
   <trkpt lat="43.7997020" lon="5.7198550">
    <ele>381.9</ele>
   </trkpt>
   <trkpt lat="43.7997020" lon="5.7198540">
    <ele>381.9</ele>
   </trkpt>
   <trkpt lat="43.7997020" lon="5.7198530">
    <ele>381.9</ele>
   </trkpt>
   <trkpt lat="43.7997010" lon="5.7198490">
    <ele>381.9</ele>
   </trkpt>
   <trkpt lat="43.7997030" lon="5.7198470">
    <ele>381.9</ele>
   </trkpt>
   <trkpt lat="43.7997410" lon="5.7197230">
    <ele>382.4</ele>
   </trkpt>
   <trkpt lat="43.7997440" lon="5.7197120">
    <ele>382.6</ele>
   </trkpt>
   <trkpt lat="43.7997410" lon="5.7197210">
    <ele>382.4</ele>
   </trkpt>
   <trkpt lat="43.7997390" lon="5.7197310">
    <ele>382.4</ele>
   </trkpt>
   <trkpt lat="43.7997440" lon="5.7197310">
    <ele>382.4</ele>
   </trkpt>
   <trkpt lat="43.7997450" lon="5.7197320">
    <ele>382.4</ele>
   </trkpt>
   <trkpt lat="43.7997440" lon="5.7197320">
    <ele>382.4</ele>
   </trkpt>
   <trkpt lat="43.7997430" lon="5.7197330">
    <ele>382.4</ele>
   </trkpt>
   <trkpt lat="43.7997470" lon="5.7197430">
    <ele>382.4</ele>
   </trkpt>
   <trkpt lat="43.7997470" lon="5.7197440">
    <ele>382.4</ele>
   </trkpt>
   <trkpt lat="43.7997500" lon="5.7197450">
    <ele>382.4</ele>
   </trkpt>
   <trkpt lat="43.7997540" lon="5.7197450">
    <ele>382.4</ele>
   </trkpt>
   <trkpt lat="43.7997580" lon="5.7197450">
    <ele>382.4</ele>
   </trkpt>
   <trkpt lat="43.7997640" lon="5.7197450">
    <ele>382.4</ele>
   </trkpt>
   <trkpt lat="43.7997650" lon="5.7197460">
    <ele>382.4</ele>
   </trkpt>
   <trkpt lat="43.7997650" lon="5.7197470">
    <ele>382.4</ele>
   </trkpt>
   <trkpt lat="43.7997640" lon="5.7197470">
    <ele>382.4</ele>
   </trkpt>
   <trkpt lat="43.7997640" lon="5.7197240">
    <ele>382.4</ele>
   </trkpt>
   <trkpt lat="43.7997610" lon="5.7197050">
    <ele>382.6</ele>
   </trkpt>
   <trkpt lat="43.7997590" lon="5.7196900">
    <ele>382.6</ele>
   </trkpt>
   <trkpt lat="43.7997600" lon="5.7196840">
    <ele>382.6</ele>
   </trkpt>
   <trkpt lat="43.7997620" lon="5.7196790">
    <ele>382.6</ele>
   </trkpt>
   <trkpt lat="43.7997630" lon="5.7196740">
    <ele>382.6</ele>
   </trkpt>
   <trkpt lat="43.7997650" lon="5.7196680">
    <ele>382.7</ele>
   </trkpt>
   <trkpt lat="43.7997660" lon="5.7196630">
    <ele>382.7</ele>
   </trkpt>
   <trkpt lat="43.7997680" lon="5.7196580">
    <ele>382.7</ele>
   </trkpt>
   <trkpt lat="43.7997690" lon="5.7196520">
    <ele>382.7</ele>
   </trkpt>
   <trkpt lat="43.7997710" lon="5.7196470">
    <ele>382.7</ele>
   </trkpt>
   <trkpt lat="43.7997720" lon="5.7196420">
    <ele>382.7</ele>
   </trkpt>
   <trkpt lat="43.7997740" lon="5.7196360">
    <ele>382.7</ele>
   </trkpt>
   <trkpt lat="43.7997750" lon="5.7196310">
    <ele>382.7</ele>
   </trkpt>
   <trkpt lat="43.7997390" lon="5.7197110">
    <ele>382.6</ele>
   </trkpt>
   <trkpt lat="43.7997200" lon="5.7197420">
    <ele>382.4</ele>
   </trkpt>
   <trkpt lat="43.7997120" lon="5.7197540">
    <ele>382.4</ele>
   </trkpt>
   <trkpt lat="43.7997050" lon="5.7197650">
    <ele>382.2</ele>
   </trkpt>
   <trkpt lat="43.7997070" lon="5.7197750">
    <ele>382.2</ele>
   </trkpt>
   <trkpt lat="43.7997210" lon="5.7197650">
    <ele>382.2</ele>
   </trkpt>
   <trkpt lat="43.7997320" lon="5.7197540">
    <ele>382.4</ele>
   </trkpt>
   <trkpt lat="43.7997390" lon="5.7197350">
    <ele>382.4</ele>
   </trkpt>
   <trkpt lat="43.7997410" lon="5.7197220">
    <ele>382.4</ele>
   </trkpt>
   <trkpt lat="43.7997430" lon="5.7197100">
    <ele>382.6</ele>
   </trkpt>
   <trkpt lat="43.7997440" lon="5.7196980">
    <ele>382.6</ele>
   </trkpt>
   <trkpt lat="43.7997460" lon="5.7196850">
    <ele>382.6</ele>
   </trkpt>
   <trkpt lat="43.7997480" lon="5.7196730">
    <ele>382.6</ele>
   </trkpt>
   <trkpt lat="43.7997490" lon="5.7196630">
    <ele>382.7</ele>
   </trkpt>
   <trkpt lat="43.7997470" lon="5.7196790">
    <ele>382.6</ele>
   </trkpt>
   <trkpt lat="43.7997450" lon="5.7196950">
    <ele>382.6</ele>
   </trkpt>
   <trkpt lat="43.7997420" lon="5.7197120">
    <ele>382.6</ele>
   </trkpt>
   <trkpt lat="43.7997400" lon="5.7197280">
    <ele>382.4</ele>
   </trkpt>
   <trkpt lat="43.7997380" lon="5.7197440">
    <ele>382.4</ele>
   </trkpt>
   <trkpt lat="43.7997360" lon="5.7197600">
    <ele>382.2</ele>
   </trkpt>
   <trkpt lat="43.7997330" lon="5.7197660">
    <ele>382.2</ele>
   </trkpt>
   <trkpt lat="43.7997290" lon="5.7197640">
    <ele>382.2</ele>
   </trkpt>
   <trkpt lat="43.7997260" lon="5.7197620">
    <ele>382.2</ele>
   </trkpt>
   <trkpt lat="43.7997230" lon="5.7197600">
    <ele>382.2</ele>
   </trkpt>
   <trkpt lat="43.7997190" lon="5.7197580">
    <ele>382.2</ele>
   </trkpt>
   <trkpt lat="43.7997160" lon="5.7197560">
    <ele>382.4</ele>
   </trkpt>
   <trkpt lat="43.7997130" lon="5.7197540">
    <ele>382.4</ele>
   </trkpt>
   <trkpt lat="43.7997100" lon="5.7197520">
    <ele>382.4</ele>
   </trkpt>
   <trkpt lat="43.7997060" lon="5.7197500">
    <ele>382.4</ele>
   </trkpt>
   <trkpt lat="43.7997030" lon="5.7197480">
    <ele>382.4</ele>
   </trkpt>
   <trkpt lat="43.7997000" lon="5.7197460">
    <ele>382.4</ele>
   </trkpt>
   <trkpt lat="43.7996960" lon="5.7197440">
    <ele>382.4</ele>
   </trkpt>
   <trkpt lat="43.7996930" lon="5.7197420">
    <ele>382.4</ele>
   </trkpt>
   <trkpt lat="43.7996900" lon="5.7197400">
    <ele>382.4</ele>
   </trkpt>
   <trkpt lat="43.7996860" lon="5.7197380">
    <ele>382.4</ele>
   </trkpt>
   <trkpt lat="43.7996830" lon="5.7197360">
    <ele>382.4</ele>
   </trkpt>
   <trkpt lat="43.7996830" lon="5.7197340">
    <ele>382.4</ele>
   </trkpt>
   <trkpt lat="43.7996850" lon="5.7197340">
    <ele>382.4</ele>
   </trkpt>
   <trkpt lat="43.7996860" lon="5.7197360">
    <ele>382.4</ele>
   </trkpt>
   <trkpt lat="43.7996890" lon="5.7197360">
    <ele>382.4</ele>
   </trkpt>
   <trkpt lat="43.7996910" lon="5.7197350">
    <ele>382.4</ele>
   </trkpt>
   <trkpt lat="43.7996910" lon="5.7197340">
    <ele>382.4</ele>
   </trkpt>
   <trkpt lat="43.7996900" lon="5.7197330">
    <ele>382.4</ele>
   </trkpt>
   <trkpt lat="43.7996880" lon="5.7197320">
    <ele>382.4</ele>
   </trkpt>
   <trkpt lat="43.7996940" lon="5.7197720">
    <ele>382.2</ele>
   </trkpt>
   <trkpt lat="43.7996950" lon="5.7197770">
    <ele>382.2</ele>
   </trkpt>
   <trkpt lat="43.7996980" lon="5.7197720">
    <ele>382.2</ele>
   </trkpt>
   <trkpt lat="43.7997010" lon="5.7197700">
    <ele>382.2</ele>
   </trkpt>
   <trkpt lat="43.7996990" lon="5.7197750">
    <ele>382.2</ele>
   </trkpt>
   <trkpt lat="43.7996960" lon="5.7197810">
    <ele>382.2</ele>
   </trkpt>
   <trkpt lat="43.7996850" lon="5.7197440">
    <ele>382.4</ele>
   </trkpt>
   <trkpt lat="43.7996860" lon="5.7197440">
    <ele>382.4</ele>
   </trkpt>
   <trkpt lat="43.7996870" lon="5.7197420">
    <ele>382.4</ele>
   </trkpt>
   <trkpt lat="43.7996880" lon="5.7197430">
    <ele>382.4</ele>
   </trkpt>
   <trkpt lat="43.7996890" lon="5.7197420">
    <ele>382.4</ele>
   </trkpt>
   <trkpt lat="43.7996900" lon="5.7197550">
    <ele>382.4</ele>
   </trkpt>
   <trkpt lat="43.7996880" lon="5.7197530">
    <ele>382.4</ele>
   </trkpt>
   <trkpt lat="43.7996850" lon="5.7197550">
    <ele>382.4</ele>
   </trkpt>
   <trkpt lat="43.7996790" lon="5.7197570">
    <ele>382.4</ele>
   </trkpt>
   <trkpt lat="43.7996720" lon="5.7197620">
    <ele>382.2</ele>
   </trkpt>
   <trkpt lat="43.7997040" lon="5.7198620">
    <ele>381.9</ele>
   </trkpt>
   <trkpt lat="43.7997030" lon="5.7198630">
    <ele>381.9</ele>
   </trkpt>
   <trkpt lat="43.7997020" lon="5.7198650">
    <ele>381.9</ele>
   </trkpt>
   <trkpt lat="43.7997010" lon="5.7198610">
    <ele>381.9</ele>
   </trkpt>
   <trkpt lat="43.7997010" lon="5.7198590">
    <ele>381.9</ele>
   </trkpt>
   <trkpt lat="43.7997010" lon="5.7198570">
    <ele>381.9</ele>
   </trkpt>
   <trkpt lat="43.7997010" lon="5.7198560">
    <ele>381.9</ele>
   </trkpt>
   <trkpt lat="43.7997010" lon="5.7198560">
    <ele>381.9</ele>
   </trkpt>
   <trkpt lat="43.7997000" lon="5.7198560">
    <ele>381.9</ele>
   </trkpt>
   <trkpt lat="43.7996990" lon="5.7198570">
    <ele>381.9</ele>
   </trkpt>
   <trkpt lat="43.7997020" lon="5.7198580">
    <ele>381.9</ele>
   </trkpt>
   <trkpt lat="43.7997020" lon="5.7198590">
    <ele>381.9</ele>
   </trkpt>
   <trkpt lat="43.7997030" lon="5.7198590">
    <ele>381.9</ele>
   </trkpt>
   <trkpt lat="43.7997020" lon="5.7198570">
    <ele>381.9</ele>
   </trkpt>
   <trkpt lat="43.7997030" lon="5.7198590">
    <ele>381.9</ele>
   </trkpt>
   <trkpt lat="43.7997030" lon="5.7198550">
    <ele>381.9</ele>
   </trkpt>
   <trkpt lat="43.7997010" lon="5.7198530">
    <ele>381.9</ele>
   </trkpt>
   <trkpt lat="43.7997000" lon="5.7198540">
    <ele>381.9</ele>
   </trkpt>
   <trkpt lat="43.7997000" lon="5.7198540">
    <ele>381.9</ele>
   </trkpt>
   <trkpt lat="43.7997310" lon="5.7198890">
    <ele>381.7</ele>
   </trkpt>
   <trkpt lat="43.7997200" lon="5.7198890">
    <ele>381.7</ele>
   </trkpt>
   <trkpt lat="43.7997130" lon="5.7198810">
    <ele>381.9</ele>
   </trkpt>
   <trkpt lat="43.7997100" lon="5.7198740">
    <ele>381.9</ele>
   </trkpt>
   <trkpt lat="43.7997030" lon="5.7198670">
    <ele>381.9</ele>
   </trkpt>
   <trkpt lat="43.7996960" lon="5.7198590">
    <ele>381.9</ele>
   </trkpt>
   <trkpt lat="43.7996760" lon="5.7198520">
    <ele>381.9</ele>
   </trkpt>
   <trkpt lat="43.7996660" lon="5.7198390">
    <ele>382.0</ele>
   </trkpt>
   <trkpt lat="43.7996590" lon="5.7198310">
    <ele>382.0</ele>
   </trkpt>
   <trkpt lat="43.7996540" lon="5.7198260">
    <ele>382.0</ele>
   </trkpt>
   <trkpt lat="43.7996570" lon="5.7197970">
    <ele>382.2</ele>
   </trkpt>
   <trkpt lat="43.7996520" lon="5.7197860">
    <ele>382.2</ele>
   </trkpt>
   <trkpt lat="43.7996460" lon="5.7197780">
    <ele>382.2</ele>
   </trkpt>
   <trkpt lat="43.7996410" lon="5.7197710">
    <ele>382.2</ele>
   </trkpt>
   <trkpt lat="43.7996350" lon="5.7197690">
    <ele>382.2</ele>
   </trkpt>
   <trkpt lat="43.7996360" lon="5.7197710">
    <ele>382.2</ele>
   </trkpt>
   <trkpt lat="43.7996370" lon="5.7197680">
    <ele>382.2</ele>
   </trkpt>
   <trkpt lat="43.7996360" lon="5.7197580">
    <ele>382.2</ele>
   </trkpt>
   <trkpt lat="43.7996330" lon="5.7197520">
    <ele>382.3</ele>
   </trkpt>
   <trkpt lat="43.7996300" lon="5.7197450">
    <ele>382.3</ele>
   </trkpt>
   <trkpt lat="43.7996350" lon="5.7197420">
    <ele>382.3</ele>
   </trkpt>
   <trkpt lat="43.7996350" lon="5.7197410">
    <ele>382.3</ele>
   </trkpt>
   <trkpt lat="43.7996350" lon="5.7197410">
    <ele>382.3</ele>
   </trkpt>
   <trkpt lat="43.7996320" lon="5.7197390">
    <ele>382.3</ele>
   </trkpt>
   <trkpt lat="43.7996280" lon="5.7197350">
    <ele>382.3</ele>
   </trkpt>
   <trkpt lat="43.7996250" lon="5.7197360">
    <ele>382.3</ele>
   </trkpt>
   <trkpt lat="43.7996210" lon="5.7197350">
    <ele>382.3</ele>
   </trkpt>
   <trkpt lat="43.7996180" lon="5.7197340">
    <ele>382.3</ele>
   </trkpt>
   <trkpt lat="43.7996120" lon="5.7197290">
    <ele>382.3</ele>
   </trkpt>
   <trkpt lat="43.7996070" lon="5.7197260">
    <ele>382.3</ele>
   </trkpt>
   <trkpt lat="43.7996020" lon="5.7197230">
    <ele>382.3</ele>
   </trkpt>
   <trkpt lat="43.7995960" lon="5.7197180">
    <ele>382.3</ele>
   </trkpt>
   <trkpt lat="43.7995850" lon="5.7197160">
    <ele>382.3</ele>
   </trkpt>
   <trkpt lat="43.7995740" lon="5.7197230">
    <ele>382.3</ele>
   </trkpt>
   <trkpt lat="43.7995530" lon="5.7197340">
    <ele>382.3</ele>
   </trkpt>
   <trkpt lat="43.7995450" lon="5.7197350">
    <ele>382.3</ele>
   </trkpt>
   <trkpt lat="43.7995360" lon="5.7197360">
    <ele>382.3</ele>
   </trkpt>
   <trkpt lat="43.7995270" lon="5.7197270">
    <ele>382.4</ele>
   </trkpt>
   <trkpt lat="43.7995210" lon="5.7197140">
    <ele>382.5</ele>
   </trkpt>
   <trkpt lat="43.7995160" lon="5.7197030">
    <ele>382.5</ele>
   </trkpt>
   <trkpt lat="43.7995120" lon="5.7197010">
    <ele>382.5</ele>
   </trkpt>
   <trkpt lat="43.7995090" lon="5.7197030">
    <ele>382.5</ele>
   </trkpt>
   <trkpt lat="43.7995050" lon="5.7197060">
    <ele>382.5</ele>
   </trkpt>
   <trkpt lat="43.7994990" lon="5.7197100">
    <ele>382.5</ele>
   </trkpt>
   <trkpt lat="43.7994940" lon="5.7197120">
    <ele>382.5</ele>
   </trkpt>
   <trkpt lat="43.7994900" lon="5.7197110">
    <ele>382.5</ele>
   </trkpt>
   <trkpt lat="43.7994800" lon="5.7197100">
    <ele>382.5</ele>
   </trkpt>
   <trkpt lat="43.7994720" lon="5.7197070">
    <ele>382.5</ele>
   </trkpt>
   <trkpt lat="43.7994660" lon="5.7197060">
    <ele>382.5</ele>
   </trkpt>
   <trkpt lat="43.7994650" lon="5.7197060">
    <ele>382.5</ele>
   </trkpt>
   <trkpt lat="43.7994580" lon="5.7197090">
    <ele>382.5</ele>
   </trkpt>
   <trkpt lat="43.7994750" lon="5.7197460">
    <ele>382.4</ele>
   </trkpt>
   <trkpt lat="43.7994890" lon="5.7197130">
    <ele>382.5</ele>
   </trkpt>
   <trkpt lat="43.7994890" lon="5.7196890">
    <ele>382.5</ele>
   </trkpt>
   <trkpt lat="43.7994880" lon="5.7196700">
    <ele>382.6</ele>
   </trkpt>
   <trkpt lat="43.7994860" lon="5.7196470">
    <ele>382.6</ele>
   </trkpt>
   <trkpt lat="43.7994880" lon="5.7196230">
    <ele>382.7</ele>
   </trkpt>
   <trkpt lat="43.7994890" lon="5.7196000">
    <ele>382.7</ele>
   </trkpt>
   <trkpt lat="43.7994920" lon="5.7195760">
    <ele>382.8</ele>
   </trkpt>
   <trkpt lat="43.7995020" lon="5.7195290">
    <ele>383.0</ele>
   </trkpt>
   <trkpt lat="43.7995030" lon="5.7195110">
    <ele>383.0</ele>
   </trkpt>
   <trkpt lat="43.7995130" lon="5.7194620">
    <ele>383.2</ele>
   </trkpt>
   <trkpt lat="43.7995170" lon="5.7194460">
    <ele>383.2</ele>
   </trkpt>
   <trkpt lat="43.7995330" lon="5.7193770">
    <ele>383.5</ele>
   </trkpt>
   <trkpt lat="43.7995460" lon="5.7193250">
    <ele>383.7</ele>
   </trkpt>
   <trkpt lat="43.7995500" lon="5.7193070">
    <ele>383.8</ele>
   </trkpt>
   <trkpt lat="43.7995610" lon="5.7192710">
    <ele>383.9</ele>
   </trkpt>
   <trkpt lat="43.7995760" lon="5.7192220">
    <ele>384.1</ele>
   </trkpt>
   <trkpt lat="43.7995800" lon="5.7192060">
    <ele>384.2</ele>
   </trkpt>
   <trkpt lat="43.7995950" lon="5.7191640">
    <ele>384.4</ele>
   </trkpt>
   <trkpt lat="43.7995990" lon="5.7191510">
    <ele>384.4</ele>
   </trkpt>
   <trkpt lat="43.7996070" lon="5.7191220">
    <ele>384.6</ele>
   </trkpt>
   <trkpt lat="43.7996140" lon="5.7191090">
    <ele>384.6</ele>
   </trkpt>
   <trkpt lat="43.7996490" lon="5.7191340">
    <ele>384.6</ele>
   </trkpt>
   <trkpt lat="43.7996610" lon="5.7191480">
    <ele>384.6</ele>
   </trkpt>
   <trkpt lat="43.7996820" lon="5.7191750">
    <ele>384.6</ele>
   </trkpt>
   <trkpt lat="43.7997070" lon="5.7192030">
    <ele>384.6</ele>
   </trkpt>
   <trkpt lat="43.7997280" lon="5.7192300">
    <ele>384.5</ele>
   </trkpt>
   <trkpt lat="43.7997520" lon="5.7192570">
    <ele>384.5</ele>
   </trkpt>
   <trkpt lat="43.7997980" lon="5.7193120">
    <ele>384.4</ele>
   </trkpt>
   <trkpt lat="43.7998190" lon="5.7193400">
    <ele>384.4</ele>
   </trkpt>
   <trkpt lat="43.7998430" lon="5.7193690">
    <ele>384.4</ele>
   </trkpt>
   <trkpt lat="43.7998660" lon="5.7193960">
    <ele>384.4</ele>
   </trkpt>
   <trkpt lat="43.7998900" lon="5.7194350">
    <ele>384.3</ele>
   </trkpt>
   <trkpt lat="43.7999080" lon="5.7194840">
    <ele>384.2</ele>
   </trkpt>
   <trkpt lat="43.7999240" lon="5.7195240">
    <ele>384.2</ele>
   </trkpt>
   <trkpt lat="43.7999360" lon="5.7195580">
    <ele>384.1</ele>
   </trkpt>
   <trkpt lat="43.7999410" lon="5.7195950">
    <ele>384.0</ele>
   </trkpt>
   <trkpt lat="43.7999430" lon="5.7196080">
    <ele>384.0</ele>
   </trkpt>
   <trkpt lat="43.7999490" lon="5.7196460">
    <ele>383.9</ele>
   </trkpt>
   <trkpt lat="43.7999510" lon="5.7196600">
    <ele>383.9</ele>
   </trkpt>
   <trkpt lat="43.7999590" lon="5.7196820">
    <ele>383.8</ele>
   </trkpt>
   <trkpt lat="43.7999620" lon="5.7196910">
    <ele>383.8</ele>
   </trkpt>
   <trkpt lat="43.7999650" lon="5.7197000">
    <ele>383.8</ele>
   </trkpt>
   <trkpt lat="43.7999680" lon="5.7197100">
    <ele>383.8</ele>
   </trkpt>
   <trkpt lat="43.7999710" lon="5.7197190">
    <ele>383.7</ele>
   </trkpt>
   <trkpt lat="43.7999740" lon="5.7197280">
    <ele>383.7</ele>
   </trkpt>
   <trkpt lat="43.7999770" lon="5.7197370">
    <ele>383.7</ele>
   </trkpt>
   <trkpt lat="43.7999790" lon="5.7197460">
    <ele>383.7</ele>
   </trkpt>
   <trkpt lat="43.7999820" lon="5.7197550">
    <ele>383.7</ele>
   </trkpt>
   <trkpt lat="43.7999850" lon="5.7197640">
    <ele>383.7</ele>
   </trkpt>
   <trkpt lat="43.7999880" lon="5.7197730">
    <ele>383.6</ele>
   </trkpt>
   <trkpt lat="43.7999910" lon="5.7197830">
    <ele>383.6</ele>
   </trkpt>
   <trkpt lat="43.7999940" lon="5.7197920">
    <ele>383.5</ele>
   </trkpt>
   <trkpt lat="43.7999970" lon="5.7198010">
    <ele>383.5</ele>
   </trkpt>
   <trkpt lat="43.8000000" lon="5.7198100">
    <ele>383.4</ele>
   </trkpt>
   <trkpt lat="43.8000120" lon="5.7198560">
    <ele>383.1</ele>
   </trkpt>
   <trkpt lat="43.8000180" lon="5.7198760">
    <ele>383.0</ele>
   </trkpt>
   <trkpt lat="43.8000370" lon="5.7199170">
    <ele>382.7</ele>
   </trkpt>
   <trkpt lat="43.8000710" lon="5.7199490">
    <ele>382.3</ele>
   </trkpt>
   <trkpt lat="43.8000920" lon="5.7199860">
    <ele>382.1</ele>
   </trkpt>
   <trkpt lat="43.8001210" lon="5.7200160">
    <ele>381.8</ele>
   </trkpt>
   <trkpt lat="43.8001500" lon="5.7200480">
    <ele>381.5</ele>
   </trkpt>
   <trkpt lat="43.8001790" lon="5.7200820">
    <ele>381.2</ele>
   </trkpt>
   <trkpt lat="43.8002040" lon="5.7201210">
    <ele>380.9</ele>
   </trkpt>
   <trkpt lat="43.8002320" lon="5.7201560">
    <ele>380.7</ele>
   </trkpt>
   <trkpt lat="43.8002600" lon="5.7201840">
    <ele>380.4</ele>
   </trkpt>
   <trkpt lat="43.8002860" lon="5.7202150">
    <ele>380.2</ele>
   </trkpt>
   <trkpt lat="43.8003090" lon="5.7202450">
    <ele>380.0</ele>
   </trkpt>
   <trkpt lat="43.8003290" lon="5.7202790">
    <ele>379.8</ele>
   </trkpt>
   <trkpt lat="43.8003310" lon="5.7202850">
    <ele>379.7</ele>
   </trkpt>
   <trkpt lat="43.8003270" lon="5.7202790">
    <ele>379.7</ele>
   </trkpt>
   <trkpt lat="43.8003260" lon="5.7202760">
    <ele>379.7</ele>
   </trkpt>
   <trkpt lat="43.8003260" lon="5.7202740">
    <ele>379.7</ele>
   </trkpt>
   <trkpt lat="43.8003260" lon="5.7202730">
    <ele>379.7</ele>
   </trkpt>
   <trkpt lat="43.8003260" lon="5.7202730">
    <ele>379.7</ele>
   </trkpt>
   <trkpt lat="43.8003260" lon="5.7202730">
    <ele>379.7</ele>
   </trkpt>
   <trkpt lat="43.8003260" lon="5.7202730">
    <ele>379.7</ele>
   </trkpt>
   <trkpt lat="43.8003260" lon="5.7202730">
    <ele>379.7</ele>
   </trkpt>
   <trkpt lat="43.8003260" lon="5.7202730">
    <ele>379.7</ele>
   </trkpt>
   <trkpt lat="43.8003290" lon="5.7202700">
    <ele>379.6</ele>
   </trkpt>
   <trkpt lat="43.8003530" lon="5.7203080">
    <ele>379.4</ele>
   </trkpt>
   <trkpt lat="43.8003750" lon="5.7203520">
    <ele>379.1</ele>
   </trkpt>
   <trkpt lat="43.8004040" lon="5.7203920">
    <ele>378.8</ele>
   </trkpt>
   <trkpt lat="43.8004360" lon="5.7204310">
    <ele>378.5</ele>
   </trkpt>
   <trkpt lat="43.8004660" lon="5.7204810">
    <ele>378.1</ele>
   </trkpt>
   <trkpt lat="43.8004870" lon="5.7205490">
    <ele>377.7</ele>
   </trkpt>
   <trkpt lat="43.8005070" lon="5.7206230">
    <ele>377.2</ele>
   </trkpt>
   <trkpt lat="43.8005310" lon="5.7207030">
    <ele>376.7</ele>
   </trkpt>
   <trkpt lat="43.8005640" lon="5.7207820">
    <ele>376.3</ele>
   </trkpt>
   <trkpt lat="43.8006100" lon="5.7208450">
    <ele>375.9</ele>
   </trkpt>
   <trkpt lat="43.8006640" lon="5.7208870">
    <ele>375.5</ele>
   </trkpt>
   <trkpt lat="43.8007300" lon="5.7209210">
    <ele>375.1</ele>
   </trkpt>
   <trkpt lat="43.8008080" lon="5.7209370">
    <ele>374.7</ele>
   </trkpt>
   <trkpt lat="43.8008860" lon="5.7209480">
    <ele>374.3</ele>
   </trkpt>
   <trkpt lat="43.8009640" lon="5.7209620">
    <ele>373.9</ele>
   </trkpt>
   <trkpt lat="43.8010390" lon="5.7209770">
    <ele>373.5</ele>
   </trkpt>
   <trkpt lat="43.8011110" lon="5.7209950">
    <ele>373.1</ele>
   </trkpt>
   <trkpt lat="43.8011810" lon="5.7210180">
    <ele>372.7</ele>
   </trkpt>
   <trkpt lat="43.8012490" lon="5.7210630">
    <ele>372.3</ele>
   </trkpt>
   <trkpt lat="43.8013010" lon="5.7211470">
    <ele>372.0</ele>
   </trkpt>
   <trkpt lat="43.8013390" lon="5.7212350">
    <ele>371.6</ele>
   </trkpt>
   <trkpt lat="43.8013700" lon="5.7213170">
    <ele>371.3</ele>
   </trkpt>
   <trkpt lat="43.8014140" lon="5.7213870">
    <ele>371.0</ele>
   </trkpt>
   <trkpt lat="43.8014750" lon="5.7214270">
    <ele>370.6</ele>
   </trkpt>
   <trkpt lat="43.8015410" lon="5.7214380">
    <ele>370.1</ele>
   </trkpt>
   <trkpt lat="43.8016090" lon="5.7214300">
    <ele>369.7</ele>
   </trkpt>
   <trkpt lat="43.8016710" lon="5.7214290">
    <ele>369.3</ele>
   </trkpt>
   <trkpt lat="43.8017260" lon="5.7214300">
    <ele>368.9</ele>
   </trkpt>
   <trkpt lat="43.8017750" lon="5.7214240">
    <ele>368.6</ele>
   </trkpt>
   <trkpt lat="43.8018170" lon="5.7214250">
    <ele>368.4</ele>
   </trkpt>
   <trkpt lat="43.8018560" lon="5.7214260">
    <ele>368.1</ele>
   </trkpt>
   <trkpt lat="43.8019010" lon="5.7214190">
    <ele>367.9</ele>
   </trkpt>
   <trkpt lat="43.8019550" lon="5.7214080">
    <ele>367.6</ele>
   </trkpt>
   <trkpt lat="43.8020100" lon="5.7213940">
    <ele>367.3</ele>
   </trkpt>
   <trkpt lat="43.8020610" lon="5.7213850">
    <ele>367.0</ele>
   </trkpt>
   <trkpt lat="43.8021100" lon="5.7213750">
    <ele>366.8</ele>
   </trkpt>
   <trkpt lat="43.8021560" lon="5.7213630">
    <ele>366.5</ele>
   </trkpt>
   <trkpt lat="43.8022040" lon="5.7213500">
    <ele>366.3</ele>
   </trkpt>
   <trkpt lat="43.8022480" lon="5.7213370">
    <ele>366.0</ele>
   </trkpt>
   <trkpt lat="43.8022920" lon="5.7213230">
    <ele>365.8</ele>
   </trkpt>
   <trkpt lat="43.8023340" lon="5.7213070">
    <ele>365.6</ele>
   </trkpt>
   <trkpt lat="43.8023770" lon="5.7212900">
    <ele>365.3</ele>
   </trkpt>
   <trkpt lat="43.8024270" lon="5.7212730">
    <ele>365.1</ele>
   </trkpt>
   <trkpt lat="43.8024770" lon="5.7212610">
    <ele>364.9</ele>
   </trkpt>
   <trkpt lat="43.8025270" lon="5.7212670">
    <ele>364.6</ele>
   </trkpt>
   <trkpt lat="43.8025680" lon="5.7212750">
    <ele>364.4</ele>
   </trkpt>
   <trkpt lat="43.8026050" lon="5.7212910">
    <ele>364.3</ele>
   </trkpt>
   <trkpt lat="43.8026390" lon="5.7213090">
    <ele>364.1</ele>
   </trkpt>
   <trkpt lat="43.8026740" lon="5.7213340">
    <ele>363.9</ele>
   </trkpt>
   <trkpt lat="43.8027100" lon="5.7213650">
    <ele>363.7</ele>
   </trkpt>
   <trkpt lat="43.8027410" lon="5.7213990">
    <ele>363.6</ele>
   </trkpt>
   <trkpt lat="43.8027710" lon="5.7214370">
    <ele>363.4</ele>
   </trkpt>
   <trkpt lat="43.8028010" lon="5.7214740">
    <ele>363.2</ele>
   </trkpt>
   <trkpt lat="43.8028360" lon="5.7215070">
    <ele>363.1</ele>
   </trkpt>
   <trkpt lat="43.8028720" lon="5.7215430">
    <ele>362.9</ele>
   </trkpt>
   <trkpt lat="43.8029060" lon="5.7215870">
    <ele>362.7</ele>
   </trkpt>
   <trkpt lat="43.8029430" lon="5.7216220">
    <ele>362.5</ele>
   </trkpt>
   <trkpt lat="43.8029780" lon="5.7216600">
    <ele>362.3</ele>
   </trkpt>
   <trkpt lat="43.8030080" lon="5.7217020">
    <ele>362.1</ele>
   </trkpt>
   <trkpt lat="43.8030320" lon="5.7217500">
    <ele>361.9</ele>
   </trkpt>
   <trkpt lat="43.8030530" lon="5.7218010">
    <ele>361.7</ele>
   </trkpt>
   <trkpt lat="43.8030780" lon="5.7218420">
    <ele>361.5</ele>
   </trkpt>
   <trkpt lat="43.8031080" lon="5.7218870">
    <ele>361.3</ele>
   </trkpt>
   <trkpt lat="43.8031390" lon="5.7219310">
    <ele>361.0</ele>
   </trkpt>
   <trkpt lat="43.8031610" lon="5.7219760">
    <ele>360.7</ele>
   </trkpt>
   <trkpt lat="43.8031810" lon="5.7220340">
    <ele>360.5</ele>
   </trkpt>
   <trkpt lat="43.8032020" lon="5.7220880">
    <ele>360.2</ele>
   </trkpt>
   <trkpt lat="43.8032290" lon="5.7221440">
    <ele>359.8</ele>
   </trkpt>
   <trkpt lat="43.8032570" lon="5.7222090">
    <ele>359.5</ele>
   </trkpt>
   <trkpt lat="43.8032750" lon="5.7222730">
    <ele>359.1</ele>
   </trkpt>
   <trkpt lat="43.8032820" lon="5.7223410">
    <ele>358.8</ele>
   </trkpt>
   <trkpt lat="43.8032790" lon="5.7224080">
    <ele>358.4</ele>
   </trkpt>
   <trkpt lat="43.8032510" lon="5.7224730">
    <ele>358.0</ele>
   </trkpt>
   <trkpt lat="43.8032010" lon="5.7225130">
    <ele>357.5</ele>
   </trkpt>
   <trkpt lat="43.8031400" lon="5.7225070">
    <ele>357.0</ele>
   </trkpt>
   <trkpt lat="43.8030880" lon="5.7224880">
    <ele>356.6</ele>
   </trkpt>
   <trkpt lat="43.8030360" lon="5.7224670">
    <ele>356.2</ele>
   </trkpt>
   <trkpt lat="43.8029890" lon="5.7224490">
    <ele>355.8</ele>
   </trkpt>
   <trkpt lat="43.8029430" lon="5.7224300">
    <ele>355.5</ele>
   </trkpt>
   <trkpt lat="43.8029050" lon="5.7224170">
    <ele>355.2</ele>
   </trkpt>
   <trkpt lat="43.8028710" lon="5.7224160">
    <ele>354.9</ele>
   </trkpt>
   <trkpt lat="43.8028360" lon="5.7224150">
    <ele>354.7</ele>
   </trkpt>
   <trkpt lat="43.8028010" lon="5.7224160">
    <ele>354.4</ele>
   </trkpt>
   <trkpt lat="43.8027670" lon="5.7224300">
    <ele>354.1</ele>
   </trkpt>
   <trkpt lat="43.8027320" lon="5.7224620">
    <ele>353.7</ele>
   </trkpt>
   <trkpt lat="43.8027010" lon="5.7225050">
    <ele>353.3</ele>
   </trkpt>
   <trkpt lat="43.8026850" lon="5.7225510">
    <ele>353.0</ele>
   </trkpt>
   <trkpt lat="43.8026790" lon="5.7226050">
    <ele>352.6</ele>
   </trkpt>
   <trkpt lat="43.8026900" lon="5.7226580">
    <ele>352.3</ele>
   </trkpt>
   <trkpt lat="43.8027110" lon="5.7227140">
    <ele>351.8</ele>
   </trkpt>
   <trkpt lat="43.8027330" lon="5.7227660">
    <ele>351.5</ele>
   </trkpt>
   <trkpt lat="43.8027560" lon="5.7228210">
    <ele>351.1</ele>
   </trkpt>
   <trkpt lat="43.8027830" lon="5.7228670">
    <ele>350.7</ele>
   </trkpt>
   <trkpt lat="43.8028160" lon="5.7229060">
    <ele>350.3</ele>
   </trkpt>
   <trkpt lat="43.8028500" lon="5.7229410">
    <ele>349.9</ele>
   </trkpt>
   <trkpt lat="43.8028770" lon="5.7229750">
    <ele>349.6</ele>
   </trkpt>
   <trkpt lat="43.8029010" lon="5.7230070">
    <ele>349.3</ele>
   </trkpt>
   <trkpt lat="43.8029280" lon="5.7230360">
    <ele>349.1</ele>
   </trkpt>
   <trkpt lat="43.8029590" lon="5.7230710">
    <ele>348.8</ele>
   </trkpt>
   <trkpt lat="43.8029950" lon="5.7231180">
    <ele>348.4</ele>
   </trkpt>
   <trkpt lat="43.8030290" lon="5.7231730">
    <ele>348.0</ele>
   </trkpt>
   <trkpt lat="43.8030580" lon="5.7232270">
    <ele>347.6</ele>
   </trkpt>
   <trkpt lat="43.8030860" lon="5.7232830">
    <ele>347.3</ele>
   </trkpt>
   <trkpt lat="43.8031180" lon="5.7233420">
    <ele>347.0</ele>
   </trkpt>
   <trkpt lat="43.8031470" lon="5.7233990">
    <ele>346.7</ele>
   </trkpt>
   <trkpt lat="43.8031800" lon="5.7234360">
    <ele>346.5</ele>
   </trkpt>
   <trkpt lat="43.8032160" lon="5.7234680">
    <ele>346.3</ele>
   </trkpt>
   <trkpt lat="43.8032560" lon="5.7235010">
    <ele>346.1</ele>
   </trkpt>
   <trkpt lat="43.8032990" lon="5.7235350">
    <ele>345.8</ele>
   </trkpt>
   <trkpt lat="43.8033370" lon="5.7235750">
    <ele>345.6</ele>
   </trkpt>
   <trkpt lat="43.8033820" lon="5.7236250">
    <ele>345.3</ele>
   </trkpt>
   <trkpt lat="43.8034240" lon="5.7236890">
    <ele>344.9</ele>
   </trkpt>
   <trkpt lat="43.8035540" lon="5.7240710">
    <ele>343.1</ele>
   </trkpt>
   <trkpt lat="43.8035690" lon="5.7241570">
    <ele>342.7</ele>
   </trkpt>
   <trkpt lat="43.8035840" lon="5.7242430">
    <ele>342.3</ele>
   </trkpt>
   <trkpt lat="43.8035990" lon="5.7243290">
    <ele>341.8</ele>
   </trkpt>
   <trkpt lat="43.8036140" lon="5.7244120">
    <ele>341.4</ele>
   </trkpt>
   <trkpt lat="43.8036260" lon="5.7244940">
    <ele>340.9</ele>
   </trkpt>
   <trkpt lat="43.8036400" lon="5.7245680">
    <ele>340.5</ele>
   </trkpt>
   <trkpt lat="43.8036620" lon="5.7246310">
    <ele>340.1</ele>
   </trkpt>
   <trkpt lat="43.8036980" lon="5.7246900">
    <ele>339.6</ele>
   </trkpt>
   <trkpt lat="43.8037440" lon="5.7247150">
    <ele>339.1</ele>
   </trkpt>
   <trkpt lat="43.8038050" lon="5.7247270">
    <ele>338.5</ele>
   </trkpt>
   <trkpt lat="43.8038640" lon="5.7247240">
    <ele>337.9</ele>
   </trkpt>
   <trkpt lat="43.8039220" lon="5.7247150">
    <ele>337.4</ele>
   </trkpt>
   <trkpt lat="43.8039800" lon="5.7247150">
    <ele>336.8</ele>
   </trkpt>
   <trkpt lat="43.8040390" lon="5.7247380">
    <ele>336.3</ele>
   </trkpt>
   <trkpt lat="43.8040880" lon="5.7247760">
    <ele>335.8</ele>
   </trkpt>
   <trkpt lat="43.8041280" lon="5.7248410">
    <ele>335.4</ele>
   </trkpt>
   <trkpt lat="43.8041520" lon="5.7249170">
    <ele>335.1</ele>
   </trkpt>
   <trkpt lat="43.8041670" lon="5.7249770">
    <ele>334.8</ele>
   </trkpt>
   <trkpt lat="43.8041790" lon="5.7250380">
    <ele>334.7</ele>
   </trkpt>
   <trkpt lat="43.8041900" lon="5.7251090">
    <ele>334.6</ele>
   </trkpt>
   <trkpt lat="43.8042090" lon="5.7251760">
    <ele>334.6</ele>
   </trkpt>
   <trkpt lat="43.8042420" lon="5.7252310">
    <ele>334.5</ele>
   </trkpt>
   <trkpt lat="43.8042800" lon="5.7252780">
    <ele>334.5</ele>
   </trkpt>
   <trkpt lat="43.8043210" lon="5.7253240">
    <ele>334.5</ele>
   </trkpt>
   <trkpt lat="43.8043630" lon="5.7253710">
    <ele>334.6</ele>
   </trkpt>
   <trkpt lat="43.8043970" lon="5.7254070">
    <ele>334.6</ele>
   </trkpt>
   <trkpt lat="43.8044330" lon="5.7254410">
    <ele>334.7</ele>
   </trkpt>
   <trkpt lat="43.8044680" lon="5.7254830">
    <ele>334.9</ele>
   </trkpt>
   <trkpt lat="43.8045020" lon="5.7255260">
    <ele>335.0</ele>
   </trkpt>
   <trkpt lat="43.8045350" lon="5.7255680">
    <ele>335.2</ele>
   </trkpt>
   <trkpt lat="43.8045570" lon="5.7255990">
    <ele>335.3</ele>
   </trkpt>
   <trkpt lat="43.8045820" lon="5.7256430">
    <ele>335.5</ele>
   </trkpt>
   <trkpt lat="43.8046000" lon="5.7256790">
    <ele>335.7</ele>
   </trkpt>
   <trkpt lat="43.8046170" lon="5.7257090">
    <ele>335.8</ele>
   </trkpt>
   <trkpt lat="43.8046410" lon="5.7257480">
    <ele>336.0</ele>
   </trkpt>
   <trkpt lat="43.8046490" lon="5.7257590">
    <ele>336.1</ele>
   </trkpt>
   <trkpt lat="43.8046710" lon="5.7257920">
    <ele>336.3</ele>
   </trkpt>
   <trkpt lat="43.8046930" lon="5.7258230">
    <ele>336.4</ele>
   </trkpt>
   <trkpt lat="43.8047150" lon="5.7258530">
    <ele>336.5</ele>
   </trkpt>
   <trkpt lat="43.8047360" lon="5.7258850">
    <ele>336.7</ele>
   </trkpt>
   <trkpt lat="43.8047530" lon="5.7259150">
    <ele>336.8</ele>
   </trkpt>
   <trkpt lat="43.8047700" lon="5.7259450">
    <ele>336.9</ele>
   </trkpt>
   <trkpt lat="43.8047880" lon="5.7259760">
    <ele>337.0</ele>
   </trkpt>
   <trkpt lat="43.8048010" lon="5.7260100">
    <ele>337.1</ele>
   </trkpt>
   <trkpt lat="43.8048140" lon="5.7260470">
    <ele>337.2</ele>
   </trkpt>
   <trkpt lat="43.8048280" lon="5.7260900">
    <ele>337.3</ele>
   </trkpt>
   <trkpt lat="43.8048470" lon="5.7261340">
    <ele>337.4</ele>
   </trkpt>
   <trkpt lat="43.8048710" lon="5.7261680">
    <ele>337.4</ele>
   </trkpt>
   <trkpt lat="43.8048930" lon="5.7262000">
    <ele>337.5</ele>
   </trkpt>
   <trkpt lat="43.8049130" lon="5.7262310">
    <ele>337.6</ele>
   </trkpt>
   <trkpt lat="43.8049280" lon="5.7262670">
    <ele>337.6</ele>
   </trkpt>
   <trkpt lat="43.8049410" lon="5.7263060">
    <ele>337.7</ele>
   </trkpt>
   <trkpt lat="43.8049520" lon="5.7263470">
    <ele>337.7</ele>
   </trkpt>
   <trkpt lat="43.8049700" lon="5.7263950">
    <ele>337.8</ele>
   </trkpt>
   <trkpt lat="43.8049770" lon="5.7264110">
    <ele>337.8</ele>
   </trkpt>
   <trkpt lat="43.8050000" lon="5.7264380">
    <ele>337.9</ele>
   </trkpt>
   <trkpt lat="43.8050210" lon="5.7264670">
    <ele>337.9</ele>
   </trkpt>
   <trkpt lat="43.8050370" lon="5.7265000">
    <ele>337.9</ele>
   </trkpt>
   <trkpt lat="43.8050540" lon="5.7265340">
    <ele>338.0</ele>
   </trkpt>
   <trkpt lat="43.8050720" lon="5.7265690">
    <ele>338.0</ele>
   </trkpt>
   <trkpt lat="43.8050930" lon="5.7265970">
    <ele>338.0</ele>
   </trkpt>
   <trkpt lat="43.8051190" lon="5.7266360">
    <ele>338.0</ele>
   </trkpt>
   <trkpt lat="43.8051270" lon="5.7266490">
    <ele>338.0</ele>
   </trkpt>
   <trkpt lat="43.8051470" lon="5.7266750">
    <ele>338.0</ele>
   </trkpt>
   <trkpt lat="43.8051800" lon="5.7267080">
    <ele>338.1</ele>
   </trkpt>
   <trkpt lat="43.8051920" lon="5.7267210">
    <ele>338.1</ele>
   </trkpt>
   <trkpt lat="43.8052210" lon="5.7267420">
    <ele>338.1</ele>
   </trkpt>
   <trkpt lat="43.8052530" lon="5.7267590">
    <ele>338.1</ele>
   </trkpt>
   <trkpt lat="43.8052800" lon="5.7267680">
    <ele>338.2</ele>
   </trkpt>
   <trkpt lat="43.8053100" lon="5.7267800">
    <ele>338.2</ele>
   </trkpt>
   <trkpt lat="43.8053360" lon="5.7267940">
    <ele>338.2</ele>
   </trkpt>
   <trkpt lat="43.8053740" lon="5.7268090">
    <ele>338.3</ele>
   </trkpt>
   <trkpt lat="43.8053870" lon="5.7268150">
    <ele>338.3</ele>
   </trkpt>
   <trkpt lat="43.8054130" lon="5.7268250">
    <ele>338.3</ele>
   </trkpt>
   <trkpt lat="43.8054400" lon="5.7268330">
    <ele>338.3</ele>
   </trkpt>
   <trkpt lat="43.8054690" lon="5.7268460">
    <ele>338.3</ele>
   </trkpt>
   <trkpt lat="43.8055080" lon="5.7268610">
    <ele>338.3</ele>
   </trkpt>
   <trkpt lat="43.8055210" lon="5.7268650">
    <ele>338.3</ele>
   </trkpt>
   <trkpt lat="43.8055520" lon="5.7268740">
    <ele>338.3</ele>
   </trkpt>
   <trkpt lat="43.8055850" lon="5.7268900">
    <ele>338.3</ele>
   </trkpt>
   <trkpt lat="43.8056160" lon="5.7269070">
    <ele>338.3</ele>
   </trkpt>
   <trkpt lat="43.8056420" lon="5.7269250">
    <ele>338.3</ele>
   </trkpt>
   <trkpt lat="43.8056790" lon="5.7269400">
    <ele>338.3</ele>
   </trkpt>
   <trkpt lat="43.8057170" lon="5.7269460">
    <ele>338.3</ele>
   </trkpt>
   <trkpt lat="43.8057570" lon="5.7269580">
    <ele>338.3</ele>
   </trkpt>
   <trkpt lat="43.8058080" lon="5.7269770">
    <ele>338.3</ele>
   </trkpt>
   <trkpt lat="43.8058520" lon="5.7269990">
    <ele>338.3</ele>
   </trkpt>
   <trkpt lat="43.8058930" lon="5.7270170">
    <ele>338.3</ele>
   </trkpt>
   <trkpt lat="43.8059310" lon="5.7270380">
    <ele>338.3</ele>
   </trkpt>
   <trkpt lat="43.8059680" lon="5.7270660">
    <ele>338.3</ele>
   </trkpt>
   <trkpt lat="43.8059830" lon="5.7270770">
    <ele>338.3</ele>
   </trkpt>
   <trkpt lat="43.8060160" lon="5.7271030">
    <ele>338.3</ele>
   </trkpt>
   <trkpt lat="43.8060450" lon="5.7271200">
    <ele>338.3</ele>
   </trkpt>
   <trkpt lat="43.8060730" lon="5.7271320">
    <ele>338.3</ele>
   </trkpt>
   <trkpt lat="43.8061160" lon="5.7271540">
    <ele>338.4</ele>
   </trkpt>
   <trkpt lat="43.8061580" lon="5.7271790">
    <ele>338.4</ele>
   </trkpt>
   <trkpt lat="43.8061970" lon="5.7271940">
    <ele>338.4</ele>
   </trkpt>
   <trkpt lat="43.8062360" lon="5.7272050">
    <ele>338.5</ele>
   </trkpt>
   <trkpt lat="43.8062710" lon="5.7272150">
    <ele>338.5</ele>
   </trkpt>
   <trkpt lat="43.8063360" lon="5.7272250">
    <ele>338.6</ele>
   </trkpt>
   <trkpt lat="43.8063920" lon="5.7272400">
    <ele>338.7</ele>
   </trkpt>
   <trkpt lat="43.8064310" lon="5.7272540">
    <ele>338.7</ele>
   </trkpt>
   <trkpt lat="43.8064460" lon="5.7272580">
    <ele>338.7</ele>
   </trkpt>
   <trkpt lat="43.8064880" lon="5.7272560">
    <ele>338.8</ele>
   </trkpt>
   <trkpt lat="43.8065340" lon="5.7272530">
    <ele>338.9</ele>
   </trkpt>
   <trkpt lat="43.8065730" lon="5.7272460">
    <ele>339.0</ele>
   </trkpt>
   <trkpt lat="43.8066110" lon="5.7272420">
    <ele>339.1</ele>
   </trkpt>
   <trkpt lat="43.8066470" lon="5.7272390">
    <ele>339.2</ele>
   </trkpt>
   <trkpt lat="43.8066810" lon="5.7272370">
    <ele>339.3</ele>
   </trkpt>
   <trkpt lat="43.8067130" lon="5.7272270">
    <ele>339.4</ele>
   </trkpt>
   <trkpt lat="43.8067410" lon="5.7272190">
    <ele>339.5</ele>
   </trkpt>
   <trkpt lat="43.8067710" lon="5.7272080">
    <ele>339.6</ele>
   </trkpt>
   <trkpt lat="43.8067990" lon="5.7271990">
    <ele>339.7</ele>
   </trkpt>
   <trkpt lat="43.8068570" lon="5.7272030">
    <ele>339.9</ele>
   </trkpt>
   <trkpt lat="43.8068910" lon="5.7272050">
    <ele>340.1</ele>
   </trkpt>
   <trkpt lat="43.8069250" lon="5.7271960">
    <ele>340.2</ele>
   </trkpt>
   <trkpt lat="43.8069540" lon="5.7271830">
    <ele>340.3</ele>
   </trkpt>
   <trkpt lat="43.8069820" lon="5.7271670">
    <ele>340.4</ele>
   </trkpt>
   <trkpt lat="43.8070110" lon="5.7271490">
    <ele>340.5</ele>
   </trkpt>
   <trkpt lat="43.8070430" lon="5.7271380">
    <ele>340.7</ele>
   </trkpt>
   <trkpt lat="43.8070720" lon="5.7271260">
    <ele>340.8</ele>
   </trkpt>
   <trkpt lat="43.8070990" lon="5.7271170">
    <ele>340.9</ele>
   </trkpt>
   <trkpt lat="43.8071280" lon="5.7271090">
    <ele>341.0</ele>
   </trkpt>
   <trkpt lat="43.8071540" lon="5.7270970">
    <ele>341.1</ele>
   </trkpt>
   <trkpt lat="43.8071800" lon="5.7270840">
    <ele>341.2</ele>
   </trkpt>
   <trkpt lat="43.8072130" lon="5.7270690">
    <ele>341.3</ele>
   </trkpt>
   <trkpt lat="43.8072250" lon="5.7270640">
    <ele>341.4</ele>
   </trkpt>
   <trkpt lat="43.8072530" lon="5.7270490">
    <ele>341.5</ele>
   </trkpt>
   <trkpt lat="43.8072860" lon="5.7270180">
    <ele>341.6</ele>
   </trkpt>
   <trkpt lat="43.8072980" lon="5.7270080">
    <ele>341.7</ele>
   </trkpt>
   <trkpt lat="43.8073280" lon="5.7270090">
    <ele>341.9</ele>
   </trkpt>
   <trkpt lat="43.8073630" lon="5.7270670">
    <ele>341.9</ele>
   </trkpt>
   <trkpt lat="43.8073900" lon="5.7271150">
    <ele>342.0</ele>
   </trkpt>
   <trkpt lat="43.8074000" lon="5.7271680">
    <ele>342.0</ele>
   </trkpt>
   <trkpt lat="43.8074060" lon="5.7272140">
    <ele>342.1</ele>
   </trkpt>
   <trkpt lat="43.8074060" lon="5.7272620">
    <ele>342.1</ele>
   </trkpt>
   <trkpt lat="43.8074090" lon="5.7273080">
    <ele>342.1</ele>
   </trkpt>
   <trkpt lat="43.8074110" lon="5.7273480">
    <ele>342.1</ele>
   </trkpt>
   <trkpt lat="43.8074120" lon="5.7274200">
    <ele>342.1</ele>
   </trkpt>
   <trkpt lat="43.8074150" lon="5.7274660">
    <ele>342.2</ele>
   </trkpt>
   <trkpt lat="43.8074160" lon="5.7274840">
    <ele>342.2</ele>
   </trkpt>
   <trkpt lat="43.8074170" lon="5.7275240">
    <ele>342.2</ele>
   </trkpt>
   <trkpt lat="43.8074130" lon="5.7275660">
    <ele>342.2</ele>
   </trkpt>
   <trkpt lat="43.8074100" lon="5.7276210">
    <ele>342.2</ele>
   </trkpt>
   <trkpt lat="43.8074080" lon="5.7276390">
    <ele>342.2</ele>
   </trkpt>
   <trkpt lat="43.8074090" lon="5.7276860">
    <ele>342.2</ele>
   </trkpt>
   <trkpt lat="43.8074090" lon="5.7276990">
    <ele>342.2</ele>
   </trkpt>
   <trkpt lat="43.8074140" lon="5.7277200">
    <ele>342.2</ele>
   </trkpt>
   <trkpt lat="43.8074140" lon="5.7277380">
    <ele>342.2</ele>
   </trkpt>
   <trkpt lat="43.8074140" lon="5.7277590">
    <ele>342.2</ele>
   </trkpt>
   <trkpt lat="43.8074170" lon="5.7277810">
    <ele>342.2</ele>
   </trkpt>
   <trkpt lat="43.8074180" lon="5.7278100">
    <ele>342.2</ele>
   </trkpt>
   <trkpt lat="43.8074190" lon="5.7278220">
    <ele>342.2</ele>
   </trkpt>
   <trkpt lat="43.8074190" lon="5.7278330">
    <ele>342.2</ele>
   </trkpt>
   <trkpt lat="43.8074220" lon="5.7278410">
    <ele>342.2</ele>
   </trkpt>
   <trkpt lat="43.8074230" lon="5.7278430">
    <ele>342.2</ele>
   </trkpt>
   <trkpt lat="43.8074220" lon="5.7278480">
    <ele>342.2</ele>
   </trkpt>
   <trkpt lat="43.8074220" lon="5.7278480">
    <ele>342.2</ele>
   </trkpt>
   <trkpt lat="43.8074220" lon="5.7278490">
    <ele>342.2</ele>
   </trkpt>
   <trkpt lat="43.8074220" lon="5.7278490">
    <ele>342.2</ele>
   </trkpt>
   <trkpt lat="43.8074220" lon="5.7278480">
    <ele>342.2</ele>
   </trkpt>
   <trkpt lat="43.8074220" lon="5.7278480">
    <ele>342.2</ele>
   </trkpt>
   <trkpt lat="43.8074220" lon="5.7278480">
    <ele>342.2</ele>
   </trkpt>
   <trkpt lat="43.8074220" lon="5.7278480">
    <ele>342.2</ele>
   </trkpt>
   <trkpt lat="43.8074220" lon="5.7278480">
    <ele>342.2</ele>
   </trkpt>
   <trkpt lat="43.8074220" lon="5.7278480">
    <ele>342.2</ele>
   </trkpt>
   <trkpt lat="43.8073850" lon="5.7278080">
    <ele>342.1</ele>
   </trkpt>
   <trkpt lat="43.8073660" lon="5.7277990">
    <ele>342.1</ele>
   </trkpt>
   <trkpt lat="43.8073600" lon="5.7277970">
    <ele>342.1</ele>
   </trkpt>
   <trkpt lat="43.8073610" lon="5.7277900">
    <ele>342.1</ele>
   </trkpt>
   <trkpt lat="43.8073620" lon="5.7277880">
    <ele>342.1</ele>
   </trkpt>
   <trkpt lat="43.8073530" lon="5.7277900">
    <ele>342.1</ele>
   </trkpt>
   <trkpt lat="43.8073440" lon="5.7277930">
    <ele>342.1</ele>
   </trkpt>
   <trkpt lat="43.8073350" lon="5.7277950">
    <ele>342.1</ele>
   </trkpt>
   <trkpt lat="43.8073260" lon="5.7277970">
    <ele>342.0</ele>
   </trkpt>
   <trkpt lat="43.8073170" lon="5.7278000">
    <ele>342.0</ele>
   </trkpt>
   <trkpt lat="43.8073070" lon="5.7278020">
    <ele>342.0</ele>
   </trkpt>
   <trkpt lat="43.8072980" lon="5.7278040">
    <ele>342.0</ele>
   </trkpt>
   <trkpt lat="43.8072890" lon="5.7278060">
    <ele>342.0</ele>
   </trkpt>
   <trkpt lat="43.8072800" lon="5.7278090">
    <ele>342.0</ele>
   </trkpt>
   <trkpt lat="43.8072710" lon="5.7278110">
    <ele>341.9</ele>
   </trkpt>
   <trkpt lat="43.8072420" lon="5.7278140">
    <ele>341.9</ele>
   </trkpt>
   <trkpt lat="43.8072030" lon="5.7278220">
    <ele>341.8</ele>
   </trkpt>
   <trkpt lat="43.8071890" lon="5.7278230">
    <ele>341.8</ele>
   </trkpt>
   <trkpt lat="43.8071600" lon="5.7278280">
    <ele>341.8</ele>
   </trkpt>
   <trkpt lat="43.8071280" lon="5.7278320">
    <ele>341.7</ele>
   </trkpt>
   <trkpt lat="43.8070960" lon="5.7278420">
    <ele>341.7</ele>
   </trkpt>
   <trkpt lat="43.8070650" lon="5.7278560">
    <ele>341.7</ele>
   </trkpt>
   <trkpt lat="43.8069870" lon="5.7278630">
    <ele>341.6</ele>
   </trkpt>
   <trkpt lat="43.8069440" lon="5.7278700">
    <ele>341.5</ele>
   </trkpt>
   <trkpt lat="43.8068980" lon="5.7278840">
    <ele>341.5</ele>
   </trkpt>
   <trkpt lat="43.8068550" lon="5.7278990">
    <ele>341.5</ele>
   </trkpt>
   <trkpt lat="43.8068180" lon="5.7279100">
    <ele>341.4</ele>
   </trkpt>
   <trkpt lat="43.8067790" lon="5.7279230">
    <ele>341.4</ele>
   </trkpt>
   <trkpt lat="43.8067380" lon="5.7279320">
    <ele>341.4</ele>
   </trkpt>
   <trkpt lat="43.8066950" lon="5.7279400">
    <ele>341.3</ele>
   </trkpt>
   <trkpt lat="43.8066520" lon="5.7279500">
    <ele>341.3</ele>
   </trkpt>
   <trkpt lat="43.8066120" lon="5.7279570">
    <ele>341.3</ele>
   </trkpt>
   <trkpt lat="43.8065720" lon="5.7279590">
    <ele>341.2</ele>
   </trkpt>
   <trkpt lat="43.8065320" lon="5.7279540">
    <ele>341.2</ele>
   </trkpt>
   <trkpt lat="43.8064920" lon="5.7279440">
    <ele>341.1</ele>
   </trkpt>
   <trkpt lat="43.8064540" lon="5.7279380">
    <ele>341.1</ele>
   </trkpt>
   <trkpt lat="43.8064130" lon="5.7279260">
    <ele>341.1</ele>
   </trkpt>
   <trkpt lat="43.8063770" lon="5.7279080">
    <ele>341.0</ele>
   </trkpt>
   <trkpt lat="43.8063430" lon="5.7278900">
    <ele>341.0</ele>
   </trkpt>
   <trkpt lat="43.8063050" lon="5.7278690">
    <ele>340.9</ele>
   </trkpt>
   <trkpt lat="43.8062650" lon="5.7278550">
    <ele>340.9</ele>
   </trkpt>
   <trkpt lat="43.8062230" lon="5.7278460">
    <ele>340.9</ele>
   </trkpt>
   <trkpt lat="43.8061790" lon="5.7278420">
    <ele>340.9</ele>
   </trkpt>
   <trkpt lat="43.8061330" lon="5.7278390">
    <ele>340.9</ele>
   </trkpt>
   <trkpt lat="43.8060880" lon="5.7278290">
    <ele>340.9</ele>
   </trkpt>
   <trkpt lat="43.8060430" lon="5.7278220">
    <ele>340.9</ele>
   </trkpt>
   <trkpt lat="43.8059940" lon="5.7278240">
    <ele>341.0</ele>
   </trkpt>
   <trkpt lat="43.8059440" lon="5.7278260">
    <ele>341.0</ele>
   </trkpt>
   <trkpt lat="43.8058950" lon="5.7278310">
    <ele>341.1</ele>
   </trkpt>
   <trkpt lat="43.8058540" lon="5.7278450">
    <ele>341.2</ele>
   </trkpt>
   <trkpt lat="43.8058100" lon="5.7278600">
    <ele>341.2</ele>
   </trkpt>
   <trkpt lat="43.8057770" lon="5.7278690">
    <ele>341.3</ele>
   </trkpt>
   <trkpt lat="43.8057280" lon="5.7278840">
    <ele>341.4</ele>
   </trkpt>
   <trkpt lat="43.8056820" lon="5.7278940">
    <ele>341.5</ele>
   </trkpt>
   <trkpt lat="43.8056420" lon="5.7279070">
    <ele>341.6</ele>
   </trkpt>
   <trkpt lat="43.8056000" lon="5.7279200">
    <ele>341.7</ele>
   </trkpt>
   <trkpt lat="43.8055660" lon="5.7279330">
    <ele>341.8</ele>
   </trkpt>
   <trkpt lat="43.8055180" lon="5.7279490">
    <ele>341.9</ele>
   </trkpt>
   <trkpt lat="43.8054740" lon="5.7279670">
    <ele>342.0</ele>
   </trkpt>
   <trkpt lat="43.8054300" lon="5.7279820">
    <ele>342.1</ele>
   </trkpt>
   <trkpt lat="43.8053880" lon="5.7279970">
    <ele>342.2</ele>
   </trkpt>
   <trkpt lat="43.8053520" lon="5.7280080">
    <ele>342.3</ele>
   </trkpt>
   <trkpt lat="43.8053110" lon="5.7280220">
    <ele>342.4</ele>
   </trkpt>
   <trkpt lat="43.8052720" lon="5.7280350">
    <ele>342.5</ele>
   </trkpt>
   <trkpt lat="43.8052350" lon="5.7280450">
    <ele>342.7</ele>
   </trkpt>
   <trkpt lat="43.8051990" lon="5.7280550">
    <ele>342.8</ele>
   </trkpt>
   <trkpt lat="43.8051660" lon="5.7280660">
    <ele>343.0</ele>
   </trkpt>
   <trkpt lat="43.8051350" lon="5.7280890">
    <ele>343.1</ele>
   </trkpt>
   <trkpt lat="43.8051050" lon="5.7281170">
    <ele>343.3</ele>
   </trkpt>
   <trkpt lat="43.8050750" lon="5.7281390">
    <ele>343.4</ele>
   </trkpt>
   <trkpt lat="43.8050420" lon="5.7281590">
    <ele>343.6</ele>
   </trkpt>
   <trkpt lat="43.8050080" lon="5.7281770">
    <ele>343.7</ele>
   </trkpt>
   <trkpt lat="43.8049750" lon="5.7282010">
    <ele>343.9</ele>
   </trkpt>
   <trkpt lat="43.8049370" lon="5.7282250">
    <ele>344.2</ele>
   </trkpt>
   <trkpt lat="43.8049020" lon="5.7282490">
    <ele>344.4</ele>
   </trkpt>
   <trkpt lat="43.8048660" lon="5.7282690">
    <ele>344.6</ele>
   </trkpt>
   <trkpt lat="43.8048330" lon="5.7282980">
    <ele>344.9</ele>
   </trkpt>
   <trkpt lat="43.8047970" lon="5.7283330">
    <ele>345.1</ele>
   </trkpt>
   <trkpt lat="43.8047680" lon="5.7283580">
    <ele>345.3</ele>
   </trkpt>
   <trkpt lat="43.8047360" lon="5.7283800">
    <ele>345.6</ele>
   </trkpt>
   <trkpt lat="43.8047060" lon="5.7284010">
    <ele>345.8</ele>
   </trkpt>
   <trkpt lat="43.8046740" lon="5.7284220">
    <ele>346.0</ele>
   </trkpt>
   <trkpt lat="43.8046430" lon="5.7284490">
    <ele>346.2</ele>
   </trkpt>
   <trkpt lat="43.8046110" lon="5.7284770">
    <ele>346.4</ele>
   </trkpt>
   <trkpt lat="43.8045820" lon="5.7285070">
    <ele>346.6</ele>
   </trkpt>
   <trkpt lat="43.8045520" lon="5.7285380">
    <ele>346.8</ele>
   </trkpt>
   <trkpt lat="43.8045240" lon="5.7285710">
    <ele>347.0</ele>
   </trkpt>
   <trkpt lat="43.8045030" lon="5.7286020">
    <ele>347.1</ele>
   </trkpt>
   <trkpt lat="43.8044730" lon="5.7286340">
    <ele>347.3</ele>
   </trkpt>
   <trkpt lat="43.8044400" lon="5.7286760">
    <ele>347.5</ele>
   </trkpt>
   <trkpt lat="43.8044080" lon="5.7287090">
    <ele>347.6</ele>
   </trkpt>
   <trkpt lat="43.8043780" lon="5.7287380">
    <ele>347.7</ele>
   </trkpt>
   <trkpt lat="43.8043490" lon="5.7287750">
    <ele>347.7</ele>
   </trkpt>
   <trkpt lat="43.8043230" lon="5.7288100">
    <ele>347.7</ele>
   </trkpt>
   <trkpt lat="43.8042860" lon="5.7288420">
    <ele>347.7</ele>
   </trkpt>
   <trkpt lat="43.8042560" lon="5.7288660">
    <ele>347.7</ele>
   </trkpt>
   <trkpt lat="43.8042220" lon="5.7289030">
    <ele>347.6</ele>
   </trkpt>
   <trkpt lat="43.8041600" lon="5.7289730">
    <ele>347.4</ele>
   </trkpt>
   <trkpt lat="43.8041240" lon="5.7290160">
    <ele>347.3</ele>
   </trkpt>
   <trkpt lat="43.8040910" lon="5.7290590">
    <ele>347.1</ele>
   </trkpt>
   <trkpt lat="43.8040590" lon="5.7291090">
    <ele>347.0</ele>
   </trkpt>
   <trkpt lat="43.8040250" lon="5.7291640">
    <ele>346.8</ele>
   </trkpt>
   <trkpt lat="43.8039940" lon="5.7292180">
    <ele>346.6</ele>
   </trkpt>
   <trkpt lat="43.8039630" lon="5.7292750">
    <ele>346.5</ele>
   </trkpt>
   <trkpt lat="43.8039290" lon="5.7293330">
    <ele>346.2</ele>
   </trkpt>
   <trkpt lat="43.8038970" lon="5.7293940">
    <ele>346.0</ele>
   </trkpt>
   <trkpt lat="43.8038660" lon="5.7294550">
    <ele>345.8</ele>
   </trkpt>
   <trkpt lat="43.8038370" lon="5.7295190">
    <ele>345.6</ele>
   </trkpt>
   <trkpt lat="43.8038150" lon="5.7295860">
    <ele>345.4</ele>
   </trkpt>
   <trkpt lat="43.8037940" lon="5.7296650">
    <ele>345.1</ele>
   </trkpt>
   <trkpt lat="43.8037690" lon="5.7297370">
    <ele>344.8</ele>
   </trkpt>
   <trkpt lat="43.8037460" lon="5.7298160">
    <ele>344.5</ele>
   </trkpt>
   <trkpt lat="43.8037240" lon="5.7299010">
    <ele>344.2</ele>
   </trkpt>
   <trkpt lat="43.8037010" lon="5.7299870">
    <ele>343.8</ele>
   </trkpt>
   <trkpt lat="43.8036810" lon="5.7300710">
    <ele>343.5</ele>
   </trkpt>
   <trkpt lat="43.8036590" lon="5.7301610">
    <ele>343.2</ele>
   </trkpt>
   <trkpt lat="43.8036380" lon="5.7302560">
    <ele>342.8</ele>
   </trkpt>
   <trkpt lat="43.8036170" lon="5.7303520">
    <ele>342.6</ele>
   </trkpt>
   <trkpt lat="43.8035910" lon="5.7304460">
    <ele>342.3</ele>
   </trkpt>
   <trkpt lat="43.8035680" lon="5.7305350">
    <ele>342.1</ele>
   </trkpt>
   <trkpt lat="43.8035440" lon="5.7306240">
    <ele>341.9</ele>
   </trkpt>
   <trkpt lat="43.8035180" lon="5.7307160">
    <ele>341.6</ele>
   </trkpt>
   <trkpt lat="43.8034870" lon="5.7308030">
    <ele>341.5</ele>
   </trkpt>
   <trkpt lat="43.8034540" lon="5.7308880">
    <ele>341.4</ele>
   </trkpt>
   <trkpt lat="43.8034150" lon="5.7309700">
    <ele>341.3</ele>
   </trkpt>
   <trkpt lat="43.8033770" lon="5.7310450">
    <ele>341.2</ele>
   </trkpt>
   <trkpt lat="43.8033410" lon="5.7311150">
    <ele>341.1</ele>
   </trkpt>
   <trkpt lat="43.8033000" lon="5.7311820">
    <ele>341.0</ele>
   </trkpt>
   <trkpt lat="43.8032610" lon="5.7312410">
    <ele>340.9</ele>
   </trkpt>
   <trkpt lat="43.8032200" lon="5.7313000">
    <ele>340.9</ele>
   </trkpt>
   <trkpt lat="43.8031790" lon="5.7313520">
    <ele>340.8</ele>
   </trkpt>
   <trkpt lat="43.8031350" lon="5.7314060">
    <ele>340.8</ele>
   </trkpt>
   <trkpt lat="43.8030950" lon="5.7314700">
    <ele>340.7</ele>
   </trkpt>
   <trkpt lat="43.8030540" lon="5.7315220">
    <ele>340.6</ele>
   </trkpt>
   <trkpt lat="43.8030110" lon="5.7315800">
    <ele>340.5</ele>
   </trkpt>
   <trkpt lat="43.8029320" lon="5.7316910">
    <ele>340.3</ele>
   </trkpt>
   <trkpt lat="43.8028930" lon="5.7317570">
    <ele>340.2</ele>
   </trkpt>
   <trkpt lat="43.8028470" lon="5.7318220">
    <ele>340.0</ele>
   </trkpt>
   <trkpt lat="43.8027990" lon="5.7318850">
    <ele>339.9</ele>
   </trkpt>
   <trkpt lat="43.8027510" lon="5.7319460">
    <ele>339.8</ele>
   </trkpt>
   <trkpt lat="43.8026990" lon="5.7320070">
    <ele>339.6</ele>
   </trkpt>
   <trkpt lat="43.8026490" lon="5.7320650">
    <ele>339.5</ele>
   </trkpt>
   <trkpt lat="43.8026020" lon="5.7321310">
    <ele>339.3</ele>
   </trkpt>
   <trkpt lat="43.8025530" lon="5.7321950">
    <ele>339.1</ele>
   </trkpt>
   <trkpt lat="43.8024510" lon="5.7323250">
    <ele>338.7</ele>
   </trkpt>
   <trkpt lat="43.8024010" lon="5.7323920">
    <ele>338.5</ele>
   </trkpt>
   <trkpt lat="43.8023500" lon="5.7324620">
    <ele>338.3</ele>
   </trkpt>
   <trkpt lat="43.8022980" lon="5.7325350">
    <ele>338.1</ele>
   </trkpt>
   <trkpt lat="43.8022450" lon="5.7326060">
    <ele>337.8</ele>
   </trkpt>
   <trkpt lat="43.8021930" lon="5.7326750">
    <ele>337.6</ele>
   </trkpt>
   <trkpt lat="43.8021400" lon="5.7327470">
    <ele>337.3</ele>
   </trkpt>
   <trkpt lat="43.8020880" lon="5.7328180">
    <ele>337.1</ele>
   </trkpt>
   <trkpt lat="43.8020380" lon="5.7328880">
    <ele>336.8</ele>
   </trkpt>
   <trkpt lat="43.8019860" lon="5.7329620">
    <ele>336.6</ele>
   </trkpt>
   <trkpt lat="43.8019330" lon="5.7330370">
    <ele>336.4</ele>
   </trkpt>
   <trkpt lat="43.8018770" lon="5.7331140">
    <ele>336.1</ele>
   </trkpt>
   <trkpt lat="43.8018190" lon="5.7331890">
    <ele>335.9</ele>
   </trkpt>
   <trkpt lat="43.8017650" lon="5.7332630">
    <ele>335.6</ele>
   </trkpt>
   <trkpt lat="43.8016480" lon="5.7334190">
    <ele>335.0</ele>
   </trkpt>
   <trkpt lat="43.8015900" lon="5.7334960">
    <ele>334.7</ele>
   </trkpt>
   <trkpt lat="43.8015320" lon="5.7335770">
    <ele>334.4</ele>
   </trkpt>
   <trkpt lat="43.8014710" lon="5.7336540">
    <ele>334.1</ele>
   </trkpt>
   <trkpt lat="43.8014140" lon="5.7337280">
    <ele>333.9</ele>
   </trkpt>
   <trkpt lat="43.8013520" lon="5.7338040">
    <ele>333.6</ele>
   </trkpt>
   <trkpt lat="43.8012920" lon="5.7338740">
    <ele>333.3</ele>
   </trkpt>
   <trkpt lat="43.8012320" lon="5.7339530">
    <ele>333.0</ele>
   </trkpt>
   <trkpt lat="43.8011740" lon="5.7340320">
    <ele>332.8</ele>
   </trkpt>
   <trkpt lat="43.8010580" lon="5.7341940">
    <ele>332.2</ele>
   </trkpt>
   <trkpt lat="43.8009960" lon="5.7342750">
    <ele>331.8</ele>
   </trkpt>
   <trkpt lat="43.8009320" lon="5.7343560">
    <ele>331.5</ele>
   </trkpt>
   <trkpt lat="43.8008690" lon="5.7344380">
    <ele>331.2</ele>
   </trkpt>
   <trkpt lat="43.8008050" lon="5.7345290">
    <ele>330.9</ele>
   </trkpt>
   <trkpt lat="43.8007420" lon="5.7346180">
    <ele>330.6</ele>
   </trkpt>
   <trkpt lat="43.8006760" lon="5.7346980">
    <ele>330.3</ele>
   </trkpt>
   <trkpt lat="43.8006070" lon="5.7347780">
    <ele>330.0</ele>
   </trkpt>
   <trkpt lat="43.8005420" lon="5.7348570">
    <ele>329.8</ele>
   </trkpt>
   <trkpt lat="43.8004830" lon="5.7349340">
    <ele>329.5</ele>
   </trkpt>
   <trkpt lat="43.8004300" lon="5.7350070">
    <ele>329.3</ele>
   </trkpt>
   <trkpt lat="43.8003750" lon="5.7350790">
    <ele>329.1</ele>
   </trkpt>
   <trkpt lat="43.8003180" lon="5.7351450">
    <ele>328.9</ele>
   </trkpt>
   <trkpt lat="43.8002620" lon="5.7352170">
    <ele>328.7</ele>
   </trkpt>
   <trkpt lat="43.8001510" lon="5.7353590">
    <ele>328.3</ele>
   </trkpt>
   <trkpt lat="43.8000950" lon="5.7354300">
    <ele>328.1</ele>
   </trkpt>
   <trkpt lat="43.8000410" lon="5.7355040">
    <ele>327.8</ele>
   </trkpt>
   <trkpt lat="43.7999850" lon="5.7355780">
    <ele>327.6</ele>
   </trkpt>
   <trkpt lat="43.7999290" lon="5.7356470">
    <ele>327.3</ele>
   </trkpt>
   <trkpt lat="43.7998720" lon="5.7357160">
    <ele>327.1</ele>
   </trkpt>
   <trkpt lat="43.7998150" lon="5.7357880">
    <ele>326.9</ele>
   </trkpt>
   <trkpt lat="43.7997580" lon="5.7358580">
    <ele>326.7</ele>
   </trkpt>
   <trkpt lat="43.7997060" lon="5.7359320">
    <ele>326.5</ele>
   </trkpt>
   <trkpt lat="43.7996640" lon="5.7360110">
    <ele>326.3</ele>
   </trkpt>
   <trkpt lat="43.7996240" lon="5.7360990">
    <ele>326.1</ele>
   </trkpt>
   <trkpt lat="43.7995940" lon="5.7361980">
    <ele>325.9</ele>
   </trkpt>
   <trkpt lat="43.7995760" lon="5.7363000">
    <ele>325.7</ele>
   </trkpt>
   <trkpt lat="43.7995650" lon="5.7364030">
    <ele>325.4</ele>
   </trkpt>
   <trkpt lat="43.7995570" lon="5.7365060">
    <ele>325.2</ele>
   </trkpt>
   <trkpt lat="43.7995460" lon="5.7366120">
    <ele>324.9</ele>
   </trkpt>
   <trkpt lat="43.7995320" lon="5.7367190">
    <ele>324.7</ele>
   </trkpt>
   <trkpt lat="43.7995170" lon="5.7368260">
    <ele>324.6</ele>
   </trkpt>
   <trkpt lat="43.7995010" lon="5.7369220">
    <ele>324.5</ele>
   </trkpt>
   <trkpt lat="43.7994860" lon="5.7370020">
    <ele>324.5</ele>
   </trkpt>
   <trkpt lat="43.7994730" lon="5.7370780">
    <ele>324.6</ele>
   </trkpt>
   <trkpt lat="43.7994770" lon="5.7371520">
    <ele>324.6</ele>
   </trkpt>
   <trkpt lat="43.7995230" lon="5.7372740">
    <ele>325.1</ele>
   </trkpt>
   <trkpt lat="43.7996000" lon="5.7373320">
    <ele>325.7</ele>
   </trkpt>
   <trkpt lat="43.7996370" lon="5.7373560">
    <ele>326.0</ele>
   </trkpt>
   <trkpt lat="43.7996720" lon="5.7373810">
    <ele>326.4</ele>
   </trkpt>
   <trkpt lat="43.7996950" lon="5.7374070">
    <ele>326.7</ele>
   </trkpt>
   <trkpt lat="43.7997200" lon="5.7374320">
    <ele>327.0</ele>
   </trkpt>
   <trkpt lat="43.7997400" lon="5.7374640">
    <ele>327.4</ele>
   </trkpt>
   <trkpt lat="43.7997560" lon="5.7374990">
    <ele>327.7</ele>
   </trkpt>
   <trkpt lat="43.7997820" lon="5.7375420">
    <ele>328.1</ele>
   </trkpt>
   <trkpt lat="43.7997900" lon="5.7375560">
    <ele>328.3</ele>
   </trkpt>
   <trkpt lat="43.7998090" lon="5.7375870">
    <ele>328.6</ele>
   </trkpt>
   <trkpt lat="43.7998330" lon="5.7376360">
    <ele>329.0</ele>
   </trkpt>
   <trkpt lat="43.7998420" lon="5.7376550">
    <ele>329.2</ele>
   </trkpt>
   <trkpt lat="43.7998620" lon="5.7377190">
    <ele>329.7</ele>
   </trkpt>
   <trkpt lat="43.7998700" lon="5.7377560">
    <ele>330.0</ele>
   </trkpt>
   <trkpt lat="43.7998800" lon="5.7378070">
    <ele>330.3</ele>
   </trkpt>
   <trkpt lat="43.7998830" lon="5.7378220">
    <ele>330.4</ele>
   </trkpt>
   <trkpt lat="43.7998980" lon="5.7378690">
    <ele>330.7</ele>
   </trkpt>
   <trkpt lat="43.7999040" lon="5.7378850">
    <ele>330.9</ele>
   </trkpt>
   <trkpt lat="43.7999190" lon="5.7379250">
    <ele>331.2</ele>
   </trkpt>
   <trkpt lat="43.7999240" lon="5.7379380">
    <ele>331.3</ele>
   </trkpt>
   <trkpt lat="43.7999400" lon="5.7379790">
    <ele>331.6</ele>
   </trkpt>
   <trkpt lat="43.7999480" lon="5.7379910">
    <ele>331.7</ele>
   </trkpt>
   <trkpt lat="43.7999640" lon="5.7380290">
    <ele>332.0</ele>
   </trkpt>
   <trkpt lat="43.7999760" lon="5.7380650">
    <ele>332.2</ele>
   </trkpt>
   <trkpt lat="43.7999910" lon="5.7381100">
    <ele>332.5</ele>
   </trkpt>
   <trkpt lat="43.8000080" lon="5.7381590">
    <ele>332.9</ele>
   </trkpt>
   <trkpt lat="43.8000280" lon="5.7382100">
    <ele>333.2</ele>
   </trkpt>
   <trkpt lat="43.8000440" lon="5.7382490">
    <ele>333.4</ele>
   </trkpt>
   <trkpt lat="43.8000580" lon="5.7382850">
    <ele>333.6</ele>
   </trkpt>
   <trkpt lat="43.8000730" lon="5.7383310">
    <ele>333.8</ele>
   </trkpt>
   <trkpt lat="43.8000780" lon="5.7383460">
    <ele>333.8</ele>
   </trkpt>
   <trkpt lat="43.8001010" lon="5.7383900">
    <ele>334.0</ele>
   </trkpt>
   <trkpt lat="43.8001080" lon="5.7384050">
    <ele>334.0</ele>
   </trkpt>
   <trkpt lat="43.8001310" lon="5.7384470">
    <ele>334.1</ele>
   </trkpt>
   <trkpt lat="43.8001380" lon="5.7384640">
    <ele>334.1</ele>
   </trkpt>
   <trkpt lat="43.8001570" lon="5.7385000">
    <ele>334.1</ele>
   </trkpt>
   <trkpt lat="43.8001990" lon="5.7385720">
    <ele>334.1</ele>
   </trkpt>
   <trkpt lat="43.8002220" lon="5.7386180">
    <ele>334.0</ele>
   </trkpt>
   <trkpt lat="43.8002400" lon="5.7386650">
    <ele>333.9</ele>
   </trkpt>
   <trkpt lat="43.8002620" lon="5.7387120">
    <ele>333.9</ele>
   </trkpt>
   <trkpt lat="43.8002870" lon="5.7387590">
    <ele>333.8</ele>
   </trkpt>
   <trkpt lat="43.8003130" lon="5.7388050">
    <ele>333.7</ele>
   </trkpt>
   <trkpt lat="43.8003390" lon="5.7388530">
    <ele>333.6</ele>
   </trkpt>
   <trkpt lat="43.8003630" lon="5.7389010">
    <ele>333.6</ele>
   </trkpt>
   <trkpt lat="43.8003870" lon="5.7389500">
    <ele>333.6</ele>
   </trkpt>
   <trkpt lat="43.8004400" lon="5.7390490">
    <ele>333.5</ele>
   </trkpt>
   <trkpt lat="43.8004660" lon="5.7390890">
    <ele>333.6</ele>
   </trkpt>
   <trkpt lat="43.8004930" lon="5.7391300">
    <ele>333.6</ele>
   </trkpt>
   <trkpt lat="43.8005240" lon="5.7391680">
    <ele>333.7</ele>
   </trkpt>
   <trkpt lat="43.8005560" lon="5.7392010">
    <ele>333.7</ele>
   </trkpt>
   <trkpt lat="43.8005890" lon="5.7392400">
    <ele>333.8</ele>
   </trkpt>
   <trkpt lat="43.8006270" lon="5.7392800">
    <ele>334.0</ele>
   </trkpt>
   <trkpt lat="43.8006630" lon="5.7393190">
    <ele>334.1</ele>
   </trkpt>
   <trkpt lat="43.8006980" lon="5.7393550">
    <ele>334.3</ele>
   </trkpt>
   <trkpt lat="43.8007330" lon="5.7393960">
    <ele>334.5</ele>
   </trkpt>
   <trkpt lat="43.8007670" lon="5.7394360">
    <ele>334.7</ele>
   </trkpt>
   <trkpt lat="43.8008040" lon="5.7394740">
    <ele>335.0</ele>
   </trkpt>
   <trkpt lat="43.8008620" lon="5.7395460">
    <ele>335.4</ele>
   </trkpt>
   <trkpt lat="43.8008910" lon="5.7395840">
    <ele>335.7</ele>
   </trkpt>
   <trkpt lat="43.8009180" lon="5.7396130">
    <ele>335.9</ele>
   </trkpt>
   <trkpt lat="43.8009440" lon="5.7396450">
    <ele>336.1</ele>
   </trkpt>
   <trkpt lat="43.8009680" lon="5.7396810">
    <ele>336.3</ele>
   </trkpt>
   <trkpt lat="43.8009940" lon="5.7397180">
    <ele>336.5</ele>
   </trkpt>
   <trkpt lat="43.8010190" lon="5.7397510">
    <ele>336.7</ele>
   </trkpt>
   <trkpt lat="43.8010420" lon="5.7397910">
    <ele>336.8</ele>
   </trkpt>
   <trkpt lat="43.8010630" lon="5.7398330">
    <ele>337.0</ele>
   </trkpt>
   <trkpt lat="43.8010830" lon="5.7398780">
    <ele>337.1</ele>
   </trkpt>
   <trkpt lat="43.8011050" lon="5.7399240">
    <ele>337.2</ele>
   </trkpt>
   <trkpt lat="43.8011300" lon="5.7399740">
    <ele>337.3</ele>
   </trkpt>
   <trkpt lat="43.8011670" lon="5.7400640">
    <ele>337.4</ele>
   </trkpt>
   <trkpt lat="43.8011920" lon="5.7401100">
    <ele>337.5</ele>
   </trkpt>
   <trkpt lat="43.8012140" lon="5.7401600">
    <ele>337.6</ele>
   </trkpt>
   <trkpt lat="43.8012420" lon="5.7402080">
    <ele>337.6</ele>
   </trkpt>
   <trkpt lat="43.8012700" lon="5.7402580">
    <ele>337.7</ele>
   </trkpt>
   <trkpt lat="43.8012950" lon="5.7403120">
    <ele>337.7</ele>
   </trkpt>
   <trkpt lat="43.8013150" lon="5.7403640">
    <ele>337.8</ele>
   </trkpt>
   <trkpt lat="43.8013370" lon="5.7404170">
    <ele>337.8</ele>
   </trkpt>
   <trkpt lat="43.8013610" lon="5.7404710">
    <ele>337.9</ele>
   </trkpt>
   <trkpt lat="43.8013880" lon="5.7405230">
    <ele>337.9</ele>
   </trkpt>
   <trkpt lat="43.8014180" lon="5.7405740">
    <ele>338.0</ele>
   </trkpt>
   <trkpt lat="43.8014470" lon="5.7406240">
    <ele>338.0</ele>
   </trkpt>
   <trkpt lat="43.8014970" lon="5.7407220">
    <ele>338.1</ele>
   </trkpt>
   <trkpt lat="43.8016430" lon="5.7409690">
    <ele>338.3</ele>
   </trkpt>
   <trkpt lat="43.8016680" lon="5.7410180">
    <ele>338.4</ele>
   </trkpt>
   <trkpt lat="43.8016940" lon="5.7410680">
    <ele>338.4</ele>
   </trkpt>
   <trkpt lat="43.8017110" lon="5.7411140">
    <ele>338.4</ele>
   </trkpt>
   <trkpt lat="43.8017430" lon="5.7411530">
    <ele>338.5</ele>
   </trkpt>
   <trkpt lat="43.8017710" lon="5.7411940">
    <ele>338.5</ele>
   </trkpt>
   <trkpt lat="43.8017990" lon="5.7412350">
    <ele>338.6</ele>
   </trkpt>
   <trkpt lat="43.8018100" lon="5.7412550">
    <ele>338.6</ele>
   </trkpt>
   <trkpt lat="43.8018250" lon="5.7413030">
    <ele>338.6</ele>
   </trkpt>
   <trkpt lat="43.8018430" lon="5.7413380">
    <ele>338.6</ele>
   </trkpt>
   <trkpt lat="43.8018630" lon="5.7413520">
    <ele>338.7</ele>
   </trkpt>
   <trkpt lat="43.8018750" lon="5.7413630">
    <ele>338.7</ele>
   </trkpt>
   <trkpt lat="43.8018720" lon="5.7413720">
    <ele>338.7</ele>
   </trkpt>
   <trkpt lat="43.8018630" lon="5.7413750">
    <ele>338.7</ele>
   </trkpt>
   <trkpt lat="43.8018610" lon="5.7413680">
    <ele>338.7</ele>
   </trkpt>
   <trkpt lat="43.8018670" lon="5.7413590">
    <ele>338.7</ele>
   </trkpt>
   <trkpt lat="43.8018700" lon="5.7413530">
    <ele>338.7</ele>
   </trkpt>
   <trkpt lat="43.8018650" lon="5.7413440">
    <ele>338.7</ele>
   </trkpt>
   <trkpt lat="43.8018640" lon="5.7413450">
    <ele>338.7</ele>
   </trkpt>
   <trkpt lat="43.8018660" lon="5.7413430">
    <ele>338.7</ele>
   </trkpt>
   <trkpt lat="43.8018670" lon="5.7413420">
    <ele>338.7</ele>
   </trkpt>
   <trkpt lat="43.8018670" lon="5.7413420">
    <ele>338.7</ele>
   </trkpt>
   <trkpt lat="43.8018670" lon="5.7413420">
    <ele>338.7</ele>
   </trkpt>
   <trkpt lat="43.8018670" lon="5.7413420">
    <ele>338.7</ele>
   </trkpt>
   <trkpt lat="43.8018670" lon="5.7413420">
    <ele>338.7</ele>
   </trkpt>
   <trkpt lat="43.8018670" lon="5.7413420">
    <ele>338.7</ele>
   </trkpt>
   <trkpt lat="43.8018670" lon="5.7413420">
    <ele>338.7</ele>
   </trkpt>
   <trkpt lat="43.8018630" lon="5.7414130">
    <ele>338.7</ele>
   </trkpt>
   <trkpt lat="43.8018670" lon="5.7414240">
    <ele>338.7</ele>
   </trkpt>
   <trkpt lat="43.8018730" lon="5.7414260">
    <ele>338.8</ele>
   </trkpt>
   <trkpt lat="43.8018780" lon="5.7414250">
    <ele>338.8</ele>
   </trkpt>
   <trkpt lat="43.8018780" lon="5.7414240">
    <ele>338.8</ele>
   </trkpt>
   <trkpt lat="43.8018780" lon="5.7414230">
    <ele>338.8</ele>
   </trkpt>
   <trkpt lat="43.8018780" lon="5.7414230">
    <ele>338.8</ele>
   </trkpt>
   <trkpt lat="43.8018780" lon="5.7414230">
    <ele>338.8</ele>
   </trkpt>
   <trkpt lat="43.8018780" lon="5.7414230">
    <ele>338.8</ele>
   </trkpt>
   <trkpt lat="43.8018780" lon="5.7414230">
    <ele>338.8</ele>
   </trkpt>
   <trkpt lat="43.8018780" lon="5.7414230">
    <ele>338.8</ele>
   </trkpt>
   <trkpt lat="43.8018780" lon="5.7414230">
    <ele>338.8</ele>
   </trkpt>
   <trkpt lat="43.8018780" lon="5.7414230">
    <ele>338.8</ele>
   </trkpt>
   <trkpt lat="43.8018940" lon="5.7414310">
    <ele>338.8</ele>
   </trkpt>
   <trkpt lat="43.8019000" lon="5.7414440">
    <ele>338.8</ele>
   </trkpt>
   <trkpt lat="43.8019140" lon="5.7414470">
    <ele>338.8</ele>
   </trkpt>
   <trkpt lat="43.8019210" lon="5.7414650">
    <ele>338.8</ele>
   </trkpt>
   <trkpt lat="43.8019370" lon="5.7415080">
    <ele>338.8</ele>
   </trkpt>
   <trkpt lat="43.8019440" lon="5.7415240">
    <ele>338.9</ele>
   </trkpt>
   <trkpt lat="43.8019660" lon="5.7415560">
    <ele>338.9</ele>
   </trkpt>
   <trkpt lat="43.8019940" lon="5.7415900">
    <ele>338.9</ele>
   </trkpt>
   <trkpt lat="43.8020240" lon="5.7416290">
    <ele>338.9</ele>
   </trkpt>
   <trkpt lat="43.8020520" lon="5.7416630">
    <ele>338.9</ele>
   </trkpt>
   <trkpt lat="43.8020800" lon="5.7417010">
    <ele>338.9</ele>
   </trkpt>
   <trkpt lat="43.8021120" lon="5.7417430">
    <ele>338.9</ele>
   </trkpt>
   <trkpt lat="43.8021490" lon="5.7417870">
    <ele>338.9</ele>
   </trkpt>
   <trkpt lat="43.8021820" lon="5.7418330">
    <ele>338.9</ele>
   </trkpt>
   <trkpt lat="43.8022180" lon="5.7418810">
    <ele>338.9</ele>
   </trkpt>
   <trkpt lat="43.8022580" lon="5.7419270">
    <ele>338.9</ele>
   </trkpt>
   <trkpt lat="43.8023000" lon="5.7419740">
    <ele>338.9</ele>
   </trkpt>
   <trkpt lat="43.8023400" lon="5.7420260">
    <ele>338.9</ele>
   </trkpt>
   <trkpt lat="43.8023810" lon="5.7420660">
    <ele>338.9</ele>
   </trkpt>
   <trkpt lat="43.8024150" lon="5.7421050">
    <ele>339.0</ele>
   </trkpt>
   <trkpt lat="43.8025690" lon="5.7422750">
    <ele>339.3</ele>
   </trkpt>
   <trkpt lat="43.8025980" lon="5.7423110">
    <ele>339.5</ele>
   </trkpt>
   <trkpt lat="43.8026280" lon="5.7423480">
    <ele>339.6</ele>
   </trkpt>
   <trkpt lat="43.8026550" lon="5.7423910">
    <ele>339.8</ele>
   </trkpt>
   <trkpt lat="43.8026860" lon="5.7424290">
    <ele>339.9</ele>
   </trkpt>
   <trkpt lat="43.8027150" lon="5.7424670">
    <ele>340.1</ele>
   </trkpt>
   <trkpt lat="43.8027430" lon="5.7425070">
    <ele>340.3</ele>
   </trkpt>
   <trkpt lat="43.8027720" lon="5.7425420">
    <ele>340.5</ele>
   </trkpt>
   <trkpt lat="43.8028000" lon="5.7425760">
    <ele>340.8</ele>
   </trkpt>
   <trkpt lat="43.8028260" lon="5.7426120">
    <ele>341.0</ele>
   </trkpt>
   <trkpt lat="43.8028490" lon="5.7426480">
    <ele>341.2</ele>
   </trkpt>
   <trkpt lat="43.8028730" lon="5.7426800">
    <ele>341.5</ele>
   </trkpt>
   <trkpt lat="43.8028960" lon="5.7427110">
    <ele>341.7</ele>
   </trkpt>
   <trkpt lat="43.8029180" lon="5.7427460">
    <ele>341.9</ele>
   </trkpt>
   <trkpt lat="43.8029370" lon="5.7427870">
    <ele>342.2</ele>
   </trkpt>
   <trkpt lat="43.8029560" lon="5.7428200">
    <ele>342.4</ele>
   </trkpt>
   <trkpt lat="43.8029840" lon="5.7428510">
    <ele>342.6</ele>
   </trkpt>
   <trkpt lat="43.8030140" lon="5.7428820">
    <ele>342.9</ele>
   </trkpt>
   <trkpt lat="43.8030420" lon="5.7429220">
    <ele>343.2</ele>
   </trkpt>
   <trkpt lat="43.8030700" lon="5.7429580">
    <ele>343.4</ele>
   </trkpt>
   <trkpt lat="43.8031040" lon="5.7429880">
    <ele>343.7</ele>
   </trkpt>
   <trkpt lat="43.8031310" lon="5.7430160">
    <ele>344.0</ele>
   </trkpt>
   <trkpt lat="43.8031640" lon="5.7430430">
    <ele>344.3</ele>
   </trkpt>
   <trkpt lat="43.8032000" lon="5.7430710">
    <ele>344.6</ele>
   </trkpt>
   <trkpt lat="43.8032300" lon="5.7430980">
    <ele>344.9</ele>
   </trkpt>
   <trkpt lat="43.8032690" lon="5.7431130">
    <ele>345.2</ele>
   </trkpt>
   <trkpt lat="43.8032970" lon="5.7431310">
    <ele>345.5</ele>
   </trkpt>
   <trkpt lat="43.8033730" lon="5.7431300">
    <ele>346.1</ele>
   </trkpt>
   <trkpt lat="43.8034420" lon="5.7431040">
    <ele>346.8</ele>
   </trkpt>
   <trkpt lat="43.8034780" lon="5.7430890">
    <ele>347.2</ele>
   </trkpt>
   <trkpt lat="43.8035110" lon="5.7430790">
    <ele>347.6</ele>
   </trkpt>
   <trkpt lat="43.8035460" lon="5.7430700">
    <ele>347.9</ele>
   </trkpt>
   <trkpt lat="43.8035800" lon="5.7430630">
    <ele>348.3</ele>
   </trkpt>
   <trkpt lat="43.8036160" lon="5.7430540">
    <ele>348.7</ele>
   </trkpt>
   <trkpt lat="43.8036530" lon="5.7430440">
    <ele>349.0</ele>
   </trkpt>
   <trkpt lat="43.8036860" lon="5.7430360">
    <ele>349.4</ele>
   </trkpt>
   <trkpt lat="43.8037190" lon="5.7430340">
    <ele>349.7</ele>
   </trkpt>
   <trkpt lat="43.8037550" lon="5.7430360">
    <ele>350.1</ele>
   </trkpt>
   <trkpt lat="43.8037890" lon="5.7430510">
    <ele>350.4</ele>
   </trkpt>
   <trkpt lat="43.8038180" lon="5.7430700">
    <ele>350.7</ele>
   </trkpt>
   <trkpt lat="43.8038400" lon="5.7430930">
    <ele>351.0</ele>
   </trkpt>
   <trkpt lat="43.8038670" lon="5.7431280">
    <ele>351.4</ele>
   </trkpt>
   <trkpt lat="43.8038760" lon="5.7431380">
    <ele>351.5</ele>
   </trkpt>
   <trkpt lat="43.8039030" lon="5.7431710">
    <ele>351.9</ele>
   </trkpt>
   <trkpt lat="43.8039120" lon="5.7431850">
    <ele>352.1</ele>
   </trkpt>
   <trkpt lat="43.8039350" lon="5.7432250">
    <ele>352.5</ele>
   </trkpt>
   <trkpt lat="43.8039420" lon="5.7432390">
    <ele>352.6</ele>
   </trkpt>
   <trkpt lat="43.8039640" lon="5.7432810">
    <ele>353.1</ele>
   </trkpt>
   <trkpt lat="43.8039710" lon="5.7432940">
    <ele>353.3</ele>
   </trkpt>
   <trkpt lat="43.8039930" lon="5.7433340">
    <ele>353.8</ele>
   </trkpt>
   <trkpt lat="43.8039980" lon="5.7433470">
    <ele>354.0</ele>
   </trkpt>
   <trkpt lat="43.8040120" lon="5.7433850">
    <ele>354.4</ele>
   </trkpt>
   <trkpt lat="43.8040170" lon="5.7433980">
    <ele>354.6</ele>
   </trkpt>
   <trkpt lat="43.8040400" lon="5.7434260">
    <ele>355.0</ele>
   </trkpt>
   <trkpt lat="43.8040460" lon="5.7434360">
    <ele>355.2</ele>
   </trkpt>
   <trkpt lat="43.8040600" lon="5.7434680">
    <ele>355.6</ele>
   </trkpt>
   <trkpt lat="43.8040630" lon="5.7434810">
    <ele>355.8</ele>
   </trkpt>
   <trkpt lat="43.8040740" lon="5.7435230">
    <ele>356.3</ele>
   </trkpt>
   <trkpt lat="43.8040770" lon="5.7435390">
    <ele>356.5</ele>
   </trkpt>
   <trkpt lat="43.8040910" lon="5.7435820">
    <ele>357.1</ele>
   </trkpt>
   <trkpt lat="43.8040960" lon="5.7435940">
    <ele>357.2</ele>
   </trkpt>
   <trkpt lat="43.8041130" lon="5.7436320">
    <ele>357.8</ele>
   </trkpt>
   <trkpt lat="43.8041180" lon="5.7436460">
    <ele>358.0</ele>
   </trkpt>
   <trkpt lat="43.8041300" lon="5.7436860">
    <ele>358.6</ele>
   </trkpt>
   <trkpt lat="43.8041350" lon="5.7437010">
    <ele>358.8</ele>
   </trkpt>
   <trkpt lat="43.8041470" lon="5.7437400">
    <ele>359.4</ele>
   </trkpt>
   <trkpt lat="43.8041510" lon="5.7437540">
    <ele>359.6</ele>
   </trkpt>
   <trkpt lat="43.8041630" lon="5.7437950">
    <ele>360.2</ele>
   </trkpt>
   <trkpt lat="43.8041670" lon="5.7438090">
    <ele>360.4</ele>
   </trkpt>
   <trkpt lat="43.8041840" lon="5.7438410">
    <ele>361.0</ele>
   </trkpt>
   <trkpt lat="43.8041890" lon="5.7438530">
    <ele>361.1</ele>
   </trkpt>
   <trkpt lat="43.8042090" lon="5.7438900">
    <ele>361.8</ele>
   </trkpt>
   <trkpt lat="43.8042160" lon="5.7439040">
    <ele>362.0</ele>
   </trkpt>
   <trkpt lat="43.8042340" lon="5.7439430">
    <ele>362.6</ele>
   </trkpt>
   <trkpt lat="43.8042400" lon="5.7439540">
    <ele>362.8</ele>
   </trkpt>
   <trkpt lat="43.8042620" lon="5.7439800">
    <ele>363.3</ele>
   </trkpt>
   <trkpt lat="43.8042710" lon="5.7439870">
    <ele>363.5</ele>
   </trkpt>
   <trkpt lat="43.8043080" lon="5.7439970">
    <ele>364.1</ele>
   </trkpt>
   <trkpt lat="43.8043220" lon="5.7439960">
    <ele>364.3</ele>
   </trkpt>
   <trkpt lat="43.8043510" lon="5.7439990">
    <ele>364.8</ele>
   </trkpt>
   <trkpt lat="43.8043780" lon="5.7440010">
    <ele>365.2</ele>
   </trkpt>
   <trkpt lat="43.8044170" lon="5.7440010">
    <ele>365.7</ele>
   </trkpt>
   <trkpt lat="43.8044280" lon="5.7440020">
    <ele>365.9</ele>
   </trkpt>
   <trkpt lat="43.8044670" lon="5.7440030">
    <ele>366.4</ele>
   </trkpt>
   <trkpt lat="43.8044790" lon="5.7440020">
    <ele>366.5</ele>
   </trkpt>
   <trkpt lat="43.8045130" lon="5.7440050">
    <ele>366.9</ele>
   </trkpt>
   <trkpt lat="43.8045250" lon="5.7440060">
    <ele>367.1</ele>
   </trkpt>
   <trkpt lat="43.8045460" lon="5.7440070">
    <ele>367.3</ele>
   </trkpt>
   <trkpt lat="43.8045870" lon="5.7440060">
    <ele>367.7</ele>
   </trkpt>
   <trkpt lat="43.8046150" lon="5.7440030">
    <ele>368.0</ele>
   </trkpt>
   <trkpt lat="43.8046250" lon="5.7440020">
    <ele>368.1</ele>
   </trkpt>
   <trkpt lat="43.8046570" lon="5.7439930">
    <ele>368.4</ele>
   </trkpt>
   <trkpt lat="43.8046680" lon="5.7439910">
    <ele>368.5</ele>
   </trkpt>
   <trkpt lat="43.8047080" lon="5.7439880">
    <ele>368.8</ele>
   </trkpt>
   <trkpt lat="43.8047210" lon="5.7439850">
    <ele>368.9</ele>
   </trkpt>
   <trkpt lat="43.8047570" lon="5.7439740">
    <ele>369.1</ele>
   </trkpt>
   <trkpt lat="43.8047700" lon="5.7439730">
    <ele>369.2</ele>
   </trkpt>
   <trkpt lat="43.8048060" lon="5.7439810">
    <ele>369.5</ele>
   </trkpt>
   <trkpt lat="43.8048180" lon="5.7439850">
    <ele>369.5</ele>
   </trkpt>
   <trkpt lat="43.8048480" lon="5.7439910">
    <ele>369.7</ele>
   </trkpt>
   <trkpt lat="43.8048760" lon="5.7439940">
    <ele>369.9</ele>
   </trkpt>
   <trkpt lat="43.8049040" lon="5.7439970">
    <ele>370.1</ele>
   </trkpt>
   <trkpt lat="43.8049320" lon="5.7439950">
    <ele>370.4</ele>
   </trkpt>
   <trkpt lat="43.8049600" lon="5.7439930">
    <ele>370.6</ele>
   </trkpt>
   <trkpt lat="43.8050000" lon="5.7439900">
    <ele>370.9</ele>
   </trkpt>
   <trkpt lat="43.8050130" lon="5.7439880">
    <ele>371.1</ele>
   </trkpt>
   <trkpt lat="43.8050510" lon="5.7439880">
    <ele>371.4</ele>
   </trkpt>
   <trkpt lat="43.8050630" lon="5.7439900">
    <ele>371.5</ele>
   </trkpt>
   <trkpt lat="43.8050980" lon="5.7440010">
    <ele>371.9</ele>
   </trkpt>
   <trkpt lat="43.8051080" lon="5.7440050">
    <ele>372.0</ele>
   </trkpt>
   <trkpt lat="43.8051390" lon="5.7440180">
    <ele>372.3</ele>
   </trkpt>
   <trkpt lat="43.8051480" lon="5.7440270">
    <ele>372.4</ele>
   </trkpt>
   <trkpt lat="43.8051740" lon="5.7440520">
    <ele>372.6</ele>
   </trkpt>
   <trkpt lat="43.8051820" lon="5.7440610">
    <ele>372.7</ele>
   </trkpt>
   <trkpt lat="43.8052090" lon="5.7440900">
    <ele>373.0</ele>
   </trkpt>
   <trkpt lat="43.8052170" lon="5.7441020">
    <ele>373.1</ele>
   </trkpt>
   <trkpt lat="43.8052380" lon="5.7441420">
    <ele>373.4</ele>
   </trkpt>
   <trkpt lat="43.8052450" lon="5.7441540">
    <ele>373.5</ele>
   </trkpt>
   <trkpt lat="43.8052620" lon="5.7441940">
    <ele>373.8</ele>
   </trkpt>
   <trkpt lat="43.8052670" lon="5.7442080">
    <ele>373.8</ele>
   </trkpt>
   <trkpt lat="43.8052830" lon="5.7442520">
    <ele>373.9</ele>
   </trkpt>
   <trkpt lat="43.8052890" lon="5.7442670">
    <ele>374.0</ele>
   </trkpt>
   <trkpt lat="43.8053030" lon="5.7443010">
    <ele>374.1</ele>
   </trkpt>
   <trkpt lat="43.8053220" lon="5.7443290">
    <ele>374.1</ele>
   </trkpt>
   <trkpt lat="43.8053450" lon="5.7443540">
    <ele>374.2</ele>
   </trkpt>
   <trkpt lat="43.8053640" lon="5.7443800">
    <ele>374.4</ele>
   </trkpt>
   <trkpt lat="43.8053850" lon="5.7444170">
    <ele>374.8</ele>
   </trkpt>
   <trkpt lat="43.8053920" lon="5.7444300">
    <ele>374.9</ele>
   </trkpt>
   <trkpt lat="43.8054120" lon="5.7444710">
    <ele>375.3</ele>
   </trkpt>
   <trkpt lat="43.8054190" lon="5.7444840">
    <ele>375.4</ele>
   </trkpt>
   <trkpt lat="43.8054450" lon="5.7445090">
    <ele>375.8</ele>
   </trkpt>
   <trkpt lat="43.8054550" lon="5.7445180">
    <ele>375.9</ele>
   </trkpt>
   <trkpt lat="43.8054800" lon="5.7445380">
    <ele>376.2</ele>
   </trkpt>
   <trkpt lat="43.8054870" lon="5.7445430">
    <ele>376.3</ele>
   </trkpt>
   <trkpt lat="43.8055150" lon="5.7445720">
    <ele>376.7</ele>
   </trkpt>
   <trkpt lat="43.8055440" lon="5.7445960">
    <ele>377.1</ele>
   </trkpt>
   <trkpt lat="43.8055540" lon="5.7446040">
    <ele>377.2</ele>
   </trkpt>
   <trkpt lat="43.8055850" lon="5.7446300">
    <ele>377.6</ele>
   </trkpt>
   <trkpt lat="43.8055940" lon="5.7446380">
    <ele>377.8</ele>
   </trkpt>
   <trkpt lat="43.8056200" lon="5.7446630">
    <ele>378.1</ele>
   </trkpt>
   <trkpt lat="43.8056310" lon="5.7446710">
    <ele>378.3</ele>
   </trkpt>
   <trkpt lat="43.8056580" lon="5.7446920">
    <ele>378.6</ele>
   </trkpt>
   <trkpt lat="43.8056670" lon="5.7447000">
    <ele>378.8</ele>
   </trkpt>
   <trkpt lat="43.8056980" lon="5.7447180">
    <ele>379.2</ele>
   </trkpt>
   <trkpt lat="43.8057080" lon="5.7447240">
    <ele>379.3</ele>
   </trkpt>
   <trkpt lat="43.8057550" lon="5.7447640">
    <ele>380.1</ele>
   </trkpt>
   <trkpt lat="43.8057670" lon="5.7447710">
    <ele>380.2</ele>
   </trkpt>
   <trkpt lat="43.8057900" lon="5.7447950">
    <ele>380.6</ele>
   </trkpt>
   <trkpt lat="43.8057970" lon="5.7448050">
    <ele>380.8</ele>
   </trkpt>
   <trkpt lat="43.8058220" lon="5.7448330">
    <ele>381.2</ele>
   </trkpt>
   <trkpt lat="43.8058340" lon="5.7448410">
    <ele>381.4</ele>
   </trkpt>
   <trkpt lat="43.8058650" lon="5.7448490">
    <ele>381.9</ele>
   </trkpt>
   <trkpt lat="43.8058740" lon="5.7448560">
    <ele>382.0</ele>
   </trkpt>
   <trkpt lat="43.8058920" lon="5.7448630">
    <ele>382.3</ele>
   </trkpt>
   <trkpt lat="43.8059080" lon="5.7448670">
    <ele>382.6</ele>
   </trkpt>
   <trkpt lat="43.8059340" lon="5.7448840">
    <ele>383.0</ele>
   </trkpt>
   <trkpt lat="43.8059440" lon="5.7448890">
    <ele>383.1</ele>
   </trkpt>
   <trkpt lat="43.8059740" lon="5.7449020">
    <ele>383.6</ele>
   </trkpt>
   <trkpt lat="43.8059840" lon="5.7449060">
    <ele>383.8</ele>
   </trkpt>
   <trkpt lat="43.8060120" lon="5.7449130">
    <ele>384.2</ele>
   </trkpt>
   <trkpt lat="43.8060220" lon="5.7449170">
    <ele>384.3</ele>
   </trkpt>
   <trkpt lat="43.8060340" lon="5.7449230">
    <ele>384.5</ele>
   </trkpt>
   <trkpt lat="43.8060410" lon="5.7449240">
    <ele>384.6</ele>
   </trkpt>
   <trkpt lat="43.8060520" lon="5.7449270">
    <ele>384.8</ele>
   </trkpt>
   <trkpt lat="43.8060800" lon="5.7449290">
    <ele>385.2</ele>
   </trkpt>
   <trkpt lat="43.8060910" lon="5.7449300">
    <ele>385.3</ele>
   </trkpt>
   <trkpt lat="43.8061250" lon="5.7449280">
    <ele>385.7</ele>
   </trkpt>
   <trkpt lat="43.8061340" lon="5.7449250">
    <ele>385.7</ele>
   </trkpt>
   <trkpt lat="43.8061660" lon="5.7449140">
    <ele>385.8</ele>
   </trkpt>
   <trkpt lat="43.8061780" lon="5.7449100">
    <ele>386.0</ele>
   </trkpt>
   <trkpt lat="43.8062070" lon="5.7448900">
    <ele>386.4</ele>
   </trkpt>
   <trkpt lat="43.8062140" lon="5.7448830">
    <ele>386.5</ele>
   </trkpt>
   <trkpt lat="43.8062390" lon="5.7448550">
    <ele>387.0</ele>
   </trkpt>
   <trkpt lat="43.8062480" lon="5.7448480">
    <ele>387.1</ele>
   </trkpt>
   <trkpt lat="43.8062790" lon="5.7448230">
    <ele>387.7</ele>
   </trkpt>
   <trkpt lat="43.8062890" lon="5.7448130">
    <ele>387.8</ele>
   </trkpt>
   <trkpt lat="43.8063180" lon="5.7447820">
    <ele>388.4</ele>
   </trkpt>
   <trkpt lat="43.8063280" lon="5.7447710">
    <ele>388.6</ele>
   </trkpt>
   <trkpt lat="43.8063500" lon="5.7447450">
    <ele>389.0</ele>
   </trkpt>
   <trkpt lat="43.8063770" lon="5.7447130">
    <ele>389.5</ele>
   </trkpt>
   <trkpt lat="43.8063850" lon="5.7447030">
    <ele>389.7</ele>
   </trkpt>
   <trkpt lat="43.8064080" lon="5.7446810">
    <ele>390.1</ele>
   </trkpt>
   <trkpt lat="43.8064150" lon="5.7446740">
    <ele>390.2</ele>
   </trkpt>
   <trkpt lat="43.8064460" lon="5.7446530">
    <ele>390.7</ele>
   </trkpt>
   <trkpt lat="43.8064570" lon="5.7446460">
    <ele>390.8</ele>
   </trkpt>
   <trkpt lat="43.8064880" lon="5.7446280">
    <ele>391.2</ele>
   </trkpt>
   <trkpt lat="43.8065140" lon="5.7446070">
    <ele>391.6</ele>
   </trkpt>
   <trkpt lat="43.8065380" lon="5.7445840">
    <ele>391.9</ele>
   </trkpt>
   <trkpt lat="43.8065620" lon="5.7445670">
    <ele>392.2</ele>
   </trkpt>
   <trkpt lat="43.8066000" lon="5.7445530">
    <ele>392.6</ele>
   </trkpt>
   <trkpt lat="43.8066120" lon="5.7445470">
    <ele>392.7</ele>
   </trkpt>
   <trkpt lat="43.8066380" lon="5.7445340">
    <ele>393.0</ele>
   </trkpt>
   <trkpt lat="43.8066630" lon="5.7445180">
    <ele>393.3</ele>
   </trkpt>
   <trkpt lat="43.8066880" lon="5.7445030">
    <ele>393.5</ele>
   </trkpt>
   <trkpt lat="43.8067150" lon="5.7444840">
    <ele>393.9</ele>
   </trkpt>
   <trkpt lat="43.8067390" lon="5.7444650">
    <ele>394.1</ele>
   </trkpt>
   <trkpt lat="43.8067720" lon="5.7444520">
    <ele>394.5</ele>
   </trkpt>
   <trkpt lat="43.8068000" lon="5.7444370">
    <ele>394.9</ele>
   </trkpt>
   <trkpt lat="43.8068270" lon="5.7444280">
    <ele>395.2</ele>
   </trkpt>
   <trkpt lat="43.8068650" lon="5.7444100">
    <ele>395.7</ele>
   </trkpt>
   <trkpt lat="43.8068770" lon="5.7444000">
    <ele>395.9</ele>
   </trkpt>
   <trkpt lat="43.8069080" lon="5.7443800">
    <ele>396.3</ele>
   </trkpt>
   <trkpt lat="43.8069180" lon="5.7443710">
    <ele>396.5</ele>
   </trkpt>
   <trkpt lat="43.8069490" lon="5.7443440">
    <ele>397.0</ele>
   </trkpt>
   <trkpt lat="43.8069570" lon="5.7443350">
    <ele>397.2</ele>
   </trkpt>
   <trkpt lat="43.8069880" lon="5.7443080">
    <ele>397.7</ele>
   </trkpt>
   <trkpt lat="43.8069990" lon="5.7442990">
    <ele>397.9</ele>
   </trkpt>
   <trkpt lat="43.8070280" lon="5.7442880">
    <ele>398.3</ele>
   </trkpt>
   <trkpt lat="43.8070370" lon="5.7442880">
    <ele>398.5</ele>
   </trkpt>
   <trkpt lat="43.8070680" lon="5.7442760">
    <ele>399.0</ele>
   </trkpt>
   <trkpt lat="43.8070780" lon="5.7442740">
    <ele>399.1</ele>
   </trkpt>
   <trkpt lat="43.8071040" lon="5.7443020">
    <ele>399.6</ele>
   </trkpt>
   <trkpt lat="43.8071120" lon="5.7443150">
    <ele>399.8</ele>
   </trkpt>
   <trkpt lat="43.8071390" lon="5.7443570">
    <ele>400.4</ele>
   </trkpt>
   <trkpt lat="43.8071480" lon="5.7443720">
    <ele>400.6</ele>
   </trkpt>
   <trkpt lat="43.8071680" lon="5.7443980">
    <ele>401.0</ele>
   </trkpt>
   <trkpt lat="43.8071990" lon="5.7444280">
    <ele>401.4</ele>
   </trkpt>
   <trkpt lat="43.8072090" lon="5.7444380">
    <ele>401.6</ele>
   </trkpt>
   <trkpt lat="43.8072320" lon="5.7444580">
    <ele>401.9</ele>
   </trkpt>
   <trkpt lat="43.8072620" lon="5.7444930">
    <ele>402.4</ele>
   </trkpt>
   <trkpt lat="43.8072700" lon="5.7445060">
    <ele>402.5</ele>
   </trkpt>
   <trkpt lat="43.8073040" lon="5.7445290">
    <ele>402.9</ele>
   </trkpt>
   <trkpt lat="43.8073180" lon="5.7445340">
    <ele>403.0</ele>
   </trkpt>
   <trkpt lat="43.8073480" lon="5.7445400">
    <ele>403.3</ele>
   </trkpt>
   <trkpt lat="43.8073760" lon="5.7445460">
    <ele>403.5</ele>
   </trkpt>
   <trkpt lat="43.8074070" lon="5.7445480">
    <ele>403.7</ele>
   </trkpt>
   <trkpt lat="43.8074380" lon="5.7445520">
    <ele>403.9</ele>
   </trkpt>
   <trkpt lat="43.8074820" lon="5.7445570">
    <ele>404.2</ele>
   </trkpt>
   <trkpt lat="43.8074990" lon="5.7445600">
    <ele>404.3</ele>
   </trkpt>
   <trkpt lat="43.8075360" lon="5.7445540">
    <ele>404.5</ele>
   </trkpt>
   <trkpt lat="43.8075670" lon="5.7445550">
    <ele>404.7</ele>
   </trkpt>
   <trkpt lat="43.8076060" lon="5.7445640">
    <ele>405.0</ele>
   </trkpt>
   <trkpt lat="43.8076190" lon="5.7445680">
    <ele>405.1</ele>
   </trkpt>
   <trkpt lat="43.8076470" lon="5.7445750">
    <ele>405.2</ele>
   </trkpt>
   <trkpt lat="43.8076850" lon="5.7445890">
    <ele>405.5</ele>
   </trkpt>
   <trkpt lat="43.8076980" lon="5.7445960">
    <ele>405.5</ele>
   </trkpt>
   <trkpt lat="43.8077360" lon="5.7446090">
    <ele>405.8</ele>
   </trkpt>
   <trkpt lat="43.8077480" lon="5.7446140">
    <ele>405.8</ele>
   </trkpt>
   <trkpt lat="43.8077870" lon="5.7446280">
    <ele>406.0</ele>
   </trkpt>
   <trkpt lat="43.8078010" lon="5.7446330">
    <ele>406.1</ele>
   </trkpt>
   <trkpt lat="43.8078400" lon="5.7446460">
    <ele>406.3</ele>
   </trkpt>
   <trkpt lat="43.8078530" lon="5.7446500">
    <ele>406.4</ele>
   </trkpt>
   <trkpt lat="43.8078810" lon="5.7446570">
    <ele>406.5</ele>
   </trkpt>
   <trkpt lat="43.8079090" lon="5.7446640">
    <ele>406.7</ele>
   </trkpt>
   <trkpt lat="43.8079420" lon="5.7446810">
    <ele>406.8</ele>
   </trkpt>
   <trkpt lat="43.8079520" lon="5.7446870">
    <ele>406.9</ele>
   </trkpt>
   <trkpt lat="43.8079900" lon="5.7447010">
    <ele>407.1</ele>
   </trkpt>
   <trkpt lat="43.8080030" lon="5.7447030">
    <ele>407.1</ele>
   </trkpt>
   <trkpt lat="43.8080320" lon="5.7447080">
    <ele>407.2</ele>
   </trkpt>
   <trkpt lat="43.8080590" lon="5.7447170">
    <ele>407.4</ele>
   </trkpt>
   <trkpt lat="43.8080960" lon="5.7447410">
    <ele>407.6</ele>
   </trkpt>
   <trkpt lat="43.8081100" lon="5.7447510">
    <ele>407.6</ele>
   </trkpt>
   <trkpt lat="43.8081360" lon="5.7447690">
    <ele>407.8</ele>
   </trkpt>
   <trkpt lat="43.8081650" lon="5.7447850">
    <ele>407.9</ele>
   </trkpt>
   <trkpt lat="43.8081940" lon="5.7448030">
    <ele>408.1</ele>
   </trkpt>
   <trkpt lat="43.8082220" lon="5.7448130">
    <ele>408.3</ele>
   </trkpt>
   <trkpt lat="43.8082600" lon="5.7448320">
    <ele>408.5</ele>
   </trkpt>
   <trkpt lat="43.8082730" lon="5.7448400">
    <ele>408.6</ele>
   </trkpt>
   <trkpt lat="43.8082990" lon="5.7448550">
    <ele>408.8</ele>
   </trkpt>
   <trkpt lat="43.8083320" lon="5.7448800">
    <ele>409.0</ele>
   </trkpt>
   <trkpt lat="43.8083430" lon="5.7448860">
    <ele>409.1</ele>
   </trkpt>
   <trkpt lat="43.8083790" lon="5.7449090">
    <ele>409.4</ele>
   </trkpt>
   <trkpt lat="43.8083920" lon="5.7449170">
    <ele>409.4</ele>
   </trkpt>
   <trkpt lat="43.8084170" lon="5.7449290">
    <ele>409.6</ele>
   </trkpt>
   <trkpt lat="43.8084470" lon="5.7449420">
    <ele>409.8</ele>
   </trkpt>
   <trkpt lat="43.8084720" lon="5.7449540">
    <ele>410.0</ele>
   </trkpt>
   <trkpt lat="43.8085080" lon="5.7449800">
    <ele>410.2</ele>
   </trkpt>
   <trkpt lat="43.8085190" lon="5.7449890">
    <ele>410.3</ele>
   </trkpt>
   <trkpt lat="43.8085440" lon="5.7450080">
    <ele>410.4</ele>
   </trkpt>
   <trkpt lat="43.8085810" lon="5.7450320">
    <ele>410.6</ele>
   </trkpt>
   <trkpt lat="43.8085930" lon="5.7450410">
    <ele>410.7</ele>
   </trkpt>
   <trkpt lat="43.8086450" lon="5.7450700">
    <ele>411.0</ele>
   </trkpt>
   <trkpt lat="43.8086720" lon="5.7450900">
    <ele>411.1</ele>
   </trkpt>
   <trkpt lat="43.8087100" lon="5.7451060">
    <ele>411.3</ele>
   </trkpt>
   <trkpt lat="43.8087230" lon="5.7451110">
    <ele>411.3</ele>
   </trkpt>
   <trkpt lat="43.8087480" lon="5.7451280">
    <ele>411.5</ele>
   </trkpt>
   <trkpt lat="43.8087730" lon="5.7451420">
    <ele>411.6</ele>
   </trkpt>
   <trkpt lat="43.8088010" lon="5.7451540">
    <ele>411.8</ele>
   </trkpt>
   <trkpt lat="43.8088350" lon="5.7451750">
    <ele>412.0</ele>
   </trkpt>
   <trkpt lat="43.8088450" lon="5.7451830">
    <ele>412.1</ele>
   </trkpt>
   <trkpt lat="43.8088710" lon="5.7452030">
    <ele>412.2</ele>
   </trkpt>
   <trkpt lat="43.8088990" lon="5.7452220">
    <ele>412.4</ele>
   </trkpt>
   <trkpt lat="43.8089250" lon="5.7452420">
    <ele>412.6</ele>
   </trkpt>
   <trkpt lat="43.8089500" lon="5.7452700">
    <ele>412.7</ele>
   </trkpt>
   <trkpt lat="43.8089720" lon="5.7453050">
    <ele>412.9</ele>
   </trkpt>
   <trkpt lat="43.8090000" lon="5.7453440">
    <ele>413.1</ele>
   </trkpt>
   <trkpt lat="43.8090230" lon="5.7453860">
    <ele>413.3</ele>
   </trkpt>
   <trkpt lat="43.8090510" lon="5.7454290">
    <ele>413.4</ele>
   </trkpt>
   <trkpt lat="43.8090790" lon="5.7454750">
    <ele>413.6</ele>
   </trkpt>
   <trkpt lat="43.8091060" lon="5.7455200">
    <ele>413.8</ele>
   </trkpt>
   <trkpt lat="43.8091320" lon="5.7455640">
    <ele>414.0</ele>
   </trkpt>
   <trkpt lat="43.8091590" lon="5.7456130">
    <ele>414.2</ele>
   </trkpt>
   <trkpt lat="43.8091850" lon="5.7456600">
    <ele>414.4</ele>
   </trkpt>
   <trkpt lat="43.8092050" lon="5.7457100">
    <ele>414.6</ele>
   </trkpt>
   <trkpt lat="43.8092230" lon="5.7457560">
    <ele>414.8</ele>
   </trkpt>
   <trkpt lat="43.8092380" lon="5.7458080">
    <ele>415.0</ele>
   </trkpt>
   <trkpt lat="43.8092500" lon="5.7458610">
    <ele>415.1</ele>
   </trkpt>
   <trkpt lat="43.8092650" lon="5.7459100">
    <ele>415.3</ele>
   </trkpt>
   <trkpt lat="43.8092810" lon="5.7459620">
    <ele>415.5</ele>
   </trkpt>
   <trkpt lat="43.8092940" lon="5.7460130">
    <ele>415.6</ele>
   </trkpt>
   <trkpt lat="43.8093090" lon="5.7460610">
    <ele>415.8</ele>
   </trkpt>
   <trkpt lat="43.8093280" lon="5.7461090">
    <ele>416.0</ele>
   </trkpt>
   <trkpt lat="43.8093550" lon="5.7461450">
    <ele>416.2</ele>
   </trkpt>
   <trkpt lat="43.8093790" lon="5.7461820">
    <ele>416.3</ele>
   </trkpt>
   <trkpt lat="43.8094440" lon="5.7462540">
    <ele>416.7</ele>
   </trkpt>
   <trkpt lat="43.8094630" lon="5.7463000">
    <ele>416.9</ele>
   </trkpt>
   <trkpt lat="43.8095000" lon="5.7463300">
    <ele>417.1</ele>
   </trkpt>
   <trkpt lat="43.8095360" lon="5.7463620">
    <ele>417.3</ele>
   </trkpt>
   <trkpt lat="43.8095650" lon="5.7463960">
    <ele>417.4</ele>
   </trkpt>
   <trkpt lat="43.8095990" lon="5.7464290">
    <ele>417.6</ele>
   </trkpt>
   <trkpt lat="43.8096290" lon="5.7464620">
    <ele>417.7</ele>
   </trkpt>
   <trkpt lat="43.8096600" lon="5.7464970">
    <ele>417.9</ele>
   </trkpt>
   <trkpt lat="43.8096870" lon="5.7465360">
    <ele>418.0</ele>
   </trkpt>
   <trkpt lat="43.8097100" lon="5.7465650">
    <ele>418.1</ele>
   </trkpt>
   <trkpt lat="43.8097320" lon="5.7465880">
    <ele>418.2</ele>
   </trkpt>
   <trkpt lat="43.8097530" lon="5.7466160">
    <ele>418.3</ele>
   </trkpt>
   <trkpt lat="43.8097710" lon="5.7466470">
    <ele>418.5</ele>
   </trkpt>
   <trkpt lat="43.8097870" lon="5.7466790">
    <ele>418.6</ele>
   </trkpt>
   <trkpt lat="43.8098040" lon="5.7467110">
    <ele>418.7</ele>
   </trkpt>
   <trkpt lat="43.8098280" lon="5.7467520">
    <ele>418.9</ele>
   </trkpt>
   <trkpt lat="43.8098360" lon="5.7467660">
    <ele>418.9</ele>
   </trkpt>
   <trkpt lat="43.8098650" lon="5.7468020">
    <ele>419.1</ele>
   </trkpt>
   <trkpt lat="43.8098730" lon="5.7468160">
    <ele>419.2</ele>
   </trkpt>
   <trkpt lat="43.8098900" lon="5.7468460">
    <ele>419.3</ele>
   </trkpt>
   <trkpt lat="43.8099110" lon="5.7468780">
    <ele>419.5</ele>
   </trkpt>
   <trkpt lat="43.8099320" lon="5.7469030">
    <ele>419.6</ele>
   </trkpt>
   <trkpt lat="43.8099530" lon="5.7469280">
    <ele>419.7</ele>
   </trkpt>
   <trkpt lat="43.8099800" lon="5.7469610">
    <ele>419.8</ele>
   </trkpt>
   <trkpt lat="43.8099880" lon="5.7469720">
    <ele>419.9</ele>
   </trkpt>
   <trkpt lat="43.8100130" lon="5.7469920">
    <ele>420.0</ele>
   </trkpt>
   <trkpt lat="43.8100210" lon="5.7469980">
    <ele>420.1</ele>
   </trkpt>
   <trkpt lat="43.8100310" lon="5.7470110">
    <ele>420.1</ele>
   </trkpt>
   <trkpt lat="43.8100370" lon="5.7470230">
    <ele>420.1</ele>
   </trkpt>
   <trkpt lat="43.8100440" lon="5.7470350">
    <ele>420.2</ele>
   </trkpt>
   <trkpt lat="43.8100560" lon="5.7470450">
    <ele>420.2</ele>
   </trkpt>
   <trkpt lat="43.8100680" lon="5.7470390">
    <ele>420.3</ele>
   </trkpt>
   <trkpt lat="43.8100750" lon="5.7470250">
    <ele>420.3</ele>
   </trkpt>
   <trkpt lat="43.8100850" lon="5.7470070">
    <ele>420.4</ele>
   </trkpt>
   <trkpt lat="43.8100930" lon="5.7470040">
    <ele>420.4</ele>
   </trkpt>
   <trkpt lat="43.8101010" lon="5.7470010">
    <ele>420.5</ele>
   </trkpt>
   <trkpt lat="43.8101090" lon="5.7469980">
    <ele>420.5</ele>
   </trkpt>
   <trkpt lat="43.8101240" lon="5.7469990">
    <ele>420.5</ele>
   </trkpt>
   <trkpt lat="43.8101360" lon="5.7470030">
    <ele>420.5</ele>
   </trkpt>
   <trkpt lat="43.8101440" lon="5.7470090">
    <ele>420.6</ele>
   </trkpt>
   <trkpt lat="43.8101390" lon="5.7470330">
    <ele>420.6</ele>
   </trkpt>
   <trkpt lat="43.8101300" lon="5.7470480">
    <ele>420.6</ele>
   </trkpt>
   <trkpt lat="43.8101220" lon="5.7470620">
    <ele>420.7</ele>
   </trkpt>
   <trkpt lat="43.8100880" lon="5.7470720">
    <ele>420.8</ele>
   </trkpt>
   <trkpt lat="43.8100760" lon="5.7470700">
    <ele>420.8</ele>
   </trkpt>
   <trkpt lat="43.8100620" lon="5.7470500">
    <ele>420.8</ele>
   </trkpt>
   <trkpt lat="43.8100560" lon="5.7470320">
    <ele>420.9</ele>
   </trkpt>
   <trkpt lat="43.8100560" lon="5.7470270">
    <ele>420.9</ele>
   </trkpt>
   <trkpt lat="43.8100610" lon="5.7470260">
    <ele>420.9</ele>
   </trkpt>
   <trkpt lat="43.8100650" lon="5.7470250">
    <ele>420.9</ele>
   </trkpt>
   <trkpt lat="43.8100690" lon="5.7470240">
    <ele>420.9</ele>
   </trkpt>
   <trkpt lat="43.8100740" lon="5.7470220">
    <ele>420.9</ele>
   </trkpt>
   <trkpt lat="43.8100780" lon="5.7470210">
    <ele>420.9</ele>
   </trkpt>
   <trkpt lat="43.8100830" lon="5.7470200">
    <ele>421.0</ele>
   </trkpt>
   <trkpt lat="43.8100870" lon="5.7470190">
    <ele>421.0</ele>
   </trkpt>
   <trkpt lat="43.8100910" lon="5.7470180">
    <ele>421.0</ele>
   </trkpt>
   <trkpt lat="43.8100960" lon="5.7470170">
    <ele>421.0</ele>
   </trkpt>
   <trkpt lat="43.8101000" lon="5.7470160">
    <ele>421.0</ele>
   </trkpt>
   <trkpt lat="43.8101040" lon="5.7470150">
    <ele>421.0</ele>
   </trkpt>
   <trkpt lat="43.8101090" lon="5.7470140">
    <ele>421.0</ele>
   </trkpt>
   <trkpt lat="43.8101130" lon="5.7470130">
    <ele>421.0</ele>
   </trkpt>
   <trkpt lat="43.8101180" lon="5.7470110">
    <ele>421.1</ele>
   </trkpt>
   <trkpt lat="43.8101220" lon="5.7470100">
    <ele>421.1</ele>
   </trkpt>
   <trkpt lat="43.8101260" lon="5.7470090">
    <ele>421.1</ele>
   </trkpt>
   <trkpt lat="43.8101310" lon="5.7470080">
    <ele>421.1</ele>
   </trkpt>
   <trkpt lat="43.8101350" lon="5.7470070">
    <ele>421.1</ele>
   </trkpt>
   <trkpt lat="43.8101780" lon="5.7470170">
    <ele>421.2</ele>
   </trkpt>
   <trkpt lat="43.8102240" lon="5.7470320">
    <ele>421.6</ele>
   </trkpt>
   <trkpt lat="43.8102660" lon="5.7470530">
    <ele>422.0</ele>
   </trkpt>
   <trkpt lat="43.8103000" lon="5.7470870">
    <ele>422.4</ele>
   </trkpt>
   <trkpt lat="43.8103240" lon="5.7471230">
    <ele>422.7</ele>
   </trkpt>
   <trkpt lat="43.8103500" lon="5.7471570">
    <ele>423.1</ele>
   </trkpt>
   <trkpt lat="43.8103750" lon="5.7471890">
    <ele>423.4</ele>
   </trkpt>
   <trkpt lat="43.8103990" lon="5.7472140">
    <ele>423.7</ele>
   </trkpt>
   <trkpt lat="43.8104210" lon="5.7472360">
    <ele>423.9</ele>
   </trkpt>
   <trkpt lat="43.8104580" lon="5.7472870">
    <ele>424.2</ele>
   </trkpt>
   <trkpt lat="43.8104770" lon="5.7473260">
    <ele>424.4</ele>
   </trkpt>
   <trkpt lat="43.8104810" lon="5.7473390">
    <ele>424.4</ele>
   </trkpt>
   <trkpt lat="43.8104970" lon="5.7473830">
    <ele>424.5</ele>
   </trkpt>
   <trkpt lat="43.8105030" lon="5.7474000">
    <ele>424.6</ele>
   </trkpt>
   <trkpt lat="43.8105160" lon="5.7474370">
    <ele>424.7</ele>
   </trkpt>
   <trkpt lat="43.8105290" lon="5.7474740">
    <ele>424.8</ele>
   </trkpt>
   <trkpt lat="43.8105390" lon="5.7475150">
    <ele>424.9</ele>
   </trkpt>
   <trkpt lat="43.8105520" lon="5.7475530">
    <ele>425.0</ele>
   </trkpt>
   <trkpt lat="43.8105710" lon="5.7475900">
    <ele>425.1</ele>
   </trkpt>
   <trkpt lat="43.8105940" lon="5.7476230">
    <ele>425.2</ele>
   </trkpt>
   <trkpt lat="43.8106140" lon="5.7476560">
    <ele>425.3</ele>
   </trkpt>
   <trkpt lat="43.8106390" lon="5.7476880">
    <ele>425.4</ele>
   </trkpt>
   <trkpt lat="43.8106670" lon="5.7477190">
    <ele>425.6</ele>
   </trkpt>
   <trkpt lat="43.8106940" lon="5.7477420">
    <ele>425.7</ele>
   </trkpt>
   <trkpt lat="43.8107180" lon="5.7477720">
    <ele>425.8</ele>
   </trkpt>
   <trkpt lat="43.8107250" lon="5.7477830">
    <ele>425.8</ele>
   </trkpt>
   <trkpt lat="43.8107410" lon="5.7478140">
    <ele>425.9</ele>
   </trkpt>
   <trkpt lat="43.8107460" lon="5.7478250">
    <ele>426.0</ele>
   </trkpt>
   <trkpt lat="43.8107700" lon="5.7478700">
    <ele>426.1</ele>
   </trkpt>
   <trkpt lat="43.8107790" lon="5.7478860">
    <ele>426.2</ele>
   </trkpt>
   <trkpt lat="43.8108040" lon="5.7479270">
    <ele>426.3</ele>
   </trkpt>
   <trkpt lat="43.8108130" lon="5.7479410">
    <ele>426.4</ele>
   </trkpt>
   <trkpt lat="43.8108330" lon="5.7479720">
    <ele>426.5</ele>
   </trkpt>
   <trkpt lat="43.8108580" lon="5.7480150">
    <ele>426.6</ele>
   </trkpt>
   <trkpt lat="43.8108660" lon="5.7480300">
    <ele>426.7</ele>
   </trkpt>
   <trkpt lat="43.8108860" lon="5.7480630">
    <ele>426.7</ele>
   </trkpt>
   <trkpt lat="43.8108930" lon="5.7480720">
    <ele>426.8</ele>
   </trkpt>
   <trkpt lat="43.8109230" lon="5.7480790">
    <ele>426.8</ele>
   </trkpt>
   <trkpt lat="43.8109320" lon="5.7480770">
    <ele>426.8</ele>
   </trkpt>
   <trkpt lat="43.8109460" lon="5.7480820">
    <ele>426.9</ele>
   </trkpt>
   <trkpt lat="43.8109530" lon="5.7480870">
    <ele>426.9</ele>
   </trkpt>
   <trkpt lat="43.8109600" lon="5.7481000">
    <ele>426.9</ele>
   </trkpt>
   <trkpt lat="43.8109700" lon="5.7481260">
    <ele>426.9</ele>
   </trkpt>
   <trkpt lat="43.8109730" lon="5.7481380">
    <ele>426.9</ele>
   </trkpt>
   <trkpt lat="43.8109770" lon="5.7481510">
    <ele>427.0</ele>
   </trkpt>
   <trkpt lat="43.8109820" lon="5.7481720">
    <ele>427.0</ele>
   </trkpt>
   <trkpt lat="43.8109910" lon="5.7481960">
    <ele>427.0</ele>
   </trkpt>
   <trkpt lat="43.8110000" lon="5.7482110">
    <ele>427.1</ele>
   </trkpt>
   <trkpt lat="43.8110080" lon="5.7482300">
    <ele>427.1</ele>
   </trkpt>
   <trkpt lat="43.8110250" lon="5.7482660">
    <ele>427.1</ele>
   </trkpt>
   <trkpt lat="43.8110310" lon="5.7482810">
    <ele>427.2</ele>
   </trkpt>
   <trkpt lat="43.8110520" lon="5.7483240">
    <ele>427.2</ele>
   </trkpt>
   <trkpt lat="43.8110570" lon="5.7483390">
    <ele>427.2</ele>
   </trkpt>
   <trkpt lat="43.8110750" lon="5.7483870">
    <ele>427.3</ele>
   </trkpt>
   <trkpt lat="43.8110810" lon="5.7484040">
    <ele>427.3</ele>
   </trkpt>
   <trkpt lat="43.8110940" lon="5.7484400">
    <ele>427.3</ele>
   </trkpt>
   <trkpt lat="43.8111060" lon="5.7484890">
    <ele>427.3</ele>
   </trkpt>
   <trkpt lat="43.8111090" lon="5.7485050">
    <ele>427.3</ele>
   </trkpt>
   <trkpt lat="43.8111200" lon="5.7485550">
    <ele>427.3</ele>
   </trkpt>
   <trkpt lat="43.8111250" lon="5.7485750">
    <ele>427.3</ele>
   </trkpt>
   <trkpt lat="43.8111410" lon="5.7486130">
    <ele>427.3</ele>
   </trkpt>
   <trkpt lat="43.8111610" lon="5.7486480">
    <ele>427.3</ele>
   </trkpt>
   <trkpt lat="43.8111800" lon="5.7486930">
    <ele>427.3</ele>
   </trkpt>
   <trkpt lat="43.8111980" lon="5.7487370">
    <ele>427.3</ele>
   </trkpt>
   <trkpt lat="43.8112130" lon="5.7487860">
    <ele>427.3</ele>
   </trkpt>
   <trkpt lat="43.8112270" lon="5.7488340">
    <ele>427.3</ele>
   </trkpt>
   <trkpt lat="43.8112400" lon="5.7488760">
    <ele>427.3</ele>
   </trkpt>
   <trkpt lat="43.8112550" lon="5.7489220">
    <ele>427.3</ele>
   </trkpt>
   <trkpt lat="43.8112690" lon="5.7489640">
    <ele>427.3</ele>
   </trkpt>
   <trkpt lat="43.8112850" lon="5.7490020">
    <ele>427.3</ele>
   </trkpt>
   <trkpt lat="43.8113030" lon="5.7490420">
    <ele>427.3</ele>
   </trkpt>
   <trkpt lat="43.8113190" lon="5.7490890">
    <ele>427.3</ele>
   </trkpt>
   <trkpt lat="43.8113440" lon="5.7491710">
    <ele>427.3</ele>
   </trkpt>
   <trkpt lat="43.8113730" lon="5.7492440">
    <ele>427.3</ele>
   </trkpt>
   <trkpt lat="43.8113800" lon="5.7492710">
    <ele>427.3</ele>
   </trkpt>
   <trkpt lat="43.8113840" lon="5.7492880">
    <ele>427.3</ele>
   </trkpt>
   <trkpt lat="43.8113910" lon="5.7493310">
    <ele>427.2</ele>
   </trkpt>
   <trkpt lat="43.8113930" lon="5.7493460">
    <ele>427.3</ele>
   </trkpt>
   <trkpt lat="43.8114090" lon="5.7493980">
    <ele>427.4</ele>
   </trkpt>
   <trkpt lat="43.8114160" lon="5.7494170">
    <ele>427.4</ele>
   </trkpt>
   <trkpt lat="43.8114290" lon="5.7494540">
    <ele>427.5</ele>
   </trkpt>
   <trkpt lat="43.8114430" lon="5.7494900">
    <ele>427.5</ele>
   </trkpt>
   <trkpt lat="43.8114520" lon="5.7495350">
    <ele>427.6</ele>
   </trkpt>
   <trkpt lat="43.8114750" lon="5.7495990">
    <ele>427.7</ele>
   </trkpt>
   <trkpt lat="43.8114830" lon="5.7496220">
    <ele>427.7</ele>
   </trkpt>
   <trkpt lat="43.8114900" lon="5.7496240">
    <ele>427.7</ele>
   </trkpt>
   <trkpt lat="43.8114930" lon="5.7496180">
    <ele>427.7</ele>
   </trkpt>
   <trkpt lat="43.8114930" lon="5.7496170">
    <ele>427.7</ele>
   </trkpt>
   <trkpt lat="43.8114930" lon="5.7496160">
    <ele>427.7</ele>
   </trkpt>
   <trkpt lat="43.8114930" lon="5.7496160">
    <ele>427.7</ele>
   </trkpt>
   <trkpt lat="43.8114930" lon="5.7496160">
    <ele>427.7</ele>
   </trkpt>
   <trkpt lat="43.8114930" lon="5.7496160">
    <ele>427.7</ele>
   </trkpt>
   <trkpt lat="43.8114930" lon="5.7496160">
    <ele>427.7</ele>
   </trkpt>
   <trkpt lat="43.8114930" lon="5.7496160">
    <ele>427.7</ele>
   </trkpt>
   <trkpt lat="43.8114930" lon="5.7496160">
    <ele>427.7</ele>
   </trkpt>
   <trkpt lat="43.8114930" lon="5.7496160">
    <ele>427.7</ele>
   </trkpt>
   <trkpt lat="43.8115020" lon="5.7496260">
    <ele>427.8</ele>
   </trkpt>
   <trkpt lat="43.8115000" lon="5.7496230">
    <ele>427.8</ele>
   </trkpt>
   <trkpt lat="43.8114870" lon="5.7496010">
    <ele>427.8</ele>
   </trkpt>
   <trkpt lat="43.8114830" lon="5.7495940">
    <ele>427.8</ele>
   </trkpt>
   <trkpt lat="43.8114820" lon="5.7495920">
    <ele>427.8</ele>
   </trkpt>
   <trkpt lat="43.8114820" lon="5.7495910">
    <ele>427.8</ele>
   </trkpt>
   <trkpt lat="43.8114820" lon="5.7495910">
    <ele>427.8</ele>
   </trkpt>
   <trkpt lat="43.8114820" lon="5.7495910">
    <ele>427.8</ele>
   </trkpt>
   <trkpt lat="43.8114820" lon="5.7495910">
    <ele>427.8</ele>
   </trkpt>
   <trkpt lat="43.8114820" lon="5.7495910">
    <ele>427.8</ele>
   </trkpt>
   <trkpt lat="43.8114680" lon="5.7496010">
    <ele>427.9</ele>
   </trkpt>
   <trkpt lat="43.8115060" lon="5.7496270">
    <ele>428.0</ele>
   </trkpt>
   <trkpt lat="43.8115190" lon="5.7496450">
    <ele>428.0</ele>
   </trkpt>
   <trkpt lat="43.8115300" lon="5.7496640">
    <ele>428.0</ele>
   </trkpt>
   <trkpt lat="43.8115370" lon="5.7496730">
    <ele>428.0</ele>
   </trkpt>
   <trkpt lat="43.8115440" lon="5.7496840">
    <ele>428.0</ele>
   </trkpt>
   <trkpt lat="43.8115450" lon="5.7497040">
    <ele>428.0</ele>
   </trkpt>
   <trkpt lat="43.8115460" lon="5.7497200">
    <ele>428.0</ele>
   </trkpt>
   <trkpt lat="43.8115490" lon="5.7497300">
    <ele>428.0</ele>
   </trkpt>
   <trkpt lat="43.8115480" lon="5.7497270">
    <ele>428.0</ele>
   </trkpt>
   <trkpt lat="43.8115350" lon="5.7497330">
    <ele>428.0</ele>
   </trkpt>
   <trkpt lat="43.8115310" lon="5.7497480">
    <ele>428.1</ele>
   </trkpt>
   <trkpt lat="43.8115310" lon="5.7497510">
    <ele>428.1</ele>
   </trkpt>
   <trkpt lat="43.8115320" lon="5.7497470">
    <ele>428.1</ele>
   </trkpt>
   <trkpt lat="43.8115310" lon="5.7497350">
    <ele>428.1</ele>
   </trkpt>
   <trkpt lat="43.8115240" lon="5.7497240">
    <ele>428.1</ele>
   </trkpt>
   <trkpt lat="43.8115220" lon="5.7497240">
    <ele>428.1</ele>
   </trkpt>
   <trkpt lat="43.8115210" lon="5.7497270">
    <ele>428.1</ele>
   </trkpt>
   <trkpt lat="43.8115210" lon="5.7497230">
    <ele>428.1</ele>
   </trkpt>
   <trkpt lat="43.8115190" lon="5.7497160">
    <ele>428.1</ele>
   </trkpt>
   <trkpt lat="43.8115140" lon="5.7497180">
    <ele>428.1</ele>
   </trkpt>
   <trkpt lat="43.8115080" lon="5.7497430">
    <ele>428.1</ele>
   </trkpt>
   <trkpt lat="43.8115050" lon="5.7497620">
    <ele>428.1</ele>
   </trkpt>
   <trkpt lat="43.8115030" lon="5.7497800">
    <ele>428.1</ele>
   </trkpt>
   <trkpt lat="43.8115070" lon="5.7497660">
    <ele>428.1</ele>
   </trkpt>
   <trkpt lat="43.8115080" lon="5.7497600">
    <ele>428.1</ele>
   </trkpt>
   <trkpt lat="43.8115100" lon="5.7497550">
    <ele>428.1</ele>
   </trkpt>
   <trkpt lat="43.8115110" lon="5.7497490">
    <ele>428.1</ele>
   </trkpt>
   <trkpt lat="43.8115130" lon="5.7497430">
    <ele>428.1</ele>
   </trkpt>
   <trkpt lat="43.8115140" lon="5.7497370">
    <ele>428.1</ele>
   </trkpt>
   <trkpt lat="43.8115160" lon="5.7497320">
    <ele>428.2</ele>
   </trkpt>
   <trkpt lat="43.8115170" lon="5.7497260">
    <ele>428.2</ele>
   </trkpt>
   <trkpt lat="43.8115190" lon="5.7497200">
    <ele>428.2</ele>
   </trkpt>
   <trkpt lat="43.8115200" lon="5.7497140">
    <ele>428.2</ele>
   </trkpt>
   <trkpt lat="43.8115220" lon="5.7497090">
    <ele>428.2</ele>
   </trkpt>
   <trkpt lat="43.8115230" lon="5.7497030">
    <ele>428.2</ele>
   </trkpt>
   <trkpt lat="43.8115250" lon="5.7496970">
    <ele>428.2</ele>
   </trkpt>
   <trkpt lat="43.8115280" lon="5.7496880">
    <ele>428.2</ele>
   </trkpt>
   <trkpt lat="43.8115260" lon="5.7496860">
    <ele>428.2</ele>
   </trkpt>
   <trkpt lat="43.8115240" lon="5.7496810">
    <ele>428.2</ele>
   </trkpt>
   <trkpt lat="43.8115200" lon="5.7496710">
    <ele>428.2</ele>
   </trkpt>
   <trkpt lat="43.8115140" lon="5.7496650">
    <ele>428.2</ele>
   </trkpt>
   <trkpt lat="43.8115100" lon="5.7496600">
    <ele>428.2</ele>
   </trkpt>
   <trkpt lat="43.8115100" lon="5.7496600">
    <ele>428.2</ele>
   </trkpt>
   <trkpt lat="43.8115120" lon="5.7496630">
    <ele>428.2</ele>
   </trkpt>
   <trkpt lat="43.8115130" lon="5.7496650">
    <ele>428.2</ele>
   </trkpt>
   <trkpt lat="43.8115150" lon="5.7496680">
    <ele>428.2</ele>
   </trkpt>
   <trkpt lat="43.8115160" lon="5.7496710">
    <ele>428.2</ele>
   </trkpt>
   <trkpt lat="43.8115170" lon="5.7496740">
    <ele>428.2</ele>
   </trkpt>
   <trkpt lat="43.8115190" lon="5.7496760">
    <ele>428.2</ele>
   </trkpt>
   <trkpt lat="43.8115200" lon="5.7496790">
    <ele>428.2</ele>
   </trkpt>
   <trkpt lat="43.8115210" lon="5.7496820">
    <ele>428.2</ele>
   </trkpt>
   <trkpt lat="43.8115230" lon="5.7496850">
    <ele>428.2</ele>
   </trkpt>
   <trkpt lat="43.8115240" lon="5.7496870">
    <ele>428.2</ele>
   </trkpt>
   <trkpt lat="43.8115260" lon="5.7496900">
    <ele>428.2</ele>
   </trkpt>
   <trkpt lat="43.8115270" lon="5.7496930">
    <ele>428.2</ele>
   </trkpt>
   <trkpt lat="43.8115280" lon="5.7496960">
    <ele>428.2</ele>
   </trkpt>
   <trkpt lat="43.8115300" lon="5.7496980">
    <ele>428.2</ele>
   </trkpt>
   <trkpt lat="43.8115310" lon="5.7497010">
    <ele>428.2</ele>
   </trkpt>
   <trkpt lat="43.8115320" lon="5.7497040">
    <ele>428.2</ele>
   </trkpt>
   <trkpt lat="43.8115340" lon="5.7497070">
    <ele>428.2</ele>
   </trkpt>
   <trkpt lat="43.8115350" lon="5.7497090">
    <ele>428.2</ele>
   </trkpt>
   <trkpt lat="43.8115370" lon="5.7497120">
    <ele>428.2</ele>
   </trkpt>
   <trkpt lat="43.8115380" lon="5.7497150">
    <ele>428.2</ele>
   </trkpt>
   <trkpt lat="43.8115390" lon="5.7497180">
    <ele>428.2</ele>
   </trkpt>
   <trkpt lat="43.8115410" lon="5.7497200">
    <ele>428.2</ele>
   </trkpt>
   <trkpt lat="43.8115420" lon="5.7497230">
    <ele>428.2</ele>
   </trkpt>
   <trkpt lat="43.8115430" lon="5.7497260">
    <ele>428.2</ele>
   </trkpt>
   <trkpt lat="43.8115450" lon="5.7497290">
    <ele>428.2</ele>
   </trkpt>
   <trkpt lat="43.8115460" lon="5.7497310">
    <ele>428.3</ele>
   </trkpt>
   <trkpt lat="43.8115480" lon="5.7497340">
    <ele>428.3</ele>
   </trkpt>
   <trkpt lat="43.8115490" lon="5.7497370">
    <ele>428.3</ele>
   </trkpt>
   <trkpt lat="43.8115610" lon="5.7497450">
    <ele>428.3</ele>
   </trkpt>
   <trkpt lat="43.8115760" lon="5.7497500">
    <ele>428.3</ele>
   </trkpt>
   <trkpt lat="43.8116000" lon="5.7497700">
    <ele>428.3</ele>
   </trkpt>
   <trkpt lat="43.8116090" lon="5.7497790">
    <ele>428.3</ele>
   </trkpt>
   <trkpt lat="43.8116380" lon="5.7498160">
    <ele>428.4</ele>
   </trkpt>
   <trkpt lat="43.8116490" lon="5.7498320">
    <ele>428.4</ele>
   </trkpt>
   <trkpt lat="43.8116790" lon="5.7498620">
    <ele>428.5</ele>
   </trkpt>
   <trkpt lat="43.8117120" lon="5.7498850">
    <ele>428.5</ele>
   </trkpt>
   <trkpt lat="43.8117430" lon="5.7499110">
    <ele>428.6</ele>
   </trkpt>
   <trkpt lat="43.8117740" lon="5.7499360">
    <ele>428.6</ele>
   </trkpt>
   <trkpt lat="43.8118090" lon="5.7499630">
    <ele>428.7</ele>
   </trkpt>
   <trkpt lat="43.8118420" lon="5.7499850">
    <ele>428.8</ele>
   </trkpt>
   <trkpt lat="43.8118730" lon="5.7500060">
    <ele>428.8</ele>
   </trkpt>
   <trkpt lat="43.8119040" lon="5.7500290">
    <ele>428.9</ele>
   </trkpt>
   <trkpt lat="43.8119380" lon="5.7500500">
    <ele>428.9</ele>
   </trkpt>
   <trkpt lat="43.8119710" lon="5.7500620">
    <ele>428.9</ele>
   </trkpt>
   <trkpt lat="43.8120040" lon="5.7500610">
    <ele>429.0</ele>
   </trkpt>
   <trkpt lat="43.8120350" lon="5.7500530">
    <ele>429.0</ele>
   </trkpt>
   <trkpt lat="43.8120660" lon="5.7500470">
    <ele>429.1</ele>
   </trkpt>
   <trkpt lat="43.8121000" lon="5.7500340">
    <ele>429.1</ele>
   </trkpt>
   <trkpt lat="43.8121330" lon="5.7500250">
    <ele>429.1</ele>
   </trkpt>
   <trkpt lat="43.8121650" lon="5.7500200">
    <ele>429.2</ele>
   </trkpt>
   <trkpt lat="43.8121910" lon="5.7500280">
    <ele>429.2</ele>
   </trkpt>
   <trkpt lat="43.8122270" lon="5.7500240">
    <ele>429.2</ele>
   </trkpt>
   <trkpt lat="43.8122390" lon="5.7500160">
    <ele>429.2</ele>
   </trkpt>
   <trkpt lat="43.8122680" lon="5.7500150">
    <ele>429.3</ele>
   </trkpt>
   <trkpt lat="43.8122770" lon="5.7500190">
    <ele>429.3</ele>
   </trkpt>
   <trkpt lat="43.8123050" lon="5.7500560">
    <ele>428.3</ele>
   </trkpt>
   <trkpt lat="43.8123110" lon="5.7500740">
    <ele>428.2</ele>
   </trkpt>
   <trkpt lat="43.8123210" lon="5.7501140">
    <ele>427.9</ele>
   </trkpt>
   <trkpt lat="43.8123260" lon="5.7501730">
    <ele>427.4</ele>
   </trkpt>
   <trkpt lat="43.8123300" lon="5.7502290">
    <ele>427.0</ele>
   </trkpt>
   <trkpt lat="43.8123320" lon="5.7502760">
    <ele>426.6</ele>
   </trkpt>
   <trkpt lat="43.8123380" lon="5.7503240">
    <ele>426.2</ele>
   </trkpt>
   <trkpt lat="43.8123470" lon="5.7503680">
    <ele>425.9</ele>
   </trkpt>
   <trkpt lat="43.8123530" lon="5.7504180">
    <ele>425.6</ele>
   </trkpt>
   <trkpt lat="43.8123570" lon="5.7504820">
    <ele>425.2</ele>
   </trkpt>
   <trkpt lat="43.8123600" lon="5.7505590">
    <ele>424.7</ele>
   </trkpt>
   <trkpt lat="43.8123730" lon="5.7506320">
    <ele>424.3</ele>
   </trkpt>
   <trkpt lat="43.8123880" lon="5.7507140">
    <ele>423.8</ele>
   </trkpt>
   <trkpt lat="43.8123920" lon="5.7508040">
    <ele>423.3</ele>
   </trkpt>
   <trkpt lat="43.8123990" lon="5.7508780">
    <ele>422.9</ele>
   </trkpt>
   <trkpt lat="43.8124040" lon="5.7509510">
    <ele>422.5</ele>
   </trkpt>
   <trkpt lat="43.8124130" lon="5.7510220">
    <ele>422.1</ele>
   </trkpt>
   <trkpt lat="43.8124190" lon="5.7510990">
    <ele>421.6</ele>
   </trkpt>
   <trkpt lat="43.8124230" lon="5.7511790">
    <ele>421.1</ele>
   </trkpt>
   <trkpt lat="43.8124270" lon="5.7512620">
    <ele>420.5</ele>
   </trkpt>
   <trkpt lat="43.8124330" lon="5.7513480">
    <ele>420.0</ele>
   </trkpt>
   <trkpt lat="43.8124410" lon="5.7514340">
    <ele>419.4</ele>
   </trkpt>
   <trkpt lat="43.8124500" lon="5.7515240">
    <ele>418.7</ele>
   </trkpt>
   <trkpt lat="43.8124610" lon="5.7516220">
    <ele>418.2</ele>
   </trkpt>
   <trkpt lat="43.8124740" lon="5.7517120">
    <ele>417.8</ele>
   </trkpt>
   <trkpt lat="43.8124860" lon="5.7517990">
    <ele>417.4</ele>
   </trkpt>
   <trkpt lat="43.8124960" lon="5.7518830">
    <ele>417.1</ele>
   </trkpt>
   <trkpt lat="43.8125130" lon="5.7519620">
    <ele>416.8</ele>
   </trkpt>
   <trkpt lat="43.8125310" lon="5.7520390">
    <ele>416.5</ele>
   </trkpt>
   <trkpt lat="43.8125720" lon="5.7521970">
    <ele>416.0</ele>
   </trkpt>
   <trkpt lat="43.8125960" lon="5.7522830">
    <ele>415.7</ele>
   </trkpt>
   <trkpt lat="43.8126180" lon="5.7523710">
    <ele>415.5</ele>
   </trkpt>
   <trkpt lat="43.8126340" lon="5.7524560">
    <ele>415.2</ele>
   </trkpt>
   <trkpt lat="43.8126460" lon="5.7525480">
    <ele>414.9</ele>
   </trkpt>
   <trkpt lat="43.8126550" lon="5.7526410">
    <ele>414.6</ele>
   </trkpt>
   <trkpt lat="43.8126610" lon="5.7527370">
    <ele>414.2</ele>
   </trkpt>
   <trkpt lat="43.8126640" lon="5.7528350">
    <ele>413.9</ele>
   </trkpt>
   <trkpt lat="43.8126660" lon="5.7529300">
    <ele>413.5</ele>
   </trkpt>
   <trkpt lat="43.8126690" lon="5.7530190">
    <ele>413.2</ele>
   </trkpt>
   <trkpt lat="43.8126710" lon="5.7531060">
    <ele>412.9</ele>
   </trkpt>
   <trkpt lat="43.8126770" lon="5.7531930">
    <ele>412.6</ele>
   </trkpt>
   <trkpt lat="43.8126870" lon="5.7532670">
    <ele>412.3</ele>
   </trkpt>
   <trkpt lat="43.8126950" lon="5.7533340">
    <ele>412.0</ele>
   </trkpt>
   <trkpt lat="43.8127050" lon="5.7533920">
    <ele>411.7</ele>
   </trkpt>
   <trkpt lat="43.8127140" lon="5.7534520">
    <ele>411.4</ele>
   </trkpt>
   <trkpt lat="43.8127210" lon="5.7535160">
    <ele>411.0</ele>
   </trkpt>
   <trkpt lat="43.8127340" lon="5.7535810">
    <ele>410.6</ele>
   </trkpt>
   <trkpt lat="43.8127500" lon="5.7536360">
    <ele>410.3</ele>
   </trkpt>
   <trkpt lat="43.8127660" lon="5.7536960">
    <ele>409.8</ele>
   </trkpt>
   <trkpt lat="43.8127840" lon="5.7537600">
    <ele>409.3</ele>
   </trkpt>
   <trkpt lat="43.8127960" lon="5.7538280">
    <ele>408.7</ele>
   </trkpt>
   <trkpt lat="43.8128070" lon="5.7539010">
    <ele>408.0</ele>
   </trkpt>
   <trkpt lat="43.8128100" lon="5.7539840">
    <ele>407.2</ele>
   </trkpt>
   <trkpt lat="43.8128140" lon="5.7540830">
    <ele>406.0</ele>
   </trkpt>
   <trkpt lat="43.8128230" lon="5.7542710">
    <ele>403.7</ele>
   </trkpt>
   <trkpt lat="43.8128290" lon="5.7543700">
    <ele>402.4</ele>
   </trkpt>
   <trkpt lat="43.8128370" lon="5.7544730">
    <ele>401.0</ele>
   </trkpt>
   <trkpt lat="43.8128450" lon="5.7545790">
    <ele>399.6</ele>
   </trkpt>
   <trkpt lat="43.8128560" lon="5.7546920">
    <ele>398.3</ele>
   </trkpt>
   <trkpt lat="43.8128660" lon="5.7547950">
    <ele>397.1</ele>
   </trkpt>
   <trkpt lat="43.8128800" lon="5.7548970">
    <ele>396.0</ele>
   </trkpt>
   <trkpt lat="43.8128970" lon="5.7549920">
    <ele>395.0</ele>
   </trkpt>
   <trkpt lat="43.8129140" lon="5.7550870">
    <ele>394.0</ele>
   </trkpt>
   <trkpt lat="43.8129300" lon="5.7551840">
    <ele>393.0</ele>
   </trkpt>
   <trkpt lat="43.8129430" lon="5.7552840">
    <ele>392.2</ele>
   </trkpt>
   <trkpt lat="43.8129620" lon="5.7553860">
    <ele>391.4</ele>
   </trkpt>
   <trkpt lat="43.8129870" lon="5.7554910">
    <ele>390.6</ele>
   </trkpt>
   <trkpt lat="43.8130100" lon="5.7555930">
    <ele>389.9</ele>
   </trkpt>
   <trkpt lat="43.8130320" lon="5.7556830">
    <ele>389.3</ele>
   </trkpt>
   <trkpt lat="43.8130580" lon="5.7557680">
    <ele>388.8</ele>
   </trkpt>
   <trkpt lat="43.8130830" lon="5.7558440">
    <ele>388.3</ele>
   </trkpt>
   <trkpt lat="43.8131050" lon="5.7559240">
    <ele>387.9</ele>
   </trkpt>
   <trkpt lat="43.8131290" lon="5.7560040">
    <ele>387.4</ele>
   </trkpt>
   <trkpt lat="43.8131530" lon="5.7560780">
    <ele>387.0</ele>
   </trkpt>
   <trkpt lat="43.8131670" lon="5.7561510">
    <ele>386.5</ele>
   </trkpt>
   <trkpt lat="43.8131800" lon="5.7562190">
    <ele>386.0</ele>
   </trkpt>
   <trkpt lat="43.8131910" lon="5.7562860">
    <ele>385.4</ele>
   </trkpt>
   <trkpt lat="43.8132140" lon="5.7563490">
    <ele>384.8</ele>
   </trkpt>
   <trkpt lat="43.8132380" lon="5.7564120">
    <ele>384.0</ele>
   </trkpt>
   <trkpt lat="43.8132620" lon="5.7564940">
    <ele>383.4</ele>
   </trkpt>
   <trkpt lat="43.8132930" lon="5.7565910">
    <ele>382.8</ele>
   </trkpt>
   <trkpt lat="43.8133210" lon="5.7566850">
    <ele>381.7</ele>
   </trkpt>
   <trkpt lat="43.8133360" lon="5.7567760">
    <ele>380.7</ele>
   </trkpt>
   <trkpt lat="43.8133610" lon="5.7568600">
    <ele>379.7</ele>
   </trkpt>
   <trkpt lat="43.8133830" lon="5.7569410">
    <ele>378.6</ele>
   </trkpt>
   <trkpt lat="43.8133940" lon="5.7570150">
    <ele>377.7</ele>
   </trkpt>
   <trkpt lat="43.8134040" lon="5.7570940">
    <ele>376.6</ele>
   </trkpt>
   <trkpt lat="43.8134070" lon="5.7571760">
    <ele>375.5</ele>
   </trkpt>
   <trkpt lat="43.8134090" lon="5.7572570">
    <ele>374.3</ele>
   </trkpt>
   <trkpt lat="43.8134120" lon="5.7573330">
    <ele>373.1</ele>
   </trkpt>
   <trkpt lat="43.8134230" lon="5.7574020">
    <ele>372.0</ele>
   </trkpt>
   <trkpt lat="43.8134410" lon="5.7574610">
    <ele>370.9</ele>
   </trkpt>
   <trkpt lat="43.8134680" lon="5.7574880">
    <ele>370.1</ele>
   </trkpt>
   <trkpt lat="43.8134980" lon="5.7575150">
    <ele>369.3</ele>
   </trkpt>
   <trkpt lat="43.8135080" lon="5.7575280">
    <ele>369.0</ele>
   </trkpt>
   <trkpt lat="43.8135290" lon="5.7575600">
    <ele>368.2</ele>
   </trkpt>
   <trkpt lat="43.8135450" lon="5.7575940">
    <ele>367.5</ele>
   </trkpt>
   <trkpt lat="43.8135570" lon="5.7576360">
    <ele>366.8</ele>
   </trkpt>
   <trkpt lat="43.8135670" lon="5.7576820">
    <ele>366.0</ele>
   </trkpt>
   <trkpt lat="43.8135700" lon="5.7577380">
    <ele>365.0</ele>
   </trkpt>
   <trkpt lat="43.8135720" lon="5.7577930">
    <ele>364.1</ele>
   </trkpt>
   <trkpt lat="43.8135670" lon="5.7578570">
    <ele>363.1</ele>
   </trkpt>
   <trkpt lat="43.8135590" lon="5.7579320">
    <ele>362.0</ele>
   </trkpt>
   <trkpt lat="43.8135320" lon="5.7580940">
    <ele>359.5</ele>
   </trkpt>
   <trkpt lat="43.8135230" lon="5.7581730">
    <ele>358.3</ele>
   </trkpt>
   <trkpt lat="43.8135120" lon="5.7582470">
    <ele>357.2</ele>
   </trkpt>
   <trkpt lat="43.8135050" lon="5.7583220">
    <ele>356.1</ele>
   </trkpt>
   <trkpt lat="43.8135020" lon="5.7583910">
    <ele>355.5</ele>
   </trkpt>
   <trkpt lat="43.8135030" lon="5.7584640">
    <ele>355.3</ele>
   </trkpt>
   <trkpt lat="43.8135080" lon="5.7585430">
    <ele>354.7</ele>
   </trkpt>
   <trkpt lat="43.8135190" lon="5.7586170">
    <ele>354.2</ele>
   </trkpt>
   <trkpt lat="43.8135300" lon="5.7586740">
    <ele>353.8</ele>
   </trkpt>
   <trkpt lat="43.8135460" lon="5.7587300">
    <ele>353.5</ele>
   </trkpt>
   <trkpt lat="43.8135630" lon="5.7587770">
    <ele>353.2</ele>
   </trkpt>
   <trkpt lat="43.8135770" lon="5.7588130">
    <ele>353.0</ele>
   </trkpt>
   <trkpt lat="43.8135950" lon="5.7588510">
    <ele>352.8</ele>
   </trkpt>
   <trkpt lat="43.8136170" lon="5.7588920">
    <ele>352.7</ele>
   </trkpt>
   <trkpt lat="43.8136420" lon="5.7589330">
    <ele>352.6</ele>
   </trkpt>
   <trkpt lat="43.8136670" lon="5.7589810">
    <ele>352.6</ele>
   </trkpt>
   <trkpt lat="43.8136890" lon="5.7590510">
    <ele>352.7</ele>
   </trkpt>
   <trkpt lat="43.8137020" lon="5.7591240">
    <ele>352.6</ele>
   </trkpt>
   <trkpt lat="43.8137090" lon="5.7591910">
    <ele>352.5</ele>
   </trkpt>
   <trkpt lat="43.8137200" lon="5.7592520">
    <ele>352.5</ele>
   </trkpt>
   <trkpt lat="43.8137300" lon="5.7593020">
    <ele>352.5</ele>
   </trkpt>
   <trkpt lat="43.8137390" lon="5.7593540">
    <ele>352.6</ele>
   </trkpt>
   <trkpt lat="43.8137490" lon="5.7594020">
    <ele>352.7</ele>
   </trkpt>
   <trkpt lat="43.8137600" lon="5.7594460">
    <ele>352.8</ele>
   </trkpt>
   <trkpt lat="43.8137650" lon="5.7594970">
    <ele>352.9</ele>
   </trkpt>
   <trkpt lat="43.8137700" lon="5.7595440">
    <ele>353.0</ele>
   </trkpt>
   <trkpt lat="43.8137760" lon="5.7595890">
    <ele>353.2</ele>
   </trkpt>
   <trkpt lat="43.8137810" lon="5.7596690">
    <ele>353.6</ele>
   </trkpt>
   <trkpt lat="43.8137830" lon="5.7597200">
    <ele>353.8</ele>
   </trkpt>
   <trkpt lat="43.8137890" lon="5.7597590">
    <ele>354.0</ele>
   </trkpt>
   <trkpt lat="43.8137960" lon="5.7597990">
    <ele>354.2</ele>
   </trkpt>
   <trkpt lat="43.8138030" lon="5.7598380">
    <ele>354.4</ele>
   </trkpt>
   <trkpt lat="43.8138090" lon="5.7598800">
    <ele>354.7</ele>
   </trkpt>
   <trkpt lat="43.8138130" lon="5.7599190">
    <ele>354.9</ele>
   </trkpt>
   <trkpt lat="43.8138180" lon="5.7599570">
    <ele>355.1</ele>
   </trkpt>
   <trkpt lat="43.8138270" lon="5.7600460">
    <ele>355.5</ele>
   </trkpt>
   <trkpt lat="43.8138300" lon="5.7600970">
    <ele>355.8</ele>
   </trkpt>
   <trkpt lat="43.8138370" lon="5.7601470">
    <ele>356.0</ele>
   </trkpt>
   <trkpt lat="43.8138460" lon="5.7602000">
    <ele>356.3</ele>
   </trkpt>
   <trkpt lat="43.8138560" lon="5.7602510">
    <ele>356.5</ele>
   </trkpt>
   <trkpt lat="43.8138620" lon="5.7602990">
    <ele>356.7</ele>
   </trkpt>
   <trkpt lat="43.8138690" lon="5.7603490">
    <ele>356.9</ele>
   </trkpt>
   <trkpt lat="43.8138770" lon="5.7604010">
    <ele>357.1</ele>
   </trkpt>
   <trkpt lat="43.8138860" lon="5.7604530">
    <ele>357.3</ele>
   </trkpt>
   <trkpt lat="43.8138930" lon="5.7604990">
    <ele>357.4</ele>
   </trkpt>
   <trkpt lat="43.8139000" lon="5.7605530">
    <ele>357.6</ele>
   </trkpt>
   <trkpt lat="43.8139110" lon="5.7606090">
    <ele>357.7</ele>
   </trkpt>
   <trkpt lat="43.8139180" lon="5.7606670">
    <ele>357.8</ele>
   </trkpt>
   <trkpt lat="43.8139210" lon="5.7607260">
    <ele>358.0</ele>
   </trkpt>
   <trkpt lat="43.8139260" lon="5.7607820">
    <ele>358.1</ele>
   </trkpt>
   <trkpt lat="43.8139300" lon="5.7608370">
    <ele>358.2</ele>
   </trkpt>
   <trkpt lat="43.8139330" lon="5.7608970">
    <ele>358.3</ele>
   </trkpt>
   <trkpt lat="43.8139380" lon="5.7609550">
    <ele>358.4</ele>
   </trkpt>
   <trkpt lat="43.8139400" lon="5.7610130">
    <ele>358.5</ele>
   </trkpt>
   <trkpt lat="43.8139400" lon="5.7610720">
    <ele>358.5</ele>
   </trkpt>
   <trkpt lat="43.8139420" lon="5.7611270">
    <ele>358.6</ele>
   </trkpt>
   <trkpt lat="43.8139460" lon="5.7611820">
    <ele>358.5</ele>
   </trkpt>
   <trkpt lat="43.8139510" lon="5.7612350">
    <ele>358.5</ele>
   </trkpt>
   <trkpt lat="43.8139530" lon="5.7612870">
    <ele>358.4</ele>
   </trkpt>
   <trkpt lat="43.8139530" lon="5.7613330">
    <ele>358.3</ele>
   </trkpt>
   <trkpt lat="43.8139520" lon="5.7613800">
    <ele>358.2</ele>
   </trkpt>
   <trkpt lat="43.8139520" lon="5.7614280">
    <ele>358.0</ele>
   </trkpt>
   <trkpt lat="43.8139510" lon="5.7614780">
    <ele>357.8</ele>
   </trkpt>
   <trkpt lat="43.8139510" lon="5.7615340">
    <ele>357.5</ele>
   </trkpt>
   <trkpt lat="43.8139490" lon="5.7615940">
    <ele>357.2</ele>
   </trkpt>
   <trkpt lat="43.8139430" lon="5.7616630">
    <ele>356.7</ele>
   </trkpt>
   <trkpt lat="43.8139350" lon="5.7617330">
    <ele>356.1</ele>
   </trkpt>
   <trkpt lat="43.8139300" lon="5.7617940">
    <ele>355.7</ele>
   </trkpt>
   <trkpt lat="43.8139270" lon="5.7618590">
    <ele>355.2</ele>
   </trkpt>
   <trkpt lat="43.8139190" lon="5.7619240">
    <ele>354.7</ele>
   </trkpt>
   <trkpt lat="43.8139110" lon="5.7619940">
    <ele>354.2</ele>
   </trkpt>
   <trkpt lat="43.8138990" lon="5.7620740">
    <ele>353.6</ele>
   </trkpt>
   <trkpt lat="43.8138760" lon="5.7621640">
    <ele>353.0</ele>
   </trkpt>
   <trkpt lat="43.8138170" lon="5.7623450">
    <ele>351.8</ele>
   </trkpt>
   <trkpt lat="43.8137770" lon="5.7624410">
    <ele>351.4</ele>
   </trkpt>
   <trkpt lat="43.8137360" lon="5.7625390">
    <ele>351.2</ele>
   </trkpt>
   <trkpt lat="43.8136990" lon="5.7626430">
    <ele>351.0</ele>
   </trkpt>
   <trkpt lat="43.8136730" lon="5.7627510">
    <ele>350.9</ele>
   </trkpt>
   <trkpt lat="43.8136550" lon="5.7628530">
    <ele>350.9</ele>
   </trkpt>
   <trkpt lat="43.8136420" lon="5.7629510">
    <ele>350.8</ele>
   </trkpt>
   <trkpt lat="43.8136380" lon="5.7630530">
    <ele>350.8</ele>
   </trkpt>
   <trkpt lat="43.8136380" lon="5.7631510">
    <ele>350.8</ele>
   </trkpt>
   <trkpt lat="43.8136480" lon="5.7632470">
    <ele>350.8</ele>
   </trkpt>
   <trkpt lat="43.8136570" lon="5.7633400">
    <ele>350.8</ele>
   </trkpt>
   <trkpt lat="43.8136960" lon="5.7635060">
    <ele>350.9</ele>
   </trkpt>
   <trkpt lat="43.8137150" lon="5.7635840">
    <ele>351.0</ele>
   </trkpt>
   <trkpt lat="43.8137350" lon="5.7636610">
    <ele>351.0</ele>
   </trkpt>
   <trkpt lat="43.8137570" lon="5.7637360">
    <ele>351.2</ele>
   </trkpt>
   <trkpt lat="43.8137770" lon="5.7638050">
    <ele>351.3</ele>
   </trkpt>
   <trkpt lat="43.8137970" lon="5.7638780">
    <ele>351.5</ele>
   </trkpt>
   <trkpt lat="43.8138170" lon="5.7639490">
    <ele>351.7</ele>
   </trkpt>
   <trkpt lat="43.8138410" lon="5.7640180">
    <ele>351.9</ele>
   </trkpt>
   <trkpt lat="43.8138580" lon="5.7640870">
    <ele>352.2</ele>
   </trkpt>
   <trkpt lat="43.8138710" lon="5.7641510">
    <ele>352.5</ele>
   </trkpt>
   <trkpt lat="43.8138860" lon="5.7642100">
    <ele>352.8</ele>
   </trkpt>
   <trkpt lat="43.8138970" lon="5.7642730">
    <ele>353.1</ele>
   </trkpt>
   <trkpt lat="43.8139260" lon="5.7643840">
    <ele>353.7</ele>
   </trkpt>
   <trkpt lat="43.8139390" lon="5.7644440">
    <ele>354.0</ele>
   </trkpt>
   <trkpt lat="43.8139520" lon="5.7645020">
    <ele>354.3</ele>
   </trkpt>
   <trkpt lat="43.8139640" lon="5.7645550">
    <ele>354.6</ele>
   </trkpt>
   <trkpt lat="43.8139780" lon="5.7646090">
    <ele>354.9</ele>
   </trkpt>
   <trkpt lat="43.8139890" lon="5.7646740">
    <ele>355.2</ele>
   </trkpt>
   <trkpt lat="43.8140050" lon="5.7647360">
    <ele>355.5</ele>
   </trkpt>
   <trkpt lat="43.8140250" lon="5.7647950">
    <ele>355.8</ele>
   </trkpt>
   <trkpt lat="43.8140450" lon="5.7648500">
    <ele>356.1</ele>
   </trkpt>
   <trkpt lat="43.8140660" lon="5.7649020">
    <ele>356.3</ele>
   </trkpt>
   <trkpt lat="43.8140870" lon="5.7649530">
    <ele>356.5</ele>
   </trkpt>
   <trkpt lat="43.8141040" lon="5.7650100">
    <ele>356.7</ele>
   </trkpt>
   <trkpt lat="43.8141390" lon="5.7651260">
    <ele>356.9</ele>
   </trkpt>
   <trkpt lat="43.8141580" lon="5.7651870">
    <ele>357.0</ele>
   </trkpt>
   <trkpt lat="43.8141720" lon="5.7652430">
    <ele>357.0</ele>
   </trkpt>
   <trkpt lat="43.8141860" lon="5.7652960">
    <ele>357.1</ele>
   </trkpt>
   <trkpt lat="43.8141960" lon="5.7653490">
    <ele>357.1</ele>
   </trkpt>
   <trkpt lat="43.8142040" lon="5.7654030">
    <ele>357.1</ele>
   </trkpt>
   <trkpt lat="43.8142120" lon="5.7654580">
    <ele>357.1</ele>
   </trkpt>
   <trkpt lat="43.8142190" lon="5.7655180">
    <ele>357.1</ele>
   </trkpt>
   <trkpt lat="43.8142270" lon="5.7655800">
    <ele>357.1</ele>
   </trkpt>
   <trkpt lat="43.8142330" lon="5.7656480">
    <ele>357.1</ele>
   </trkpt>
   <trkpt lat="43.8142390" lon="5.7657140">
    <ele>357.1</ele>
   </trkpt>
   <trkpt lat="43.8142510" lon="5.7658370">
    <ele>357.0</ele>
   </trkpt>
   <trkpt lat="43.8142580" lon="5.7659090">
    <ele>356.9</ele>
   </trkpt>
   <trkpt lat="43.8142640" lon="5.7659790">
    <ele>356.9</ele>
   </trkpt>
   <trkpt lat="43.8142680" lon="5.7660470">
    <ele>356.8</ele>
   </trkpt>
   <trkpt lat="43.8142740" lon="5.7661120">
    <ele>356.8</ele>
   </trkpt>
   <trkpt lat="43.8142790" lon="5.7661780">
    <ele>356.7</ele>
   </trkpt>
   <trkpt lat="43.8142850" lon="5.7662430">
    <ele>356.7</ele>
   </trkpt>
   <trkpt lat="43.8142930" lon="5.7663120">
    <ele>356.7</ele>
   </trkpt>
   <trkpt lat="43.8143020" lon="5.7663870">
    <ele>356.7</ele>
   </trkpt>
   <trkpt lat="43.8143060" lon="5.7664540">
    <ele>356.6</ele>
   </trkpt>
   <trkpt lat="43.8143100" lon="5.7665240">
    <ele>356.6</ele>
   </trkpt>
   <trkpt lat="43.8143130" lon="5.7665940">
    <ele>356.6</ele>
   </trkpt>
   <trkpt lat="43.8143200" lon="5.7666640">
    <ele>356.6</ele>
   </trkpt>
   <trkpt lat="43.8143240" lon="5.7667340">
    <ele>356.6</ele>
   </trkpt>
   <trkpt lat="43.8143270" lon="5.7668030">
    <ele>356.6</ele>
   </trkpt>
   <trkpt lat="43.8143310" lon="5.7668750">
    <ele>356.6</ele>
   </trkpt>
   <trkpt lat="43.8143330" lon="5.7669490">
    <ele>356.6</ele>
   </trkpt>
   <trkpt lat="43.8143370" lon="5.7670220">
    <ele>356.6</ele>
   </trkpt>
   <trkpt lat="43.8143390" lon="5.7670950">
    <ele>356.6</ele>
   </trkpt>
   <trkpt lat="43.8143430" lon="5.7671660">
    <ele>356.7</ele>
   </trkpt>
   <trkpt lat="43.8143450" lon="5.7672350">
    <ele>356.7</ele>
   </trkpt>
   <trkpt lat="43.8143490" lon="5.7672980">
    <ele>356.8</ele>
   </trkpt>
   <trkpt lat="43.8143550" lon="5.7673570">
    <ele>356.9</ele>
   </trkpt>
   <trkpt lat="43.8143600" lon="5.7674080">
    <ele>356.9</ele>
   </trkpt>
   <trkpt lat="43.8143600" lon="5.7674630">
    <ele>357.0</ele>
   </trkpt>
   <trkpt lat="43.8143620" lon="5.7675110">
    <ele>357.1</ele>
   </trkpt>
   <trkpt lat="43.8143680" lon="5.7675600">
    <ele>357.2</ele>
   </trkpt>
   <trkpt lat="43.8143720" lon="5.7676130">
    <ele>357.3</ele>
   </trkpt>
   <trkpt lat="43.8143740" lon="5.7676690">
    <ele>357.4</ele>
   </trkpt>
   <trkpt lat="43.8143790" lon="5.7677220">
    <ele>357.6</ele>
   </trkpt>
   <trkpt lat="43.8143830" lon="5.7677760">
    <ele>357.7</ele>
   </trkpt>
   <trkpt lat="43.8143850" lon="5.7678250">
    <ele>357.8</ele>
   </trkpt>
   <trkpt lat="43.8143850" lon="5.7678760">
    <ele>357.9</ele>
   </trkpt>
   <trkpt lat="43.8143840" lon="5.7679300">
    <ele>358.1</ele>
   </trkpt>
   <trkpt lat="43.8143890" lon="5.7679900">
    <ele>358.2</ele>
   </trkpt>
   <trkpt lat="43.8143970" lon="5.7680410">
    <ele>358.3</ele>
   </trkpt>
   <trkpt lat="43.8144000" lon="5.7680990">
    <ele>358.5</ele>
   </trkpt>
   <trkpt lat="43.8144050" lon="5.7681530">
    <ele>358.6</ele>
   </trkpt>
   <trkpt lat="43.8144150" lon="5.7682070">
    <ele>358.8</ele>
   </trkpt>
   <trkpt lat="43.8144290" lon="5.7682580">
    <ele>358.9</ele>
   </trkpt>
   <trkpt lat="43.8144450" lon="5.7683080">
    <ele>359.0</ele>
   </trkpt>
   <trkpt lat="43.8144620" lon="5.7683540">
    <ele>359.1</ele>
   </trkpt>
   <trkpt lat="43.8144770" lon="5.7684060">
    <ele>359.2</ele>
   </trkpt>
   <trkpt lat="43.8144910" lon="5.7684540">
    <ele>359.4</ele>
   </trkpt>
   <trkpt lat="43.8145100" lon="5.7684970">
    <ele>359.5</ele>
   </trkpt>
   <trkpt lat="43.8145320" lon="5.7685490">
    <ele>359.6</ele>
   </trkpt>
   <trkpt lat="43.8145530" lon="5.7685990">
    <ele>359.7</ele>
   </trkpt>
   <trkpt lat="43.8145780" lon="5.7686480">
    <ele>359.8</ele>
   </trkpt>
   <trkpt lat="43.8146000" lon="5.7686900">
    <ele>359.9</ele>
   </trkpt>
   <trkpt lat="43.8146250" lon="5.7687390">
    <ele>360.0</ele>
   </trkpt>
   <trkpt lat="43.8146490" lon="5.7687790">
    <ele>360.1</ele>
   </trkpt>
   <trkpt lat="43.8146670" lon="5.7688170">
    <ele>360.2</ele>
   </trkpt>
   <trkpt lat="43.8146840" lon="5.7688580">
    <ele>360.3</ele>
   </trkpt>
   <trkpt lat="43.8147090" lon="5.7689030">
    <ele>360.4</ele>
   </trkpt>
   <trkpt lat="43.8147340" lon="5.7689510">
    <ele>360.4</ele>
   </trkpt>
   <trkpt lat="43.8147590" lon="5.7689930">
    <ele>360.5</ele>
   </trkpt>
   <trkpt lat="43.8147870" lon="5.7690340">
    <ele>360.6</ele>
   </trkpt>
   <trkpt lat="43.8148210" lon="5.7690710">
    <ele>360.7</ele>
   </trkpt>
   <trkpt lat="43.8148520" lon="5.7691090">
    <ele>360.7</ele>
   </trkpt>
   <trkpt lat="43.8148840" lon="5.7691450">
    <ele>360.8</ele>
   </trkpt>
   <trkpt lat="43.8149170" lon="5.7691820">
    <ele>360.8</ele>
   </trkpt>
   <trkpt lat="43.8149540" lon="5.7692180">
    <ele>360.9</ele>
   </trkpt>
   <trkpt lat="43.8149860" lon="5.7692570">
    <ele>360.9</ele>
   </trkpt>
   <trkpt lat="43.8150180" lon="5.7692970">
    <ele>361.0</ele>
   </trkpt>
   <trkpt lat="43.8150500" lon="5.7693380">
    <ele>361.0</ele>
   </trkpt>
   <trkpt lat="43.8150830" lon="5.7693780">
    <ele>361.0</ele>
   </trkpt>
   <trkpt lat="43.8151180" lon="5.7694220">
    <ele>361.0</ele>
   </trkpt>
   <trkpt lat="43.8151550" lon="5.7694680">
    <ele>361.0</ele>
   </trkpt>
   <trkpt lat="43.8151930" lon="5.7695160">
    <ele>361.1</ele>
   </trkpt>
   <trkpt lat="43.8152290" lon="5.7695670">
    <ele>361.1</ele>
   </trkpt>
   <trkpt lat="43.8152630" lon="5.7696160">
    <ele>361.1</ele>
   </trkpt>
   <trkpt lat="43.8152950" lon="5.7696680">
    <ele>361.1</ele>
   </trkpt>
   <trkpt lat="43.8153250" lon="5.7697250">
    <ele>361.1</ele>
   </trkpt>
   <trkpt lat="43.8153550" lon="5.7697820">
    <ele>361.2</ele>
   </trkpt>
   <trkpt lat="43.8153860" lon="5.7698360">
    <ele>361.2</ele>
   </trkpt>
   <trkpt lat="43.8154130" lon="5.7698880">
    <ele>361.2</ele>
   </trkpt>
   <trkpt lat="43.8154400" lon="5.7699380">
    <ele>361.2</ele>
   </trkpt>
   <trkpt lat="43.8154670" lon="5.7699910">
    <ele>361.3</ele>
   </trkpt>
   <trkpt lat="43.8154940" lon="5.7700400">
    <ele>361.3</ele>
   </trkpt>
   <trkpt lat="43.8155210" lon="5.7700920">
    <ele>361.3</ele>
   </trkpt>
   <trkpt lat="43.8155490" lon="5.7701490">
    <ele>361.4</ele>
   </trkpt>
   <trkpt lat="43.8155830" lon="5.7702040">
    <ele>361.4</ele>
   </trkpt>
   <trkpt lat="43.8156190" lon="5.7702620">
    <ele>361.5</ele>
   </trkpt>
   <trkpt lat="43.8156550" lon="5.7703140">
    <ele>361.5</ele>
   </trkpt>
   <trkpt lat="43.8156880" lon="5.7703730">
    <ele>361.5</ele>
   </trkpt>
   <trkpt lat="43.8157160" lon="5.7704300">
    <ele>361.6</ele>
   </trkpt>
   <trkpt lat="43.8157480" lon="5.7704910">
    <ele>361.6</ele>
   </trkpt>
   <trkpt lat="43.8157800" lon="5.7705510">
    <ele>361.7</ele>
   </trkpt>
   <trkpt lat="43.8158150" lon="5.7706070">
    <ele>361.7</ele>
   </trkpt>
   <trkpt lat="43.8158460" lon="5.7706710">
    <ele>361.8</ele>
   </trkpt>
   <trkpt lat="43.8158740" lon="5.7707410">
    <ele>361.9</ele>
   </trkpt>
   <trkpt lat="43.8159010" lon="5.7708070">
    <ele>362.0</ele>
   </trkpt>
   <trkpt lat="43.8159260" lon="5.7708720">
    <ele>362.0</ele>
   </trkpt>
   <trkpt lat="43.8159540" lon="5.7709350">
    <ele>362.1</ele>
   </trkpt>
   <trkpt lat="43.8159800" lon="5.7709950">
    <ele>362.2</ele>
   </trkpt>
   <trkpt lat="43.8160030" lon="5.7710550">
    <ele>362.3</ele>
   </trkpt>
   <trkpt lat="43.8160260" lon="5.7711150">
    <ele>362.4</ele>
   </trkpt>
   <trkpt lat="43.8160490" lon="5.7711760">
    <ele>362.4</ele>
   </trkpt>
   <trkpt lat="43.8160720" lon="5.7712280">
    <ele>362.5</ele>
   </trkpt>
   <trkpt lat="43.8160990" lon="5.7712780">
    <ele>362.5</ele>
   </trkpt>
   <trkpt lat="43.8161280" lon="5.7713260">
    <ele>362.5</ele>
   </trkpt>
   <trkpt lat="43.8161570" lon="5.7713750">
    <ele>362.5</ele>
   </trkpt>
   <trkpt lat="43.8161890" lon="5.7714270">
    <ele>362.5</ele>
   </trkpt>
   <trkpt lat="43.8162220" lon="5.7714750">
    <ele>362.5</ele>
   </trkpt>
   <trkpt lat="43.8162510" lon="5.7715270">
    <ele>362.6</ele>
   </trkpt>
   <trkpt lat="43.8162780" lon="5.7715770">
    <ele>362.6</ele>
   </trkpt>
   <trkpt lat="43.8163070" lon="5.7716300">
    <ele>362.6</ele>
   </trkpt>
   <trkpt lat="43.8163320" lon="5.7716780">
    <ele>362.7</ele>
   </trkpt>
   <trkpt lat="43.8163670" lon="5.7717370">
    <ele>362.7</ele>
   </trkpt>
   <trkpt lat="43.8164010" lon="5.7717770">
    <ele>362.8</ele>
   </trkpt>
   <trkpt lat="43.8164200" lon="5.7718260">
    <ele>362.8</ele>
   </trkpt>
   <trkpt lat="43.8164330" lon="5.7718950">
    <ele>362.8</ele>
   </trkpt>
   <trkpt lat="43.8164500" lon="5.7719560">
    <ele>362.9</ele>
   </trkpt>
   <trkpt lat="43.8164680" lon="5.7720040">
    <ele>362.9</ele>
   </trkpt>
   <trkpt lat="43.8164870" lon="5.7720550">
    <ele>362.9</ele>
   </trkpt>
   <trkpt lat="43.8165020" lon="5.7721020">
    <ele>363.0</ele>
   </trkpt>
   <trkpt lat="43.8165270" lon="5.7721570">
    <ele>363.0</ele>
   </trkpt>
   <trkpt lat="43.8165400" lon="5.7722020">
    <ele>363.1</ele>
   </trkpt>
   <trkpt lat="43.8165540" lon="5.7722450">
    <ele>363.1</ele>
   </trkpt>
   <trkpt lat="43.8165710" lon="5.7722830">
    <ele>363.2</ele>
   </trkpt>
   <trkpt lat="43.8165920" lon="5.7723320">
    <ele>363.3</ele>
   </trkpt>
   <trkpt lat="43.8166100" lon="5.7723820">
    <ele>363.3</ele>
   </trkpt>
   <trkpt lat="43.8166260" lon="5.7724290">
    <ele>363.4</ele>
   </trkpt>
   <trkpt lat="43.8166450" lon="5.7724760">
    <ele>363.5</ele>
   </trkpt>
   <trkpt lat="43.8166670" lon="5.7725290">
    <ele>363.6</ele>
   </trkpt>
   <trkpt lat="43.8166860" lon="5.7725850">
    <ele>363.7</ele>
   </trkpt>
   <trkpt lat="43.8167060" lon="5.7726390">
    <ele>363.8</ele>
   </trkpt>
   <trkpt lat="43.8167240" lon="5.7726930">
    <ele>363.9</ele>
   </trkpt>
   <trkpt lat="43.8167450" lon="5.7727500">
    <ele>364.1</ele>
   </trkpt>
   <trkpt lat="43.8167630" lon="5.7728070">
    <ele>364.2</ele>
   </trkpt>
   <trkpt lat="43.8167860" lon="5.7728660">
    <ele>364.4</ele>
   </trkpt>
   <trkpt lat="43.8168110" lon="5.7729200">
    <ele>364.5</ele>
   </trkpt>
   <trkpt lat="43.8168340" lon="5.7729770">
    <ele>364.7</ele>
   </trkpt>
   <trkpt lat="43.8168550" lon="5.7730360">
    <ele>364.8</ele>
   </trkpt>
   <trkpt lat="43.8168810" lon="5.7730830">
    <ele>364.9</ele>
   </trkpt>
   <trkpt lat="43.8169060" lon="5.7731260">
    <ele>364.9</ele>
   </trkpt>
   <trkpt lat="43.8169350" lon="5.7731890">
    <ele>365.1</ele>
   </trkpt>
   <trkpt lat="43.8169580" lon="5.7732720">
    <ele>365.4</ele>
   </trkpt>
   <trkpt lat="43.8169760" lon="5.7733360">
    <ele>365.6</ele>
   </trkpt>
   <trkpt lat="43.8169920" lon="5.7733790">
    <ele>365.7</ele>
   </trkpt>
   <trkpt lat="43.8170110" lon="5.7734300">
    <ele>365.9</ele>
   </trkpt>
   <trkpt lat="43.8170440" lon="5.7734700">
    <ele>366.1</ele>
   </trkpt>
   <trkpt lat="43.8170780" lon="5.7735160">
    <ele>366.3</ele>
   </trkpt>
   <trkpt lat="43.8171140" lon="5.7735690">
    <ele>366.5</ele>
   </trkpt>
   <trkpt lat="43.8171410" lon="5.7736060">
    <ele>366.7</ele>
   </trkpt>
   <trkpt lat="43.8171640" lon="5.7736420">
    <ele>366.9</ele>
   </trkpt>
   <trkpt lat="43.8171820" lon="5.7736800">
    <ele>367.0</ele>
   </trkpt>
   <trkpt lat="43.8172020" lon="5.7737150">
    <ele>367.2</ele>
   </trkpt>
   <trkpt lat="43.8172190" lon="5.7737600">
    <ele>367.4</ele>
   </trkpt>
   <trkpt lat="43.8172400" lon="5.7738090">
    <ele>367.6</ele>
   </trkpt>
   <trkpt lat="43.8172590" lon="5.7738550">
    <ele>367.8</ele>
   </trkpt>
   <trkpt lat="43.8172850" lon="5.7739020">
    <ele>368.0</ele>
   </trkpt>
   <trkpt lat="43.8173290" lon="5.7739670">
    <ele>368.3</ele>
   </trkpt>
   <trkpt lat="43.8173720" lon="5.7740240">
    <ele>368.6</ele>
   </trkpt>
   <trkpt lat="43.8174110" lon="5.7740750">
    <ele>368.9</ele>
   </trkpt>
   <trkpt lat="43.8174470" lon="5.7741220">
    <ele>369.1</ele>
   </trkpt>
   <trkpt lat="43.8174820" lon="5.7741710">
    <ele>369.4</ele>
   </trkpt>
   <trkpt lat="43.8175200" lon="5.7742140">
    <ele>369.7</ele>
   </trkpt>
   <trkpt lat="43.8175570" lon="5.7742490">
    <ele>369.9</ele>
   </trkpt>
   <trkpt lat="43.8175800" lon="5.7742960">
    <ele>370.1</ele>
   </trkpt>
   <trkpt lat="43.8176020" lon="5.7743320">
    <ele>370.3</ele>
   </trkpt>
   <trkpt lat="43.8176270" lon="5.7743640">
    <ele>370.5</ele>
   </trkpt>
   <trkpt lat="43.8176550" lon="5.7743890">
    <ele>370.6</ele>
   </trkpt>
   <trkpt lat="43.8176840" lon="5.7744200">
    <ele>370.8</ele>
   </trkpt>
   <trkpt lat="43.8177100" lon="5.7744520">
    <ele>371.0</ele>
   </trkpt>
   <trkpt lat="43.8177250" lon="5.7744830">
    <ele>371.1</ele>
   </trkpt>
   <trkpt lat="43.8177380" lon="5.7745200">
    <ele>371.2</ele>
   </trkpt>
   <trkpt lat="43.8177580" lon="5.7745630">
    <ele>371.4</ele>
   </trkpt>
   <trkpt lat="43.8177660" lon="5.7745730">
    <ele>371.4</ele>
   </trkpt>
   <trkpt lat="43.8177840" lon="5.7746120">
    <ele>371.5</ele>
   </trkpt>
   <trkpt lat="43.8177880" lon="5.7746280">
    <ele>371.6</ele>
   </trkpt>
   <trkpt lat="43.8178060" lon="5.7746780">
    <ele>371.7</ele>
   </trkpt>
   <trkpt lat="43.8178120" lon="5.7746940">
    <ele>371.7</ele>
   </trkpt>
   <trkpt lat="43.8178330" lon="5.7747370">
    <ele>371.9</ele>
   </trkpt>
   <trkpt lat="43.8178410" lon="5.7747520">
    <ele>371.9</ele>
   </trkpt>
   <trkpt lat="43.8178540" lon="5.7747900">
    <ele>372.0</ele>
   </trkpt>
   <trkpt lat="43.8178570" lon="5.7748030">
    <ele>372.0</ele>
   </trkpt>
   <trkpt lat="43.8178690" lon="5.7748400">
    <ele>372.1</ele>
   </trkpt>
   <trkpt lat="43.8178740" lon="5.7748500">
    <ele>372.1</ele>
   </trkpt>
   <trkpt lat="43.8178990" lon="5.7748840">
    <ele>372.2</ele>
   </trkpt>
   <trkpt lat="43.8179070" lon="5.7748980">
    <ele>372.2</ele>
   </trkpt>
   <trkpt lat="43.8179250" lon="5.7749400">
    <ele>372.3</ele>
   </trkpt>
   <trkpt lat="43.8179290" lon="5.7749540">
    <ele>372.3</ele>
   </trkpt>
   <trkpt lat="43.8179510" lon="5.7749980">
    <ele>372.4</ele>
   </trkpt>
   <trkpt lat="43.8179590" lon="5.7750130">
    <ele>372.4</ele>
   </trkpt>
   <trkpt lat="43.8179770" lon="5.7750500">
    <ele>372.4</ele>
   </trkpt>
   <trkpt lat="43.8179970" lon="5.7750880">
    <ele>372.4</ele>
   </trkpt>
   <trkpt lat="43.8180170" lon="5.7751410">
    <ele>372.4</ele>
   </trkpt>
   <trkpt lat="43.8180430" lon="5.7751940">
    <ele>372.4</ele>
   </trkpt>
   <trkpt lat="43.8180680" lon="5.7752510">
    <ele>372.4</ele>
   </trkpt>
   <trkpt lat="43.8180990" lon="5.7753050">
    <ele>372.3</ele>
   </trkpt>
   <trkpt lat="43.8181340" lon="5.7753540">
    <ele>372.2</ele>
   </trkpt>
   <trkpt lat="43.8181750" lon="5.7754030">
    <ele>372.2</ele>
   </trkpt>
   <trkpt lat="43.8182080" lon="5.7754490">
    <ele>372.1</ele>
   </trkpt>
   <trkpt lat="43.8182370" lon="5.7755030">
    <ele>372.0</ele>
   </trkpt>
   <trkpt lat="43.8182760" lon="5.7755550">
    <ele>371.9</ele>
   </trkpt>
   <trkpt lat="43.8183220" lon="5.7755960">
    <ele>371.8</ele>
   </trkpt>
   <trkpt lat="43.8183650" lon="5.7756410">
    <ele>371.7</ele>
   </trkpt>
   <trkpt lat="43.8184040" lon="5.7756920">
    <ele>371.6</ele>
   </trkpt>
   <trkpt lat="43.8184430" lon="5.7757480">
    <ele>371.5</ele>
   </trkpt>
   <trkpt lat="43.8184880" lon="5.7757920">
    <ele>371.4</ele>
   </trkpt>
   <trkpt lat="43.8185310" lon="5.7758320">
    <ele>371.2</ele>
   </trkpt>
   <trkpt lat="43.8185750" lon="5.7758730">
    <ele>371.1</ele>
   </trkpt>
   <trkpt lat="43.8186220" lon="5.7759140">
    <ele>371.0</ele>
   </trkpt>
   <trkpt lat="43.8186700" lon="5.7759540">
    <ele>370.9</ele>
   </trkpt>
   <trkpt lat="43.8187190" lon="5.7759900">
    <ele>370.7</ele>
   </trkpt>
   <trkpt lat="43.8187680" lon="5.7760280">
    <ele>370.6</ele>
   </trkpt>
   <trkpt lat="43.8188200" lon="5.7760690">
    <ele>370.4</ele>
   </trkpt>
   <trkpt lat="43.8188700" lon="5.7761070">
    <ele>370.3</ele>
   </trkpt>
   <trkpt lat="43.8189200" lon="5.7761490">
    <ele>370.2</ele>
   </trkpt>
   <trkpt lat="43.8189700" lon="5.7761890">
    <ele>370.1</ele>
   </trkpt>
   <trkpt lat="43.8190160" lon="5.7762280">
    <ele>370.0</ele>
   </trkpt>
   <trkpt lat="43.8190680" lon="5.7762620">
    <ele>369.9</ele>
   </trkpt>
   <trkpt lat="43.8191220" lon="5.7762930">
    <ele>369.8</ele>
   </trkpt>
   <trkpt lat="43.8191740" lon="5.7763230">
    <ele>369.8</ele>
   </trkpt>
   <trkpt lat="43.8192260" lon="5.7763460">
    <ele>369.7</ele>
   </trkpt>
   <trkpt lat="43.8192790" lon="5.7763760">
    <ele>369.6</ele>
   </trkpt>
   <trkpt lat="43.8193290" lon="5.7764080">
    <ele>369.6</ele>
   </trkpt>
   <trkpt lat="43.8193720" lon="5.7764380">
    <ele>369.5</ele>
   </trkpt>
   <trkpt lat="43.8194140" lon="5.7764630">
    <ele>369.4</ele>
   </trkpt>
   <trkpt lat="43.8194570" lon="5.7764930">
    <ele>369.4</ele>
   </trkpt>
   <trkpt lat="43.8195030" lon="5.7765280">
    <ele>369.3</ele>
   </trkpt>
   <trkpt lat="43.8195540" lon="5.7765650">
    <ele>369.4</ele>
   </trkpt>
   <trkpt lat="43.8196060" lon="5.7765990">
    <ele>369.4</ele>
   </trkpt>
   <trkpt lat="43.8196550" lon="5.7766400">
    <ele>369.5</ele>
   </trkpt>
   <trkpt lat="43.8197040" lon="5.7766850">
    <ele>369.6</ele>
   </trkpt>
   <trkpt lat="43.8197530" lon="5.7767270">
    <ele>369.6</ele>
   </trkpt>
   <trkpt lat="43.8198060" lon="5.7767650">
    <ele>369.6</ele>
   </trkpt>
   <trkpt lat="43.8198600" lon="5.7768140">
    <ele>369.6</ele>
   </trkpt>
   <trkpt lat="43.8199130" lon="5.7768670">
    <ele>369.7</ele>
   </trkpt>
   <trkpt lat="43.8199630" lon="5.7769230">
    <ele>369.8</ele>
   </trkpt>
   <trkpt lat="43.8200120" lon="5.7769780">
    <ele>369.9</ele>
   </trkpt>
   <trkpt lat="43.8200580" lon="5.7770340">
    <ele>370.0</ele>
   </trkpt>
   <trkpt lat="43.8201030" lon="5.7770940">
    <ele>370.2</ele>
   </trkpt>
   <trkpt lat="43.8201490" lon="5.7771530">
    <ele>370.3</ele>
   </trkpt>
   <trkpt lat="43.8201930" lon="5.7772090">
    <ele>370.5</ele>
   </trkpt>
   <trkpt lat="43.8202390" lon="5.7772610">
    <ele>370.6</ele>
   </trkpt>
   <trkpt lat="43.8202830" lon="5.7773180">
    <ele>370.8</ele>
   </trkpt>
   <trkpt lat="43.8203220" lon="5.7773710">
    <ele>370.9</ele>
   </trkpt>
   <trkpt lat="43.8203590" lon="5.7774150">
    <ele>371.0</ele>
   </trkpt>
   <trkpt lat="43.8203970" lon="5.7774630">
    <ele>371.1</ele>
   </trkpt>
   <trkpt lat="43.8204330" lon="5.7775110">
    <ele>371.2</ele>
   </trkpt>
   <trkpt lat="43.8204710" lon="5.7775580">
    <ele>371.4</ele>
   </trkpt>
   <trkpt lat="43.8205090" lon="5.7776020">
    <ele>371.5</ele>
   </trkpt>
   <trkpt lat="43.8205490" lon="5.7776410">
    <ele>371.6</ele>
   </trkpt>
   <trkpt lat="43.8205860" lon="5.7776750">
    <ele>371.7</ele>
   </trkpt>
   <trkpt lat="43.8206240" lon="5.7777160">
    <ele>371.8</ele>
   </trkpt>
   <trkpt lat="43.8206650" lon="5.7777550">
    <ele>371.9</ele>
   </trkpt>
   <trkpt lat="43.8207040" lon="5.7777970">
    <ele>372.0</ele>
   </trkpt>
   <trkpt lat="43.8207430" lon="5.7778390">
    <ele>372.1</ele>
   </trkpt>
   <trkpt lat="43.8207810" lon="5.7778770">
    <ele>372.2</ele>
   </trkpt>
   <trkpt lat="43.8208190" lon="5.7779100">
    <ele>372.3</ele>
   </trkpt>
   <trkpt lat="43.8208580" lon="5.7779480">
    <ele>372.4</ele>
   </trkpt>
   <trkpt lat="43.8208960" lon="5.7779840">
    <ele>372.5</ele>
   </trkpt>
   <trkpt lat="43.8209340" lon="5.7780170">
    <ele>372.6</ele>
   </trkpt>
   <trkpt lat="43.8209710" lon="5.7780560">
    <ele>372.6</ele>
   </trkpt>
   <trkpt lat="43.8210050" lon="5.7780890">
    <ele>372.7</ele>
   </trkpt>
   <trkpt lat="43.8210460" lon="5.7781250">
    <ele>372.7</ele>
   </trkpt>
   <trkpt lat="43.8210840" lon="5.7781640">
    <ele>372.7</ele>
   </trkpt>
   <trkpt lat="43.8211250" lon="5.7782020">
    <ele>372.6</ele>
   </trkpt>
   <trkpt lat="43.8211680" lon="5.7782460">
    <ele>372.6</ele>
   </trkpt>
   <trkpt lat="43.8212120" lon="5.7782890">
    <ele>372.5</ele>
   </trkpt>
   <trkpt lat="43.8212560" lon="5.7783320">
    <ele>372.5</ele>
   </trkpt>
   <trkpt lat="43.8212990" lon="5.7783710">
    <ele>372.4</ele>
   </trkpt>
   <trkpt lat="43.8213430" lon="5.7784100">
    <ele>372.4</ele>
   </trkpt>
   <trkpt lat="43.8213900" lon="5.7784530">
    <ele>372.3</ele>
   </trkpt>
   <trkpt lat="43.8214430" lon="5.7785010">
    <ele>372.2</ele>
   </trkpt>
   <trkpt lat="43.8214950" lon="5.7785480">
    <ele>372.1</ele>
   </trkpt>
   <trkpt lat="43.8215450" lon="5.7785840">
    <ele>372.0</ele>
   </trkpt>
   <trkpt lat="43.8215930" lon="5.7786230">
    <ele>371.9</ele>
   </trkpt>
   <trkpt lat="43.8216430" lon="5.7786610">
    <ele>371.8</ele>
   </trkpt>
   <trkpt lat="43.8216990" lon="5.7786990">
    <ele>371.7</ele>
   </trkpt>
   <trkpt lat="43.8217520" lon="5.7787300">
    <ele>371.6</ele>
   </trkpt>
   <trkpt lat="43.8218050" lon="5.7787720">
    <ele>371.4</ele>
   </trkpt>
   <trkpt lat="43.8218610" lon="5.7788200">
    <ele>371.3</ele>
   </trkpt>
   <trkpt lat="43.8219100" lon="5.7788710">
    <ele>371.2</ele>
   </trkpt>
   <trkpt lat="43.8219600" lon="5.7789230">
    <ele>371.1</ele>
   </trkpt>
   <trkpt lat="43.8220090" lon="5.7789740">
    <ele>371.0</ele>
   </trkpt>
   <trkpt lat="43.8220610" lon="5.7790190">
    <ele>370.9</ele>
   </trkpt>
   <trkpt lat="43.8221030" lon="5.7790630">
    <ele>370.8</ele>
   </trkpt>
   <trkpt lat="43.8221460" lon="5.7791120">
    <ele>370.7</ele>
   </trkpt>
   <trkpt lat="43.8221910" lon="5.7791590">
    <ele>370.6</ele>
   </trkpt>
   <trkpt lat="43.8222320" lon="5.7792060">
    <ele>370.5</ele>
   </trkpt>
   <trkpt lat="43.8222740" lon="5.7792530">
    <ele>370.3</ele>
   </trkpt>
   <trkpt lat="43.8223130" lon="5.7793060">
    <ele>370.2</ele>
   </trkpt>
   <trkpt lat="43.8223530" lon="5.7793600">
    <ele>370.0</ele>
   </trkpt>
   <trkpt lat="43.8223920" lon="5.7794150">
    <ele>369.9</ele>
   </trkpt>
   <trkpt lat="43.8224290" lon="5.7794670">
    <ele>369.7</ele>
   </trkpt>
   <trkpt lat="43.8224700" lon="5.7795190">
    <ele>369.3</ele>
   </trkpt>
   <trkpt lat="43.8225100" lon="5.7795750">
    <ele>369.1</ele>
   </trkpt>
   <trkpt lat="43.8225490" lon="5.7796280">
    <ele>369.0</ele>
   </trkpt>
   <trkpt lat="43.8225910" lon="5.7796860">
    <ele>368.8</ele>
   </trkpt>
   <trkpt lat="43.8226380" lon="5.7797420">
    <ele>368.5</ele>
   </trkpt>
   <trkpt lat="43.8226870" lon="5.7797990">
    <ele>368.2</ele>
   </trkpt>
   <trkpt lat="43.8227380" lon="5.7798600">
    <ele>367.9</ele>
   </trkpt>
   <trkpt lat="43.8227900" lon="5.7799140">
    <ele>367.5</ele>
   </trkpt>
   <trkpt lat="43.8228500" lon="5.7799770">
    <ele>367.1</ele>
   </trkpt>
   <trkpt lat="43.8229160" lon="5.7800430">
    <ele>366.8</ele>
   </trkpt>
   <trkpt lat="43.8229780" lon="5.7801060">
    <ele>366.6</ele>
   </trkpt>
   <trkpt lat="43.8230420" lon="5.7801680">
    <ele>366.4</ele>
   </trkpt>
   <trkpt lat="43.8231080" lon="5.7802230">
    <ele>366.1</ele>
   </trkpt>
   <trkpt lat="43.8231740" lon="5.7802620">
    <ele>365.8</ele>
   </trkpt>
   <trkpt lat="43.8232310" lon="5.7802920">
    <ele>365.6</ele>
   </trkpt>
   <trkpt lat="43.8232890" lon="5.7803220">
    <ele>365.4</ele>
   </trkpt>
   <trkpt lat="43.8233480" lon="5.7803590">
    <ele>365.2</ele>
   </trkpt>
   <trkpt lat="43.8234150" lon="5.7803930">
    <ele>364.8</ele>
   </trkpt>
   <trkpt lat="43.8234860" lon="5.7804260">
    <ele>364.4</ele>
   </trkpt>
   <trkpt lat="43.8235540" lon="5.7804560">
    <ele>364.0</ele>
   </trkpt>
   <trkpt lat="43.8236170" lon="5.7804820">
    <ele>363.7</ele>
   </trkpt>
   <trkpt lat="43.8236760" lon="5.7805000">
    <ele>363.4</ele>
   </trkpt>
   <trkpt lat="43.8237330" lon="5.7805150">
    <ele>363.2</ele>
   </trkpt>
   <trkpt lat="43.8237870" lon="5.7805340">
    <ele>362.9</ele>
   </trkpt>
   <trkpt lat="43.8238390" lon="5.7805550">
    <ele>362.7</ele>
   </trkpt>
   <trkpt lat="43.8238890" lon="5.7805760">
    <ele>362.5</ele>
   </trkpt>
   <trkpt lat="43.8239330" lon="5.7805960">
    <ele>362.3</ele>
   </trkpt>
   <trkpt lat="43.8239700" lon="5.7806120">
    <ele>362.1</ele>
   </trkpt>
   <trkpt lat="43.8240000" lon="5.7806280">
    <ele>362.0</ele>
   </trkpt>
   <trkpt lat="43.8240270" lon="5.7806430">
    <ele>361.9</ele>
   </trkpt>
   <trkpt lat="43.8240460" lon="5.7806600">
    <ele>361.8</ele>
   </trkpt>
   <trkpt lat="43.8240470" lon="5.7806630">
    <ele>361.8</ele>
   </trkpt>
   <trkpt lat="43.8240480" lon="5.7806670">
    <ele>361.8</ele>
   </trkpt>
   <trkpt lat="43.8240490" lon="5.7806710">
    <ele>361.8</ele>
   </trkpt>
   <trkpt lat="43.8240500" lon="5.7806740">
    <ele>361.7</ele>
   </trkpt>
   <trkpt lat="43.8240510" lon="5.7806780">
    <ele>361.7</ele>
   </trkpt>
   <trkpt lat="43.8240520" lon="5.7806820">
    <ele>361.7</ele>
   </trkpt>
   <trkpt lat="43.8240530" lon="5.7806850">
    <ele>361.7</ele>
   </trkpt>
   <trkpt lat="43.8240540" lon="5.7806890">
    <ele>361.7</ele>
   </trkpt>
   <trkpt lat="43.8240890" lon="5.7807210">
    <ele>361.6</ele>
   </trkpt>
   <trkpt lat="43.8241020" lon="5.7807320">
    <ele>361.6</ele>
   </trkpt>
   <trkpt lat="43.8241210" lon="5.7807510">
    <ele>361.6</ele>
   </trkpt>
   <trkpt lat="43.8241290" lon="5.7807590">
    <ele>361.6</ele>
   </trkpt>
   <trkpt lat="43.8241310" lon="5.7807610">
    <ele>361.6</ele>
   </trkpt>
   <trkpt lat="43.8241300" lon="5.7807650">
    <ele>361.6</ele>
   </trkpt>
   <trkpt lat="43.8241300" lon="5.7807660">
    <ele>361.6</ele>
   </trkpt>
   <trkpt lat="43.8241340" lon="5.7807670">
    <ele>361.5</ele>
   </trkpt>
   <trkpt lat="43.8241350" lon="5.7807670">
    <ele>361.5</ele>
   </trkpt>
   <trkpt lat="43.8241350" lon="5.7807670">
    <ele>361.5</ele>
   </trkpt>
   <trkpt lat="43.8241340" lon="5.7807670">
    <ele>361.5</ele>
   </trkpt>
   <trkpt lat="43.8241340" lon="5.7807670">
    <ele>361.5</ele>
   </trkpt>
   <trkpt lat="43.8241540" lon="5.7807770">
    <ele>361.5</ele>
   </trkpt>
   <trkpt lat="43.8241570" lon="5.7807860">
    <ele>361.5</ele>
   </trkpt>
   <trkpt lat="43.8241500" lon="5.7808010">
    <ele>361.5</ele>
   </trkpt>
   <trkpt lat="43.8241350" lon="5.7808190">
    <ele>361.5</ele>
   </trkpt>
   <trkpt lat="43.8241040" lon="5.7808350">
    <ele>361.5</ele>
   </trkpt>
   <trkpt lat="43.8240670" lon="5.7808520">
    <ele>361.5</ele>
   </trkpt>
   <trkpt lat="43.8240310" lon="5.7808710">
    <ele>361.4</ele>
   </trkpt>
   <trkpt lat="43.8239860" lon="5.7808900">
    <ele>361.4</ele>
   </trkpt>
   <trkpt lat="43.8239350" lon="5.7809140">
    <ele>361.4</ele>
   </trkpt>
   <trkpt lat="43.8238830" lon="5.7809400">
    <ele>361.3</ele>
   </trkpt>
   <trkpt lat="43.8238250" lon="5.7809650">
    <ele>361.3</ele>
   </trkpt>
   <trkpt lat="43.8237700" lon="5.7809880">
    <ele>361.2</ele>
   </trkpt>
   <trkpt lat="43.8237200" lon="5.7810050">
    <ele>361.2</ele>
   </trkpt>
   <trkpt lat="43.8236660" lon="5.7810240">
    <ele>361.1</ele>
   </trkpt>
   <trkpt lat="43.8236060" lon="5.7810510">
    <ele>361.1</ele>
   </trkpt>
   <trkpt lat="43.8235450" lon="5.7810740">
    <ele>361.0</ele>
   </trkpt>
   <trkpt lat="43.8234910" lon="5.7810990">
    <ele>361.0</ele>
   </trkpt>
   <trkpt lat="43.8234360" lon="5.7811280">
    <ele>360.9</ele>
   </trkpt>
   <trkpt lat="43.8233300" lon="5.7811720">
    <ele>360.8</ele>
   </trkpt>
   <trkpt lat="43.8232740" lon="5.7811940">
    <ele>360.8</ele>
   </trkpt>
   <trkpt lat="43.8232180" lon="5.7812130">
    <ele>360.7</ele>
   </trkpt>
   <trkpt lat="43.8231580" lon="5.7812410">
    <ele>360.6</ele>
   </trkpt>
   <trkpt lat="43.8231000" lon="5.7812680">
    <ele>360.6</ele>
   </trkpt>
   <trkpt lat="43.8230390" lon="5.7812860">
    <ele>360.5</ele>
   </trkpt>
   <trkpt lat="43.8229770" lon="5.7813060">
    <ele>360.5</ele>
   </trkpt>
   <trkpt lat="43.8229170" lon="5.7813070">
    <ele>360.4</ele>
   </trkpt>
   <trkpt lat="43.8228590" lon="5.7813030">
    <ele>360.4</ele>
   </trkpt>
   <trkpt lat="43.8228090" lon="5.7813050">
    <ele>360.3</ele>
   </trkpt>
   <trkpt lat="43.8227680" lon="5.7813120">
    <ele>360.3</ele>
   </trkpt>
   <trkpt lat="43.8227230" lon="5.7813210">
    <ele>360.2</ele>
   </trkpt>
   <trkpt lat="43.8226870" lon="5.7813520">
    <ele>359.8</ele>
   </trkpt>
   <trkpt lat="43.8226700" lon="5.7814140">
    <ele>359.5</ele>
   </trkpt>
   <trkpt lat="43.8226580" lon="5.7814570">
    <ele>359.2</ele>
   </trkpt>
   <trkpt lat="43.8226360" lon="5.7815160">
    <ele>358.9</ele>
   </trkpt>
   <trkpt lat="43.8226100" lon="5.7815750">
    <ele>358.6</ele>
   </trkpt>
   <trkpt lat="43.8225850" lon="5.7816310">
    <ele>358.2</ele>
   </trkpt>
   <trkpt lat="43.8225610" lon="5.7816840">
    <ele>357.9</ele>
   </trkpt>
   <trkpt lat="43.8225400" lon="5.7817290">
    <ele>357.7</ele>
   </trkpt>
   <trkpt lat="43.8225150" lon="5.7817680">
    <ele>357.4</ele>
   </trkpt>
   <trkpt lat="43.8224930" lon="5.7818040">
    <ele>357.2</ele>
   </trkpt>
   <trkpt lat="43.8224730" lon="5.7818430">
    <ele>356.9</ele>
   </trkpt>
   <trkpt lat="43.8224690" lon="5.7818520">
    <ele>356.9</ele>
   </trkpt>
   <trkpt lat="43.8224530" lon="5.7818850">
    <ele>356.7</ele>
   </trkpt>
   <trkpt lat="43.8224470" lon="5.7818940">
    <ele>356.6</ele>
   </trkpt>
   <trkpt lat="43.8224310" lon="5.7819260">
    <ele>356.4</ele>
   </trkpt>
   <trkpt lat="43.8224260" lon="5.7819380">
    <ele>356.4</ele>
   </trkpt>
   <trkpt lat="43.8224090" lon="5.7819780">
    <ele>356.1</ele>
   </trkpt>
   <trkpt lat="43.8224020" lon="5.7819930">
    <ele>356.1</ele>
   </trkpt>
   <trkpt lat="43.8223900" lon="5.7820290">
    <ele>355.9</ele>
   </trkpt>
   <trkpt lat="43.8223730" lon="5.7820700">
    <ele>355.7</ele>
   </trkpt>
   <trkpt lat="43.8223530" lon="5.7821210">
    <ele>355.4</ele>
   </trkpt>
   <trkpt lat="43.8223300" lon="5.7821770">
    <ele>355.1</ele>
   </trkpt>
   <trkpt lat="43.8223080" lon="5.7822370">
    <ele>354.8</ele>
   </trkpt>
   <trkpt lat="43.8222860" lon="5.7823000">
    <ele>354.5</ele>
   </trkpt>
   <trkpt lat="43.8222630" lon="5.7823560">
    <ele>354.2</ele>
   </trkpt>
   <trkpt lat="43.8222340" lon="5.7824140">
    <ele>353.9</ele>
   </trkpt>
   <trkpt lat="43.8222050" lon="5.7824720">
    <ele>353.6</ele>
   </trkpt>
   <trkpt lat="43.8221770" lon="5.7825340">
    <ele>353.5</ele>
   </trkpt>
   <trkpt lat="43.8221460" lon="5.7825970">
    <ele>353.1</ele>
   </trkpt>
   <trkpt lat="43.8221090" lon="5.7826560">
    <ele>352.6</ele>
   </trkpt>
   <trkpt lat="43.8220760" lon="5.7827140">
    <ele>352.1</ele>
   </trkpt>
   <trkpt lat="43.8220460" lon="5.7827750">
    <ele>351.7</ele>
   </trkpt>
   <trkpt lat="43.8220200" lon="5.7828410">
    <ele>351.2</ele>
   </trkpt>
   <trkpt lat="43.8220130" lon="5.7829250">
    <ele>350.6</ele>
   </trkpt>
   <trkpt lat="43.8220330" lon="5.7830090">
    <ele>350.5</ele>
   </trkpt>
   <trkpt lat="43.8220640" lon="5.7830920">
    <ele>350.3</ele>
   </trkpt>
   <trkpt lat="43.8221070" lon="5.7831620">
    <ele>350.1</ele>
   </trkpt>
   <trkpt lat="43.8221570" lon="5.7832180">
    <ele>350.0</ele>
   </trkpt>
   <trkpt lat="43.8222060" lon="5.7832730">
    <ele>349.9</ele>
   </trkpt>
   <trkpt lat="43.8222500" lon="5.7833300">
    <ele>349.7</ele>
   </trkpt>
   <trkpt lat="43.8223000" lon="5.7833910">
    <ele>349.5</ele>
   </trkpt>
   <trkpt lat="43.8223500" lon="5.7834500">
    <ele>349.4</ele>
   </trkpt>
   <trkpt lat="43.8223970" lon="5.7835150">
    <ele>349.2</ele>
   </trkpt>
   <trkpt lat="43.8224410" lon="5.7835760">
    <ele>349.1</ele>
   </trkpt>
   <trkpt lat="43.8224880" lon="5.7836350">
    <ele>349.0</ele>
   </trkpt>
   <trkpt lat="43.8225330" lon="5.7836930">
    <ele>349.0</ele>
   </trkpt>
   <trkpt lat="43.8225750" lon="5.7837550">
    <ele>348.9</ele>
   </trkpt>
   <trkpt lat="43.8226160" lon="5.7838160">
    <ele>348.9</ele>
   </trkpt>
   <trkpt lat="43.8226540" lon="5.7838750">
    <ele>348.8</ele>
   </trkpt>
   <trkpt lat="43.8226970" lon="5.7839370">
    <ele>348.8</ele>
   </trkpt>
   <trkpt lat="43.8227330" lon="5.7839940">
    <ele>348.8</ele>
   </trkpt>
   <trkpt lat="43.8227710" lon="5.7840510">
    <ele>348.7</ele>
   </trkpt>
   <trkpt lat="43.8228070" lon="5.7841050">
    <ele>348.7</ele>
   </trkpt>
   <trkpt lat="43.8228400" lon="5.7841460">
    <ele>348.7</ele>
   </trkpt>
   <trkpt lat="43.8228730" lon="5.7841920">
    <ele>348.6</ele>
   </trkpt>
   <trkpt lat="43.8229070" lon="5.7842400">
    <ele>348.6</ele>
   </trkpt>
   <trkpt lat="43.8229400" lon="5.7842880">
    <ele>348.6</ele>
   </trkpt>
   <trkpt lat="43.8229780" lon="5.7843330">
    <ele>348.6</ele>
   </trkpt>
   <trkpt lat="43.8230150" lon="5.7843790">
    <ele>348.5</ele>
   </trkpt>
   <trkpt lat="43.8230520" lon="5.7844280">
    <ele>348.5</ele>
   </trkpt>
   <trkpt lat="43.8230910" lon="5.7844790">
    <ele>348.5</ele>
   </trkpt>
   <trkpt lat="43.8231330" lon="5.7845290">
    <ele>348.6</ele>
   </trkpt>
   <trkpt lat="43.8231740" lon="5.7845770">
    <ele>348.6</ele>
   </trkpt>
   <trkpt lat="43.8232120" lon="5.7846220">
    <ele>348.6</ele>
   </trkpt>
   <trkpt lat="43.8232480" lon="5.7846660">
    <ele>348.7</ele>
   </trkpt>
   <trkpt lat="43.8232840" lon="5.7847090">
    <ele>348.7</ele>
   </trkpt>
   <trkpt lat="43.8233210" lon="5.7847480">
    <ele>348.7</ele>
   </trkpt>
   <trkpt lat="43.8233550" lon="5.7847870">
    <ele>348.8</ele>
   </trkpt>
   <trkpt lat="43.8233890" lon="5.7848300">
    <ele>348.8</ele>
   </trkpt>
   <trkpt lat="43.8234210" lon="5.7848750">
    <ele>348.8</ele>
   </trkpt>
   <trkpt lat="43.8234530" lon="5.7849160">
    <ele>348.9</ele>
   </trkpt>
   <trkpt lat="43.8234870" lon="5.7849510">
    <ele>349.0</ele>
   </trkpt>
   <trkpt lat="43.8235170" lon="5.7849820">
    <ele>349.0</ele>
   </trkpt>
   <trkpt lat="43.8235430" lon="5.7850130">
    <ele>349.1</ele>
   </trkpt>
   <trkpt lat="43.8235690" lon="5.7850430">
    <ele>349.1</ele>
   </trkpt>
   <trkpt lat="43.8235890" lon="5.7850710">
    <ele>349.2</ele>
   </trkpt>
   <trkpt lat="43.8236110" lon="5.7851050">
    <ele>349.2</ele>
   </trkpt>
   <trkpt lat="43.8236180" lon="5.7851150">
    <ele>349.2</ele>
   </trkpt>
   <trkpt lat="43.8236300" lon="5.7851300">
    <ele>349.2</ele>
   </trkpt>
   <trkpt lat="43.8236400" lon="5.7851490">
    <ele>349.3</ele>
   </trkpt>
   <trkpt lat="43.8236480" lon="5.7851600">
    <ele>349.3</ele>
   </trkpt>
   <trkpt lat="43.8236550" lon="5.7851640">
    <ele>349.3</ele>
   </trkpt>
   <trkpt lat="43.8236590" lon="5.7851680">
    <ele>349.3</ele>
   </trkpt>
   <trkpt lat="43.8236620" lon="5.7851700">
    <ele>349.3</ele>
   </trkpt>
   <trkpt lat="43.8236630" lon="5.7851700">
    <ele>349.3</ele>
   </trkpt>
   <trkpt lat="43.8236640" lon="5.7851700">
    <ele>349.3</ele>
   </trkpt>
   <trkpt lat="43.8236640" lon="5.7851700">
    <ele>349.3</ele>
   </trkpt>
   <trkpt lat="43.8236640" lon="5.7851700">
    <ele>349.3</ele>
   </trkpt>
   <trkpt lat="43.8236640" lon="5.7851700">
    <ele>349.3</ele>
   </trkpt>
   <trkpt lat="43.8236640" lon="5.7851700">
    <ele>349.3</ele>
   </trkpt>
   <trkpt lat="43.8236640" lon="5.7851700">
    <ele>349.3</ele>
   </trkpt>
   <trkpt lat="43.8236630" lon="5.7851700">
    <ele>349.3</ele>
   </trkpt>
   <trkpt lat="43.8236630" lon="5.7851700">
    <ele>349.3</ele>
   </trkpt>
   <trkpt lat="43.8236640" lon="5.7852110">
    <ele>349.4</ele>
   </trkpt>
   <trkpt lat="43.8236600" lon="5.7852340">
    <ele>349.4</ele>
   </trkpt>
   <trkpt lat="43.8236580" lon="5.7852600">
    <ele>349.5</ele>
   </trkpt>
   <trkpt lat="43.8236540" lon="5.7853080">
    <ele>349.4</ele>
   </trkpt>
   <trkpt lat="43.8236520" lon="5.7853250">
    <ele>349.3</ele>
   </trkpt>
   <trkpt lat="43.8236380" lon="5.7853630">
    <ele>349.3</ele>
   </trkpt>
   <trkpt lat="43.8236180" lon="5.7853990">
    <ele>349.2</ele>
   </trkpt>
   <trkpt lat="43.8235900" lon="5.7854390">
    <ele>349.1</ele>
   </trkpt>
   <trkpt lat="43.8235590" lon="5.7854810">
    <ele>349.0</ele>
   </trkpt>
   <trkpt lat="43.8235300" lon="5.7855210">
    <ele>348.9</ele>
   </trkpt>
   <trkpt lat="43.8234950" lon="5.7855580">
    <ele>348.8</ele>
   </trkpt>
   <trkpt lat="43.8234600" lon="5.7855950">
    <ele>348.7</ele>
   </trkpt>
   <trkpt lat="43.8234260" lon="5.7856320">
    <ele>348.6</ele>
   </trkpt>
   <trkpt lat="43.8233930" lon="5.7856680">
    <ele>348.5</ele>
   </trkpt>
   <trkpt lat="43.8233530" lon="5.7857090">
    <ele>348.4</ele>
   </trkpt>
   <trkpt lat="43.8233100" lon="5.7857560">
    <ele>348.3</ele>
   </trkpt>
   <trkpt lat="43.8232640" lon="5.7858080">
    <ele>348.0</ele>
   </trkpt>
   <trkpt lat="43.8232180" lon="5.7858600">
    <ele>347.8</ele>
   </trkpt>
   <trkpt lat="43.8231720" lon="5.7859070">
    <ele>347.6</ele>
   </trkpt>
   <trkpt lat="43.8231280" lon="5.7859450">
    <ele>347.4</ele>
   </trkpt>
   <trkpt lat="43.8230860" lon="5.7859840">
    <ele>347.2</ele>
   </trkpt>
   <trkpt lat="43.8230440" lon="5.7860250">
    <ele>347.0</ele>
   </trkpt>
   <trkpt lat="43.8230020" lon="5.7860690">
    <ele>346.8</ele>
   </trkpt>
   <trkpt lat="43.8229640" lon="5.7861160">
    <ele>346.7</ele>
   </trkpt>
   <trkpt lat="43.8229230" lon="5.7861660">
    <ele>346.6</ele>
   </trkpt>
   <trkpt lat="43.8228780" lon="5.7862040">
    <ele>346.4</ele>
   </trkpt>
   <trkpt lat="43.8228390" lon="5.7862470">
    <ele>346.3</ele>
   </trkpt>
   <trkpt lat="43.8228010" lon="5.7862940">
    <ele>346.2</ele>
   </trkpt>
   <trkpt lat="43.8227580" lon="5.7863460">
    <ele>346.1</ele>
   </trkpt>
   <trkpt lat="43.8227110" lon="5.7864000">
    <ele>346.0</ele>
   </trkpt>
   <trkpt lat="43.8226680" lon="5.7864500">
    <ele>345.8</ele>
   </trkpt>
   <trkpt lat="43.8226250" lon="5.7864950">
    <ele>345.4</ele>
   </trkpt>
   <trkpt lat="43.8225810" lon="5.7865370">
    <ele>345.1</ele>
   </trkpt>
   <trkpt lat="43.8225380" lon="5.7865810">
    <ele>344.8</ele>
   </trkpt>
   <trkpt lat="43.8224950" lon="5.7866270">
    <ele>344.6</ele>
   </trkpt>
   <trkpt lat="43.8224420" lon="5.7866780">
    <ele>344.4</ele>
   </trkpt>
   <trkpt lat="43.8223950" lon="5.7867220">
    <ele>344.2</ele>
   </trkpt>
   <trkpt lat="43.8223500" lon="5.7867720">
    <ele>344.0</ele>
   </trkpt>
   <trkpt lat="43.8223030" lon="5.7868110">
    <ele>343.9</ele>
   </trkpt>
   <trkpt lat="43.8222580" lon="5.7868590">
    <ele>343.7</ele>
   </trkpt>
   <trkpt lat="43.8222110" lon="5.7869120">
    <ele>343.5</ele>
   </trkpt>
   <trkpt lat="43.8221650" lon="5.7869580">
    <ele>343.3</ele>
   </trkpt>
   <trkpt lat="43.8221230" lon="5.7870050">
    <ele>343.2</ele>
   </trkpt>
   <trkpt lat="43.8220830" lon="5.7870540">
    <ele>343.1</ele>
   </trkpt>
   <trkpt lat="43.8220490" lon="5.7871000">
    <ele>342.9</ele>
   </trkpt>
   <trkpt lat="43.8220110" lon="5.7871380">
    <ele>342.7</ele>
   </trkpt>
   <trkpt lat="43.8219760" lon="5.7871710">
    <ele>342.5</ele>
   </trkpt>
   <trkpt lat="43.8219490" lon="5.7872050">
    <ele>342.3</ele>
   </trkpt>
   <trkpt lat="43.8219230" lon="5.7872390">
    <ele>342.2</ele>
   </trkpt>
   <trkpt lat="43.8218900" lon="5.7872750">
    <ele>342.0</ele>
   </trkpt>
   <trkpt lat="43.8218650" lon="5.7873030">
    <ele>341.9</ele>
   </trkpt>
   <trkpt lat="43.8218410" lon="5.7873270">
    <ele>341.7</ele>
   </trkpt>
   <trkpt lat="43.8218340" lon="5.7873320">
    <ele>341.7</ele>
   </trkpt>
   <trkpt lat="43.8218200" lon="5.7873420">
    <ele>341.6</ele>
   </trkpt>
   <trkpt lat="43.8218060" lon="5.7873540">
    <ele>341.5</ele>
   </trkpt>
   <trkpt lat="43.8217950" lon="5.7873690">
    <ele>341.4</ele>
   </trkpt>
   <trkpt lat="43.8217820" lon="5.7873780">
    <ele>341.3</ele>
   </trkpt>
   <trkpt lat="43.8217680" lon="5.7873940">
    <ele>341.2</ele>
   </trkpt>
   <trkpt lat="43.8217650" lon="5.7873980">
    <ele>341.2</ele>
   </trkpt>
   <trkpt lat="43.8217620" lon="5.7874030">
    <ele>341.2</ele>
   </trkpt>
   <trkpt lat="43.8217580" lon="5.7874070">
    <ele>341.1</ele>
   </trkpt>
   <trkpt lat="43.8217550" lon="5.7874120">
    <ele>341.1</ele>
   </trkpt>
   <trkpt lat="43.8217520" lon="5.7874160">
    <ele>341.1</ele>
   </trkpt>
   <trkpt lat="43.8217490" lon="5.7874210">
    <ele>341.0</ele>
   </trkpt>
   <trkpt lat="43.8217460" lon="5.7874260">
    <ele>341.0</ele>
   </trkpt>
   <trkpt lat="43.8217430" lon="5.7874300">
    <ele>341.0</ele>
   </trkpt>
   <trkpt lat="43.8217400" lon="5.7874350">
    <ele>341.0</ele>
   </trkpt>
   <trkpt lat="43.8217360" lon="5.7874390">
    <ele>340.9</ele>
   </trkpt>
   <trkpt lat="43.8217330" lon="5.7874440">
    <ele>340.9</ele>
   </trkpt>
   <trkpt lat="43.8217300" lon="5.7874480">
    <ele>340.9</ele>
   </trkpt>
   <trkpt lat="43.8217270" lon="5.7874530">
    <ele>340.8</ele>
   </trkpt>
   <trkpt lat="43.8217060" lon="5.7874840">
    <ele>340.6</ele>
   </trkpt>
   <trkpt lat="43.8216870" lon="5.7875200">
    <ele>340.5</ele>
   </trkpt>
   <trkpt lat="43.8216650" lon="5.7875490">
    <ele>340.5</ele>
   </trkpt>
   <trkpt lat="43.8216450" lon="5.7875800">
    <ele>340.5</ele>
   </trkpt>
   <trkpt lat="43.8216290" lon="5.7876210">
    <ele>340.4</ele>
   </trkpt>
   <trkpt lat="43.8216160" lon="5.7876730">
    <ele>340.3</ele>
   </trkpt>
   <trkpt lat="43.8216030" lon="5.7877290">
    <ele>340.2</ele>
   </trkpt>
   <trkpt lat="43.8216020" lon="5.7877980">
    <ele>340.0</ele>
   </trkpt>
   <trkpt lat="43.8216100" lon="5.7878770">
    <ele>339.9</ele>
   </trkpt>
   <trkpt lat="43.8216200" lon="5.7879460">
    <ele>339.7</ele>
   </trkpt>
   <trkpt lat="43.8216320" lon="5.7880230">
    <ele>339.5</ele>
   </trkpt>
   <trkpt lat="43.8216480" lon="5.7881090">
    <ele>339.2</ele>
   </trkpt>
   <trkpt lat="43.8216730" lon="5.7882000">
    <ele>339.0</ele>
   </trkpt>
   <trkpt lat="43.8216980" lon="5.7882970">
    <ele>338.9</ele>
   </trkpt>
   <trkpt lat="43.8217190" lon="5.7883950">
    <ele>338.7</ele>
   </trkpt>
   <trkpt lat="43.8217350" lon="5.7885010">
    <ele>337.8</ele>
   </trkpt>
   <trkpt lat="43.8217570" lon="5.7886090">
    <ele>336.9</ele>
   </trkpt>
   <trkpt lat="43.8217780" lon="5.7887250">
    <ele>335.9</ele>
   </trkpt>
   <trkpt lat="43.8217990" lon="5.7888460">
    <ele>334.8</ele>
   </trkpt>
   <trkpt lat="43.8218230" lon="5.7889730">
    <ele>333.7</ele>
   </trkpt>
   <trkpt lat="43.8218510" lon="5.7891020">
    <ele>332.6</ele>
   </trkpt>
   <trkpt lat="43.8218810" lon="5.7892330">
    <ele>331.4</ele>
   </trkpt>
   <trkpt lat="43.8219500" lon="5.7894870">
    <ele>329.1</ele>
   </trkpt>
   <trkpt lat="43.8219940" lon="5.7896250">
    <ele>328.7</ele>
   </trkpt>
   <trkpt lat="43.8220300" lon="5.7897760">
    <ele>328.2</ele>
   </trkpt>
   <trkpt lat="43.8220740" lon="5.7899220">
    <ele>328.0</ele>
   </trkpt>
   <trkpt lat="43.8221200" lon="5.7900760">
    <ele>327.9</ele>
   </trkpt>
   <trkpt lat="43.8221640" lon="5.7902180">
    <ele>327.5</ele>
   </trkpt>
   <trkpt lat="43.8222090" lon="5.7903670">
    <ele>327.4</ele>
   </trkpt>
   <trkpt lat="43.8222430" lon="5.7905100">
    <ele>327.4</ele>
   </trkpt>
   <trkpt lat="43.8222880" lon="5.7906280">
    <ele>327.5</ele>
   </trkpt>
   <trkpt lat="43.8223220" lon="5.7907380">
    <ele>327.6</ele>
   </trkpt>
   <trkpt lat="43.8223570" lon="5.7908400">
    <ele>327.7</ele>
   </trkpt>
   <trkpt lat="43.8223850" lon="5.7909410">
    <ele>327.8</ele>
   </trkpt>
   <trkpt lat="43.8224120" lon="5.7910340">
    <ele>327.9</ele>
   </trkpt>
   <trkpt lat="43.8224400" lon="5.7911230">
    <ele>328.0</ele>
   </trkpt>
   <trkpt lat="43.8224670" lon="5.7912030">
    <ele>328.2</ele>
   </trkpt>
   <trkpt lat="43.8224940" lon="5.7912880">
    <ele>328.3</ele>
   </trkpt>
   <trkpt lat="43.8225140" lon="5.7913640">
    <ele>328.5</ele>
   </trkpt>
   <trkpt lat="43.8225220" lon="5.7914390">
    <ele>328.7</ele>
   </trkpt>
   <trkpt lat="43.8224930" lon="5.7915500">
    <ele>329.1</ele>
   </trkpt>
   <trkpt lat="43.8224610" lon="5.7916100">
    <ele>329.1</ele>
   </trkpt>
   <trkpt lat="43.8224260" lon="5.7916610">
    <ele>329.1</ele>
   </trkpt>
   <trkpt lat="43.8224010" lon="5.7917210">
    <ele>328.7</ele>
   </trkpt>
   <trkpt lat="43.8223980" lon="5.7917860">
    <ele>328.4</ele>
   </trkpt>
   <trkpt lat="43.8224100" lon="5.7918470">
    <ele>328.0</ele>
   </trkpt>
   <trkpt lat="43.8224370" lon="5.7918990">
    <ele>328.2</ele>
   </trkpt>
   <trkpt lat="43.8224690" lon="5.7919380">
    <ele>328.3</ele>
   </trkpt>
   <trkpt lat="43.8225000" lon="5.7919710">
    <ele>328.5</ele>
   </trkpt>
   <trkpt lat="43.8225290" lon="5.7920020">
    <ele>328.6</ele>
   </trkpt>
   <trkpt lat="43.8225610" lon="5.7920290">
    <ele>328.8</ele>
   </trkpt>
   <trkpt lat="43.8225970" lon="5.7920600">
    <ele>329.1</ele>
   </trkpt>
   <trkpt lat="43.8226340" lon="5.7920960">
    <ele>329.5</ele>
   </trkpt>
   <trkpt lat="43.8226740" lon="5.7921350">
    <ele>329.6</ele>
   </trkpt>
   <trkpt lat="43.8227140" lon="5.7921850">
    <ele>329.8</ele>
   </trkpt>
   <trkpt lat="43.8227510" lon="5.7922240">
    <ele>329.9</ele>
   </trkpt>
   <trkpt lat="43.8227810" lon="5.7922590">
    <ele>330.1</ele>
   </trkpt>
   <trkpt lat="43.8228230" lon="5.7923030">
    <ele>330.2</ele>
   </trkpt>
   <trkpt lat="43.8228600" lon="5.7923350">
    <ele>330.3</ele>
   </trkpt>
   <trkpt lat="43.8228920" lon="5.7923690">
    <ele>330.4</ele>
   </trkpt>
   <trkpt lat="43.8229250" lon="5.7923990">
    <ele>330.5</ele>
   </trkpt>
   <trkpt lat="43.8229590" lon="5.7924310">
    <ele>330.6</ele>
   </trkpt>
   <trkpt lat="43.8229870" lon="5.7924570">
    <ele>330.7</ele>
   </trkpt>
   <trkpt lat="43.8230120" lon="5.7924830">
    <ele>330.7</ele>
   </trkpt>
   <trkpt lat="43.8230340" lon="5.7925130">
    <ele>330.8</ele>
   </trkpt>
   <trkpt lat="43.8230550" lon="5.7925450">
    <ele>330.9</ele>
   </trkpt>
   <trkpt lat="43.8230790" lon="5.7925760">
    <ele>331.0</ele>
   </trkpt>
   <trkpt lat="43.8231020" lon="5.7926030">
    <ele>331.1</ele>
   </trkpt>
   <trkpt lat="43.8231260" lon="5.7926330">
    <ele>331.1</ele>
   </trkpt>
   <trkpt lat="43.8231400" lon="5.7926670">
    <ele>331.2</ele>
   </trkpt>
   <trkpt lat="43.8231460" lon="5.7927110">
    <ele>331.2</ele>
   </trkpt>
   <trkpt lat="43.8231500" lon="5.7927480">
    <ele>331.1</ele>
   </trkpt>
   <trkpt lat="43.8231510" lon="5.7927900">
    <ele>331.1</ele>
   </trkpt>
   <trkpt lat="43.8231520" lon="5.7928040">
    <ele>331.1</ele>
   </trkpt>
   <trkpt lat="43.8231490" lon="5.7928560">
    <ele>331.1</ele>
   </trkpt>
   <trkpt lat="43.8231470" lon="5.7928740">
    <ele>331.1</ele>
   </trkpt>
   <trkpt lat="43.8231420" lon="5.7929120">
    <ele>331.0</ele>
   </trkpt>
   <trkpt lat="43.8231370" lon="5.7929570">
    <ele>331.0</ele>
   </trkpt>
   <trkpt lat="43.8231500" lon="5.7930090">
    <ele>331.0</ele>
   </trkpt>
   <trkpt lat="43.8231560" lon="5.7930280">
    <ele>330.9</ele>
   </trkpt>
   <trkpt lat="43.8231610" lon="5.7930690">
    <ele>330.9</ele>
   </trkpt>
   <trkpt lat="43.8231660" lon="5.7931060">
    <ele>330.9</ele>
   </trkpt>
   <trkpt lat="43.8231770" lon="5.7931440">
    <ele>330.9</ele>
   </trkpt>
   <trkpt lat="43.8231840" lon="5.7931510">
    <ele>330.9</ele>
   </trkpt>
   <trkpt lat="43.8232090" lon="5.7931670">
    <ele>331.0</ele>
   </trkpt>
   <trkpt lat="43.8232260" lon="5.7931800">
    <ele>331.0</ele>
   </trkpt>
   <trkpt lat="43.8232390" lon="5.7931890">
    <ele>331.1</ele>
   </trkpt>
   <trkpt lat="43.8232530" lon="5.7931950">
    <ele>331.1</ele>
   </trkpt>
   <trkpt lat="43.8232670" lon="5.7932000">
    <ele>331.2</ele>
   </trkpt>
   <trkpt lat="43.8232900" lon="5.7932220">
    <ele>331.3</ele>
   </trkpt>
   <trkpt lat="43.8232960" lon="5.7932340">
    <ele>331.3</ele>
   </trkpt>
   <trkpt lat="43.8233110" lon="5.7932540">
    <ele>331.3</ele>
   </trkpt>
   <trkpt lat="43.8233170" lon="5.7932630">
    <ele>331.3</ele>
   </trkpt>
   <trkpt lat="43.8233170" lon="5.7932590">
    <ele>331.3</ele>
   </trkpt>
   <trkpt lat="43.8233180" lon="5.7932580">
    <ele>331.3</ele>
   </trkpt>
   <trkpt lat="43.8233230" lon="5.7932580">
    <ele>331.4</ele>
   </trkpt>
   <trkpt lat="43.8233240" lon="5.7932580">
    <ele>331.4</ele>
   </trkpt>
   <trkpt lat="43.8233240" lon="5.7932580">
    <ele>331.4</ele>
   </trkpt>
   <trkpt lat="43.8233290" lon="5.7932630">
    <ele>331.4</ele>
   </trkpt>
   <trkpt lat="43.8233360" lon="5.7932660">
    <ele>331.4</ele>
   </trkpt>
   <trkpt lat="43.8233360" lon="5.7932730">
    <ele>331.4</ele>
   </trkpt>
   <trkpt lat="43.8233370" lon="5.7932780">
    <ele>331.4</ele>
   </trkpt>
   <trkpt lat="43.8233340" lon="5.7932820">
    <ele>331.4</ele>
   </trkpt>
   <trkpt lat="43.8233280" lon="5.7932840">
    <ele>331.4</ele>
   </trkpt>
   <trkpt lat="43.8233200" lon="5.7932870">
    <ele>331.4</ele>
   </trkpt>
   <trkpt lat="43.8233160" lon="5.7932830">
    <ele>331.2</ele>
   </trkpt>
   <trkpt lat="43.8233130" lon="5.7932780">
    <ele>331.2</ele>
   </trkpt>
   <trkpt lat="43.8233110" lon="5.7932800">
    <ele>331.2</ele>
   </trkpt>
   <trkpt lat="43.8233080" lon="5.7932840">
    <ele>331.2</ele>
   </trkpt>
   <trkpt lat="43.8233070" lon="5.7932860">
    <ele>331.2</ele>
   </trkpt>
   <trkpt lat="43.8233070" lon="5.7932860">
    <ele>331.2</ele>
   </trkpt>
   <trkpt lat="43.8233070" lon="5.7932860">
    <ele>331.2</ele>
   </trkpt>
   <trkpt lat="43.8233060" lon="5.7932860">
    <ele>331.2</ele>
   </trkpt>
   <trkpt lat="43.8233060" lon="5.7932860">
    <ele>331.2</ele>
   </trkpt>
   <trkpt lat="43.8233060" lon="5.7932860">
    <ele>331.2</ele>
   </trkpt>
   <trkpt lat="43.8233060" lon="5.7932860">
    <ele>331.2</ele>
   </trkpt>
   <trkpt lat="43.8233060" lon="5.7932860">
    <ele>331.2</ele>
   </trkpt>
   <trkpt lat="43.8233130" lon="5.7931910">
    <ele>331.3</ele>
   </trkpt>
   <trkpt lat="43.8233110" lon="5.7931520">
    <ele>331.3</ele>
   </trkpt>
   <trkpt lat="43.8233120" lon="5.7931140">
    <ele>331.4</ele>
   </trkpt>
   <trkpt lat="43.8233150" lon="5.7930750">
    <ele>331.4</ele>
   </trkpt>
   <trkpt lat="43.8233170" lon="5.7930300">
    <ele>331.4</ele>
   </trkpt>
   <trkpt lat="43.8233190" lon="5.7930170">
    <ele>331.4</ele>
   </trkpt>
   <trkpt lat="43.8233240" lon="5.7929980">
    <ele>331.6</ele>
   </trkpt>
   <trkpt lat="43.8233310" lon="5.7929760">
    <ele>331.6</ele>
   </trkpt>
   <trkpt lat="43.8233370" lon="5.7929590">
    <ele>331.6</ele>
   </trkpt>
   <trkpt lat="43.8233310" lon="5.7929460">
    <ele>331.6</ele>
   </trkpt>
   <trkpt lat="43.8233200" lon="5.7929370">
    <ele>331.6</ele>
   </trkpt>
   <trkpt lat="43.8233170" lon="5.7929360">
    <ele>331.5</ele>
   </trkpt>
   <trkpt lat="43.8233120" lon="5.7929210">
    <ele>331.5</ele>
   </trkpt>
   <trkpt lat="43.8233030" lon="5.7929100">
    <ele>331.5</ele>
   </trkpt>
   <trkpt lat="43.8233030" lon="5.7929030">
    <ele>331.5</ele>
   </trkpt>
   <trkpt lat="43.8233100" lon="5.7928970">
    <ele>331.5</ele>
   </trkpt>
   <trkpt lat="43.8233200" lon="5.7928860">
    <ele>331.6</ele>
   </trkpt>
   <trkpt lat="43.8233330" lon="5.7928850">
    <ele>331.6</ele>
   </trkpt>
   <trkpt lat="43.8233370" lon="5.7928840">
    <ele>331.6</ele>
   </trkpt>
   <trkpt lat="43.8233380" lon="5.7928840">
    <ele>331.6</ele>
   </trkpt>
   <trkpt lat="43.8233380" lon="5.7928840">
    <ele>331.6</ele>
   </trkpt>
   <trkpt lat="43.8233380" lon="5.7928840">
    <ele>331.6</ele>
   </trkpt>
   <trkpt lat="43.8233380" lon="5.7928840">
    <ele>331.6</ele>
   </trkpt>
   <trkpt lat="43.8233380" lon="5.7928840">
    <ele>331.6</ele>
   </trkpt>
   <trkpt lat="43.8233390" lon="5.7928840">
    <ele>331.6</ele>
   </trkpt>
   <trkpt lat="43.8233670" lon="5.7928770">
    <ele>331.7</ele>
   </trkpt>
   <trkpt lat="43.8233690" lon="5.7928770">
    <ele>331.7</ele>
   </trkpt>
   <trkpt lat="43.8233690" lon="5.7928770">
    <ele>331.7</ele>
   </trkpt>
   <trkpt lat="43.8233690" lon="5.7928770">
    <ele>331.7</ele>
   </trkpt>
   <trkpt lat="43.8233680" lon="5.7928770">
    <ele>331.7</ele>
   </trkpt>
   <trkpt lat="43.8233680" lon="5.7928770">
    <ele>331.7</ele>
   </trkpt>
   <trkpt lat="43.8233680" lon="5.7928770">
    <ele>331.7</ele>
   </trkpt>
   <trkpt lat="43.8233680" lon="5.7928770">
    <ele>331.7</ele>
   </trkpt>
   <trkpt lat="43.8233680" lon="5.7928770">
    <ele>331.7</ele>
   </trkpt>
   <trkpt lat="43.8233680" lon="5.7928770">
    <ele>331.7</ele>
   </trkpt>
   <trkpt lat="43.8233680" lon="5.7928770">
    <ele>331.7</ele>
   </trkpt>
   <trkpt lat="43.8233600" lon="5.7928810">
    <ele>331.7</ele>
   </trkpt>
   <trkpt lat="43.8233920" lon="5.7928220">
    <ele>331.8</ele>
   </trkpt>
   <trkpt lat="43.8233870" lon="5.7928110">
    <ele>331.7</ele>
   </trkpt>
   <trkpt lat="43.8233810" lon="5.7928030">
    <ele>331.7</ele>
   </trkpt>
   <trkpt lat="43.8233760" lon="5.7927980">
    <ele>331.7</ele>
   </trkpt>
   <trkpt lat="43.8233710" lon="5.7927930">
    <ele>331.7</ele>
   </trkpt>
   <trkpt lat="43.8233680" lon="5.7927930">
    <ele>331.7</ele>
   </trkpt>
   <trkpt lat="43.8233660" lon="5.7927920">
    <ele>331.7</ele>
   </trkpt>
   <trkpt lat="43.8233620" lon="5.7927910">
    <ele>331.7</ele>
   </trkpt>
   <trkpt lat="43.8233590" lon="5.7927930">
    <ele>331.7</ele>
   </trkpt>
   <trkpt lat="43.8233560" lon="5.7927930">
    <ele>331.7</ele>
   </trkpt>
   <trkpt lat="43.8233500" lon="5.7927960">
    <ele>331.7</ele>
   </trkpt>
   <trkpt lat="43.8233450" lon="5.7927980">
    <ele>331.7</ele>
   </trkpt>
   <trkpt lat="43.8233410" lon="5.7928010">
    <ele>331.7</ele>
   </trkpt>
   <trkpt lat="43.8233380" lon="5.7928020">
    <ele>331.7</ele>
   </trkpt>
   <trkpt lat="43.8233360" lon="5.7928000">
    <ele>331.7</ele>
   </trkpt>
   <trkpt lat="43.8233310" lon="5.7928010">
    <ele>331.7</ele>
   </trkpt>
   <trkpt lat="43.8233290" lon="5.7928010">
    <ele>331.7</ele>
   </trkpt>
   <trkpt lat="43.8233180" lon="5.7928080">
    <ele>331.7</ele>
   </trkpt>
   <trkpt lat="43.8233180" lon="5.7928080">
    <ele>331.7</ele>
   </trkpt>
   <trkpt lat="43.8233180" lon="5.7928080">
    <ele>331.7</ele>
   </trkpt>
   <trkpt lat="43.8233180" lon="5.7928080">
    <ele>331.7</ele>
   </trkpt>
   <trkpt lat="43.8233180" lon="5.7928080">
    <ele>331.7</ele>
   </trkpt>
   <trkpt lat="43.8233180" lon="5.7928080">
    <ele>331.7</ele>
   </trkpt>
   <trkpt lat="43.8233180" lon="5.7928080">
    <ele>331.7</ele>
   </trkpt>
   <trkpt lat="43.8233180" lon="5.7928080">
    <ele>331.7</ele>
   </trkpt>
   <trkpt lat="43.8233220" lon="5.7928080">
    <ele>331.7</ele>
   </trkpt>
   <trkpt lat="43.8233220" lon="5.7928080">
    <ele>331.7</ele>
   </trkpt>
   <trkpt lat="43.8233280" lon="5.7928090">
    <ele>331.7</ele>
   </trkpt>
  </trkseg>
 </trk>
</gpx>
