<?xml version="1.0" encoding="UTF-8"?>
<gpx xmlns:xsi="http://www.w3.org/2001/XMLSchema-instance" xsi:schemaLocation="http://www.topografix.com/GPX/1/1 http://www.topografix.com/GPX/1/1/gpx.xsd" creator="StravaGPX" version="1.1" xmlns="http://www.topografix.com/GPX/1/1">
 <trk>
  <name>3Cs Route, Montpellier-Turim | Dia 5 Parte 1</name>
  <type>cycling</type>
  <trkseg>
   <trkpt lat="44.8956970" lon="6.6333180">
    <ele>1212.6</ele>
   </trkpt>
   <trkpt lat="44.8956900" lon="6.6333270">
    <ele>1212.5</ele>
   </trkpt>
   <trkpt lat="44.8956820" lon="6.6333360">
    <ele>1212.5</ele>
   </trkpt>
   <trkpt lat="44.8956750" lon="6.6333440">
    <ele>1212.5</ele>
   </trkpt>
   <trkpt lat="44.8956670" lon="6.6333530">
    <ele>1212.5</ele>
   </trkpt>
   <trkpt lat="44.8956680" lon="6.6333370">
    <ele>1212.5</ele>
   </trkpt>
   <trkpt lat="44.8956720" lon="6.6333310">
    <ele>1212.5</ele>
   </trkpt>
   <trkpt lat="44.8956700" lon="6.6333190">
    <ele>1212.5</ele>
   </trkpt>
   <trkpt lat="44.8956730" lon="6.6333090">
    <ele>1212.5</ele>
   </trkpt>
   <trkpt lat="44.8956920" lon="6.6332820">
    <ele>1212.5</ele>
   </trkpt>
   <trkpt lat="44.8957010" lon="6.6332720">
    <ele>1212.5</ele>
   </trkpt>
   <trkpt lat="44.8956930" lon="6.6332870">
    <ele>1212.5</ele>
   </trkpt>
   <trkpt lat="44.8956860" lon="6.6332980">
    <ele>1212.5</ele>
   </trkpt>
   <trkpt lat="44.8956790" lon="6.6333020">
    <ele>1212.5</ele>
   </trkpt>
   <trkpt lat="44.8957970" lon="6.6332210">
    <ele>1212.9</ele>
   </trkpt>
   <trkpt lat="44.8958110" lon="6.6332110">
    <ele>1212.9</ele>
   </trkpt>
   <trkpt lat="44.8958100" lon="6.6332010">
    <ele>1212.9</ele>
   </trkpt>
   <trkpt lat="44.8958060" lon="6.6331950">
    <ele>1212.9</ele>
   </trkpt>
   <trkpt lat="44.8958020" lon="6.6331890">
    <ele>1212.9</ele>
   </trkpt>
   <trkpt lat="44.8957980" lon="6.6331820">
    <ele>1212.9</ele>
   </trkpt>
   <trkpt lat="44.8957930" lon="6.6331760">
    <ele>1212.9</ele>
   </trkpt>
   <trkpt lat="44.8957890" lon="6.6331700">
    <ele>1212.9</ele>
   </trkpt>
   <trkpt lat="44.8957850" lon="6.6331640">
    <ele>1212.9</ele>
   </trkpt>
   <trkpt lat="44.8957810" lon="6.6331580">
    <ele>1212.9</ele>
   </trkpt>
   <trkpt lat="44.8957780" lon="6.6331550">
    <ele>1212.9</ele>
   </trkpt>
   <trkpt lat="44.8957770" lon="6.6331530">
    <ele>1212.9</ele>
   </trkpt>
   <trkpt lat="44.8957670" lon="6.6331360">
    <ele>1213.0</ele>
   </trkpt>
   <trkpt lat="44.8957600" lon="6.6331180">
    <ele>1213.0</ele>
   </trkpt>
   <trkpt lat="44.8957580" lon="6.6331000">
    <ele>1213.0</ele>
   </trkpt>
   <trkpt lat="44.8957580" lon="6.6331010">
    <ele>1213.0</ele>
   </trkpt>
   <trkpt lat="44.8957550" lon="6.6330990">
    <ele>1213.0</ele>
   </trkpt>
   <trkpt lat="44.8957560" lon="6.6330910">
    <ele>1213.0</ele>
   </trkpt>
   <trkpt lat="44.8957540" lon="6.6330870">
    <ele>1213.0</ele>
   </trkpt>
   <trkpt lat="44.8957540" lon="6.6330860">
    <ele>1213.0</ele>
   </trkpt>
   <trkpt lat="44.8957530" lon="6.6330830">
    <ele>1213.0</ele>
   </trkpt>
   <trkpt lat="44.8957570" lon="6.6330860">
    <ele>1213.0</ele>
   </trkpt>
   <trkpt lat="44.8957630" lon="6.6330900">
    <ele>1213.0</ele>
   </trkpt>
   <trkpt lat="44.8957700" lon="6.6330910">
    <ele>1213.0</ele>
   </trkpt>
   <trkpt lat="44.8957720" lon="6.6330900">
    <ele>1213.0</ele>
   </trkpt>
   <trkpt lat="44.8957750" lon="6.6331010">
    <ele>1213.0</ele>
   </trkpt>
   <trkpt lat="44.8957800" lon="6.6331190">
    <ele>1213.0</ele>
   </trkpt>
   <trkpt lat="44.8957800" lon="6.6331190">
    <ele>1213.0</ele>
   </trkpt>
   <trkpt lat="44.8957800" lon="6.6331190">
    <ele>1213.0</ele>
   </trkpt>
   <trkpt lat="44.8957800" lon="6.6331190">
    <ele>1213.0</ele>
   </trkpt>
   <trkpt lat="44.8957800" lon="6.6331190">
    <ele>1213.0</ele>
   </trkpt>
   <trkpt lat="44.8957800" lon="6.6331190">
    <ele>1213.0</ele>
   </trkpt>
   <trkpt lat="44.8957800" lon="6.6331190">
    <ele>1213.0</ele>
   </trkpt>
   <trkpt lat="44.8957800" lon="6.6331190">
    <ele>1213.0</ele>
   </trkpt>
   <trkpt lat="44.8957800" lon="6.6331190">
    <ele>1213.0</ele>
   </trkpt>
   <trkpt lat="44.8957800" lon="6.6331190">
    <ele>1213.0</ele>
   </trkpt>
   <trkpt lat="44.8957800" lon="6.6331190">
    <ele>1213.0</ele>
   </trkpt>
   <trkpt lat="44.8957650" lon="6.6330790">
    <ele>1213.0</ele>
   </trkpt>
   <trkpt lat="44.8957600" lon="6.6330640">
    <ele>1213.1</ele>
   </trkpt>
   <trkpt lat="44.8957550" lon="6.6330470">
    <ele>1213.1</ele>
   </trkpt>
   <trkpt lat="44.8957610" lon="6.6330400">
    <ele>1213.1</ele>
   </trkpt>
   <trkpt lat="44.8957680" lon="6.6330260">
    <ele>1213.1</ele>
   </trkpt>
   <trkpt lat="44.8957820" lon="6.6330270">
    <ele>1213.1</ele>
   </trkpt>
   <trkpt lat="44.8957910" lon="6.6330260">
    <ele>1213.1</ele>
   </trkpt>
   <trkpt lat="44.8958160" lon="6.6330040">
    <ele>1213.1</ele>
   </trkpt>
   <trkpt lat="44.8958250" lon="6.6329930">
    <ele>1213.1</ele>
   </trkpt>
   <trkpt lat="44.8958520" lon="6.6329560">
    <ele>1213.2</ele>
   </trkpt>
   <trkpt lat="44.8958740" lon="6.6329250">
    <ele>1213.3</ele>
   </trkpt>
   <trkpt lat="44.8958820" lon="6.6328770">
    <ele>1213.6</ele>
   </trkpt>
   <trkpt lat="44.8958810" lon="6.6328320">
    <ele>1213.7</ele>
   </trkpt>
   <trkpt lat="44.8958690" lon="6.6327820">
    <ele>1213.7</ele>
   </trkpt>
   <trkpt lat="44.8958550" lon="6.6327300">
    <ele>1213.7</ele>
   </trkpt>
   <trkpt lat="44.8958390" lon="6.6326810">
    <ele>1213.6</ele>
   </trkpt>
   <trkpt lat="44.8958200" lon="6.6326240">
    <ele>1213.5</ele>
   </trkpt>
   <trkpt lat="44.8957950" lon="6.6325670">
    <ele>1213.5</ele>
   </trkpt>
   <trkpt lat="44.8957770" lon="6.6325230">
    <ele>1213.4</ele>
   </trkpt>
   <trkpt lat="44.8957580" lon="6.6324790">
    <ele>1213.3</ele>
   </trkpt>
   <trkpt lat="44.8957340" lon="6.6324200">
    <ele>1213.2</ele>
   </trkpt>
   <trkpt lat="44.8957170" lon="6.6323690">
    <ele>1213.2</ele>
   </trkpt>
   <trkpt lat="44.8957020" lon="6.6323170">
    <ele>1213.2</ele>
   </trkpt>
   <trkpt lat="44.8956840" lon="6.6322640">
    <ele>1213.1</ele>
   </trkpt>
   <trkpt lat="44.8956670" lon="6.6322110">
    <ele>1213.1</ele>
   </trkpt>
   <trkpt lat="44.8956490" lon="6.6321680">
    <ele>1213.1</ele>
   </trkpt>
   <trkpt lat="44.8956240" lon="6.6321220">
    <ele>1213.0</ele>
   </trkpt>
   <trkpt lat="44.8955960" lon="6.6320780">
    <ele>1213.0</ele>
   </trkpt>
   <trkpt lat="44.8955710" lon="6.6320240">
    <ele>1212.9</ele>
   </trkpt>
   <trkpt lat="44.8955470" lon="6.6319640">
    <ele>1212.9</ele>
   </trkpt>
   <trkpt lat="44.8955230" lon="6.6319070">
    <ele>1212.8</ele>
   </trkpt>
   <trkpt lat="44.8954970" lon="6.6318510">
    <ele>1212.8</ele>
   </trkpt>
   <trkpt lat="44.8954720" lon="6.6317930">
    <ele>1212.8</ele>
   </trkpt>
   <trkpt lat="44.8954490" lon="6.6317280">
    <ele>1212.7</ele>
   </trkpt>
   <trkpt lat="44.8954320" lon="6.6316580">
    <ele>1212.7</ele>
   </trkpt>
   <trkpt lat="44.8954260" lon="6.6315990">
    <ele>1212.7</ele>
   </trkpt>
   <trkpt lat="44.8954100" lon="6.6315470">
    <ele>1212.7</ele>
   </trkpt>
   <trkpt lat="44.8953900" lon="6.6314850">
    <ele>1212.7</ele>
   </trkpt>
   <trkpt lat="44.8953670" lon="6.6314290">
    <ele>1212.7</ele>
   </trkpt>
   <trkpt lat="44.8953350" lon="6.6313720">
    <ele>1212.7</ele>
   </trkpt>
   <trkpt lat="44.8953080" lon="6.6313060">
    <ele>1212.6</ele>
   </trkpt>
   <trkpt lat="44.8952830" lon="6.6312440">
    <ele>1212.6</ele>
   </trkpt>
   <trkpt lat="44.8952580" lon="6.6311860">
    <ele>1212.6</ele>
   </trkpt>
   <trkpt lat="44.8952380" lon="6.6311250">
    <ele>1212.6</ele>
   </trkpt>
   <trkpt lat="44.8952080" lon="6.6310600">
    <ele>1212.5</ele>
   </trkpt>
   <trkpt lat="44.8951860" lon="6.6309950">
    <ele>1212.6</ele>
   </trkpt>
   <trkpt lat="44.8951710" lon="6.6309340">
    <ele>1212.6</ele>
   </trkpt>
   <trkpt lat="44.8951620" lon="6.6308800">
    <ele>1212.6</ele>
   </trkpt>
   <trkpt lat="44.8951480" lon="6.6308350">
    <ele>1212.7</ele>
   </trkpt>
   <trkpt lat="44.8951330" lon="6.6307960">
    <ele>1212.7</ele>
   </trkpt>
   <trkpt lat="44.8951170" lon="6.6307550">
    <ele>1212.6</ele>
   </trkpt>
   <trkpt lat="44.8951020" lon="6.6307180">
    <ele>1212.6</ele>
   </trkpt>
   <trkpt lat="44.8950850" lon="6.6306730">
    <ele>1212.6</ele>
   </trkpt>
   <trkpt lat="44.8950780" lon="6.6306590">
    <ele>1212.6</ele>
   </trkpt>
   <trkpt lat="44.8950610" lon="6.6306250">
    <ele>1212.6</ele>
   </trkpt>
   <trkpt lat="44.8950460" lon="6.6305850">
    <ele>1212.6</ele>
   </trkpt>
   <trkpt lat="44.8950370" lon="6.6305470">
    <ele>1212.6</ele>
   </trkpt>
   <trkpt lat="44.8950240" lon="6.6305090">
    <ele>1212.6</ele>
   </trkpt>
   <trkpt lat="44.8949990" lon="6.6304640">
    <ele>1212.5</ele>
   </trkpt>
   <trkpt lat="44.8949890" lon="6.6304500">
    <ele>1212.5</ele>
   </trkpt>
   <trkpt lat="44.8949670" lon="6.6304100">
    <ele>1212.5</ele>
   </trkpt>
   <trkpt lat="44.8949590" lon="6.6303930">
    <ele>1212.5</ele>
   </trkpt>
   <trkpt lat="44.8949360" lon="6.6303640">
    <ele>1212.5</ele>
   </trkpt>
   <trkpt lat="44.8949070" lon="6.6303410">
    <ele>1212.5</ele>
   </trkpt>
   <trkpt lat="44.8948760" lon="6.6303120">
    <ele>1212.4</ele>
   </trkpt>
   <trkpt lat="44.8948640" lon="6.6303000">
    <ele>1212.4</ele>
   </trkpt>
   <trkpt lat="44.8948310" lon="6.6302710">
    <ele>1212.4</ele>
   </trkpt>
   <trkpt lat="44.8948200" lon="6.6302600">
    <ele>1212.4</ele>
   </trkpt>
   <trkpt lat="44.8947930" lon="6.6302310">
    <ele>1212.3</ele>
   </trkpt>
   <trkpt lat="44.8947860" lon="6.6302170">
    <ele>1212.3</ele>
   </trkpt>
   <trkpt lat="44.8947800" lon="6.6301700">
    <ele>1212.3</ele>
   </trkpt>
   <trkpt lat="44.8947830" lon="6.6301530">
    <ele>1212.3</ele>
   </trkpt>
   <trkpt lat="44.8948000" lon="6.6301200">
    <ele>1212.4</ele>
   </trkpt>
   <trkpt lat="44.8948270" lon="6.6301000">
    <ele>1212.6</ele>
   </trkpt>
   <trkpt lat="44.8948680" lon="6.6300700">
    <ele>1212.7</ele>
   </trkpt>
   <trkpt lat="44.8949100" lon="6.6300170">
    <ele>1212.9</ele>
   </trkpt>
   <trkpt lat="44.8949470" lon="6.6299920">
    <ele>1213.1</ele>
   </trkpt>
   <trkpt lat="44.8949890" lon="6.6299740">
    <ele>1213.3</ele>
   </trkpt>
   <trkpt lat="44.8950300" lon="6.6299510">
    <ele>1213.5</ele>
   </trkpt>
   <trkpt lat="44.8950690" lon="6.6299250">
    <ele>1213.6</ele>
   </trkpt>
   <trkpt lat="44.8951070" lon="6.6298970">
    <ele>1213.8</ele>
   </trkpt>
   <trkpt lat="44.8951430" lon="6.6298660">
    <ele>1214.0</ele>
   </trkpt>
   <trkpt lat="44.8951830" lon="6.6298360">
    <ele>1214.2</ele>
   </trkpt>
   <trkpt lat="44.8952280" lon="6.6298150">
    <ele>1214.4</ele>
   </trkpt>
   <trkpt lat="44.8952690" lon="6.6297990">
    <ele>1214.6</ele>
   </trkpt>
   <trkpt lat="44.8953150" lon="6.6297770">
    <ele>1214.8</ele>
   </trkpt>
   <trkpt lat="44.8953580" lon="6.6297650">
    <ele>1215.0</ele>
   </trkpt>
   <trkpt lat="44.8954010" lon="6.6297510">
    <ele>1215.2</ele>
   </trkpt>
   <trkpt lat="44.8954410" lon="6.6297330">
    <ele>1215.4</ele>
   </trkpt>
   <trkpt lat="44.8954770" lon="6.6297170">
    <ele>1215.5</ele>
   </trkpt>
   <trkpt lat="44.8955160" lon="6.6296930">
    <ele>1215.7</ele>
   </trkpt>
   <trkpt lat="44.8955590" lon="6.6296780">
    <ele>1215.8</ele>
   </trkpt>
   <trkpt lat="44.8956040" lon="6.6296650">
    <ele>1216.0</ele>
   </trkpt>
   <trkpt lat="44.8956510" lon="6.6296530">
    <ele>1216.1</ele>
   </trkpt>
   <trkpt lat="44.8956960" lon="6.6296430">
    <ele>1216.3</ele>
   </trkpt>
   <trkpt lat="44.8957390" lon="6.6296320">
    <ele>1216.4</ele>
   </trkpt>
   <trkpt lat="44.8957840" lon="6.6296210">
    <ele>1216.6</ele>
   </trkpt>
   <trkpt lat="44.8958300" lon="6.6296100">
    <ele>1216.7</ele>
   </trkpt>
   <trkpt lat="44.8958730" lon="6.6295930">
    <ele>1216.9</ele>
   </trkpt>
   <trkpt lat="44.8959140" lon="6.6295820">
    <ele>1216.9</ele>
   </trkpt>
   <trkpt lat="44.8959590" lon="6.6295740">
    <ele>1216.8</ele>
   </trkpt>
   <trkpt lat="44.8960070" lon="6.6295700">
    <ele>1216.9</ele>
   </trkpt>
   <trkpt lat="44.8960530" lon="6.6295640">
    <ele>1216.9</ele>
   </trkpt>
   <trkpt lat="44.8960990" lon="6.6295580">
    <ele>1217.0</ele>
   </trkpt>
   <trkpt lat="44.8961460" lon="6.6295570">
    <ele>1217.1</ele>
   </trkpt>
   <trkpt lat="44.8961830" lon="6.6295600">
    <ele>1217.1</ele>
   </trkpt>
   <trkpt lat="44.8962210" lon="6.6295630">
    <ele>1217.2</ele>
   </trkpt>
   <trkpt lat="44.8962570" lon="6.6295640">
    <ele>1217.2</ele>
   </trkpt>
   <trkpt lat="44.8962950" lon="6.6295600">
    <ele>1217.2</ele>
   </trkpt>
   <trkpt lat="44.8963290" lon="6.6295570">
    <ele>1217.3</ele>
   </trkpt>
   <trkpt lat="44.8963710" lon="6.6295510">
    <ele>1217.3</ele>
   </trkpt>
   <trkpt lat="44.8964140" lon="6.6295490">
    <ele>1217.3</ele>
   </trkpt>
   <trkpt lat="44.8964580" lon="6.6295430">
    <ele>1217.4</ele>
   </trkpt>
   <trkpt lat="44.8964960" lon="6.6295390">
    <ele>1217.4</ele>
   </trkpt>
   <trkpt lat="44.8965340" lon="6.6295260">
    <ele>1217.5</ele>
   </trkpt>
   <trkpt lat="44.8965730" lon="6.6295130">
    <ele>1217.7</ele>
   </trkpt>
   <trkpt lat="44.8966080" lon="6.6295010">
    <ele>1217.8</ele>
   </trkpt>
   <trkpt lat="44.8966440" lon="6.6294930">
    <ele>1218.0</ele>
   </trkpt>
   <trkpt lat="44.8966820" lon="6.6294890">
    <ele>1218.2</ele>
   </trkpt>
   <trkpt lat="44.8967190" lon="6.6294880">
    <ele>1218.3</ele>
   </trkpt>
   <trkpt lat="44.8967660" lon="6.6294800">
    <ele>1218.3</ele>
   </trkpt>
   <trkpt lat="44.8968140" lon="6.6294660">
    <ele>1218.4</ele>
   </trkpt>
   <trkpt lat="44.8968660" lon="6.6294540">
    <ele>1218.4</ele>
   </trkpt>
   <trkpt lat="44.8969040" lon="6.6294450">
    <ele>1218.4</ele>
   </trkpt>
   <trkpt lat="44.8969360" lon="6.6294360">
    <ele>1218.5</ele>
   </trkpt>
   <trkpt lat="44.8969750" lon="6.6294330">
    <ele>1218.5</ele>
   </trkpt>
   <trkpt lat="44.8970110" lon="6.6294340">
    <ele>1218.6</ele>
   </trkpt>
   <trkpt lat="44.8970580" lon="6.6294200">
    <ele>1218.6</ele>
   </trkpt>
   <trkpt lat="44.8971000" lon="6.6294100">
    <ele>1218.7</ele>
   </trkpt>
   <trkpt lat="44.8971430" lon="6.6294020">
    <ele>1218.8</ele>
   </trkpt>
   <trkpt lat="44.8971790" lon="6.6294030">
    <ele>1218.8</ele>
   </trkpt>
   <trkpt lat="44.8972240" lon="6.6293860">
    <ele>1218.9</ele>
   </trkpt>
   <trkpt lat="44.8972760" lon="6.6293760">
    <ele>1219.0</ele>
   </trkpt>
   <trkpt lat="44.8973240" lon="6.6293720">
    <ele>1219.1</ele>
   </trkpt>
   <trkpt lat="44.8973700" lon="6.6293710">
    <ele>1219.2</ele>
   </trkpt>
   <trkpt lat="44.8974100" lon="6.6293630">
    <ele>1219.2</ele>
   </trkpt>
   <trkpt lat="44.8974520" lon="6.6293510">
    <ele>1219.3</ele>
   </trkpt>
   <trkpt lat="44.8974880" lon="6.6293330">
    <ele>1219.4</ele>
   </trkpt>
   <trkpt lat="44.8975270" lon="6.6292920">
    <ele>1219.5</ele>
   </trkpt>
   <trkpt lat="44.8975620" lon="6.6292590">
    <ele>1219.5</ele>
   </trkpt>
   <trkpt lat="44.8975970" lon="6.6292370">
    <ele>1219.6</ele>
   </trkpt>
   <trkpt lat="44.8976320" lon="6.6292180">
    <ele>1219.7</ele>
   </trkpt>
   <trkpt lat="44.8976680" lon="6.6292030">
    <ele>1219.9</ele>
   </trkpt>
   <trkpt lat="44.8977080" lon="6.6291840">
    <ele>1220.1</ele>
   </trkpt>
   <trkpt lat="44.8977470" lon="6.6291670">
    <ele>1220.2</ele>
   </trkpt>
   <trkpt lat="44.8977860" lon="6.6291490">
    <ele>1220.4</ele>
   </trkpt>
   <trkpt lat="44.8978250" lon="6.6291240">
    <ele>1220.6</ele>
   </trkpt>
   <trkpt lat="44.8978650" lon="6.6290960">
    <ele>1220.9</ele>
   </trkpt>
   <trkpt lat="44.8979030" lon="6.6290640">
    <ele>1221.1</ele>
   </trkpt>
   <trkpt lat="44.8979390" lon="6.6290260">
    <ele>1221.3</ele>
   </trkpt>
   <trkpt lat="44.8979760" lon="6.6289800">
    <ele>1221.5</ele>
   </trkpt>
   <trkpt lat="44.8980160" lon="6.6289330">
    <ele>1221.7</ele>
   </trkpt>
   <trkpt lat="44.8980560" lon="6.6288830">
    <ele>1221.9</ele>
   </trkpt>
   <trkpt lat="44.8980940" lon="6.6288330">
    <ele>1222.1</ele>
   </trkpt>
   <trkpt lat="44.8981320" lon="6.6287760">
    <ele>1222.2</ele>
   </trkpt>
   <trkpt lat="44.8981700" lon="6.6287180">
    <ele>1222.4</ele>
   </trkpt>
   <trkpt lat="44.8982090" lon="6.6286720">
    <ele>1222.5</ele>
   </trkpt>
   <trkpt lat="44.8982560" lon="6.6286430">
    <ele>1222.6</ele>
   </trkpt>
   <trkpt lat="44.8983060" lon="6.6286080">
    <ele>1222.7</ele>
   </trkpt>
   <trkpt lat="44.8983450" lon="6.6286060">
    <ele>1222.8</ele>
   </trkpt>
   <trkpt lat="44.8983940" lon="6.6286250">
    <ele>1222.8</ele>
   </trkpt>
   <trkpt lat="44.8984430" lon="6.6286740">
    <ele>1222.8</ele>
   </trkpt>
   <trkpt lat="44.8984930" lon="6.6287110">
    <ele>1222.8</ele>
   </trkpt>
   <trkpt lat="44.8985340" lon="6.6287550">
    <ele>1222.9</ele>
   </trkpt>
   <trkpt lat="44.8985710" lon="6.6287820">
    <ele>1222.9</ele>
   </trkpt>
   <trkpt lat="44.8986060" lon="6.6288160">
    <ele>1222.9</ele>
   </trkpt>
   <trkpt lat="44.8986410" lon="6.6288660">
    <ele>1222.8</ele>
   </trkpt>
   <trkpt lat="44.8986790" lon="6.6289090">
    <ele>1222.7</ele>
   </trkpt>
   <trkpt lat="44.8987180" lon="6.6289500">
    <ele>1222.6</ele>
   </trkpt>
   <trkpt lat="44.8987630" lon="6.6289830">
    <ele>1222.6</ele>
   </trkpt>
   <trkpt lat="44.8988100" lon="6.6290180">
    <ele>1222.5</ele>
   </trkpt>
   <trkpt lat="44.8988550" lon="6.6290570">
    <ele>1222.5</ele>
   </trkpt>
   <trkpt lat="44.8988940" lon="6.6290980">
    <ele>1222.6</ele>
   </trkpt>
   <trkpt lat="44.8989300" lon="6.6291420">
    <ele>1222.7</ele>
   </trkpt>
   <trkpt lat="44.8989670" lon="6.6291810">
    <ele>1222.8</ele>
   </trkpt>
   <trkpt lat="44.8990050" lon="6.6292270">
    <ele>1222.9</ele>
   </trkpt>
   <trkpt lat="44.8990410" lon="6.6292660">
    <ele>1223.0</ele>
   </trkpt>
   <trkpt lat="44.8990750" lon="6.6293030">
    <ele>1223.1</ele>
   </trkpt>
   <trkpt lat="44.8991090" lon="6.6293470">
    <ele>1223.3</ele>
   </trkpt>
   <trkpt lat="44.8991470" lon="6.6293880">
    <ele>1223.4</ele>
   </trkpt>
   <trkpt lat="44.8991840" lon="6.6294300">
    <ele>1223.6</ele>
   </trkpt>
   <trkpt lat="44.8992200" lon="6.6294680">
    <ele>1223.8</ele>
   </trkpt>
   <trkpt lat="44.8992540" lon="6.6295060">
    <ele>1224.0</ele>
   </trkpt>
   <trkpt lat="44.8992890" lon="6.6295460">
    <ele>1224.2</ele>
   </trkpt>
   <trkpt lat="44.8993210" lon="6.6295870">
    <ele>1224.4</ele>
   </trkpt>
   <trkpt lat="44.8993470" lon="6.6296220">
    <ele>1224.5</ele>
   </trkpt>
   <trkpt lat="44.8993760" lon="6.6296560">
    <ele>1224.7</ele>
   </trkpt>
   <trkpt lat="44.8994020" lon="6.6296880">
    <ele>1224.7</ele>
   </trkpt>
   <trkpt lat="44.8994270" lon="6.6297300">
    <ele>1224.8</ele>
   </trkpt>
   <trkpt lat="44.8994500" lon="6.6297700">
    <ele>1224.9</ele>
   </trkpt>
   <trkpt lat="44.8994680" lon="6.6298080">
    <ele>1225.0</ele>
   </trkpt>
   <trkpt lat="44.8994810" lon="6.6298500">
    <ele>1225.1</ele>
   </trkpt>
   <trkpt lat="44.8994940" lon="6.6298980">
    <ele>1225.2</ele>
   </trkpt>
   <trkpt lat="44.8995080" lon="6.6299470">
    <ele>1225.3</ele>
   </trkpt>
   <trkpt lat="44.8995220" lon="6.6299930">
    <ele>1225.4</ele>
   </trkpt>
   <trkpt lat="44.8995380" lon="6.6300390">
    <ele>1225.6</ele>
   </trkpt>
   <trkpt lat="44.8995510" lon="6.6300840">
    <ele>1225.8</ele>
   </trkpt>
   <trkpt lat="44.8995620" lon="6.6301260">
    <ele>1225.9</ele>
   </trkpt>
   <trkpt lat="44.8995690" lon="6.6302230">
    <ele>1226.3</ele>
   </trkpt>
   <trkpt lat="44.8995670" lon="6.6302790">
    <ele>1226.4</ele>
   </trkpt>
   <trkpt lat="44.8995620" lon="6.6303360">
    <ele>1226.6</ele>
   </trkpt>
   <trkpt lat="44.8995510" lon="6.6303890">
    <ele>1226.8</ele>
   </trkpt>
   <trkpt lat="44.8995410" lon="6.6304370">
    <ele>1227.0</ele>
   </trkpt>
   <trkpt lat="44.8995280" lon="6.6304910">
    <ele>1227.2</ele>
   </trkpt>
   <trkpt lat="44.8995160" lon="6.6305440">
    <ele>1227.4</ele>
   </trkpt>
   <trkpt lat="44.8995030" lon="6.6305940">
    <ele>1227.6</ele>
   </trkpt>
   <trkpt lat="44.8994890" lon="6.6306430">
    <ele>1227.8</ele>
   </trkpt>
   <trkpt lat="44.8994700" lon="6.6307440">
    <ele>1228.2</ele>
   </trkpt>
   <trkpt lat="44.8994620" lon="6.6308000">
    <ele>1228.4</ele>
   </trkpt>
   <trkpt lat="44.8994550" lon="6.6308480">
    <ele>1228.6</ele>
   </trkpt>
   <trkpt lat="44.8994470" lon="6.6308960">
    <ele>1228.8</ele>
   </trkpt>
   <trkpt lat="44.8994390" lon="6.6309440">
    <ele>1229.0</ele>
   </trkpt>
   <trkpt lat="44.8994320" lon="6.6309940">
    <ele>1229.2</ele>
   </trkpt>
   <trkpt lat="44.8994310" lon="6.6310460">
    <ele>1229.4</ele>
   </trkpt>
   <trkpt lat="44.8994390" lon="6.6311010">
    <ele>1229.6</ele>
   </trkpt>
   <trkpt lat="44.8994520" lon="6.6311570">
    <ele>1229.8</ele>
   </trkpt>
   <trkpt lat="44.8994690" lon="6.6312080">
    <ele>1230.1</ele>
   </trkpt>
   <trkpt lat="44.8994940" lon="6.6312580">
    <ele>1230.2</ele>
   </trkpt>
   <trkpt lat="44.8995260" lon="6.6313050">
    <ele>1230.4</ele>
   </trkpt>
   <trkpt lat="44.8995660" lon="6.6313340">
    <ele>1230.6</ele>
   </trkpt>
   <trkpt lat="44.8996100" lon="6.6313540">
    <ele>1230.7</ele>
   </trkpt>
   <trkpt lat="44.8996530" lon="6.6313710">
    <ele>1230.9</ele>
   </trkpt>
   <trkpt lat="44.8996970" lon="6.6313770">
    <ele>1231.0</ele>
   </trkpt>
   <trkpt lat="44.8997370" lon="6.6313790">
    <ele>1231.1</ele>
   </trkpt>
   <trkpt lat="44.8997770" lon="6.6313750">
    <ele>1231.2</ele>
   </trkpt>
   <trkpt lat="44.8998200" lon="6.6313780">
    <ele>1231.4</ele>
   </trkpt>
   <trkpt lat="44.8998660" lon="6.6313800">
    <ele>1231.4</ele>
   </trkpt>
   <trkpt lat="44.8999120" lon="6.6313780">
    <ele>1231.5</ele>
   </trkpt>
   <trkpt lat="44.8999580" lon="6.6313740">
    <ele>1231.5</ele>
   </trkpt>
   <trkpt lat="44.9000010" lon="6.6313710">
    <ele>1231.5</ele>
   </trkpt>
   <trkpt lat="44.9000440" lon="6.6313670">
    <ele>1231.6</ele>
   </trkpt>
   <trkpt lat="44.9000860" lon="6.6313580">
    <ele>1231.6</ele>
   </trkpt>
   <trkpt lat="44.9001270" lon="6.6313540">
    <ele>1231.7</ele>
   </trkpt>
   <trkpt lat="44.9001690" lon="6.6313530">
    <ele>1231.9</ele>
   </trkpt>
   <trkpt lat="44.9002060" lon="6.6313510">
    <ele>1232.0</ele>
   </trkpt>
   <trkpt lat="44.9002450" lon="6.6313520">
    <ele>1232.1</ele>
   </trkpt>
   <trkpt lat="44.9002880" lon="6.6313530">
    <ele>1232.3</ele>
   </trkpt>
   <trkpt lat="44.9003270" lon="6.6313510">
    <ele>1232.5</ele>
   </trkpt>
   <trkpt lat="44.9003630" lon="6.6313520">
    <ele>1232.7</ele>
   </trkpt>
   <trkpt lat="44.9004000" lon="6.6313490">
    <ele>1232.8</ele>
   </trkpt>
   <trkpt lat="44.9004340" lon="6.6313470">
    <ele>1233.0</ele>
   </trkpt>
   <trkpt lat="44.9004690" lon="6.6313470">
    <ele>1233.2</ele>
   </trkpt>
   <trkpt lat="44.9005450" lon="6.6313350">
    <ele>1233.5</ele>
   </trkpt>
   <trkpt lat="44.9005860" lon="6.6313340">
    <ele>1233.8</ele>
   </trkpt>
   <trkpt lat="44.9006240" lon="6.6313300">
    <ele>1233.9</ele>
   </trkpt>
   <trkpt lat="44.9006630" lon="6.6313300">
    <ele>1234.1</ele>
   </trkpt>
   <trkpt lat="44.9007030" lon="6.6313270">
    <ele>1234.3</ele>
   </trkpt>
   <trkpt lat="44.9007470" lon="6.6313220">
    <ele>1234.6</ele>
   </trkpt>
   <trkpt lat="44.9007890" lon="6.6313200">
    <ele>1234.8</ele>
   </trkpt>
   <trkpt lat="44.9008290" lon="6.6313140">
    <ele>1235.0</ele>
   </trkpt>
   <trkpt lat="44.9008660" lon="6.6313090">
    <ele>1235.2</ele>
   </trkpt>
   <trkpt lat="44.9009030" lon="6.6313070">
    <ele>1235.4</ele>
   </trkpt>
   <trkpt lat="44.9009450" lon="6.6313050">
    <ele>1235.6</ele>
   </trkpt>
   <trkpt lat="44.9010170" lon="6.6312950">
    <ele>1236.0</ele>
   </trkpt>
   <trkpt lat="44.9010580" lon="6.6312920">
    <ele>1236.2</ele>
   </trkpt>
   <trkpt lat="44.9010960" lon="6.6312870">
    <ele>1236.4</ele>
   </trkpt>
   <trkpt lat="44.9011340" lon="6.6312830">
    <ele>1236.6</ele>
   </trkpt>
   <trkpt lat="44.9011690" lon="6.6312800">
    <ele>1236.8</ele>
   </trkpt>
   <trkpt lat="44.9012090" lon="6.6312740">
    <ele>1237.0</ele>
   </trkpt>
   <trkpt lat="44.9012460" lon="6.6312690">
    <ele>1237.2</ele>
   </trkpt>
   <trkpt lat="44.9012810" lon="6.6312640">
    <ele>1237.4</ele>
   </trkpt>
   <trkpt lat="44.9013210" lon="6.6312550">
    <ele>1237.6</ele>
   </trkpt>
   <trkpt lat="44.9013610" lon="6.6312520">
    <ele>1237.8</ele>
   </trkpt>
   <trkpt lat="44.9014040" lon="6.6312540">
    <ele>1237.9</ele>
   </trkpt>
   <trkpt lat="44.9014470" lon="6.6312560">
    <ele>1238.1</ele>
   </trkpt>
   <trkpt lat="44.9014850" lon="6.6312590">
    <ele>1238.4</ele>
   </trkpt>
   <trkpt lat="44.9015230" lon="6.6312600">
    <ele>1238.6</ele>
   </trkpt>
   <trkpt lat="44.9015580" lon="6.6312600">
    <ele>1238.8</ele>
   </trkpt>
   <trkpt lat="44.9015930" lon="6.6312570">
    <ele>1239.0</ele>
   </trkpt>
   <trkpt lat="44.9016260" lon="6.6312680">
    <ele>1239.2</ele>
   </trkpt>
   <trkpt lat="44.9016590" lon="6.6312860">
    <ele>1239.4</ele>
   </trkpt>
   <trkpt lat="44.9016960" lon="6.6313100">
    <ele>1239.6</ele>
   </trkpt>
   <trkpt lat="44.9017290" lon="6.6313290">
    <ele>1239.8</ele>
   </trkpt>
   <trkpt lat="44.9017610" lon="6.6313410">
    <ele>1240.0</ele>
   </trkpt>
   <trkpt lat="44.9018020" lon="6.6313530">
    <ele>1240.3</ele>
   </trkpt>
   <trkpt lat="44.9018400" lon="6.6313700">
    <ele>1240.5</ele>
   </trkpt>
   <trkpt lat="44.9018770" lon="6.6313880">
    <ele>1240.7</ele>
   </trkpt>
   <trkpt lat="44.9019120" lon="6.6313980">
    <ele>1240.9</ele>
   </trkpt>
   <trkpt lat="44.9019470" lon="6.6314100">
    <ele>1241.1</ele>
   </trkpt>
   <trkpt lat="44.9020160" lon="6.6314310">
    <ele>1241.6</ele>
   </trkpt>
   <trkpt lat="44.9020540" lon="6.6314400">
    <ele>1241.9</ele>
   </trkpt>
   <trkpt lat="44.9020890" lon="6.6314510">
    <ele>1242.2</ele>
   </trkpt>
   <trkpt lat="44.9021230" lon="6.6314580">
    <ele>1242.5</ele>
   </trkpt>
   <trkpt lat="44.9021560" lon="6.6314640">
    <ele>1242.8</ele>
   </trkpt>
   <trkpt lat="44.9021900" lon="6.6314750">
    <ele>1243.0</ele>
   </trkpt>
   <trkpt lat="44.9022260" lon="6.6314790">
    <ele>1243.3</ele>
   </trkpt>
   <trkpt lat="44.9022620" lon="6.6314800">
    <ele>1243.6</ele>
   </trkpt>
   <trkpt lat="44.9022960" lon="6.6314790">
    <ele>1243.9</ele>
   </trkpt>
   <trkpt lat="44.9023290" lon="6.6314760">
    <ele>1244.2</ele>
   </trkpt>
   <trkpt lat="44.9023610" lon="6.6314750">
    <ele>1244.5</ele>
   </trkpt>
   <trkpt lat="44.9023930" lon="6.6314690">
    <ele>1244.7</ele>
   </trkpt>
   <trkpt lat="44.9024260" lon="6.6314570">
    <ele>1245.0</ele>
   </trkpt>
   <trkpt lat="44.9024580" lon="6.6314420">
    <ele>1245.2</ele>
   </trkpt>
   <trkpt lat="44.9024910" lon="6.6314260">
    <ele>1245.5</ele>
   </trkpt>
   <trkpt lat="44.9025260" lon="6.6314050">
    <ele>1245.8</ele>
   </trkpt>
   <trkpt lat="44.9025600" lon="6.6313790">
    <ele>1246.1</ele>
   </trkpt>
   <trkpt lat="44.9025910" lon="6.6313530">
    <ele>1246.3</ele>
   </trkpt>
   <trkpt lat="44.9026190" lon="6.6313240">
    <ele>1246.6</ele>
   </trkpt>
   <trkpt lat="44.9026510" lon="6.6312940">
    <ele>1246.8</ele>
   </trkpt>
   <trkpt lat="44.9027050" lon="6.6312260">
    <ele>1246.7</ele>
   </trkpt>
   <trkpt lat="44.9027350" lon="6.6311920">
    <ele>1246.6</ele>
   </trkpt>
   <trkpt lat="44.9027630" lon="6.6311590">
    <ele>1246.8</ele>
   </trkpt>
   <trkpt lat="44.9027950" lon="6.6311290">
    <ele>1247.0</ele>
   </trkpt>
   <trkpt lat="44.9028240" lon="6.6310950">
    <ele>1247.2</ele>
   </trkpt>
   <trkpt lat="44.9028530" lon="6.6310590">
    <ele>1247.4</ele>
   </trkpt>
   <trkpt lat="44.9028850" lon="6.6310200">
    <ele>1247.6</ele>
   </trkpt>
   <trkpt lat="44.9029190" lon="6.6309850">
    <ele>1247.8</ele>
   </trkpt>
   <trkpt lat="44.9029520" lon="6.6309530">
    <ele>1248.0</ele>
   </trkpt>
   <trkpt lat="44.9029830" lon="6.6309200">
    <ele>1248.2</ele>
   </trkpt>
   <trkpt lat="44.9030150" lon="6.6308820">
    <ele>1248.5</ele>
   </trkpt>
   <trkpt lat="44.9030750" lon="6.6308090">
    <ele>1248.9</ele>
   </trkpt>
   <trkpt lat="44.9031010" lon="6.6307650">
    <ele>1249.1</ele>
   </trkpt>
   <trkpt lat="44.9031290" lon="6.6307240">
    <ele>1249.3</ele>
   </trkpt>
   <trkpt lat="44.9031530" lon="6.6306780">
    <ele>1249.4</ele>
   </trkpt>
   <trkpt lat="44.9031790" lon="6.6306390">
    <ele>1249.6</ele>
   </trkpt>
   <trkpt lat="44.9032060" lon="6.6306050">
    <ele>1249.8</ele>
   </trkpt>
   <trkpt lat="44.9032300" lon="6.6305780">
    <ele>1249.9</ele>
   </trkpt>
   <trkpt lat="44.9032630" lon="6.6305520">
    <ele>1250.0</ele>
   </trkpt>
   <trkpt lat="44.9032900" lon="6.6305130">
    <ele>1250.2</ele>
   </trkpt>
   <trkpt lat="44.9033170" lon="6.6304840">
    <ele>1250.3</ele>
   </trkpt>
   <trkpt lat="44.9033430" lon="6.6304510">
    <ele>1250.4</ele>
   </trkpt>
   <trkpt lat="44.9033630" lon="6.6304160">
    <ele>1250.6</ele>
   </trkpt>
   <trkpt lat="44.9033960" lon="6.6304000">
    <ele>1250.7</ele>
   </trkpt>
   <trkpt lat="44.9034450" lon="6.6303880">
    <ele>1250.9</ele>
   </trkpt>
   <trkpt lat="44.9034910" lon="6.6303850">
    <ele>1251.1</ele>
   </trkpt>
   <trkpt lat="44.9035220" lon="6.6303690">
    <ele>1251.3</ele>
   </trkpt>
   <trkpt lat="44.9035630" lon="6.6303500">
    <ele>1251.4</ele>
   </trkpt>
   <trkpt lat="44.9035910" lon="6.6303300">
    <ele>1251.6</ele>
   </trkpt>
   <trkpt lat="44.9036120" lon="6.6303020">
    <ele>1251.8</ele>
   </trkpt>
   <trkpt lat="44.9036400" lon="6.6302850">
    <ele>1252.0</ele>
   </trkpt>
   <trkpt lat="44.9036800" lon="6.6302790">
    <ele>1252.3</ele>
   </trkpt>
   <trkpt lat="44.9037200" lon="6.6302740">
    <ele>1252.7</ele>
   </trkpt>
   <trkpt lat="44.9037510" lon="6.6302730">
    <ele>1253.0</ele>
   </trkpt>
   <trkpt lat="44.9037800" lon="6.6302710">
    <ele>1253.3</ele>
   </trkpt>
   <trkpt lat="44.9038120" lon="6.6302740">
    <ele>1253.6</ele>
   </trkpt>
   <trkpt lat="44.9038430" lon="6.6302790">
    <ele>1253.8</ele>
   </trkpt>
   <trkpt lat="44.9038710" lon="6.6302810">
    <ele>1254.0</ele>
   </trkpt>
   <trkpt lat="44.9039130" lon="6.6302830">
    <ele>1254.3</ele>
   </trkpt>
   <trkpt lat="44.9039280" lon="6.6302840">
    <ele>1254.4</ele>
   </trkpt>
   <trkpt lat="44.9039710" lon="6.6302750">
    <ele>1254.8</ele>
   </trkpt>
   <trkpt lat="44.9040030" lon="6.6302780">
    <ele>1255.1</ele>
   </trkpt>
   <trkpt lat="44.9040130" lon="6.6302820">
    <ele>1255.2</ele>
   </trkpt>
   <trkpt lat="44.9040520" lon="6.6302930">
    <ele>1255.6</ele>
   </trkpt>
   <trkpt lat="44.9040640" lon="6.6302990">
    <ele>1255.7</ele>
   </trkpt>
   <trkpt lat="44.9040920" lon="6.6303160">
    <ele>1256.0</ele>
   </trkpt>
   <trkpt lat="44.9041400" lon="6.6303070">
    <ele>1256.5</ele>
   </trkpt>
   <trkpt lat="44.9041630" lon="6.6303070">
    <ele>1256.8</ele>
   </trkpt>
   <trkpt lat="44.9041980" lon="6.6303130">
    <ele>1257.2</ele>
   </trkpt>
   <trkpt lat="44.9042300" lon="6.6303150">
    <ele>1257.6</ele>
   </trkpt>
   <trkpt lat="44.9042820" lon="6.6302940">
    <ele>1258.2</ele>
   </trkpt>
   <trkpt lat="44.9043150" lon="6.6302930">
    <ele>1258.6</ele>
   </trkpt>
   <trkpt lat="44.9043430" lon="6.6302900">
    <ele>1259.0</ele>
   </trkpt>
   <trkpt lat="44.9043720" lon="6.6302830">
    <ele>1259.3</ele>
   </trkpt>
   <trkpt lat="44.9043990" lon="6.6302740">
    <ele>1259.7</ele>
   </trkpt>
   <trkpt lat="44.9044260" lon="6.6302720">
    <ele>1260.0</ele>
   </trkpt>
   <trkpt lat="44.9044560" lon="6.6302630">
    <ele>1260.1</ele>
   </trkpt>
   <trkpt lat="44.9044860" lon="6.6302560">
    <ele>1260.2</ele>
   </trkpt>
   <trkpt lat="44.9045210" lon="6.6302510">
    <ele>1260.5</ele>
   </trkpt>
   <trkpt lat="44.9045800" lon="6.6302320">
    <ele>1261.1</ele>
   </trkpt>
   <trkpt lat="44.9046130" lon="6.6302270">
    <ele>1261.4</ele>
   </trkpt>
   <trkpt lat="44.9046440" lon="6.6302230">
    <ele>1261.7</ele>
   </trkpt>
   <trkpt lat="44.9046760" lon="6.6302190">
    <ele>1262.0</ele>
   </trkpt>
   <trkpt lat="44.9047060" lon="6.6302090">
    <ele>1262.3</ele>
   </trkpt>
   <trkpt lat="44.9047360" lon="6.6302010">
    <ele>1262.6</ele>
   </trkpt>
   <trkpt lat="44.9047650" lon="6.6301940">
    <ele>1262.9</ele>
   </trkpt>
   <trkpt lat="44.9047950" lon="6.6301850">
    <ele>1263.2</ele>
   </trkpt>
   <trkpt lat="44.9048240" lon="6.6301730">
    <ele>1263.5</ele>
   </trkpt>
   <trkpt lat="44.9048540" lon="6.6301620">
    <ele>1263.8</ele>
   </trkpt>
   <trkpt lat="44.9048850" lon="6.6301510">
    <ele>1264.2</ele>
   </trkpt>
   <trkpt lat="44.9049170" lon="6.6301460">
    <ele>1264.5</ele>
   </trkpt>
   <trkpt lat="44.9049470" lon="6.6301430">
    <ele>1264.8</ele>
   </trkpt>
   <trkpt lat="44.9049790" lon="6.6301340">
    <ele>1265.2</ele>
   </trkpt>
   <trkpt lat="44.9050080" lon="6.6301280">
    <ele>1265.5</ele>
   </trkpt>
   <trkpt lat="44.9050380" lon="6.6301200">
    <ele>1265.8</ele>
   </trkpt>
   <trkpt lat="44.9050700" lon="6.6301060">
    <ele>1266.2</ele>
   </trkpt>
   <trkpt lat="44.9051000" lon="6.6300940">
    <ele>1266.4</ele>
   </trkpt>
   <trkpt lat="44.9051310" lon="6.6300960">
    <ele>1266.6</ele>
   </trkpt>
   <trkpt lat="44.9051590" lon="6.6301100">
    <ele>1266.9</ele>
   </trkpt>
   <trkpt lat="44.9051810" lon="6.6301360">
    <ele>1267.1</ele>
   </trkpt>
   <trkpt lat="44.9052010" lon="6.6301720">
    <ele>1267.6</ele>
   </trkpt>
   <trkpt lat="44.9052080" lon="6.6301870">
    <ele>1267.8</ele>
   </trkpt>
   <trkpt lat="44.9052220" lon="6.6302380">
    <ele>1268.4</ele>
   </trkpt>
   <trkpt lat="44.9052260" lon="6.6302540">
    <ele>1268.6</ele>
   </trkpt>
   <trkpt lat="44.9052340" lon="6.6303030">
    <ele>1269.0</ele>
   </trkpt>
   <trkpt lat="44.9052340" lon="6.6303190">
    <ele>1269.0</ele>
   </trkpt>
   <trkpt lat="44.9052190" lon="6.6303540">
    <ele>1269.1</ele>
   </trkpt>
   <trkpt lat="44.9052110" lon="6.6303620">
    <ele>1269.1</ele>
   </trkpt>
   <trkpt lat="44.9051880" lon="6.6303920">
    <ele>1269.0</ele>
   </trkpt>
   <trkpt lat="44.9051810" lon="6.6304010">
    <ele>1268.9</ele>
   </trkpt>
   <trkpt lat="44.9051540" lon="6.6304250">
    <ele>1268.9</ele>
   </trkpt>
   <trkpt lat="44.9051470" lon="6.6304340">
    <ele>1268.8</ele>
   </trkpt>
   <trkpt lat="44.9051300" lon="6.6304660">
    <ele>1268.8</ele>
   </trkpt>
   <trkpt lat="44.9051260" lon="6.6304780">
    <ele>1268.7</ele>
   </trkpt>
   <trkpt lat="44.9051160" lon="6.6305020">
    <ele>1268.7</ele>
   </trkpt>
   <trkpt lat="44.9050910" lon="6.6305460">
    <ele>1268.6</ele>
   </trkpt>
   <trkpt lat="44.9050680" lon="6.6305740">
    <ele>1268.5</ele>
   </trkpt>
   <trkpt lat="44.9050580" lon="6.6305830">
    <ele>1268.5</ele>
   </trkpt>
   <trkpt lat="44.9050500" lon="6.6305900">
    <ele>1268.4</ele>
   </trkpt>
   <trkpt lat="44.9050400" lon="6.6306030">
    <ele>1268.4</ele>
   </trkpt>
   <trkpt lat="44.9050280" lon="6.6306400">
    <ele>1268.3</ele>
   </trkpt>
   <trkpt lat="44.9050230" lon="6.6306530">
    <ele>1268.3</ele>
   </trkpt>
   <trkpt lat="44.9050110" lon="6.6306720">
    <ele>1268.2</ele>
   </trkpt>
   <trkpt lat="44.9050010" lon="6.6306860">
    <ele>1268.2</ele>
   </trkpt>
   <trkpt lat="44.9049870" lon="6.6307060">
    <ele>1268.2</ele>
   </trkpt>
   <trkpt lat="44.9049810" lon="6.6307130">
    <ele>1268.1</ele>
   </trkpt>
   <trkpt lat="44.9049750" lon="6.6307210">
    <ele>1268.1</ele>
   </trkpt>
   <trkpt lat="44.9049620" lon="6.6307320">
    <ele>1268.1</ele>
   </trkpt>
   <trkpt lat="44.9049500" lon="6.6307430">
    <ele>1268.0</ele>
   </trkpt>
   <trkpt lat="44.9049380" lon="6.6307650">
    <ele>1268.0</ele>
   </trkpt>
   <trkpt lat="44.9049350" lon="6.6307760">
    <ele>1268.0</ele>
   </trkpt>
   <trkpt lat="44.9049310" lon="6.6307880">
    <ele>1267.9</ele>
   </trkpt>
   <trkpt lat="44.9049240" lon="6.6308010">
    <ele>1267.9</ele>
   </trkpt>
   <trkpt lat="44.9049200" lon="6.6308040">
    <ele>1267.9</ele>
   </trkpt>
   <trkpt lat="44.9049200" lon="6.6308020">
    <ele>1267.9</ele>
   </trkpt>
   <trkpt lat="44.9049230" lon="6.6308090">
    <ele>1267.9</ele>
   </trkpt>
   <trkpt lat="44.9049250" lon="6.6308110">
    <ele>1267.9</ele>
   </trkpt>
   <trkpt lat="44.9049250" lon="6.6308110">
    <ele>1267.9</ele>
   </trkpt>
   <trkpt lat="44.9049250" lon="6.6308120">
    <ele>1267.9</ele>
   </trkpt>
   <trkpt lat="44.9049250" lon="6.6308110">
    <ele>1267.9</ele>
   </trkpt>
   <trkpt lat="44.9049250" lon="6.6308110">
    <ele>1267.9</ele>
   </trkpt>
   <trkpt lat="44.9049250" lon="6.6308110">
    <ele>1267.9</ele>
   </trkpt>
   <trkpt lat="44.9049250" lon="6.6308110">
    <ele>1267.9</ele>
   </trkpt>
   <trkpt lat="44.9049250" lon="6.6308110">
    <ele>1267.9</ele>
   </trkpt>
   <trkpt lat="44.9049250" lon="6.6308110">
    <ele>1267.9</ele>
   </trkpt>
   <trkpt lat="44.9048990" lon="6.6308210">
    <ele>1267.8</ele>
   </trkpt>
   <trkpt lat="44.9048790" lon="6.6308520">
    <ele>1267.7</ele>
   </trkpt>
   <trkpt lat="44.9048530" lon="6.6308930">
    <ele>1267.6</ele>
   </trkpt>
   <trkpt lat="44.9048350" lon="6.6309340">
    <ele>1267.6</ele>
   </trkpt>
   <trkpt lat="44.9048090" lon="6.6309680">
    <ele>1267.5</ele>
   </trkpt>
   <trkpt lat="44.9047800" lon="6.6310140">
    <ele>1267.4</ele>
   </trkpt>
   <trkpt lat="44.9047570" lon="6.6310780">
    <ele>1267.2</ele>
   </trkpt>
   <trkpt lat="44.9047260" lon="6.6311380">
    <ele>1267.1</ele>
   </trkpt>
   <trkpt lat="44.9046910" lon="6.6311960">
    <ele>1267.0</ele>
   </trkpt>
   <trkpt lat="44.9046650" lon="6.6312420">
    <ele>1266.9</ele>
   </trkpt>
   <trkpt lat="44.9046310" lon="6.6313060">
    <ele>1266.8</ele>
   </trkpt>
   <trkpt lat="44.9045960" lon="6.6313590">
    <ele>1266.6</ele>
   </trkpt>
   <trkpt lat="44.9045650" lon="6.6314070">
    <ele>1266.5</ele>
   </trkpt>
   <trkpt lat="44.9045280" lon="6.6314610">
    <ele>1266.4</ele>
   </trkpt>
   <trkpt lat="44.9044880" lon="6.6315210">
    <ele>1266.2</ele>
   </trkpt>
   <trkpt lat="44.9044500" lon="6.6315830">
    <ele>1266.1</ele>
   </trkpt>
   <trkpt lat="44.9044120" lon="6.6316430">
    <ele>1265.9</ele>
   </trkpt>
   <trkpt lat="44.9043810" lon="6.6317060">
    <ele>1265.8</ele>
   </trkpt>
   <trkpt lat="44.9043530" lon="6.6317620">
    <ele>1265.7</ele>
   </trkpt>
   <trkpt lat="44.9043140" lon="6.6318200">
    <ele>1265.6</ele>
   </trkpt>
   <trkpt lat="44.9042730" lon="6.6318810">
    <ele>1265.5</ele>
   </trkpt>
   <trkpt lat="44.9042380" lon="6.6319470">
    <ele>1265.3</ele>
   </trkpt>
   <trkpt lat="44.9041980" lon="6.6320110">
    <ele>1265.2</ele>
   </trkpt>
   <trkpt lat="44.9041610" lon="6.6320770">
    <ele>1265.0</ele>
   </trkpt>
   <trkpt lat="44.9041330" lon="6.6321440">
    <ele>1264.9</ele>
   </trkpt>
   <trkpt lat="44.9040940" lon="6.6322200">
    <ele>1264.7</ele>
   </trkpt>
   <trkpt lat="44.9040590" lon="6.6322820">
    <ele>1264.5</ele>
   </trkpt>
   <trkpt lat="44.9040320" lon="6.6323540">
    <ele>1264.4</ele>
   </trkpt>
   <trkpt lat="44.9039960" lon="6.6324290">
    <ele>1264.2</ele>
   </trkpt>
   <trkpt lat="44.9039640" lon="6.6324980">
    <ele>1264.0</ele>
   </trkpt>
   <trkpt lat="44.9039330" lon="6.6325670">
    <ele>1263.9</ele>
   </trkpt>
   <trkpt lat="44.9039070" lon="6.6326510">
    <ele>1263.7</ele>
   </trkpt>
   <trkpt lat="44.9038780" lon="6.6327350">
    <ele>1263.5</ele>
   </trkpt>
   <trkpt lat="44.9038490" lon="6.6328120">
    <ele>1263.4</ele>
   </trkpt>
   <trkpt lat="44.9038210" lon="6.6328930">
    <ele>1263.2</ele>
   </trkpt>
   <trkpt lat="44.9037940" lon="6.6329760">
    <ele>1263.1</ele>
   </trkpt>
   <trkpt lat="44.9037670" lon="6.6330420">
    <ele>1263.0</ele>
   </trkpt>
   <trkpt lat="44.9037360" lon="6.6331150">
    <ele>1262.8</ele>
   </trkpt>
   <trkpt lat="44.9037000" lon="6.6332060">
    <ele>1262.7</ele>
   </trkpt>
   <trkpt lat="44.9036690" lon="6.6332820">
    <ele>1262.5</ele>
   </trkpt>
   <trkpt lat="44.9036410" lon="6.6333580">
    <ele>1262.3</ele>
   </trkpt>
   <trkpt lat="44.9036180" lon="6.6334320">
    <ele>1262.1</ele>
   </trkpt>
   <trkpt lat="44.9035980" lon="6.6335180">
    <ele>1261.9</ele>
   </trkpt>
   <trkpt lat="44.9035780" lon="6.6335950">
    <ele>1261.8</ele>
   </trkpt>
   <trkpt lat="44.9035520" lon="6.6336670">
    <ele>1261.6</ele>
   </trkpt>
   <trkpt lat="44.9035250" lon="6.6337460">
    <ele>1261.4</ele>
   </trkpt>
   <trkpt lat="44.9035000" lon="6.6338180">
    <ele>1261.2</ele>
   </trkpt>
   <trkpt lat="44.9034770" lon="6.6338850">
    <ele>1261.1</ele>
   </trkpt>
   <trkpt lat="44.9034550" lon="6.6339590">
    <ele>1261.0</ele>
   </trkpt>
   <trkpt lat="44.9034220" lon="6.6340310">
    <ele>1260.9</ele>
   </trkpt>
   <trkpt lat="44.9033960" lon="6.6340900">
    <ele>1260.8</ele>
   </trkpt>
   <trkpt lat="44.9033740" lon="6.6341540">
    <ele>1260.7</ele>
   </trkpt>
   <trkpt lat="44.9033520" lon="6.6342250">
    <ele>1260.6</ele>
   </trkpt>
   <trkpt lat="44.9033290" lon="6.6342920">
    <ele>1260.5</ele>
   </trkpt>
   <trkpt lat="44.9033020" lon="6.6343570">
    <ele>1260.4</ele>
   </trkpt>
   <trkpt lat="44.9032790" lon="6.6344260">
    <ele>1260.3</ele>
   </trkpt>
   <trkpt lat="44.9032550" lon="6.6344960">
    <ele>1260.2</ele>
   </trkpt>
   <trkpt lat="44.9032310" lon="6.6345640">
    <ele>1260.1</ele>
   </trkpt>
   <trkpt lat="44.9032090" lon="6.6346320">
    <ele>1260.0</ele>
   </trkpt>
   <trkpt lat="44.9031850" lon="6.6347100">
    <ele>1259.9</ele>
   </trkpt>
   <trkpt lat="44.9031540" lon="6.6347880">
    <ele>1259.7</ele>
   </trkpt>
   <trkpt lat="44.9031160" lon="6.6348560">
    <ele>1259.6</ele>
   </trkpt>
   <trkpt lat="44.9030780" lon="6.6349230">
    <ele>1259.5</ele>
   </trkpt>
   <trkpt lat="44.9030470" lon="6.6349600">
    <ele>1259.5</ele>
   </trkpt>
   <trkpt lat="44.9030210" lon="6.6349920">
    <ele>1259.4</ele>
   </trkpt>
   <trkpt lat="44.9029900" lon="6.6350370">
    <ele>1259.4</ele>
   </trkpt>
   <trkpt lat="44.9029610" lon="6.6350680">
    <ele>1259.3</ele>
   </trkpt>
   <trkpt lat="44.9029170" lon="6.6351000">
    <ele>1259.3</ele>
   </trkpt>
   <trkpt lat="44.9028730" lon="6.6351290">
    <ele>1259.2</ele>
   </trkpt>
   <trkpt lat="44.9028300" lon="6.6351580">
    <ele>1259.1</ele>
   </trkpt>
   <trkpt lat="44.9027840" lon="6.6351850">
    <ele>1259.0</ele>
   </trkpt>
   <trkpt lat="44.9027340" lon="6.6352160">
    <ele>1258.9</ele>
   </trkpt>
   <trkpt lat="44.9026820" lon="6.6352580">
    <ele>1258.8</ele>
   </trkpt>
   <trkpt lat="44.9026230" lon="6.6352990">
    <ele>1258.7</ele>
   </trkpt>
   <trkpt lat="44.9025130" lon="6.6353900">
    <ele>1258.5</ele>
   </trkpt>
   <trkpt lat="44.9023590" lon="6.6355160">
    <ele>1258.3</ele>
   </trkpt>
   <trkpt lat="44.9023290" lon="6.6355350">
    <ele>1258.3</ele>
   </trkpt>
   <trkpt lat="44.9022670" lon="6.6355770">
    <ele>1258.2</ele>
   </trkpt>
   <trkpt lat="44.9022210" lon="6.6356380">
    <ele>1258.2</ele>
   </trkpt>
   <trkpt lat="44.9021850" lon="6.6356820">
    <ele>1258.1</ele>
   </trkpt>
   <trkpt lat="44.9021310" lon="6.6357040">
    <ele>1258.1</ele>
   </trkpt>
   <trkpt lat="44.9020710" lon="6.6357460">
    <ele>1258.1</ele>
   </trkpt>
   <trkpt lat="44.9020080" lon="6.6357870">
    <ele>1258.1</ele>
   </trkpt>
   <trkpt lat="44.9019490" lon="6.6358280">
    <ele>1258.1</ele>
   </trkpt>
   <trkpt lat="44.9018870" lon="6.6358790">
    <ele>1258.1</ele>
   </trkpt>
   <trkpt lat="44.9018320" lon="6.6359120">
    <ele>1258.1</ele>
   </trkpt>
   <trkpt lat="44.9017790" lon="6.6359510">
    <ele>1258.1</ele>
   </trkpt>
   <trkpt lat="44.9017340" lon="6.6359820">
    <ele>1258.1</ele>
   </trkpt>
   <trkpt lat="44.9016900" lon="6.6360230">
    <ele>1258.1</ele>
   </trkpt>
   <trkpt lat="44.9016390" lon="6.6360530">
    <ele>1258.1</ele>
   </trkpt>
   <trkpt lat="44.9015930" lon="6.6361020">
    <ele>1258.1</ele>
   </trkpt>
   <trkpt lat="44.9015410" lon="6.6361550">
    <ele>1258.1</ele>
   </trkpt>
   <trkpt lat="44.9014840" lon="6.6362050">
    <ele>1258.2</ele>
   </trkpt>
   <trkpt lat="44.9014250" lon="6.6362520">
    <ele>1258.2</ele>
   </trkpt>
   <trkpt lat="44.9013740" lon="6.6362850">
    <ele>1258.2</ele>
   </trkpt>
   <trkpt lat="44.9013280" lon="6.6363250">
    <ele>1258.2</ele>
   </trkpt>
   <trkpt lat="44.9012780" lon="6.6363620">
    <ele>1258.2</ele>
   </trkpt>
   <trkpt lat="44.9012350" lon="6.6364000">
    <ele>1258.3</ele>
   </trkpt>
   <trkpt lat="44.9011870" lon="6.6364350">
    <ele>1258.3</ele>
   </trkpt>
   <trkpt lat="44.9011470" lon="6.6364440">
    <ele>1258.3</ele>
   </trkpt>
   <trkpt lat="44.9010980" lon="6.6364780">
    <ele>1258.4</ele>
   </trkpt>
   <trkpt lat="44.9010560" lon="6.6365140">
    <ele>1258.4</ele>
   </trkpt>
   <trkpt lat="44.9010290" lon="6.6365430">
    <ele>1258.4</ele>
   </trkpt>
   <trkpt lat="44.9009870" lon="6.6365850">
    <ele>1258.5</ele>
   </trkpt>
   <trkpt lat="44.9009450" lon="6.6366190">
    <ele>1258.7</ele>
   </trkpt>
   <trkpt lat="44.9009180" lon="6.6366570">
    <ele>1258.8</ele>
   </trkpt>
   <trkpt lat="44.9008830" lon="6.6366810">
    <ele>1258.9</ele>
   </trkpt>
   <trkpt lat="44.9008460" lon="6.6367020">
    <ele>1259.0</ele>
   </trkpt>
   <trkpt lat="44.9008090" lon="6.6367270">
    <ele>1259.0</ele>
   </trkpt>
   <trkpt lat="44.9007650" lon="6.6367640">
    <ele>1259.1</ele>
   </trkpt>
   <trkpt lat="44.9007240" lon="6.6367990">
    <ele>1259.2</ele>
   </trkpt>
   <trkpt lat="44.9006800" lon="6.6368190">
    <ele>1259.2</ele>
   </trkpt>
   <trkpt lat="44.9006390" lon="6.6368630">
    <ele>1259.3</ele>
   </trkpt>
   <trkpt lat="44.9006140" lon="6.6368990">
    <ele>1259.3</ele>
   </trkpt>
   <trkpt lat="44.9005610" lon="6.6369220">
    <ele>1259.4</ele>
   </trkpt>
   <trkpt lat="44.9005080" lon="6.6369640">
    <ele>1259.5</ele>
   </trkpt>
   <trkpt lat="44.9004660" lon="6.6369990">
    <ele>1259.6</ele>
   </trkpt>
   <trkpt lat="44.9004260" lon="6.6370390">
    <ele>1259.7</ele>
   </trkpt>
   <trkpt lat="44.9003930" lon="6.6370580">
    <ele>1259.7</ele>
   </trkpt>
   <trkpt lat="44.9003560" lon="6.6370880">
    <ele>1259.8</ele>
   </trkpt>
   <trkpt lat="44.9003150" lon="6.6371200">
    <ele>1259.8</ele>
   </trkpt>
   <trkpt lat="44.9002770" lon="6.6371490">
    <ele>1259.9</ele>
   </trkpt>
   <trkpt lat="44.9002420" lon="6.6371770">
    <ele>1260.0</ele>
   </trkpt>
   <trkpt lat="44.9002000" lon="6.6372090">
    <ele>1260.1</ele>
   </trkpt>
   <trkpt lat="44.9001570" lon="6.6372340">
    <ele>1260.1</ele>
   </trkpt>
   <trkpt lat="44.9001180" lon="6.6372560">
    <ele>1260.2</ele>
   </trkpt>
   <trkpt lat="44.9000810" lon="6.6372800">
    <ele>1260.3</ele>
   </trkpt>
   <trkpt lat="44.9000360" lon="6.6373050">
    <ele>1260.4</ele>
   </trkpt>
   <trkpt lat="44.8999860" lon="6.6373410">
    <ele>1260.4</ele>
   </trkpt>
   <trkpt lat="44.8999400" lon="6.6373620">
    <ele>1260.5</ele>
   </trkpt>
   <trkpt lat="44.8998920" lon="6.6373870">
    <ele>1260.6</ele>
   </trkpt>
   <trkpt lat="44.8998650" lon="6.6374170">
    <ele>1260.6</ele>
   </trkpt>
   <trkpt lat="44.8998320" lon="6.6374490">
    <ele>1260.7</ele>
   </trkpt>
   <trkpt lat="44.8997960" lon="6.6374820">
    <ele>1260.8</ele>
   </trkpt>
   <trkpt lat="44.8997580" lon="6.6375130">
    <ele>1260.8</ele>
   </trkpt>
   <trkpt lat="44.8997260" lon="6.6375440">
    <ele>1260.9</ele>
   </trkpt>
   <trkpt lat="44.8996900" lon="6.6375770">
    <ele>1260.9</ele>
   </trkpt>
   <trkpt lat="44.8996500" lon="6.6376080">
    <ele>1261.0</ele>
   </trkpt>
   <trkpt lat="44.8996150" lon="6.6376350">
    <ele>1261.1</ele>
   </trkpt>
   <trkpt lat="44.8995800" lon="6.6376670">
    <ele>1261.2</ele>
   </trkpt>
   <trkpt lat="44.8995450" lon="6.6376950">
    <ele>1261.2</ele>
   </trkpt>
   <trkpt lat="44.8995100" lon="6.6377230">
    <ele>1261.3</ele>
   </trkpt>
   <trkpt lat="44.8994750" lon="6.6377550">
    <ele>1261.4</ele>
   </trkpt>
   <trkpt lat="44.8994400" lon="6.6377820">
    <ele>1261.5</ele>
   </trkpt>
   <trkpt lat="44.8994000" lon="6.6378090">
    <ele>1261.5</ele>
   </trkpt>
   <trkpt lat="44.8993630" lon="6.6378340">
    <ele>1261.6</ele>
   </trkpt>
   <trkpt lat="44.8993230" lon="6.6378610">
    <ele>1261.6</ele>
   </trkpt>
   <trkpt lat="44.8992870" lon="6.6378920">
    <ele>1261.7</ele>
   </trkpt>
   <trkpt lat="44.8992500" lon="6.6379290">
    <ele>1261.7</ele>
   </trkpt>
   <trkpt lat="44.8992170" lon="6.6379650">
    <ele>1261.8</ele>
   </trkpt>
   <trkpt lat="44.8991810" lon="6.6379970">
    <ele>1261.8</ele>
   </trkpt>
   <trkpt lat="44.8991450" lon="6.6380300">
    <ele>1261.8</ele>
   </trkpt>
   <trkpt lat="44.8991030" lon="6.6380560">
    <ele>1261.8</ele>
   </trkpt>
   <trkpt lat="44.8990600" lon="6.6380870">
    <ele>1261.8</ele>
   </trkpt>
   <trkpt lat="44.8990140" lon="6.6381230">
    <ele>1261.9</ele>
   </trkpt>
   <trkpt lat="44.8989650" lon="6.6381570">
    <ele>1261.9</ele>
   </trkpt>
   <trkpt lat="44.8989180" lon="6.6381890">
    <ele>1261.9</ele>
   </trkpt>
   <trkpt lat="44.8988770" lon="6.6382330">
    <ele>1261.9</ele>
   </trkpt>
   <trkpt lat="44.8988340" lon="6.6382760">
    <ele>1261.9</ele>
   </trkpt>
   <trkpt lat="44.8987910" lon="6.6383130">
    <ele>1261.9</ele>
   </trkpt>
   <trkpt lat="44.8987470" lon="6.6383470">
    <ele>1261.9</ele>
   </trkpt>
   <trkpt lat="44.8987030" lon="6.6383810">
    <ele>1261.9</ele>
   </trkpt>
   <trkpt lat="44.8986590" lon="6.6384130">
    <ele>1261.8</ele>
   </trkpt>
   <trkpt lat="44.8986200" lon="6.6384400">
    <ele>1261.8</ele>
   </trkpt>
   <trkpt lat="44.8985780" lon="6.6384710">
    <ele>1261.8</ele>
   </trkpt>
   <trkpt lat="44.8985410" lon="6.6385010">
    <ele>1261.8</ele>
   </trkpt>
   <trkpt lat="44.8985030" lon="6.6385340">
    <ele>1261.8</ele>
   </trkpt>
   <trkpt lat="44.8984630" lon="6.6385660">
    <ele>1261.8</ele>
   </trkpt>
   <trkpt lat="44.8984240" lon="6.6385960">
    <ele>1261.8</ele>
   </trkpt>
   <trkpt lat="44.8983850" lon="6.6386220">
    <ele>1261.8</ele>
   </trkpt>
   <trkpt lat="44.8983180" lon="6.6386830">
    <ele>1261.8</ele>
   </trkpt>
   <trkpt lat="44.8982850" lon="6.6387050">
    <ele>1261.8</ele>
   </trkpt>
   <trkpt lat="44.8982550" lon="6.6387270">
    <ele>1261.9</ele>
   </trkpt>
   <trkpt lat="44.8982250" lon="6.6387470">
    <ele>1261.9</ele>
   </trkpt>
   <trkpt lat="44.8982170" lon="6.6387520">
    <ele>1261.9</ele>
   </trkpt>
   <trkpt lat="44.8982100" lon="6.6387600">
    <ele>1262.0</ele>
   </trkpt>
   <trkpt lat="44.8982060" lon="6.6387680">
    <ele>1262.0</ele>
   </trkpt>
   <trkpt lat="44.8982060" lon="6.6387650">
    <ele>1262.0</ele>
   </trkpt>
   <trkpt lat="44.8982060" lon="6.6387650">
    <ele>1262.0</ele>
   </trkpt>
   <trkpt lat="44.8982070" lon="6.6387630">
    <ele>1262.0</ele>
   </trkpt>
   <trkpt lat="44.8982080" lon="6.6387630">
    <ele>1262.0</ele>
   </trkpt>
   <trkpt lat="44.8982080" lon="6.6387630">
    <ele>1262.0</ele>
   </trkpt>
   <trkpt lat="44.8982080" lon="6.6387630">
    <ele>1262.0</ele>
   </trkpt>
   <trkpt lat="44.8982080" lon="6.6387630">
    <ele>1262.0</ele>
   </trkpt>
   <trkpt lat="44.8982080" lon="6.6387630">
    <ele>1262.0</ele>
   </trkpt>
   <trkpt lat="44.8982080" lon="6.6387630">
    <ele>1262.0</ele>
   </trkpt>
   <trkpt lat="44.8981920" lon="6.6387670">
    <ele>1262.2</ele>
   </trkpt>
   <trkpt lat="44.8981810" lon="6.6387780">
    <ele>1262.3</ele>
   </trkpt>
   <trkpt lat="44.8981680" lon="6.6387980">
    <ele>1262.4</ele>
   </trkpt>
   <trkpt lat="44.8981600" lon="6.6388340">
    <ele>1262.7</ele>
   </trkpt>
   <trkpt lat="44.8981660" lon="6.6388740">
    <ele>1262.8</ele>
   </trkpt>
   <trkpt lat="44.8981790" lon="6.6389130">
    <ele>1262.9</ele>
   </trkpt>
   <trkpt lat="44.8982020" lon="6.6389920">
    <ele>1263.3</ele>
   </trkpt>
   <trkpt lat="44.8982150" lon="6.6390320">
    <ele>1263.7</ele>
   </trkpt>
   <trkpt lat="44.8982350" lon="6.6390820">
    <ele>1264.1</ele>
   </trkpt>
   <trkpt lat="44.8982410" lon="6.6391000">
    <ele>1264.2</ele>
   </trkpt>
   <trkpt lat="44.8982520" lon="6.6391350">
    <ele>1264.5</ele>
   </trkpt>
   <trkpt lat="44.8982720" lon="6.6391850">
    <ele>1264.9</ele>
   </trkpt>
   <trkpt lat="44.8982780" lon="6.6392020">
    <ele>1265.0</ele>
   </trkpt>
   <trkpt lat="44.8982940" lon="6.6392360">
    <ele>1265.3</ele>
   </trkpt>
   <trkpt lat="44.8983180" lon="6.6392820">
    <ele>1265.7</ele>
   </trkpt>
   <trkpt lat="44.8983260" lon="6.6392980">
    <ele>1265.9</ele>
   </trkpt>
   <trkpt lat="44.8983380" lon="6.6393330">
    <ele>1266.6</ele>
   </trkpt>
   <trkpt lat="44.8983530" lon="6.6393660">
    <ele>1267.2</ele>
   </trkpt>
   <trkpt lat="44.8983750" lon="6.6394340">
    <ele>1268.4</ele>
   </trkpt>
   <trkpt lat="44.8983880" lon="6.6394820">
    <ele>1269.2</ele>
   </trkpt>
   <trkpt lat="44.8983920" lon="6.6394980">
    <ele>1269.5</ele>
   </trkpt>
   <trkpt lat="44.8984100" lon="6.6395350">
    <ele>1269.7</ele>
   </trkpt>
   <trkpt lat="44.8984150" lon="6.6395490">
    <ele>1269.6</ele>
   </trkpt>
   <trkpt lat="44.8984360" lon="6.6395940">
    <ele>1270.2</ele>
   </trkpt>
   <trkpt lat="44.8984410" lon="6.6396100">
    <ele>1270.4</ele>
   </trkpt>
   <trkpt lat="44.8984590" lon="6.6396510">
    <ele>1271.0</ele>
   </trkpt>
   <trkpt lat="44.8984640" lon="6.6396650">
    <ele>1271.2</ele>
   </trkpt>
   <trkpt lat="44.8984800" lon="6.6397110">
    <ele>1271.8</ele>
   </trkpt>
   <trkpt lat="44.8984840" lon="6.6397260">
    <ele>1272.0</ele>
   </trkpt>
   <trkpt lat="44.8985020" lon="6.6397640">
    <ele>1272.5</ele>
   </trkpt>
   <trkpt lat="44.8985080" lon="6.6397780">
    <ele>1272.7</ele>
   </trkpt>
   <trkpt lat="44.8985220" lon="6.6398230">
    <ele>1273.3</ele>
   </trkpt>
   <trkpt lat="44.8985260" lon="6.6398390">
    <ele>1273.5</ele>
   </trkpt>
   <trkpt lat="44.8985430" lon="6.6398910">
    <ele>1274.2</ele>
   </trkpt>
   <trkpt lat="44.8985500" lon="6.6399080">
    <ele>1274.5</ele>
   </trkpt>
   <trkpt lat="44.8985680" lon="6.6399570">
    <ele>1275.1</ele>
   </trkpt>
   <trkpt lat="44.8985730" lon="6.6399740">
    <ele>1275.4</ele>
   </trkpt>
   <trkpt lat="44.8985890" lon="6.6400150">
    <ele>1275.4</ele>
   </trkpt>
   <trkpt lat="44.8985930" lon="6.6400300">
    <ele>1275.4</ele>
   </trkpt>
   <trkpt lat="44.8986030" lon="6.6400720">
    <ele>1275.1</ele>
   </trkpt>
   <trkpt lat="44.8986090" lon="6.6400860">
    <ele>1274.8</ele>
   </trkpt>
   <trkpt lat="44.8986390" lon="6.6401370">
    <ele>1275.4</ele>
   </trkpt>
   <trkpt lat="44.8986570" lon="6.6401740">
    <ele>1275.8</ele>
   </trkpt>
   <trkpt lat="44.8986620" lon="6.6401880">
    <ele>1275.9</ele>
   </trkpt>
   <trkpt lat="44.8986820" lon="6.6402300">
    <ele>1276.3</ele>
   </trkpt>
   <trkpt lat="44.8986870" lon="6.6402450">
    <ele>1276.5</ele>
   </trkpt>
   <trkpt lat="44.8987060" lon="6.6402870">
    <ele>1276.9</ele>
   </trkpt>
   <trkpt lat="44.8987110" lon="6.6402990">
    <ele>1277.1</ele>
   </trkpt>
   <trkpt lat="44.8987210" lon="6.6403350">
    <ele>1277.4</ele>
   </trkpt>
   <trkpt lat="44.8987240" lon="6.6403480">
    <ele>1277.6</ele>
   </trkpt>
   <trkpt lat="44.8987370" lon="6.6403830">
    <ele>1277.9</ele>
   </trkpt>
   <trkpt lat="44.8987420" lon="6.6403960">
    <ele>1278.1</ele>
   </trkpt>
   <trkpt lat="44.8987630" lon="6.6404460">
    <ele>1278.1</ele>
   </trkpt>
   <trkpt lat="44.8987820" lon="6.6404840">
    <ele>1278.1</ele>
   </trkpt>
   <trkpt lat="44.8987890" lon="6.6404970">
    <ele>1278.2</ele>
   </trkpt>
   <trkpt lat="44.8988130" lon="6.6405430">
    <ele>1278.7</ele>
   </trkpt>
   <trkpt lat="44.8988200" lon="6.6405600">
    <ele>1278.9</ele>
   </trkpt>
   <trkpt lat="44.8988360" lon="6.6405990">
    <ele>1279.3</ele>
   </trkpt>
   <trkpt lat="44.8988400" lon="6.6406130">
    <ele>1279.4</ele>
   </trkpt>
   <trkpt lat="44.8988530" lon="6.6406550">
    <ele>1279.9</ele>
   </trkpt>
   <trkpt lat="44.8988580" lon="6.6406710">
    <ele>1280.0</ele>
   </trkpt>
   <trkpt lat="44.8988730" lon="6.6407150">
    <ele>1280.4</ele>
   </trkpt>
   <trkpt lat="44.8988780" lon="6.6407290">
    <ele>1280.6</ele>
   </trkpt>
   <trkpt lat="44.8988860" lon="6.6407560">
    <ele>1280.8</ele>
   </trkpt>
   <trkpt lat="44.8989060" lon="6.6408050">
    <ele>1281.3</ele>
   </trkpt>
   <trkpt lat="44.8989220" lon="6.6408450">
    <ele>1281.7</ele>
   </trkpt>
   <trkpt lat="44.8989270" lon="6.6408590">
    <ele>1281.9</ele>
   </trkpt>
   <trkpt lat="44.8989400" lon="6.6409030">
    <ele>1282.3</ele>
   </trkpt>
   <trkpt lat="44.8989450" lon="6.6409180">
    <ele>1282.5</ele>
   </trkpt>
   <trkpt lat="44.8989580" lon="6.6409620">
    <ele>1282.9</ele>
   </trkpt>
   <trkpt lat="44.8989590" lon="6.6409780">
    <ele>1283.0</ele>
   </trkpt>
   <trkpt lat="44.8989660" lon="6.6410180">
    <ele>1283.3</ele>
   </trkpt>
   <trkpt lat="44.8989700" lon="6.6410320">
    <ele>1283.4</ele>
   </trkpt>
   <trkpt lat="44.8989830" lon="6.6410660">
    <ele>1283.6</ele>
   </trkpt>
   <trkpt lat="44.8989880" lon="6.6410780">
    <ele>1283.6</ele>
   </trkpt>
   <trkpt lat="44.8990060" lon="6.6411150">
    <ele>1283.9</ele>
   </trkpt>
   <trkpt lat="44.8990120" lon="6.6411280">
    <ele>1284.0</ele>
   </trkpt>
   <trkpt lat="44.8990290" lon="6.6411650">
    <ele>1284.3</ele>
   </trkpt>
   <trkpt lat="44.8990350" lon="6.6411790">
    <ele>1284.5</ele>
   </trkpt>
   <trkpt lat="44.8990610" lon="6.6412190">
    <ele>1285.0</ele>
   </trkpt>
   <trkpt lat="44.8990700" lon="6.6412310">
    <ele>1285.2</ele>
   </trkpt>
   <trkpt lat="44.8990940" lon="6.6412520">
    <ele>1285.6</ele>
   </trkpt>
   <trkpt lat="44.8991270" lon="6.6412790">
    <ele>1286.1</ele>
   </trkpt>
   <trkpt lat="44.8991370" lon="6.6412880">
    <ele>1286.3</ele>
   </trkpt>
   <trkpt lat="44.8991690" lon="6.6413110">
    <ele>1286.8</ele>
   </trkpt>
   <trkpt lat="44.8991790" lon="6.6413180">
    <ele>1287.0</ele>
   </trkpt>
   <trkpt lat="44.8992300" lon="6.6413360">
    <ele>1287.3</ele>
   </trkpt>
   <trkpt lat="44.8992760" lon="6.6413510">
    <ele>1287.5</ele>
   </trkpt>
   <trkpt lat="44.8993150" lon="6.6413570">
    <ele>1287.7</ele>
   </trkpt>
   <trkpt lat="44.8993270" lon="6.6413560">
    <ele>1287.7</ele>
   </trkpt>
   <trkpt lat="44.8993660" lon="6.6413500">
    <ele>1287.9</ele>
   </trkpt>
   <trkpt lat="44.8993790" lon="6.6413470">
    <ele>1288.1</ele>
   </trkpt>
   <trkpt lat="44.8994140" lon="6.6413350">
    <ele>1288.6</ele>
   </trkpt>
   <trkpt lat="44.8994230" lon="6.6413320">
    <ele>1288.7</ele>
   </trkpt>
   <trkpt lat="44.8994500" lon="6.6413190">
    <ele>1289.1</ele>
   </trkpt>
   <trkpt lat="44.8994870" lon="6.6412980">
    <ele>1289.7</ele>
   </trkpt>
   <trkpt lat="44.8995000" lon="6.6412900">
    <ele>1289.9</ele>
   </trkpt>
   <trkpt lat="44.8995290" lon="6.6412790">
    <ele>1290.4</ele>
   </trkpt>
   <trkpt lat="44.8995550" lon="6.6412690">
    <ele>1290.8</ele>
   </trkpt>
   <trkpt lat="44.8995930" lon="6.6412480">
    <ele>1291.2</ele>
   </trkpt>
   <trkpt lat="44.8996050" lon="6.6412410">
    <ele>1291.3</ele>
   </trkpt>
   <trkpt lat="44.8996340" lon="6.6412290">
    <ele>1291.4</ele>
   </trkpt>
   <trkpt lat="44.8996620" lon="6.6412140">
    <ele>1291.6</ele>
   </trkpt>
   <trkpt lat="44.8996900" lon="6.6411970">
    <ele>1291.7</ele>
   </trkpt>
   <trkpt lat="44.8997250" lon="6.6411800">
    <ele>1291.9</ele>
   </trkpt>
   <trkpt lat="44.8997370" lon="6.6411750">
    <ele>1292.0</ele>
   </trkpt>
   <trkpt lat="44.8997630" lon="6.6411620">
    <ele>1292.1</ele>
   </trkpt>
   <trkpt lat="44.8997910" lon="6.6411530">
    <ele>1292.3</ele>
   </trkpt>
   <trkpt lat="44.8998150" lon="6.6411440">
    <ele>1292.4</ele>
   </trkpt>
   <trkpt lat="44.8998590" lon="6.6411160">
    <ele>1292.6</ele>
   </trkpt>
   <trkpt lat="44.8998960" lon="6.6410920">
    <ele>1292.8</ele>
   </trkpt>
   <trkpt lat="44.8999090" lon="6.6410810">
    <ele>1292.8</ele>
   </trkpt>
   <trkpt lat="44.8999340" lon="6.6410640">
    <ele>1293.0</ele>
   </trkpt>
   <trkpt lat="44.8999720" lon="6.6410490">
    <ele>1293.2</ele>
   </trkpt>
   <trkpt lat="44.8999860" lon="6.6410450">
    <ele>1293.3</ele>
   </trkpt>
   <trkpt lat="44.9000250" lon="6.6410250">
    <ele>1293.7</ele>
   </trkpt>
   <trkpt lat="44.9000380" lon="6.6410180">
    <ele>1293.8</ele>
   </trkpt>
   <trkpt lat="44.9000700" lon="6.6409990">
    <ele>1294.1</ele>
   </trkpt>
   <trkpt lat="44.9000800" lon="6.6409930">
    <ele>1294.2</ele>
   </trkpt>
   <trkpt lat="44.9001170" lon="6.6409730">
    <ele>1294.6</ele>
   </trkpt>
   <trkpt lat="44.9001290" lon="6.6409660">
    <ele>1294.7</ele>
   </trkpt>
   <trkpt lat="44.9001530" lon="6.6409480">
    <ele>1294.9</ele>
   </trkpt>
   <trkpt lat="44.9001980" lon="6.6409220">
    <ele>1295.3</ele>
   </trkpt>
   <trkpt lat="44.9002330" lon="6.6409050">
    <ele>1295.7</ele>
   </trkpt>
   <trkpt lat="44.9002440" lon="6.6409000">
    <ele>1295.8</ele>
   </trkpt>
   <trkpt lat="44.9002700" lon="6.6408880">
    <ele>1296.0</ele>
   </trkpt>
   <trkpt lat="44.9003010" lon="6.6408780">
    <ele>1296.3</ele>
   </trkpt>
   <trkpt lat="44.9003280" lon="6.6408720">
    <ele>1296.6</ele>
   </trkpt>
   <trkpt lat="44.9003660" lon="6.6408600">
    <ele>1296.9</ele>
   </trkpt>
   <trkpt lat="44.9003780" lon="6.6408540">
    <ele>1297.1</ele>
   </trkpt>
   <trkpt lat="44.9004120" lon="6.6408290">
    <ele>1297.4</ele>
   </trkpt>
   <trkpt lat="44.9004240" lon="6.6408210">
    <ele>1297.6</ele>
   </trkpt>
   <trkpt lat="44.9004610" lon="6.6408040">
    <ele>1297.9</ele>
   </trkpt>
   <trkpt lat="44.9004720" lon="6.6407980">
    <ele>1297.9</ele>
   </trkpt>
   <trkpt lat="44.9005090" lon="6.6407800">
    <ele>1298.0</ele>
   </trkpt>
   <trkpt lat="44.9005210" lon="6.6407720">
    <ele>1298.0</ele>
   </trkpt>
   <trkpt lat="44.9005540" lon="6.6407450">
    <ele>1298.1</ele>
   </trkpt>
   <trkpt lat="44.9005650" lon="6.6407350">
    <ele>1298.1</ele>
   </trkpt>
   <trkpt lat="44.9005890" lon="6.6407150">
    <ele>1298.2</ele>
   </trkpt>
   <trkpt lat="44.9006230" lon="6.6406870">
    <ele>1298.3</ele>
   </trkpt>
   <trkpt lat="44.9006330" lon="6.6406760">
    <ele>1298.4</ele>
   </trkpt>
   <trkpt lat="44.9006500" lon="6.6406350">
    <ele>1298.8</ele>
   </trkpt>
   <trkpt lat="44.9006590" lon="6.6406180">
    <ele>1298.9</ele>
   </trkpt>
   <trkpt lat="44.9006850" lon="6.6405940">
    <ele>1299.2</ele>
   </trkpt>
   <trkpt lat="44.9007070" lon="6.6405640">
    <ele>1299.6</ele>
   </trkpt>
   <trkpt lat="44.9007160" lon="6.6405520">
    <ele>1299.7</ele>
   </trkpt>
   <trkpt lat="44.9007410" lon="6.6405260">
    <ele>1300.0</ele>
   </trkpt>
   <trkpt lat="44.9007680" lon="6.6405020">
    <ele>1300.3</ele>
   </trkpt>
   <trkpt lat="44.9008010" lon="6.6404780">
    <ele>1300.7</ele>
   </trkpt>
   <trkpt lat="44.9008130" lon="6.6404700">
    <ele>1300.8</ele>
   </trkpt>
   <trkpt lat="44.9008440" lon="6.6404390">
    <ele>1301.2</ele>
   </trkpt>
   <trkpt lat="44.9008520" lon="6.6404250">
    <ele>1301.3</ele>
   </trkpt>
   <trkpt lat="44.9008740" lon="6.6404000">
    <ele>1301.6</ele>
   </trkpt>
   <trkpt lat="44.9008970" lon="6.6403800">
    <ele>1301.8</ele>
   </trkpt>
   <trkpt lat="44.9009280" lon="6.6403470">
    <ele>1302.2</ele>
   </trkpt>
   <trkpt lat="44.9009390" lon="6.6403360">
    <ele>1302.3</ele>
   </trkpt>
   <trkpt lat="44.9009620" lon="6.6403150">
    <ele>1302.6</ele>
   </trkpt>
   <trkpt lat="44.9009860" lon="6.6402960">
    <ele>1302.8</ele>
   </trkpt>
   <trkpt lat="44.9010130" lon="6.6402750">
    <ele>1303.1</ele>
   </trkpt>
   <trkpt lat="44.9010420" lon="6.6402490">
    <ele>1303.4</ele>
   </trkpt>
   <trkpt lat="44.9010660" lon="6.6402250">
    <ele>1303.7</ele>
   </trkpt>
   <trkpt lat="44.9010910" lon="6.6402020">
    <ele>1303.9</ele>
   </trkpt>
   <trkpt lat="44.9011180" lon="6.6401800">
    <ele>1304.0</ele>
   </trkpt>
   <trkpt lat="44.9011400" lon="6.6401490">
    <ele>1304.2</ele>
   </trkpt>
   <trkpt lat="44.9011650" lon="6.6401150">
    <ele>1304.3</ele>
   </trkpt>
   <trkpt lat="44.9011870" lon="6.6400910">
    <ele>1304.4</ele>
   </trkpt>
   <trkpt lat="44.9012120" lon="6.6400690">
    <ele>1304.5</ele>
   </trkpt>
   <trkpt lat="44.9012340" lon="6.6400460">
    <ele>1304.6</ele>
   </trkpt>
   <trkpt lat="44.9012590" lon="6.6400200">
    <ele>1304.8</ele>
   </trkpt>
   <trkpt lat="44.9012860" lon="6.6399990">
    <ele>1304.9</ele>
   </trkpt>
   <trkpt lat="44.9013100" lon="6.6399770">
    <ele>1305.0</ele>
   </trkpt>
   <trkpt lat="44.9013350" lon="6.6399540">
    <ele>1305.2</ele>
   </trkpt>
   <trkpt lat="44.9013590" lon="6.6399270">
    <ele>1305.3</ele>
   </trkpt>
   <trkpt lat="44.9014030" lon="6.6398840">
    <ele>1305.7</ele>
   </trkpt>
   <trkpt lat="44.9014280" lon="6.6398580">
    <ele>1306.0</ele>
   </trkpt>
   <trkpt lat="44.9014530" lon="6.6398330">
    <ele>1306.3</ele>
   </trkpt>
   <trkpt lat="44.9014770" lon="6.6398090">
    <ele>1306.6</ele>
   </trkpt>
   <trkpt lat="44.9015040" lon="6.6397860">
    <ele>1306.9</ele>
   </trkpt>
   <trkpt lat="44.9015290" lon="6.6397630">
    <ele>1307.2</ele>
   </trkpt>
   <trkpt lat="44.9015520" lon="6.6397340">
    <ele>1307.5</ele>
   </trkpt>
   <trkpt lat="44.9015760" lon="6.6397070">
    <ele>1307.7</ele>
   </trkpt>
   <trkpt lat="44.9016010" lon="6.6396800">
    <ele>1307.8</ele>
   </trkpt>
   <trkpt lat="44.9016280" lon="6.6396550">
    <ele>1308.0</ele>
   </trkpt>
   <trkpt lat="44.9016540" lon="6.6396320">
    <ele>1308.2</ele>
   </trkpt>
   <trkpt lat="44.9016900" lon="6.6395960">
    <ele>1308.9</ele>
   </trkpt>
   <trkpt lat="44.9017050" lon="6.6395790">
    <ele>1309.2</ele>
   </trkpt>
   <trkpt lat="44.9017300" lon="6.6395520">
    <ele>1309.7</ele>
   </trkpt>
   <trkpt lat="44.9017510" lon="6.6395200">
    <ele>1310.2</ele>
   </trkpt>
   <trkpt lat="44.9017720" lon="6.6394900">
    <ele>1310.7</ele>
   </trkpt>
   <trkpt lat="44.9018050" lon="6.6394590">
    <ele>1311.3</ele>
   </trkpt>
   <trkpt lat="44.9018170" lon="6.6394470">
    <ele>1311.4</ele>
   </trkpt>
   <trkpt lat="44.9018430" lon="6.6394220">
    <ele>1311.5</ele>
   </trkpt>
   <trkpt lat="44.9018680" lon="6.6394020">
    <ele>1311.7</ele>
   </trkpt>
   <trkpt lat="44.9018930" lon="6.6393800">
    <ele>1311.8</ele>
   </trkpt>
   <trkpt lat="44.9019150" lon="6.6393550">
    <ele>1311.9</ele>
   </trkpt>
   <trkpt lat="44.9019590" lon="6.6393070">
    <ele>1312.2</ele>
   </trkpt>
   <trkpt lat="44.9019810" lon="6.6392820">
    <ele>1312.3</ele>
   </trkpt>
   <trkpt lat="44.9020060" lon="6.6392620">
    <ele>1312.4</ele>
   </trkpt>
   <trkpt lat="44.9020320" lon="6.6392430">
    <ele>1312.6</ele>
   </trkpt>
   <trkpt lat="44.9020560" lon="6.6392220">
    <ele>1312.8</ele>
   </trkpt>
   <trkpt lat="44.9020820" lon="6.6391970">
    <ele>1313.0</ele>
   </trkpt>
   <trkpt lat="44.9021070" lon="6.6391700">
    <ele>1313.2</ele>
   </trkpt>
   <trkpt lat="44.9021380" lon="6.6391400">
    <ele>1313.5</ele>
   </trkpt>
   <trkpt lat="44.9021690" lon="6.6391290">
    <ele>1313.7</ele>
   </trkpt>
   <trkpt lat="44.9021970" lon="6.6391280">
    <ele>1313.9</ele>
   </trkpt>
   <trkpt lat="44.9022240" lon="6.6391410">
    <ele>1314.1</ele>
   </trkpt>
   <trkpt lat="44.9022480" lon="6.6391620">
    <ele>1314.2</ele>
   </trkpt>
   <trkpt lat="44.9022680" lon="6.6391980">
    <ele>1314.4</ele>
   </trkpt>
   <trkpt lat="44.9022740" lon="6.6392120">
    <ele>1314.5</ele>
   </trkpt>
   <trkpt lat="44.9022790" lon="6.6392340">
    <ele>1314.6</ele>
   </trkpt>
   <trkpt lat="44.9022840" lon="6.6392500">
    <ele>1314.6</ele>
   </trkpt>
   <trkpt lat="44.9022820" lon="6.6392630">
    <ele>1314.7</ele>
   </trkpt>
   <trkpt lat="44.9022760" lon="6.6392700">
    <ele>1314.7</ele>
   </trkpt>
   <trkpt lat="44.9022740" lon="6.6392760">
    <ele>1314.7</ele>
   </trkpt>
   <trkpt lat="44.9022710" lon="6.6392900">
    <ele>1314.8</ele>
   </trkpt>
   <trkpt lat="44.9022710" lon="6.6393100">
    <ele>1314.8</ele>
   </trkpt>
   <trkpt lat="44.9022720" lon="6.6393280">
    <ele>1314.9</ele>
   </trkpt>
   <trkpt lat="44.9022690" lon="6.6393490">
    <ele>1314.9</ele>
   </trkpt>
   <trkpt lat="44.9022630" lon="6.6393630">
    <ele>1314.9</ele>
   </trkpt>
   <trkpt lat="44.9022620" lon="6.6393720">
    <ele>1315.0</ele>
   </trkpt>
   <trkpt lat="44.9022610" lon="6.6393770">
    <ele>1315.0</ele>
   </trkpt>
   <trkpt lat="44.9022600" lon="6.6393820">
    <ele>1315.0</ele>
   </trkpt>
   <trkpt lat="44.9022600" lon="6.6393880">
    <ele>1315.0</ele>
   </trkpt>
   <trkpt lat="44.9022590" lon="6.6393930">
    <ele>1315.1</ele>
   </trkpt>
   <trkpt lat="44.9022590" lon="6.6393980">
    <ele>1315.1</ele>
   </trkpt>
   <trkpt lat="44.9022580" lon="6.6394030">
    <ele>1315.1</ele>
   </trkpt>
   <trkpt lat="44.9022580" lon="6.6394080">
    <ele>1315.1</ele>
   </trkpt>
   <trkpt lat="44.9022570" lon="6.6394140">
    <ele>1315.2</ele>
   </trkpt>
   <trkpt lat="44.9022570" lon="6.6394190">
    <ele>1315.2</ele>
   </trkpt>
   <trkpt lat="44.9022560" lon="6.6394240">
    <ele>1315.2</ele>
   </trkpt>
   <trkpt lat="44.9022560" lon="6.6394290">
    <ele>1315.2</ele>
   </trkpt>
   <trkpt lat="44.9022550" lon="6.6394350">
    <ele>1315.3</ele>
   </trkpt>
   <trkpt lat="44.9022550" lon="6.6394400">
    <ele>1315.3</ele>
   </trkpt>
   <trkpt lat="44.9022540" lon="6.6394450">
    <ele>1315.3</ele>
   </trkpt>
   <trkpt lat="44.9022540" lon="6.6394500">
    <ele>1315.3</ele>
   </trkpt>
   <trkpt lat="44.9022530" lon="6.6394550">
    <ele>1315.3</ele>
   </trkpt>
   <trkpt lat="44.9022530" lon="6.6394610">
    <ele>1315.4</ele>
   </trkpt>
   <trkpt lat="44.9022520" lon="6.6394660">
    <ele>1315.4</ele>
   </trkpt>
   <trkpt lat="44.9022520" lon="6.6394710">
    <ele>1315.4</ele>
   </trkpt>
   <trkpt lat="44.9022510" lon="6.6394760">
    <ele>1315.4</ele>
   </trkpt>
   <trkpt lat="44.9022510" lon="6.6394810">
    <ele>1315.5</ele>
   </trkpt>
   <trkpt lat="44.9022500" lon="6.6394870">
    <ele>1315.5</ele>
   </trkpt>
   <trkpt lat="44.9022500" lon="6.6394920">
    <ele>1315.5</ele>
   </trkpt>
   <trkpt lat="44.9022490" lon="6.6394970">
    <ele>1315.5</ele>
   </trkpt>
   <trkpt lat="44.9022420" lon="6.6395490">
    <ele>1315.8</ele>
   </trkpt>
   <trkpt lat="44.9022330" lon="6.6395930">
    <ele>1316.0</ele>
   </trkpt>
   <trkpt lat="44.9022250" lon="6.6396310">
    <ele>1316.2</ele>
   </trkpt>
   <trkpt lat="44.9022180" lon="6.6396760">
    <ele>1316.4</ele>
   </trkpt>
   <trkpt lat="44.9022100" lon="6.6397200">
    <ele>1316.6</ele>
   </trkpt>
   <trkpt lat="44.9021980" lon="6.6397620">
    <ele>1316.8</ele>
   </trkpt>
   <trkpt lat="44.9021890" lon="6.6398030">
    <ele>1317.0</ele>
   </trkpt>
   <trkpt lat="44.9021850" lon="6.6398480">
    <ele>1317.2</ele>
   </trkpt>
   <trkpt lat="44.9021770" lon="6.6398860">
    <ele>1317.4</ele>
   </trkpt>
   <trkpt lat="44.9021690" lon="6.6399290">
    <ele>1317.6</ele>
   </trkpt>
   <trkpt lat="44.9021610" lon="6.6399740">
    <ele>1317.8</ele>
   </trkpt>
   <trkpt lat="44.9021530" lon="6.6400160">
    <ele>1318.0</ele>
   </trkpt>
   <trkpt lat="44.9021460" lon="6.6400590">
    <ele>1318.2</ele>
   </trkpt>
   <trkpt lat="44.9021370" lon="6.6401020">
    <ele>1318.4</ele>
   </trkpt>
   <trkpt lat="44.9021300" lon="6.6401430">
    <ele>1318.6</ele>
   </trkpt>
   <trkpt lat="44.9021230" lon="6.6401840">
    <ele>1318.7</ele>
   </trkpt>
   <trkpt lat="44.9021120" lon="6.6402390">
    <ele>1318.9</ele>
   </trkpt>
   <trkpt lat="44.9021070" lon="6.6402580">
    <ele>1319.0</ele>
   </trkpt>
   <trkpt lat="44.9020990" lon="6.6403170">
    <ele>1319.3</ele>
   </trkpt>
   <trkpt lat="44.9020970" lon="6.6403390">
    <ele>1319.3</ele>
   </trkpt>
   <trkpt lat="44.9020920" lon="6.6403810">
    <ele>1319.5</ele>
   </trkpt>
   <trkpt lat="44.9020840" lon="6.6404200">
    <ele>1319.7</ele>
   </trkpt>
   <trkpt lat="44.9020800" lon="6.6404610">
    <ele>1319.8</ele>
   </trkpt>
   <trkpt lat="44.9020740" lon="6.6404980">
    <ele>1320.0</ele>
   </trkpt>
   <trkpt lat="44.9020670" lon="6.6405420">
    <ele>1320.2</ele>
   </trkpt>
   <trkpt lat="44.9020540" lon="6.6405790">
    <ele>1320.3</ele>
   </trkpt>
   <trkpt lat="44.9020460" lon="6.6406190">
    <ele>1320.4</ele>
   </trkpt>
   <trkpt lat="44.9020400" lon="6.6406590">
    <ele>1320.4</ele>
   </trkpt>
   <trkpt lat="44.9020310" lon="6.6406980">
    <ele>1320.5</ele>
   </trkpt>
   <trkpt lat="44.9020170" lon="6.6407540">
    <ele>1320.6</ele>
   </trkpt>
   <trkpt lat="44.9020130" lon="6.6407740">
    <ele>1320.6</ele>
   </trkpt>
   <trkpt lat="44.9020050" lon="6.6408130">
    <ele>1320.7</ele>
   </trkpt>
   <trkpt lat="44.9019940" lon="6.6408580">
    <ele>1320.8</ele>
   </trkpt>
   <trkpt lat="44.9019810" lon="6.6408980">
    <ele>1320.9</ele>
   </trkpt>
   <trkpt lat="44.9019720" lon="6.6409450">
    <ele>1320.9</ele>
   </trkpt>
   <trkpt lat="44.9019610" lon="6.6409950">
    <ele>1321.2</ele>
   </trkpt>
   <trkpt lat="44.9019520" lon="6.6410370">
    <ele>1321.4</ele>
   </trkpt>
   <trkpt lat="44.9019430" lon="6.6410840">
    <ele>1321.6</ele>
   </trkpt>
   <trkpt lat="44.9019370" lon="6.6411350">
    <ele>1321.8</ele>
   </trkpt>
   <trkpt lat="44.9019290" lon="6.6411830">
    <ele>1322.1</ele>
   </trkpt>
   <trkpt lat="44.9019230" lon="6.6412290">
    <ele>1322.3</ele>
   </trkpt>
   <trkpt lat="44.9019190" lon="6.6412750">
    <ele>1322.5</ele>
   </trkpt>
   <trkpt lat="44.9019110" lon="6.6413550">
    <ele>1322.9</ele>
   </trkpt>
   <trkpt lat="44.9019030" lon="6.6413920">
    <ele>1323.1</ele>
   </trkpt>
   <trkpt lat="44.9018930" lon="6.6414400">
    <ele>1323.4</ele>
   </trkpt>
   <trkpt lat="44.9018880" lon="6.6414580">
    <ele>1323.5</ele>
   </trkpt>
   <trkpt lat="44.9018760" lon="6.6415130">
    <ele>1323.8</ele>
   </trkpt>
   <trkpt lat="44.9018720" lon="6.6415320">
    <ele>1323.9</ele>
   </trkpt>
   <trkpt lat="44.9018660" lon="6.6415700">
    <ele>1324.1</ele>
   </trkpt>
   <trkpt lat="44.9018610" lon="6.6416090">
    <ele>1324.3</ele>
   </trkpt>
   <trkpt lat="44.9018580" lon="6.6416510">
    <ele>1324.5</ele>
   </trkpt>
   <trkpt lat="44.9018550" lon="6.6416970">
    <ele>1324.7</ele>
   </trkpt>
   <trkpt lat="44.9018520" lon="6.6417380">
    <ele>1324.8</ele>
   </trkpt>
   <trkpt lat="44.9018460" lon="6.6417790">
    <ele>1324.9</ele>
   </trkpt>
   <trkpt lat="44.9018360" lon="6.6418240">
    <ele>1325.1</ele>
   </trkpt>
   <trkpt lat="44.9018280" lon="6.6418710">
    <ele>1325.3</ele>
   </trkpt>
   <trkpt lat="44.9018180" lon="6.6419170">
    <ele>1325.4</ele>
   </trkpt>
   <trkpt lat="44.9018090" lon="6.6419650">
    <ele>1325.6</ele>
   </trkpt>
   <trkpt lat="44.9017990" lon="6.6420150">
    <ele>1325.7</ele>
   </trkpt>
   <trkpt lat="44.9017910" lon="6.6420610">
    <ele>1325.8</ele>
   </trkpt>
   <trkpt lat="44.9017800" lon="6.6421090">
    <ele>1326.0</ele>
   </trkpt>
   <trkpt lat="44.9017690" lon="6.6421520">
    <ele>1326.1</ele>
   </trkpt>
   <trkpt lat="44.9017590" lon="6.6421940">
    <ele>1326.4</ele>
   </trkpt>
   <trkpt lat="44.9017500" lon="6.6422390">
    <ele>1326.7</ele>
   </trkpt>
   <trkpt lat="44.9017440" lon="6.6422870">
    <ele>1327.0</ele>
   </trkpt>
   <trkpt lat="44.9017330" lon="6.6423340">
    <ele>1327.3</ele>
   </trkpt>
   <trkpt lat="44.9017260" lon="6.6423800">
    <ele>1327.5</ele>
   </trkpt>
   <trkpt lat="44.9017160" lon="6.6424210">
    <ele>1327.8</ele>
   </trkpt>
   <trkpt lat="44.9017020" lon="6.6424640">
    <ele>1328.1</ele>
   </trkpt>
   <trkpt lat="44.9016910" lon="6.6425040">
    <ele>1328.3</ele>
   </trkpt>
   <trkpt lat="44.9016820" lon="6.6425490">
    <ele>1328.6</ele>
   </trkpt>
   <trkpt lat="44.9016720" lon="6.6425990">
    <ele>1328.9</ele>
   </trkpt>
   <trkpt lat="44.9016610" lon="6.6426510">
    <ele>1329.0</ele>
   </trkpt>
   <trkpt lat="44.9016500" lon="6.6427030">
    <ele>1329.2</ele>
   </trkpt>
   <trkpt lat="44.9016360" lon="6.6427520">
    <ele>1329.3</ele>
   </trkpt>
   <trkpt lat="44.9016270" lon="6.6428130">
    <ele>1329.5</ele>
   </trkpt>
   <trkpt lat="44.9016180" lon="6.6428630">
    <ele>1329.7</ele>
   </trkpt>
   <trkpt lat="44.9016100" lon="6.6429080">
    <ele>1329.8</ele>
   </trkpt>
   <trkpt lat="44.9016060" lon="6.6429540">
    <ele>1329.9</ele>
   </trkpt>
   <trkpt lat="44.9016070" lon="6.6430000">
    <ele>1330.0</ele>
   </trkpt>
   <trkpt lat="44.9016180" lon="6.6430490">
    <ele>1330.2</ele>
   </trkpt>
   <trkpt lat="44.9016190" lon="6.6431060">
    <ele>1330.3</ele>
   </trkpt>
   <trkpt lat="44.9016110" lon="6.6431580">
    <ele>1330.5</ele>
   </trkpt>
   <trkpt lat="44.9015950" lon="6.6432060">
    <ele>1330.6</ele>
   </trkpt>
   <trkpt lat="44.9015830" lon="6.6432550">
    <ele>1330.7</ele>
   </trkpt>
   <trkpt lat="44.9015710" lon="6.6433010">
    <ele>1330.9</ele>
   </trkpt>
   <trkpt lat="44.9015590" lon="6.6433440">
    <ele>1331.0</ele>
   </trkpt>
   <trkpt lat="44.9015760" lon="6.6433610">
    <ele>1331.8</ele>
   </trkpt>
   <trkpt lat="44.9015890" lon="6.6433500">
    <ele>1331.8</ele>
   </trkpt>
   <trkpt lat="44.9016020" lon="6.6433390">
    <ele>1331.8</ele>
   </trkpt>
   <trkpt lat="44.9016160" lon="6.6432920">
    <ele>1331.8</ele>
   </trkpt>
   <trkpt lat="44.9016190" lon="6.6432740">
    <ele>1331.8</ele>
   </trkpt>
   <trkpt lat="44.9016350" lon="6.6432240">
    <ele>1331.8</ele>
   </trkpt>
   <trkpt lat="44.9016400" lon="6.6432080">
    <ele>1331.8</ele>
   </trkpt>
   <trkpt lat="44.9016490" lon="6.6431670">
    <ele>1331.9</ele>
   </trkpt>
   <trkpt lat="44.9016530" lon="6.6431520">
    <ele>1331.9</ele>
   </trkpt>
   <trkpt lat="44.9016720" lon="6.6431050">
    <ele>1331.9</ele>
   </trkpt>
   <trkpt lat="44.9016780" lon="6.6430870">
    <ele>1331.9</ele>
   </trkpt>
   <trkpt lat="44.9016850" lon="6.6430320">
    <ele>1332.0</ele>
   </trkpt>
   <trkpt lat="44.9016870" lon="6.6430140">
    <ele>1332.0</ele>
   </trkpt>
   <trkpt lat="44.9016990" lon="6.6429650">
    <ele>1332.0</ele>
   </trkpt>
   <trkpt lat="44.9017020" lon="6.6429470">
    <ele>1332.0</ele>
   </trkpt>
   <trkpt lat="44.9017150" lon="6.6429110">
    <ele>1332.0</ele>
   </trkpt>
   <trkpt lat="44.9017360" lon="6.6428660">
    <ele>1332.1</ele>
   </trkpt>
   <trkpt lat="44.9017430" lon="6.6428530">
    <ele>1332.1</ele>
   </trkpt>
   <trkpt lat="44.9017600" lon="6.6428180">
    <ele>1332.1</ele>
   </trkpt>
   <trkpt lat="44.9017650" lon="6.6428060">
    <ele>1332.1</ele>
   </trkpt>
   <trkpt lat="44.9017650" lon="6.6427850">
    <ele>1332.1</ele>
   </trkpt>
   <trkpt lat="44.9017490" lon="6.6427840">
    <ele>1332.1</ele>
   </trkpt>
   <trkpt lat="44.9017340" lon="6.6428010">
    <ele>1332.1</ele>
   </trkpt>
   <trkpt lat="44.9017250" lon="6.6428390">
    <ele>1332.1</ele>
   </trkpt>
   <trkpt lat="44.9017240" lon="6.6428500">
    <ele>1332.1</ele>
   </trkpt>
   <trkpt lat="44.9017230" lon="6.6428670">
    <ele>1332.1</ele>
   </trkpt>
   <trkpt lat="44.9017140" lon="6.6428810">
    <ele>1332.1</ele>
   </trkpt>
   <trkpt lat="44.9017100" lon="6.6428960">
    <ele>1332.0</ele>
   </trkpt>
   <trkpt lat="44.9017070" lon="6.6429080">
    <ele>1332.0</ele>
   </trkpt>
   <trkpt lat="44.9017110" lon="6.6429130">
    <ele>1332.0</ele>
   </trkpt>
   <trkpt lat="44.9017090" lon="6.6429120">
    <ele>1332.0</ele>
   </trkpt>
   <trkpt lat="44.9017050" lon="6.6429120">
    <ele>1332.0</ele>
   </trkpt>
   <trkpt lat="44.9017040" lon="6.6429140">
    <ele>1332.0</ele>
   </trkpt>
   <trkpt lat="44.9017040" lon="6.6429160">
    <ele>1332.0</ele>
   </trkpt>
   <trkpt lat="44.9017040" lon="6.6429270">
    <ele>1332.0</ele>
   </trkpt>
   <trkpt lat="44.9017020" lon="6.6429430">
    <ele>1332.0</ele>
   </trkpt>
   <trkpt lat="44.9016970" lon="6.6429840">
    <ele>1332.0</ele>
   </trkpt>
   <trkpt lat="44.9016940" lon="6.6429980">
    <ele>1332.0</ele>
   </trkpt>
   <trkpt lat="44.9016850" lon="6.6430210">
    <ele>1331.9</ele>
   </trkpt>
   <trkpt lat="44.9016780" lon="6.6430270">
    <ele>1331.9</ele>
   </trkpt>
   <trkpt lat="44.9016740" lon="6.6430300">
    <ele>1331.9</ele>
   </trkpt>
   <trkpt lat="44.9016710" lon="6.6430320">
    <ele>1331.9</ele>
   </trkpt>
   <trkpt lat="44.9016690" lon="6.6430430">
    <ele>1331.9</ele>
   </trkpt>
   <trkpt lat="44.9016660" lon="6.6430530">
    <ele>1331.9</ele>
   </trkpt>
   <trkpt lat="44.9016640" lon="6.6430640">
    <ele>1331.9</ele>
   </trkpt>
   <trkpt lat="44.9016620" lon="6.6430740">
    <ele>1331.9</ele>
   </trkpt>
   <trkpt lat="44.9016600" lon="6.6430840">
    <ele>1331.9</ele>
   </trkpt>
   <trkpt lat="44.9016580" lon="6.6430950">
    <ele>1331.9</ele>
   </trkpt>
   <trkpt lat="44.9016550" lon="6.6431050">
    <ele>1331.9</ele>
   </trkpt>
   <trkpt lat="44.9016530" lon="6.6431160">
    <ele>1331.9</ele>
   </trkpt>
   <trkpt lat="44.9016510" lon="6.6431260">
    <ele>1331.8</ele>
   </trkpt>
   <trkpt lat="44.9016330" lon="6.6431650">
    <ele>1331.8</ele>
   </trkpt>
   <trkpt lat="44.9016170" lon="6.6432210">
    <ele>1331.8</ele>
   </trkpt>
   <trkpt lat="44.9016070" lon="6.6432810">
    <ele>1331.0</ele>
   </trkpt>
   <trkpt lat="44.9016000" lon="6.6433290">
    <ele>1331.5</ele>
   </trkpt>
   <trkpt lat="44.9015860" lon="6.6433810">
    <ele>1332.0</ele>
   </trkpt>
   <trkpt lat="44.9015790" lon="6.6434360">
    <ele>1332.6</ele>
   </trkpt>
   <trkpt lat="44.9015810" lon="6.6434960">
    <ele>1333.2</ele>
   </trkpt>
   <trkpt lat="44.9015700" lon="6.6435500">
    <ele>1333.7</ele>
   </trkpt>
   <trkpt lat="44.9015330" lon="6.6435870">
    <ele>1334.3</ele>
   </trkpt>
   <trkpt lat="44.9014860" lon="6.6436080">
    <ele>1333.7</ele>
   </trkpt>
   <trkpt lat="44.9014430" lon="6.6436340">
    <ele>1332.9</ele>
   </trkpt>
   <trkpt lat="44.9014140" lon="6.6436790">
    <ele>1332.2</ele>
   </trkpt>
   <trkpt lat="44.9013990" lon="6.6437400">
    <ele>1332.3</ele>
   </trkpt>
   <trkpt lat="44.9013830" lon="6.6438070">
    <ele>1332.6</ele>
   </trkpt>
   <trkpt lat="44.9013720" lon="6.6438700">
    <ele>1332.8</ele>
   </trkpt>
   <trkpt lat="44.9013630" lon="6.6439290">
    <ele>1333.0</ele>
   </trkpt>
   <trkpt lat="44.9013530" lon="6.6439800">
    <ele>1333.1</ele>
   </trkpt>
   <trkpt lat="44.9013500" lon="6.6440130">
    <ele>1333.2</ele>
   </trkpt>
   <trkpt lat="44.9013490" lon="6.6440290">
    <ele>1333.2</ele>
   </trkpt>
   <trkpt lat="44.9013520" lon="6.6440300">
    <ele>1333.2</ele>
   </trkpt>
   <trkpt lat="44.9013540" lon="6.6440290">
    <ele>1333.2</ele>
   </trkpt>
   <trkpt lat="44.9013530" lon="6.6440220">
    <ele>1333.2</ele>
   </trkpt>
   <trkpt lat="44.9013530" lon="6.6440200">
    <ele>1333.2</ele>
   </trkpt>
   <trkpt lat="44.9013530" lon="6.6440190">
    <ele>1333.2</ele>
   </trkpt>
   <trkpt lat="44.9013530" lon="6.6440190">
    <ele>1333.2</ele>
   </trkpt>
   <trkpt lat="44.9013530" lon="6.6440180">
    <ele>1333.2</ele>
   </trkpt>
   <trkpt lat="44.9013530" lon="6.6440180">
    <ele>1333.2</ele>
   </trkpt>
   <trkpt lat="44.9013530" lon="6.6440180">
    <ele>1333.2</ele>
   </trkpt>
   <trkpt lat="44.9013530" lon="6.6440180">
    <ele>1333.2</ele>
   </trkpt>
   <trkpt lat="44.9013530" lon="6.6440180">
    <ele>1333.2</ele>
   </trkpt>
   <trkpt lat="44.9013530" lon="6.6440180">
    <ele>1333.2</ele>
   </trkpt>
   <trkpt lat="44.9013530" lon="6.6440180">
    <ele>1333.2</ele>
   </trkpt>
   <trkpt lat="44.9013210" lon="6.6440410">
    <ele>1333.2</ele>
   </trkpt>
   <trkpt lat="44.9013020" lon="6.6440500">
    <ele>1333.3</ele>
   </trkpt>
   <trkpt lat="44.9012960" lon="6.6440720">
    <ele>1333.3</ele>
   </trkpt>
   <trkpt lat="44.9013000" lon="6.6440910">
    <ele>1333.3</ele>
   </trkpt>
   <trkpt lat="44.9012980" lon="6.6440890">
    <ele>1333.3</ele>
   </trkpt>
   <trkpt lat="44.9012950" lon="6.6440920">
    <ele>1333.3</ele>
   </trkpt>
   <trkpt lat="44.9012870" lon="6.6440840">
    <ele>1333.3</ele>
   </trkpt>
   <trkpt lat="44.9012860" lon="6.6440850">
    <ele>1333.3</ele>
   </trkpt>
   <trkpt lat="44.9012840" lon="6.6440880">
    <ele>1333.3</ele>
   </trkpt>
   <trkpt lat="44.9012840" lon="6.6440880">
    <ele>1333.3</ele>
   </trkpt>
   <trkpt lat="44.9012840" lon="6.6440870">
    <ele>1333.3</ele>
   </trkpt>
   <trkpt lat="44.9012840" lon="6.6440870">
    <ele>1333.3</ele>
   </trkpt>
   <trkpt lat="44.9012840" lon="6.6440870">
    <ele>1333.3</ele>
   </trkpt>
   <trkpt lat="44.9012840" lon="6.6440870">
    <ele>1333.3</ele>
   </trkpt>
   <trkpt lat="44.9012840" lon="6.6440870">
    <ele>1333.3</ele>
   </trkpt>
   <trkpt lat="44.9012840" lon="6.6440870">
    <ele>1333.3</ele>
   </trkpt>
   <trkpt lat="44.9012840" lon="6.6440870">
    <ele>1333.3</ele>
   </trkpt>
   <trkpt lat="44.9012840" lon="6.6440870">
    <ele>1333.3</ele>
   </trkpt>
   <trkpt lat="44.9013310" lon="6.6440400">
    <ele>1333.4</ele>
   </trkpt>
   <trkpt lat="44.9013480" lon="6.6440270">
    <ele>1333.4</ele>
   </trkpt>
   <trkpt lat="44.9013600" lon="6.6440210">
    <ele>1333.4</ele>
   </trkpt>
   <trkpt lat="44.9013690" lon="6.6440120">
    <ele>1333.4</ele>
   </trkpt>
   <trkpt lat="44.9013630" lon="6.6440110">
    <ele>1333.4</ele>
   </trkpt>
   <trkpt lat="44.9013520" lon="6.6440190">
    <ele>1333.5</ele>
   </trkpt>
   <trkpt lat="44.9013480" lon="6.6440190">
    <ele>1333.5</ele>
   </trkpt>
   <trkpt lat="44.9013420" lon="6.6440290">
    <ele>1333.5</ele>
   </trkpt>
   <trkpt lat="44.9013380" lon="6.6440410">
    <ele>1333.5</ele>
   </trkpt>
   <trkpt lat="44.9013360" lon="6.6440440">
    <ele>1333.5</ele>
   </trkpt>
   <trkpt lat="44.9013430" lon="6.6440460">
    <ele>1333.5</ele>
   </trkpt>
   <trkpt lat="44.9013470" lon="6.6440520">
    <ele>1333.5</ele>
   </trkpt>
   <trkpt lat="44.9013440" lon="6.6440590">
    <ele>1333.5</ele>
   </trkpt>
   <trkpt lat="44.9013400" lon="6.6440570">
    <ele>1333.5</ele>
   </trkpt>
   <trkpt lat="44.9013400" lon="6.6440540">
    <ele>1333.5</ele>
   </trkpt>
   <trkpt lat="44.9013360" lon="6.6440600">
    <ele>1333.5</ele>
   </trkpt>
   <trkpt lat="44.9013380" lon="6.6440690">
    <ele>1333.5</ele>
   </trkpt>
   <trkpt lat="44.9013380" lon="6.6440830">
    <ele>1333.6</ele>
   </trkpt>
   <trkpt lat="44.9013350" lon="6.6440900">
    <ele>1333.6</ele>
   </trkpt>
   <trkpt lat="44.9013350" lon="6.6440880">
    <ele>1333.6</ele>
   </trkpt>
   <trkpt lat="44.9013330" lon="6.6440850">
    <ele>1333.6</ele>
   </trkpt>
   <trkpt lat="44.9013290" lon="6.6440880">
    <ele>1333.6</ele>
   </trkpt>
   <trkpt lat="44.9013170" lon="6.6440770">
    <ele>1333.6</ele>
   </trkpt>
   <trkpt lat="44.9013080" lon="6.6440610">
    <ele>1333.6</ele>
   </trkpt>
   <trkpt lat="44.9013150" lon="6.6440560">
    <ele>1333.6</ele>
   </trkpt>
   <trkpt lat="44.9013170" lon="6.6440540">
    <ele>1333.6</ele>
   </trkpt>
   <trkpt lat="44.9013180" lon="6.6440540">
    <ele>1333.6</ele>
   </trkpt>
   <trkpt lat="44.9013180" lon="6.6440540">
    <ele>1333.6</ele>
   </trkpt>
   <trkpt lat="44.9013180" lon="6.6440540">
    <ele>1333.6</ele>
   </trkpt>
   <trkpt lat="44.9013180" lon="6.6440540">
    <ele>1333.6</ele>
   </trkpt>
   <trkpt lat="44.9013170" lon="6.6440530">
    <ele>1333.6</ele>
   </trkpt>
   <trkpt lat="44.9013170" lon="6.6440530">
    <ele>1333.6</ele>
   </trkpt>
   <trkpt lat="44.9013170" lon="6.6440530">
    <ele>1333.6</ele>
   </trkpt>
   <trkpt lat="44.9013210" lon="6.6440950">
    <ele>1333.7</ele>
   </trkpt>
   <trkpt lat="44.9013110" lon="6.6441090">
    <ele>1333.7</ele>
   </trkpt>
   <trkpt lat="44.9012990" lon="6.6441120">
    <ele>1333.7</ele>
   </trkpt>
   <trkpt lat="44.9012930" lon="6.6441120">
    <ele>1333.7</ele>
   </trkpt>
   <trkpt lat="44.9012900" lon="6.6441100">
    <ele>1333.7</ele>
   </trkpt>
   <trkpt lat="44.9012900" lon="6.6441070">
    <ele>1333.7</ele>
   </trkpt>
   <trkpt lat="44.9012920" lon="6.6441020">
    <ele>1333.7</ele>
   </trkpt>
   <trkpt lat="44.9012910" lon="6.6440930">
    <ele>1333.7</ele>
   </trkpt>
   <trkpt lat="44.9012930" lon="6.6440870">
    <ele>1333.7</ele>
   </trkpt>
   <trkpt lat="44.9012930" lon="6.6440890">
    <ele>1333.7</ele>
   </trkpt>
   <trkpt lat="44.9012920" lon="6.6440890">
    <ele>1333.7</ele>
   </trkpt>
   <trkpt lat="44.9012780" lon="6.6440990">
    <ele>1333.8</ele>
   </trkpt>
   <trkpt lat="44.9012770" lon="6.6441170">
    <ele>1333.8</ele>
   </trkpt>
   <trkpt lat="44.9012810" lon="6.6441150">
    <ele>1333.8</ele>
   </trkpt>
   <trkpt lat="44.9012870" lon="6.6441180">
    <ele>1333.8</ele>
   </trkpt>
   <trkpt lat="44.9012890" lon="6.6441190">
    <ele>1333.8</ele>
   </trkpt>
   <trkpt lat="44.9012890" lon="6.6441190">
    <ele>1333.8</ele>
   </trkpt>
   <trkpt lat="44.9012890" lon="6.6441190">
    <ele>1333.8</ele>
   </trkpt>
   <trkpt lat="44.9012900" lon="6.6441190">
    <ele>1333.8</ele>
   </trkpt>
   <trkpt lat="44.9012850" lon="6.6441090">
    <ele>1333.8</ele>
   </trkpt>
   <trkpt lat="44.9012850" lon="6.6440990">
    <ele>1333.8</ele>
   </trkpt>
   <trkpt lat="44.9012850" lon="6.6440960">
    <ele>1333.8</ele>
   </trkpt>
   <trkpt lat="44.9012850" lon="6.6440960">
    <ele>1333.8</ele>
   </trkpt>
   <trkpt lat="44.9013050" lon="6.6440700">
    <ele>1333.9</ele>
   </trkpt>
   <trkpt lat="44.9013090" lon="6.6440490">
    <ele>1333.9</ele>
   </trkpt>
   <trkpt lat="44.9013200" lon="6.6440350">
    <ele>1333.9</ele>
   </trkpt>
   <trkpt lat="44.9013440" lon="6.6440190">
    <ele>1334.0</ele>
   </trkpt>
   <trkpt lat="44.9013590" lon="6.6440180">
    <ele>1334.0</ele>
   </trkpt>
   <trkpt lat="44.9013700" lon="6.6440320">
    <ele>1334.0</ele>
   </trkpt>
   <trkpt lat="44.9013680" lon="6.6440530">
    <ele>1334.0</ele>
   </trkpt>
   <trkpt lat="44.9013610" lon="6.6440710">
    <ele>1334.0</ele>
   </trkpt>
   <trkpt lat="44.9013460" lon="6.6440770">
    <ele>1334.1</ele>
   </trkpt>
   <trkpt lat="44.9013350" lon="6.6440970">
    <ele>1334.1</ele>
   </trkpt>
   <trkpt lat="44.9013420" lon="6.6441200">
    <ele>1334.1</ele>
   </trkpt>
   <trkpt lat="44.9013480" lon="6.6441610">
    <ele>1334.2</ele>
   </trkpt>
   <trkpt lat="44.9013480" lon="6.6442150">
    <ele>1334.2</ele>
   </trkpt>
   <trkpt lat="44.9013440" lon="6.6442350">
    <ele>1334.2</ele>
   </trkpt>
   <trkpt lat="44.9013350" lon="6.6442870">
    <ele>1334.4</ele>
   </trkpt>
   <trkpt lat="44.9013020" lon="6.6443470">
    <ele>1334.7</ele>
   </trkpt>
   <trkpt lat="44.9012830" lon="6.6444080">
    <ele>1334.9</ele>
   </trkpt>
   <trkpt lat="44.9012670" lon="6.6444620">
    <ele>1335.1</ele>
   </trkpt>
   <trkpt lat="44.9012530" lon="6.6445080">
    <ele>1335.3</ele>
   </trkpt>
   <trkpt lat="44.9012490" lon="6.6445280">
    <ele>1335.3</ele>
   </trkpt>
   <trkpt lat="44.9012470" lon="6.6445800">
    <ele>1335.5</ele>
   </trkpt>
   <trkpt lat="44.9012430" lon="6.6446420">
    <ele>1335.7</ele>
   </trkpt>
   <trkpt lat="44.9012390" lon="6.6446660">
    <ele>1335.8</ele>
   </trkpt>
   <trkpt lat="44.9012300" lon="6.6447120">
    <ele>1335.9</ele>
   </trkpt>
   <trkpt lat="44.9012260" lon="6.6447560">
    <ele>1336.0</ele>
   </trkpt>
   <trkpt lat="44.9012240" lon="6.6448000">
    <ele>1336.1</ele>
   </trkpt>
   <trkpt lat="44.9012230" lon="6.6448410">
    <ele>1336.1</ele>
   </trkpt>
   <trkpt lat="44.9012270" lon="6.6448820">
    <ele>1336.2</ele>
   </trkpt>
   <trkpt lat="44.9012320" lon="6.6449250">
    <ele>1336.2</ele>
   </trkpt>
   <trkpt lat="44.9012350" lon="6.6449690">
    <ele>1336.2</ele>
   </trkpt>
   <trkpt lat="44.9012400" lon="6.6450180">
    <ele>1336.2</ele>
   </trkpt>
   <trkpt lat="44.9012460" lon="6.6450750">
    <ele>1336.2</ele>
   </trkpt>
   <trkpt lat="44.9012520" lon="6.6451270">
    <ele>1336.3</ele>
   </trkpt>
   <trkpt lat="44.9012550" lon="6.6451830">
    <ele>1336.3</ele>
   </trkpt>
   <trkpt lat="44.9012610" lon="6.6452360">
    <ele>1336.3</ele>
   </trkpt>
   <trkpt lat="44.9012660" lon="6.6452860">
    <ele>1336.2</ele>
   </trkpt>
   <trkpt lat="44.9012750" lon="6.6453360">
    <ele>1336.2</ele>
   </trkpt>
   <trkpt lat="44.9012870" lon="6.6453880">
    <ele>1336.2</ele>
   </trkpt>
   <trkpt lat="44.9012990" lon="6.6454360">
    <ele>1336.2</ele>
   </trkpt>
   <trkpt lat="44.9013080" lon="6.6454850">
    <ele>1336.2</ele>
   </trkpt>
   <trkpt lat="44.9013230" lon="6.6455340">
    <ele>1336.1</ele>
   </trkpt>
   <trkpt lat="44.9013450" lon="6.6455870">
    <ele>1336.1</ele>
   </trkpt>
   <trkpt lat="44.9013630" lon="6.6456370">
    <ele>1336.0</ele>
   </trkpt>
   <trkpt lat="44.9013790" lon="6.6456910">
    <ele>1336.0</ele>
   </trkpt>
   <trkpt lat="44.9013950" lon="6.6457460">
    <ele>1335.9</ele>
   </trkpt>
   <trkpt lat="44.9014070" lon="6.6458020">
    <ele>1335.8</ele>
   </trkpt>
   <trkpt lat="44.9014220" lon="6.6458620">
    <ele>1335.8</ele>
   </trkpt>
   <trkpt lat="44.9014360" lon="6.6459160">
    <ele>1335.7</ele>
   </trkpt>
   <trkpt lat="44.9014490" lon="6.6459660">
    <ele>1335.7</ele>
   </trkpt>
   <trkpt lat="44.9014620" lon="6.6460050">
    <ele>1335.7</ele>
   </trkpt>
   <trkpt lat="44.9014700" lon="6.6460420">
    <ele>1335.6</ele>
   </trkpt>
   <trkpt lat="44.9014770" lon="6.6460980">
    <ele>1335.6</ele>
   </trkpt>
   <trkpt lat="44.9014770" lon="6.6461170">
    <ele>1335.6</ele>
   </trkpt>
   <trkpt lat="44.9014510" lon="6.6461450">
    <ele>1335.5</ele>
   </trkpt>
   <trkpt lat="44.9014160" lon="6.6461560">
    <ele>1335.5</ele>
   </trkpt>
   <trkpt lat="44.9013930" lon="6.6461810">
    <ele>1335.4</ele>
   </trkpt>
   <trkpt lat="44.9013860" lon="6.6462310">
    <ele>1335.5</ele>
   </trkpt>
   <trkpt lat="44.9013970" lon="6.6462920">
    <ele>1335.5</ele>
   </trkpt>
   <trkpt lat="44.9014090" lon="6.6463430">
    <ele>1335.6</ele>
   </trkpt>
   <trkpt lat="44.9014240" lon="6.6463850">
    <ele>1335.6</ele>
   </trkpt>
   <trkpt lat="44.9014420" lon="6.6464260">
    <ele>1335.6</ele>
   </trkpt>
   <trkpt lat="44.9014640" lon="6.6464570">
    <ele>1335.6</ele>
   </trkpt>
   <trkpt lat="44.9014980" lon="6.6464570">
    <ele>1335.6</ele>
   </trkpt>
   <trkpt lat="44.9015360" lon="6.6464300">
    <ele>1335.6</ele>
   </trkpt>
   <trkpt lat="44.9015730" lon="6.6463910">
    <ele>1335.7</ele>
   </trkpt>
   <trkpt lat="44.9016080" lon="6.6463610">
    <ele>1335.8</ele>
   </trkpt>
   <trkpt lat="44.9016430" lon="6.6463320">
    <ele>1336.1</ele>
   </trkpt>
   <trkpt lat="44.9016760" lon="6.6463040">
    <ele>1336.3</ele>
   </trkpt>
   <trkpt lat="44.9017010" lon="6.6462810">
    <ele>1336.5</ele>
   </trkpt>
   <trkpt lat="44.9017340" lon="6.6462530">
    <ele>1336.8</ele>
   </trkpt>
   <trkpt lat="44.9017620" lon="6.6462300">
    <ele>1337.0</ele>
   </trkpt>
   <trkpt lat="44.9017890" lon="6.6462070">
    <ele>1337.2</ele>
   </trkpt>
   <trkpt lat="44.9018140" lon="6.6461830">
    <ele>1337.4</ele>
   </trkpt>
   <trkpt lat="44.9018400" lon="6.6461600">
    <ele>1337.6</ele>
   </trkpt>
   <trkpt lat="44.9018790" lon="6.6461530">
    <ele>1337.9</ele>
   </trkpt>
   <trkpt lat="44.9018920" lon="6.6461580">
    <ele>1337.9</ele>
   </trkpt>
   <trkpt lat="44.9019160" lon="6.6461920">
    <ele>1338.0</ele>
   </trkpt>
   <trkpt lat="44.9019360" lon="6.6462380">
    <ele>1338.0</ele>
   </trkpt>
   <trkpt lat="44.9019560" lon="6.6462750">
    <ele>1338.1</ele>
   </trkpt>
   <trkpt lat="44.9019750" lon="6.6463110">
    <ele>1338.2</ele>
   </trkpt>
   <trkpt lat="44.9019980" lon="6.6463500">
    <ele>1338.2</ele>
   </trkpt>
   <trkpt lat="44.9020160" lon="6.6463910">
    <ele>1338.3</ele>
   </trkpt>
   <trkpt lat="44.9020340" lon="6.6464280">
    <ele>1338.4</ele>
   </trkpt>
   <trkpt lat="44.9020520" lon="6.6464580">
    <ele>1338.4</ele>
   </trkpt>
   <trkpt lat="44.9020720" lon="6.6464930">
    <ele>1338.5</ele>
   </trkpt>
   <trkpt lat="44.9020930" lon="6.6465290">
    <ele>1338.6</ele>
   </trkpt>
   <trkpt lat="44.9021180" lon="6.6465670">
    <ele>1338.7</ele>
   </trkpt>
   <trkpt lat="44.9021390" lon="6.6466060">
    <ele>1338.8</ele>
   </trkpt>
   <trkpt lat="44.9021610" lon="6.6466460">
    <ele>1338.8</ele>
   </trkpt>
   <trkpt lat="44.9021860" lon="6.6466820">
    <ele>1338.9</ele>
   </trkpt>
   <trkpt lat="44.9022150" lon="6.6467230">
    <ele>1339.0</ele>
   </trkpt>
   <trkpt lat="44.9022450" lon="6.6467690">
    <ele>1339.1</ele>
   </trkpt>
   <trkpt lat="44.9022660" lon="6.6468140">
    <ele>1339.2</ele>
   </trkpt>
   <trkpt lat="44.9022890" lon="6.6468560">
    <ele>1339.2</ele>
   </trkpt>
   <trkpt lat="44.9023070" lon="6.6468950">
    <ele>1339.3</ele>
   </trkpt>
   <trkpt lat="44.9023260" lon="6.6469310">
    <ele>1339.4</ele>
   </trkpt>
   <trkpt lat="44.9023440" lon="6.6469660">
    <ele>1339.4</ele>
   </trkpt>
   <trkpt lat="44.9023650" lon="6.6470010">
    <ele>1339.5</ele>
   </trkpt>
   <trkpt lat="44.9023880" lon="6.6470410">
    <ele>1339.6</ele>
   </trkpt>
   <trkpt lat="44.9024120" lon="6.6470790">
    <ele>1339.6</ele>
   </trkpt>
   <trkpt lat="44.9024390" lon="6.6471190">
    <ele>1339.7</ele>
   </trkpt>
   <trkpt lat="44.9024650" lon="6.6471580">
    <ele>1339.8</ele>
   </trkpt>
   <trkpt lat="44.9024880" lon="6.6471990">
    <ele>1339.9</ele>
   </trkpt>
   <trkpt lat="44.9025070" lon="6.6472430">
    <ele>1340.0</ele>
   </trkpt>
   <trkpt lat="44.9025290" lon="6.6472800">
    <ele>1340.1</ele>
   </trkpt>
   <trkpt lat="44.9025530" lon="6.6473180">
    <ele>1340.1</ele>
   </trkpt>
   <trkpt lat="44.9025750" lon="6.6473560">
    <ele>1340.2</ele>
   </trkpt>
   <trkpt lat="44.9026040" lon="6.6473970">
    <ele>1340.3</ele>
   </trkpt>
   <trkpt lat="44.9026390" lon="6.6474360">
    <ele>1340.4</ele>
   </trkpt>
   <trkpt lat="44.9026720" lon="6.6474730">
    <ele>1340.6</ele>
   </trkpt>
   <trkpt lat="44.9027030" lon="6.6475100">
    <ele>1340.7</ele>
   </trkpt>
   <trkpt lat="44.9027320" lon="6.6475430">
    <ele>1340.7</ele>
   </trkpt>
   <trkpt lat="44.9027560" lon="6.6475790">
    <ele>1340.8</ele>
   </trkpt>
   <trkpt lat="44.9027780" lon="6.6476240">
    <ele>1340.9</ele>
   </trkpt>
   <trkpt lat="44.9027990" lon="6.6476700">
    <ele>1341.0</ele>
   </trkpt>
   <trkpt lat="44.9028250" lon="6.6477190">
    <ele>1341.0</ele>
   </trkpt>
   <trkpt lat="44.9028480" lon="6.6477660">
    <ele>1341.1</ele>
   </trkpt>
   <trkpt lat="44.9028710" lon="6.6478090">
    <ele>1341.2</ele>
   </trkpt>
   <trkpt lat="44.9028970" lon="6.6478580">
    <ele>1341.2</ele>
   </trkpt>
   <trkpt lat="44.9029210" lon="6.6479050">
    <ele>1341.3</ele>
   </trkpt>
   <trkpt lat="44.9029450" lon="6.6479590">
    <ele>1341.4</ele>
   </trkpt>
   <trkpt lat="44.9029650" lon="6.6480100">
    <ele>1341.4</ele>
   </trkpt>
   <trkpt lat="44.9029820" lon="6.6480640">
    <ele>1341.5</ele>
   </trkpt>
   <trkpt lat="44.9029960" lon="6.6481200">
    <ele>1341.5</ele>
   </trkpt>
   <trkpt lat="44.9030070" lon="6.6481720">
    <ele>1341.6</ele>
   </trkpt>
   <trkpt lat="44.9030250" lon="6.6482270">
    <ele>1341.7</ele>
   </trkpt>
   <trkpt lat="44.9030390" lon="6.6482810">
    <ele>1341.7</ele>
   </trkpt>
   <trkpt lat="44.9030530" lon="6.6483370">
    <ele>1341.8</ele>
   </trkpt>
   <trkpt lat="44.9030630" lon="6.6483930">
    <ele>1341.8</ele>
   </trkpt>
   <trkpt lat="44.9030760" lon="6.6484510">
    <ele>1341.9</ele>
   </trkpt>
   <trkpt lat="44.9030830" lon="6.6485080">
    <ele>1342.0</ele>
   </trkpt>
   <trkpt lat="44.9030880" lon="6.6485690">
    <ele>1342.0</ele>
   </trkpt>
   <trkpt lat="44.9030890" lon="6.6486320">
    <ele>1342.1</ele>
   </trkpt>
   <trkpt lat="44.9030940" lon="6.6486980">
    <ele>1342.2</ele>
   </trkpt>
   <trkpt lat="44.9031010" lon="6.6487670">
    <ele>1342.3</ele>
   </trkpt>
   <trkpt lat="44.9031100" lon="6.6488290">
    <ele>1342.3</ele>
   </trkpt>
   <trkpt lat="44.9031180" lon="6.6488920">
    <ele>1342.4</ele>
   </trkpt>
   <trkpt lat="44.9031230" lon="6.6489630">
    <ele>1342.4</ele>
   </trkpt>
   <trkpt lat="44.9031290" lon="6.6490320">
    <ele>1342.5</ele>
   </trkpt>
   <trkpt lat="44.9031350" lon="6.6490970">
    <ele>1342.6</ele>
   </trkpt>
   <trkpt lat="44.9031380" lon="6.6491590">
    <ele>1342.7</ele>
   </trkpt>
   <trkpt lat="44.9031360" lon="6.6492280">
    <ele>1342.7</ele>
   </trkpt>
   <trkpt lat="44.9031290" lon="6.6492930">
    <ele>1342.8</ele>
   </trkpt>
   <trkpt lat="44.9031170" lon="6.6493610">
    <ele>1342.9</ele>
   </trkpt>
   <trkpt lat="44.9030840" lon="6.6494950">
    <ele>1343.0</ele>
   </trkpt>
   <trkpt lat="44.9030650" lon="6.6495560">
    <ele>1343.1</ele>
   </trkpt>
   <trkpt lat="44.9030430" lon="6.6496110">
    <ele>1343.2</ele>
   </trkpt>
   <trkpt lat="44.9030180" lon="6.6496740">
    <ele>1343.3</ele>
   </trkpt>
   <trkpt lat="44.9029910" lon="6.6497330">
    <ele>1343.4</ele>
   </trkpt>
   <trkpt lat="44.9029660" lon="6.6497850">
    <ele>1343.5</ele>
   </trkpt>
   <trkpt lat="44.9029420" lon="6.6498380">
    <ele>1343.6</ele>
   </trkpt>
   <trkpt lat="44.9028190" lon="6.6501230">
    <ele>1344.1</ele>
   </trkpt>
   <trkpt lat="44.9028060" lon="6.6501560">
    <ele>1344.2</ele>
   </trkpt>
   <trkpt lat="44.9027920" lon="6.6501890">
    <ele>1344.2</ele>
   </trkpt>
   <trkpt lat="44.9027770" lon="6.6502500">
    <ele>1344.3</ele>
   </trkpt>
   <trkpt lat="44.9027720" lon="6.6503100">
    <ele>1344.4</ele>
   </trkpt>
   <trkpt lat="44.9027760" lon="6.6503810">
    <ele>1344.5</ele>
   </trkpt>
   <trkpt lat="44.9027690" lon="6.6504480">
    <ele>1344.5</ele>
   </trkpt>
   <trkpt lat="44.9027650" lon="6.6505150">
    <ele>1344.5</ele>
   </trkpt>
   <trkpt lat="44.9027760" lon="6.6505770">
    <ele>1344.5</ele>
   </trkpt>
   <trkpt lat="44.9027950" lon="6.6506370">
    <ele>1344.5</ele>
   </trkpt>
   <trkpt lat="44.9028260" lon="6.6506930">
    <ele>1344.5</ele>
   </trkpt>
   <trkpt lat="44.9028550" lon="6.6507430">
    <ele>1344.5</ele>
   </trkpt>
   <trkpt lat="44.9028830" lon="6.6508010">
    <ele>1344.5</ele>
   </trkpt>
   <trkpt lat="44.9029090" lon="6.6508650">
    <ele>1344.5</ele>
   </trkpt>
   <trkpt lat="44.9029360" lon="6.6509310">
    <ele>1344.5</ele>
   </trkpt>
   <trkpt lat="44.9029590" lon="6.6509950">
    <ele>1344.5</ele>
   </trkpt>
   <trkpt lat="44.9029920" lon="6.6510540">
    <ele>1344.5</ele>
   </trkpt>
   <trkpt lat="44.9030250" lon="6.6511090">
    <ele>1344.5</ele>
   </trkpt>
   <trkpt lat="44.9030530" lon="6.6511680">
    <ele>1344.5</ele>
   </trkpt>
   <trkpt lat="44.9030770" lon="6.6512260">
    <ele>1344.5</ele>
   </trkpt>
   <trkpt lat="44.9031080" lon="6.6512880">
    <ele>1344.5</ele>
   </trkpt>
   <trkpt lat="44.9031440" lon="6.6513460">
    <ele>1344.5</ele>
   </trkpt>
   <trkpt lat="44.9031690" lon="6.6513990">
    <ele>1344.5</ele>
   </trkpt>
   <trkpt lat="44.9031850" lon="6.6514480">
    <ele>1344.4</ele>
   </trkpt>
   <trkpt lat="44.9032060" lon="6.6515030">
    <ele>1344.4</ele>
   </trkpt>
   <trkpt lat="44.9032300" lon="6.6515550">
    <ele>1344.4</ele>
   </trkpt>
   <trkpt lat="44.9032540" lon="6.6516020">
    <ele>1344.4</ele>
   </trkpt>
   <trkpt lat="44.9032800" lon="6.6516470">
    <ele>1344.4</ele>
   </trkpt>
   <trkpt lat="44.9033100" lon="6.6517050">
    <ele>1344.4</ele>
   </trkpt>
   <trkpt lat="44.9033420" lon="6.6517550">
    <ele>1344.4</ele>
   </trkpt>
   <trkpt lat="44.9033730" lon="6.6518150">
    <ele>1344.4</ele>
   </trkpt>
   <trkpt lat="44.9034000" lon="6.6518620">
    <ele>1344.4</ele>
   </trkpt>
   <trkpt lat="44.9034180" lon="6.6519200">
    <ele>1344.4</ele>
   </trkpt>
   <trkpt lat="44.9034380" lon="6.6519880">
    <ele>1344.4</ele>
   </trkpt>
   <trkpt lat="44.9034650" lon="6.6520650">
    <ele>1344.4</ele>
   </trkpt>
   <trkpt lat="44.9034820" lon="6.6521350">
    <ele>1344.4</ele>
   </trkpt>
   <trkpt lat="44.9035170" lon="6.6521880">
    <ele>1344.4</ele>
   </trkpt>
   <trkpt lat="44.9035560" lon="6.6522330">
    <ele>1344.4</ele>
   </trkpt>
   <trkpt lat="44.9035930" lon="6.6522860">
    <ele>1344.4</ele>
   </trkpt>
   <trkpt lat="44.9036260" lon="6.6523420">
    <ele>1344.4</ele>
   </trkpt>
   <trkpt lat="44.9036570" lon="6.6523980">
    <ele>1344.3</ele>
   </trkpt>
   <trkpt lat="44.9036880" lon="6.6524610">
    <ele>1344.3</ele>
   </trkpt>
   <trkpt lat="44.9037160" lon="6.6525200">
    <ele>1344.3</ele>
   </trkpt>
   <trkpt lat="44.9037420" lon="6.6525830">
    <ele>1344.3</ele>
   </trkpt>
   <trkpt lat="44.9037730" lon="6.6526310">
    <ele>1344.3</ele>
   </trkpt>
   <trkpt lat="44.9038000" lon="6.6526830">
    <ele>1344.3</ele>
   </trkpt>
   <trkpt lat="44.9038310" lon="6.6527320">
    <ele>1344.2</ele>
   </trkpt>
   <trkpt lat="44.9038580" lon="6.6527860">
    <ele>1344.2</ele>
   </trkpt>
   <trkpt lat="44.9038810" lon="6.6528390">
    <ele>1344.2</ele>
   </trkpt>
   <trkpt lat="44.9039040" lon="6.6528900">
    <ele>1344.2</ele>
   </trkpt>
   <trkpt lat="44.9039300" lon="6.6529390">
    <ele>1344.2</ele>
   </trkpt>
   <trkpt lat="44.9039500" lon="6.6529920">
    <ele>1344.2</ele>
   </trkpt>
   <trkpt lat="44.9039680" lon="6.6530500">
    <ele>1344.2</ele>
   </trkpt>
   <trkpt lat="44.9039870" lon="6.6531090">
    <ele>1344.2</ele>
   </trkpt>
   <trkpt lat="44.9040090" lon="6.6531660">
    <ele>1344.2</ele>
   </trkpt>
   <trkpt lat="44.9040380" lon="6.6532190">
    <ele>1344.2</ele>
   </trkpt>
   <trkpt lat="44.9040690" lon="6.6532740">
    <ele>1344.2</ele>
   </trkpt>
   <trkpt lat="44.9040960" lon="6.6533270">
    <ele>1344.1</ele>
   </trkpt>
   <trkpt lat="44.9041290" lon="6.6533850">
    <ele>1344.1</ele>
   </trkpt>
   <trkpt lat="44.9041540" lon="6.6534490">
    <ele>1344.1</ele>
   </trkpt>
   <trkpt lat="44.9041820" lon="6.6535190">
    <ele>1344.1</ele>
   </trkpt>
   <trkpt lat="44.9042060" lon="6.6535890">
    <ele>1344.1</ele>
   </trkpt>
   <trkpt lat="44.9042350" lon="6.6536560">
    <ele>1344.0</ele>
   </trkpt>
   <trkpt lat="44.9042610" lon="6.6537340">
    <ele>1344.0</ele>
   </trkpt>
   <trkpt lat="44.9042860" lon="6.6538140">
    <ele>1344.0</ele>
   </trkpt>
   <trkpt lat="44.9043070" lon="6.6538960">
    <ele>1344.0</ele>
   </trkpt>
   <trkpt lat="44.9043310" lon="6.6539790">
    <ele>1344.0</ele>
   </trkpt>
   <trkpt lat="44.9043600" lon="6.6540660">
    <ele>1344.0</ele>
   </trkpt>
   <trkpt lat="44.9043910" lon="6.6541530">
    <ele>1344.0</ele>
   </trkpt>
   <trkpt lat="44.9044290" lon="6.6542430">
    <ele>1344.0</ele>
   </trkpt>
   <trkpt lat="44.9044580" lon="6.6543250">
    <ele>1344.0</ele>
   </trkpt>
   <trkpt lat="44.9044870" lon="6.6544060">
    <ele>1344.0</ele>
   </trkpt>
   <trkpt lat="44.9045070" lon="6.6544980">
    <ele>1344.0</ele>
   </trkpt>
   <trkpt lat="44.9045320" lon="6.6545910">
    <ele>1344.0</ele>
   </trkpt>
   <trkpt lat="44.9045600" lon="6.6546680">
    <ele>1344.0</ele>
   </trkpt>
   <trkpt lat="44.9045850" lon="6.6547490">
    <ele>1344.0</ele>
   </trkpt>
   <trkpt lat="44.9046080" lon="6.6548240">
    <ele>1344.0</ele>
   </trkpt>
   <trkpt lat="44.9046350" lon="6.6549100">
    <ele>1344.0</ele>
   </trkpt>
   <trkpt lat="44.9046580" lon="6.6549900">
    <ele>1343.9</ele>
   </trkpt>
   <trkpt lat="44.9046850" lon="6.6550680">
    <ele>1343.9</ele>
   </trkpt>
   <trkpt lat="44.9047060" lon="6.6551660">
    <ele>1343.9</ele>
   </trkpt>
   <trkpt lat="44.9047380" lon="6.6552480">
    <ele>1343.9</ele>
   </trkpt>
   <trkpt lat="44.9047440" lon="6.6553370">
    <ele>1343.9</ele>
   </trkpt>
   <trkpt lat="44.9047560" lon="6.6554300">
    <ele>1343.9</ele>
   </trkpt>
   <trkpt lat="44.9047700" lon="6.6555180">
    <ele>1343.9</ele>
   </trkpt>
   <trkpt lat="44.9047790" lon="6.6556110">
    <ele>1343.9</ele>
   </trkpt>
   <trkpt lat="44.9047890" lon="6.6557000">
    <ele>1343.9</ele>
   </trkpt>
   <trkpt lat="44.9047950" lon="6.6557930">
    <ele>1343.9</ele>
   </trkpt>
   <trkpt lat="44.9048050" lon="6.6558810">
    <ele>1343.9</ele>
   </trkpt>
   <trkpt lat="44.9048130" lon="6.6559670">
    <ele>1343.9</ele>
   </trkpt>
   <trkpt lat="44.9048180" lon="6.6560470">
    <ele>1344.0</ele>
   </trkpt>
   <trkpt lat="44.9048250" lon="6.6561280">
    <ele>1344.0</ele>
   </trkpt>
   <trkpt lat="44.9048330" lon="6.6562080">
    <ele>1344.0</ele>
   </trkpt>
   <trkpt lat="44.9048370" lon="6.6562840">
    <ele>1344.1</ele>
   </trkpt>
   <trkpt lat="44.9048390" lon="6.6563630">
    <ele>1344.1</ele>
   </trkpt>
   <trkpt lat="44.9048400" lon="6.6564420">
    <ele>1344.1</ele>
   </trkpt>
   <trkpt lat="44.9048390" lon="6.6565230">
    <ele>1344.1</ele>
   </trkpt>
   <trkpt lat="44.9048390" lon="6.6566070">
    <ele>1344.1</ele>
   </trkpt>
   <trkpt lat="44.9048360" lon="6.6566900">
    <ele>1344.1</ele>
   </trkpt>
   <trkpt lat="44.9048410" lon="6.6567700">
    <ele>1344.2</ele>
   </trkpt>
   <trkpt lat="44.9048450" lon="6.6568460">
    <ele>1344.2</ele>
   </trkpt>
   <trkpt lat="44.9048480" lon="6.6569290">
    <ele>1344.2</ele>
   </trkpt>
   <trkpt lat="44.9048550" lon="6.6570160">
    <ele>1344.2</ele>
   </trkpt>
   <trkpt lat="44.9048670" lon="6.6571050">
    <ele>1344.2</ele>
   </trkpt>
   <trkpt lat="44.9049110" lon="6.6572630">
    <ele>1344.2</ele>
   </trkpt>
   <trkpt lat="44.9049590" lon="6.6574110">
    <ele>1344.2</ele>
   </trkpt>
   <trkpt lat="44.9049890" lon="6.6574830">
    <ele>1344.2</ele>
   </trkpt>
   <trkpt lat="44.9050220" lon="6.6575520">
    <ele>1344.2</ele>
   </trkpt>
   <trkpt lat="44.9050580" lon="6.6576180">
    <ele>1344.2</ele>
   </trkpt>
   <trkpt lat="44.9050940" lon="6.6576780">
    <ele>1344.2</ele>
   </trkpt>
   <trkpt lat="44.9051310" lon="6.6577390">
    <ele>1344.2</ele>
   </trkpt>
   <trkpt lat="44.9051680" lon="6.6577980">
    <ele>1344.2</ele>
   </trkpt>
   <trkpt lat="44.9052040" lon="6.6578580">
    <ele>1344.2</ele>
   </trkpt>
   <trkpt lat="44.9052380" lon="6.6579210">
    <ele>1344.2</ele>
   </trkpt>
   <trkpt lat="44.9052720" lon="6.6579850">
    <ele>1344.2</ele>
   </trkpt>
   <trkpt lat="44.9053060" lon="6.6580450">
    <ele>1344.2</ele>
   </trkpt>
   <trkpt lat="44.9053420" lon="6.6581080">
    <ele>1344.2</ele>
   </trkpt>
   <trkpt lat="44.9053760" lon="6.6581720">
    <ele>1344.2</ele>
   </trkpt>
   <trkpt lat="44.9054120" lon="6.6582340">
    <ele>1344.2</ele>
   </trkpt>
   <trkpt lat="44.9054490" lon="6.6582970">
    <ele>1344.2</ele>
   </trkpt>
   <trkpt lat="44.9054850" lon="6.6583620">
    <ele>1344.2</ele>
   </trkpt>
   <trkpt lat="44.9055210" lon="6.6584290">
    <ele>1344.2</ele>
   </trkpt>
   <trkpt lat="44.9055600" lon="6.6584840">
    <ele>1344.2</ele>
   </trkpt>
   <trkpt lat="44.9056020" lon="6.6585430">
    <ele>1344.2</ele>
   </trkpt>
   <trkpt lat="44.9056400" lon="6.6586030">
    <ele>1344.2</ele>
   </trkpt>
   <trkpt lat="44.9056810" lon="6.6586600">
    <ele>1344.2</ele>
   </trkpt>
   <trkpt lat="44.9057230" lon="6.6587120">
    <ele>1344.2</ele>
   </trkpt>
   <trkpt lat="44.9057760" lon="6.6587620">
    <ele>1344.2</ele>
   </trkpt>
   <trkpt lat="44.9058170" lon="6.6588110">
    <ele>1344.3</ele>
   </trkpt>
   <trkpt lat="44.9058570" lon="6.6588700">
    <ele>1344.3</ele>
   </trkpt>
   <trkpt lat="44.9059080" lon="6.6589260">
    <ele>1344.3</ele>
   </trkpt>
   <trkpt lat="44.9059990" lon="6.6590060">
    <ele>1344.4</ele>
   </trkpt>
   <trkpt lat="44.9060430" lon="6.6590560">
    <ele>1344.5</ele>
   </trkpt>
   <trkpt lat="44.9060940" lon="6.6590980">
    <ele>1344.5</ele>
   </trkpt>
   <trkpt lat="44.9061410" lon="6.6591340">
    <ele>1344.6</ele>
   </trkpt>
   <trkpt lat="44.9061870" lon="6.6591740">
    <ele>1344.6</ele>
   </trkpt>
   <trkpt lat="44.9062310" lon="6.6592160">
    <ele>1344.7</ele>
   </trkpt>
   <trkpt lat="44.9062780" lon="6.6592540">
    <ele>1344.8</ele>
   </trkpt>
   <trkpt lat="44.9063280" lon="6.6592950">
    <ele>1344.8</ele>
   </trkpt>
   <trkpt lat="44.9063770" lon="6.6593350">
    <ele>1344.9</ele>
   </trkpt>
   <trkpt lat="44.9064300" lon="6.6593730">
    <ele>1344.9</ele>
   </trkpt>
   <trkpt lat="44.9064870" lon="6.6594080">
    <ele>1345.0</ele>
   </trkpt>
   <trkpt lat="44.9065400" lon="6.6594410">
    <ele>1345.0</ele>
   </trkpt>
   <trkpt lat="44.9065940" lon="6.6594770">
    <ele>1345.0</ele>
   </trkpt>
   <trkpt lat="44.9066500" lon="6.6595070">
    <ele>1345.0</ele>
   </trkpt>
   <trkpt lat="44.9067020" lon="6.6595410">
    <ele>1345.0</ele>
   </trkpt>
   <trkpt lat="44.9067570" lon="6.6595850">
    <ele>1345.0</ele>
   </trkpt>
   <trkpt lat="44.9068130" lon="6.6596070">
    <ele>1345.0</ele>
   </trkpt>
   <trkpt lat="44.9068680" lon="6.6596390">
    <ele>1345.0</ele>
   </trkpt>
   <trkpt lat="44.9069190" lon="6.6596730">
    <ele>1344.9</ele>
   </trkpt>
   <trkpt lat="44.9069730" lon="6.6597130">
    <ele>1344.9</ele>
   </trkpt>
   <trkpt lat="44.9070300" lon="6.6597510">
    <ele>1344.9</ele>
   </trkpt>
   <trkpt lat="44.9070810" lon="6.6597910">
    <ele>1344.9</ele>
   </trkpt>
   <trkpt lat="44.9071320" lon="6.6598460">
    <ele>1344.9</ele>
   </trkpt>
   <trkpt lat="44.9071780" lon="6.6599030">
    <ele>1344.9</ele>
   </trkpt>
   <trkpt lat="44.9072210" lon="6.6599670">
    <ele>1344.9</ele>
   </trkpt>
   <trkpt lat="44.9072850" lon="6.6601000">
    <ele>1344.9</ele>
   </trkpt>
   <trkpt lat="44.9073270" lon="6.6602110">
    <ele>1344.9</ele>
   </trkpt>
   <trkpt lat="44.9073380" lon="6.6602470">
    <ele>1344.9</ele>
   </trkpt>
   <trkpt lat="44.9073610" lon="6.6603230">
    <ele>1344.9</ele>
   </trkpt>
   <trkpt lat="44.9073800" lon="6.6604010">
    <ele>1344.8</ele>
   </trkpt>
   <trkpt lat="44.9073920" lon="6.6604830">
    <ele>1344.8</ele>
   </trkpt>
   <trkpt lat="44.9074060" lon="6.6605800">
    <ele>1344.8</ele>
   </trkpt>
   <trkpt lat="44.9074120" lon="6.6606730">
    <ele>1344.8</ele>
   </trkpt>
   <trkpt lat="44.9074130" lon="6.6607640">
    <ele>1344.8</ele>
   </trkpt>
   <trkpt lat="44.9074020" lon="6.6608610">
    <ele>1344.7</ele>
   </trkpt>
   <trkpt lat="44.9073920" lon="6.6609400">
    <ele>1344.7</ele>
   </trkpt>
   <trkpt lat="44.9073820" lon="6.6610320">
    <ele>1344.7</ele>
   </trkpt>
   <trkpt lat="44.9073640" lon="6.6611190">
    <ele>1344.7</ele>
   </trkpt>
   <trkpt lat="44.9073690" lon="6.6612020">
    <ele>1344.7</ele>
   </trkpt>
   <trkpt lat="44.9073760" lon="6.6612920">
    <ele>1344.7</ele>
   </trkpt>
   <trkpt lat="44.9073960" lon="6.6613590">
    <ele>1344.7</ele>
   </trkpt>
   <trkpt lat="44.9074150" lon="6.6614320">
    <ele>1344.7</ele>
   </trkpt>
   <trkpt lat="44.9074390" lon="6.6614980">
    <ele>1344.7</ele>
   </trkpt>
   <trkpt lat="44.9074590" lon="6.6615770">
    <ele>1344.7</ele>
   </trkpt>
   <trkpt lat="44.9074890" lon="6.6616460">
    <ele>1344.7</ele>
   </trkpt>
   <trkpt lat="44.9075250" lon="6.6617060">
    <ele>1344.7</ele>
   </trkpt>
   <trkpt lat="44.9075670" lon="6.6617800">
    <ele>1344.7</ele>
   </trkpt>
   <trkpt lat="44.9076000" lon="6.6618360">
    <ele>1344.6</ele>
   </trkpt>
   <trkpt lat="44.9076400" lon="6.6618870">
    <ele>1344.6</ele>
   </trkpt>
   <trkpt lat="44.9076890" lon="6.6619320">
    <ele>1344.6</ele>
   </trkpt>
   <trkpt lat="44.9077340" lon="6.6619740">
    <ele>1344.5</ele>
   </trkpt>
   <trkpt lat="44.9077840" lon="6.6620060">
    <ele>1344.5</ele>
   </trkpt>
   <trkpt lat="44.9078410" lon="6.6620250">
    <ele>1344.5</ele>
   </trkpt>
   <trkpt lat="44.9078990" lon="6.6620380">
    <ele>1344.5</ele>
   </trkpt>
   <trkpt lat="44.9079540" lon="6.6620620">
    <ele>1344.4</ele>
   </trkpt>
   <trkpt lat="44.9080110" lon="6.6620850">
    <ele>1344.4</ele>
   </trkpt>
   <trkpt lat="44.9080700" lon="6.6621050">
    <ele>1344.4</ele>
   </trkpt>
   <trkpt lat="44.9081320" lon="6.6621310">
    <ele>1344.4</ele>
   </trkpt>
   <trkpt lat="44.9082010" lon="6.6621480">
    <ele>1344.4</ele>
   </trkpt>
   <trkpt lat="44.9082650" lon="6.6621660">
    <ele>1344.3</ele>
   </trkpt>
   <trkpt lat="44.9083220" lon="6.6621780">
    <ele>1344.3</ele>
   </trkpt>
   <trkpt lat="44.9083810" lon="6.6621880">
    <ele>1344.3</ele>
   </trkpt>
   <trkpt lat="44.9084360" lon="6.6621920">
    <ele>1344.2</ele>
   </trkpt>
   <trkpt lat="44.9084940" lon="6.6621880">
    <ele>1344.1</ele>
   </trkpt>
   <trkpt lat="44.9085570" lon="6.6621890">
    <ele>1344.1</ele>
   </trkpt>
   <trkpt lat="44.9086190" lon="6.6621920">
    <ele>1344.0</ele>
   </trkpt>
   <trkpt lat="44.9086960" lon="6.6622030">
    <ele>1343.9</ele>
   </trkpt>
   <trkpt lat="44.9087590" lon="6.6622010">
    <ele>1343.9</ele>
   </trkpt>
   <trkpt lat="44.9088270" lon="6.6622100">
    <ele>1343.9</ele>
   </trkpt>
   <trkpt lat="44.9088990" lon="6.6622170">
    <ele>1343.8</ele>
   </trkpt>
   <trkpt lat="44.9089630" lon="6.6622390">
    <ele>1343.8</ele>
   </trkpt>
   <trkpt lat="44.9090240" lon="6.6622810">
    <ele>1343.9</ele>
   </trkpt>
   <trkpt lat="44.9090810" lon="6.6623300">
    <ele>1343.9</ele>
   </trkpt>
   <trkpt lat="44.9091390" lon="6.6623870">
    <ele>1344.0</ele>
   </trkpt>
   <trkpt lat="44.9091960" lon="6.6624380">
    <ele>1344.0</ele>
   </trkpt>
   <trkpt lat="44.9092480" lon="6.6624860">
    <ele>1344.1</ele>
   </trkpt>
   <trkpt lat="44.9093040" lon="6.6625380">
    <ele>1344.1</ele>
   </trkpt>
   <trkpt lat="44.9093580" lon="6.6625880">
    <ele>1344.1</ele>
   </trkpt>
   <trkpt lat="44.9094350" lon="6.6627310">
    <ele>1344.2</ele>
   </trkpt>
   <trkpt lat="44.9094770" lon="6.6627790">
    <ele>1344.2</ele>
   </trkpt>
   <trkpt lat="44.9095140" lon="6.6628320">
    <ele>1344.3</ele>
   </trkpt>
   <trkpt lat="44.9095470" lon="6.6628950">
    <ele>1344.3</ele>
   </trkpt>
   <trkpt lat="44.9095760" lon="6.6629630">
    <ele>1344.4</ele>
   </trkpt>
   <trkpt lat="44.9095990" lon="6.6630370">
    <ele>1344.5</ele>
   </trkpt>
   <trkpt lat="44.9096140" lon="6.6631140">
    <ele>1344.6</ele>
   </trkpt>
   <trkpt lat="44.9096250" lon="6.6631960">
    <ele>1344.7</ele>
   </trkpt>
   <trkpt lat="44.9096380" lon="6.6632720">
    <ele>1344.7</ele>
   </trkpt>
   <trkpt lat="44.9096550" lon="6.6634230">
    <ele>1344.9</ele>
   </trkpt>
   <trkpt lat="44.9096670" lon="6.6634980">
    <ele>1345.0</ele>
   </trkpt>
   <trkpt lat="44.9096810" lon="6.6635740">
    <ele>1345.1</ele>
   </trkpt>
   <trkpt lat="44.9096980" lon="6.6636490">
    <ele>1345.2</ele>
   </trkpt>
   <trkpt lat="44.9097140" lon="6.6637190">
    <ele>1345.3</ele>
   </trkpt>
   <trkpt lat="44.9097180" lon="6.6637900">
    <ele>1345.4</ele>
   </trkpt>
   <trkpt lat="44.9097230" lon="6.6638640">
    <ele>1345.5</ele>
   </trkpt>
   <trkpt lat="44.9097250" lon="6.6639400">
    <ele>1345.6</ele>
   </trkpt>
   <trkpt lat="44.9097350" lon="6.6640160">
    <ele>1345.6</ele>
   </trkpt>
   <trkpt lat="44.9097420" lon="6.6640850">
    <ele>1345.6</ele>
   </trkpt>
   <trkpt lat="44.9097470" lon="6.6641560">
    <ele>1345.7</ele>
   </trkpt>
   <trkpt lat="44.9097470" lon="6.6642210">
    <ele>1345.7</ele>
   </trkpt>
   <trkpt lat="44.9097490" lon="6.6642920">
    <ele>1345.9</ele>
   </trkpt>
   <trkpt lat="44.9097500" lon="6.6643580">
    <ele>1346.0</ele>
   </trkpt>
   <trkpt lat="44.9097540" lon="6.6644220">
    <ele>1346.1</ele>
   </trkpt>
   <trkpt lat="44.9097570" lon="6.6644820">
    <ele>1346.2</ele>
   </trkpt>
   <trkpt lat="44.9097570" lon="6.6645460">
    <ele>1346.3</ele>
   </trkpt>
   <trkpt lat="44.9097570" lon="6.6646030">
    <ele>1346.5</ele>
   </trkpt>
   <trkpt lat="44.9097560" lon="6.6646670">
    <ele>1346.6</ele>
   </trkpt>
   <trkpt lat="44.9097550" lon="6.6647300">
    <ele>1346.7</ele>
   </trkpt>
   <trkpt lat="44.9097530" lon="6.6647950">
    <ele>1346.9</ele>
   </trkpt>
   <trkpt lat="44.9097510" lon="6.6648650">
    <ele>1347.1</ele>
   </trkpt>
   <trkpt lat="44.9097520" lon="6.6649290">
    <ele>1347.2</ele>
   </trkpt>
   <trkpt lat="44.9097500" lon="6.6649890">
    <ele>1347.4</ele>
   </trkpt>
   <trkpt lat="44.9097470" lon="6.6650460">
    <ele>1347.5</ele>
   </trkpt>
   <trkpt lat="44.9097450" lon="6.6651080">
    <ele>1347.7</ele>
   </trkpt>
   <trkpt lat="44.9097450" lon="6.6651530">
    <ele>1347.8</ele>
   </trkpt>
   <trkpt lat="44.9097480" lon="6.6652240">
    <ele>1348.0</ele>
   </trkpt>
   <trkpt lat="44.9097500" lon="6.6652860">
    <ele>1348.2</ele>
   </trkpt>
   <trkpt lat="44.9097520" lon="6.6653550">
    <ele>1348.4</ele>
   </trkpt>
   <trkpt lat="44.9097540" lon="6.6654160">
    <ele>1348.6</ele>
   </trkpt>
   <trkpt lat="44.9097560" lon="6.6654780">
    <ele>1348.9</ele>
   </trkpt>
   <trkpt lat="44.9097560" lon="6.6655450">
    <ele>1349.3</ele>
   </trkpt>
   <trkpt lat="44.9097590" lon="6.6656050">
    <ele>1349.7</ele>
   </trkpt>
   <trkpt lat="44.9097630" lon="6.6656700">
    <ele>1350.1</ele>
   </trkpt>
   <trkpt lat="44.9097710" lon="6.6657330">
    <ele>1350.6</ele>
   </trkpt>
   <trkpt lat="44.9097780" lon="6.6657930">
    <ele>1351.0</ele>
   </trkpt>
   <trkpt lat="44.9097860" lon="6.6658490">
    <ele>1351.3</ele>
   </trkpt>
   <trkpt lat="44.9097950" lon="6.6659040">
    <ele>1351.7</ele>
   </trkpt>
   <trkpt lat="44.9098060" lon="6.6659630">
    <ele>1352.1</ele>
   </trkpt>
   <trkpt lat="44.9098230" lon="6.6660200">
    <ele>1352.5</ele>
   </trkpt>
   <trkpt lat="44.9098340" lon="6.6660730">
    <ele>1352.9</ele>
   </trkpt>
   <trkpt lat="44.9098460" lon="6.6661330">
    <ele>1353.3</ele>
   </trkpt>
   <trkpt lat="44.9098600" lon="6.6661890">
    <ele>1353.7</ele>
   </trkpt>
   <trkpt lat="44.9098740" lon="6.6662460">
    <ele>1354.1</ele>
   </trkpt>
   <trkpt lat="44.9098880" lon="6.6663080">
    <ele>1354.4</ele>
   </trkpt>
   <trkpt lat="44.9099100" lon="6.6663630">
    <ele>1354.7</ele>
   </trkpt>
   <trkpt lat="44.9099280" lon="6.6664200">
    <ele>1354.9</ele>
   </trkpt>
   <trkpt lat="44.9099520" lon="6.6664820">
    <ele>1355.0</ele>
   </trkpt>
   <trkpt lat="44.9099740" lon="6.6665400">
    <ele>1355.0</ele>
   </trkpt>
   <trkpt lat="44.9099970" lon="6.6665970">
    <ele>1355.1</ele>
   </trkpt>
   <trkpt lat="44.9100220" lon="6.6666580">
    <ele>1355.2</ele>
   </trkpt>
   <trkpt lat="44.9100520" lon="6.6667180">
    <ele>1355.4</ele>
   </trkpt>
   <trkpt lat="44.9100820" lon="6.6667730">
    <ele>1355.5</ele>
   </trkpt>
   <trkpt lat="44.9101100" lon="6.6668360">
    <ele>1355.7</ele>
   </trkpt>
   <trkpt lat="44.9101340" lon="6.6668980">
    <ele>1355.8</ele>
   </trkpt>
   <trkpt lat="44.9101640" lon="6.6669630">
    <ele>1356.0</ele>
   </trkpt>
   <trkpt lat="44.9101930" lon="6.6670320">
    <ele>1356.2</ele>
   </trkpt>
   <trkpt lat="44.9102270" lon="6.6670900">
    <ele>1356.4</ele>
   </trkpt>
   <trkpt lat="44.9102610" lon="6.6671500">
    <ele>1356.6</ele>
   </trkpt>
   <trkpt lat="44.9102890" lon="6.6672120">
    <ele>1356.8</ele>
   </trkpt>
   <trkpt lat="44.9103470" lon="6.6673380">
    <ele>1357.2</ele>
   </trkpt>
   <trkpt lat="44.9103780" lon="6.6674040">
    <ele>1357.4</ele>
   </trkpt>
   <trkpt lat="44.9104060" lon="6.6674690">
    <ele>1357.6</ele>
   </trkpt>
   <trkpt lat="44.9104340" lon="6.6675340">
    <ele>1357.8</ele>
   </trkpt>
   <trkpt lat="44.9104690" lon="6.6675940">
    <ele>1358.1</ele>
   </trkpt>
   <trkpt lat="44.9104970" lon="6.6676520">
    <ele>1358.3</ele>
   </trkpt>
   <trkpt lat="44.9105240" lon="6.6677080">
    <ele>1358.5</ele>
   </trkpt>
   <trkpt lat="44.9105540" lon="6.6677660">
    <ele>1358.7</ele>
   </trkpt>
   <trkpt lat="44.9105870" lon="6.6678330">
    <ele>1358.9</ele>
   </trkpt>
   <trkpt lat="44.9106150" lon="6.6678980">
    <ele>1359.1</ele>
   </trkpt>
   <trkpt lat="44.9106400" lon="6.6679590">
    <ele>1359.3</ele>
   </trkpt>
   <trkpt lat="44.9106700" lon="6.6680150">
    <ele>1359.4</ele>
   </trkpt>
   <trkpt lat="44.9107280" lon="6.6681280">
    <ele>1359.8</ele>
   </trkpt>
   <trkpt lat="44.9107590" lon="6.6681890">
    <ele>1359.9</ele>
   </trkpt>
   <trkpt lat="44.9107860" lon="6.6682470">
    <ele>1360.1</ele>
   </trkpt>
   <trkpt lat="44.9108130" lon="6.6683030">
    <ele>1360.3</ele>
   </trkpt>
   <trkpt lat="44.9108410" lon="6.6683580">
    <ele>1360.4</ele>
   </trkpt>
   <trkpt lat="44.9108650" lon="6.6684110">
    <ele>1360.6</ele>
   </trkpt>
   <trkpt lat="44.9108920" lon="6.6684650">
    <ele>1360.7</ele>
   </trkpt>
   <trkpt lat="44.9109190" lon="6.6685180">
    <ele>1361.0</ele>
   </trkpt>
   <trkpt lat="44.9109440" lon="6.6685750">
    <ele>1361.2</ele>
   </trkpt>
   <trkpt lat="44.9109690" lon="6.6686320">
    <ele>1361.4</ele>
   </trkpt>
   <trkpt lat="44.9109950" lon="6.6686890">
    <ele>1361.6</ele>
   </trkpt>
   <trkpt lat="44.9110220" lon="6.6687380">
    <ele>1361.8</ele>
   </trkpt>
   <trkpt lat="44.9110480" lon="6.6687910">
    <ele>1362.0</ele>
   </trkpt>
   <trkpt lat="44.9110720" lon="6.6688470">
    <ele>1362.2</ele>
   </trkpt>
   <trkpt lat="44.9110990" lon="6.6688990">
    <ele>1362.5</ele>
   </trkpt>
   <trkpt lat="44.9111230" lon="6.6689520">
    <ele>1362.7</ele>
   </trkpt>
   <trkpt lat="44.9111510" lon="6.6690080">
    <ele>1362.9</ele>
   </trkpt>
   <trkpt lat="44.9111750" lon="6.6690630">
    <ele>1363.1</ele>
   </trkpt>
   <trkpt lat="44.9112030" lon="6.6691190">
    <ele>1363.3</ele>
   </trkpt>
   <trkpt lat="44.9112280" lon="6.6691730">
    <ele>1363.5</ele>
   </trkpt>
   <trkpt lat="44.9112540" lon="6.6692290">
    <ele>1363.7</ele>
   </trkpt>
   <trkpt lat="44.9112770" lon="6.6692850">
    <ele>1363.9</ele>
   </trkpt>
   <trkpt lat="44.9113040" lon="6.6693400">
    <ele>1364.1</ele>
   </trkpt>
   <trkpt lat="44.9113520" lon="6.6694480">
    <ele>1364.5</ele>
   </trkpt>
   <trkpt lat="44.9113780" lon="6.6695070">
    <ele>1364.7</ele>
   </trkpt>
   <trkpt lat="44.9114050" lon="6.6695640">
    <ele>1364.9</ele>
   </trkpt>
   <trkpt lat="44.9114320" lon="6.6696230">
    <ele>1365.1</ele>
   </trkpt>
   <trkpt lat="44.9114540" lon="6.6696770">
    <ele>1365.2</ele>
   </trkpt>
   <trkpt lat="44.9114810" lon="6.6697350">
    <ele>1365.4</ele>
   </trkpt>
   <trkpt lat="44.9115070" lon="6.6697890">
    <ele>1365.6</ele>
   </trkpt>
   <trkpt lat="44.9115310" lon="6.6698450">
    <ele>1365.8</ele>
   </trkpt>
   <trkpt lat="44.9115590" lon="6.6699030">
    <ele>1366.0</ele>
   </trkpt>
   <trkpt lat="44.9115890" lon="6.6699600">
    <ele>1366.2</ele>
   </trkpt>
   <trkpt lat="44.9116140" lon="6.6700170">
    <ele>1366.4</ele>
   </trkpt>
   <trkpt lat="44.9116440" lon="6.6700760">
    <ele>1366.6</ele>
   </trkpt>
   <trkpt lat="44.9116730" lon="6.6701320">
    <ele>1366.8</ele>
   </trkpt>
   <trkpt lat="44.9117020" lon="6.6701890">
    <ele>1367.0</ele>
   </trkpt>
   <trkpt lat="44.9117310" lon="6.6702460">
    <ele>1367.2</ele>
   </trkpt>
   <trkpt lat="44.9117590" lon="6.6703010">
    <ele>1367.4</ele>
   </trkpt>
   <trkpt lat="44.9117850" lon="6.6703640">
    <ele>1367.6</ele>
   </trkpt>
   <trkpt lat="44.9118130" lon="6.6704270">
    <ele>1367.8</ele>
   </trkpt>
   <trkpt lat="44.9118410" lon="6.6704860">
    <ele>1368.0</ele>
   </trkpt>
   <trkpt lat="44.9118680" lon="6.6705360">
    <ele>1368.2</ele>
   </trkpt>
   <trkpt lat="44.9118970" lon="6.6705870">
    <ele>1368.5</ele>
   </trkpt>
   <trkpt lat="44.9119290" lon="6.6706380">
    <ele>1368.7</ele>
   </trkpt>
   <trkpt lat="44.9119640" lon="6.6706840">
    <ele>1368.9</ele>
   </trkpt>
   <trkpt lat="44.9120010" lon="6.6707300">
    <ele>1369.0</ele>
   </trkpt>
   <trkpt lat="44.9120330" lon="6.6707810">
    <ele>1369.2</ele>
   </trkpt>
   <trkpt lat="44.9120650" lon="6.6708390">
    <ele>1369.3</ele>
   </trkpt>
   <trkpt lat="44.9120960" lon="6.6708920">
    <ele>1369.4</ele>
   </trkpt>
   <trkpt lat="44.9121280" lon="6.6709500">
    <ele>1369.5</ele>
   </trkpt>
   <trkpt lat="44.9121580" lon="6.6710100">
    <ele>1369.6</ele>
   </trkpt>
   <trkpt lat="44.9121920" lon="6.6710690">
    <ele>1369.7</ele>
   </trkpt>
   <trkpt lat="44.9122210" lon="6.6711260">
    <ele>1369.7</ele>
   </trkpt>
   <trkpt lat="44.9122490" lon="6.6711830">
    <ele>1369.8</ele>
   </trkpt>
   <trkpt lat="44.9122780" lon="6.6712390">
    <ele>1369.9</ele>
   </trkpt>
   <trkpt lat="44.9123110" lon="6.6712970">
    <ele>1369.9</ele>
   </trkpt>
   <trkpt lat="44.9123420" lon="6.6713520">
    <ele>1369.9</ele>
   </trkpt>
   <trkpt lat="44.9123720" lon="6.6714070">
    <ele>1369.9</ele>
   </trkpt>
   <trkpt lat="44.9124010" lon="6.6714590">
    <ele>1370.0</ele>
   </trkpt>
   <trkpt lat="44.9124330" lon="6.6715150">
    <ele>1370.0</ele>
   </trkpt>
   <trkpt lat="44.9124630" lon="6.6715720">
    <ele>1370.0</ele>
   </trkpt>
   <trkpt lat="44.9124900" lon="6.6716270">
    <ele>1370.0</ele>
   </trkpt>
   <trkpt lat="44.9125210" lon="6.6716840">
    <ele>1370.0</ele>
   </trkpt>
   <trkpt lat="44.9125560" lon="6.6717380">
    <ele>1370.0</ele>
   </trkpt>
   <trkpt lat="44.9125930" lon="6.6717980">
    <ele>1370.0</ele>
   </trkpt>
   <trkpt lat="44.9126280" lon="6.6718560">
    <ele>1370.0</ele>
   </trkpt>
   <trkpt lat="44.9126640" lon="6.6719120">
    <ele>1369.9</ele>
   </trkpt>
   <trkpt lat="44.9126910" lon="6.6719670">
    <ele>1369.6</ele>
   </trkpt>
   <trkpt lat="44.9127100" lon="6.6720110">
    <ele>1369.4</ele>
   </trkpt>
   <trkpt lat="44.9127310" lon="6.6720260">
    <ele>1369.4</ele>
   </trkpt>
   <trkpt lat="44.9127440" lon="6.6720170">
    <ele>1369.4</ele>
   </trkpt>
   <trkpt lat="44.9127500" lon="6.6720080">
    <ele>1369.4</ele>
   </trkpt>
   <trkpt lat="44.9127510" lon="6.6720070">
    <ele>1369.4</ele>
   </trkpt>
   <trkpt lat="44.9127510" lon="6.6720060">
    <ele>1369.4</ele>
   </trkpt>
   <trkpt lat="44.9127520" lon="6.6720050">
    <ele>1369.4</ele>
   </trkpt>
   <trkpt lat="44.9127520" lon="6.6720040">
    <ele>1369.4</ele>
   </trkpt>
   <trkpt lat="44.9127530" lon="6.6720030">
    <ele>1369.4</ele>
   </trkpt>
   <trkpt lat="44.9127530" lon="6.6720020">
    <ele>1369.4</ele>
   </trkpt>
   <trkpt lat="44.9127530" lon="6.6720010">
    <ele>1369.4</ele>
   </trkpt>
   <trkpt lat="44.9127540" lon="6.6720000">
    <ele>1369.4</ele>
   </trkpt>
   <trkpt lat="44.9127540" lon="6.6719990">
    <ele>1369.4</ele>
   </trkpt>
   <trkpt lat="44.9127550" lon="6.6719980">
    <ele>1369.4</ele>
   </trkpt>
   <trkpt lat="44.9127550" lon="6.6719970">
    <ele>1369.4</ele>
   </trkpt>
   <trkpt lat="44.9127550" lon="6.6719960">
    <ele>1369.4</ele>
   </trkpt>
   <trkpt lat="44.9127560" lon="6.6719950">
    <ele>1369.4</ele>
   </trkpt>
   <trkpt lat="44.9127560" lon="6.6719940">
    <ele>1369.4</ele>
   </trkpt>
   <trkpt lat="44.9127570" lon="6.6719920">
    <ele>1369.4</ele>
   </trkpt>
   <trkpt lat="44.9127570" lon="6.6719910">
    <ele>1369.4</ele>
   </trkpt>
   <trkpt lat="44.9127580" lon="6.6719900">
    <ele>1369.4</ele>
   </trkpt>
   <trkpt lat="44.9127580" lon="6.6719890">
    <ele>1369.4</ele>
   </trkpt>
   <trkpt lat="44.9127580" lon="6.6719880">
    <ele>1369.4</ele>
   </trkpt>
   <trkpt lat="44.9127590" lon="6.6719870">
    <ele>1369.4</ele>
   </trkpt>
   <trkpt lat="44.9127590" lon="6.6719860">
    <ele>1369.4</ele>
   </trkpt>
   <trkpt lat="44.9127600" lon="6.6719850">
    <ele>1369.4</ele>
   </trkpt>
   <trkpt lat="44.9127600" lon="6.6719840">
    <ele>1369.4</ele>
   </trkpt>
   <trkpt lat="44.9127600" lon="6.6719830">
    <ele>1369.4</ele>
   </trkpt>
   <trkpt lat="44.9127610" lon="6.6719820">
    <ele>1369.4</ele>
   </trkpt>
   <trkpt lat="44.9127610" lon="6.6719810">
    <ele>1369.4</ele>
   </trkpt>
   <trkpt lat="44.9127620" lon="6.6719800">
    <ele>1369.4</ele>
   </trkpt>
   <trkpt lat="44.9127620" lon="6.6719790">
    <ele>1369.4</ele>
   </trkpt>
   <trkpt lat="44.9127630" lon="6.6719780">
    <ele>1369.4</ele>
   </trkpt>
   <trkpt lat="44.9127630" lon="6.6719770">
    <ele>1369.4</ele>
   </trkpt>
   <trkpt lat="44.9127890" lon="6.6719500">
    <ele>1369.4</ele>
   </trkpt>
   <trkpt lat="44.9128230" lon="6.6719240">
    <ele>1369.5</ele>
   </trkpt>
   <trkpt lat="44.9128540" lon="6.6718900">
    <ele>1369.5</ele>
   </trkpt>
   <trkpt lat="44.9128860" lon="6.6718540">
    <ele>1369.5</ele>
   </trkpt>
   <trkpt lat="44.9129100" lon="6.6718340">
    <ele>1369.6</ele>
   </trkpt>
   <trkpt lat="44.9129540" lon="6.6718420">
    <ele>1369.8</ele>
   </trkpt>
   <trkpt lat="44.9129950" lon="6.6718440">
    <ele>1370.0</ele>
   </trkpt>
   <trkpt lat="44.9130340" lon="6.6718610">
    <ele>1370.2</ele>
   </trkpt>
   <trkpt lat="44.9130750" lon="6.6718760">
    <ele>1370.3</ele>
   </trkpt>
   <trkpt lat="44.9131100" lon="6.6718950">
    <ele>1370.3</ele>
   </trkpt>
   <trkpt lat="44.9131430" lon="6.6719290">
    <ele>1370.3</ele>
   </trkpt>
   <trkpt lat="44.9131890" lon="6.6719660">
    <ele>1370.3</ele>
   </trkpt>
   <trkpt lat="44.9132290" lon="6.6719810">
    <ele>1370.4</ele>
   </trkpt>
   <trkpt lat="44.9132600" lon="6.6720060">
    <ele>1370.4</ele>
   </trkpt>
   <trkpt lat="44.9132910" lon="6.6720320">
    <ele>1370.4</ele>
   </trkpt>
   <trkpt lat="44.9133200" lon="6.6720540">
    <ele>1370.4</ele>
   </trkpt>
   <trkpt lat="44.9133460" lon="6.6720690">
    <ele>1370.4</ele>
   </trkpt>
   <trkpt lat="44.9133620" lon="6.6720820">
    <ele>1370.4</ele>
   </trkpt>
   <trkpt lat="44.9133680" lon="6.6720850">
    <ele>1370.4</ele>
   </trkpt>
   <trkpt lat="44.9133710" lon="6.6720870">
    <ele>1370.4</ele>
   </trkpt>
   <trkpt lat="44.9133760" lon="6.6720890">
    <ele>1370.4</ele>
   </trkpt>
   <trkpt lat="44.9133760" lon="6.6720890">
    <ele>1370.4</ele>
   </trkpt>
   <trkpt lat="44.9133760" lon="6.6720890">
    <ele>1370.4</ele>
   </trkpt>
   <trkpt lat="44.9133760" lon="6.6720890">
    <ele>1370.4</ele>
   </trkpt>
   <trkpt lat="44.9133760" lon="6.6720890">
    <ele>1370.4</ele>
   </trkpt>
   <trkpt lat="44.9133760" lon="6.6720890">
    <ele>1370.4</ele>
   </trkpt>
   <trkpt lat="44.9133760" lon="6.6720890">
    <ele>1370.4</ele>
   </trkpt>
   <trkpt lat="44.9133760" lon="6.6720890">
    <ele>1370.4</ele>
   </trkpt>
   <trkpt lat="44.9133760" lon="6.6720890">
    <ele>1370.4</ele>
   </trkpt>
   <trkpt lat="44.9133760" lon="6.6720890">
    <ele>1370.4</ele>
   </trkpt>
   <trkpt lat="44.9133500" lon="6.6721260">
    <ele>1370.4</ele>
   </trkpt>
   <trkpt lat="44.9133640" lon="6.6721170">
    <ele>1370.4</ele>
   </trkpt>
   <trkpt lat="44.9133690" lon="6.6721120">
    <ele>1370.4</ele>
   </trkpt>
   <trkpt lat="44.9133710" lon="6.6721100">
    <ele>1370.4</ele>
   </trkpt>
   <trkpt lat="44.9133710" lon="6.6721100">
    <ele>1370.4</ele>
   </trkpt>
   <trkpt lat="44.9133730" lon="6.6721030">
    <ele>1370.4</ele>
   </trkpt>
   <trkpt lat="44.9133810" lon="6.6721120">
    <ele>1370.4</ele>
   </trkpt>
   <trkpt lat="44.9134020" lon="6.6721260">
    <ele>1370.4</ele>
   </trkpt>
   <trkpt lat="44.9134360" lon="6.6721520">
    <ele>1370.4</ele>
   </trkpt>
   <trkpt lat="44.9134510" lon="6.6721590">
    <ele>1370.4</ele>
   </trkpt>
   <trkpt lat="44.9134750" lon="6.6721790">
    <ele>1370.3</ele>
   </trkpt>
   <trkpt lat="44.9134990" lon="6.6722000">
    <ele>1370.3</ele>
   </trkpt>
   <trkpt lat="44.9135290" lon="6.6722220">
    <ele>1370.3</ele>
   </trkpt>
   <trkpt lat="44.9135690" lon="6.6722520">
    <ele>1370.3</ele>
   </trkpt>
   <trkpt lat="44.9136090" lon="6.6722710">
    <ele>1370.2</ele>
   </trkpt>
   <trkpt lat="44.9136490" lon="6.6723000">
    <ele>1370.2</ele>
   </trkpt>
   <trkpt lat="44.9136930" lon="6.6723320">
    <ele>1370.2</ele>
   </trkpt>
   <trkpt lat="44.9137360" lon="6.6723670">
    <ele>1370.2</ele>
   </trkpt>
   <trkpt lat="44.9137790" lon="6.6724030">
    <ele>1370.1</ele>
   </trkpt>
   <trkpt lat="44.9138200" lon="6.6724340">
    <ele>1370.1</ele>
   </trkpt>
   <trkpt lat="44.9138710" lon="6.6724670">
    <ele>1370.0</ele>
   </trkpt>
   <trkpt lat="44.9139110" lon="6.6725040">
    <ele>1370.0</ele>
   </trkpt>
   <trkpt lat="44.9139650" lon="6.6725250">
    <ele>1370.0</ele>
   </trkpt>
   <trkpt lat="44.9140090" lon="6.6725670">
    <ele>1370.0</ele>
   </trkpt>
   <trkpt lat="44.9140540" lon="6.6726090">
    <ele>1369.9</ele>
   </trkpt>
   <trkpt lat="44.9141020" lon="6.6726500">
    <ele>1369.8</ele>
   </trkpt>
   <trkpt lat="44.9141560" lon="6.6726850">
    <ele>1369.7</ele>
   </trkpt>
   <trkpt lat="44.9142090" lon="6.6727230">
    <ele>1369.6</ele>
   </trkpt>
   <trkpt lat="44.9142640" lon="6.6727640">
    <ele>1369.5</ele>
   </trkpt>
   <trkpt lat="44.9143200" lon="6.6728090">
    <ele>1369.4</ele>
   </trkpt>
   <trkpt lat="44.9143750" lon="6.6728590">
    <ele>1369.3</ele>
   </trkpt>
   <trkpt lat="44.9144340" lon="6.6729070">
    <ele>1369.1</ele>
   </trkpt>
   <trkpt lat="44.9144910" lon="6.6729560">
    <ele>1368.9</ele>
   </trkpt>
   <trkpt lat="44.9145520" lon="6.6730020">
    <ele>1368.7</ele>
   </trkpt>
   <trkpt lat="44.9146150" lon="6.6730440">
    <ele>1368.6</ele>
   </trkpt>
   <trkpt lat="44.9146760" lon="6.6730790">
    <ele>1368.4</ele>
   </trkpt>
   <trkpt lat="44.9147360" lon="6.6731160">
    <ele>1368.3</ele>
   </trkpt>
   <trkpt lat="44.9147970" lon="6.6731580">
    <ele>1368.1</ele>
   </trkpt>
   <trkpt lat="44.9148580" lon="6.6731950">
    <ele>1368.0</ele>
   </trkpt>
   <trkpt lat="44.9149210" lon="6.6732240">
    <ele>1367.9</ele>
   </trkpt>
   <trkpt lat="44.9152780" lon="6.6733270">
    <ele>1367.3</ele>
   </trkpt>
   <trkpt lat="44.9153280" lon="6.6733350">
    <ele>1367.3</ele>
   </trkpt>
   <trkpt lat="44.9153770" lon="6.6733440">
    <ele>1367.2</ele>
   </trkpt>
   <trkpt lat="44.9154270" lon="6.6733520">
    <ele>1367.1</ele>
   </trkpt>
   <trkpt lat="44.9154990" lon="6.6733400">
    <ele>1367.0</ele>
   </trkpt>
   <trkpt lat="44.9155630" lon="6.6733420">
    <ele>1366.9</ele>
   </trkpt>
   <trkpt lat="44.9156300" lon="6.6733630">
    <ele>1366.8</ele>
   </trkpt>
   <trkpt lat="44.9156860" lon="6.6733660">
    <ele>1366.7</ele>
   </trkpt>
   <trkpt lat="44.9157380" lon="6.6733780">
    <ele>1366.6</ele>
   </trkpt>
   <trkpt lat="44.9157920" lon="6.6733850">
    <ele>1366.5</ele>
   </trkpt>
   <trkpt lat="44.9158620" lon="6.6733950">
    <ele>1366.4</ele>
   </trkpt>
   <trkpt lat="44.9159280" lon="6.6734040">
    <ele>1366.3</ele>
   </trkpt>
   <trkpt lat="44.9159870" lon="6.6734140">
    <ele>1366.2</ele>
   </trkpt>
   <trkpt lat="44.9160430" lon="6.6734200">
    <ele>1366.1</ele>
   </trkpt>
   <trkpt lat="44.9160940" lon="6.6734300">
    <ele>1366.0</ele>
   </trkpt>
   <trkpt lat="44.9161460" lon="6.6734350">
    <ele>1365.9</ele>
   </trkpt>
   <trkpt lat="44.9161950" lon="6.6734140">
    <ele>1365.8</ele>
   </trkpt>
   <trkpt lat="44.9162390" lon="6.6734110">
    <ele>1365.8</ele>
   </trkpt>
   <trkpt lat="44.9162600" lon="6.6734440">
    <ele>1365.8</ele>
   </trkpt>
   <trkpt lat="44.9162710" lon="6.6734510">
    <ele>1365.8</ele>
   </trkpt>
   <trkpt lat="44.9162590" lon="6.6734380">
    <ele>1365.8</ele>
   </trkpt>
   <trkpt lat="44.9162480" lon="6.6734260">
    <ele>1365.8</ele>
   </trkpt>
   <trkpt lat="44.9162360" lon="6.6734130">
    <ele>1365.8</ele>
   </trkpt>
   <trkpt lat="44.9162250" lon="6.6734010">
    <ele>1365.8</ele>
   </trkpt>
   <trkpt lat="44.9162310" lon="6.6734040">
    <ele>1365.8</ele>
   </trkpt>
   <trkpt lat="44.9162420" lon="6.6734040">
    <ele>1365.8</ele>
   </trkpt>
   <trkpt lat="44.9162540" lon="6.6734040">
    <ele>1365.8</ele>
   </trkpt>
   <trkpt lat="44.9162650" lon="6.6734040">
    <ele>1365.8</ele>
   </trkpt>
   <trkpt lat="44.9162790" lon="6.6734070">
    <ele>1365.8</ele>
   </trkpt>
   <trkpt lat="44.9162920" lon="6.6733970">
    <ele>1365.8</ele>
   </trkpt>
   <trkpt lat="44.9163140" lon="6.6733680">
    <ele>1365.8</ele>
   </trkpt>
   <trkpt lat="44.9163390" lon="6.6733490">
    <ele>1365.8</ele>
   </trkpt>
   <trkpt lat="44.9163730" lon="6.6733360">
    <ele>1365.7</ele>
   </trkpt>
   <trkpt lat="44.9164090" lon="6.6733230">
    <ele>1365.7</ele>
   </trkpt>
   <trkpt lat="44.9164460" lon="6.6733150">
    <ele>1365.7</ele>
   </trkpt>
   <trkpt lat="44.9164850" lon="6.6733170">
    <ele>1365.7</ele>
   </trkpt>
   <trkpt lat="44.9165160" lon="6.6733160">
    <ele>1365.6</ele>
   </trkpt>
   <trkpt lat="44.9165520" lon="6.6733120">
    <ele>1365.6</ele>
   </trkpt>
   <trkpt lat="44.9165630" lon="6.6733120">
    <ele>1365.5</ele>
   </trkpt>
   <trkpt lat="44.9165960" lon="6.6733290">
    <ele>1365.5</ele>
   </trkpt>
   <trkpt lat="44.9166050" lon="6.6733390">
    <ele>1365.5</ele>
   </trkpt>
   <trkpt lat="44.9166310" lon="6.6733580">
    <ele>1365.4</ele>
   </trkpt>
   <trkpt lat="44.9166420" lon="6.6733670">
    <ele>1365.4</ele>
   </trkpt>
   <trkpt lat="44.9166830" lon="6.6733830">
    <ele>1365.3</ele>
   </trkpt>
   <trkpt lat="44.9167230" lon="6.6733980">
    <ele>1365.2</ele>
   </trkpt>
   <trkpt lat="44.9167590" lon="6.6734090">
    <ele>1365.1</ele>
   </trkpt>
   <trkpt lat="44.9167990" lon="6.6734190">
    <ele>1365.0</ele>
   </trkpt>
   <trkpt lat="44.9168410" lon="6.6734230">
    <ele>1364.8</ele>
   </trkpt>
   <trkpt lat="44.9168810" lon="6.6734270">
    <ele>1364.7</ele>
   </trkpt>
   <trkpt lat="44.9169200" lon="6.6734260">
    <ele>1364.5</ele>
   </trkpt>
   <trkpt lat="44.9169630" lon="6.6734360">
    <ele>1364.3</ele>
   </trkpt>
   <trkpt lat="44.9170120" lon="6.6734530">
    <ele>1364.0</ele>
   </trkpt>
   <trkpt lat="44.9170590" lon="6.6734660">
    <ele>1363.8</ele>
   </trkpt>
   <trkpt lat="44.9171140" lon="6.6734800">
    <ele>1363.6</ele>
   </trkpt>
   <trkpt lat="44.9171750" lon="6.6734970">
    <ele>1363.3</ele>
   </trkpt>
   <trkpt lat="44.9172380" lon="6.6735100">
    <ele>1363.0</ele>
   </trkpt>
   <trkpt lat="44.9173010" lon="6.6735240">
    <ele>1362.8</ele>
   </trkpt>
   <trkpt lat="44.9173580" lon="6.6735400">
    <ele>1362.5</ele>
   </trkpt>
   <trkpt lat="44.9174180" lon="6.6735520">
    <ele>1362.3</ele>
   </trkpt>
   <trkpt lat="44.9174850" lon="6.6735620">
    <ele>1362.0</ele>
   </trkpt>
   <trkpt lat="44.9175530" lon="6.6735770">
    <ele>1361.8</ele>
   </trkpt>
   <trkpt lat="44.9176230" lon="6.6735950">
    <ele>1361.6</ele>
   </trkpt>
   <trkpt lat="44.9177010" lon="6.6736140">
    <ele>1361.3</ele>
   </trkpt>
   <trkpt lat="44.9177760" lon="6.6736300">
    <ele>1361.2</ele>
   </trkpt>
   <trkpt lat="44.9178540" lon="6.6736460">
    <ele>1361.0</ele>
   </trkpt>
   <trkpt lat="44.9179340" lon="6.6736570">
    <ele>1360.8</ele>
   </trkpt>
   <trkpt lat="44.9180110" lon="6.6736690">
    <ele>1360.6</ele>
   </trkpt>
   <trkpt lat="44.9180880" lon="6.6736810">
    <ele>1360.5</ele>
   </trkpt>
   <trkpt lat="44.9181670" lon="6.6736880">
    <ele>1360.4</ele>
   </trkpt>
   <trkpt lat="44.9182460" lon="6.6736960">
    <ele>1360.2</ele>
   </trkpt>
   <trkpt lat="44.9183200" lon="6.6737100">
    <ele>1360.1</ele>
   </trkpt>
   <trkpt lat="44.9183890" lon="6.6737320">
    <ele>1360.1</ele>
   </trkpt>
   <trkpt lat="44.9184580" lon="6.6737630">
    <ele>1360.1</ele>
   </trkpt>
   <trkpt lat="44.9185210" lon="6.6737970">
    <ele>1360.1</ele>
   </trkpt>
   <trkpt lat="44.9185810" lon="6.6738370">
    <ele>1360.1</ele>
   </trkpt>
   <trkpt lat="44.9186860" lon="6.6739220">
    <ele>1360.1</ele>
   </trkpt>
   <trkpt lat="44.9187490" lon="6.6739690">
    <ele>1360.2</ele>
   </trkpt>
   <trkpt lat="44.9188010" lon="6.6740060">
    <ele>1360.2</ele>
   </trkpt>
   <trkpt lat="44.9188460" lon="6.6740360">
    <ele>1360.3</ele>
   </trkpt>
   <trkpt lat="44.9188900" lon="6.6740760">
    <ele>1360.3</ele>
   </trkpt>
   <trkpt lat="44.9189320" lon="6.6741180">
    <ele>1360.3</ele>
   </trkpt>
   <trkpt lat="44.9189600" lon="6.6741650">
    <ele>1360.3</ele>
   </trkpt>
   <trkpt lat="44.9189920" lon="6.6742120">
    <ele>1360.3</ele>
   </trkpt>
   <trkpt lat="44.9190220" lon="6.6742460">
    <ele>1360.4</ele>
   </trkpt>
   <trkpt lat="44.9190510" lon="6.6742760">
    <ele>1360.4</ele>
   </trkpt>
   <trkpt lat="44.9190860" lon="6.6743110">
    <ele>1360.4</ele>
   </trkpt>
   <trkpt lat="44.9191190" lon="6.6743610">
    <ele>1360.4</ele>
   </trkpt>
   <trkpt lat="44.9191560" lon="6.6744080">
    <ele>1360.4</ele>
   </trkpt>
   <trkpt lat="44.9191880" lon="6.6744550">
    <ele>1360.4</ele>
   </trkpt>
   <trkpt lat="44.9192230" lon="6.6744990">
    <ele>1360.5</ele>
   </trkpt>
   <trkpt lat="44.9192580" lon="6.6745530">
    <ele>1360.5</ele>
   </trkpt>
   <trkpt lat="44.9192900" lon="6.6746010">
    <ele>1360.5</ele>
   </trkpt>
   <trkpt lat="44.9193220" lon="6.6746530">
    <ele>1360.5</ele>
   </trkpt>
   <trkpt lat="44.9193620" lon="6.6747230">
    <ele>1360.6</ele>
   </trkpt>
   <trkpt lat="44.9194030" lon="6.6747830">
    <ele>1360.6</ele>
   </trkpt>
   <trkpt lat="44.9194350" lon="6.6748480">
    <ele>1360.6</ele>
   </trkpt>
   <trkpt lat="44.9194670" lon="6.6749130">
    <ele>1360.7</ele>
   </trkpt>
   <trkpt lat="44.9195020" lon="6.6749850">
    <ele>1360.7</ele>
   </trkpt>
   <trkpt lat="44.9195400" lon="6.6750440">
    <ele>1360.8</ele>
   </trkpt>
   <trkpt lat="44.9195610" lon="6.6751090">
    <ele>1360.8</ele>
   </trkpt>
   <trkpt lat="44.9195970" lon="6.6751760">
    <ele>1360.9</ele>
   </trkpt>
   <trkpt lat="44.9196290" lon="6.6752410">
    <ele>1360.9</ele>
   </trkpt>
   <trkpt lat="44.9196640" lon="6.6753020">
    <ele>1361.0</ele>
   </trkpt>
   <trkpt lat="44.9197000" lon="6.6753550">
    <ele>1361.1</ele>
   </trkpt>
   <trkpt lat="44.9197250" lon="6.6754020">
    <ele>1361.1</ele>
   </trkpt>
   <trkpt lat="44.9197580" lon="6.6754550">
    <ele>1361.2</ele>
   </trkpt>
   <trkpt lat="44.9197940" lon="6.6755160">
    <ele>1361.3</ele>
   </trkpt>
   <trkpt lat="44.9198310" lon="6.6755750">
    <ele>1361.4</ele>
   </trkpt>
   <trkpt lat="44.9198680" lon="6.6756190">
    <ele>1361.5</ele>
   </trkpt>
   <trkpt lat="44.9199140" lon="6.6756670">
    <ele>1361.7</ele>
   </trkpt>
   <trkpt lat="44.9199620" lon="6.6757110">
    <ele>1361.8</ele>
   </trkpt>
   <trkpt lat="44.9200060" lon="6.6757430">
    <ele>1361.9</ele>
   </trkpt>
   <trkpt lat="44.9200560" lon="6.6757850">
    <ele>1362.1</ele>
   </trkpt>
   <trkpt lat="44.9200980" lon="6.6758350">
    <ele>1362.3</ele>
   </trkpt>
   <trkpt lat="44.9201410" lon="6.6758820">
    <ele>1362.5</ele>
   </trkpt>
   <trkpt lat="44.9201770" lon="6.6759170">
    <ele>1362.6</ele>
   </trkpt>
   <trkpt lat="44.9202160" lon="6.6759560">
    <ele>1362.8</ele>
   </trkpt>
   <trkpt lat="44.9202610" lon="6.6759980">
    <ele>1363.0</ele>
   </trkpt>
   <trkpt lat="44.9203000" lon="6.6760430">
    <ele>1363.2</ele>
   </trkpt>
   <trkpt lat="44.9203340" lon="6.6760890">
    <ele>1363.4</ele>
   </trkpt>
   <trkpt lat="44.9203720" lon="6.6761340">
    <ele>1363.5</ele>
   </trkpt>
   <trkpt lat="44.9204070" lon="6.6761760">
    <ele>1363.7</ele>
   </trkpt>
   <trkpt lat="44.9204440" lon="6.6762180">
    <ele>1363.9</ele>
   </trkpt>
   <trkpt lat="44.9204810" lon="6.6762570">
    <ele>1364.0</ele>
   </trkpt>
   <trkpt lat="44.9205140" lon="6.6763000">
    <ele>1364.1</ele>
   </trkpt>
   <trkpt lat="44.9205480" lon="6.6763370">
    <ele>1364.2</ele>
   </trkpt>
   <trkpt lat="44.9205860" lon="6.6763810">
    <ele>1364.3</ele>
   </trkpt>
   <trkpt lat="44.9206240" lon="6.6764280">
    <ele>1364.5</ele>
   </trkpt>
   <trkpt lat="44.9206660" lon="6.6764770">
    <ele>1364.6</ele>
   </trkpt>
   <trkpt lat="44.9207070" lon="6.6765230">
    <ele>1364.7</ele>
   </trkpt>
   <trkpt lat="44.9207450" lon="6.6765660">
    <ele>1364.8</ele>
   </trkpt>
   <trkpt lat="44.9207850" lon="6.6766130">
    <ele>1365.0</ele>
   </trkpt>
   <trkpt lat="44.9208210" lon="6.6766570">
    <ele>1365.1</ele>
   </trkpt>
   <trkpt lat="44.9208600" lon="6.6766980">
    <ele>1365.2</ele>
   </trkpt>
   <trkpt lat="44.9209000" lon="6.6767430">
    <ele>1365.3</ele>
   </trkpt>
   <trkpt lat="44.9209360" lon="6.6767860">
    <ele>1365.4</ele>
   </trkpt>
   <trkpt lat="44.9209750" lon="6.6768300">
    <ele>1365.5</ele>
   </trkpt>
   <trkpt lat="44.9210170" lon="6.6768710">
    <ele>1365.6</ele>
   </trkpt>
   <trkpt lat="44.9210590" lon="6.6769120">
    <ele>1365.7</ele>
   </trkpt>
   <trkpt lat="44.9211010" lon="6.6769560">
    <ele>1365.8</ele>
   </trkpt>
   <trkpt lat="44.9211430" lon="6.6770070">
    <ele>1365.9</ele>
   </trkpt>
   <trkpt lat="44.9211840" lon="6.6770560">
    <ele>1366.0</ele>
   </trkpt>
   <trkpt lat="44.9212270" lon="6.6771050">
    <ele>1366.1</ele>
   </trkpt>
   <trkpt lat="44.9212700" lon="6.6771510">
    <ele>1366.2</ele>
   </trkpt>
   <trkpt lat="44.9213130" lon="6.6772000">
    <ele>1366.2</ele>
   </trkpt>
   <trkpt lat="44.9213950" lon="6.6772870">
    <ele>1366.3</ele>
   </trkpt>
   <trkpt lat="44.9214360" lon="6.6773390">
    <ele>1366.3</ele>
   </trkpt>
   <trkpt lat="44.9214800" lon="6.6773890">
    <ele>1366.3</ele>
   </trkpt>
   <trkpt lat="44.9215230" lon="6.6774340">
    <ele>1366.3</ele>
   </trkpt>
   <trkpt lat="44.9215720" lon="6.6774790">
    <ele>1366.3</ele>
   </trkpt>
   <trkpt lat="44.9216260" lon="6.6775330">
    <ele>1366.3</ele>
   </trkpt>
   <trkpt lat="44.9216760" lon="6.6775810">
    <ele>1366.3</ele>
   </trkpt>
   <trkpt lat="44.9217270" lon="6.6776290">
    <ele>1366.3</ele>
   </trkpt>
   <trkpt lat="44.9217800" lon="6.6776760">
    <ele>1366.2</ele>
   </trkpt>
   <trkpt lat="44.9218340" lon="6.6777220">
    <ele>1366.2</ele>
   </trkpt>
   <trkpt lat="44.9218870" lon="6.6777570">
    <ele>1366.2</ele>
   </trkpt>
   <trkpt lat="44.9219410" lon="6.6778010">
    <ele>1366.2</ele>
   </trkpt>
   <trkpt lat="44.9219980" lon="6.6778470">
    <ele>1366.1</ele>
   </trkpt>
   <trkpt lat="44.9220520" lon="6.6778840">
    <ele>1366.1</ele>
   </trkpt>
   <trkpt lat="44.9221090" lon="6.6779300">
    <ele>1366.1</ele>
   </trkpt>
   <trkpt lat="44.9221600" lon="6.6779720">
    <ele>1366.0</ele>
   </trkpt>
   <trkpt lat="44.9222160" lon="6.6780210">
    <ele>1366.0</ele>
   </trkpt>
   <trkpt lat="44.9222730" lon="6.6780700">
    <ele>1366.0</ele>
   </trkpt>
   <trkpt lat="44.9223270" lon="6.6781180">
    <ele>1366.0</ele>
   </trkpt>
   <trkpt lat="44.9223810" lon="6.6781610">
    <ele>1365.9</ele>
   </trkpt>
   <trkpt lat="44.9224390" lon="6.6782010">
    <ele>1365.9</ele>
   </trkpt>
   <trkpt lat="44.9224980" lon="6.6782450">
    <ele>1365.9</ele>
   </trkpt>
   <trkpt lat="44.9225530" lon="6.6782870">
    <ele>1366.0</ele>
   </trkpt>
   <trkpt lat="44.9226080" lon="6.6783280">
    <ele>1366.0</ele>
   </trkpt>
   <trkpt lat="44.9227190" lon="6.6784170">
    <ele>1366.0</ele>
   </trkpt>
   <trkpt lat="44.9227760" lon="6.6784590">
    <ele>1366.0</ele>
   </trkpt>
   <trkpt lat="44.9228360" lon="6.6784940">
    <ele>1366.0</ele>
   </trkpt>
   <trkpt lat="44.9229550" lon="6.6785470">
    <ele>1366.1</ele>
   </trkpt>
   <trkpt lat="44.9230180" lon="6.6785690">
    <ele>1366.1</ele>
   </trkpt>
   <trkpt lat="44.9230800" lon="6.6785900">
    <ele>1366.1</ele>
   </trkpt>
   <trkpt lat="44.9231430" lon="6.6786130">
    <ele>1366.1</ele>
   </trkpt>
   <trkpt lat="44.9232040" lon="6.6786310">
    <ele>1366.1</ele>
   </trkpt>
   <trkpt lat="44.9232630" lon="6.6786540">
    <ele>1366.2</ele>
   </trkpt>
   <trkpt lat="44.9233190" lon="6.6786710">
    <ele>1366.2</ele>
   </trkpt>
   <trkpt lat="44.9233810" lon="6.6786850">
    <ele>1366.2</ele>
   </trkpt>
   <trkpt lat="44.9234440" lon="6.6787050">
    <ele>1366.2</ele>
   </trkpt>
   <trkpt lat="44.9235040" lon="6.6787270">
    <ele>1366.2</ele>
   </trkpt>
   <trkpt lat="44.9235680" lon="6.6787470">
    <ele>1366.2</ele>
   </trkpt>
   <trkpt lat="44.9236310" lon="6.6787660">
    <ele>1366.2</ele>
   </trkpt>
   <trkpt lat="44.9236960" lon="6.6787920">
    <ele>1366.2</ele>
   </trkpt>
   <trkpt lat="44.9237600" lon="6.6788180">
    <ele>1366.2</ele>
   </trkpt>
   <trkpt lat="44.9238230" lon="6.6788470">
    <ele>1366.2</ele>
   </trkpt>
   <trkpt lat="44.9238860" lon="6.6788750">
    <ele>1366.2</ele>
   </trkpt>
   <trkpt lat="44.9239440" lon="6.6789010">
    <ele>1366.3</ele>
   </trkpt>
   <trkpt lat="44.9240020" lon="6.6789260">
    <ele>1366.3</ele>
   </trkpt>
   <trkpt lat="44.9240610" lon="6.6789490">
    <ele>1366.3</ele>
   </trkpt>
   <trkpt lat="44.9241220" lon="6.6789730">
    <ele>1366.4</ele>
   </trkpt>
   <trkpt lat="44.9241820" lon="6.6789960">
    <ele>1366.4</ele>
   </trkpt>
   <trkpt lat="44.9242450" lon="6.6790190">
    <ele>1366.5</ele>
   </trkpt>
   <trkpt lat="44.9243640" lon="6.6790720">
    <ele>1366.5</ele>
   </trkpt>
   <trkpt lat="44.9244200" lon="6.6790970">
    <ele>1366.6</ele>
   </trkpt>
   <trkpt lat="44.9244780" lon="6.6791220">
    <ele>1366.6</ele>
   </trkpt>
   <trkpt lat="44.9245330" lon="6.6791520">
    <ele>1366.7</ele>
   </trkpt>
   <trkpt lat="44.9245920" lon="6.6791750">
    <ele>1366.8</ele>
   </trkpt>
   <trkpt lat="44.9246520" lon="6.6791970">
    <ele>1366.8</ele>
   </trkpt>
   <trkpt lat="44.9247120" lon="6.6792180">
    <ele>1366.9</ele>
   </trkpt>
   <trkpt lat="44.9247700" lon="6.6792390">
    <ele>1366.9</ele>
   </trkpt>
   <trkpt lat="44.9248300" lon="6.6792600">
    <ele>1366.9</ele>
   </trkpt>
   <trkpt lat="44.9248910" lon="6.6792810">
    <ele>1366.9</ele>
   </trkpt>
   <trkpt lat="44.9250160" lon="6.6793070">
    <ele>1367.1</ele>
   </trkpt>
   <trkpt lat="44.9250790" lon="6.6793110">
    <ele>1367.1</ele>
   </trkpt>
   <trkpt lat="44.9251450" lon="6.6793140">
    <ele>1367.2</ele>
   </trkpt>
   <trkpt lat="44.9252120" lon="6.6793180">
    <ele>1367.2</ele>
   </trkpt>
   <trkpt lat="44.9252770" lon="6.6793190">
    <ele>1367.3</ele>
   </trkpt>
   <trkpt lat="44.9253440" lon="6.6793150">
    <ele>1367.4</ele>
   </trkpt>
   <trkpt lat="44.9254080" lon="6.6793100">
    <ele>1367.4</ele>
   </trkpt>
   <trkpt lat="44.9254690" lon="6.6793060">
    <ele>1367.5</ele>
   </trkpt>
   <trkpt lat="44.9255330" lon="6.6793070">
    <ele>1367.5</ele>
   </trkpt>
   <trkpt lat="44.9255950" lon="6.6793090">
    <ele>1367.5</ele>
   </trkpt>
   <trkpt lat="44.9256600" lon="6.6793120">
    <ele>1367.6</ele>
   </trkpt>
   <trkpt lat="44.9257230" lon="6.6793150">
    <ele>1367.6</ele>
   </trkpt>
   <trkpt lat="44.9257880" lon="6.6793140">
    <ele>1367.7</ele>
   </trkpt>
   <trkpt lat="44.9258540" lon="6.6793100">
    <ele>1367.7</ele>
   </trkpt>
   <trkpt lat="44.9259210" lon="6.6793080">
    <ele>1367.8</ele>
   </trkpt>
   <trkpt lat="44.9259930" lon="6.6793100">
    <ele>1367.8</ele>
   </trkpt>
   <trkpt lat="44.9260630" lon="6.6793080">
    <ele>1367.8</ele>
   </trkpt>
   <trkpt lat="44.9261320" lon="6.6793110">
    <ele>1367.8</ele>
   </trkpt>
   <trkpt lat="44.9261980" lon="6.6793100">
    <ele>1367.8</ele>
   </trkpt>
   <trkpt lat="44.9262610" lon="6.6793100">
    <ele>1367.8</ele>
   </trkpt>
   <trkpt lat="44.9263260" lon="6.6793060">
    <ele>1367.9</ele>
   </trkpt>
   <trkpt lat="44.9263930" lon="6.6793040">
    <ele>1367.9</ele>
   </trkpt>
   <trkpt lat="44.9265220" lon="6.6793070">
    <ele>1368.0</ele>
   </trkpt>
   <trkpt lat="44.9265880" lon="6.6793040">
    <ele>1368.0</ele>
   </trkpt>
   <trkpt lat="44.9266540" lon="6.6793040">
    <ele>1368.0</ele>
   </trkpt>
   <trkpt lat="44.9267210" lon="6.6793010">
    <ele>1368.1</ele>
   </trkpt>
   <trkpt lat="44.9267880" lon="6.6792980">
    <ele>1368.2</ele>
   </trkpt>
   <trkpt lat="44.9268520" lon="6.6792980">
    <ele>1368.3</ele>
   </trkpt>
   <trkpt lat="44.9269150" lon="6.6793040">
    <ele>1368.3</ele>
   </trkpt>
   <trkpt lat="44.9269750" lon="6.6793030">
    <ele>1368.4</ele>
   </trkpt>
   <trkpt lat="44.9270400" lon="6.6792970">
    <ele>1368.5</ele>
   </trkpt>
   <trkpt lat="44.9271040" lon="6.6792940">
    <ele>1368.5</ele>
   </trkpt>
   <trkpt lat="44.9271650" lon="6.6792930">
    <ele>1368.6</ele>
   </trkpt>
   <trkpt lat="44.9272240" lon="6.6792940">
    <ele>1368.7</ele>
   </trkpt>
   <trkpt lat="44.9272870" lon="6.6792900">
    <ele>1368.8</ele>
   </trkpt>
   <trkpt lat="44.9273530" lon="6.6792880">
    <ele>1368.8</ele>
   </trkpt>
   <trkpt lat="44.9274740" lon="6.6792740">
    <ele>1369.0</ele>
   </trkpt>
   <trkpt lat="44.9275330" lon="6.6792710">
    <ele>1369.0</ele>
   </trkpt>
   <trkpt lat="44.9275930" lon="6.6792710">
    <ele>1369.1</ele>
   </trkpt>
   <trkpt lat="44.9276550" lon="6.6792720">
    <ele>1369.1</ele>
   </trkpt>
   <trkpt lat="44.9277160" lon="6.6792680">
    <ele>1369.2</ele>
   </trkpt>
   <trkpt lat="44.9277820" lon="6.6792600">
    <ele>1369.2</ele>
   </trkpt>
   <trkpt lat="44.9278470" lon="6.6792390">
    <ele>1369.3</ele>
   </trkpt>
   <trkpt lat="44.9279090" lon="6.6792180">
    <ele>1369.3</ele>
   </trkpt>
   <trkpt lat="44.9279730" lon="6.6791940">
    <ele>1369.4</ele>
   </trkpt>
   <trkpt lat="44.9280350" lon="6.6791740">
    <ele>1369.4</ele>
   </trkpt>
   <trkpt lat="44.9280970" lon="6.6791500">
    <ele>1369.5</ele>
   </trkpt>
   <trkpt lat="44.9282100" lon="6.6791260">
    <ele>1369.6</ele>
   </trkpt>
   <trkpt lat="44.9282720" lon="6.6791090">
    <ele>1369.6</ele>
   </trkpt>
   <trkpt lat="44.9283350" lon="6.6790970">
    <ele>1369.6</ele>
   </trkpt>
   <trkpt lat="44.9284010" lon="6.6790850">
    <ele>1369.7</ele>
   </trkpt>
   <trkpt lat="44.9284630" lon="6.6790720">
    <ele>1369.8</ele>
   </trkpt>
   <trkpt lat="44.9285280" lon="6.6790640">
    <ele>1369.8</ele>
   </trkpt>
   <trkpt lat="44.9285930" lon="6.6790540">
    <ele>1369.9</ele>
   </trkpt>
   <trkpt lat="44.9286590" lon="6.6790490">
    <ele>1369.9</ele>
   </trkpt>
   <trkpt lat="44.9287200" lon="6.6790480">
    <ele>1370.0</ele>
   </trkpt>
   <trkpt lat="44.9287840" lon="6.6790460">
    <ele>1370.0</ele>
   </trkpt>
   <trkpt lat="44.9288490" lon="6.6790500">
    <ele>1370.1</ele>
   </trkpt>
   <trkpt lat="44.9289120" lon="6.6790570">
    <ele>1370.1</ele>
   </trkpt>
   <trkpt lat="44.9289770" lon="6.6790730">
    <ele>1370.2</ele>
   </trkpt>
   <trkpt lat="44.9290430" lon="6.6790820">
    <ele>1370.2</ele>
   </trkpt>
   <trkpt lat="44.9291070" lon="6.6790930">
    <ele>1370.3</ele>
   </trkpt>
   <trkpt lat="44.9291690" lon="6.6791070">
    <ele>1370.3</ele>
   </trkpt>
   <trkpt lat="44.9292380" lon="6.6791200">
    <ele>1370.4</ele>
   </trkpt>
   <trkpt lat="44.9293000" lon="6.6791320">
    <ele>1370.4</ele>
   </trkpt>
   <trkpt lat="44.9293620" lon="6.6791440">
    <ele>1370.5</ele>
   </trkpt>
   <trkpt lat="44.9294210" lon="6.6791550">
    <ele>1370.5</ele>
   </trkpt>
   <trkpt lat="44.9294820" lon="6.6791670">
    <ele>1370.6</ele>
   </trkpt>
   <trkpt lat="44.9295430" lon="6.6791780">
    <ele>1370.7</ele>
   </trkpt>
   <trkpt lat="44.9296040" lon="6.6791920">
    <ele>1370.7</ele>
   </trkpt>
   <trkpt lat="44.9296640" lon="6.6792070">
    <ele>1370.8</ele>
   </trkpt>
   <trkpt lat="44.9297250" lon="6.6792220">
    <ele>1370.9</ele>
   </trkpt>
   <trkpt lat="44.9297840" lon="6.6792310">
    <ele>1370.9</ele>
   </trkpt>
   <trkpt lat="44.9298460" lon="6.6792480">
    <ele>1371.0</ele>
   </trkpt>
   <trkpt lat="44.9299070" lon="6.6792620">
    <ele>1371.1</ele>
   </trkpt>
   <trkpt lat="44.9299690" lon="6.6792780">
    <ele>1371.1</ele>
   </trkpt>
   <trkpt lat="44.9300290" lon="6.6792880">
    <ele>1371.2</ele>
   </trkpt>
   <trkpt lat="44.9300920" lon="6.6792980">
    <ele>1371.3</ele>
   </trkpt>
   <trkpt lat="44.9301520" lon="6.6793060">
    <ele>1371.3</ele>
   </trkpt>
   <trkpt lat="44.9302150" lon="6.6793200">
    <ele>1371.4</ele>
   </trkpt>
   <trkpt lat="44.9302730" lon="6.6793310">
    <ele>1371.5</ele>
   </trkpt>
   <trkpt lat="44.9303320" lon="6.6793470">
    <ele>1371.6</ele>
   </trkpt>
   <trkpt lat="44.9303880" lon="6.6793520">
    <ele>1371.7</ele>
   </trkpt>
   <trkpt lat="44.9304460" lon="6.6793610">
    <ele>1371.9</ele>
   </trkpt>
   <trkpt lat="44.9305060" lon="6.6793720">
    <ele>1372.0</ele>
   </trkpt>
   <trkpt lat="44.9305610" lon="6.6793760">
    <ele>1372.1</ele>
   </trkpt>
   <trkpt lat="44.9306160" lon="6.6793800">
    <ele>1372.3</ele>
   </trkpt>
   <trkpt lat="44.9306710" lon="6.6793850">
    <ele>1372.5</ele>
   </trkpt>
   <trkpt lat="44.9307230" lon="6.6793860">
    <ele>1372.7</ele>
   </trkpt>
   <trkpt lat="44.9307710" lon="6.6793820">
    <ele>1372.8</ele>
   </trkpt>
   <trkpt lat="44.9308260" lon="6.6793760">
    <ele>1373.1</ele>
   </trkpt>
   <trkpt lat="44.9308800" lon="6.6793670">
    <ele>1373.3</ele>
   </trkpt>
   <trkpt lat="44.9309300" lon="6.6793600">
    <ele>1373.6</ele>
   </trkpt>
   <trkpt lat="44.9309790" lon="6.6793470">
    <ele>1373.8</ele>
   </trkpt>
   <trkpt lat="44.9310290" lon="6.6793260">
    <ele>1374.1</ele>
   </trkpt>
   <trkpt lat="44.9310800" lon="6.6793150">
    <ele>1374.4</ele>
   </trkpt>
   <trkpt lat="44.9311230" lon="6.6793090">
    <ele>1374.6</ele>
   </trkpt>
   <trkpt lat="44.9311690" lon="6.6793070">
    <ele>1374.8</ele>
   </trkpt>
   <trkpt lat="44.9312120" lon="6.6792970">
    <ele>1375.0</ele>
   </trkpt>
   <trkpt lat="44.9312580" lon="6.6792930">
    <ele>1375.2</ele>
   </trkpt>
   <trkpt lat="44.9313010" lon="6.6792950">
    <ele>1375.3</ele>
   </trkpt>
   <trkpt lat="44.9313490" lon="6.6792870">
    <ele>1375.5</ele>
   </trkpt>
   <trkpt lat="44.9313980" lon="6.6792750">
    <ele>1375.7</ele>
   </trkpt>
   <trkpt lat="44.9314440" lon="6.6792620">
    <ele>1375.8</ele>
   </trkpt>
   <trkpt lat="44.9314900" lon="6.6792520">
    <ele>1375.9</ele>
   </trkpt>
   <trkpt lat="44.9315880" lon="6.6792370">
    <ele>1376.1</ele>
   </trkpt>
   <trkpt lat="44.9316410" lon="6.6792310">
    <ele>1376.2</ele>
   </trkpt>
   <trkpt lat="44.9316950" lon="6.6792300">
    <ele>1376.3</ele>
   </trkpt>
   <trkpt lat="44.9317540" lon="6.6792210">
    <ele>1376.4</ele>
   </trkpt>
   <trkpt lat="44.9318080" lon="6.6792090">
    <ele>1376.5</ele>
   </trkpt>
   <trkpt lat="44.9318610" lon="6.6791950">
    <ele>1376.6</ele>
   </trkpt>
   <trkpt lat="44.9319090" lon="6.6791750">
    <ele>1376.7</ele>
   </trkpt>
   <trkpt lat="44.9319610" lon="6.6791580">
    <ele>1376.8</ele>
   </trkpt>
   <trkpt lat="44.9320110" lon="6.6791390">
    <ele>1376.9</ele>
   </trkpt>
   <trkpt lat="44.9320640" lon="6.6791200">
    <ele>1377.0</ele>
   </trkpt>
   <trkpt lat="44.9321150" lon="6.6791040">
    <ele>1377.1</ele>
   </trkpt>
   <trkpt lat="44.9321640" lon="6.6790850">
    <ele>1377.2</ele>
   </trkpt>
   <trkpt lat="44.9322180" lon="6.6790620">
    <ele>1377.4</ele>
   </trkpt>
   <trkpt lat="44.9322720" lon="6.6790400">
    <ele>1377.5</ele>
   </trkpt>
   <trkpt lat="44.9323280" lon="6.6790210">
    <ele>1377.7</ele>
   </trkpt>
   <trkpt lat="44.9323820" lon="6.6790030">
    <ele>1377.8</ele>
   </trkpt>
   <trkpt lat="44.9324310" lon="6.6789870">
    <ele>1377.9</ele>
   </trkpt>
   <trkpt lat="44.9324810" lon="6.6789730">
    <ele>1378.0</ele>
   </trkpt>
   <trkpt lat="44.9325280" lon="6.6789520">
    <ele>1378.1</ele>
   </trkpt>
   <trkpt lat="44.9325790" lon="6.6789370">
    <ele>1378.2</ele>
   </trkpt>
   <trkpt lat="44.9326320" lon="6.6789280">
    <ele>1378.3</ele>
   </trkpt>
   <trkpt lat="44.9326790" lon="6.6789290">
    <ele>1378.5</ele>
   </trkpt>
   <trkpt lat="44.9327240" lon="6.6789360">
    <ele>1378.6</ele>
   </trkpt>
   <trkpt lat="44.9327760" lon="6.6789430">
    <ele>1378.8</ele>
   </trkpt>
   <trkpt lat="44.9328230" lon="6.6789560">
    <ele>1379.0</ele>
   </trkpt>
   <trkpt lat="44.9328770" lon="6.6789700">
    <ele>1379.2</ele>
   </trkpt>
   <trkpt lat="44.9329750" lon="6.6789930">
    <ele>1379.5</ele>
   </trkpt>
   <trkpt lat="44.9330230" lon="6.6789980">
    <ele>1379.6</ele>
   </trkpt>
   <trkpt lat="44.9330780" lon="6.6790030">
    <ele>1379.7</ele>
   </trkpt>
   <trkpt lat="44.9331290" lon="6.6790070">
    <ele>1379.8</ele>
   </trkpt>
   <trkpt lat="44.9331800" lon="6.6790130">
    <ele>1379.8</ele>
   </trkpt>
   <trkpt lat="44.9332360" lon="6.6790240">
    <ele>1379.8</ele>
   </trkpt>
   <trkpt lat="44.9332910" lon="6.6790380">
    <ele>1379.8</ele>
   </trkpt>
   <trkpt lat="44.9333480" lon="6.6790520">
    <ele>1379.8</ele>
   </trkpt>
   <trkpt lat="44.9334070" lon="6.6790640">
    <ele>1379.8</ele>
   </trkpt>
   <trkpt lat="44.9334650" lon="6.6790800">
    <ele>1379.9</ele>
   </trkpt>
   <trkpt lat="44.9335240" lon="6.6790910">
    <ele>1379.9</ele>
   </trkpt>
   <trkpt lat="44.9335800" lon="6.6790960">
    <ele>1379.9</ele>
   </trkpt>
   <trkpt lat="44.9336380" lon="6.6791000">
    <ele>1379.9</ele>
   </trkpt>
   <trkpt lat="44.9336930" lon="6.6790890">
    <ele>1379.9</ele>
   </trkpt>
   <trkpt lat="44.9337460" lon="6.6790730">
    <ele>1379.9</ele>
   </trkpt>
   <trkpt lat="44.9338040" lon="6.6790500">
    <ele>1379.9</ele>
   </trkpt>
   <trkpt lat="44.9338640" lon="6.6790250">
    <ele>1380.0</ele>
   </trkpt>
   <trkpt lat="44.9339260" lon="6.6789980">
    <ele>1380.0</ele>
   </trkpt>
   <trkpt lat="44.9339890" lon="6.6789660">
    <ele>1380.1</ele>
   </trkpt>
   <trkpt lat="44.9340470" lon="6.6789360">
    <ele>1380.1</ele>
   </trkpt>
   <trkpt lat="44.9341010" lon="6.6788980">
    <ele>1380.1</ele>
   </trkpt>
   <trkpt lat="44.9341520" lon="6.6788530">
    <ele>1380.1</ele>
   </trkpt>
   <trkpt lat="44.9342540" lon="6.6787610">
    <ele>1380.0</ele>
   </trkpt>
   <trkpt lat="44.9343060" lon="6.6787020">
    <ele>1379.9</ele>
   </trkpt>
   <trkpt lat="44.9343540" lon="6.6786380">
    <ele>1379.8</ele>
   </trkpt>
   <trkpt lat="44.9344070" lon="6.6785800">
    <ele>1379.7</ele>
   </trkpt>
   <trkpt lat="44.9344600" lon="6.6785290">
    <ele>1379.5</ele>
   </trkpt>
   <trkpt lat="44.9345180" lon="6.6784830">
    <ele>1379.3</ele>
   </trkpt>
   <trkpt lat="44.9345690" lon="6.6784380">
    <ele>1379.1</ele>
   </trkpt>
   <trkpt lat="44.9346240" lon="6.6783900">
    <ele>1378.8</ele>
   </trkpt>
   <trkpt lat="44.9346840" lon="6.6783380">
    <ele>1378.5</ele>
   </trkpt>
   <trkpt lat="44.9347490" lon="6.6782920">
    <ele>1378.3</ele>
   </trkpt>
   <trkpt lat="44.9348130" lon="6.6782480">
    <ele>1378.0</ele>
   </trkpt>
   <trkpt lat="44.9348800" lon="6.6782120">
    <ele>1377.8</ele>
   </trkpt>
   <trkpt lat="44.9349480" lon="6.6781940">
    <ele>1377.7</ele>
   </trkpt>
   <trkpt lat="44.9350160" lon="6.6781860">
    <ele>1377.5</ele>
   </trkpt>
   <trkpt lat="44.9350800" lon="6.6781840">
    <ele>1377.3</ele>
   </trkpt>
   <trkpt lat="44.9351460" lon="6.6781870">
    <ele>1377.2</ele>
   </trkpt>
   <trkpt lat="44.9352150" lon="6.6781930">
    <ele>1377.0</ele>
   </trkpt>
   <trkpt lat="44.9352870" lon="6.6782040">
    <ele>1376.9</ele>
   </trkpt>
   <trkpt lat="44.9353570" lon="6.6782190">
    <ele>1376.8</ele>
   </trkpt>
   <trkpt lat="44.9354250" lon="6.6782320">
    <ele>1376.7</ele>
   </trkpt>
   <trkpt lat="44.9354940" lon="6.6782490">
    <ele>1376.6</ele>
   </trkpt>
   <trkpt lat="44.9355610" lon="6.6782690">
    <ele>1376.6</ele>
   </trkpt>
   <trkpt lat="44.9356850" lon="6.6783020">
    <ele>1376.6</ele>
   </trkpt>
   <trkpt lat="44.9357460" lon="6.6783190">
    <ele>1376.5</ele>
   </trkpt>
   <trkpt lat="44.9358050" lon="6.6783310">
    <ele>1376.5</ele>
   </trkpt>
   <trkpt lat="44.9358610" lon="6.6783490">
    <ele>1376.4</ele>
   </trkpt>
   <trkpt lat="44.9359180" lon="6.6783640">
    <ele>1376.4</ele>
   </trkpt>
   <trkpt lat="44.9359730" lon="6.6783810">
    <ele>1376.4</ele>
   </trkpt>
   <trkpt lat="44.9360320" lon="6.6783960">
    <ele>1376.4</ele>
   </trkpt>
   <trkpt lat="44.9360910" lon="6.6784160">
    <ele>1376.3</ele>
   </trkpt>
   <trkpt lat="44.9361490" lon="6.6784360">
    <ele>1376.3</ele>
   </trkpt>
   <trkpt lat="44.9362110" lon="6.6784480">
    <ele>1376.3</ele>
   </trkpt>
   <trkpt lat="44.9362680" lon="6.6784670">
    <ele>1376.3</ele>
   </trkpt>
   <trkpt lat="44.9363300" lon="6.6784820">
    <ele>1376.3</ele>
   </trkpt>
   <trkpt lat="44.9363890" lon="6.6785030">
    <ele>1376.3</ele>
   </trkpt>
   <trkpt lat="44.9364510" lon="6.6785250">
    <ele>1376.4</ele>
   </trkpt>
   <trkpt lat="44.9365150" lon="6.6785430">
    <ele>1376.4</ele>
   </trkpt>
   <trkpt lat="44.9365760" lon="6.6785600">
    <ele>1376.4</ele>
   </trkpt>
   <trkpt lat="44.9366340" lon="6.6785790">
    <ele>1376.5</ele>
   </trkpt>
   <trkpt lat="44.9366890" lon="6.6785910">
    <ele>1376.5</ele>
   </trkpt>
   <trkpt lat="44.9367530" lon="6.6786090">
    <ele>1376.6</ele>
   </trkpt>
   <trkpt lat="44.9368140" lon="6.6786200">
    <ele>1376.6</ele>
   </trkpt>
   <trkpt lat="44.9368640" lon="6.6786350">
    <ele>1376.6</ele>
   </trkpt>
   <trkpt lat="44.9369180" lon="6.6786580">
    <ele>1376.6</ele>
   </trkpt>
   <trkpt lat="44.9369770" lon="6.6786760">
    <ele>1376.6</ele>
   </trkpt>
   <trkpt lat="44.9370390" lon="6.6786880">
    <ele>1376.7</ele>
   </trkpt>
   <trkpt lat="44.9370970" lon="6.6787040">
    <ele>1376.7</ele>
   </trkpt>
   <trkpt lat="44.9371600" lon="6.6787280">
    <ele>1376.8</ele>
   </trkpt>
   <trkpt lat="44.9372120" lon="6.6787420">
    <ele>1376.8</ele>
   </trkpt>
   <trkpt lat="44.9372550" lon="6.6787590">
    <ele>1376.9</ele>
   </trkpt>
   <trkpt lat="44.9373010" lon="6.6787780">
    <ele>1376.9</ele>
   </trkpt>
   <trkpt lat="44.9373610" lon="6.6787920">
    <ele>1377.0</ele>
   </trkpt>
   <trkpt lat="44.9374200" lon="6.6788080">
    <ele>1377.0</ele>
   </trkpt>
   <trkpt lat="44.9374790" lon="6.6788120">
    <ele>1377.1</ele>
   </trkpt>
   <trkpt lat="44.9375170" lon="6.6788320">
    <ele>1377.1</ele>
   </trkpt>
   <trkpt lat="44.9375630" lon="6.6788520">
    <ele>1377.2</ele>
   </trkpt>
   <trkpt lat="44.9376220" lon="6.6788710">
    <ele>1377.2</ele>
   </trkpt>
   <trkpt lat="44.9376800" lon="6.6788900">
    <ele>1377.3</ele>
   </trkpt>
   <trkpt lat="44.9377370" lon="6.6789040">
    <ele>1377.4</ele>
   </trkpt>
   <trkpt lat="44.9377940" lon="6.6789300">
    <ele>1377.4</ele>
   </trkpt>
   <trkpt lat="44.9378470" lon="6.6789560">
    <ele>1377.5</ele>
   </trkpt>
   <trkpt lat="44.9378920" lon="6.6789700">
    <ele>1377.6</ele>
   </trkpt>
   <trkpt lat="44.9379370" lon="6.6789920">
    <ele>1377.7</ele>
   </trkpt>
   <trkpt lat="44.9379770" lon="6.6790120">
    <ele>1377.7</ele>
   </trkpt>
   <trkpt lat="44.9380110" lon="6.6790380">
    <ele>1377.8</ele>
   </trkpt>
   <trkpt lat="44.9380580" lon="6.6790660">
    <ele>1377.9</ele>
   </trkpt>
   <trkpt lat="44.9380880" lon="6.6790860">
    <ele>1377.9</ele>
   </trkpt>
   <trkpt lat="44.9381110" lon="6.6791180">
    <ele>1378.0</ele>
   </trkpt>
   <trkpt lat="44.9381360" lon="6.6791580">
    <ele>1378.1</ele>
   </trkpt>
   <trkpt lat="44.9381780" lon="6.6791920">
    <ele>1378.1</ele>
   </trkpt>
   <trkpt lat="44.9382150" lon="6.6792170">
    <ele>1378.2</ele>
   </trkpt>
   <trkpt lat="44.9382520" lon="6.6792400">
    <ele>1378.3</ele>
   </trkpt>
   <trkpt lat="44.9382920" lon="6.6792910">
    <ele>1378.4</ele>
   </trkpt>
   <trkpt lat="44.9383260" lon="6.6793420">
    <ele>1378.5</ele>
   </trkpt>
   <trkpt lat="44.9383780" lon="6.6794440">
    <ele>1378.7</ele>
   </trkpt>
   <trkpt lat="44.9384100" lon="6.6794870">
    <ele>1378.8</ele>
   </trkpt>
   <trkpt lat="44.9384410" lon="6.6795340">
    <ele>1378.9</ele>
   </trkpt>
   <trkpt lat="44.9384670" lon="6.6795830">
    <ele>1379.0</ele>
   </trkpt>
   <trkpt lat="44.9384900" lon="6.6796440">
    <ele>1379.1</ele>
   </trkpt>
   <trkpt lat="44.9385140" lon="6.6797030">
    <ele>1379.2</ele>
   </trkpt>
   <trkpt lat="44.9385410" lon="6.6797540">
    <ele>1379.3</ele>
   </trkpt>
   <trkpt lat="44.9385650" lon="6.6798080">
    <ele>1379.5</ele>
   </trkpt>
   <trkpt lat="44.9385900" lon="6.6798600">
    <ele>1379.6</ele>
   </trkpt>
   <trkpt lat="44.9386140" lon="6.6799090">
    <ele>1379.7</ele>
   </trkpt>
   <trkpt lat="44.9386330" lon="6.6799600">
    <ele>1379.8</ele>
   </trkpt>
   <trkpt lat="44.9386560" lon="6.6800080">
    <ele>1379.8</ele>
   </trkpt>
   <trkpt lat="44.9386820" lon="6.6800590">
    <ele>1379.9</ele>
   </trkpt>
   <trkpt lat="44.9387060" lon="6.6801070">
    <ele>1380.0</ele>
   </trkpt>
   <trkpt lat="44.9387300" lon="6.6801580">
    <ele>1380.1</ele>
   </trkpt>
   <trkpt lat="44.9387600" lon="6.6802120">
    <ele>1380.2</ele>
   </trkpt>
   <trkpt lat="44.9387950" lon="6.6802580">
    <ele>1380.3</ele>
   </trkpt>
   <trkpt lat="44.9388250" lon="6.6803060">
    <ele>1380.4</ele>
   </trkpt>
   <trkpt lat="44.9388510" lon="6.6803490">
    <ele>1380.5</ele>
   </trkpt>
   <trkpt lat="44.9388790" lon="6.6803960">
    <ele>1380.6</ele>
   </trkpt>
   <trkpt lat="44.9389030" lon="6.6804420">
    <ele>1380.6</ele>
   </trkpt>
   <trkpt lat="44.9389310" lon="6.6804940">
    <ele>1380.7</ele>
   </trkpt>
   <trkpt lat="44.9389600" lon="6.6805400">
    <ele>1380.8</ele>
   </trkpt>
   <trkpt lat="44.9390300" lon="6.6806250">
    <ele>1381.0</ele>
   </trkpt>
   <trkpt lat="44.9390670" lon="6.6806650">
    <ele>1381.1</ele>
   </trkpt>
   <trkpt lat="44.9391040" lon="6.6807020">
    <ele>1381.3</ele>
   </trkpt>
   <trkpt lat="44.9391430" lon="6.6807400">
    <ele>1381.4</ele>
   </trkpt>
   <trkpt lat="44.9391790" lon="6.6807830">
    <ele>1381.5</ele>
   </trkpt>
   <trkpt lat="44.9392150" lon="6.6808270">
    <ele>1381.6</ele>
   </trkpt>
   <trkpt lat="44.9392530" lon="6.6808720">
    <ele>1381.6</ele>
   </trkpt>
   <trkpt lat="44.9392910" lon="6.6809040">
    <ele>1381.7</ele>
   </trkpt>
   <trkpt lat="44.9393280" lon="6.6809290">
    <ele>1381.7</ele>
   </trkpt>
   <trkpt lat="44.9393650" lon="6.6809510">
    <ele>1381.8</ele>
   </trkpt>
   <trkpt lat="44.9394040" lon="6.6809800">
    <ele>1381.9</ele>
   </trkpt>
   <trkpt lat="44.9394500" lon="6.6810070">
    <ele>1381.9</ele>
   </trkpt>
   <trkpt lat="44.9394800" lon="6.6810240">
    <ele>1382.0</ele>
   </trkpt>
   <trkpt lat="44.9395210" lon="6.6810400">
    <ele>1382.0</ele>
   </trkpt>
   <trkpt lat="44.9395630" lon="6.6810600">
    <ele>1382.1</ele>
   </trkpt>
   <trkpt lat="44.9396030" lon="6.6810790">
    <ele>1382.2</ele>
   </trkpt>
   <trkpt lat="44.9396410" lon="6.6810990">
    <ele>1382.3</ele>
   </trkpt>
   <trkpt lat="44.9396860" lon="6.6811200">
    <ele>1382.4</ele>
   </trkpt>
   <trkpt lat="44.9397320" lon="6.6811360">
    <ele>1382.4</ele>
   </trkpt>
   <trkpt lat="44.9397800" lon="6.6811510">
    <ele>1382.5</ele>
   </trkpt>
   <trkpt lat="44.9398260" lon="6.6811690">
    <ele>1382.6</ele>
   </trkpt>
   <trkpt lat="44.9398750" lon="6.6811830">
    <ele>1382.7</ele>
   </trkpt>
   <trkpt lat="44.9399230" lon="6.6811910">
    <ele>1382.8</ele>
   </trkpt>
   <trkpt lat="44.9399670" lon="6.6812020">
    <ele>1382.8</ele>
   </trkpt>
   <trkpt lat="44.9400100" lon="6.6812100">
    <ele>1382.9</ele>
   </trkpt>
   <trkpt lat="44.9400540" lon="6.6812190">
    <ele>1383.0</ele>
   </trkpt>
   <trkpt lat="44.9400970" lon="6.6812400">
    <ele>1383.1</ele>
   </trkpt>
   <trkpt lat="44.9403730" lon="6.6812830">
    <ele>1383.7</ele>
   </trkpt>
   <trkpt lat="44.9404090" lon="6.6812790">
    <ele>1383.7</ele>
   </trkpt>
   <trkpt lat="44.9404450" lon="6.6812750">
    <ele>1383.8</ele>
   </trkpt>
   <trkpt lat="44.9404960" lon="6.6812960">
    <ele>1383.9</ele>
   </trkpt>
   <trkpt lat="44.9405380" lon="6.6813200">
    <ele>1384.0</ele>
   </trkpt>
   <trkpt lat="44.9405830" lon="6.6813290">
    <ele>1384.1</ele>
   </trkpt>
   <trkpt lat="44.9406320" lon="6.6813390">
    <ele>1384.2</ele>
   </trkpt>
   <trkpt lat="44.9406790" lon="6.6813530">
    <ele>1384.4</ele>
   </trkpt>
   <trkpt lat="44.9407280" lon="6.6813550">
    <ele>1384.5</ele>
   </trkpt>
   <trkpt lat="44.9407740" lon="6.6813560">
    <ele>1384.6</ele>
   </trkpt>
   <trkpt lat="44.9408190" lon="6.6813690">
    <ele>1384.7</ele>
   </trkpt>
   <trkpt lat="44.9408650" lon="6.6813730">
    <ele>1384.8</ele>
   </trkpt>
   <trkpt lat="44.9409090" lon="6.6813770">
    <ele>1384.9</ele>
   </trkpt>
   <trkpt lat="44.9409490" lon="6.6813850">
    <ele>1385.1</ele>
   </trkpt>
   <trkpt lat="44.9409930" lon="6.6813940">
    <ele>1385.3</ele>
   </trkpt>
   <trkpt lat="44.9410440" lon="6.6814020">
    <ele>1385.5</ele>
   </trkpt>
   <trkpt lat="44.9410980" lon="6.6814110">
    <ele>1385.8</ele>
   </trkpt>
   <trkpt lat="44.9411470" lon="6.6814200">
    <ele>1386.0</ele>
   </trkpt>
   <trkpt lat="44.9411910" lon="6.6814270">
    <ele>1386.2</ele>
   </trkpt>
   <trkpt lat="44.9412430" lon="6.6814320">
    <ele>1386.3</ele>
   </trkpt>
   <trkpt lat="44.9413370" lon="6.6814410">
    <ele>1386.5</ele>
   </trkpt>
   <trkpt lat="44.9413880" lon="6.6814470">
    <ele>1386.6</ele>
   </trkpt>
   <trkpt lat="44.9414370" lon="6.6814570">
    <ele>1386.7</ele>
   </trkpt>
   <trkpt lat="44.9414850" lon="6.6814610">
    <ele>1386.8</ele>
   </trkpt>
   <trkpt lat="44.9415330" lon="6.6814630">
    <ele>1386.9</ele>
   </trkpt>
   <trkpt lat="44.9415800" lon="6.6814720">
    <ele>1387.0</ele>
   </trkpt>
   <trkpt lat="44.9416250" lon="6.6814790">
    <ele>1387.1</ele>
   </trkpt>
   <trkpt lat="44.9416730" lon="6.6814870">
    <ele>1387.2</ele>
   </trkpt>
   <trkpt lat="44.9417210" lon="6.6814900">
    <ele>1387.5</ele>
   </trkpt>
   <trkpt lat="44.9417710" lon="6.6814930">
    <ele>1387.7</ele>
   </trkpt>
   <trkpt lat="44.9418520" lon="6.6814930">
    <ele>1388.2</ele>
   </trkpt>
   <trkpt lat="44.9418950" lon="6.6814940">
    <ele>1388.4</ele>
   </trkpt>
   <trkpt lat="44.9419410" lon="6.6814910">
    <ele>1388.7</ele>
   </trkpt>
   <trkpt lat="44.9419920" lon="6.6814840">
    <ele>1389.0</ele>
   </trkpt>
   <trkpt lat="44.9420380" lon="6.6814760">
    <ele>1389.3</ele>
   </trkpt>
   <trkpt lat="44.9420850" lon="6.6814720">
    <ele>1389.5</ele>
   </trkpt>
   <trkpt lat="44.9421320" lon="6.6814610">
    <ele>1389.6</ele>
   </trkpt>
   <trkpt lat="44.9421820" lon="6.6814510">
    <ele>1389.6</ele>
   </trkpt>
   <trkpt lat="44.9422260" lon="6.6814380">
    <ele>1389.7</ele>
   </trkpt>
   <trkpt lat="44.9422700" lon="6.6814140">
    <ele>1389.8</ele>
   </trkpt>
   <trkpt lat="44.9423210" lon="6.6813960">
    <ele>1389.9</ele>
   </trkpt>
   <trkpt lat="44.9424140" lon="6.6813600">
    <ele>1390.2</ele>
   </trkpt>
   <trkpt lat="44.9424660" lon="6.6813480">
    <ele>1390.4</ele>
   </trkpt>
   <trkpt lat="44.9425180" lon="6.6813340">
    <ele>1390.5</ele>
   </trkpt>
   <trkpt lat="44.9425690" lon="6.6813130">
    <ele>1390.7</ele>
   </trkpt>
   <trkpt lat="44.9426230" lon="6.6812930">
    <ele>1390.9</ele>
   </trkpt>
   <trkpt lat="44.9426710" lon="6.6812740">
    <ele>1391.1</ele>
   </trkpt>
   <trkpt lat="44.9427170" lon="6.6812550">
    <ele>1391.2</ele>
   </trkpt>
   <trkpt lat="44.9427650" lon="6.6812370">
    <ele>1391.3</ele>
   </trkpt>
   <trkpt lat="44.9428150" lon="6.6812170">
    <ele>1391.4</ele>
   </trkpt>
   <trkpt lat="44.9428630" lon="6.6811890">
    <ele>1391.5</ele>
   </trkpt>
   <trkpt lat="44.9429060" lon="6.6811660">
    <ele>1391.5</ele>
   </trkpt>
   <trkpt lat="44.9429550" lon="6.6811420">
    <ele>1391.6</ele>
   </trkpt>
   <trkpt lat="44.9430030" lon="6.6811210">
    <ele>1391.7</ele>
   </trkpt>
   <trkpt lat="44.9430470" lon="6.6810970">
    <ele>1391.8</ele>
   </trkpt>
   <trkpt lat="44.9430960" lon="6.6810840">
    <ele>1391.9</ele>
   </trkpt>
   <trkpt lat="44.9431480" lon="6.6810760">
    <ele>1392.0</ele>
   </trkpt>
   <trkpt lat="44.9431980" lon="6.6810650">
    <ele>1392.1</ele>
   </trkpt>
   <trkpt lat="44.9432500" lon="6.6810550">
    <ele>1392.1</ele>
   </trkpt>
   <trkpt lat="44.9433030" lon="6.6810510">
    <ele>1392.2</ele>
   </trkpt>
   <trkpt lat="44.9433540" lon="6.6810480">
    <ele>1392.3</ele>
   </trkpt>
   <trkpt lat="44.9434050" lon="6.6810430">
    <ele>1392.4</ele>
   </trkpt>
   <trkpt lat="44.9434540" lon="6.6810390">
    <ele>1392.4</ele>
   </trkpt>
   <trkpt lat="44.9435090" lon="6.6810360">
    <ele>1392.5</ele>
   </trkpt>
   <trkpt lat="44.9435630" lon="6.6810280">
    <ele>1392.6</ele>
   </trkpt>
   <trkpt lat="44.9436200" lon="6.6810120">
    <ele>1392.6</ele>
   </trkpt>
   <trkpt lat="44.9436770" lon="6.6810020">
    <ele>1392.7</ele>
   </trkpt>
   <trkpt lat="44.9437340" lon="6.6809950">
    <ele>1392.7</ele>
   </trkpt>
   <trkpt lat="44.9437890" lon="6.6809860">
    <ele>1392.8</ele>
   </trkpt>
   <trkpt lat="44.9438460" lon="6.6809820">
    <ele>1392.8</ele>
   </trkpt>
   <trkpt lat="44.9439070" lon="6.6809700">
    <ele>1392.9</ele>
   </trkpt>
   <trkpt lat="44.9439670" lon="6.6809620">
    <ele>1392.9</ele>
   </trkpt>
   <trkpt lat="44.9440270" lon="6.6809530">
    <ele>1393.0</ele>
   </trkpt>
   <trkpt lat="44.9440880" lon="6.6809480">
    <ele>1393.1</ele>
   </trkpt>
   <trkpt lat="44.9441490" lon="6.6809450">
    <ele>1393.1</ele>
   </trkpt>
   <trkpt lat="44.9442050" lon="6.6809390">
    <ele>1393.2</ele>
   </trkpt>
   <trkpt lat="44.9442640" lon="6.6809340">
    <ele>1393.3</ele>
   </trkpt>
   <trkpt lat="44.9443200" lon="6.6809240">
    <ele>1393.5</ele>
   </trkpt>
   <trkpt lat="44.9443750" lon="6.6809170">
    <ele>1393.6</ele>
   </trkpt>
   <trkpt lat="44.9444290" lon="6.6809100">
    <ele>1393.8</ele>
   </trkpt>
   <trkpt lat="44.9444830" lon="6.6809030">
    <ele>1393.9</ele>
   </trkpt>
   <trkpt lat="44.9445320" lon="6.6808930">
    <ele>1394.1</ele>
   </trkpt>
   <trkpt lat="44.9445840" lon="6.6808760">
    <ele>1394.2</ele>
   </trkpt>
   <trkpt lat="44.9446350" lon="6.6808560">
    <ele>1394.4</ele>
   </trkpt>
   <trkpt lat="44.9446830" lon="6.6808280">
    <ele>1394.6</ele>
   </trkpt>
   <trkpt lat="44.9447290" lon="6.6808110">
    <ele>1394.7</ele>
   </trkpt>
   <trkpt lat="44.9447770" lon="6.6807830">
    <ele>1394.8</ele>
   </trkpt>
   <trkpt lat="44.9448200" lon="6.6807590">
    <ele>1395.0</ele>
   </trkpt>
   <trkpt lat="44.9448640" lon="6.6807290">
    <ele>1395.1</ele>
   </trkpt>
   <trkpt lat="44.9449030" lon="6.6806930">
    <ele>1395.2</ele>
   </trkpt>
   <trkpt lat="44.9449790" lon="6.6806150">
    <ele>1395.2</ele>
   </trkpt>
   <trkpt lat="44.9450220" lon="6.6805690">
    <ele>1395.3</ele>
   </trkpt>
   <trkpt lat="44.9450660" lon="6.6805140">
    <ele>1395.3</ele>
   </trkpt>
   <trkpt lat="44.9451100" lon="6.6804520">
    <ele>1395.3</ele>
   </trkpt>
   <trkpt lat="44.9451550" lon="6.6803990">
    <ele>1395.3</ele>
   </trkpt>
   <trkpt lat="44.9452010" lon="6.6803380">
    <ele>1395.3</ele>
   </trkpt>
   <trkpt lat="44.9452440" lon="6.6802750">
    <ele>1395.4</ele>
   </trkpt>
   <trkpt lat="44.9452820" lon="6.6802140">
    <ele>1395.4</ele>
   </trkpt>
   <trkpt lat="44.9453200" lon="6.6801490">
    <ele>1395.3</ele>
   </trkpt>
   <trkpt lat="44.9453550" lon="6.6800840">
    <ele>1395.3</ele>
   </trkpt>
   <trkpt lat="44.9453890" lon="6.6800130">
    <ele>1395.3</ele>
   </trkpt>
   <trkpt lat="44.9454220" lon="6.6799500">
    <ele>1395.2</ele>
   </trkpt>
   <trkpt lat="44.9454610" lon="6.6798900">
    <ele>1395.1</ele>
   </trkpt>
   <trkpt lat="44.9455020" lon="6.6798320">
    <ele>1395.1</ele>
   </trkpt>
   <trkpt lat="44.9455430" lon="6.6797780">
    <ele>1395.0</ele>
   </trkpt>
   <trkpt lat="44.9455880" lon="6.6797270">
    <ele>1394.9</ele>
   </trkpt>
   <trkpt lat="44.9456340" lon="6.6796730">
    <ele>1394.8</ele>
   </trkpt>
   <trkpt lat="44.9456860" lon="6.6796300">
    <ele>1394.7</ele>
   </trkpt>
   <trkpt lat="44.9457390" lon="6.6795950">
    <ele>1394.6</ele>
   </trkpt>
   <trkpt lat="44.9457920" lon="6.6795640">
    <ele>1394.5</ele>
   </trkpt>
   <trkpt lat="44.9458430" lon="6.6795300">
    <ele>1394.3</ele>
   </trkpt>
   <trkpt lat="44.9458920" lon="6.6794990">
    <ele>1394.2</ele>
   </trkpt>
   <trkpt lat="44.9459400" lon="6.6794630">
    <ele>1394.0</ele>
   </trkpt>
   <trkpt lat="44.9459850" lon="6.6794240">
    <ele>1393.8</ele>
   </trkpt>
   <trkpt lat="44.9460340" lon="6.6793770">
    <ele>1393.6</ele>
   </trkpt>
   <trkpt lat="44.9460860" lon="6.6793300">
    <ele>1393.4</ele>
   </trkpt>
   <trkpt lat="44.9461400" lon="6.6792830">
    <ele>1393.2</ele>
   </trkpt>
   <trkpt lat="44.9461930" lon="6.6792270">
    <ele>1393.0</ele>
   </trkpt>
   <trkpt lat="44.9462460" lon="6.6791710">
    <ele>1392.7</ele>
   </trkpt>
   <trkpt lat="44.9463000" lon="6.6791130">
    <ele>1392.5</ele>
   </trkpt>
   <trkpt lat="44.9463540" lon="6.6790630">
    <ele>1392.3</ele>
   </trkpt>
   <trkpt lat="44.9464070" lon="6.6790050">
    <ele>1392.1</ele>
   </trkpt>
   <trkpt lat="44.9464590" lon="6.6789500">
    <ele>1391.9</ele>
   </trkpt>
   <trkpt lat="44.9465180" lon="6.6789080">
    <ele>1391.7</ele>
   </trkpt>
   <trkpt lat="44.9465820" lon="6.6788680">
    <ele>1391.6</ele>
   </trkpt>
   <trkpt lat="44.9466510" lon="6.6788350">
    <ele>1391.5</ele>
   </trkpt>
   <trkpt lat="44.9467240" lon="6.6788080">
    <ele>1391.3</ele>
   </trkpt>
   <trkpt lat="44.9467970" lon="6.6787870">
    <ele>1391.2</ele>
   </trkpt>
   <trkpt lat="44.9468710" lon="6.6787660">
    <ele>1391.1</ele>
   </trkpt>
   <trkpt lat="44.9469500" lon="6.6787710">
    <ele>1391.0</ele>
   </trkpt>
   <trkpt lat="44.9470260" lon="6.6787640">
    <ele>1391.0</ele>
   </trkpt>
   <trkpt lat="44.9471010" lon="6.6787680">
    <ele>1390.9</ele>
   </trkpt>
   <trkpt lat="44.9471640" lon="6.6787780">
    <ele>1390.9</ele>
   </trkpt>
   <trkpt lat="44.9472250" lon="6.6787780">
    <ele>1390.9</ele>
   </trkpt>
   <trkpt lat="44.9472880" lon="6.6787710">
    <ele>1390.8</ele>
   </trkpt>
   <trkpt lat="44.9473590" lon="6.6787710">
    <ele>1390.8</ele>
   </trkpt>
   <trkpt lat="44.9474080" lon="6.6787670">
    <ele>1390.8</ele>
   </trkpt>
   <trkpt lat="44.9474590" lon="6.6787700">
    <ele>1390.8</ele>
   </trkpt>
   <trkpt lat="44.9475110" lon="6.6787840">
    <ele>1390.8</ele>
   </trkpt>
   <trkpt lat="44.9475630" lon="6.6787930">
    <ele>1390.8</ele>
   </trkpt>
   <trkpt lat="44.9476110" lon="6.6788020">
    <ele>1390.8</ele>
   </trkpt>
   <trkpt lat="44.9476540" lon="6.6788060">
    <ele>1390.8</ele>
   </trkpt>
   <trkpt lat="44.9477020" lon="6.6788190">
    <ele>1390.7</ele>
   </trkpt>
   <trkpt lat="44.9477570" lon="6.6788240">
    <ele>1390.7</ele>
   </trkpt>
   <trkpt lat="44.9478120" lon="6.6788160">
    <ele>1390.7</ele>
   </trkpt>
   <trkpt lat="44.9478590" lon="6.6788120">
    <ele>1390.7</ele>
   </trkpt>
   <trkpt lat="44.9479050" lon="6.6788020">
    <ele>1390.7</ele>
   </trkpt>
   <trkpt lat="44.9479610" lon="6.6787870">
    <ele>1390.7</ele>
   </trkpt>
   <trkpt lat="44.9480120" lon="6.6787690">
    <ele>1390.7</ele>
   </trkpt>
   <trkpt lat="44.9480710" lon="6.6787580">
    <ele>1390.7</ele>
   </trkpt>
   <trkpt lat="44.9481260" lon="6.6787430">
    <ele>1390.8</ele>
   </trkpt>
   <trkpt lat="44.9481770" lon="6.6787240">
    <ele>1390.9</ele>
   </trkpt>
   <trkpt lat="44.9482320" lon="6.6787120">
    <ele>1391.0</ele>
   </trkpt>
   <trkpt lat="44.9482890" lon="6.6786880">
    <ele>1391.1</ele>
   </trkpt>
   <trkpt lat="44.9483340" lon="6.6786560">
    <ele>1391.2</ele>
   </trkpt>
   <trkpt lat="44.9483670" lon="6.6786210">
    <ele>1391.4</ele>
   </trkpt>
   <trkpt lat="44.9484030" lon="6.6785920">
    <ele>1391.6</ele>
   </trkpt>
   <trkpt lat="44.9484470" lon="6.6785530">
    <ele>1391.8</ele>
   </trkpt>
   <trkpt lat="44.9484930" lon="6.6785240">
    <ele>1392.1</ele>
   </trkpt>
   <trkpt lat="44.9485310" lon="6.6784980">
    <ele>1392.3</ele>
   </trkpt>
   <trkpt lat="44.9485650" lon="6.6784750">
    <ele>1392.5</ele>
   </trkpt>
   <trkpt lat="44.9486110" lon="6.6784420">
    <ele>1392.9</ele>
   </trkpt>
   <trkpt lat="44.9486610" lon="6.6784180">
    <ele>1393.5</ele>
   </trkpt>
   <trkpt lat="44.9487090" lon="6.6783990">
    <ele>1394.1</ele>
   </trkpt>
   <trkpt lat="44.9487570" lon="6.6783830">
    <ele>1394.7</ele>
   </trkpt>
   <trkpt lat="44.9487940" lon="6.6783510">
    <ele>1395.1</ele>
   </trkpt>
   <trkpt lat="44.9488370" lon="6.6783180">
    <ele>1395.3</ele>
   </trkpt>
   <trkpt lat="44.9488780" lon="6.6782960">
    <ele>1395.4</ele>
   </trkpt>
   <trkpt lat="44.9489280" lon="6.6782970">
    <ele>1395.6</ele>
   </trkpt>
   <trkpt lat="44.9489800" lon="6.6783040">
    <ele>1395.8</ele>
   </trkpt>
   <trkpt lat="44.9490250" lon="6.6782950">
    <ele>1396.1</ele>
   </trkpt>
   <trkpt lat="44.9490750" lon="6.6782860">
    <ele>1396.3</ele>
   </trkpt>
   <trkpt lat="44.9491240" lon="6.6782750">
    <ele>1396.6</ele>
   </trkpt>
   <trkpt lat="44.9491650" lon="6.6782710">
    <ele>1396.8</ele>
   </trkpt>
   <trkpt lat="44.9492030" lon="6.6782650">
    <ele>1397.0</ele>
   </trkpt>
   <trkpt lat="44.9492480" lon="6.6782510">
    <ele>1397.3</ele>
   </trkpt>
   <trkpt lat="44.9492960" lon="6.6782330">
    <ele>1397.4</ele>
   </trkpt>
   <trkpt lat="44.9493440" lon="6.6782090">
    <ele>1397.6</ele>
   </trkpt>
   <trkpt lat="44.9493710" lon="6.6781990">
    <ele>1397.7</ele>
   </trkpt>
   <trkpt lat="44.9494080" lon="6.6782060">
    <ele>1397.9</ele>
   </trkpt>
   <trkpt lat="44.9494800" lon="6.6782330">
    <ele>1398.2</ele>
   </trkpt>
   <trkpt lat="44.9495230" lon="6.6782320">
    <ele>1398.3</ele>
   </trkpt>
   <trkpt lat="44.9495750" lon="6.6782310">
    <ele>1398.6</ele>
   </trkpt>
   <trkpt lat="44.9496120" lon="6.6781910">
    <ele>1398.6</ele>
   </trkpt>
   <trkpt lat="44.9496460" lon="6.6781490">
    <ele>1398.7</ele>
   </trkpt>
   <trkpt lat="44.9496780" lon="6.6780960">
    <ele>1398.8</ele>
   </trkpt>
   <trkpt lat="44.9497130" lon="6.6780550">
    <ele>1398.9</ele>
   </trkpt>
   <trkpt lat="44.9497480" lon="6.6780280">
    <ele>1399.0</ele>
   </trkpt>
   <trkpt lat="44.9497880" lon="6.6780010">
    <ele>1399.1</ele>
   </trkpt>
   <trkpt lat="44.9498300" lon="6.6779710">
    <ele>1399.2</ele>
   </trkpt>
   <trkpt lat="44.9498740" lon="6.6779370">
    <ele>1399.3</ele>
   </trkpt>
   <trkpt lat="44.9499170" lon="6.6779040">
    <ele>1399.4</ele>
   </trkpt>
   <trkpt lat="44.9499610" lon="6.6778640">
    <ele>1399.5</ele>
   </trkpt>
   <trkpt lat="44.9499990" lon="6.6778250">
    <ele>1399.7</ele>
   </trkpt>
   <trkpt lat="44.9500370" lon="6.6777840">
    <ele>1399.8</ele>
   </trkpt>
   <trkpt lat="44.9500820" lon="6.6777450">
    <ele>1399.9</ele>
   </trkpt>
   <trkpt lat="44.9501300" lon="6.6777110">
    <ele>1400.0</ele>
   </trkpt>
   <trkpt lat="44.9501700" lon="6.6776790">
    <ele>1400.2</ele>
   </trkpt>
   <trkpt lat="44.9502070" lon="6.6776410">
    <ele>1400.3</ele>
   </trkpt>
   <trkpt lat="44.9502500" lon="6.6775970">
    <ele>1400.4</ele>
   </trkpt>
   <trkpt lat="44.9502900" lon="6.6775540">
    <ele>1400.5</ele>
   </trkpt>
   <trkpt lat="44.9503280" lon="6.6775130">
    <ele>1400.6</ele>
   </trkpt>
   <trkpt lat="44.9503540" lon="6.6774550">
    <ele>1400.7</ele>
   </trkpt>
   <trkpt lat="44.9503840" lon="6.6773940">
    <ele>1400.7</ele>
   </trkpt>
   <trkpt lat="44.9504160" lon="6.6773300">
    <ele>1400.8</ele>
   </trkpt>
   <trkpt lat="44.9504570" lon="6.6772800">
    <ele>1400.8</ele>
   </trkpt>
   <trkpt lat="44.9504930" lon="6.6772200">
    <ele>1400.8</ele>
   </trkpt>
   <trkpt lat="44.9505260" lon="6.6771580">
    <ele>1400.8</ele>
   </trkpt>
   <trkpt lat="44.9505580" lon="6.6770930">
    <ele>1400.8</ele>
   </trkpt>
   <trkpt lat="44.9505930" lon="6.6770230">
    <ele>1400.8</ele>
   </trkpt>
   <trkpt lat="44.9506340" lon="6.6769600">
    <ele>1400.9</ele>
   </trkpt>
   <trkpt lat="44.9506710" lon="6.6769030">
    <ele>1400.9</ele>
   </trkpt>
   <trkpt lat="44.9507090" lon="6.6768350">
    <ele>1400.9</ele>
   </trkpt>
   <trkpt lat="44.9507450" lon="6.6767700">
    <ele>1401.0</ele>
   </trkpt>
   <trkpt lat="44.9507850" lon="6.6767060">
    <ele>1401.1</ele>
   </trkpt>
   <trkpt lat="44.9508200" lon="6.6766450">
    <ele>1401.1</ele>
   </trkpt>
   <trkpt lat="44.9508590" lon="6.6765840">
    <ele>1401.1</ele>
   </trkpt>
   <trkpt lat="44.9509000" lon="6.6765230">
    <ele>1401.1</ele>
   </trkpt>
   <trkpt lat="44.9509410" lon="6.6764620">
    <ele>1401.1</ele>
   </trkpt>
   <trkpt lat="44.9509870" lon="6.6764020">
    <ele>1401.1</ele>
   </trkpt>
   <trkpt lat="44.9510320" lon="6.6763510">
    <ele>1401.0</ele>
   </trkpt>
   <trkpt lat="44.9510750" lon="6.6762980">
    <ele>1401.0</ele>
   </trkpt>
   <trkpt lat="44.9511190" lon="6.6762510">
    <ele>1401.0</ele>
   </trkpt>
   <trkpt lat="44.9511740" lon="6.6762040">
    <ele>1401.1</ele>
   </trkpt>
   <trkpt lat="44.9512300" lon="6.6761640">
    <ele>1401.1</ele>
   </trkpt>
   <trkpt lat="44.9512880" lon="6.6761290">
    <ele>1401.1</ele>
   </trkpt>
   <trkpt lat="44.9513510" lon="6.6761100">
    <ele>1401.2</ele>
   </trkpt>
   <trkpt lat="44.9514120" lon="6.6760930">
    <ele>1401.2</ele>
   </trkpt>
   <trkpt lat="44.9514760" lon="6.6760880">
    <ele>1401.4</ele>
   </trkpt>
   <trkpt lat="44.9515370" lon="6.6760940">
    <ele>1401.5</ele>
   </trkpt>
   <trkpt lat="44.9515940" lon="6.6761070">
    <ele>1401.6</ele>
   </trkpt>
   <trkpt lat="44.9516490" lon="6.6761230">
    <ele>1401.8</ele>
   </trkpt>
   <trkpt lat="44.9517010" lon="6.6761430">
    <ele>1402.0</ele>
   </trkpt>
   <trkpt lat="44.9517540" lon="6.6761610">
    <ele>1402.2</ele>
   </trkpt>
   <trkpt lat="44.9518070" lon="6.6761820">
    <ele>1402.3</ele>
   </trkpt>
   <trkpt lat="44.9518570" lon="6.6761960">
    <ele>1402.5</ele>
   </trkpt>
   <trkpt lat="44.9519030" lon="6.6762130">
    <ele>1402.7</ele>
   </trkpt>
   <trkpt lat="44.9519480" lon="6.6762310">
    <ele>1402.8</ele>
   </trkpt>
   <trkpt lat="44.9519930" lon="6.6762480">
    <ele>1403.0</ele>
   </trkpt>
   <trkpt lat="44.9520400" lon="6.6762690">
    <ele>1403.2</ele>
   </trkpt>
   <trkpt lat="44.9520900" lon="6.6762930">
    <ele>1403.3</ele>
   </trkpt>
   <trkpt lat="44.9521360" lon="6.6763220">
    <ele>1403.4</ele>
   </trkpt>
   <trkpt lat="44.9521780" lon="6.6763520">
    <ele>1403.5</ele>
   </trkpt>
   <trkpt lat="44.9522170" lon="6.6763750">
    <ele>1403.5</ele>
   </trkpt>
   <trkpt lat="44.9522680" lon="6.6763970">
    <ele>1403.6</ele>
   </trkpt>
   <trkpt lat="44.9523160" lon="6.6764240">
    <ele>1403.7</ele>
   </trkpt>
   <trkpt lat="44.9523640" lon="6.6764550">
    <ele>1403.8</ele>
   </trkpt>
   <trkpt lat="44.9524120" lon="6.6764920">
    <ele>1403.9</ele>
   </trkpt>
   <trkpt lat="44.9524580" lon="6.6765240">
    <ele>1404.0</ele>
   </trkpt>
   <trkpt lat="44.9525050" lon="6.6765400">
    <ele>1404.0</ele>
   </trkpt>
   <trkpt lat="44.9525570" lon="6.6765610">
    <ele>1404.1</ele>
   </trkpt>
   <trkpt lat="44.9526030" lon="6.6765840">
    <ele>1404.2</ele>
   </trkpt>
   <trkpt lat="44.9526530" lon="6.6766030">
    <ele>1404.2</ele>
   </trkpt>
   <trkpt lat="44.9527040" lon="6.6766310">
    <ele>1404.3</ele>
   </trkpt>
   <trkpt lat="44.9527510" lon="6.6766630">
    <ele>1404.3</ele>
   </trkpt>
   <trkpt lat="44.9528000" lon="6.6766860">
    <ele>1404.4</ele>
   </trkpt>
   <trkpt lat="44.9528470" lon="6.6767180">
    <ele>1404.4</ele>
   </trkpt>
   <trkpt lat="44.9528970" lon="6.6767550">
    <ele>1404.4</ele>
   </trkpt>
   <trkpt lat="44.9529520" lon="6.6767990">
    <ele>1404.5</ele>
   </trkpt>
   <trkpt lat="44.9530080" lon="6.6768370">
    <ele>1404.5</ele>
   </trkpt>
   <trkpt lat="44.9530630" lon="6.6768750">
    <ele>1404.6</ele>
   </trkpt>
   <trkpt lat="44.9531180" lon="6.6769100">
    <ele>1404.6</ele>
   </trkpt>
   <trkpt lat="44.9531760" lon="6.6769420">
    <ele>1404.6</ele>
   </trkpt>
   <trkpt lat="44.9532370" lon="6.6769740">
    <ele>1404.7</ele>
   </trkpt>
   <trkpt lat="44.9532940" lon="6.6770090">
    <ele>1404.7</ele>
   </trkpt>
   <trkpt lat="44.9533520" lon="6.6770410">
    <ele>1404.7</ele>
   </trkpt>
   <trkpt lat="44.9534120" lon="6.6770740">
    <ele>1404.7</ele>
   </trkpt>
   <trkpt lat="44.9534710" lon="6.6771050">
    <ele>1404.8</ele>
   </trkpt>
   <trkpt lat="44.9535300" lon="6.6771340">
    <ele>1404.8</ele>
   </trkpt>
   <trkpt lat="44.9535870" lon="6.6771630">
    <ele>1404.8</ele>
   </trkpt>
   <trkpt lat="44.9536400" lon="6.6771910">
    <ele>1404.9</ele>
   </trkpt>
   <trkpt lat="44.9536950" lon="6.6772100">
    <ele>1404.9</ele>
   </trkpt>
   <trkpt lat="44.9537500" lon="6.6772300">
    <ele>1404.9</ele>
   </trkpt>
   <trkpt lat="44.9538050" lon="6.6772490">
    <ele>1405.0</ele>
   </trkpt>
   <trkpt lat="44.9538630" lon="6.6772650">
    <ele>1405.0</ele>
   </trkpt>
   <trkpt lat="44.9539200" lon="6.6772790">
    <ele>1405.0</ele>
   </trkpt>
   <trkpt lat="44.9539780" lon="6.6772940">
    <ele>1405.1</ele>
   </trkpt>
   <trkpt lat="44.9540410" lon="6.6773110">
    <ele>1405.1</ele>
   </trkpt>
   <trkpt lat="44.9541040" lon="6.6773270">
    <ele>1405.1</ele>
   </trkpt>
   <trkpt lat="44.9541650" lon="6.6773450">
    <ele>1405.1</ele>
   </trkpt>
   <trkpt lat="44.9542270" lon="6.6773550">
    <ele>1405.1</ele>
   </trkpt>
   <trkpt lat="44.9542880" lon="6.6773620">
    <ele>1405.0</ele>
   </trkpt>
   <trkpt lat="44.9543510" lon="6.6773720">
    <ele>1405.0</ele>
   </trkpt>
   <trkpt lat="44.9544220" lon="6.6773800">
    <ele>1405.0</ele>
   </trkpt>
   <trkpt lat="44.9544970" lon="6.6773870">
    <ele>1405.0</ele>
   </trkpt>
   <trkpt lat="44.9545670" lon="6.6773920">
    <ele>1405.0</ele>
   </trkpt>
   <trkpt lat="44.9546350" lon="6.6774040">
    <ele>1405.0</ele>
   </trkpt>
   <trkpt lat="44.9547060" lon="6.6774140">
    <ele>1405.0</ele>
   </trkpt>
   <trkpt lat="44.9547760" lon="6.6774210">
    <ele>1405.0</ele>
   </trkpt>
   <trkpt lat="44.9548470" lon="6.6774430">
    <ele>1405.0</ele>
   </trkpt>
   <trkpt lat="44.9549080" lon="6.6774690">
    <ele>1405.0</ele>
   </trkpt>
   <trkpt lat="44.9549730" lon="6.6775020">
    <ele>1405.1</ele>
   </trkpt>
   <trkpt lat="44.9550370" lon="6.6775260">
    <ele>1405.1</ele>
   </trkpt>
   <trkpt lat="44.9550990" lon="6.6775490">
    <ele>1405.2</ele>
   </trkpt>
   <trkpt lat="44.9551600" lon="6.6775670">
    <ele>1405.2</ele>
   </trkpt>
   <trkpt lat="44.9552230" lon="6.6775920">
    <ele>1405.3</ele>
   </trkpt>
   <trkpt lat="44.9552830" lon="6.6776140">
    <ele>1405.3</ele>
   </trkpt>
   <trkpt lat="44.9553440" lon="6.6776470">
    <ele>1405.3</ele>
   </trkpt>
   <trkpt lat="44.9553970" lon="6.6776780">
    <ele>1405.3</ele>
   </trkpt>
   <trkpt lat="44.9554530" lon="6.6777140">
    <ele>1405.3</ele>
   </trkpt>
   <trkpt lat="44.9555020" lon="6.6777560">
    <ele>1405.4</ele>
   </trkpt>
   <trkpt lat="44.9555470" lon="6.6778040">
    <ele>1405.4</ele>
   </trkpt>
   <trkpt lat="44.9555860" lon="6.6778620">
    <ele>1405.4</ele>
   </trkpt>
   <trkpt lat="44.9556190" lon="6.6779210">
    <ele>1405.4</ele>
   </trkpt>
   <trkpt lat="44.9556460" lon="6.6779950">
    <ele>1405.4</ele>
   </trkpt>
   <trkpt lat="44.9556790" lon="6.6780630">
    <ele>1405.4</ele>
   </trkpt>
   <trkpt lat="44.9557140" lon="6.6781350">
    <ele>1405.4</ele>
   </trkpt>
   <trkpt lat="44.9557490" lon="6.6782040">
    <ele>1405.4</ele>
   </trkpt>
   <trkpt lat="44.9557900" lon="6.6782670">
    <ele>1405.4</ele>
   </trkpt>
   <trkpt lat="44.9558280" lon="6.6783260">
    <ele>1405.5</ele>
   </trkpt>
   <trkpt lat="44.9558730" lon="6.6783830">
    <ele>1405.5</ele>
   </trkpt>
   <trkpt lat="44.9559200" lon="6.6784380">
    <ele>1405.6</ele>
   </trkpt>
   <trkpt lat="44.9559690" lon="6.6784840">
    <ele>1405.6</ele>
   </trkpt>
   <trkpt lat="44.9560150" lon="6.6785280">
    <ele>1405.7</ele>
   </trkpt>
   <trkpt lat="44.9560650" lon="6.6785680">
    <ele>1405.7</ele>
   </trkpt>
   <trkpt lat="44.9561200" lon="6.6786080">
    <ele>1405.8</ele>
   </trkpt>
   <trkpt lat="44.9561760" lon="6.6786480">
    <ele>1405.9</ele>
   </trkpt>
   <trkpt lat="44.9562330" lon="6.6786890">
    <ele>1405.9</ele>
   </trkpt>
   <trkpt lat="44.9562950" lon="6.6787380">
    <ele>1406.0</ele>
   </trkpt>
   <trkpt lat="44.9563560" lon="6.6787820">
    <ele>1406.0</ele>
   </trkpt>
   <trkpt lat="44.9564160" lon="6.6788290">
    <ele>1406.1</ele>
   </trkpt>
   <trkpt lat="44.9564750" lon="6.6788760">
    <ele>1406.1</ele>
   </trkpt>
   <trkpt lat="44.9565360" lon="6.6789180">
    <ele>1406.1</ele>
   </trkpt>
   <trkpt lat="44.9565940" lon="6.6789620">
    <ele>1406.1</ele>
   </trkpt>
   <trkpt lat="44.9566470" lon="6.6790120">
    <ele>1406.1</ele>
   </trkpt>
   <trkpt lat="44.9567060" lon="6.6790590">
    <ele>1406.1</ele>
   </trkpt>
   <trkpt lat="44.9567680" lon="6.6791050">
    <ele>1406.1</ele>
   </trkpt>
   <trkpt lat="44.9568310" lon="6.6791460">
    <ele>1406.1</ele>
   </trkpt>
   <trkpt lat="44.9568900" lon="6.6791810">
    <ele>1406.1</ele>
   </trkpt>
   <trkpt lat="44.9569530" lon="6.6792050">
    <ele>1406.1</ele>
   </trkpt>
   <trkpt lat="44.9570140" lon="6.6792200">
    <ele>1406.1</ele>
   </trkpt>
   <trkpt lat="44.9570790" lon="6.6792290">
    <ele>1406.1</ele>
   </trkpt>
   <trkpt lat="44.9571470" lon="6.6792230">
    <ele>1406.0</ele>
   </trkpt>
   <trkpt lat="44.9572150" lon="6.6792180">
    <ele>1406.0</ele>
   </trkpt>
   <trkpt lat="44.9572840" lon="6.6792130">
    <ele>1405.9</ele>
   </trkpt>
   <trkpt lat="44.9573510" lon="6.6792120">
    <ele>1405.9</ele>
   </trkpt>
   <trkpt lat="44.9574220" lon="6.6792160">
    <ele>1405.8</ele>
   </trkpt>
   <trkpt lat="44.9574910" lon="6.6792200">
    <ele>1405.7</ele>
   </trkpt>
   <trkpt lat="44.9576360" lon="6.6792190">
    <ele>1405.6</ele>
   </trkpt>
   <trkpt lat="44.9577100" lon="6.6792080">
    <ele>1405.6</ele>
   </trkpt>
   <trkpt lat="44.9577770" lon="6.6791910">
    <ele>1405.5</ele>
   </trkpt>
   <trkpt lat="44.9578480" lon="6.6791720">
    <ele>1405.5</ele>
   </trkpt>
   <trkpt lat="44.9579180" lon="6.6791530">
    <ele>1405.5</ele>
   </trkpt>
   <trkpt lat="44.9579800" lon="6.6791320">
    <ele>1405.5</ele>
   </trkpt>
   <trkpt lat="44.9580450" lon="6.6791080">
    <ele>1405.5</ele>
   </trkpt>
   <trkpt lat="44.9581120" lon="6.6790850">
    <ele>1405.5</ele>
   </trkpt>
   <trkpt lat="44.9581790" lon="6.6790550">
    <ele>1405.4</ele>
   </trkpt>
   <trkpt lat="44.9583090" lon="6.6790010">
    <ele>1405.4</ele>
   </trkpt>
   <trkpt lat="44.9583750" lon="6.6789730">
    <ele>1405.3</ele>
   </trkpt>
   <trkpt lat="44.9584380" lon="6.6789530">
    <ele>1405.3</ele>
   </trkpt>
   <trkpt lat="44.9585020" lon="6.6789310">
    <ele>1405.3</ele>
   </trkpt>
   <trkpt lat="44.9585660" lon="6.6789000">
    <ele>1405.3</ele>
   </trkpt>
   <trkpt lat="44.9586320" lon="6.6788730">
    <ele>1405.3</ele>
   </trkpt>
   <trkpt lat="44.9586970" lon="6.6788470">
    <ele>1405.2</ele>
   </trkpt>
   <trkpt lat="44.9587580" lon="6.6788130">
    <ele>1405.2</ele>
   </trkpt>
   <trkpt lat="44.9588190" lon="6.6787840">
    <ele>1405.2</ele>
   </trkpt>
   <trkpt lat="44.9588830" lon="6.6787540">
    <ele>1405.2</ele>
   </trkpt>
   <trkpt lat="44.9589460" lon="6.6787190">
    <ele>1405.2</ele>
   </trkpt>
   <trkpt lat="44.9590050" lon="6.6786740">
    <ele>1405.2</ele>
   </trkpt>
   <trkpt lat="44.9590620" lon="6.6786300">
    <ele>1405.2</ele>
   </trkpt>
   <trkpt lat="44.9591250" lon="6.6785900">
    <ele>1405.2</ele>
   </trkpt>
   <trkpt lat="44.9591890" lon="6.6785470">
    <ele>1405.3</ele>
   </trkpt>
   <trkpt lat="44.9592530" lon="6.6784950">
    <ele>1405.3</ele>
   </trkpt>
   <trkpt lat="44.9593160" lon="6.6784440">
    <ele>1405.4</ele>
   </trkpt>
   <trkpt lat="44.9593770" lon="6.6784020">
    <ele>1405.4</ele>
   </trkpt>
   <trkpt lat="44.9594380" lon="6.6783570">
    <ele>1405.5</ele>
   </trkpt>
   <trkpt lat="44.9595010" lon="6.6783160">
    <ele>1405.5</ele>
   </trkpt>
   <trkpt lat="44.9595680" lon="6.6782840">
    <ele>1405.6</ele>
   </trkpt>
   <trkpt lat="44.9596370" lon="6.6782570">
    <ele>1405.6</ele>
   </trkpt>
   <trkpt lat="44.9597040" lon="6.6782320">
    <ele>1405.6</ele>
   </trkpt>
   <trkpt lat="44.9597760" lon="6.6782140">
    <ele>1405.6</ele>
   </trkpt>
   <trkpt lat="44.9598490" lon="6.6782000">
    <ele>1405.7</ele>
   </trkpt>
   <trkpt lat="44.9599230" lon="6.6781780">
    <ele>1405.7</ele>
   </trkpt>
   <trkpt lat="44.9599950" lon="6.6781560">
    <ele>1405.8</ele>
   </trkpt>
   <trkpt lat="44.9600680" lon="6.6781390">
    <ele>1405.9</ele>
   </trkpt>
   <trkpt lat="44.9601450" lon="6.6781200">
    <ele>1405.9</ele>
   </trkpt>
   <trkpt lat="44.9602180" lon="6.6780980">
    <ele>1406.0</ele>
   </trkpt>
   <trkpt lat="44.9602900" lon="6.6780780">
    <ele>1406.1</ele>
   </trkpt>
   <trkpt lat="44.9603630" lon="6.6780570">
    <ele>1406.2</ele>
   </trkpt>
   <trkpt lat="44.9604350" lon="6.6780350">
    <ele>1406.3</ele>
   </trkpt>
   <trkpt lat="44.9605070" lon="6.6780160">
    <ele>1406.4</ele>
   </trkpt>
   <trkpt lat="44.9605810" lon="6.6779920">
    <ele>1406.6</ele>
   </trkpt>
   <trkpt lat="44.9606480" lon="6.6779640">
    <ele>1406.8</ele>
   </trkpt>
   <trkpt lat="44.9607150" lon="6.6779360">
    <ele>1407.0</ele>
   </trkpt>
   <trkpt lat="44.9607790" lon="6.6779050">
    <ele>1407.2</ele>
   </trkpt>
   <trkpt lat="44.9608440" lon="6.6778740">
    <ele>1407.4</ele>
   </trkpt>
   <trkpt lat="44.9609550" lon="6.6778030">
    <ele>1407.8</ele>
   </trkpt>
   <trkpt lat="44.9610040" lon="6.6777710">
    <ele>1408.0</ele>
   </trkpt>
   <trkpt lat="44.9610600" lon="6.6777360">
    <ele>1408.2</ele>
   </trkpt>
   <trkpt lat="44.9611160" lon="6.6776950">
    <ele>1408.5</ele>
   </trkpt>
   <trkpt lat="44.9611700" lon="6.6776450">
    <ele>1408.7</ele>
   </trkpt>
   <trkpt lat="44.9612170" lon="6.6775970">
    <ele>1409.0</ele>
   </trkpt>
   <trkpt lat="44.9612660" lon="6.6775520">
    <ele>1409.2</ele>
   </trkpt>
   <trkpt lat="44.9613140" lon="6.6775020">
    <ele>1409.4</ele>
   </trkpt>
   <trkpt lat="44.9613580" lon="6.6774500">
    <ele>1409.7</ele>
   </trkpt>
   <trkpt lat="44.9614050" lon="6.6774060">
    <ele>1409.9</ele>
   </trkpt>
   <trkpt lat="44.9614900" lon="6.6773130">
    <ele>1410.4</ele>
   </trkpt>
   <trkpt lat="44.9615350" lon="6.6772650">
    <ele>1410.6</ele>
   </trkpt>
   <trkpt lat="44.9615810" lon="6.6772200">
    <ele>1410.9</ele>
   </trkpt>
   <trkpt lat="44.9616290" lon="6.6771740">
    <ele>1411.1</ele>
   </trkpt>
   <trkpt lat="44.9616710" lon="6.6771320">
    <ele>1411.3</ele>
   </trkpt>
   <trkpt lat="44.9617180" lon="6.6770870">
    <ele>1411.5</ele>
   </trkpt>
   <trkpt lat="44.9617630" lon="6.6770410">
    <ele>1411.7</ele>
   </trkpt>
   <trkpt lat="44.9618070" lon="6.6769900">
    <ele>1411.9</ele>
   </trkpt>
   <trkpt lat="44.9618510" lon="6.6769420">
    <ele>1412.1</ele>
   </trkpt>
   <trkpt lat="44.9618960" lon="6.6768970">
    <ele>1412.2</ele>
   </trkpt>
   <trkpt lat="44.9619460" lon="6.6768510">
    <ele>1412.4</ele>
   </trkpt>
   <trkpt lat="44.9619990" lon="6.6768100">
    <ele>1412.5</ele>
   </trkpt>
   <trkpt lat="44.9620510" lon="6.6767770">
    <ele>1412.7</ele>
   </trkpt>
   <trkpt lat="44.9621030" lon="6.6767480">
    <ele>1412.8</ele>
   </trkpt>
   <trkpt lat="44.9621570" lon="6.6767240">
    <ele>1412.9</ele>
   </trkpt>
   <trkpt lat="44.9622120" lon="6.6767060">
    <ele>1413.0</ele>
   </trkpt>
   <trkpt lat="44.9622700" lon="6.6766900">
    <ele>1413.1</ele>
   </trkpt>
   <trkpt lat="44.9623270" lon="6.6766800">
    <ele>1413.1</ele>
   </trkpt>
   <trkpt lat="44.9623830" lon="6.6766730">
    <ele>1413.2</ele>
   </trkpt>
   <trkpt lat="44.9624390" lon="6.6766720">
    <ele>1413.3</ele>
   </trkpt>
   <trkpt lat="44.9624980" lon="6.6766740">
    <ele>1413.4</ele>
   </trkpt>
   <trkpt lat="44.9625550" lon="6.6766870">
    <ele>1413.4</ele>
   </trkpt>
   <trkpt lat="44.9626120" lon="6.6767010">
    <ele>1413.4</ele>
   </trkpt>
   <trkpt lat="44.9626730" lon="6.6767080">
    <ele>1413.5</ele>
   </trkpt>
   <trkpt lat="44.9627340" lon="6.6767180">
    <ele>1413.5</ele>
   </trkpt>
   <trkpt lat="44.9627920" lon="6.6767360">
    <ele>1413.5</ele>
   </trkpt>
   <trkpt lat="44.9628490" lon="6.6767570">
    <ele>1413.5</ele>
   </trkpt>
   <trkpt lat="44.9629050" lon="6.6767770">
    <ele>1413.6</ele>
   </trkpt>
   <trkpt lat="44.9629650" lon="6.6767890">
    <ele>1413.7</ele>
   </trkpt>
   <trkpt lat="44.9630260" lon="6.6768000">
    <ele>1413.7</ele>
   </trkpt>
   <trkpt lat="44.9630840" lon="6.6768120">
    <ele>1413.8</ele>
   </trkpt>
   <trkpt lat="44.9631440" lon="6.6768250">
    <ele>1413.8</ele>
   </trkpt>
   <trkpt lat="44.9632010" lon="6.6768380">
    <ele>1413.9</ele>
   </trkpt>
   <trkpt lat="44.9632620" lon="6.6768470">
    <ele>1413.9</ele>
   </trkpt>
   <trkpt lat="44.9633190" lon="6.6768630">
    <ele>1413.9</ele>
   </trkpt>
   <trkpt lat="44.9633760" lon="6.6768760">
    <ele>1414.0</ele>
   </trkpt>
   <trkpt lat="44.9634340" lon="6.6768930">
    <ele>1414.0</ele>
   </trkpt>
   <trkpt lat="44.9634920" lon="6.6769100">
    <ele>1414.1</ele>
   </trkpt>
   <trkpt lat="44.9635520" lon="6.6769360">
    <ele>1414.1</ele>
   </trkpt>
   <trkpt lat="44.9636090" lon="6.6769630">
    <ele>1414.2</ele>
   </trkpt>
   <trkpt lat="44.9636670" lon="6.6769960">
    <ele>1414.2</ele>
   </trkpt>
   <trkpt lat="44.9637250" lon="6.6770330">
    <ele>1414.2</ele>
   </trkpt>
   <trkpt lat="44.9637820" lon="6.6770730">
    <ele>1414.3</ele>
   </trkpt>
   <trkpt lat="44.9638380" lon="6.6771120">
    <ele>1414.3</ele>
   </trkpt>
   <trkpt lat="44.9638940" lon="6.6771550">
    <ele>1414.3</ele>
   </trkpt>
   <trkpt lat="44.9639480" lon="6.6771920">
    <ele>1414.4</ele>
   </trkpt>
   <trkpt lat="44.9640030" lon="6.6772300">
    <ele>1414.4</ele>
   </trkpt>
   <trkpt lat="44.9640600" lon="6.6772720">
    <ele>1414.4</ele>
   </trkpt>
   <trkpt lat="44.9641160" lon="6.6773130">
    <ele>1414.4</ele>
   </trkpt>
   <trkpt lat="44.9641690" lon="6.6773510">
    <ele>1414.5</ele>
   </trkpt>
   <trkpt lat="44.9642260" lon="6.6773880">
    <ele>1414.5</ele>
   </trkpt>
   <trkpt lat="44.9642830" lon="6.6774180">
    <ele>1414.5</ele>
   </trkpt>
   <trkpt lat="44.9643410" lon="6.6774420">
    <ele>1414.5</ele>
   </trkpt>
   <trkpt lat="44.9643960" lon="6.6774580">
    <ele>1414.5</ele>
   </trkpt>
   <trkpt lat="44.9644540" lon="6.6774610">
    <ele>1414.5</ele>
   </trkpt>
   <trkpt lat="44.9645190" lon="6.6774520">
    <ele>1414.5</ele>
   </trkpt>
   <trkpt lat="44.9645830" lon="6.6774400">
    <ele>1414.6</ele>
   </trkpt>
   <trkpt lat="44.9646500" lon="6.6774210">
    <ele>1414.7</ele>
   </trkpt>
   <trkpt lat="44.9647140" lon="6.6774030">
    <ele>1414.8</ele>
   </trkpt>
   <trkpt lat="44.9647760" lon="6.6773740">
    <ele>1415.0</ele>
   </trkpt>
   <trkpt lat="44.9648370" lon="6.6773400">
    <ele>1415.2</ele>
   </trkpt>
   <trkpt lat="44.9648950" lon="6.6773070">
    <ele>1415.4</ele>
   </trkpt>
   <trkpt lat="44.9649490" lon="6.6772740">
    <ele>1415.6</ele>
   </trkpt>
   <trkpt lat="44.9649970" lon="6.6772310">
    <ele>1415.9</ele>
   </trkpt>
   <trkpt lat="44.9650450" lon="6.6771930">
    <ele>1416.1</ele>
   </trkpt>
   <trkpt lat="44.9650980" lon="6.6771540">
    <ele>1416.4</ele>
   </trkpt>
   <trkpt lat="44.9651450" lon="6.6771140">
    <ele>1416.6</ele>
   </trkpt>
   <trkpt lat="44.9652340" lon="6.6770320">
    <ele>1417.1</ele>
   </trkpt>
   <trkpt lat="44.9652790" lon="6.6769970">
    <ele>1417.4</ele>
   </trkpt>
   <trkpt lat="44.9653250" lon="6.6769580">
    <ele>1417.6</ele>
   </trkpt>
   <trkpt lat="44.9653680" lon="6.6769200">
    <ele>1417.8</ele>
   </trkpt>
   <trkpt lat="44.9654150" lon="6.6768880">
    <ele>1418.0</ele>
   </trkpt>
   <trkpt lat="44.9654600" lon="6.6768510">
    <ele>1418.2</ele>
   </trkpt>
   <trkpt lat="44.9655050" lon="6.6768180">
    <ele>1418.5</ele>
   </trkpt>
   <trkpt lat="44.9655500" lon="6.6767830">
    <ele>1418.6</ele>
   </trkpt>
   <trkpt lat="44.9655920" lon="6.6767460">
    <ele>1418.8</ele>
   </trkpt>
   <trkpt lat="44.9656330" lon="6.6767100">
    <ele>1419.0</ele>
   </trkpt>
   <trkpt lat="44.9656750" lon="6.6766750">
    <ele>1419.2</ele>
   </trkpt>
   <trkpt lat="44.9657200" lon="6.6766410">
    <ele>1419.4</ele>
   </trkpt>
   <trkpt lat="44.9657670" lon="6.6766060">
    <ele>1419.6</ele>
   </trkpt>
   <trkpt lat="44.9658140" lon="6.6765660">
    <ele>1419.8</ele>
   </trkpt>
   <trkpt lat="44.9658570" lon="6.6765330">
    <ele>1420.1</ele>
   </trkpt>
   <trkpt lat="44.9658990" lon="6.6764980">
    <ele>1420.3</ele>
   </trkpt>
   <trkpt lat="44.9659400" lon="6.6764540">
    <ele>1420.5</ele>
   </trkpt>
   <trkpt lat="44.9659780" lon="6.6764090">
    <ele>1420.7</ele>
   </trkpt>
   <trkpt lat="44.9660180" lon="6.6763650">
    <ele>1420.9</ele>
   </trkpt>
   <trkpt lat="44.9660570" lon="6.6763270">
    <ele>1421.1</ele>
   </trkpt>
   <trkpt lat="44.9660910" lon="6.6762780">
    <ele>1421.3</ele>
   </trkpt>
   <trkpt lat="44.9661260" lon="6.6762270">
    <ele>1421.6</ele>
   </trkpt>
   <trkpt lat="44.9661570" lon="6.6761750">
    <ele>1421.8</ele>
   </trkpt>
   <trkpt lat="44.9661900" lon="6.6761220">
    <ele>1422.0</ele>
   </trkpt>
   <trkpt lat="44.9662260" lon="6.6760740">
    <ele>1422.2</ele>
   </trkpt>
   <trkpt lat="44.9662590" lon="6.6760250">
    <ele>1422.5</ele>
   </trkpt>
   <trkpt lat="44.9662920" lon="6.6759780">
    <ele>1422.7</ele>
   </trkpt>
   <trkpt lat="44.9663230" lon="6.6759310">
    <ele>1422.9</ele>
   </trkpt>
   <trkpt lat="44.9663570" lon="6.6758840">
    <ele>1423.2</ele>
   </trkpt>
   <trkpt lat="44.9663880" lon="6.6758300">
    <ele>1423.4</ele>
   </trkpt>
   <trkpt lat="44.9664160" lon="6.6757770">
    <ele>1423.7</ele>
   </trkpt>
   <trkpt lat="44.9664440" lon="6.6757290">
    <ele>1423.9</ele>
   </trkpt>
   <trkpt lat="44.9664700" lon="6.6756800">
    <ele>1424.1</ele>
   </trkpt>
   <trkpt lat="44.9664980" lon="6.6756320">
    <ele>1424.3</ele>
   </trkpt>
   <trkpt lat="44.9665220" lon="6.6755840">
    <ele>1424.5</ele>
   </trkpt>
   <trkpt lat="44.9665480" lon="6.6755340">
    <ele>1424.8</ele>
   </trkpt>
   <trkpt lat="44.9665810" lon="6.6754830">
    <ele>1425.0</ele>
   </trkpt>
   <trkpt lat="44.9666060" lon="6.6754350">
    <ele>1425.2</ele>
   </trkpt>
   <trkpt lat="44.9666350" lon="6.6753840">
    <ele>1425.4</ele>
   </trkpt>
   <trkpt lat="44.9666620" lon="6.6753360">
    <ele>1425.6</ele>
   </trkpt>
   <trkpt lat="44.9666900" lon="6.6752840">
    <ele>1425.8</ele>
   </trkpt>
   <trkpt lat="44.9667140" lon="6.6752330">
    <ele>1426.0</ele>
   </trkpt>
   <trkpt lat="44.9667420" lon="6.6751780">
    <ele>1426.2</ele>
   </trkpt>
   <trkpt lat="44.9667660" lon="6.6751220">
    <ele>1426.4</ele>
   </trkpt>
   <trkpt lat="44.9667910" lon="6.6750750">
    <ele>1426.6</ele>
   </trkpt>
   <trkpt lat="44.9668170" lon="6.6750300">
    <ele>1426.7</ele>
   </trkpt>
   <trkpt lat="44.9668440" lon="6.6749890">
    <ele>1426.9</ele>
   </trkpt>
   <trkpt lat="44.9668770" lon="6.6749480">
    <ele>1427.1</ele>
   </trkpt>
   <trkpt lat="44.9669090" lon="6.6749140">
    <ele>1427.3</ele>
   </trkpt>
   <trkpt lat="44.9669410" lon="6.6748710">
    <ele>1427.5</ele>
   </trkpt>
   <trkpt lat="44.9669730" lon="6.6748280">
    <ele>1427.7</ele>
   </trkpt>
   <trkpt lat="44.9669990" lon="6.6747820">
    <ele>1427.9</ele>
   </trkpt>
   <trkpt lat="44.9670270" lon="6.6747330">
    <ele>1428.1</ele>
   </trkpt>
   <trkpt lat="44.9670560" lon="6.6746820">
    <ele>1428.3</ele>
   </trkpt>
   <trkpt lat="44.9670850" lon="6.6746350">
    <ele>1428.5</ele>
   </trkpt>
   <trkpt lat="44.9671110" lon="6.6745830">
    <ele>1428.7</ele>
   </trkpt>
   <trkpt lat="44.9671370" lon="6.6745330">
    <ele>1428.9</ele>
   </trkpt>
   <trkpt lat="44.9671650" lon="6.6744840">
    <ele>1429.1</ele>
   </trkpt>
   <trkpt lat="44.9671940" lon="6.6744380">
    <ele>1429.3</ele>
   </trkpt>
   <trkpt lat="44.9672220" lon="6.6743900">
    <ele>1429.5</ele>
   </trkpt>
   <trkpt lat="44.9672510" lon="6.6743420">
    <ele>1429.7</ele>
   </trkpt>
   <trkpt lat="44.9673070" lon="6.6742570">
    <ele>1430.0</ele>
   </trkpt>
   <trkpt lat="44.9673350" lon="6.6742070">
    <ele>1430.2</ele>
   </trkpt>
   <trkpt lat="44.9673650" lon="6.6741550">
    <ele>1430.4</ele>
   </trkpt>
   <trkpt lat="44.9673950" lon="6.6741020">
    <ele>1430.6</ele>
   </trkpt>
   <trkpt lat="44.9674270" lon="6.6740490">
    <ele>1430.8</ele>
   </trkpt>
   <trkpt lat="44.9674570" lon="6.6739960">
    <ele>1430.9</ele>
   </trkpt>
   <trkpt lat="44.9674860" lon="6.6739420">
    <ele>1431.1</ele>
   </trkpt>
   <trkpt lat="44.9675180" lon="6.6738900">
    <ele>1431.3</ele>
   </trkpt>
   <trkpt lat="44.9675490" lon="6.6738380">
    <ele>1431.5</ele>
   </trkpt>
   <trkpt lat="44.9675800" lon="6.6737900">
    <ele>1431.6</ele>
   </trkpt>
   <trkpt lat="44.9676100" lon="6.6737400">
    <ele>1431.8</ele>
   </trkpt>
   <trkpt lat="44.9676440" lon="6.6736880">
    <ele>1432.0</ele>
   </trkpt>
   <trkpt lat="44.9676770" lon="6.6736380">
    <ele>1432.2</ele>
   </trkpt>
   <trkpt lat="44.9677120" lon="6.6735920">
    <ele>1432.4</ele>
   </trkpt>
   <trkpt lat="44.9677480" lon="6.6735450">
    <ele>1432.5</ele>
   </trkpt>
   <trkpt lat="44.9677810" lon="6.6735020">
    <ele>1432.7</ele>
   </trkpt>
   <trkpt lat="44.9678180" lon="6.6734640">
    <ele>1432.9</ele>
   </trkpt>
   <trkpt lat="44.9678590" lon="6.6734220">
    <ele>1433.1</ele>
   </trkpt>
   <trkpt lat="44.9679030" lon="6.6733860">
    <ele>1433.3</ele>
   </trkpt>
   <trkpt lat="44.9679470" lon="6.6733510">
    <ele>1433.5</ele>
   </trkpt>
   <trkpt lat="44.9679860" lon="6.6733160">
    <ele>1433.7</ele>
   </trkpt>
   <trkpt lat="44.9680300" lon="6.6732760">
    <ele>1433.9</ele>
   </trkpt>
   <trkpt lat="44.9680660" lon="6.6732420">
    <ele>1434.0</ele>
   </trkpt>
   <trkpt lat="44.9681060" lon="6.6732110">
    <ele>1434.2</ele>
   </trkpt>
   <trkpt lat="44.9681430" lon="6.6731790">
    <ele>1434.4</ele>
   </trkpt>
   <trkpt lat="44.9681810" lon="6.6731450">
    <ele>1434.6</ele>
   </trkpt>
   <trkpt lat="44.9682220" lon="6.6731040">
    <ele>1434.8</ele>
   </trkpt>
   <trkpt lat="44.9682610" lon="6.6730710">
    <ele>1434.9</ele>
   </trkpt>
   <trkpt lat="44.9682980" lon="6.6730370">
    <ele>1435.1</ele>
   </trkpt>
   <trkpt lat="44.9683370" lon="6.6730040">
    <ele>1435.3</ele>
   </trkpt>
   <trkpt lat="44.9683740" lon="6.6729690">
    <ele>1435.5</ele>
   </trkpt>
   <trkpt lat="44.9684130" lon="6.6729350">
    <ele>1435.8</ele>
   </trkpt>
   <trkpt lat="44.9684530" lon="6.6729020">
    <ele>1436.0</ele>
   </trkpt>
   <trkpt lat="44.9684860" lon="6.6728710">
    <ele>1436.1</ele>
   </trkpt>
   <trkpt lat="44.9685250" lon="6.6728460">
    <ele>1436.3</ele>
   </trkpt>
   <trkpt lat="44.9685620" lon="6.6728170">
    <ele>1436.5</ele>
   </trkpt>
   <trkpt lat="44.9685970" lon="6.6727840">
    <ele>1436.7</ele>
   </trkpt>
   <trkpt lat="44.9686380" lon="6.6727570">
    <ele>1436.9</ele>
   </trkpt>
   <trkpt lat="44.9686750" lon="6.6727260">
    <ele>1437.0</ele>
   </trkpt>
   <trkpt lat="44.9687110" lon="6.6726880">
    <ele>1437.2</ele>
   </trkpt>
   <trkpt lat="44.9687550" lon="6.6726540">
    <ele>1437.3</ele>
   </trkpt>
   <trkpt lat="44.9687990" lon="6.6726250">
    <ele>1437.5</ele>
   </trkpt>
   <trkpt lat="44.9688780" lon="6.6725570">
    <ele>1437.8</ele>
   </trkpt>
   <trkpt lat="44.9689230" lon="6.6725340">
    <ele>1437.9</ele>
   </trkpt>
   <trkpt lat="44.9689700" lon="6.6725090">
    <ele>1438.1</ele>
   </trkpt>
   <trkpt lat="44.9690160" lon="6.6724800">
    <ele>1438.2</ele>
   </trkpt>
   <trkpt lat="44.9690590" lon="6.6724520">
    <ele>1438.3</ele>
   </trkpt>
   <trkpt lat="44.9690990" lon="6.6724170">
    <ele>1438.4</ele>
   </trkpt>
   <trkpt lat="44.9691400" lon="6.6723860">
    <ele>1438.5</ele>
   </trkpt>
   <trkpt lat="44.9691820" lon="6.6723550">
    <ele>1438.6</ele>
   </trkpt>
   <trkpt lat="44.9692260" lon="6.6723280">
    <ele>1438.8</ele>
   </trkpt>
   <trkpt lat="44.9692690" lon="6.6723010">
    <ele>1438.9</ele>
   </trkpt>
   <trkpt lat="44.9693140" lon="6.6722720">
    <ele>1439.0</ele>
   </trkpt>
   <trkpt lat="44.9693620" lon="6.6722430">
    <ele>1439.1</ele>
   </trkpt>
   <trkpt lat="44.9694080" lon="6.6722150">
    <ele>1439.2</ele>
   </trkpt>
   <trkpt lat="44.9694550" lon="6.6721830">
    <ele>1439.3</ele>
   </trkpt>
   <trkpt lat="44.9695050" lon="6.6721520">
    <ele>1439.4</ele>
   </trkpt>
   <trkpt lat="44.9695580" lon="6.6721220">
    <ele>1439.6</ele>
   </trkpt>
   <trkpt lat="44.9696080" lon="6.6720880">
    <ele>1439.7</ele>
   </trkpt>
   <trkpt lat="44.9696600" lon="6.6720550">
    <ele>1439.8</ele>
   </trkpt>
   <trkpt lat="44.9697100" lon="6.6720200">
    <ele>1440.0</ele>
   </trkpt>
   <trkpt lat="44.9697590" lon="6.6719860">
    <ele>1440.1</ele>
   </trkpt>
   <trkpt lat="44.9698070" lon="6.6719500">
    <ele>1440.2</ele>
   </trkpt>
   <trkpt lat="44.9698590" lon="6.6719170">
    <ele>1440.4</ele>
   </trkpt>
   <trkpt lat="44.9699060" lon="6.6718840">
    <ele>1440.5</ele>
   </trkpt>
   <trkpt lat="44.9699510" lon="6.6718540">
    <ele>1440.6</ele>
   </trkpt>
   <trkpt lat="44.9699950" lon="6.6718230">
    <ele>1440.7</ele>
   </trkpt>
   <trkpt lat="44.9700420" lon="6.6717990">
    <ele>1440.8</ele>
   </trkpt>
   <trkpt lat="44.9700970" lon="6.6717790">
    <ele>1441.0</ele>
   </trkpt>
   <trkpt lat="44.9701490" lon="6.6717630">
    <ele>1441.1</ele>
   </trkpt>
   <trkpt lat="44.9702010" lon="6.6717430">
    <ele>1441.2</ele>
   </trkpt>
   <trkpt lat="44.9702520" lon="6.6717270">
    <ele>1441.3</ele>
   </trkpt>
   <trkpt lat="44.9703030" lon="6.6717070">
    <ele>1441.4</ele>
   </trkpt>
   <trkpt lat="44.9703560" lon="6.6716850">
    <ele>1441.4</ele>
   </trkpt>
   <trkpt lat="44.9704100" lon="6.6716630">
    <ele>1441.5</ele>
   </trkpt>
   <trkpt lat="44.9704650" lon="6.6716410">
    <ele>1441.5</ele>
   </trkpt>
   <trkpt lat="44.9705210" lon="6.6716230">
    <ele>1441.5</ele>
   </trkpt>
   <trkpt lat="44.9705770" lon="6.6716000">
    <ele>1441.6</ele>
   </trkpt>
   <trkpt lat="44.9706380" lon="6.6715820">
    <ele>1441.6</ele>
   </trkpt>
   <trkpt lat="44.9706950" lon="6.6715550">
    <ele>1441.6</ele>
   </trkpt>
   <trkpt lat="44.9707490" lon="6.6715310">
    <ele>1441.7</ele>
   </trkpt>
   <trkpt lat="44.9707980" lon="6.6715160">
    <ele>1441.7</ele>
   </trkpt>
   <trkpt lat="44.9708480" lon="6.6715000">
    <ele>1441.8</ele>
   </trkpt>
   <trkpt lat="44.9709000" lon="6.6714740">
    <ele>1441.8</ele>
   </trkpt>
   <trkpt lat="44.9709530" lon="6.6714410">
    <ele>1441.9</ele>
   </trkpt>
   <trkpt lat="44.9710020" lon="6.6714060">
    <ele>1441.9</ele>
   </trkpt>
   <trkpt lat="44.9710510" lon="6.6713760">
    <ele>1441.9</ele>
   </trkpt>
   <trkpt lat="44.9711020" lon="6.6713530">
    <ele>1442.0</ele>
   </trkpt>
   <trkpt lat="44.9711550" lon="6.6713340">
    <ele>1442.0</ele>
   </trkpt>
   <trkpt lat="44.9712120" lon="6.6713120">
    <ele>1442.1</ele>
   </trkpt>
   <trkpt lat="44.9712690" lon="6.6712940">
    <ele>1442.1</ele>
   </trkpt>
   <trkpt lat="44.9713260" lon="6.6712750">
    <ele>1442.1</ele>
   </trkpt>
   <trkpt lat="44.9713780" lon="6.6712520">
    <ele>1442.2</ele>
   </trkpt>
   <trkpt lat="44.9714360" lon="6.6712270">
    <ele>1442.2</ele>
   </trkpt>
   <trkpt lat="44.9714960" lon="6.6712020">
    <ele>1442.2</ele>
   </trkpt>
   <trkpt lat="44.9715580" lon="6.6711750">
    <ele>1442.3</ele>
   </trkpt>
   <trkpt lat="44.9716160" lon="6.6711500">
    <ele>1442.3</ele>
   </trkpt>
   <trkpt lat="44.9716760" lon="6.6711280">
    <ele>1442.4</ele>
   </trkpt>
   <trkpt lat="44.9717360" lon="6.6711090">
    <ele>1442.4</ele>
   </trkpt>
   <trkpt lat="44.9717980" lon="6.6710810">
    <ele>1442.5</ele>
   </trkpt>
   <trkpt lat="44.9718570" lon="6.6710490">
    <ele>1442.5</ele>
   </trkpt>
   <trkpt lat="44.9719800" lon="6.6709990">
    <ele>1442.6</ele>
   </trkpt>
   <trkpt lat="44.9720430" lon="6.6709730">
    <ele>1442.6</ele>
   </trkpt>
   <trkpt lat="44.9721030" lon="6.6709460">
    <ele>1442.6</ele>
   </trkpt>
   <trkpt lat="44.9721580" lon="6.6709190">
    <ele>1442.6</ele>
   </trkpt>
   <trkpt lat="44.9722190" lon="6.6708930">
    <ele>1442.6</ele>
   </trkpt>
   <trkpt lat="44.9722860" lon="6.6708590">
    <ele>1442.5</ele>
   </trkpt>
   <trkpt lat="44.9723540" lon="6.6708150">
    <ele>1442.4</ele>
   </trkpt>
   <trkpt lat="44.9724170" lon="6.6707650">
    <ele>1442.3</ele>
   </trkpt>
   <trkpt lat="44.9724800" lon="6.6707070">
    <ele>1442.2</ele>
   </trkpt>
   <trkpt lat="44.9725410" lon="6.6706490">
    <ele>1442.1</ele>
   </trkpt>
   <trkpt lat="44.9726020" lon="6.6706000">
    <ele>1442.0</ele>
   </trkpt>
   <trkpt lat="44.9726660" lon="6.6705550">
    <ele>1441.9</ele>
   </trkpt>
   <trkpt lat="44.9727280" lon="6.6705080">
    <ele>1441.9</ele>
   </trkpt>
   <trkpt lat="44.9727920" lon="6.6704600">
    <ele>1441.8</ele>
   </trkpt>
   <trkpt lat="44.9728550" lon="6.6704140">
    <ele>1441.8</ele>
   </trkpt>
   <trkpt lat="44.9729230" lon="6.6703650">
    <ele>1441.8</ele>
   </trkpt>
   <trkpt lat="44.9729870" lon="6.6703150">
    <ele>1441.8</ele>
   </trkpt>
   <trkpt lat="44.9730520" lon="6.6702650">
    <ele>1441.9</ele>
   </trkpt>
   <trkpt lat="44.9731150" lon="6.6702160">
    <ele>1442.0</ele>
   </trkpt>
   <trkpt lat="44.9731780" lon="6.6701640">
    <ele>1442.1</ele>
   </trkpt>
   <trkpt lat="44.9732420" lon="6.6701110">
    <ele>1442.3</ele>
   </trkpt>
   <trkpt lat="44.9733060" lon="6.6700670">
    <ele>1442.4</ele>
   </trkpt>
   <trkpt lat="44.9734310" lon="6.6699920">
    <ele>1442.7</ele>
   </trkpt>
   <trkpt lat="44.9734920" lon="6.6699660">
    <ele>1442.8</ele>
   </trkpt>
   <trkpt lat="44.9735520" lon="6.6699380">
    <ele>1442.9</ele>
   </trkpt>
   <trkpt lat="44.9736130" lon="6.6699060">
    <ele>1442.9</ele>
   </trkpt>
   <trkpt lat="44.9736770" lon="6.6698810">
    <ele>1443.0</ele>
   </trkpt>
   <trkpt lat="44.9737370" lon="6.6698530">
    <ele>1443.0</ele>
   </trkpt>
   <trkpt lat="44.9737970" lon="6.6698150">
    <ele>1443.1</ele>
   </trkpt>
   <trkpt lat="44.9738580" lon="6.6697820">
    <ele>1443.2</ele>
   </trkpt>
   <trkpt lat="44.9739180" lon="6.6697490">
    <ele>1443.3</ele>
   </trkpt>
   <trkpt lat="44.9739800" lon="6.6697160">
    <ele>1443.4</ele>
   </trkpt>
   <trkpt lat="44.9740460" lon="6.6696900">
    <ele>1443.5</ele>
   </trkpt>
   <trkpt lat="44.9741100" lon="6.6696620">
    <ele>1443.6</ele>
   </trkpt>
   <trkpt lat="44.9741720" lon="6.6696400">
    <ele>1443.7</ele>
   </trkpt>
   <trkpt lat="44.9742310" lon="6.6696180">
    <ele>1443.9</ele>
   </trkpt>
   <trkpt lat="44.9742870" lon="6.6695950">
    <ele>1444.0</ele>
   </trkpt>
   <trkpt lat="44.9743430" lon="6.6695820">
    <ele>1444.1</ele>
   </trkpt>
   <trkpt lat="44.9744030" lon="6.6695600">
    <ele>1444.2</ele>
   </trkpt>
   <trkpt lat="44.9744660" lon="6.6695350">
    <ele>1444.3</ele>
   </trkpt>
   <trkpt lat="44.9745270" lon="6.6695100">
    <ele>1444.4</ele>
   </trkpt>
   <trkpt lat="44.9745870" lon="6.6694840">
    <ele>1444.5</ele>
   </trkpt>
   <trkpt lat="44.9746490" lon="6.6694590">
    <ele>1444.6</ele>
   </trkpt>
   <trkpt lat="44.9747080" lon="6.6694310">
    <ele>1444.7</ele>
   </trkpt>
   <trkpt lat="44.9747660" lon="6.6694010">
    <ele>1444.8</ele>
   </trkpt>
   <trkpt lat="44.9748240" lon="6.6693710">
    <ele>1444.9</ele>
   </trkpt>
   <trkpt lat="44.9748780" lon="6.6693380">
    <ele>1444.9</ele>
   </trkpt>
   <trkpt lat="44.9749330" lon="6.6693060">
    <ele>1445.0</ele>
   </trkpt>
   <trkpt lat="44.9749870" lon="6.6692730">
    <ele>1445.1</ele>
   </trkpt>
   <trkpt lat="44.9750420" lon="6.6692400">
    <ele>1445.2</ele>
   </trkpt>
   <trkpt lat="44.9750990" lon="6.6692110">
    <ele>1445.3</ele>
   </trkpt>
   <trkpt lat="44.9751530" lon="6.6691890">
    <ele>1445.3</ele>
   </trkpt>
   <trkpt lat="44.9752090" lon="6.6691610">
    <ele>1445.4</ele>
   </trkpt>
   <trkpt lat="44.9752650" lon="6.6691390">
    <ele>1445.5</ele>
   </trkpt>
   <trkpt lat="44.9753250" lon="6.6691150">
    <ele>1445.5</ele>
   </trkpt>
   <trkpt lat="44.9753780" lon="6.6690900">
    <ele>1445.6</ele>
   </trkpt>
   <trkpt lat="44.9754350" lon="6.6690700">
    <ele>1445.7</ele>
   </trkpt>
   <trkpt lat="44.9754930" lon="6.6690570">
    <ele>1445.7</ele>
   </trkpt>
   <trkpt lat="44.9755520" lon="6.6690390">
    <ele>1445.8</ele>
   </trkpt>
   <trkpt lat="44.9756120" lon="6.6690220">
    <ele>1445.8</ele>
   </trkpt>
   <trkpt lat="44.9756700" lon="6.6690050">
    <ele>1445.8</ele>
   </trkpt>
   <trkpt lat="44.9757270" lon="6.6689890">
    <ele>1445.9</ele>
   </trkpt>
   <trkpt lat="44.9760280" lon="6.6689250">
    <ele>1446.2</ele>
   </trkpt>
   <trkpt lat="44.9760880" lon="6.6689060">
    <ele>1446.3</ele>
   </trkpt>
   <trkpt lat="44.9761480" lon="6.6688880">
    <ele>1446.4</ele>
   </trkpt>
   <trkpt lat="44.9762080" lon="6.6688690">
    <ele>1446.5</ele>
   </trkpt>
   <trkpt lat="44.9762590" lon="6.6688650">
    <ele>1446.5</ele>
   </trkpt>
   <trkpt lat="44.9763130" lon="6.6688680">
    <ele>1446.6</ele>
   </trkpt>
   <trkpt lat="44.9763710" lon="6.6688580">
    <ele>1446.6</ele>
   </trkpt>
   <trkpt lat="44.9764290" lon="6.6688470">
    <ele>1446.6</ele>
   </trkpt>
   <trkpt lat="44.9764880" lon="6.6688410">
    <ele>1446.6</ele>
   </trkpt>
   <trkpt lat="44.9765550" lon="6.6688380">
    <ele>1446.5</ele>
   </trkpt>
   <trkpt lat="44.9766270" lon="6.6688280">
    <ele>1446.4</ele>
   </trkpt>
   <trkpt lat="44.9767000" lon="6.6688280">
    <ele>1446.3</ele>
   </trkpt>
   <trkpt lat="44.9767720" lon="6.6688390">
    <ele>1446.3</ele>
   </trkpt>
   <trkpt lat="44.9768200" lon="6.6688390">
    <ele>1446.2</ele>
   </trkpt>
   <trkpt lat="44.9768730" lon="6.6688500">
    <ele>1446.1</ele>
   </trkpt>
   <trkpt lat="44.9769310" lon="6.6688610">
    <ele>1446.1</ele>
   </trkpt>
   <trkpt lat="44.9769880" lon="6.6688550">
    <ele>1446.0</ele>
   </trkpt>
   <trkpt lat="44.9770520" lon="6.6688590">
    <ele>1445.9</ele>
   </trkpt>
   <trkpt lat="44.9771210" lon="6.6688620">
    <ele>1445.9</ele>
   </trkpt>
   <trkpt lat="44.9771820" lon="6.6688710">
    <ele>1445.8</ele>
   </trkpt>
   <trkpt lat="44.9772380" lon="6.6688820">
    <ele>1445.7</ele>
   </trkpt>
   <trkpt lat="44.9772920" lon="6.6688930">
    <ele>1445.7</ele>
   </trkpt>
   <trkpt lat="44.9773580" lon="6.6689090">
    <ele>1445.6</ele>
   </trkpt>
   <trkpt lat="44.9774200" lon="6.6689180">
    <ele>1445.5</ele>
   </trkpt>
   <trkpt lat="44.9774850" lon="6.6689050">
    <ele>1445.3</ele>
   </trkpt>
   <trkpt lat="44.9775450" lon="6.6689220">
    <ele>1445.1</ele>
   </trkpt>
   <trkpt lat="44.9776100" lon="6.6689460">
    <ele>1444.9</ele>
   </trkpt>
   <trkpt lat="44.9776740" lon="6.6689690">
    <ele>1444.6</ele>
   </trkpt>
   <trkpt lat="44.9777430" lon="6.6689980">
    <ele>1444.2</ele>
   </trkpt>
   <trkpt lat="44.9778130" lon="6.6690240">
    <ele>1443.8</ele>
   </trkpt>
   <trkpt lat="44.9778870" lon="6.6690570">
    <ele>1443.4</ele>
   </trkpt>
   <trkpt lat="44.9779600" lon="6.6690920">
    <ele>1443.0</ele>
   </trkpt>
   <trkpt lat="44.9780410" lon="6.6691230">
    <ele>1442.6</ele>
   </trkpt>
   <trkpt lat="44.9782110" lon="6.6691820">
    <ele>1442.1</ele>
   </trkpt>
   <trkpt lat="44.9782940" lon="6.6692070">
    <ele>1441.9</ele>
   </trkpt>
   <trkpt lat="44.9783760" lon="6.6692270">
    <ele>1441.8</ele>
   </trkpt>
   <trkpt lat="44.9784450" lon="6.6692550">
    <ele>1441.8</ele>
   </trkpt>
   <trkpt lat="44.9785990" lon="6.6693110">
    <ele>1442.0</ele>
   </trkpt>
   <trkpt lat="44.9787160" lon="6.6693490">
    <ele>1442.3</ele>
   </trkpt>
   <trkpt lat="44.9787480" lon="6.6693570">
    <ele>1442.3</ele>
   </trkpt>
   <trkpt lat="44.9788080" lon="6.6693750">
    <ele>1442.5</ele>
   </trkpt>
   <trkpt lat="44.9788670" lon="6.6693960">
    <ele>1442.7</ele>
   </trkpt>
   <trkpt lat="44.9789320" lon="6.6694150">
    <ele>1442.9</ele>
   </trkpt>
   <trkpt lat="44.9789880" lon="6.6694310">
    <ele>1443.1</ele>
   </trkpt>
   <trkpt lat="44.9790520" lon="6.6694580">
    <ele>1443.3</ele>
   </trkpt>
   <trkpt lat="44.9791080" lon="6.6694770">
    <ele>1443.6</ele>
   </trkpt>
   <trkpt lat="44.9791670" lon="6.6694920">
    <ele>1443.8</ele>
   </trkpt>
   <trkpt lat="44.9792150" lon="6.6695100">
    <ele>1444.0</ele>
   </trkpt>
   <trkpt lat="44.9792620" lon="6.6695240">
    <ele>1444.2</ele>
   </trkpt>
   <trkpt lat="44.9793090" lon="6.6695390">
    <ele>1444.4</ele>
   </trkpt>
   <trkpt lat="44.9794080" lon="6.6695690">
    <ele>1444.8</ele>
   </trkpt>
   <trkpt lat="44.9794590" lon="6.6695870">
    <ele>1445.0</ele>
   </trkpt>
   <trkpt lat="44.9795120" lon="6.6696060">
    <ele>1445.2</ele>
   </trkpt>
   <trkpt lat="44.9795620" lon="6.6696180">
    <ele>1445.4</ele>
   </trkpt>
   <trkpt lat="44.9796180" lon="6.6696330">
    <ele>1445.5</ele>
   </trkpt>
   <trkpt lat="44.9796650" lon="6.6696520">
    <ele>1445.7</ele>
   </trkpt>
   <trkpt lat="44.9797160" lon="6.6696690">
    <ele>1445.8</ele>
   </trkpt>
   <trkpt lat="44.9797650" lon="6.6696920">
    <ele>1445.9</ele>
   </trkpt>
   <trkpt lat="44.9798160" lon="6.6697160">
    <ele>1446.0</ele>
   </trkpt>
   <trkpt lat="44.9798650" lon="6.6697410">
    <ele>1446.1</ele>
   </trkpt>
   <trkpt lat="44.9799190" lon="6.6697580">
    <ele>1446.2</ele>
   </trkpt>
   <trkpt lat="44.9799760" lon="6.6697690">
    <ele>1446.3</ele>
   </trkpt>
   <trkpt lat="44.9800330" lon="6.6697850">
    <ele>1446.4</ele>
   </trkpt>
   <trkpt lat="44.9800890" lon="6.6697970">
    <ele>1446.5</ele>
   </trkpt>
   <trkpt lat="44.9801430" lon="6.6698110">
    <ele>1446.6</ele>
   </trkpt>
   <trkpt lat="44.9801990" lon="6.6698300">
    <ele>1446.6</ele>
   </trkpt>
   <trkpt lat="44.9802500" lon="6.6698500">
    <ele>1446.6</ele>
   </trkpt>
   <trkpt lat="44.9803040" lon="6.6698650">
    <ele>1446.6</ele>
   </trkpt>
   <trkpt lat="44.9803530" lon="6.6698830">
    <ele>1446.5</ele>
   </trkpt>
   <trkpt lat="44.9804050" lon="6.6699100">
    <ele>1446.5</ele>
   </trkpt>
   <trkpt lat="44.9804540" lon="6.6699280">
    <ele>1446.4</ele>
   </trkpt>
   <trkpt lat="44.9804940" lon="6.6699290">
    <ele>1446.3</ele>
   </trkpt>
   <trkpt lat="44.9805250" lon="6.6699200">
    <ele>1446.2</ele>
   </trkpt>
   <trkpt lat="44.9805540" lon="6.6699140">
    <ele>1446.1</ele>
   </trkpt>
   <trkpt lat="44.9805750" lon="6.6699200">
    <ele>1446.1</ele>
   </trkpt>
   <trkpt lat="44.9805860" lon="6.6699240">
    <ele>1446.1</ele>
   </trkpt>
   <trkpt lat="44.9805920" lon="6.6699280">
    <ele>1446.0</ele>
   </trkpt>
   <trkpt lat="44.9805970" lon="6.6699330">
    <ele>1446.0</ele>
   </trkpt>
   <trkpt lat="44.9806010" lon="6.6699380">
    <ele>1446.0</ele>
   </trkpt>
   <trkpt lat="44.9806050" lon="6.6699420">
    <ele>1446.0</ele>
   </trkpt>
   <trkpt lat="44.9806090" lon="6.6699470">
    <ele>1446.0</ele>
   </trkpt>
   <trkpt lat="44.9806140" lon="6.6699520">
    <ele>1446.0</ele>
   </trkpt>
   <trkpt lat="44.9806180" lon="6.6699570">
    <ele>1445.9</ele>
   </trkpt>
   <trkpt lat="44.9806220" lon="6.6699620">
    <ele>1445.9</ele>
   </trkpt>
   <trkpt lat="44.9806260" lon="6.6699670">
    <ele>1445.9</ele>
   </trkpt>
   <trkpt lat="44.9806310" lon="6.6699720">
    <ele>1445.9</ele>
   </trkpt>
   <trkpt lat="44.9806350" lon="6.6699770">
    <ele>1445.9</ele>
   </trkpt>
   <trkpt lat="44.9806390" lon="6.6699810">
    <ele>1445.9</ele>
   </trkpt>
   <trkpt lat="44.9806430" lon="6.6699860">
    <ele>1445.8</ele>
   </trkpt>
   <trkpt lat="44.9806480" lon="6.6699910">
    <ele>1445.8</ele>
   </trkpt>
   <trkpt lat="44.9806520" lon="6.6699960">
    <ele>1445.8</ele>
   </trkpt>
   <trkpt lat="44.9806560" lon="6.6700010">
    <ele>1445.8</ele>
   </trkpt>
   <trkpt lat="44.9807040" lon="6.6700430">
    <ele>1445.6</ele>
   </trkpt>
   <trkpt lat="44.9807510" lon="6.6700820">
    <ele>1445.4</ele>
   </trkpt>
   <trkpt lat="44.9808030" lon="6.6701290">
    <ele>1445.1</ele>
   </trkpt>
   <trkpt lat="44.9808630" lon="6.6701880">
    <ele>1444.7</ele>
   </trkpt>
   <trkpt lat="44.9809290" lon="6.6702500">
    <ele>1444.4</ele>
   </trkpt>
   <trkpt lat="44.9809970" lon="6.6703070">
    <ele>1444.0</ele>
   </trkpt>
   <trkpt lat="44.9810730" lon="6.6703620">
    <ele>1443.6</ele>
   </trkpt>
   <trkpt lat="44.9811540" lon="6.6704090">
    <ele>1443.3</ele>
   </trkpt>
   <trkpt lat="44.9812420" lon="6.6704360">
    <ele>1442.9</ele>
   </trkpt>
   <trkpt lat="44.9813290" lon="6.6704590">
    <ele>1442.6</ele>
   </trkpt>
   <trkpt lat="44.9814160" lon="6.6704740">
    <ele>1442.3</ele>
   </trkpt>
   <trkpt lat="44.9815060" lon="6.6704780">
    <ele>1442.0</ele>
   </trkpt>
   <trkpt lat="44.9815990" lon="6.6704600">
    <ele>1441.8</ele>
   </trkpt>
   <trkpt lat="44.9816850" lon="6.6704300">
    <ele>1441.5</ele>
   </trkpt>
   <trkpt lat="44.9817780" lon="6.6703910">
    <ele>1441.3</ele>
   </trkpt>
   <trkpt lat="44.9818720" lon="6.6703500">
    <ele>1441.2</ele>
   </trkpt>
   <trkpt lat="44.9819620" lon="6.6703000">
    <ele>1441.1</ele>
   </trkpt>
   <trkpt lat="44.9820500" lon="6.6702430">
    <ele>1441.1</ele>
   </trkpt>
   <trkpt lat="44.9821390" lon="6.6701850">
    <ele>1441.0</ele>
   </trkpt>
   <trkpt lat="44.9822260" lon="6.6701250">
    <ele>1441.0</ele>
   </trkpt>
   <trkpt lat="44.9823100" lon="6.6700630">
    <ele>1441.1</ele>
   </trkpt>
   <trkpt lat="44.9823920" lon="6.6700010">
    <ele>1441.2</ele>
   </trkpt>
   <trkpt lat="44.9824690" lon="6.6699370">
    <ele>1441.3</ele>
   </trkpt>
   <trkpt lat="44.9825420" lon="6.6698780">
    <ele>1441.4</ele>
   </trkpt>
   <trkpt lat="44.9826200" lon="6.6698180">
    <ele>1441.5</ele>
   </trkpt>
   <trkpt lat="44.9826920" lon="6.6697610">
    <ele>1441.6</ele>
   </trkpt>
   <trkpt lat="44.9827650" lon="6.6697170">
    <ele>1441.7</ele>
   </trkpt>
   <trkpt lat="44.9828350" lon="6.6696710">
    <ele>1441.8</ele>
   </trkpt>
   <trkpt lat="44.9831190" lon="6.6694810">
    <ele>1442.2</ele>
   </trkpt>
   <trkpt lat="44.9832040" lon="6.6694340">
    <ele>1442.4</ele>
   </trkpt>
   <trkpt lat="44.9832890" lon="6.6693860">
    <ele>1442.5</ele>
   </trkpt>
   <trkpt lat="44.9833740" lon="6.6693390">
    <ele>1442.6</ele>
   </trkpt>
   <trkpt lat="44.9834420" lon="6.6693020">
    <ele>1442.7</ele>
   </trkpt>
   <trkpt lat="44.9835080" lon="6.6692650">
    <ele>1442.8</ele>
   </trkpt>
   <trkpt lat="44.9835760" lon="6.6692270">
    <ele>1442.9</ele>
   </trkpt>
   <trkpt lat="44.9836390" lon="6.6691950">
    <ele>1443.1</ele>
   </trkpt>
   <trkpt lat="44.9837020" lon="6.6691660">
    <ele>1443.2</ele>
   </trkpt>
   <trkpt lat="44.9837670" lon="6.6691400">
    <ele>1443.3</ele>
   </trkpt>
   <trkpt lat="44.9838300" lon="6.6691050">
    <ele>1443.5</ele>
   </trkpt>
   <trkpt lat="44.9838880" lon="6.6690530">
    <ele>1443.6</ele>
   </trkpt>
   <trkpt lat="44.9839430" lon="6.6690050">
    <ele>1443.8</ele>
   </trkpt>
   <trkpt lat="44.9840000" lon="6.6689490">
    <ele>1443.9</ele>
   </trkpt>
   <trkpt lat="44.9840570" lon="6.6688950">
    <ele>1444.1</ele>
   </trkpt>
   <trkpt lat="44.9841240" lon="6.6688620">
    <ele>1444.2</ele>
   </trkpt>
   <trkpt lat="44.9841780" lon="6.6688080">
    <ele>1444.4</ele>
   </trkpt>
   <trkpt lat="44.9842250" lon="6.6687450">
    <ele>1444.6</ele>
   </trkpt>
   <trkpt lat="44.9842720" lon="6.6686870">
    <ele>1444.7</ele>
   </trkpt>
   <trkpt lat="44.9843190" lon="6.6686380">
    <ele>1444.9</ele>
   </trkpt>
   <trkpt lat="44.9843710" lon="6.6685770">
    <ele>1445.0</ele>
   </trkpt>
   <trkpt lat="44.9844280" lon="6.6685190">
    <ele>1445.2</ele>
   </trkpt>
   <trkpt lat="44.9844800" lon="6.6684580">
    <ele>1445.4</ele>
   </trkpt>
   <trkpt lat="44.9845270" lon="6.6683900">
    <ele>1445.6</ele>
   </trkpt>
   <trkpt lat="44.9845770" lon="6.6683300">
    <ele>1445.8</ele>
   </trkpt>
   <trkpt lat="44.9846670" lon="6.6682220">
    <ele>1446.2</ele>
   </trkpt>
   <trkpt lat="44.9847130" lon="6.6681680">
    <ele>1446.5</ele>
   </trkpt>
   <trkpt lat="44.9847630" lon="6.6681160">
    <ele>1446.7</ele>
   </trkpt>
   <trkpt lat="44.9848160" lon="6.6680650">
    <ele>1447.0</ele>
   </trkpt>
   <trkpt lat="44.9848700" lon="6.6680080">
    <ele>1447.3</ele>
   </trkpt>
   <trkpt lat="44.9849170" lon="6.6679560">
    <ele>1447.6</ele>
   </trkpt>
   <trkpt lat="44.9849630" lon="6.6679020">
    <ele>1447.9</ele>
   </trkpt>
   <trkpt lat="44.9850090" lon="6.6678500">
    <ele>1448.2</ele>
   </trkpt>
   <trkpt lat="44.9850520" lon="6.6677980">
    <ele>1448.5</ele>
   </trkpt>
   <trkpt lat="44.9850980" lon="6.6677460">
    <ele>1448.8</ele>
   </trkpt>
   <trkpt lat="44.9851390" lon="6.6676990">
    <ele>1449.1</ele>
   </trkpt>
   <trkpt lat="44.9851840" lon="6.6676490">
    <ele>1449.5</ele>
   </trkpt>
   <trkpt lat="44.9852320" lon="6.6675970">
    <ele>1449.8</ele>
   </trkpt>
   <trkpt lat="44.9852780" lon="6.6675530">
    <ele>1450.1</ele>
   </trkpt>
   <trkpt lat="44.9853190" lon="6.6675080">
    <ele>1450.4</ele>
   </trkpt>
   <trkpt lat="44.9853610" lon="6.6674620">
    <ele>1450.6</ele>
   </trkpt>
   <trkpt lat="44.9854030" lon="6.6674230">
    <ele>1450.8</ele>
   </trkpt>
   <trkpt lat="44.9854430" lon="6.6673890">
    <ele>1450.9</ele>
   </trkpt>
   <trkpt lat="44.9854880" lon="6.6673560">
    <ele>1451.0</ele>
   </trkpt>
   <trkpt lat="44.9855370" lon="6.6673210">
    <ele>1451.0</ele>
   </trkpt>
   <trkpt lat="44.9855870" lon="6.6672900">
    <ele>1451.0</ele>
   </trkpt>
   <trkpt lat="44.9856350" lon="6.6672670">
    <ele>1451.0</ele>
   </trkpt>
   <trkpt lat="44.9856890" lon="6.6672470">
    <ele>1451.0</ele>
   </trkpt>
   <trkpt lat="44.9858030" lon="6.6672120">
    <ele>1450.7</ele>
   </trkpt>
   <trkpt lat="44.9858590" lon="6.6672020">
    <ele>1450.6</ele>
   </trkpt>
   <trkpt lat="44.9859270" lon="6.6672000">
    <ele>1450.4</ele>
   </trkpt>
   <trkpt lat="44.9859980" lon="6.6671980">
    <ele>1450.2</ele>
   </trkpt>
   <trkpt lat="44.9860690" lon="6.6671990">
    <ele>1450.0</ele>
   </trkpt>
   <trkpt lat="44.9861410" lon="6.6672010">
    <ele>1449.9</ele>
   </trkpt>
   <trkpt lat="44.9862160" lon="6.6672020">
    <ele>1449.7</ele>
   </trkpt>
   <trkpt lat="44.9862890" lon="6.6671980">
    <ele>1449.6</ele>
   </trkpt>
   <trkpt lat="44.9863610" lon="6.6671880">
    <ele>1449.6</ele>
   </trkpt>
   <trkpt lat="44.9864290" lon="6.6671780">
    <ele>1449.5</ele>
   </trkpt>
   <trkpt lat="44.9864970" lon="6.6671730">
    <ele>1449.4</ele>
   </trkpt>
   <trkpt lat="44.9865660" lon="6.6671600">
    <ele>1449.4</ele>
   </trkpt>
   <trkpt lat="44.9866380" lon="6.6671460">
    <ele>1449.4</ele>
   </trkpt>
   <trkpt lat="44.9867090" lon="6.6671350">
    <ele>1449.4</ele>
   </trkpt>
   <trkpt lat="44.9867780" lon="6.6671180">
    <ele>1449.5</ele>
   </trkpt>
   <trkpt lat="44.9868500" lon="6.6670980">
    <ele>1449.5</ele>
   </trkpt>
   <trkpt lat="44.9869180" lon="6.6670800">
    <ele>1449.6</ele>
   </trkpt>
   <trkpt lat="44.9869900" lon="6.6670580">
    <ele>1449.7</ele>
   </trkpt>
   <trkpt lat="44.9870620" lon="6.6670360">
    <ele>1449.7</ele>
   </trkpt>
   <trkpt lat="44.9871320" lon="6.6670130">
    <ele>1449.8</ele>
   </trkpt>
   <trkpt lat="44.9872020" lon="6.6669870">
    <ele>1449.9</ele>
   </trkpt>
   <trkpt lat="44.9872730" lon="6.6669600">
    <ele>1450.1</ele>
   </trkpt>
   <trkpt lat="44.9873460" lon="6.6669290">
    <ele>1450.2</ele>
   </trkpt>
   <trkpt lat="44.9874200" lon="6.6669030">
    <ele>1450.4</ele>
   </trkpt>
   <trkpt lat="44.9874870" lon="6.6668780">
    <ele>1450.5</ele>
   </trkpt>
   <trkpt lat="44.9875590" lon="6.6668460">
    <ele>1450.7</ele>
   </trkpt>
   <trkpt lat="44.9876310" lon="6.6668180">
    <ele>1450.8</ele>
   </trkpt>
   <trkpt lat="44.9876980" lon="6.6667880">
    <ele>1451.0</ele>
   </trkpt>
   <trkpt lat="44.9877670" lon="6.6667600">
    <ele>1451.1</ele>
   </trkpt>
   <trkpt lat="44.9878370" lon="6.6667360">
    <ele>1451.3</ele>
   </trkpt>
   <trkpt lat="44.9879030" lon="6.6667120">
    <ele>1451.5</ele>
   </trkpt>
   <trkpt lat="44.9879690" lon="6.6666880">
    <ele>1451.7</ele>
   </trkpt>
   <trkpt lat="44.9880340" lon="6.6666630">
    <ele>1451.9</ele>
   </trkpt>
   <trkpt lat="44.9880970" lon="6.6666360">
    <ele>1452.0</ele>
   </trkpt>
   <trkpt lat="44.9881650" lon="6.6666090">
    <ele>1452.1</ele>
   </trkpt>
   <trkpt lat="44.9882320" lon="6.6665810">
    <ele>1452.3</ele>
   </trkpt>
   <trkpt lat="44.9882980" lon="6.6665600">
    <ele>1452.4</ele>
   </trkpt>
   <trkpt lat="44.9883610" lon="6.6665360">
    <ele>1452.5</ele>
   </trkpt>
   <trkpt lat="44.9884230" lon="6.6665120">
    <ele>1452.6</ele>
   </trkpt>
   <trkpt lat="44.9884880" lon="6.6664880">
    <ele>1452.8</ele>
   </trkpt>
   <trkpt lat="44.9885510" lon="6.6664630">
    <ele>1452.9</ele>
   </trkpt>
   <trkpt lat="44.9886150" lon="6.6664350">
    <ele>1453.0</ele>
   </trkpt>
   <trkpt lat="44.9886760" lon="6.6664070">
    <ele>1453.2</ele>
   </trkpt>
   <trkpt lat="44.9887400" lon="6.6663810">
    <ele>1453.3</ele>
   </trkpt>
   <trkpt lat="44.9888040" lon="6.6663560">
    <ele>1453.4</ele>
   </trkpt>
   <trkpt lat="44.9888640" lon="6.6663310">
    <ele>1453.6</ele>
   </trkpt>
   <trkpt lat="44.9889230" lon="6.6663080">
    <ele>1453.7</ele>
   </trkpt>
   <trkpt lat="44.9889830" lon="6.6662850">
    <ele>1453.8</ele>
   </trkpt>
   <trkpt lat="44.9890470" lon="6.6662610">
    <ele>1453.9</ele>
   </trkpt>
   <trkpt lat="44.9891110" lon="6.6662360">
    <ele>1454.1</ele>
   </trkpt>
   <trkpt lat="44.9891740" lon="6.6662100">
    <ele>1454.2</ele>
   </trkpt>
   <trkpt lat="44.9892360" lon="6.6661820">
    <ele>1454.3</ele>
   </trkpt>
   <trkpt lat="44.9892970" lon="6.6661570">
    <ele>1454.5</ele>
   </trkpt>
   <trkpt lat="44.9893580" lon="6.6661340">
    <ele>1454.6</ele>
   </trkpt>
   <trkpt lat="44.9894190" lon="6.6661080">
    <ele>1454.7</ele>
   </trkpt>
   <trkpt lat="44.9894800" lon="6.6660810">
    <ele>1454.9</ele>
   </trkpt>
   <trkpt lat="44.9895410" lon="6.6660590">
    <ele>1455.0</ele>
   </trkpt>
   <trkpt lat="44.9896060" lon="6.6660310">
    <ele>1455.1</ele>
   </trkpt>
   <trkpt lat="44.9897280" lon="6.6659830">
    <ele>1455.4</ele>
   </trkpt>
   <trkpt lat="44.9897870" lon="6.6659540">
    <ele>1455.5</ele>
   </trkpt>
   <trkpt lat="44.9898500" lon="6.6659260">
    <ele>1455.6</ele>
   </trkpt>
   <trkpt lat="44.9899140" lon="6.6659000">
    <ele>1455.8</ele>
   </trkpt>
   <trkpt lat="44.9899770" lon="6.6658800">
    <ele>1455.9</ele>
   </trkpt>
   <trkpt lat="44.9900390" lon="6.6658540">
    <ele>1456.0</ele>
   </trkpt>
   <trkpt lat="44.9900990" lon="6.6658300">
    <ele>1456.1</ele>
   </trkpt>
   <trkpt lat="44.9902250" lon="6.6657950">
    <ele>1456.3</ele>
   </trkpt>
   <trkpt lat="44.9902890" lon="6.6657720">
    <ele>1456.4</ele>
   </trkpt>
   <trkpt lat="44.9903570" lon="6.6657400">
    <ele>1456.6</ele>
   </trkpt>
   <trkpt lat="44.9904220" lon="6.6657080">
    <ele>1456.7</ele>
   </trkpt>
   <trkpt lat="44.9904850" lon="6.6656840">
    <ele>1456.8</ele>
   </trkpt>
   <trkpt lat="44.9905470" lon="6.6656600">
    <ele>1457.0</ele>
   </trkpt>
   <trkpt lat="44.9906060" lon="6.6656420">
    <ele>1457.1</ele>
   </trkpt>
   <trkpt lat="44.9906650" lon="6.6656260">
    <ele>1457.3</ele>
   </trkpt>
   <trkpt lat="44.9907300" lon="6.6656060">
    <ele>1457.5</ele>
   </trkpt>
   <trkpt lat="44.9907960" lon="6.6655750">
    <ele>1457.6</ele>
   </trkpt>
   <trkpt lat="44.9908610" lon="6.6655480">
    <ele>1457.8</ele>
   </trkpt>
   <trkpt lat="44.9909220" lon="6.6655210">
    <ele>1457.9</ele>
   </trkpt>
   <trkpt lat="44.9909720" lon="6.6655070">
    <ele>1458.0</ele>
   </trkpt>
   <trkpt lat="44.9910290" lon="6.6654850">
    <ele>1458.2</ele>
   </trkpt>
   <trkpt lat="44.9910800" lon="6.6654630">
    <ele>1458.3</ele>
   </trkpt>
   <trkpt lat="44.9911400" lon="6.6654330">
    <ele>1458.4</ele>
   </trkpt>
   <trkpt lat="44.9912060" lon="6.6654080">
    <ele>1458.5</ele>
   </trkpt>
   <trkpt lat="44.9912670" lon="6.6653860">
    <ele>1458.7</ele>
   </trkpt>
   <trkpt lat="44.9913260" lon="6.6653650">
    <ele>1458.8</ele>
   </trkpt>
   <trkpt lat="44.9913830" lon="6.6653460">
    <ele>1458.9</ele>
   </trkpt>
   <trkpt lat="44.9914460" lon="6.6653240">
    <ele>1459.0</ele>
   </trkpt>
   <trkpt lat="44.9915010" lon="6.6653000">
    <ele>1459.1</ele>
   </trkpt>
   <trkpt lat="44.9915530" lon="6.6652700">
    <ele>1459.1</ele>
   </trkpt>
   <trkpt lat="44.9916130" lon="6.6652420">
    <ele>1459.2</ele>
   </trkpt>
   <trkpt lat="44.9916750" lon="6.6652190">
    <ele>1459.3</ele>
   </trkpt>
   <trkpt lat="44.9917310" lon="6.6651950">
    <ele>1459.4</ele>
   </trkpt>
   <trkpt lat="44.9917950" lon="6.6651730">
    <ele>1459.4</ele>
   </trkpt>
   <trkpt lat="44.9918550" lon="6.6651510">
    <ele>1459.5</ele>
   </trkpt>
   <trkpt lat="44.9919140" lon="6.6651280">
    <ele>1459.6</ele>
   </trkpt>
   <trkpt lat="44.9919720" lon="6.6651070">
    <ele>1459.7</ele>
   </trkpt>
   <trkpt lat="44.9920310" lon="6.6650900">
    <ele>1459.7</ele>
   </trkpt>
   <trkpt lat="44.9920910" lon="6.6650620">
    <ele>1459.8</ele>
   </trkpt>
   <trkpt lat="44.9921520" lon="6.6650370">
    <ele>1459.9</ele>
   </trkpt>
   <trkpt lat="44.9922110" lon="6.6650150">
    <ele>1460.0</ele>
   </trkpt>
   <trkpt lat="44.9922700" lon="6.6649980">
    <ele>1460.1</ele>
   </trkpt>
   <trkpt lat="44.9923300" lon="6.6649740">
    <ele>1460.2</ele>
   </trkpt>
   <trkpt lat="44.9923910" lon="6.6649520">
    <ele>1460.3</ele>
   </trkpt>
   <trkpt lat="44.9924530" lon="6.6649290">
    <ele>1460.4</ele>
   </trkpt>
   <trkpt lat="44.9925120" lon="6.6649060">
    <ele>1460.6</ele>
   </trkpt>
   <trkpt lat="44.9925720" lon="6.6648860">
    <ele>1460.7</ele>
   </trkpt>
   <trkpt lat="44.9926300" lon="6.6648650">
    <ele>1460.9</ele>
   </trkpt>
   <trkpt lat="44.9926890" lon="6.6648440">
    <ele>1461.0</ele>
   </trkpt>
   <trkpt lat="44.9927460" lon="6.6648210">
    <ele>1461.2</ele>
   </trkpt>
   <trkpt lat="44.9928000" lon="6.6648010">
    <ele>1461.3</ele>
   </trkpt>
   <trkpt lat="44.9928560" lon="6.6647820">
    <ele>1461.5</ele>
   </trkpt>
   <trkpt lat="44.9929110" lon="6.6647620">
    <ele>1461.7</ele>
   </trkpt>
   <trkpt lat="44.9929640" lon="6.6647410">
    <ele>1461.8</ele>
   </trkpt>
   <trkpt lat="44.9930170" lon="6.6647210">
    <ele>1462.0</ele>
   </trkpt>
   <trkpt lat="44.9930670" lon="6.6647010">
    <ele>1462.1</ele>
   </trkpt>
   <trkpt lat="44.9931190" lon="6.6646830">
    <ele>1462.3</ele>
   </trkpt>
   <trkpt lat="44.9931690" lon="6.6646630">
    <ele>1462.4</ele>
   </trkpt>
   <trkpt lat="44.9932240" lon="6.6646420">
    <ele>1462.5</ele>
   </trkpt>
   <trkpt lat="44.9932720" lon="6.6646260">
    <ele>1462.6</ele>
   </trkpt>
   <trkpt lat="44.9933250" lon="6.6646030">
    <ele>1462.7</ele>
   </trkpt>
   <trkpt lat="44.9933770" lon="6.6645870">
    <ele>1462.8</ele>
   </trkpt>
   <trkpt lat="44.9934320" lon="6.6645680">
    <ele>1462.9</ele>
   </trkpt>
   <trkpt lat="44.9934860" lon="6.6645450">
    <ele>1463.0</ele>
   </trkpt>
   <trkpt lat="44.9935370" lon="6.6645270">
    <ele>1463.1</ele>
   </trkpt>
   <trkpt lat="44.9935900" lon="6.6645090">
    <ele>1463.3</ele>
   </trkpt>
   <trkpt lat="44.9936450" lon="6.6644860">
    <ele>1463.4</ele>
   </trkpt>
   <trkpt lat="44.9936970" lon="6.6644630">
    <ele>1463.5</ele>
   </trkpt>
   <trkpt lat="44.9937510" lon="6.6644390">
    <ele>1463.6</ele>
   </trkpt>
   <trkpt lat="44.9938080" lon="6.6644160">
    <ele>1463.7</ele>
   </trkpt>
   <trkpt lat="44.9938620" lon="6.6643980">
    <ele>1463.8</ele>
   </trkpt>
   <trkpt lat="44.9939140" lon="6.6643780">
    <ele>1463.9</ele>
   </trkpt>
   <trkpt lat="44.9939660" lon="6.6643550">
    <ele>1464.0</ele>
   </trkpt>
   <trkpt lat="44.9940180" lon="6.6643420">
    <ele>1464.1</ele>
   </trkpt>
   <trkpt lat="44.9940760" lon="6.6643230">
    <ele>1464.3</ele>
   </trkpt>
   <trkpt lat="44.9941300" lon="6.6642980">
    <ele>1464.4</ele>
   </trkpt>
   <trkpt lat="44.9941870" lon="6.6642750">
    <ele>1464.5</ele>
   </trkpt>
   <trkpt lat="44.9942840" lon="6.6642350">
    <ele>1464.7</ele>
   </trkpt>
   <trkpt lat="44.9943360" lon="6.6642180">
    <ele>1464.9</ele>
   </trkpt>
   <trkpt lat="44.9943890" lon="6.6641960">
    <ele>1465.0</ele>
   </trkpt>
   <trkpt lat="44.9944390" lon="6.6641790">
    <ele>1465.1</ele>
   </trkpt>
   <trkpt lat="44.9944930" lon="6.6641560">
    <ele>1465.2</ele>
   </trkpt>
   <trkpt lat="44.9945480" lon="6.6641340">
    <ele>1465.3</ele>
   </trkpt>
   <trkpt lat="44.9946030" lon="6.6641140">
    <ele>1465.5</ele>
   </trkpt>
   <trkpt lat="44.9946560" lon="6.6640930">
    <ele>1465.6</ele>
   </trkpt>
   <trkpt lat="44.9947050" lon="6.6640690">
    <ele>1465.7</ele>
   </trkpt>
   <trkpt lat="44.9947580" lon="6.6640490">
    <ele>1465.9</ele>
   </trkpt>
   <trkpt lat="44.9948120" lon="6.6640270">
    <ele>1466.0</ele>
   </trkpt>
   <trkpt lat="44.9948650" lon="6.6640020">
    <ele>1466.2</ele>
   </trkpt>
   <trkpt lat="44.9949200" lon="6.6639800">
    <ele>1466.3</ele>
   </trkpt>
   <trkpt lat="44.9949770" lon="6.6639600">
    <ele>1466.4</ele>
   </trkpt>
   <trkpt lat="44.9950290" lon="6.6639450">
    <ele>1466.5</ele>
   </trkpt>
   <trkpt lat="44.9950780" lon="6.6639230">
    <ele>1466.6</ele>
   </trkpt>
   <trkpt lat="44.9951320" lon="6.6639030">
    <ele>1466.7</ele>
   </trkpt>
   <trkpt lat="44.9951890" lon="6.6638810">
    <ele>1466.8</ele>
   </trkpt>
   <trkpt lat="44.9952420" lon="6.6638630">
    <ele>1466.9</ele>
   </trkpt>
   <trkpt lat="44.9952950" lon="6.6638430">
    <ele>1466.9</ele>
   </trkpt>
   <trkpt lat="44.9953480" lon="6.6638260">
    <ele>1467.0</ele>
   </trkpt>
   <trkpt lat="44.9954030" lon="6.6638010">
    <ele>1467.1</ele>
   </trkpt>
   <trkpt lat="44.9955200" lon="6.6637550">
    <ele>1467.2</ele>
   </trkpt>
   <trkpt lat="44.9955770" lon="6.6637360">
    <ele>1467.3</ele>
   </trkpt>
   <trkpt lat="44.9956340" lon="6.6637190">
    <ele>1467.4</ele>
   </trkpt>
   <trkpt lat="44.9956860" lon="6.6636950">
    <ele>1467.5</ele>
   </trkpt>
   <trkpt lat="44.9957400" lon="6.6636670">
    <ele>1467.6</ele>
   </trkpt>
   <trkpt lat="44.9957940" lon="6.6636450">
    <ele>1467.8</ele>
   </trkpt>
   <trkpt lat="44.9958490" lon="6.6636270">
    <ele>1467.9</ele>
   </trkpt>
   <trkpt lat="44.9959060" lon="6.6636070">
    <ele>1468.0</ele>
   </trkpt>
   <trkpt lat="44.9959550" lon="6.6635860">
    <ele>1468.1</ele>
   </trkpt>
   <trkpt lat="44.9960070" lon="6.6635660">
    <ele>1468.3</ele>
   </trkpt>
   <trkpt lat="44.9960620" lon="6.6635470">
    <ele>1468.4</ele>
   </trkpt>
   <trkpt lat="44.9961160" lon="6.6635250">
    <ele>1468.5</ele>
   </trkpt>
   <trkpt lat="44.9962180" lon="6.6634720">
    <ele>1468.6</ele>
   </trkpt>
   <trkpt lat="44.9962710" lon="6.6634530">
    <ele>1468.6</ele>
   </trkpt>
   <trkpt lat="44.9963220" lon="6.6634340">
    <ele>1468.7</ele>
   </trkpt>
   <trkpt lat="44.9963720" lon="6.6634180">
    <ele>1468.8</ele>
   </trkpt>
   <trkpt lat="44.9964260" lon="6.6634010">
    <ele>1468.9</ele>
   </trkpt>
   <trkpt lat="44.9964790" lon="6.6633820">
    <ele>1469.0</ele>
   </trkpt>
   <trkpt lat="44.9965320" lon="6.6633660">
    <ele>1469.1</ele>
   </trkpt>
   <trkpt lat="44.9965870" lon="6.6633470">
    <ele>1469.2</ele>
   </trkpt>
   <trkpt lat="44.9966420" lon="6.6633260">
    <ele>1469.3</ele>
   </trkpt>
   <trkpt lat="44.9966920" lon="6.6633060">
    <ele>1469.4</ele>
   </trkpt>
   <trkpt lat="44.9967430" lon="6.6632860">
    <ele>1469.5</ele>
   </trkpt>
   <trkpt lat="44.9967980" lon="6.6632640">
    <ele>1469.6</ele>
   </trkpt>
   <trkpt lat="44.9968510" lon="6.6632380">
    <ele>1469.7</ele>
   </trkpt>
   <trkpt lat="44.9969020" lon="6.6632190">
    <ele>1469.8</ele>
   </trkpt>
   <trkpt lat="44.9969560" lon="6.6631970">
    <ele>1469.9</ele>
   </trkpt>
   <trkpt lat="44.9970110" lon="6.6631820">
    <ele>1470.0</ele>
   </trkpt>
   <trkpt lat="44.9970650" lon="6.6631650">
    <ele>1470.1</ele>
   </trkpt>
   <trkpt lat="44.9971170" lon="6.6631430">
    <ele>1470.2</ele>
   </trkpt>
   <trkpt lat="44.9971720" lon="6.6631140">
    <ele>1470.3</ele>
   </trkpt>
   <trkpt lat="44.9972210" lon="6.6630880">
    <ele>1470.4</ele>
   </trkpt>
   <trkpt lat="44.9972730" lon="6.6630620">
    <ele>1470.5</ele>
   </trkpt>
   <trkpt lat="44.9973270" lon="6.6630360">
    <ele>1470.6</ele>
   </trkpt>
   <trkpt lat="44.9973830" lon="6.6630120">
    <ele>1470.7</ele>
   </trkpt>
   <trkpt lat="44.9974370" lon="6.6629880">
    <ele>1470.8</ele>
   </trkpt>
   <trkpt lat="44.9974880" lon="6.6629600">
    <ele>1470.9</ele>
   </trkpt>
   <trkpt lat="44.9975400" lon="6.6629330">
    <ele>1471.1</ele>
   </trkpt>
   <trkpt lat="44.9975910" lon="6.6629070">
    <ele>1471.2</ele>
   </trkpt>
   <trkpt lat="44.9976410" lon="6.6628750">
    <ele>1471.3</ele>
   </trkpt>
   <trkpt lat="44.9976970" lon="6.6628490">
    <ele>1471.4</ele>
   </trkpt>
   <trkpt lat="44.9977510" lon="6.6628250">
    <ele>1471.5</ele>
   </trkpt>
   <trkpt lat="44.9978040" lon="6.6627960">
    <ele>1471.6</ele>
   </trkpt>
   <trkpt lat="44.9978550" lon="6.6627600">
    <ele>1471.7</ele>
   </trkpt>
   <trkpt lat="44.9979060" lon="6.6627280">
    <ele>1471.9</ele>
   </trkpt>
   <trkpt lat="44.9979560" lon="6.6627010">
    <ele>1472.0</ele>
   </trkpt>
   <trkpt lat="44.9980070" lon="6.6626710">
    <ele>1472.1</ele>
   </trkpt>
   <trkpt lat="44.9980580" lon="6.6626400">
    <ele>1472.2</ele>
   </trkpt>
   <trkpt lat="44.9981100" lon="6.6626060">
    <ele>1472.4</ele>
   </trkpt>
   <trkpt lat="44.9982140" lon="6.6625370">
    <ele>1472.6</ele>
   </trkpt>
   <trkpt lat="44.9982660" lon="6.6625040">
    <ele>1472.7</ele>
   </trkpt>
   <trkpt lat="44.9983170" lon="6.6624760">
    <ele>1472.8</ele>
   </trkpt>
   <trkpt lat="44.9983680" lon="6.6624500">
    <ele>1472.9</ele>
   </trkpt>
   <trkpt lat="44.9984190" lon="6.6624200">
    <ele>1473.0</ele>
   </trkpt>
   <trkpt lat="44.9984720" lon="6.6623890">
    <ele>1473.2</ele>
   </trkpt>
   <trkpt lat="44.9985250" lon="6.6623570">
    <ele>1473.3</ele>
   </trkpt>
   <trkpt lat="44.9985780" lon="6.6623230">
    <ele>1473.4</ele>
   </trkpt>
   <trkpt lat="44.9986310" lon="6.6622900">
    <ele>1473.6</ele>
   </trkpt>
   <trkpt lat="44.9986810" lon="6.6622540">
    <ele>1473.7</ele>
   </trkpt>
   <trkpt lat="44.9987370" lon="6.6622250">
    <ele>1473.8</ele>
   </trkpt>
   <trkpt lat="44.9987840" lon="6.6621940">
    <ele>1473.9</ele>
   </trkpt>
   <trkpt lat="44.9988330" lon="6.6621560">
    <ele>1474.0</ele>
   </trkpt>
   <trkpt lat="44.9988890" lon="6.6621260">
    <ele>1474.2</ele>
   </trkpt>
   <trkpt lat="44.9989440" lon="6.6620990">
    <ele>1474.3</ele>
   </trkpt>
   <trkpt lat="44.9989960" lon="6.6620710">
    <ele>1474.4</ele>
   </trkpt>
   <trkpt lat="44.9990490" lon="6.6620430">
    <ele>1474.5</ele>
   </trkpt>
   <trkpt lat="44.9991010" lon="6.6620090">
    <ele>1474.6</ele>
   </trkpt>
   <trkpt lat="44.9991550" lon="6.6619780">
    <ele>1474.7</ele>
   </trkpt>
   <trkpt lat="44.9992080" lon="6.6619530">
    <ele>1474.8</ele>
   </trkpt>
   <trkpt lat="44.9992610" lon="6.6619330">
    <ele>1475.0</ele>
   </trkpt>
   <trkpt lat="44.9993150" lon="6.6619190">
    <ele>1475.1</ele>
   </trkpt>
   <trkpt lat="44.9993690" lon="6.6619030">
    <ele>1475.2</ele>
   </trkpt>
   <trkpt lat="44.9994250" lon="6.6618920">
    <ele>1475.4</ele>
   </trkpt>
   <trkpt lat="44.9994770" lon="6.6618890">
    <ele>1475.5</ele>
   </trkpt>
   <trkpt lat="44.9995300" lon="6.6618900">
    <ele>1475.7</ele>
   </trkpt>
   <trkpt lat="44.9995840" lon="6.6618960">
    <ele>1475.8</ele>
   </trkpt>
   <trkpt lat="44.9996410" lon="6.6619070">
    <ele>1476.0</ele>
   </trkpt>
   <trkpt lat="44.9996980" lon="6.6619250">
    <ele>1476.1</ele>
   </trkpt>
   <trkpt lat="44.9997560" lon="6.6619430">
    <ele>1476.3</ele>
   </trkpt>
   <trkpt lat="44.9998070" lon="6.6619620">
    <ele>1476.5</ele>
   </trkpt>
   <trkpt lat="44.9998570" lon="6.6619810">
    <ele>1476.7</ele>
   </trkpt>
   <trkpt lat="44.9999070" lon="6.6620010">
    <ele>1476.9</ele>
   </trkpt>
   <trkpt lat="44.9999590" lon="6.6620200">
    <ele>1477.1</ele>
   </trkpt>
   <trkpt lat="45.0000090" lon="6.6620330">
    <ele>1477.3</ele>
   </trkpt>
   <trkpt lat="45.0000580" lon="6.6620470">
    <ele>1477.5</ele>
   </trkpt>
   <trkpt lat="45.0001080" lon="6.6620680">
    <ele>1477.7</ele>
   </trkpt>
   <trkpt lat="45.0001560" lon="6.6620870">
    <ele>1478.0</ele>
   </trkpt>
   <trkpt lat="45.0001990" lon="6.6621060">
    <ele>1478.2</ele>
   </trkpt>
   <trkpt lat="45.0002430" lon="6.6621250">
    <ele>1478.4</ele>
   </trkpt>
   <trkpt lat="45.0002860" lon="6.6621460">
    <ele>1478.6</ele>
   </trkpt>
   <trkpt lat="45.0003290" lon="6.6621640">
    <ele>1478.8</ele>
   </trkpt>
   <trkpt lat="45.0003720" lon="6.6621810">
    <ele>1479.0</ele>
   </trkpt>
   <trkpt lat="45.0004160" lon="6.6622010">
    <ele>1479.2</ele>
   </trkpt>
   <trkpt lat="45.0004560" lon="6.6622220">
    <ele>1479.4</ele>
   </trkpt>
   <trkpt lat="45.0004970" lon="6.6622500">
    <ele>1479.6</ele>
   </trkpt>
   <trkpt lat="45.0005400" lon="6.6622730">
    <ele>1479.8</ele>
   </trkpt>
   <trkpt lat="45.0005840" lon="6.6622980">
    <ele>1480.0</ele>
   </trkpt>
   <trkpt lat="45.0006280" lon="6.6623190">
    <ele>1480.2</ele>
   </trkpt>
   <trkpt lat="45.0006700" lon="6.6623440">
    <ele>1480.4</ele>
   </trkpt>
   <trkpt lat="45.0007070" lon="6.6623640">
    <ele>1480.5</ele>
   </trkpt>
   <trkpt lat="45.0007400" lon="6.6623820">
    <ele>1480.6</ele>
   </trkpt>
   <trkpt lat="45.0007710" lon="6.6624050">
    <ele>1480.7</ele>
   </trkpt>
   <trkpt lat="45.0008000" lon="6.6624250">
    <ele>1480.8</ele>
   </trkpt>
   <trkpt lat="45.0008260" lon="6.6624510">
    <ele>1480.9</ele>
   </trkpt>
   <trkpt lat="45.0008430" lon="6.6624860">
    <ele>1480.9</ele>
   </trkpt>
   <trkpt lat="45.0008510" lon="6.6625010">
    <ele>1480.9</ele>
   </trkpt>
   <trkpt lat="45.0008560" lon="6.6625030">
    <ele>1480.9</ele>
   </trkpt>
   <trkpt lat="45.0008620" lon="6.6625050">
    <ele>1480.9</ele>
   </trkpt>
   <trkpt lat="45.0008670" lon="6.6625070">
    <ele>1480.9</ele>
   </trkpt>
   <trkpt lat="45.0008730" lon="6.6625090">
    <ele>1480.9</ele>
   </trkpt>
   <trkpt lat="45.0008780" lon="6.6625110">
    <ele>1480.9</ele>
   </trkpt>
   <trkpt lat="45.0009020" lon="6.6625180">
    <ele>1480.9</ele>
   </trkpt>
   <trkpt lat="45.0009020" lon="6.6625120">
    <ele>1480.9</ele>
   </trkpt>
   <trkpt lat="45.0009060" lon="6.6625090">
    <ele>1480.9</ele>
   </trkpt>
   <trkpt lat="45.0009110" lon="6.6625090">
    <ele>1480.9</ele>
   </trkpt>
   <trkpt lat="45.0009120" lon="6.6625110">
    <ele>1480.9</ele>
   </trkpt>
   <trkpt lat="45.0009090" lon="6.6625100">
    <ele>1480.9</ele>
   </trkpt>
   <trkpt lat="45.0009070" lon="6.6625100">
    <ele>1480.9</ele>
   </trkpt>
   <trkpt lat="45.0009070" lon="6.6625090">
    <ele>1480.9</ele>
   </trkpt>
   <trkpt lat="45.0009070" lon="6.6625090">
    <ele>1480.9</ele>
   </trkpt>
   <trkpt lat="45.0009070" lon="6.6625090">
    <ele>1480.9</ele>
   </trkpt>
   <trkpt lat="45.0009030" lon="6.6625090">
    <ele>1480.9</ele>
   </trkpt>
   <trkpt lat="45.0008930" lon="6.6625060">
    <ele>1480.9</ele>
   </trkpt>
   <trkpt lat="45.0008800" lon="6.6624920">
    <ele>1480.9</ele>
   </trkpt>
   <trkpt lat="45.0008660" lon="6.6624860">
    <ele>1480.9</ele>
   </trkpt>
   <trkpt lat="45.0008530" lon="6.6624890">
    <ele>1480.9</ele>
   </trkpt>
   <trkpt lat="45.0008370" lon="6.6625120">
    <ele>1480.9</ele>
   </trkpt>
   <trkpt lat="45.0008250" lon="6.6625200">
    <ele>1480.9</ele>
   </trkpt>
   <trkpt lat="45.0008110" lon="6.6625370">
    <ele>1480.9</ele>
   </trkpt>
   <trkpt lat="45.0007940" lon="6.6625340">
    <ele>1480.9</ele>
   </trkpt>
   <trkpt lat="45.0007890" lon="6.6625320">
    <ele>1480.9</ele>
   </trkpt>
   <trkpt lat="45.0007870" lon="6.6625310">
    <ele>1480.9</ele>
   </trkpt>
   <trkpt lat="45.0007870" lon="6.6625310">
    <ele>1480.9</ele>
   </trkpt>
   <trkpt lat="45.0007870" lon="6.6625310">
    <ele>1480.9</ele>
   </trkpt>
   <trkpt lat="45.0008060" lon="6.6625260">
    <ele>1480.9</ele>
   </trkpt>
   <trkpt lat="45.0008260" lon="6.6625280">
    <ele>1480.9</ele>
   </trkpt>
   <trkpt lat="45.0008340" lon="6.6625320">
    <ele>1480.9</ele>
   </trkpt>
   <trkpt lat="45.0008530" lon="6.6625210">
    <ele>1480.9</ele>
   </trkpt>
   <trkpt lat="45.0008790" lon="6.6624890">
    <ele>1480.9</ele>
   </trkpt>
   <trkpt lat="45.0008850" lon="6.6624820">
    <ele>1480.9</ele>
   </trkpt>
   <trkpt lat="45.0008980" lon="6.6624900">
    <ele>1480.9</ele>
   </trkpt>
   <trkpt lat="45.0009050" lon="6.6624970">
    <ele>1480.9</ele>
   </trkpt>
   <trkpt lat="45.0009060" lon="6.6625220">
    <ele>1480.9</ele>
   </trkpt>
   <trkpt lat="45.0009030" lon="6.6625300">
    <ele>1480.9</ele>
   </trkpt>
   <trkpt lat="45.0008960" lon="6.6625460">
    <ele>1480.9</ele>
   </trkpt>
   <trkpt lat="45.0008960" lon="6.6625340">
    <ele>1480.9</ele>
   </trkpt>
   <trkpt lat="45.0008770" lon="6.6625370">
    <ele>1480.9</ele>
   </trkpt>
   <trkpt lat="45.0008700" lon="6.6625330">
    <ele>1480.9</ele>
   </trkpt>
   <trkpt lat="45.0008680" lon="6.6625280">
    <ele>1480.9</ele>
   </trkpt>
   <trkpt lat="45.0008700" lon="6.6625220">
    <ele>1480.9</ele>
   </trkpt>
   <trkpt lat="45.0008760" lon="6.6625090">
    <ele>1480.9</ele>
   </trkpt>
   <trkpt lat="45.0008800" lon="6.6625030">
    <ele>1480.9</ele>
   </trkpt>
   <trkpt lat="45.0008740" lon="6.6624990">
    <ele>1480.9</ele>
   </trkpt>
   <trkpt lat="45.0008640" lon="6.6625000">
    <ele>1480.9</ele>
   </trkpt>
   <trkpt lat="45.0008520" lon="6.6624960">
    <ele>1480.9</ele>
   </trkpt>
   <trkpt lat="45.0008410" lon="6.6624950">
    <ele>1480.9</ele>
   </trkpt>
   <trkpt lat="45.0008340" lon="6.6625160">
    <ele>1480.9</ele>
   </trkpt>
   <trkpt lat="45.0008270" lon="6.6625360">
    <ele>1480.9</ele>
   </trkpt>
   <trkpt lat="45.0008260" lon="6.6625530">
    <ele>1480.9</ele>
   </trkpt>
   <trkpt lat="45.0008690" lon="6.6625850">
    <ele>1480.9</ele>
   </trkpt>
   <trkpt lat="45.0008630" lon="6.6625740">
    <ele>1480.9</ele>
   </trkpt>
   <trkpt lat="45.0008520" lon="6.6625490">
    <ele>1480.9</ele>
   </trkpt>
   <trkpt lat="45.0008470" lon="6.6625340">
    <ele>1480.9</ele>
   </trkpt>
   <trkpt lat="45.0008450" lon="6.6625340">
    <ele>1480.9</ele>
   </trkpt>
   <trkpt lat="45.0008450" lon="6.6625350">
    <ele>1480.9</ele>
   </trkpt>
   <trkpt lat="45.0008440" lon="6.6625350">
    <ele>1480.9</ele>
   </trkpt>
   <trkpt lat="45.0008500" lon="6.6625420">
    <ele>1480.9</ele>
   </trkpt>
   <trkpt lat="45.0008550" lon="6.6625570">
    <ele>1480.9</ele>
   </trkpt>
   <trkpt lat="45.0008550" lon="6.6625610">
    <ele>1480.9</ele>
   </trkpt>
   <trkpt lat="45.0008440" lon="6.6625570">
    <ele>1480.9</ele>
   </trkpt>
   <trkpt lat="45.0008410" lon="6.6625450">
    <ele>1480.9</ele>
   </trkpt>
   <trkpt lat="45.0008470" lon="6.6625350">
    <ele>1480.9</ele>
   </trkpt>
   <trkpt lat="45.0008570" lon="6.6625210">
    <ele>1480.9</ele>
   </trkpt>
   <trkpt lat="45.0008710" lon="6.6625160">
    <ele>1480.9</ele>
   </trkpt>
   <trkpt lat="45.0008850" lon="6.6625000">
    <ele>1480.9</ele>
   </trkpt>
   <trkpt lat="45.0008850" lon="6.6624840">
    <ele>1480.9</ele>
   </trkpt>
   <trkpt lat="45.0008860" lon="6.6624860">
    <ele>1480.9</ele>
   </trkpt>
   <trkpt lat="45.0008860" lon="6.6624930">
    <ele>1480.9</ele>
   </trkpt>
   <trkpt lat="45.0008870" lon="6.6624920">
    <ele>1480.9</ele>
   </trkpt>
   <trkpt lat="45.0008940" lon="6.6625030">
    <ele>1480.9</ele>
   </trkpt>
   <trkpt lat="45.0009010" lon="6.6625000">
    <ele>1480.9</ele>
   </trkpt>
   <trkpt lat="45.0009010" lon="6.6624910">
    <ele>1480.9</ele>
   </trkpt>
   <trkpt lat="45.0009000" lon="6.6624870">
    <ele>1480.9</ele>
   </trkpt>
   <trkpt lat="45.0008990" lon="6.6624850">
    <ele>1480.9</ele>
   </trkpt>
   <trkpt lat="45.0008990" lon="6.6624850">
    <ele>1480.9</ele>
   </trkpt>
   <trkpt lat="45.0008940" lon="6.6625020">
    <ele>1480.9</ele>
   </trkpt>
   <trkpt lat="45.0008860" lon="6.6625330">
    <ele>1480.9</ele>
   </trkpt>
   <trkpt lat="45.0008790" lon="6.6625140">
    <ele>1480.9</ele>
   </trkpt>
   <trkpt lat="45.0008710" lon="6.6625070">
    <ele>1480.9</ele>
   </trkpt>
   <trkpt lat="45.0008630" lon="6.6625000">
    <ele>1480.9</ele>
   </trkpt>
   <trkpt lat="45.0008550" lon="6.6624930">
    <ele>1480.9</ele>
   </trkpt>
   <trkpt lat="45.0008140" lon="6.6624690">
    <ele>1480.9</ele>
   </trkpt>
   <trkpt lat="45.0008060" lon="6.6624670">
    <ele>1480.9</ele>
   </trkpt>
   <trkpt lat="45.0007760" lon="6.6624550">
    <ele>1480.8</ele>
   </trkpt>
   <trkpt lat="45.0007680" lon="6.6624550">
    <ele>1480.8</ele>
   </trkpt>
   <trkpt lat="45.0007610" lon="6.6624500">
    <ele>1480.8</ele>
   </trkpt>
   <trkpt lat="45.0007670" lon="6.6624450">
    <ele>1480.8</ele>
   </trkpt>
   <trkpt lat="45.0007680" lon="6.6624570">
    <ele>1480.8</ele>
   </trkpt>
   <trkpt lat="45.0007740" lon="6.6624690">
    <ele>1480.8</ele>
   </trkpt>
   <trkpt lat="45.0007820" lon="6.6624660">
    <ele>1480.8</ele>
   </trkpt>
   <trkpt lat="45.0007850" lon="6.6624650">
    <ele>1480.9</ele>
   </trkpt>
   <trkpt lat="45.0007820" lon="6.6624650">
    <ele>1480.9</ele>
   </trkpt>
   <trkpt lat="45.0007850" lon="6.6624550">
    <ele>1480.9</ele>
   </trkpt>
   <trkpt lat="45.0007960" lon="6.6624580">
    <ele>1480.9</ele>
   </trkpt>
   <trkpt lat="45.0008290" lon="6.6624640">
    <ele>1480.9</ele>
   </trkpt>
   <trkpt lat="45.0008430" lon="6.6624700">
    <ele>1480.9</ele>
   </trkpt>
   <trkpt lat="45.0008710" lon="6.6624880">
    <ele>1480.9</ele>
   </trkpt>
   <trkpt lat="45.0008910" lon="6.6624970">
    <ele>1481.0</ele>
   </trkpt>
   <trkpt lat="45.0008930" lon="6.6625190">
    <ele>1481.0</ele>
   </trkpt>
   <trkpt lat="45.0008960" lon="6.6625300">
    <ele>1481.0</ele>
   </trkpt>
   <trkpt lat="45.0009080" lon="6.6625330">
    <ele>1481.0</ele>
   </trkpt>
   <trkpt lat="45.0009190" lon="6.6625370">
    <ele>1481.0</ele>
   </trkpt>
   <trkpt lat="45.0009210" lon="6.6625200">
    <ele>1481.0</ele>
   </trkpt>
   <trkpt lat="45.0009190" lon="6.6625290">
    <ele>1481.0</ele>
   </trkpt>
   <trkpt lat="45.0009370" lon="6.6625330">
    <ele>1481.0</ele>
   </trkpt>
   <trkpt lat="45.0009480" lon="6.6625320">
    <ele>1481.0</ele>
   </trkpt>
   <trkpt lat="45.0009620" lon="6.6625210">
    <ele>1481.0</ele>
   </trkpt>
   <trkpt lat="45.0009630" lon="6.6625010">
    <ele>1481.0</ele>
   </trkpt>
   <trkpt lat="45.0009660" lon="6.6624990">
    <ele>1481.0</ele>
   </trkpt>
   <trkpt lat="45.0009780" lon="6.6625080">
    <ele>1481.0</ele>
   </trkpt>
   <trkpt lat="45.0009840" lon="6.6624980">
    <ele>1481.0</ele>
   </trkpt>
   <trkpt lat="45.0009840" lon="6.6625010">
    <ele>1481.0</ele>
   </trkpt>
   <trkpt lat="45.0009800" lon="6.6625070">
    <ele>1481.0</ele>
   </trkpt>
   <trkpt lat="45.0009830" lon="6.6625190">
    <ele>1481.0</ele>
   </trkpt>
   <trkpt lat="45.0009890" lon="6.6625290">
    <ele>1481.0</ele>
   </trkpt>
   <trkpt lat="45.0009930" lon="6.6625370">
    <ele>1481.0</ele>
   </trkpt>
   <trkpt lat="45.0009980" lon="6.6625500">
    <ele>1481.0</ele>
   </trkpt>
   <trkpt lat="45.0010000" lon="6.6625530">
    <ele>1481.0</ele>
   </trkpt>
   <trkpt lat="45.0010000" lon="6.6625540">
    <ele>1481.0</ele>
   </trkpt>
   <trkpt lat="45.0010000" lon="6.6625550">
    <ele>1481.0</ele>
   </trkpt>
   <trkpt lat="45.0010000" lon="6.6625550">
    <ele>1481.0</ele>
   </trkpt>
   <trkpt lat="45.0010000" lon="6.6625550">
    <ele>1481.0</ele>
   </trkpt>
   <trkpt lat="45.0009670" lon="6.6625390">
    <ele>1481.0</ele>
   </trkpt>
   <trkpt lat="45.0009630" lon="6.6625280">
    <ele>1481.0</ele>
   </trkpt>
   <trkpt lat="45.0009530" lon="6.6625260">
    <ele>1481.0</ele>
   </trkpt>
   <trkpt lat="45.0009410" lon="6.6625230">
    <ele>1481.0</ele>
   </trkpt>
   <trkpt lat="45.0009260" lon="6.6625160">
    <ele>1481.0</ele>
   </trkpt>
   <trkpt lat="45.0009110" lon="6.6625060">
    <ele>1481.0</ele>
   </trkpt>
   <trkpt lat="45.0008980" lon="6.6624910">
    <ele>1481.0</ele>
   </trkpt>
   <trkpt lat="45.0008870" lon="6.6624830">
    <ele>1481.0</ele>
   </trkpt>
   <trkpt lat="45.0008790" lon="6.6624830">
    <ele>1481.0</ele>
   </trkpt>
   <trkpt lat="45.0008840" lon="6.6624890">
    <ele>1481.0</ele>
   </trkpt>
   <trkpt lat="45.0008900" lon="6.6624950">
    <ele>1481.0</ele>
   </trkpt>
   <trkpt lat="45.0008950" lon="6.6625010">
    <ele>1481.0</ele>
   </trkpt>
   <trkpt lat="45.0009010" lon="6.6625070">
    <ele>1481.0</ele>
   </trkpt>
   <trkpt lat="45.0009060" lon="6.6625130">
    <ele>1481.0</ele>
   </trkpt>
   <trkpt lat="45.0009120" lon="6.6625180">
    <ele>1481.0</ele>
   </trkpt>
   <trkpt lat="45.0009180" lon="6.6625240">
    <ele>1481.0</ele>
   </trkpt>
   <trkpt lat="45.0009230" lon="6.6625300">
    <ele>1481.0</ele>
   </trkpt>
   <trkpt lat="45.0009290" lon="6.6625360">
    <ele>1481.0</ele>
   </trkpt>
   <trkpt lat="45.0009340" lon="6.6625420">
    <ele>1481.0</ele>
   </trkpt>
   <trkpt lat="45.0009400" lon="6.6625480">
    <ele>1481.0</ele>
   </trkpt>
   <trkpt lat="45.0009450" lon="6.6625540">
    <ele>1481.0</ele>
   </trkpt>
   <trkpt lat="45.0009510" lon="6.6625600">
    <ele>1481.0</ele>
   </trkpt>
   <trkpt lat="45.0009820" lon="6.6625840">
    <ele>1481.1</ele>
   </trkpt>
   <trkpt lat="45.0009930" lon="6.6625940">
    <ele>1481.1</ele>
   </trkpt>
   <trkpt lat="45.0010310" lon="6.6626200">
    <ele>1481.1</ele>
   </trkpt>
   <trkpt lat="45.0010470" lon="6.6626300">
    <ele>1481.1</ele>
   </trkpt>
   <trkpt lat="45.0010880" lon="6.6626490">
    <ele>1481.1</ele>
   </trkpt>
   <trkpt lat="45.0011280" lon="6.6626660">
    <ele>1481.1</ele>
   </trkpt>
   <trkpt lat="45.0011800" lon="6.6626850">
    <ele>1481.2</ele>
   </trkpt>
   <trkpt lat="45.0012820" lon="6.6626360">
    <ele>1481.2</ele>
   </trkpt>
   <trkpt lat="45.0013610" lon="6.6626040">
    <ele>1481.2</ele>
   </trkpt>
   <trkpt lat="45.0014140" lon="6.6625740">
    <ele>1481.2</ele>
   </trkpt>
   <trkpt lat="45.0014670" lon="6.6625540">
    <ele>1481.2</ele>
   </trkpt>
   <trkpt lat="45.0015160" lon="6.6625360">
    <ele>1481.2</ele>
   </trkpt>
   <trkpt lat="45.0015600" lon="6.6625210">
    <ele>1481.2</ele>
   </trkpt>
   <trkpt lat="45.0016060" lon="6.6625080">
    <ele>1481.3</ele>
   </trkpt>
   <trkpt lat="45.0016530" lon="6.6624940">
    <ele>1481.3</ele>
   </trkpt>
   <trkpt lat="45.0017010" lon="6.6624750">
    <ele>1481.3</ele>
   </trkpt>
   <trkpt lat="45.0017960" lon="6.6624390">
    <ele>1481.4</ele>
   </trkpt>
   <trkpt lat="45.0018390" lon="6.6624180">
    <ele>1481.5</ele>
   </trkpt>
   <trkpt lat="45.0018780" lon="6.6623990">
    <ele>1481.5</ele>
   </trkpt>
   <trkpt lat="45.0019200" lon="6.6623850">
    <ele>1481.5</ele>
   </trkpt>
   <trkpt lat="45.0019600" lon="6.6623690">
    <ele>1481.6</ele>
   </trkpt>
   <trkpt lat="45.0020010" lon="6.6623440">
    <ele>1481.6</ele>
   </trkpt>
   <trkpt lat="45.0020460" lon="6.6623190">
    <ele>1481.7</ele>
   </trkpt>
   <trkpt lat="45.0020880" lon="6.6622940">
    <ele>1481.7</ele>
   </trkpt>
   <trkpt lat="45.0021350" lon="6.6622670">
    <ele>1481.8</ele>
   </trkpt>
   <trkpt lat="45.0021800" lon="6.6622360">
    <ele>1481.9</ele>
   </trkpt>
   <trkpt lat="45.0022250" lon="6.6622040">
    <ele>1482.0</ele>
   </trkpt>
   <trkpt lat="45.0022700" lon="6.6621710">
    <ele>1482.0</ele>
   </trkpt>
   <trkpt lat="45.0023100" lon="6.6621350">
    <ele>1482.1</ele>
   </trkpt>
   <trkpt lat="45.0023510" lon="6.6620960">
    <ele>1482.2</ele>
   </trkpt>
   <trkpt lat="45.0023900" lon="6.6620560">
    <ele>1482.3</ele>
   </trkpt>
   <trkpt lat="45.0024270" lon="6.6620150">
    <ele>1482.4</ele>
   </trkpt>
   <trkpt lat="45.0024620" lon="6.6619750">
    <ele>1482.5</ele>
   </trkpt>
   <trkpt lat="45.0024970" lon="6.6619280">
    <ele>1482.5</ele>
   </trkpt>
   <trkpt lat="45.0025350" lon="6.6618830">
    <ele>1482.6</ele>
   </trkpt>
   <trkpt lat="45.0025710" lon="6.6618390">
    <ele>1482.7</ele>
   </trkpt>
   <trkpt lat="45.0026050" lon="6.6617950">
    <ele>1482.8</ele>
   </trkpt>
   <trkpt lat="45.0026370" lon="6.6617520">
    <ele>1482.9</ele>
   </trkpt>
   <trkpt lat="45.0026700" lon="6.6617060">
    <ele>1483.0</ele>
   </trkpt>
   <trkpt lat="45.0027050" lon="6.6616580">
    <ele>1483.1</ele>
   </trkpt>
   <trkpt lat="45.0027330" lon="6.6616130">
    <ele>1483.2</ele>
   </trkpt>
   <trkpt lat="45.0027630" lon="6.6615590">
    <ele>1483.3</ele>
   </trkpt>
   <trkpt lat="45.0027870" lon="6.6615050">
    <ele>1483.5</ele>
   </trkpt>
   <trkpt lat="45.0028160" lon="6.6614510">
    <ele>1483.6</ele>
   </trkpt>
   <trkpt lat="45.0028580" lon="6.6613400">
    <ele>1483.9</ele>
   </trkpt>
   <trkpt lat="45.0028700" lon="6.6612780">
    <ele>1484.0</ele>
   </trkpt>
   <trkpt lat="45.0028720" lon="6.6612170">
    <ele>1484.2</ele>
   </trkpt>
   <trkpt lat="45.0028730" lon="6.6611670">
    <ele>1484.4</ele>
   </trkpt>
   <trkpt lat="45.0028650" lon="6.6611120">
    <ele>1484.7</ele>
   </trkpt>
   <trkpt lat="45.0028570" lon="6.6610610">
    <ele>1484.9</ele>
   </trkpt>
   <trkpt lat="45.0028490" lon="6.6610110">
    <ele>1485.1</ele>
   </trkpt>
   <trkpt lat="45.0028420" lon="6.6609590">
    <ele>1485.3</ele>
   </trkpt>
   <trkpt lat="45.0028360" lon="6.6609110">
    <ele>1485.5</ele>
   </trkpt>
   <trkpt lat="45.0028320" lon="6.6608590">
    <ele>1485.7</ele>
   </trkpt>
   <trkpt lat="45.0028270" lon="6.6608030">
    <ele>1485.9</ele>
   </trkpt>
   <trkpt lat="45.0028250" lon="6.6607430">
    <ele>1486.0</ele>
   </trkpt>
   <trkpt lat="45.0028190" lon="6.6606400">
    <ele>1486.1</ele>
   </trkpt>
   <trkpt lat="45.0028190" lon="6.6605910">
    <ele>1486.2</ele>
   </trkpt>
   <trkpt lat="45.0028160" lon="6.6605390">
    <ele>1486.2</ele>
   </trkpt>
   <trkpt lat="45.0028120" lon="6.6604830">
    <ele>1486.3</ele>
   </trkpt>
   <trkpt lat="45.0028160" lon="6.6604280">
    <ele>1486.4</ele>
   </trkpt>
   <trkpt lat="45.0028170" lon="6.6603770">
    <ele>1486.5</ele>
   </trkpt>
   <trkpt lat="45.0028110" lon="6.6603220">
    <ele>1486.6</ele>
   </trkpt>
   <trkpt lat="45.0028100" lon="6.6602750">
    <ele>1486.6</ele>
   </trkpt>
   <trkpt lat="45.0028150" lon="6.6602320">
    <ele>1486.7</ele>
   </trkpt>
   <trkpt lat="45.0028240" lon="6.6601880">
    <ele>1486.8</ele>
   </trkpt>
   <trkpt lat="45.0028570" lon="6.6601040">
    <ele>1486.9</ele>
   </trkpt>
   <trkpt lat="45.0028750" lon="6.6600590">
    <ele>1487.0</ele>
   </trkpt>
   <trkpt lat="45.0028940" lon="6.6600010">
    <ele>1487.1</ele>
   </trkpt>
   <trkpt lat="45.0029100" lon="6.6599350">
    <ele>1487.2</ele>
   </trkpt>
   <trkpt lat="45.0029210" lon="6.6598700">
    <ele>1487.3</ele>
   </trkpt>
   <trkpt lat="45.0029360" lon="6.6598150">
    <ele>1487.4</ele>
   </trkpt>
   <trkpt lat="45.0029540" lon="6.6597670">
    <ele>1487.5</ele>
   </trkpt>
   <trkpt lat="45.0029680" lon="6.6597310">
    <ele>1487.5</ele>
   </trkpt>
   <trkpt lat="45.0029930" lon="6.6596770">
    <ele>1487.7</ele>
   </trkpt>
   <trkpt lat="45.0030190" lon="6.6596580">
    <ele>1487.6</ele>
   </trkpt>
   <trkpt lat="45.0030660" lon="6.6596680">
    <ele>1487.6</ele>
   </trkpt>
   <trkpt lat="45.0031160" lon="6.6596710">
    <ele>1487.6</ele>
   </trkpt>
   <trkpt lat="45.0031590" lon="6.6596730">
    <ele>1487.6</ele>
   </trkpt>
   <trkpt lat="45.0031900" lon="6.6596730">
    <ele>1487.6</ele>
   </trkpt>
   <trkpt lat="45.0031870" lon="6.6596210">
    <ele>1487.6</ele>
   </trkpt>
   <trkpt lat="45.0031490" lon="6.6596200">
    <ele>1487.6</ele>
   </trkpt>
   <trkpt lat="45.0031120" lon="6.6596420">
    <ele>1487.6</ele>
   </trkpt>
   <trkpt lat="45.0030790" lon="6.6596600">
    <ele>1487.6</ele>
   </trkpt>
   <trkpt lat="45.0030460" lon="6.6596660">
    <ele>1487.6</ele>
   </trkpt>
   <trkpt lat="45.0030250" lon="6.6596550">
    <ele>1487.6</ele>
   </trkpt>
   <trkpt lat="45.0030250" lon="6.6596290">
    <ele>1487.9</ele>
   </trkpt>
   <trkpt lat="45.0030390" lon="6.6595830">
    <ele>1488.1</ele>
   </trkpt>
   <trkpt lat="45.0030650" lon="6.6595440">
    <ele>1488.3</ele>
   </trkpt>
   <trkpt lat="45.0030810" lon="6.6595090">
    <ele>1488.4</ele>
   </trkpt>
   <trkpt lat="45.0030980" lon="6.6594690">
    <ele>1488.6</ele>
   </trkpt>
   <trkpt lat="45.0031240" lon="6.6594320">
    <ele>1488.7</ele>
   </trkpt>
   <trkpt lat="45.0031860" lon="6.6593860">
    <ele>1489.1</ele>
   </trkpt>
   <trkpt lat="45.0032200" lon="6.6593670">
    <ele>1489.3</ele>
   </trkpt>
   <trkpt lat="45.0032560" lon="6.6593530">
    <ele>1489.4</ele>
   </trkpt>
   <trkpt lat="45.0032950" lon="6.6593370">
    <ele>1489.6</ele>
   </trkpt>
   <trkpt lat="45.0033370" lon="6.6593230">
    <ele>1489.8</ele>
   </trkpt>
   <trkpt lat="45.0033750" lon="6.6593160">
    <ele>1490.0</ele>
   </trkpt>
   <trkpt lat="45.0034180" lon="6.6593150">
    <ele>1490.1</ele>
   </trkpt>
   <trkpt lat="45.0034630" lon="6.6593110">
    <ele>1490.2</ele>
   </trkpt>
   <trkpt lat="45.0035060" lon="6.6592930">
    <ele>1490.3</ele>
   </trkpt>
   <trkpt lat="45.0035500" lon="6.6592820">
    <ele>1490.4</ele>
   </trkpt>
   <trkpt lat="45.0035960" lon="6.6592690">
    <ele>1490.4</ele>
   </trkpt>
   <trkpt lat="45.0036450" lon="6.6592540">
    <ele>1490.5</ele>
   </trkpt>
   <trkpt lat="45.0037420" lon="6.6592430">
    <ele>1490.7</ele>
   </trkpt>
   <trkpt lat="45.0037920" lon="6.6592270">
    <ele>1490.8</ele>
   </trkpt>
   <trkpt lat="45.0038450" lon="6.6592090">
    <ele>1490.9</ele>
   </trkpt>
   <trkpt lat="45.0038970" lon="6.6592040">
    <ele>1491.0</ele>
   </trkpt>
   <trkpt lat="45.0039450" lon="6.6592010">
    <ele>1491.1</ele>
   </trkpt>
   <trkpt lat="45.0039980" lon="6.6592030">
    <ele>1491.2</ele>
   </trkpt>
   <trkpt lat="45.0040500" lon="6.6592050">
    <ele>1491.3</ele>
   </trkpt>
   <trkpt lat="45.0041000" lon="6.6592110">
    <ele>1491.4</ele>
   </trkpt>
   <trkpt lat="45.0041510" lon="6.6592200">
    <ele>1491.5</ele>
   </trkpt>
   <trkpt lat="45.0042070" lon="6.6592340">
    <ele>1491.6</ele>
   </trkpt>
   <trkpt lat="45.0043130" lon="6.6592490">
    <ele>1491.9</ele>
   </trkpt>
   <trkpt lat="45.0043610" lon="6.6592430">
    <ele>1492.1</ele>
   </trkpt>
   <trkpt lat="45.0044060" lon="6.6592400">
    <ele>1492.2</ele>
   </trkpt>
   <trkpt lat="45.0044510" lon="6.6592550">
    <ele>1492.4</ele>
   </trkpt>
   <trkpt lat="45.0044990" lon="6.6592650">
    <ele>1492.6</ele>
   </trkpt>
   <trkpt lat="45.0045470" lon="6.6592730">
    <ele>1492.8</ele>
   </trkpt>
   <trkpt lat="45.0045860" lon="6.6592810">
    <ele>1492.9</ele>
   </trkpt>
   <trkpt lat="45.0046310" lon="6.6592930">
    <ele>1493.1</ele>
   </trkpt>
   <trkpt lat="45.0046730" lon="6.6593020">
    <ele>1493.2</ele>
   </trkpt>
   <trkpt lat="45.0047160" lon="6.6593090">
    <ele>1493.4</ele>
   </trkpt>
   <trkpt lat="45.0047590" lon="6.6593170">
    <ele>1493.5</ele>
   </trkpt>
   <trkpt lat="45.0048010" lon="6.6593270">
    <ele>1493.7</ele>
   </trkpt>
   <trkpt lat="45.0048900" lon="6.6593460">
    <ele>1494.0</ele>
   </trkpt>
   <trkpt lat="45.0049390" lon="6.6593530">
    <ele>1494.2</ele>
   </trkpt>
   <trkpt lat="45.0049830" lon="6.6593560">
    <ele>1494.4</ele>
   </trkpt>
   <trkpt lat="45.0050250" lon="6.6593660">
    <ele>1494.6</ele>
   </trkpt>
   <trkpt lat="45.0050690" lon="6.6593740">
    <ele>1494.8</ele>
   </trkpt>
   <trkpt lat="45.0051090" lon="6.6593860">
    <ele>1494.9</ele>
   </trkpt>
   <trkpt lat="45.0051510" lon="6.6593940">
    <ele>1495.1</ele>
   </trkpt>
   <trkpt lat="45.0051950" lon="6.6594040">
    <ele>1495.3</ele>
   </trkpt>
   <trkpt lat="45.0052370" lon="6.6594140">
    <ele>1495.5</ele>
   </trkpt>
   <trkpt lat="45.0052810" lon="6.6594180">
    <ele>1495.6</ele>
   </trkpt>
   <trkpt lat="45.0053210" lon="6.6594160">
    <ele>1495.8</ele>
   </trkpt>
   <trkpt lat="45.0053680" lon="6.6594080">
    <ele>1495.9</ele>
   </trkpt>
   <trkpt lat="45.0054130" lon="6.6594020">
    <ele>1496.0</ele>
   </trkpt>
   <trkpt lat="45.0054580" lon="6.6593910">
    <ele>1496.1</ele>
   </trkpt>
   <trkpt lat="45.0055070" lon="6.6593830">
    <ele>1496.3</ele>
   </trkpt>
   <trkpt lat="45.0055530" lon="6.6593710">
    <ele>1496.4</ele>
   </trkpt>
   <trkpt lat="45.0055980" lon="6.6593590">
    <ele>1496.5</ele>
   </trkpt>
   <trkpt lat="45.0056450" lon="6.6593460">
    <ele>1496.6</ele>
   </trkpt>
   <trkpt lat="45.0056950" lon="6.6593330">
    <ele>1496.7</ele>
   </trkpt>
   <trkpt lat="45.0057460" lon="6.6593210">
    <ele>1496.8</ele>
   </trkpt>
   <trkpt lat="45.0057980" lon="6.6593180">
    <ele>1496.9</ele>
   </trkpt>
   <trkpt lat="45.0058510" lon="6.6593150">
    <ele>1497.0</ele>
   </trkpt>
   <trkpt lat="45.0059010" lon="6.6593050">
    <ele>1497.1</ele>
   </trkpt>
   <trkpt lat="45.0059520" lon="6.6592940">
    <ele>1497.2</ele>
   </trkpt>
   <trkpt lat="45.0059970" lon="6.6592900">
    <ele>1497.3</ele>
   </trkpt>
   <trkpt lat="45.0060840" lon="6.6592750">
    <ele>1497.5</ele>
   </trkpt>
   <trkpt lat="45.0061300" lon="6.6592690">
    <ele>1497.6</ele>
   </trkpt>
   <trkpt lat="45.0061810" lon="6.6592650">
    <ele>1497.7</ele>
   </trkpt>
   <trkpt lat="45.0062320" lon="6.6592630">
    <ele>1497.8</ele>
   </trkpt>
   <trkpt lat="45.0062830" lon="6.6592550">
    <ele>1498.0</ele>
   </trkpt>
   <trkpt lat="45.0063350" lon="6.6592490">
    <ele>1498.1</ele>
   </trkpt>
   <trkpt lat="45.0063880" lon="6.6592380">
    <ele>1498.3</ele>
   </trkpt>
   <trkpt lat="45.0064390" lon="6.6592260">
    <ele>1498.4</ele>
   </trkpt>
   <trkpt lat="45.0064860" lon="6.6592170">
    <ele>1498.6</ele>
   </trkpt>
   <trkpt lat="45.0065330" lon="6.6592100">
    <ele>1498.7</ele>
   </trkpt>
   <trkpt lat="45.0065820" lon="6.6592070">
    <ele>1498.9</ele>
   </trkpt>
   <trkpt lat="45.0066270" lon="6.6592080">
    <ele>1499.1</ele>
   </trkpt>
   <trkpt lat="45.0066730" lon="6.6592050">
    <ele>1499.3</ele>
   </trkpt>
   <trkpt lat="45.0067180" lon="6.6592030">
    <ele>1499.5</ele>
   </trkpt>
   <trkpt lat="45.0067700" lon="6.6592020">
    <ele>1499.7</ele>
   </trkpt>
   <trkpt lat="45.0068190" lon="6.6591940">
    <ele>1499.8</ele>
   </trkpt>
   <trkpt lat="45.0068650" lon="6.6591830">
    <ele>1500.0</ele>
   </trkpt>
   <trkpt lat="45.0069120" lon="6.6591730">
    <ele>1500.1</ele>
   </trkpt>
   <trkpt lat="45.0069590" lon="6.6591670">
    <ele>1500.2</ele>
   </trkpt>
   <trkpt lat="45.0070050" lon="6.6591560">
    <ele>1500.4</ele>
   </trkpt>
   <trkpt lat="45.0070470" lon="6.6591490">
    <ele>1500.5</ele>
   </trkpt>
   <trkpt lat="45.0070930" lon="6.6591450">
    <ele>1500.6</ele>
   </trkpt>
   <trkpt lat="45.0071370" lon="6.6591400">
    <ele>1500.8</ele>
   </trkpt>
   <trkpt lat="45.0071800" lon="6.6591340">
    <ele>1500.9</ele>
   </trkpt>
   <trkpt lat="45.0072250" lon="6.6591270">
    <ele>1501.0</ele>
   </trkpt>
   <trkpt lat="45.0072670" lon="6.6591240">
    <ele>1501.2</ele>
   </trkpt>
   <trkpt lat="45.0073120" lon="6.6591230">
    <ele>1501.3</ele>
   </trkpt>
   <trkpt lat="45.0073560" lon="6.6591160">
    <ele>1501.4</ele>
   </trkpt>
   <trkpt lat="45.0074040" lon="6.6591080">
    <ele>1501.6</ele>
   </trkpt>
   <trkpt lat="45.0074510" lon="6.6590980">
    <ele>1501.7</ele>
   </trkpt>
   <trkpt lat="45.0074970" lon="6.6590900">
    <ele>1501.8</ele>
   </trkpt>
   <trkpt lat="45.0075430" lon="6.6590850">
    <ele>1501.9</ele>
   </trkpt>
   <trkpt lat="45.0075890" lon="6.6590790">
    <ele>1502.0</ele>
   </trkpt>
   <trkpt lat="45.0076370" lon="6.6590710">
    <ele>1502.1</ele>
   </trkpt>
   <trkpt lat="45.0076850" lon="6.6590620">
    <ele>1502.2</ele>
   </trkpt>
   <trkpt lat="45.0077770" lon="6.6590550">
    <ele>1502.4</ele>
   </trkpt>
   <trkpt lat="45.0078250" lon="6.6590520">
    <ele>1502.5</ele>
   </trkpt>
   <trkpt lat="45.0078700" lon="6.6590470">
    <ele>1502.6</ele>
   </trkpt>
   <trkpt lat="45.0079170" lon="6.6590410">
    <ele>1502.7</ele>
   </trkpt>
   <trkpt lat="45.0079650" lon="6.6590350">
    <ele>1502.8</ele>
   </trkpt>
   <trkpt lat="45.0080170" lon="6.6590310">
    <ele>1502.9</ele>
   </trkpt>
   <trkpt lat="45.0080690" lon="6.6590230">
    <ele>1503.0</ele>
   </trkpt>
   <trkpt lat="45.0081190" lon="6.6590160">
    <ele>1503.1</ele>
   </trkpt>
   <trkpt lat="45.0081660" lon="6.6590110">
    <ele>1503.2</ele>
   </trkpt>
   <trkpt lat="45.0082090" lon="6.6590050">
    <ele>1503.3</ele>
   </trkpt>
   <trkpt lat="45.0082580" lon="6.6589990">
    <ele>1503.3</ele>
   </trkpt>
   <trkpt lat="45.0083060" lon="6.6589870">
    <ele>1503.4</ele>
   </trkpt>
   <trkpt lat="45.0083560" lon="6.6589810">
    <ele>1503.5</ele>
   </trkpt>
   <trkpt lat="45.0084070" lon="6.6589790">
    <ele>1503.6</ele>
   </trkpt>
   <trkpt lat="45.0084570" lon="6.6589730">
    <ele>1503.6</ele>
   </trkpt>
   <trkpt lat="45.0085050" lon="6.6589670">
    <ele>1503.7</ele>
   </trkpt>
   <trkpt lat="45.0085530" lon="6.6589560">
    <ele>1503.7</ele>
   </trkpt>
   <trkpt lat="45.0086010" lon="6.6589470">
    <ele>1503.8</ele>
   </trkpt>
   <trkpt lat="45.0086510" lon="6.6589350">
    <ele>1503.8</ele>
   </trkpt>
   <trkpt lat="45.0087010" lon="6.6589230">
    <ele>1503.8</ele>
   </trkpt>
   <trkpt lat="45.0087490" lon="6.6589160">
    <ele>1503.8</ele>
   </trkpt>
   <trkpt lat="45.0087990" lon="6.6589090">
    <ele>1503.8</ele>
   </trkpt>
   <trkpt lat="45.0088470" lon="6.6589040">
    <ele>1503.8</ele>
   </trkpt>
   <trkpt lat="45.0089390" lon="6.6588870">
    <ele>1503.8</ele>
   </trkpt>
   <trkpt lat="45.0089850" lon="6.6588730">
    <ele>1503.8</ele>
   </trkpt>
   <trkpt lat="45.0090280" lon="6.6588610">
    <ele>1503.8</ele>
   </trkpt>
   <trkpt lat="45.0090760" lon="6.6588460">
    <ele>1503.8</ele>
   </trkpt>
   <trkpt lat="45.0091220" lon="6.6588240">
    <ele>1503.8</ele>
   </trkpt>
   <trkpt lat="45.0091710" lon="6.6588060">
    <ele>1503.8</ele>
   </trkpt>
   <trkpt lat="45.0092190" lon="6.6587870">
    <ele>1503.8</ele>
   </trkpt>
   <trkpt lat="45.0092710" lon="6.6587740">
    <ele>1503.8</ele>
   </trkpt>
   <trkpt lat="45.0093240" lon="6.6587630">
    <ele>1503.9</ele>
   </trkpt>
   <trkpt lat="45.0093770" lon="6.6587480">
    <ele>1503.9</ele>
   </trkpt>
   <trkpt lat="45.0094310" lon="6.6587370">
    <ele>1504.0</ele>
   </trkpt>
   <trkpt lat="45.0094820" lon="6.6587310">
    <ele>1504.0</ele>
   </trkpt>
   <trkpt lat="45.0095350" lon="6.6587340">
    <ele>1504.1</ele>
   </trkpt>
   <trkpt lat="45.0095860" lon="6.6587340">
    <ele>1504.2</ele>
   </trkpt>
   <trkpt lat="45.0096380" lon="6.6587350">
    <ele>1504.2</ele>
   </trkpt>
   <trkpt lat="45.0096920" lon="6.6587360">
    <ele>1504.3</ele>
   </trkpt>
   <trkpt lat="45.0097470" lon="6.6587400">
    <ele>1504.4</ele>
   </trkpt>
   <trkpt lat="45.0097960" lon="6.6587450">
    <ele>1504.5</ele>
   </trkpt>
   <trkpt lat="45.0098430" lon="6.6587490">
    <ele>1504.6</ele>
   </trkpt>
   <trkpt lat="45.0098910" lon="6.6587540">
    <ele>1504.7</ele>
   </trkpt>
   <trkpt lat="45.0099400" lon="6.6587680">
    <ele>1504.8</ele>
   </trkpt>
   <trkpt lat="45.0099860" lon="6.6587770">
    <ele>1504.9</ele>
   </trkpt>
   <trkpt lat="45.0100360" lon="6.6587860">
    <ele>1505.0</ele>
   </trkpt>
   <trkpt lat="45.0101310" lon="6.6587950">
    <ele>1505.2</ele>
   </trkpt>
   <trkpt lat="45.0101780" lon="6.6588000">
    <ele>1505.3</ele>
   </trkpt>
   <trkpt lat="45.0102250" lon="6.6588020">
    <ele>1505.4</ele>
   </trkpt>
   <trkpt lat="45.0102690" lon="6.6588090">
    <ele>1505.5</ele>
   </trkpt>
   <trkpt lat="45.0103140" lon="6.6588130">
    <ele>1505.6</ele>
   </trkpt>
   <trkpt lat="45.0103600" lon="6.6588120">
    <ele>1505.7</ele>
   </trkpt>
   <trkpt lat="45.0104090" lon="6.6588020">
    <ele>1505.8</ele>
   </trkpt>
   <trkpt lat="45.0104580" lon="6.6587850">
    <ele>1506.0</ele>
   </trkpt>
   <trkpt lat="45.0105090" lon="6.6587620">
    <ele>1506.1</ele>
   </trkpt>
   <trkpt lat="45.0105560" lon="6.6587330">
    <ele>1506.3</ele>
   </trkpt>
   <trkpt lat="45.0106050" lon="6.6587050">
    <ele>1506.4</ele>
   </trkpt>
   <trkpt lat="45.0106860" lon="6.6586400">
    <ele>1506.7</ele>
   </trkpt>
   <trkpt lat="45.0107270" lon="6.6586080">
    <ele>1506.8</ele>
   </trkpt>
   <trkpt lat="45.0107630" lon="6.6585690">
    <ele>1507.0</ele>
   </trkpt>
   <trkpt lat="45.0108030" lon="6.6585270">
    <ele>1507.1</ele>
   </trkpt>
   <trkpt lat="45.0108410" lon="6.6584830">
    <ele>1507.3</ele>
   </trkpt>
   <trkpt lat="45.0108770" lon="6.6584440">
    <ele>1507.4</ele>
   </trkpt>
   <trkpt lat="45.0109140" lon="6.6584070">
    <ele>1507.6</ele>
   </trkpt>
   <trkpt lat="45.0109530" lon="6.6583640">
    <ele>1507.7</ele>
   </trkpt>
   <trkpt lat="45.0109890" lon="6.6583180">
    <ele>1507.9</ele>
   </trkpt>
   <trkpt lat="45.0110250" lon="6.6582690">
    <ele>1508.1</ele>
   </trkpt>
   <trkpt lat="45.0110620" lon="6.6582280">
    <ele>1508.2</ele>
   </trkpt>
   <trkpt lat="45.0110940" lon="6.6581860">
    <ele>1508.4</ele>
   </trkpt>
   <trkpt lat="45.0111290" lon="6.6581410">
    <ele>1508.5</ele>
   </trkpt>
   <trkpt lat="45.0111630" lon="6.6580970">
    <ele>1508.7</ele>
   </trkpt>
   <trkpt lat="45.0111970" lon="6.6580520">
    <ele>1508.8</ele>
   </trkpt>
   <trkpt lat="45.0112330" lon="6.6580080">
    <ele>1508.9</ele>
   </trkpt>
   <trkpt lat="45.0112650" lon="6.6579590">
    <ele>1509.0</ele>
   </trkpt>
   <trkpt lat="45.0113030" lon="6.6579170">
    <ele>1509.2</ele>
   </trkpt>
   <trkpt lat="45.0113410" lon="6.6578760">
    <ele>1509.3</ele>
   </trkpt>
   <trkpt lat="45.0113780" lon="6.6578350">
    <ele>1509.4</ele>
   </trkpt>
   <trkpt lat="45.0114150" lon="6.6577940">
    <ele>1509.6</ele>
   </trkpt>
   <trkpt lat="45.0114520" lon="6.6577490">
    <ele>1509.7</ele>
   </trkpt>
   <trkpt lat="45.0114890" lon="6.6577060">
    <ele>1509.9</ele>
   </trkpt>
   <trkpt lat="45.0115280" lon="6.6576630">
    <ele>1510.0</ele>
   </trkpt>
   <trkpt lat="45.0115960" lon="6.6575860">
    <ele>1510.2</ele>
   </trkpt>
   <trkpt lat="45.0116330" lon="6.6575490">
    <ele>1510.3</ele>
   </trkpt>
   <trkpt lat="45.0116700" lon="6.6575100">
    <ele>1510.4</ele>
   </trkpt>
   <trkpt lat="45.0117050" lon="6.6574690">
    <ele>1510.5</ele>
   </trkpt>
   <trkpt lat="45.0117400" lon="6.6574270">
    <ele>1510.7</ele>
   </trkpt>
   <trkpt lat="45.0117750" lon="6.6573900">
    <ele>1510.8</ele>
   </trkpt>
   <trkpt lat="45.0118140" lon="6.6573520">
    <ele>1510.9</ele>
   </trkpt>
   <trkpt lat="45.0118520" lon="6.6573110">
    <ele>1511.1</ele>
   </trkpt>
   <trkpt lat="45.0118880" lon="6.6572710">
    <ele>1511.2</ele>
   </trkpt>
   <trkpt lat="45.0119250" lon="6.6572300">
    <ele>1511.3</ele>
   </trkpt>
   <trkpt lat="45.0119630" lon="6.6571890">
    <ele>1511.5</ele>
   </trkpt>
   <trkpt lat="45.0120330" lon="6.6571220">
    <ele>1511.7</ele>
   </trkpt>
   <trkpt lat="45.0120690" lon="6.6570870">
    <ele>1511.9</ele>
   </trkpt>
   <trkpt lat="45.0121070" lon="6.6570550">
    <ele>1512.0</ele>
   </trkpt>
   <trkpt lat="45.0121410" lon="6.6570190">
    <ele>1512.1</ele>
   </trkpt>
   <trkpt lat="45.0121780" lon="6.6569830">
    <ele>1512.2</ele>
   </trkpt>
   <trkpt lat="45.0122160" lon="6.6569460">
    <ele>1512.4</ele>
   </trkpt>
   <trkpt lat="45.0122540" lon="6.6569140">
    <ele>1512.5</ele>
   </trkpt>
   <trkpt lat="45.0122910" lon="6.6568770">
    <ele>1512.6</ele>
   </trkpt>
   <trkpt lat="45.0123280" lon="6.6568440">
    <ele>1512.8</ele>
   </trkpt>
   <trkpt lat="45.0123650" lon="6.6568120">
    <ele>1512.9</ele>
   </trkpt>
   <trkpt lat="45.0124020" lon="6.6567800">
    <ele>1513.0</ele>
   </trkpt>
   <trkpt lat="45.0124410" lon="6.6567470">
    <ele>1513.1</ele>
   </trkpt>
   <trkpt lat="45.0125190" lon="6.6566780">
    <ele>1513.4</ele>
   </trkpt>
   <trkpt lat="45.0125600" lon="6.6566450">
    <ele>1513.5</ele>
   </trkpt>
   <trkpt lat="45.0125990" lon="6.6566110">
    <ele>1513.6</ele>
   </trkpt>
   <trkpt lat="45.0126380" lon="6.6565770">
    <ele>1513.8</ele>
   </trkpt>
   <trkpt lat="45.0127090" lon="6.6565090">
    <ele>1514.0</ele>
   </trkpt>
   <trkpt lat="45.0127460" lon="6.6564710">
    <ele>1514.2</ele>
   </trkpt>
   <trkpt lat="45.0127820" lon="6.6564310">
    <ele>1514.3</ele>
   </trkpt>
   <trkpt lat="45.0128180" lon="6.6563950">
    <ele>1514.5</ele>
   </trkpt>
   <trkpt lat="45.0128550" lon="6.6563610">
    <ele>1514.6</ele>
   </trkpt>
   <trkpt lat="45.0128910" lon="6.6563310">
    <ele>1514.8</ele>
   </trkpt>
   <trkpt lat="45.0129310" lon="6.6562970">
    <ele>1514.9</ele>
   </trkpt>
   <trkpt lat="45.0130000" lon="6.6562160">
    <ele>1515.2</ele>
   </trkpt>
   <trkpt lat="45.0130400" lon="6.6561850">
    <ele>1515.3</ele>
   </trkpt>
   <trkpt lat="45.0130800" lon="6.6561530">
    <ele>1515.5</ele>
   </trkpt>
   <trkpt lat="45.0131190" lon="6.6561170">
    <ele>1515.6</ele>
   </trkpt>
   <trkpt lat="45.0131580" lon="6.6560820">
    <ele>1515.8</ele>
   </trkpt>
   <trkpt lat="45.0131950" lon="6.6560500">
    <ele>1515.9</ele>
   </trkpt>
   <trkpt lat="45.0132320" lon="6.6560190">
    <ele>1516.1</ele>
   </trkpt>
   <trkpt lat="45.0132660" lon="6.6559850">
    <ele>1516.2</ele>
   </trkpt>
   <trkpt lat="45.0133040" lon="6.6559530">
    <ele>1516.4</ele>
   </trkpt>
   <trkpt lat="45.0133440" lon="6.6559220">
    <ele>1516.6</ele>
   </trkpt>
   <trkpt lat="45.0133820" lon="6.6558840">
    <ele>1516.8</ele>
   </trkpt>
   <trkpt lat="45.0134560" lon="6.6558170">
    <ele>1517.2</ele>
   </trkpt>
   <trkpt lat="45.0134930" lon="6.6557780">
    <ele>1517.4</ele>
   </trkpt>
   <trkpt lat="45.0135320" lon="6.6557380">
    <ele>1517.6</ele>
   </trkpt>
   <trkpt lat="45.0135700" lon="6.6556980">
    <ele>1517.8</ele>
   </trkpt>
   <trkpt lat="45.0136090" lon="6.6556600">
    <ele>1518.0</ele>
   </trkpt>
   <trkpt lat="45.0136470" lon="6.6556290">
    <ele>1518.2</ele>
   </trkpt>
   <trkpt lat="45.0136870" lon="6.6556050">
    <ele>1518.4</ele>
   </trkpt>
   <trkpt lat="45.0137230" lon="6.6555900">
    <ele>1518.6</ele>
   </trkpt>
   <trkpt lat="45.0137630" lon="6.6555800">
    <ele>1518.8</ele>
   </trkpt>
   <trkpt lat="45.0138070" lon="6.6555740">
    <ele>1519.0</ele>
   </trkpt>
   <trkpt lat="45.0138520" lon="6.6555720">
    <ele>1519.1</ele>
   </trkpt>
   <trkpt lat="45.0138960" lon="6.6555730">
    <ele>1519.3</ele>
   </trkpt>
   <trkpt lat="45.0139370" lon="6.6555810">
    <ele>1519.4</ele>
   </trkpt>
   <trkpt lat="45.0139770" lon="6.6555900">
    <ele>1519.5</ele>
   </trkpt>
   <trkpt lat="45.0140190" lon="6.6556010">
    <ele>1519.5</ele>
   </trkpt>
   <trkpt lat="45.0140620" lon="6.6556180">
    <ele>1519.6</ele>
   </trkpt>
   <trkpt lat="45.0141040" lon="6.6556420">
    <ele>1519.7</ele>
   </trkpt>
   <trkpt lat="45.0141480" lon="6.6556680">
    <ele>1519.7</ele>
   </trkpt>
   <trkpt lat="45.0141900" lon="6.6556960">
    <ele>1519.8</ele>
   </trkpt>
   <trkpt lat="45.0142320" lon="6.6557200">
    <ele>1519.9</ele>
   </trkpt>
   <trkpt lat="45.0142730" lon="6.6557360">
    <ele>1519.9</ele>
   </trkpt>
   <trkpt lat="45.0143140" lon="6.6557540">
    <ele>1520.0</ele>
   </trkpt>
   <trkpt lat="45.0143540" lon="6.6557700">
    <ele>1520.0</ele>
   </trkpt>
   <trkpt lat="45.0144000" lon="6.6557840">
    <ele>1520.1</ele>
   </trkpt>
   <trkpt lat="45.0144870" lon="6.6557920">
    <ele>1520.2</ele>
   </trkpt>
   <trkpt lat="45.0145370" lon="6.6557800">
    <ele>1520.3</ele>
   </trkpt>
   <trkpt lat="45.0145830" lon="6.6557630">
    <ele>1520.5</ele>
   </trkpt>
   <trkpt lat="45.0146250" lon="6.6557360">
    <ele>1520.6</ele>
   </trkpt>
   <trkpt lat="45.0146640" lon="6.6557060">
    <ele>1520.7</ele>
   </trkpt>
   <trkpt lat="45.0147010" lon="6.6556680">
    <ele>1520.8</ele>
   </trkpt>
   <trkpt lat="45.0147350" lon="6.6556250">
    <ele>1520.9</ele>
   </trkpt>
   <trkpt lat="45.0147710" lon="6.6555830">
    <ele>1521.0</ele>
   </trkpt>
   <trkpt lat="45.0148030" lon="6.6555410">
    <ele>1521.1</ele>
   </trkpt>
   <trkpt lat="45.0148370" lon="6.6554980">
    <ele>1521.2</ele>
   </trkpt>
   <trkpt lat="45.0148680" lon="6.6554500">
    <ele>1521.4</ele>
   </trkpt>
   <trkpt lat="45.0149270" lon="6.6553560">
    <ele>1521.6</ele>
   </trkpt>
   <trkpt lat="45.0149560" lon="6.6553080">
    <ele>1521.7</ele>
   </trkpt>
   <trkpt lat="45.0149860" lon="6.6552590">
    <ele>1521.8</ele>
   </trkpt>
   <trkpt lat="45.0150160" lon="6.6552120">
    <ele>1522.0</ele>
   </trkpt>
   <trkpt lat="45.0150420" lon="6.6551670">
    <ele>1522.1</ele>
   </trkpt>
   <trkpt lat="45.0150690" lon="6.6551160">
    <ele>1522.2</ele>
   </trkpt>
   <trkpt lat="45.0150980" lon="6.6550650">
    <ele>1522.3</ele>
   </trkpt>
   <trkpt lat="45.0151260" lon="6.6550110">
    <ele>1522.5</ele>
   </trkpt>
   <trkpt lat="45.0151550" lon="6.6549570">
    <ele>1522.6</ele>
   </trkpt>
   <trkpt lat="45.0151850" lon="6.6549090">
    <ele>1522.7</ele>
   </trkpt>
   <trkpt lat="45.0152160" lon="6.6548550">
    <ele>1522.8</ele>
   </trkpt>
   <trkpt lat="45.0152450" lon="6.6548010">
    <ele>1522.9</ele>
   </trkpt>
   <trkpt lat="45.0152970" lon="6.6546950">
    <ele>1523.1</ele>
   </trkpt>
   <trkpt lat="45.0153210" lon="6.6546410">
    <ele>1523.2</ele>
   </trkpt>
   <trkpt lat="45.0153450" lon="6.6545850">
    <ele>1523.4</ele>
   </trkpt>
   <trkpt lat="45.0153700" lon="6.6545280">
    <ele>1523.5</ele>
   </trkpt>
   <trkpt lat="45.0153920" lon="6.6544680">
    <ele>1523.6</ele>
   </trkpt>
   <trkpt lat="45.0154150" lon="6.6544110">
    <ele>1523.8</ele>
   </trkpt>
   <trkpt lat="45.0154420" lon="6.6543540">
    <ele>1523.9</ele>
   </trkpt>
   <trkpt lat="45.0154680" lon="6.6543000">
    <ele>1524.0</ele>
   </trkpt>
   <trkpt lat="45.0154950" lon="6.6542450">
    <ele>1524.2</ele>
   </trkpt>
   <trkpt lat="45.0155230" lon="6.6541910">
    <ele>1524.3</ele>
   </trkpt>
   <trkpt lat="45.0155500" lon="6.6541360">
    <ele>1524.4</ele>
   </trkpt>
   <trkpt lat="45.0156000" lon="6.6540340">
    <ele>1524.7</ele>
   </trkpt>
   <trkpt lat="45.0156220" lon="6.6539770">
    <ele>1524.8</ele>
   </trkpt>
   <trkpt lat="45.0156420" lon="6.6539230">
    <ele>1524.9</ele>
   </trkpt>
   <trkpt lat="45.0156670" lon="6.6538630">
    <ele>1525.0</ele>
   </trkpt>
   <trkpt lat="45.0156930" lon="6.6538100">
    <ele>1525.1</ele>
   </trkpt>
   <trkpt lat="45.0157220" lon="6.6537550">
    <ele>1525.2</ele>
   </trkpt>
   <trkpt lat="45.0157470" lon="6.6537030">
    <ele>1525.3</ele>
   </trkpt>
   <trkpt lat="45.0157740" lon="6.6536510">
    <ele>1525.4</ele>
   </trkpt>
   <trkpt lat="45.0158000" lon="6.6536000">
    <ele>1525.5</ele>
   </trkpt>
   <trkpt lat="45.0158250" lon="6.6535460">
    <ele>1525.6</ele>
   </trkpt>
   <trkpt lat="45.0158480" lon="6.6534880">
    <ele>1525.8</ele>
   </trkpt>
   <trkpt lat="45.0158940" lon="6.6533800">
    <ele>1526.0</ele>
   </trkpt>
   <trkpt lat="45.0159160" lon="6.6533250">
    <ele>1526.2</ele>
   </trkpt>
   <trkpt lat="45.0159420" lon="6.6532690">
    <ele>1526.3</ele>
   </trkpt>
   <trkpt lat="45.0159670" lon="6.6532130">
    <ele>1526.5</ele>
   </trkpt>
   <trkpt lat="45.0159920" lon="6.6531550">
    <ele>1526.6</ele>
   </trkpt>
   <trkpt lat="45.0160180" lon="6.6531020">
    <ele>1526.8</ele>
   </trkpt>
   <trkpt lat="45.0160400" lon="6.6530530">
    <ele>1526.9</ele>
   </trkpt>
   <trkpt lat="45.0160630" lon="6.6530060">
    <ele>1527.1</ele>
   </trkpt>
   <trkpt lat="45.0160820" lon="6.6529530">
    <ele>1527.3</ele>
   </trkpt>
   <trkpt lat="45.0161030" lon="6.6528990">
    <ele>1527.4</ele>
   </trkpt>
   <trkpt lat="45.0161250" lon="6.6528490">
    <ele>1527.6</ele>
   </trkpt>
   <trkpt lat="45.0161490" lon="6.6528000">
    <ele>1527.8</ele>
   </trkpt>
   <trkpt lat="45.0161920" lon="6.6526970">
    <ele>1528.2</ele>
   </trkpt>
   <trkpt lat="45.0162130" lon="6.6526470">
    <ele>1528.3</ele>
   </trkpt>
   <trkpt lat="45.0162380" lon="6.6526000">
    <ele>1528.5</ele>
   </trkpt>
   <trkpt lat="45.0162680" lon="6.6525480">
    <ele>1528.6</ele>
   </trkpt>
   <trkpt lat="45.0162970" lon="6.6525000">
    <ele>1528.8</ele>
   </trkpt>
   <trkpt lat="45.0163250" lon="6.6524550">
    <ele>1528.9</ele>
   </trkpt>
   <trkpt lat="45.0163580" lon="6.6524070">
    <ele>1529.1</ele>
   </trkpt>
   <trkpt lat="45.0163950" lon="6.6523670">
    <ele>1529.2</ele>
   </trkpt>
   <trkpt lat="45.0164320" lon="6.6523340">
    <ele>1529.4</ele>
   </trkpt>
   <trkpt lat="45.0164700" lon="6.6523000">
    <ele>1529.6</ele>
   </trkpt>
   <trkpt lat="45.0165090" lon="6.6522800">
    <ele>1529.7</ele>
   </trkpt>
   <trkpt lat="45.0165470" lon="6.6522560">
    <ele>1529.9</ele>
   </trkpt>
   <trkpt lat="45.0166220" lon="6.6522160">
    <ele>1530.2</ele>
   </trkpt>
   <trkpt lat="45.0166590" lon="6.6521960">
    <ele>1530.3</ele>
   </trkpt>
   <trkpt lat="45.0166980" lon="6.6521780">
    <ele>1530.5</ele>
   </trkpt>
   <trkpt lat="45.0167340" lon="6.6521610">
    <ele>1530.6</ele>
   </trkpt>
   <trkpt lat="45.0167720" lon="6.6521460">
    <ele>1530.8</ele>
   </trkpt>
   <trkpt lat="45.0168100" lon="6.6521230">
    <ele>1531.0</ele>
   </trkpt>
   <trkpt lat="45.0168440" lon="6.6521000">
    <ele>1531.1</ele>
   </trkpt>
   <trkpt lat="45.0168790" lon="6.6520700">
    <ele>1531.3</ele>
   </trkpt>
   <trkpt lat="45.0169130" lon="6.6520400">
    <ele>1531.5</ele>
   </trkpt>
   <trkpt lat="45.0169470" lon="6.6520120">
    <ele>1531.6</ele>
   </trkpt>
   <trkpt lat="45.0169780" lon="6.6519790">
    <ele>1531.8</ele>
   </trkpt>
   <trkpt lat="45.0170420" lon="6.6519280">
    <ele>1532.1</ele>
   </trkpt>
   <trkpt lat="45.0170690" lon="6.6518970">
    <ele>1532.3</ele>
   </trkpt>
   <trkpt lat="45.0170940" lon="6.6518650">
    <ele>1532.4</ele>
   </trkpt>
   <trkpt lat="45.0171170" lon="6.6518230">
    <ele>1532.5</ele>
   </trkpt>
   <trkpt lat="45.0171430" lon="6.6517810">
    <ele>1532.7</ele>
   </trkpt>
   <trkpt lat="45.0171650" lon="6.6517410">
    <ele>1532.8</ele>
   </trkpt>
   <trkpt lat="45.0171880" lon="6.6516990">
    <ele>1533.0</ele>
   </trkpt>
   <trkpt lat="45.0172130" lon="6.6516550">
    <ele>1533.1</ele>
   </trkpt>
   <trkpt lat="45.0172340" lon="6.6516120">
    <ele>1533.3</ele>
   </trkpt>
   <trkpt lat="45.0172550" lon="6.6515680">
    <ele>1533.4</ele>
   </trkpt>
   <trkpt lat="45.0172770" lon="6.6515250">
    <ele>1533.6</ele>
   </trkpt>
   <trkpt lat="45.0172980" lon="6.6514800">
    <ele>1533.7</ele>
   </trkpt>
   <trkpt lat="45.0173190" lon="6.6514380">
    <ele>1533.9</ele>
   </trkpt>
   <trkpt lat="45.0173420" lon="6.6513940">
    <ele>1534.0</ele>
   </trkpt>
   <trkpt lat="45.0173660" lon="6.6513490">
    <ele>1534.2</ele>
   </trkpt>
   <trkpt lat="45.0173900" lon="6.6513050">
    <ele>1534.3</ele>
   </trkpt>
   <trkpt lat="45.0174110" lon="6.6512580">
    <ele>1534.4</ele>
   </trkpt>
   <trkpt lat="45.0174340" lon="6.6512100">
    <ele>1534.6</ele>
   </trkpt>
   <trkpt lat="45.0174580" lon="6.6511620">
    <ele>1534.7</ele>
   </trkpt>
   <trkpt lat="45.0174810" lon="6.6511200">
    <ele>1534.9</ele>
   </trkpt>
   <trkpt lat="45.0175050" lon="6.6510760">
    <ele>1535.0</ele>
   </trkpt>
   <trkpt lat="45.0175250" lon="6.6510320">
    <ele>1535.2</ele>
   </trkpt>
   <trkpt lat="45.0175460" lon="6.6509790">
    <ele>1535.3</ele>
   </trkpt>
   <trkpt lat="45.0175670" lon="6.6509350">
    <ele>1535.4</ele>
   </trkpt>
   <trkpt lat="45.0176080" lon="6.6508450">
    <ele>1535.7</ele>
   </trkpt>
   <trkpt lat="45.0176250" lon="6.6508010">
    <ele>1535.9</ele>
   </trkpt>
   <trkpt lat="45.0176430" lon="6.6507580">
    <ele>1536.0</ele>
   </trkpt>
   <trkpt lat="45.0176650" lon="6.6507130">
    <ele>1536.2</ele>
   </trkpt>
   <trkpt lat="45.0176840" lon="6.6506650">
    <ele>1536.3</ele>
   </trkpt>
   <trkpt lat="45.0177020" lon="6.6506190">
    <ele>1536.5</ele>
   </trkpt>
   <trkpt lat="45.0177230" lon="6.6505760">
    <ele>1536.6</ele>
   </trkpt>
   <trkpt lat="45.0177430" lon="6.6505330">
    <ele>1536.7</ele>
   </trkpt>
   <trkpt lat="45.0177650" lon="6.6504900">
    <ele>1536.9</ele>
   </trkpt>
   <trkpt lat="45.0177840" lon="6.6504430">
    <ele>1537.1</ele>
   </trkpt>
   <trkpt lat="45.0178000" lon="6.6503950">
    <ele>1537.2</ele>
   </trkpt>
   <trkpt lat="45.0178120" lon="6.6503450">
    <ele>1537.4</ele>
   </trkpt>
   <trkpt lat="45.0178230" lon="6.6502980">
    <ele>1537.5</ele>
   </trkpt>
   <trkpt lat="45.0178340" lon="6.6502510">
    <ele>1537.7</ele>
   </trkpt>
   <trkpt lat="45.0178450" lon="6.6502030">
    <ele>1537.8</ele>
   </trkpt>
   <trkpt lat="45.0178530" lon="6.6501530">
    <ele>1538.0</ele>
   </trkpt>
   <trkpt lat="45.0178610" lon="6.6501020">
    <ele>1538.1</ele>
   </trkpt>
   <trkpt lat="45.0178660" lon="6.6500480">
    <ele>1538.3</ele>
   </trkpt>
   <trkpt lat="45.0178680" lon="6.6499990">
    <ele>1538.4</ele>
   </trkpt>
   <trkpt lat="45.0178700" lon="6.6499460">
    <ele>1538.6</ele>
   </trkpt>
   <trkpt lat="45.0178720" lon="6.6498920">
    <ele>1538.7</ele>
   </trkpt>
   <trkpt lat="45.0178780" lon="6.6498380">
    <ele>1538.9</ele>
   </trkpt>
   <trkpt lat="45.0178810" lon="6.6497810">
    <ele>1539.0</ele>
   </trkpt>
   <trkpt lat="45.0178800" lon="6.6497300">
    <ele>1539.2</ele>
   </trkpt>
   <trkpt lat="45.0178810" lon="6.6496810">
    <ele>1539.3</ele>
   </trkpt>
   <trkpt lat="45.0178820" lon="6.6496270">
    <ele>1539.5</ele>
   </trkpt>
   <trkpt lat="45.0178850" lon="6.6495780">
    <ele>1539.6</ele>
   </trkpt>
   <trkpt lat="45.0178840" lon="6.6495230">
    <ele>1539.8</ele>
   </trkpt>
   <trkpt lat="45.0178820" lon="6.6494680">
    <ele>1540.0</ele>
   </trkpt>
   <trkpt lat="45.0178790" lon="6.6494120">
    <ele>1540.2</ele>
   </trkpt>
   <trkpt lat="45.0178790" lon="6.6493570">
    <ele>1540.3</ele>
   </trkpt>
   <trkpt lat="45.0178810" lon="6.6493050">
    <ele>1540.5</ele>
   </trkpt>
   <trkpt lat="45.0178840" lon="6.6492530">
    <ele>1540.6</ele>
   </trkpt>
   <trkpt lat="45.0178910" lon="6.6492040">
    <ele>1540.8</ele>
   </trkpt>
   <trkpt lat="45.0178960" lon="6.6491540">
    <ele>1540.9</ele>
   </trkpt>
   <trkpt lat="45.0179000" lon="6.6491020">
    <ele>1541.1</ele>
   </trkpt>
   <trkpt lat="45.0179060" lon="6.6490490">
    <ele>1541.2</ele>
   </trkpt>
   <trkpt lat="45.0179100" lon="6.6489960">
    <ele>1541.3</ele>
   </trkpt>
   <trkpt lat="45.0179160" lon="6.6489470">
    <ele>1541.5</ele>
   </trkpt>
   <trkpt lat="45.0179220" lon="6.6489010">
    <ele>1541.6</ele>
   </trkpt>
   <trkpt lat="45.0179330" lon="6.6488550">
    <ele>1541.7</ele>
   </trkpt>
   <trkpt lat="45.0179410" lon="6.6488080">
    <ele>1541.9</ele>
   </trkpt>
   <trkpt lat="45.0179480" lon="6.6487560">
    <ele>1542.0</ele>
   </trkpt>
   <trkpt lat="45.0179550" lon="6.6487050">
    <ele>1542.2</ele>
   </trkpt>
   <trkpt lat="45.0179630" lon="6.6486510">
    <ele>1542.4</ele>
   </trkpt>
   <trkpt lat="45.0179690" lon="6.6485990">
    <ele>1542.5</ele>
   </trkpt>
   <trkpt lat="45.0179760" lon="6.6485460">
    <ele>1542.7</ele>
   </trkpt>
   <trkpt lat="45.0179810" lon="6.6484950">
    <ele>1542.9</ele>
   </trkpt>
   <trkpt lat="45.0179880" lon="6.6484450">
    <ele>1543.0</ele>
   </trkpt>
   <trkpt lat="45.0180030" lon="6.6483390">
    <ele>1543.4</ele>
   </trkpt>
   <trkpt lat="45.0180130" lon="6.6482890">
    <ele>1543.5</ele>
   </trkpt>
   <trkpt lat="45.0180260" lon="6.6482370">
    <ele>1543.7</ele>
   </trkpt>
   <trkpt lat="45.0180350" lon="6.6481830">
    <ele>1543.9</ele>
   </trkpt>
   <trkpt lat="45.0180440" lon="6.6481310">
    <ele>1544.0</ele>
   </trkpt>
   <trkpt lat="45.0180530" lon="6.6480790">
    <ele>1544.2</ele>
   </trkpt>
   <trkpt lat="45.0180640" lon="6.6480260">
    <ele>1544.3</ele>
   </trkpt>
   <trkpt lat="45.0180770" lon="6.6479760">
    <ele>1544.5</ele>
   </trkpt>
   <trkpt lat="45.0180860" lon="6.6479270">
    <ele>1544.6</ele>
   </trkpt>
   <trkpt lat="45.0180970" lon="6.6478770">
    <ele>1544.8</ele>
   </trkpt>
   <trkpt lat="45.0181080" lon="6.6478240">
    <ele>1545.0</ele>
   </trkpt>
   <trkpt lat="45.0181220" lon="6.6477220">
    <ele>1545.3</ele>
   </trkpt>
   <trkpt lat="45.0181280" lon="6.6476710">
    <ele>1545.4</ele>
   </trkpt>
   <trkpt lat="45.0181300" lon="6.6476170">
    <ele>1545.6</ele>
   </trkpt>
   <trkpt lat="45.0181290" lon="6.6475650">
    <ele>1545.8</ele>
   </trkpt>
   <trkpt lat="45.0181270" lon="6.6475120">
    <ele>1546.0</ele>
   </trkpt>
   <trkpt lat="45.0181240" lon="6.6474570">
    <ele>1546.1</ele>
   </trkpt>
   <trkpt lat="45.0181160" lon="6.6474040">
    <ele>1546.3</ele>
   </trkpt>
   <trkpt lat="45.0181060" lon="6.6473510">
    <ele>1546.5</ele>
   </trkpt>
   <trkpt lat="45.0180980" lon="6.6472940">
    <ele>1546.7</ele>
   </trkpt>
   <trkpt lat="45.0180910" lon="6.6472410">
    <ele>1546.9</ele>
   </trkpt>
   <trkpt lat="45.0180760" lon="6.6471890">
    <ele>1547.1</ele>
   </trkpt>
   <trkpt lat="45.0180430" lon="6.6470900">
    <ele>1547.4</ele>
   </trkpt>
   <trkpt lat="45.0180300" lon="6.6470380">
    <ele>1547.6</ele>
   </trkpt>
   <trkpt lat="45.0180140" lon="6.6469880">
    <ele>1547.7</ele>
   </trkpt>
   <trkpt lat="45.0179980" lon="6.6469360">
    <ele>1547.9</ele>
   </trkpt>
   <trkpt lat="45.0179900" lon="6.6468860">
    <ele>1548.0</ele>
   </trkpt>
   <trkpt lat="45.0179800" lon="6.6468340">
    <ele>1548.2</ele>
   </trkpt>
   <trkpt lat="45.0179730" lon="6.6467840">
    <ele>1548.3</ele>
   </trkpt>
   <trkpt lat="45.0179650" lon="6.6467310">
    <ele>1548.5</ele>
   </trkpt>
   <trkpt lat="45.0179570" lon="6.6466770">
    <ele>1548.7</ele>
   </trkpt>
   <trkpt lat="45.0179490" lon="6.6466220">
    <ele>1548.8</ele>
   </trkpt>
   <trkpt lat="45.0179400" lon="6.6465660">
    <ele>1549.0</ele>
   </trkpt>
   <trkpt lat="45.0179280" lon="6.6465090">
    <ele>1549.2</ele>
   </trkpt>
   <trkpt lat="45.0179110" lon="6.6464070">
    <ele>1549.5</ele>
   </trkpt>
   <trkpt lat="45.0179050" lon="6.6463530">
    <ele>1549.6</ele>
   </trkpt>
   <trkpt lat="45.0178990" lon="6.6463020">
    <ele>1549.8</ele>
   </trkpt>
   <trkpt lat="45.0178900" lon="6.6462570">
    <ele>1549.9</ele>
   </trkpt>
   <trkpt lat="45.0178830" lon="6.6462100">
    <ele>1550.1</ele>
   </trkpt>
   <trkpt lat="45.0178780" lon="6.6461600">
    <ele>1550.2</ele>
   </trkpt>
   <trkpt lat="45.0178740" lon="6.6461080">
    <ele>1550.4</ele>
   </trkpt>
   <trkpt lat="45.0178730" lon="6.6460580">
    <ele>1550.5</ele>
   </trkpt>
   <trkpt lat="45.0178670" lon="6.6460070">
    <ele>1550.7</ele>
   </trkpt>
   <trkpt lat="45.0178730" lon="6.6459570">
    <ele>1550.8</ele>
   </trkpt>
   <trkpt lat="45.0178800" lon="6.6459110">
    <ele>1550.9</ele>
   </trkpt>
   <trkpt lat="45.0178850" lon="6.6458590">
    <ele>1551.1</ele>
   </trkpt>
   <trkpt lat="45.0178970" lon="6.6457680">
    <ele>1551.4</ele>
   </trkpt>
   <trkpt lat="45.0179050" lon="6.6457180">
    <ele>1551.6</ele>
   </trkpt>
   <trkpt lat="45.0179110" lon="6.6456640">
    <ele>1551.7</ele>
   </trkpt>
   <trkpt lat="45.0179150" lon="6.6456070">
    <ele>1551.9</ele>
   </trkpt>
   <trkpt lat="45.0179170" lon="6.6455530">
    <ele>1552.1</ele>
   </trkpt>
   <trkpt lat="45.0179190" lon="6.6455010">
    <ele>1552.3</ele>
   </trkpt>
   <trkpt lat="45.0179230" lon="6.6454480">
    <ele>1552.5</ele>
   </trkpt>
   <trkpt lat="45.0179180" lon="6.6453950">
    <ele>1552.6</ele>
   </trkpt>
   <trkpt lat="45.0179090" lon="6.6453430">
    <ele>1552.8</ele>
   </trkpt>
   <trkpt lat="45.0179020" lon="6.6452970">
    <ele>1553.0</ele>
   </trkpt>
   <trkpt lat="45.0178940" lon="6.6452480">
    <ele>1553.1</ele>
   </trkpt>
   <trkpt lat="45.0178790" lon="6.6451970">
    <ele>1553.3</ele>
   </trkpt>
   <trkpt lat="45.0178480" lon="6.6451010">
    <ele>1553.6</ele>
   </trkpt>
   <trkpt lat="45.0178320" lon="6.6450510">
    <ele>1553.7</ele>
   </trkpt>
   <trkpt lat="45.0178170" lon="6.6450000">
    <ele>1553.9</ele>
   </trkpt>
   <trkpt lat="45.0178030" lon="6.6449520">
    <ele>1554.0</ele>
   </trkpt>
   <trkpt lat="45.0177870" lon="6.6449090">
    <ele>1554.2</ele>
   </trkpt>
   <trkpt lat="45.0177730" lon="6.6448660">
    <ele>1554.3</ele>
   </trkpt>
   <trkpt lat="45.0177570" lon="6.6448220">
    <ele>1554.5</ele>
   </trkpt>
   <trkpt lat="45.0177410" lon="6.6447750">
    <ele>1554.6</ele>
   </trkpt>
   <trkpt lat="45.0177250" lon="6.6447220">
    <ele>1554.8</ele>
   </trkpt>
   <trkpt lat="45.0177150" lon="6.6446700">
    <ele>1555.0</ele>
   </trkpt>
   <trkpt lat="45.0177050" lon="6.6446180">
    <ele>1555.1</ele>
   </trkpt>
   <trkpt lat="45.0176920" lon="6.6445680">
    <ele>1555.3</ele>
   </trkpt>
   <trkpt lat="45.0176770" lon="6.6445180">
    <ele>1555.5</ele>
   </trkpt>
   <trkpt lat="45.0176610" lon="6.6444680">
    <ele>1555.6</ele>
   </trkpt>
   <trkpt lat="45.0176470" lon="6.6444260">
    <ele>1555.8</ele>
   </trkpt>
   <trkpt lat="45.0176300" lon="6.6443820">
    <ele>1555.9</ele>
   </trkpt>
   <trkpt lat="45.0176130" lon="6.6443370">
    <ele>1556.1</ele>
   </trkpt>
   <trkpt lat="45.0175980" lon="6.6442890">
    <ele>1556.2</ele>
   </trkpt>
   <trkpt lat="45.0175840" lon="6.6442380">
    <ele>1556.4</ele>
   </trkpt>
   <trkpt lat="45.0175720" lon="6.6441900">
    <ele>1556.6</ele>
   </trkpt>
   <trkpt lat="45.0175610" lon="6.6441410">
    <ele>1556.7</ele>
   </trkpt>
   <trkpt lat="45.0175490" lon="6.6440910">
    <ele>1556.9</ele>
   </trkpt>
   <trkpt lat="45.0175340" lon="6.6440460">
    <ele>1557.0</ele>
   </trkpt>
   <trkpt lat="45.0175210" lon="6.6439970">
    <ele>1557.2</ele>
   </trkpt>
   <trkpt lat="45.0174930" lon="6.6439120">
    <ele>1557.5</ele>
   </trkpt>
   <trkpt lat="45.0174800" lon="6.6438660">
    <ele>1557.6</ele>
   </trkpt>
   <trkpt lat="45.0174660" lon="6.6438170">
    <ele>1557.8</ele>
   </trkpt>
   <trkpt lat="45.0174500" lon="6.6437680">
    <ele>1557.9</ele>
   </trkpt>
   <trkpt lat="45.0174350" lon="6.6437140">
    <ele>1558.1</ele>
   </trkpt>
   <trkpt lat="45.0174190" lon="6.6436650">
    <ele>1558.2</ele>
   </trkpt>
   <trkpt lat="45.0174060" lon="6.6436180">
    <ele>1558.4</ele>
   </trkpt>
   <trkpt lat="45.0173970" lon="6.6435710">
    <ele>1558.5</ele>
   </trkpt>
   <trkpt lat="45.0173910" lon="6.6435230">
    <ele>1558.7</ele>
   </trkpt>
   <trkpt lat="45.0173840" lon="6.6434750">
    <ele>1558.8</ele>
   </trkpt>
   <trkpt lat="45.0173790" lon="6.6434240">
    <ele>1559.0</ele>
   </trkpt>
   <trkpt lat="45.0173760" lon="6.6433740">
    <ele>1559.1</ele>
   </trkpt>
   <trkpt lat="45.0173740" lon="6.6433230">
    <ele>1559.3</ele>
   </trkpt>
   <trkpt lat="45.0173730" lon="6.6432730">
    <ele>1559.4</ele>
   </trkpt>
   <trkpt lat="45.0173720" lon="6.6432290">
    <ele>1559.6</ele>
   </trkpt>
   <trkpt lat="45.0173680" lon="6.6431790">
    <ele>1559.7</ele>
   </trkpt>
   <trkpt lat="45.0173660" lon="6.6431290">
    <ele>1559.9</ele>
   </trkpt>
   <trkpt lat="45.0173680" lon="6.6430800">
    <ele>1560.0</ele>
   </trkpt>
   <trkpt lat="45.0173680" lon="6.6430310">
    <ele>1560.2</ele>
   </trkpt>
   <trkpt lat="45.0173680" lon="6.6429830">
    <ele>1560.3</ele>
   </trkpt>
   <trkpt lat="45.0173700" lon="6.6429300">
    <ele>1560.5</ele>
   </trkpt>
   <trkpt lat="45.0173700" lon="6.6428800">
    <ele>1560.6</ele>
   </trkpt>
   <trkpt lat="45.0173720" lon="6.6428290">
    <ele>1560.8</ele>
   </trkpt>
   <trkpt lat="45.0173730" lon="6.6427770">
    <ele>1561.0</ele>
   </trkpt>
   <trkpt lat="45.0173740" lon="6.6427220">
    <ele>1561.1</ele>
   </trkpt>
   <trkpt lat="45.0173700" lon="6.6426230">
    <ele>1561.4</ele>
   </trkpt>
   <trkpt lat="45.0173670" lon="6.6425700">
    <ele>1561.6</ele>
   </trkpt>
   <trkpt lat="45.0173640" lon="6.6425190">
    <ele>1561.7</ele>
   </trkpt>
   <trkpt lat="45.0173600" lon="6.6424680">
    <ele>1561.9</ele>
   </trkpt>
   <trkpt lat="45.0173560" lon="6.6424170">
    <ele>1562.0</ele>
   </trkpt>
   <trkpt lat="45.0173480" lon="6.6423670">
    <ele>1562.2</ele>
   </trkpt>
   <trkpt lat="45.0173400" lon="6.6423170">
    <ele>1562.3</ele>
   </trkpt>
   <trkpt lat="45.0173300" lon="6.6422680">
    <ele>1562.5</ele>
   </trkpt>
   <trkpt lat="45.0173170" lon="6.6422200">
    <ele>1562.6</ele>
   </trkpt>
   <trkpt lat="45.0173040" lon="6.6421720">
    <ele>1562.8</ele>
   </trkpt>
   <trkpt lat="45.0172930" lon="6.6421250">
    <ele>1562.9</ele>
   </trkpt>
   <trkpt lat="45.0172850" lon="6.6420770">
    <ele>1563.1</ele>
   </trkpt>
   <trkpt lat="45.0172740" lon="6.6420230">
    <ele>1563.3</ele>
   </trkpt>
   <trkpt lat="45.0172650" lon="6.6419230">
    <ele>1563.6</ele>
   </trkpt>
   <trkpt lat="45.0172640" lon="6.6418720">
    <ele>1563.8</ele>
   </trkpt>
   <trkpt lat="45.0172660" lon="6.6418200">
    <ele>1564.0</ele>
   </trkpt>
   <trkpt lat="45.0172700" lon="6.6417720">
    <ele>1564.2</ele>
   </trkpt>
   <trkpt lat="45.0172790" lon="6.6417250">
    <ele>1564.3</ele>
   </trkpt>
   <trkpt lat="45.0172890" lon="6.6416770">
    <ele>1564.5</ele>
   </trkpt>
   <trkpt lat="45.0173000" lon="6.6416350">
    <ele>1564.7</ele>
   </trkpt>
   <trkpt lat="45.0173110" lon="6.6415910">
    <ele>1564.8</ele>
   </trkpt>
   <trkpt lat="45.0173210" lon="6.6415440">
    <ele>1565.0</ele>
   </trkpt>
   <trkpt lat="45.0173340" lon="6.6415000">
    <ele>1565.2</ele>
   </trkpt>
   <trkpt lat="45.0173490" lon="6.6414550">
    <ele>1565.4</ele>
   </trkpt>
   <trkpt lat="45.0173740" lon="6.6413690">
    <ele>1565.7</ele>
   </trkpt>
   <trkpt lat="45.0173830" lon="6.6413260">
    <ele>1565.8</ele>
   </trkpt>
   <trkpt lat="45.0173880" lon="6.6412770">
    <ele>1566.0</ele>
   </trkpt>
   <trkpt lat="45.0173920" lon="6.6412320">
    <ele>1566.1</ele>
   </trkpt>
   <trkpt lat="45.0173950" lon="6.6411870">
    <ele>1566.3</ele>
   </trkpt>
   <trkpt lat="45.0173940" lon="6.6411350">
    <ele>1566.4</ele>
   </trkpt>
   <trkpt lat="45.0173890" lon="6.6410820">
    <ele>1566.6</ele>
   </trkpt>
   <trkpt lat="45.0173840" lon="6.6410320">
    <ele>1566.8</ele>
   </trkpt>
   <trkpt lat="45.0173770" lon="6.6409830">
    <ele>1566.9</ele>
   </trkpt>
   <trkpt lat="45.0173670" lon="6.6409320">
    <ele>1567.1</ele>
   </trkpt>
   <trkpt lat="45.0173410" lon="6.6408440">
    <ele>1567.4</ele>
   </trkpt>
   <trkpt lat="45.0173240" lon="6.6408000">
    <ele>1567.6</ele>
   </trkpt>
   <trkpt lat="45.0172860" lon="6.6407130">
    <ele>1567.9</ele>
   </trkpt>
   <trkpt lat="45.0172650" lon="6.6406700">
    <ele>1568.1</ele>
   </trkpt>
   <trkpt lat="45.0172400" lon="6.6406330">
    <ele>1568.2</ele>
   </trkpt>
   <trkpt lat="45.0172140" lon="6.6405970">
    <ele>1568.4</ele>
   </trkpt>
   <trkpt lat="45.0171930" lon="6.6405560">
    <ele>1568.6</ele>
   </trkpt>
   <trkpt lat="45.0171730" lon="6.6405160">
    <ele>1568.7</ele>
   </trkpt>
   <trkpt lat="45.0171530" lon="6.6404790">
    <ele>1568.8</ele>
   </trkpt>
   <trkpt lat="45.0171330" lon="6.6404400">
    <ele>1569.0</ele>
   </trkpt>
   <trkpt lat="45.0171080" lon="6.6404060">
    <ele>1569.1</ele>
   </trkpt>
   <trkpt lat="45.0170870" lon="6.6403720">
    <ele>1569.2</ele>
   </trkpt>
   <trkpt lat="45.0170690" lon="6.6403350">
    <ele>1569.4</ele>
   </trkpt>
   <trkpt lat="45.0170280" lon="6.6402590">
    <ele>1569.6</ele>
   </trkpt>
   <trkpt lat="45.0170070" lon="6.6402200">
    <ele>1569.8</ele>
   </trkpt>
   <trkpt lat="45.0169860" lon="6.6401780">
    <ele>1569.9</ele>
   </trkpt>
   <trkpt lat="45.0169650" lon="6.6401350">
    <ele>1570.1</ele>
   </trkpt>
   <trkpt lat="45.0169460" lon="6.6400950">
    <ele>1570.2</ele>
   </trkpt>
   <trkpt lat="45.0169230" lon="6.6400580">
    <ele>1570.4</ele>
   </trkpt>
   <trkpt lat="45.0169020" lon="6.6400190">
    <ele>1570.6</ele>
   </trkpt>
   <trkpt lat="45.0168800" lon="6.6399780">
    <ele>1570.7</ele>
   </trkpt>
   <trkpt lat="45.0168610" lon="6.6399370">
    <ele>1570.9</ele>
   </trkpt>
   <trkpt lat="45.0168410" lon="6.6398990">
    <ele>1571.0</ele>
   </trkpt>
   <trkpt lat="45.0168210" lon="6.6398610">
    <ele>1571.2</ele>
   </trkpt>
   <trkpt lat="45.0167990" lon="6.6398230">
    <ele>1571.4</ele>
   </trkpt>
   <trkpt lat="45.0167770" lon="6.6397840">
    <ele>1571.5</ele>
   </trkpt>
   <trkpt lat="45.0167540" lon="6.6397440">
    <ele>1571.7</ele>
   </trkpt>
   <trkpt lat="45.0167300" lon="6.6397040">
    <ele>1571.8</ele>
   </trkpt>
   <trkpt lat="45.0167070" lon="6.6396630">
    <ele>1572.0</ele>
   </trkpt>
   <trkpt lat="45.0166870" lon="6.6396220">
    <ele>1572.1</ele>
   </trkpt>
   <trkpt lat="45.0166680" lon="6.6395810">
    <ele>1572.3</ele>
   </trkpt>
   <trkpt lat="45.0166510" lon="6.6395390">
    <ele>1572.4</ele>
   </trkpt>
   <trkpt lat="45.0166330" lon="6.6394970">
    <ele>1572.6</ele>
   </trkpt>
   <trkpt lat="45.0166150" lon="6.6394590">
    <ele>1572.7</ele>
   </trkpt>
   <trkpt lat="45.0166000" lon="6.6394150">
    <ele>1572.9</ele>
   </trkpt>
   <trkpt lat="45.0165840" lon="6.6393690">
    <ele>1573.1</ele>
   </trkpt>
   <trkpt lat="45.0165690" lon="6.6393200">
    <ele>1573.3</ele>
   </trkpt>
   <trkpt lat="45.0165520" lon="6.6392760">
    <ele>1573.4</ele>
   </trkpt>
   <trkpt lat="45.0165350" lon="6.6392250">
    <ele>1573.6</ele>
   </trkpt>
   <trkpt lat="45.0165250" lon="6.6391760">
    <ele>1573.8</ele>
   </trkpt>
   <trkpt lat="45.0165150" lon="6.6391310">
    <ele>1573.9</ele>
   </trkpt>
   <trkpt lat="45.0165030" lon="6.6390740">
    <ele>1574.1</ele>
   </trkpt>
   <trkpt lat="45.0164950" lon="6.6390230">
    <ele>1574.3</ele>
   </trkpt>
   <trkpt lat="45.0164890" lon="6.6389730">
    <ele>1574.5</ele>
   </trkpt>
   <trkpt lat="45.0164860" lon="6.6389200">
    <ele>1574.6</ele>
   </trkpt>
   <trkpt lat="45.0164820" lon="6.6388690">
    <ele>1574.8</ele>
   </trkpt>
   <trkpt lat="45.0164770" lon="6.6388210">
    <ele>1574.9</ele>
   </trkpt>
   <trkpt lat="45.0164750" lon="6.6387740">
    <ele>1575.1</ele>
   </trkpt>
   <trkpt lat="45.0164740" lon="6.6387240">
    <ele>1575.2</ele>
   </trkpt>
   <trkpt lat="45.0164760" lon="6.6386320">
    <ele>1575.6</ele>
   </trkpt>
   <trkpt lat="45.0164760" lon="6.6385810">
    <ele>1575.7</ele>
   </trkpt>
   <trkpt lat="45.0164780" lon="6.6385330">
    <ele>1575.9</ele>
   </trkpt>
   <trkpt lat="45.0164790" lon="6.6384830">
    <ele>1576.1</ele>
   </trkpt>
   <trkpt lat="45.0164800" lon="6.6384340">
    <ele>1576.3</ele>
   </trkpt>
   <trkpt lat="45.0164800" lon="6.6383840">
    <ele>1576.4</ele>
   </trkpt>
   <trkpt lat="45.0164800" lon="6.6383360">
    <ele>1576.6</ele>
   </trkpt>
   <trkpt lat="45.0164800" lon="6.6382880">
    <ele>1576.8</ele>
   </trkpt>
   <trkpt lat="45.0164810" lon="6.6382390">
    <ele>1577.0</ele>
   </trkpt>
   <trkpt lat="45.0164850" lon="6.6381890">
    <ele>1577.2</ele>
   </trkpt>
   <trkpt lat="45.0164920" lon="6.6381390">
    <ele>1577.4</ele>
   </trkpt>
   <trkpt lat="45.0164960" lon="6.6380870">
    <ele>1577.6</ele>
   </trkpt>
   <trkpt lat="45.0165030" lon="6.6380320">
    <ele>1577.8</ele>
   </trkpt>
   <trkpt lat="45.0165090" lon="6.6379800">
    <ele>1578.0</ele>
   </trkpt>
   <trkpt lat="45.0165120" lon="6.6379270">
    <ele>1578.1</ele>
   </trkpt>
   <trkpt lat="45.0165180" lon="6.6378760">
    <ele>1578.3</ele>
   </trkpt>
   <trkpt lat="45.0165270" lon="6.6378280">
    <ele>1578.5</ele>
   </trkpt>
   <trkpt lat="45.0165330" lon="6.6377760">
    <ele>1578.6</ele>
   </trkpt>
   <trkpt lat="45.0165390" lon="6.6377280">
    <ele>1578.8</ele>
   </trkpt>
   <trkpt lat="45.0165470" lon="6.6376750">
    <ele>1579.0</ele>
   </trkpt>
   <trkpt lat="45.0165530" lon="6.6376220">
    <ele>1579.1</ele>
   </trkpt>
   <trkpt lat="45.0165600" lon="6.6375700">
    <ele>1579.3</ele>
   </trkpt>
   <trkpt lat="45.0165690" lon="6.6375170">
    <ele>1579.5</ele>
   </trkpt>
   <trkpt lat="45.0165740" lon="6.6374670">
    <ele>1579.7</ele>
   </trkpt>
   <trkpt lat="45.0165800" lon="6.6374240">
    <ele>1579.9</ele>
   </trkpt>
   <trkpt lat="45.0165910" lon="6.6373770">
    <ele>1580.1</ele>
   </trkpt>
   <trkpt lat="45.0166010" lon="6.6373280">
    <ele>1580.3</ele>
   </trkpt>
   <trkpt lat="45.0166090" lon="6.6372770">
    <ele>1580.5</ele>
   </trkpt>
   <trkpt lat="45.0166180" lon="6.6372270">
    <ele>1580.7</ele>
   </trkpt>
   <trkpt lat="45.0166280" lon="6.6371770">
    <ele>1580.9</ele>
   </trkpt>
   <trkpt lat="45.0166400" lon="6.6371300">
    <ele>1581.1</ele>
   </trkpt>
   <trkpt lat="45.0166520" lon="6.6370830">
    <ele>1581.3</ele>
   </trkpt>
   <trkpt lat="45.0166640" lon="6.6370360">
    <ele>1581.5</ele>
   </trkpt>
   <trkpt lat="45.0166770" lon="6.6369900">
    <ele>1581.7</ele>
   </trkpt>
   <trkpt lat="45.0166890" lon="6.6369380">
    <ele>1581.9</ele>
   </trkpt>
   <trkpt lat="45.0166990" lon="6.6368900">
    <ele>1582.1</ele>
   </trkpt>
   <trkpt lat="45.0167090" lon="6.6368450">
    <ele>1582.3</ele>
   </trkpt>
   <trkpt lat="45.0167220" lon="6.6368030">
    <ele>1582.5</ele>
   </trkpt>
   <trkpt lat="45.0167320" lon="6.6367590">
    <ele>1582.6</ele>
   </trkpt>
   <trkpt lat="45.0167410" lon="6.6367180">
    <ele>1582.8</ele>
   </trkpt>
   <trkpt lat="45.0167470" lon="6.6366800">
    <ele>1583.0</ele>
   </trkpt>
   <trkpt lat="45.0167540" lon="6.6366270">
    <ele>1583.2</ele>
   </trkpt>
   <trkpt lat="45.0167570" lon="6.6366100">
    <ele>1583.3</ele>
   </trkpt>
   <trkpt lat="45.0167610" lon="6.6365800">
    <ele>1583.4</ele>
   </trkpt>
   <trkpt lat="45.0167760" lon="6.6365300">
    <ele>1583.6</ele>
   </trkpt>
   <trkpt lat="45.0167830" lon="6.6365110">
    <ele>1583.7</ele>
   </trkpt>
   <trkpt lat="45.0167970" lon="6.6365020">
    <ele>1583.8</ele>
   </trkpt>
   <trkpt lat="45.0168070" lon="6.6365040">
    <ele>1583.9</ele>
   </trkpt>
   <trkpt lat="45.0168040" lon="6.6365010">
    <ele>1583.9</ele>
   </trkpt>
   <trkpt lat="45.0168050" lon="6.6365040">
    <ele>1583.9</ele>
   </trkpt>
   <trkpt lat="45.0168060" lon="6.6365000">
    <ele>1583.9</ele>
   </trkpt>
   <trkpt lat="45.0168110" lon="6.6364970">
    <ele>1584.0</ele>
   </trkpt>
   <trkpt lat="45.0168220" lon="6.6364930">
    <ele>1584.1</ele>
   </trkpt>
   <trkpt lat="45.0168270" lon="6.6364940">
    <ele>1584.1</ele>
   </trkpt>
   <trkpt lat="45.0168270" lon="6.6364990">
    <ele>1584.1</ele>
   </trkpt>
   <trkpt lat="45.0168270" lon="6.6365040">
    <ele>1584.1</ele>
   </trkpt>
   <trkpt lat="45.0168270" lon="6.6365100">
    <ele>1584.2</ele>
   </trkpt>
   <trkpt lat="45.0168270" lon="6.6365160">
    <ele>1584.2</ele>
   </trkpt>
   <trkpt lat="45.0168270" lon="6.6365220">
    <ele>1584.2</ele>
   </trkpt>
   <trkpt lat="45.0168280" lon="6.6365270">
    <ele>1584.2</ele>
   </trkpt>
   <trkpt lat="45.0168280" lon="6.6365330">
    <ele>1584.3</ele>
   </trkpt>
   <trkpt lat="45.0168280" lon="6.6365390">
    <ele>1584.3</ele>
   </trkpt>
   <trkpt lat="45.0168280" lon="6.6365450">
    <ele>1584.3</ele>
   </trkpt>
   <trkpt lat="45.0168280" lon="6.6365500">
    <ele>1584.3</ele>
   </trkpt>
   <trkpt lat="45.0168280" lon="6.6365560">
    <ele>1584.4</ele>
   </trkpt>
   <trkpt lat="45.0168210" lon="6.6365690">
    <ele>1584.4</ele>
   </trkpt>
   <trkpt lat="45.0168240" lon="6.6365730">
    <ele>1584.4</ele>
   </trkpt>
   <trkpt lat="45.0168230" lon="6.6365880">
    <ele>1584.5</ele>
   </trkpt>
   <trkpt lat="45.0168240" lon="6.6365930">
    <ele>1584.5</ele>
   </trkpt>
   <trkpt lat="45.0168170" lon="6.6365910">
    <ele>1584.6</ele>
   </trkpt>
   <trkpt lat="45.0168150" lon="6.6365900">
    <ele>1584.6</ele>
   </trkpt>
   <trkpt lat="45.0168150" lon="6.6365890">
    <ele>1584.6</ele>
   </trkpt>
   <trkpt lat="45.0168150" lon="6.6365890">
    <ele>1584.6</ele>
   </trkpt>
   <trkpt lat="45.0168150" lon="6.6365890">
    <ele>1584.6</ele>
   </trkpt>
   <trkpt lat="45.0168150" lon="6.6365890">
    <ele>1584.6</ele>
   </trkpt>
   <trkpt lat="45.0168150" lon="6.6365890">
    <ele>1584.6</ele>
   </trkpt>
   <trkpt lat="45.0168150" lon="6.6365890">
    <ele>1584.6</ele>
   </trkpt>
   <trkpt lat="45.0167880" lon="6.6365730">
    <ele>1584.8</ele>
   </trkpt>
   <trkpt lat="45.0167890" lon="6.6365680">
    <ele>1584.8</ele>
   </trkpt>
   <trkpt lat="45.0167850" lon="6.6365690">
    <ele>1584.8</ele>
   </trkpt>
   <trkpt lat="45.0167770" lon="6.6365550">
    <ele>1584.9</ele>
   </trkpt>
   <trkpt lat="45.0167910" lon="6.6365410">
    <ele>1585.0</ele>
   </trkpt>
   <trkpt lat="45.0167720" lon="6.6365350">
    <ele>1585.1</ele>
   </trkpt>
   <trkpt lat="45.0167690" lon="6.6365330">
    <ele>1585.1</ele>
   </trkpt>
   <trkpt lat="45.0167680" lon="6.6365330">
    <ele>1585.2</ele>
   </trkpt>
   <trkpt lat="45.0167630" lon="6.6365390">
    <ele>1585.2</ele>
   </trkpt>
   <trkpt lat="45.0167640" lon="6.6365520">
    <ele>1585.3</ele>
   </trkpt>
   <trkpt lat="45.0167630" lon="6.6365620">
    <ele>1585.3</ele>
   </trkpt>
   <trkpt lat="45.0167610" lon="6.6365700">
    <ele>1585.3</ele>
   </trkpt>
   <trkpt lat="45.0167610" lon="6.6365720">
    <ele>1585.3</ele>
   </trkpt>
   <trkpt lat="45.0167620" lon="6.6365670">
    <ele>1585.4</ele>
   </trkpt>
   <trkpt lat="45.0167590" lon="6.6365580">
    <ele>1585.4</ele>
   </trkpt>
   <trkpt lat="45.0167560" lon="6.6365490">
    <ele>1585.5</ele>
   </trkpt>
   <trkpt lat="45.0167520" lon="6.6365410">
    <ele>1585.5</ele>
   </trkpt>
   <trkpt lat="45.0167500" lon="6.6365390">
    <ele>1585.5</ele>
   </trkpt>
   <trkpt lat="45.0167540" lon="6.6365410">
    <ele>1585.5</ele>
   </trkpt>
   <trkpt lat="45.0167540" lon="6.6365380">
    <ele>1585.5</ele>
   </trkpt>
   <trkpt lat="45.0167550" lon="6.6365370">
    <ele>1585.5</ele>
   </trkpt>
   <trkpt lat="45.0167520" lon="6.6365330">
    <ele>1585.5</ele>
   </trkpt>
   <trkpt lat="45.0167500" lon="6.6365340">
    <ele>1585.5</ele>
   </trkpt>
   <trkpt lat="45.0167500" lon="6.6365330">
    <ele>1585.5</ele>
   </trkpt>
   <trkpt lat="45.0167490" lon="6.6365320">
    <ele>1585.5</ele>
   </trkpt>
   <trkpt lat="45.0167500" lon="6.6365320">
    <ele>1585.5</ele>
   </trkpt>
   <trkpt lat="45.0167530" lon="6.6365340">
    <ele>1585.5</ele>
   </trkpt>
   <trkpt lat="45.0167680" lon="6.6365290">
    <ele>1585.5</ele>
   </trkpt>
   <trkpt lat="45.0167780" lon="6.6365310">
    <ele>1585.5</ele>
   </trkpt>
   <trkpt lat="45.0167820" lon="6.6365300">
    <ele>1585.5</ele>
   </trkpt>
   <trkpt lat="45.0167840" lon="6.6365250">
    <ele>1585.5</ele>
   </trkpt>
   <trkpt lat="45.0167880" lon="6.6365290">
    <ele>1585.5</ele>
   </trkpt>
   <trkpt lat="45.0167900" lon="6.6365310">
    <ele>1585.5</ele>
   </trkpt>
   <trkpt lat="45.0167900" lon="6.6365310">
    <ele>1585.5</ele>
   </trkpt>
   <trkpt lat="45.0167900" lon="6.6365310">
    <ele>1585.5</ele>
   </trkpt>
   <trkpt lat="45.0167900" lon="6.6365310">
    <ele>1585.5</ele>
   </trkpt>
   <trkpt lat="45.0167900" lon="6.6365310">
    <ele>1585.5</ele>
   </trkpt>
   <trkpt lat="45.0167900" lon="6.6365310">
    <ele>1585.5</ele>
   </trkpt>
   <trkpt lat="45.0167900" lon="6.6365310">
    <ele>1585.5</ele>
   </trkpt>
   <trkpt lat="45.0168020" lon="6.6365650">
    <ele>1585.5</ele>
   </trkpt>
   <trkpt lat="45.0167990" lon="6.6365760">
    <ele>1585.5</ele>
   </trkpt>
   <trkpt lat="45.0167980" lon="6.6365800">
    <ele>1585.5</ele>
   </trkpt>
   <trkpt lat="45.0168020" lon="6.6365700">
    <ele>1585.5</ele>
   </trkpt>
   <trkpt lat="45.0168010" lon="6.6365500">
    <ele>1585.5</ele>
   </trkpt>
   <trkpt lat="45.0167970" lon="6.6365420">
    <ele>1585.5</ele>
   </trkpt>
   <trkpt lat="45.0167910" lon="6.6365500">
    <ele>1585.5</ele>
   </trkpt>
   <trkpt lat="45.0168050" lon="6.6365540">
    <ele>1585.5</ele>
   </trkpt>
   <trkpt lat="45.0168110" lon="6.6365700">
    <ele>1585.5</ele>
   </trkpt>
   <trkpt lat="45.0168120" lon="6.6365710">
    <ele>1585.5</ele>
   </trkpt>
   <trkpt lat="45.0168120" lon="6.6365710">
    <ele>1585.5</ele>
   </trkpt>
   <trkpt lat="45.0168100" lon="6.6365770">
    <ele>1585.5</ele>
   </trkpt>
   <trkpt lat="45.0168100" lon="6.6365770">
    <ele>1585.5</ele>
   </trkpt>
   <trkpt lat="45.0168120" lon="6.6365740">
    <ele>1585.5</ele>
   </trkpt>
   <trkpt lat="45.0168150" lon="6.6365710">
    <ele>1585.5</ele>
   </trkpt>
   <trkpt lat="45.0168170" lon="6.6365620">
    <ele>1585.5</ele>
   </trkpt>
   <trkpt lat="45.0168170" lon="6.6365590">
    <ele>1585.5</ele>
   </trkpt>
   <trkpt lat="45.0168170" lon="6.6365530">
    <ele>1585.5</ele>
   </trkpt>
   <trkpt lat="45.0168180" lon="6.6365510">
    <ele>1585.5</ele>
   </trkpt>
   <trkpt lat="45.0168180" lon="6.6365500">
    <ele>1585.5</ele>
   </trkpt>
   <trkpt lat="45.0168180" lon="6.6365500">
    <ele>1585.5</ele>
   </trkpt>
   <trkpt lat="45.0168180" lon="6.6365500">
    <ele>1585.5</ele>
   </trkpt>
   <trkpt lat="45.0168180" lon="6.6365500">
    <ele>1585.5</ele>
   </trkpt>
   <trkpt lat="45.0168180" lon="6.6365500">
    <ele>1585.5</ele>
   </trkpt>
   <trkpt lat="45.0168180" lon="6.6365500">
    <ele>1585.5</ele>
   </trkpt>
   <trkpt lat="45.0168180" lon="6.6365500">
    <ele>1585.5</ele>
   </trkpt>
   <trkpt lat="45.0168300" lon="6.6365860">
    <ele>1585.5</ele>
   </trkpt>
   <trkpt lat="45.0168230" lon="6.6365790">
    <ele>1585.5</ele>
   </trkpt>
   <trkpt lat="45.0168250" lon="6.6365730">
    <ele>1585.5</ele>
   </trkpt>
   <trkpt lat="45.0168250" lon="6.6365700">
    <ele>1585.5</ele>
   </trkpt>
   <trkpt lat="45.0168250" lon="6.6365700">
    <ele>1585.5</ele>
   </trkpt>
   <trkpt lat="45.0168250" lon="6.6365690">
    <ele>1585.5</ele>
   </trkpt>
   <trkpt lat="45.0168240" lon="6.6365690">
    <ele>1585.5</ele>
   </trkpt>
   <trkpt lat="45.0168240" lon="6.6365690">
    <ele>1585.5</ele>
   </trkpt>
   <trkpt lat="45.0168320" lon="6.6365670">
    <ele>1585.5</ele>
   </trkpt>
   <trkpt lat="45.0168310" lon="6.6365560">
    <ele>1585.6</ele>
   </trkpt>
   <trkpt lat="45.0168460" lon="6.6365460">
    <ele>1585.6</ele>
   </trkpt>
   <trkpt lat="45.0168520" lon="6.6365330">
    <ele>1585.6</ele>
   </trkpt>
   <trkpt lat="45.0168530" lon="6.6365330">
    <ele>1585.6</ele>
   </trkpt>
   <trkpt lat="45.0168530" lon="6.6365340">
    <ele>1585.6</ele>
   </trkpt>
   <trkpt lat="45.0168540" lon="6.6365350">
    <ele>1585.6</ele>
   </trkpt>
   <trkpt lat="45.0168540" lon="6.6365350">
    <ele>1585.6</ele>
   </trkpt>
   <trkpt lat="45.0168550" lon="6.6365360">
    <ele>1585.6</ele>
   </trkpt>
   <trkpt lat="45.0168550" lon="6.6365360">
    <ele>1585.6</ele>
   </trkpt>
   <trkpt lat="45.0168560" lon="6.6365370">
    <ele>1585.6</ele>
   </trkpt>
   <trkpt lat="45.0168560" lon="6.6365380">
    <ele>1585.6</ele>
   </trkpt>
   <trkpt lat="45.0168570" lon="6.6365380">
    <ele>1585.6</ele>
   </trkpt>
   <trkpt lat="45.0168570" lon="6.6365390">
    <ele>1585.6</ele>
   </trkpt>
   <trkpt lat="45.0168580" lon="6.6365400">
    <ele>1585.6</ele>
   </trkpt>
   <trkpt lat="45.0168580" lon="6.6365400">
    <ele>1585.6</ele>
   </trkpt>
   <trkpt lat="45.0168590" lon="6.6365410">
    <ele>1585.6</ele>
   </trkpt>
   <trkpt lat="45.0168590" lon="6.6365420">
    <ele>1585.6</ele>
   </trkpt>
   <trkpt lat="45.0168600" lon="6.6365420">
    <ele>1585.6</ele>
   </trkpt>
   <trkpt lat="45.0168600" lon="6.6365430">
    <ele>1585.6</ele>
   </trkpt>
   <trkpt lat="45.0168610" lon="6.6365440">
    <ele>1585.6</ele>
   </trkpt>
   <trkpt lat="45.0168610" lon="6.6365440">
    <ele>1585.6</ele>
   </trkpt>
   <trkpt lat="45.0168620" lon="6.6365450">
    <ele>1585.6</ele>
   </trkpt>
   <trkpt lat="45.0168620" lon="6.6365450">
    <ele>1585.6</ele>
   </trkpt>
   <trkpt lat="45.0168630" lon="6.6365460">
    <ele>1585.6</ele>
   </trkpt>
   <trkpt lat="45.0168630" lon="6.6365470">
    <ele>1585.6</ele>
   </trkpt>
   <trkpt lat="45.0168640" lon="6.6365470">
    <ele>1585.6</ele>
   </trkpt>
   <trkpt lat="45.0168640" lon="6.6365480">
    <ele>1585.6</ele>
   </trkpt>
   <trkpt lat="45.0168650" lon="6.6365490">
    <ele>1585.6</ele>
   </trkpt>
   <trkpt lat="45.0168650" lon="6.6365490">
    <ele>1585.6</ele>
   </trkpt>
   <trkpt lat="45.0168660" lon="6.6365500">
    <ele>1585.6</ele>
   </trkpt>
   <trkpt lat="45.0168660" lon="6.6365510">
    <ele>1585.6</ele>
   </trkpt>
   <trkpt lat="45.0168670" lon="6.6365510">
    <ele>1585.6</ele>
   </trkpt>
   <trkpt lat="45.0168670" lon="6.6365520">
    <ele>1585.6</ele>
   </trkpt>
   <trkpt lat="45.0168680" lon="6.6365530">
    <ele>1585.6</ele>
   </trkpt>
   <trkpt lat="45.0168680" lon="6.6365530">
    <ele>1585.6</ele>
   </trkpt>
   <trkpt lat="45.0168690" lon="6.6365540">
    <ele>1585.6</ele>
   </trkpt>
   <trkpt lat="45.0168690" lon="6.6365540">
    <ele>1585.6</ele>
   </trkpt>
   <trkpt lat="45.0168700" lon="6.6365550">
    <ele>1585.6</ele>
   </trkpt>
   <trkpt lat="45.0168700" lon="6.6365560">
    <ele>1585.6</ele>
   </trkpt>
   <trkpt lat="45.0168710" lon="6.6365560">
    <ele>1585.6</ele>
   </trkpt>
   <trkpt lat="45.0168710" lon="6.6365570">
    <ele>1585.6</ele>
   </trkpt>
   <trkpt lat="45.0168710" lon="6.6365610">
    <ele>1585.6</ele>
   </trkpt>
   <trkpt lat="45.0168700" lon="6.6365600">
    <ele>1585.6</ele>
   </trkpt>
   <trkpt lat="45.0168700" lon="6.6365600">
    <ele>1585.6</ele>
   </trkpt>
   <trkpt lat="45.0168700" lon="6.6365600">
    <ele>1585.6</ele>
   </trkpt>
   <trkpt lat="45.0168670" lon="6.6365670">
    <ele>1585.6</ele>
   </trkpt>
   <trkpt lat="45.0168660" lon="6.6365700">
    <ele>1585.6</ele>
   </trkpt>
   <trkpt lat="45.0168650" lon="6.6365720">
    <ele>1585.6</ele>
   </trkpt>
   <trkpt lat="45.0168610" lon="6.6365690">
    <ele>1585.6</ele>
   </trkpt>
   <trkpt lat="45.0168610" lon="6.6365690">
    <ele>1585.6</ele>
   </trkpt>
   <trkpt lat="45.0168610" lon="6.6365690">
    <ele>1585.6</ele>
   </trkpt>
   <trkpt lat="45.0168610" lon="6.6365690">
    <ele>1585.6</ele>
   </trkpt>
   <trkpt lat="45.0168570" lon="6.6365890">
    <ele>1585.6</ele>
   </trkpt>
   <trkpt lat="45.0168580" lon="6.6365950">
    <ele>1585.6</ele>
   </trkpt>
   <trkpt lat="45.0168590" lon="6.6365940">
    <ele>1585.6</ele>
   </trkpt>
   <trkpt lat="45.0168610" lon="6.6365860">
    <ele>1585.6</ele>
   </trkpt>
   <trkpt lat="45.0168610" lon="6.6365850">
    <ele>1585.6</ele>
   </trkpt>
   <trkpt lat="45.0168610" lon="6.6365850">
    <ele>1585.6</ele>
   </trkpt>
   <trkpt lat="45.0168610" lon="6.6365850">
    <ele>1585.6</ele>
   </trkpt>
   <trkpt lat="45.0168610" lon="6.6365850">
    <ele>1585.6</ele>
   </trkpt>
   <trkpt lat="45.0168610" lon="6.6365850">
    <ele>1585.6</ele>
   </trkpt>
   <trkpt lat="45.0168610" lon="6.6365850">
    <ele>1585.6</ele>
   </trkpt>
   <trkpt lat="45.0168610" lon="6.6365850">
    <ele>1585.6</ele>
   </trkpt>
   <trkpt lat="45.0168610" lon="6.6365850">
    <ele>1585.6</ele>
   </trkpt>
   <trkpt lat="45.0168410" lon="6.6365610">
    <ele>1585.6</ele>
   </trkpt>
   <trkpt lat="45.0168370" lon="6.6365440">
    <ele>1585.6</ele>
   </trkpt>
   <trkpt lat="45.0168350" lon="6.6365410">
    <ele>1585.6</ele>
   </trkpt>
   <trkpt lat="45.0168290" lon="6.6365330">
    <ele>1585.6</ele>
   </trkpt>
   <trkpt lat="45.0168290" lon="6.6365310">
    <ele>1585.6</ele>
   </trkpt>
   <trkpt lat="45.0168360" lon="6.6365230">
    <ele>1585.6</ele>
   </trkpt>
   <trkpt lat="45.0168420" lon="6.6365100">
    <ele>1585.6</ele>
   </trkpt>
   <trkpt lat="45.0168500" lon="6.6365000">
    <ele>1585.6</ele>
   </trkpt>
   <trkpt lat="45.0168620" lon="6.6364890">
    <ele>1585.6</ele>
   </trkpt>
   <trkpt lat="45.0168870" lon="6.6364740">
    <ele>1585.6</ele>
   </trkpt>
   <trkpt lat="45.0168970" lon="6.6364710">
    <ele>1585.6</ele>
   </trkpt>
   <trkpt lat="45.0169330" lon="6.6364810">
    <ele>1585.6</ele>
   </trkpt>
   <trkpt lat="45.0169460" lon="6.6364890">
    <ele>1585.6</ele>
   </trkpt>
   <trkpt lat="45.0169680" lon="6.6365120">
    <ele>1585.7</ele>
   </trkpt>
   <trkpt lat="45.0169920" lon="6.6365330">
    <ele>1585.7</ele>
   </trkpt>
   <trkpt lat="45.0170260" lon="6.6365600">
    <ele>1585.7</ele>
   </trkpt>
   <trkpt lat="45.0170370" lon="6.6365730">
    <ele>1585.7</ele>
   </trkpt>
   <trkpt lat="45.0170560" lon="6.6366040">
    <ele>1585.8</ele>
   </trkpt>
   <trkpt lat="45.0170740" lon="6.6366370">
    <ele>1585.8</ele>
   </trkpt>
   <trkpt lat="45.0170940" lon="6.6366680">
    <ele>1585.9</ele>
   </trkpt>
   <trkpt lat="45.0171110" lon="6.6367010">
    <ele>1586.0</ele>
   </trkpt>
   <trkpt lat="45.0171320" lon="6.6367290">
    <ele>1586.0</ele>
   </trkpt>
   <trkpt lat="45.0171580" lon="6.6367610">
    <ele>1586.1</ele>
   </trkpt>
   <trkpt lat="45.0171810" lon="6.6367910">
    <ele>1586.2</ele>
   </trkpt>
   <trkpt lat="45.0172030" lon="6.6368310">
    <ele>1586.3</ele>
   </trkpt>
   <trkpt lat="45.0172230" lon="6.6368710">
    <ele>1586.5</ele>
   </trkpt>
   <trkpt lat="45.0172450" lon="6.6369050">
    <ele>1586.6</ele>
   </trkpt>
   <trkpt lat="45.0172670" lon="6.6369390">
    <ele>1586.7</ele>
   </trkpt>
   <trkpt lat="45.0172890" lon="6.6369770">
    <ele>1586.9</ele>
   </trkpt>
   <trkpt lat="45.0173070" lon="6.6370080">
    <ele>1587.0</ele>
   </trkpt>
   <trkpt lat="45.0173300" lon="6.6370350">
    <ele>1587.1</ele>
   </trkpt>
   <trkpt lat="45.0173520" lon="6.6370670">
    <ele>1587.3</ele>
   </trkpt>
   <trkpt lat="45.0173710" lon="6.6371030">
    <ele>1587.4</ele>
   </trkpt>
   <trkpt lat="45.0173910" lon="6.6371370">
    <ele>1587.5</ele>
   </trkpt>
   <trkpt lat="45.0174140" lon="6.6371740">
    <ele>1587.7</ele>
   </trkpt>
   <trkpt lat="45.0174340" lon="6.6372120">
    <ele>1587.8</ele>
   </trkpt>
   <trkpt lat="45.0174550" lon="6.6372480">
    <ele>1587.9</ele>
   </trkpt>
   <trkpt lat="45.0174800" lon="6.6372840">
    <ele>1588.1</ele>
   </trkpt>
   <trkpt lat="45.0175040" lon="6.6373160">
    <ele>1588.2</ele>
   </trkpt>
   <trkpt lat="45.0175280" lon="6.6373500">
    <ele>1588.3</ele>
   </trkpt>
   <trkpt lat="45.0175520" lon="6.6373820">
    <ele>1588.4</ele>
   </trkpt>
   <trkpt lat="45.0175710" lon="6.6374200">
    <ele>1588.5</ele>
   </trkpt>
   <trkpt lat="45.0175920" lon="6.6374570">
    <ele>1588.6</ele>
   </trkpt>
   <trkpt lat="45.0176150" lon="6.6374930">
    <ele>1588.7</ele>
   </trkpt>
   <trkpt lat="45.0176370" lon="6.6375330">
    <ele>1588.8</ele>
   </trkpt>
   <trkpt lat="45.0176590" lon="6.6375620">
    <ele>1588.9</ele>
   </trkpt>
   <trkpt lat="45.0176830" lon="6.6375980">
    <ele>1589.0</ele>
   </trkpt>
   <trkpt lat="45.0177020" lon="6.6376330">
    <ele>1589.1</ele>
   </trkpt>
   <trkpt lat="45.0177330" lon="6.6376670">
    <ele>1589.2</ele>
   </trkpt>
   <trkpt lat="45.0177590" lon="6.6377040">
    <ele>1589.3</ele>
   </trkpt>
   <trkpt lat="45.0177780" lon="6.6377330">
    <ele>1589.4</ele>
   </trkpt>
   <trkpt lat="45.0178000" lon="6.6377620">
    <ele>1589.5</ele>
   </trkpt>
   <trkpt lat="45.0178200" lon="6.6377940">
    <ele>1589.6</ele>
   </trkpt>
   <trkpt lat="45.0178450" lon="6.6378300">
    <ele>1589.7</ele>
   </trkpt>
   <trkpt lat="45.0178870" lon="6.6378920">
    <ele>1589.8</ele>
   </trkpt>
   <trkpt lat="45.0179060" lon="6.6379240">
    <ele>1589.9</ele>
   </trkpt>
   <trkpt lat="45.0179260" lon="6.6379610">
    <ele>1590.0</ele>
   </trkpt>
   <trkpt lat="45.0179400" lon="6.6379980">
    <ele>1590.1</ele>
   </trkpt>
   <trkpt lat="45.0179570" lon="6.6380370">
    <ele>1590.2</ele>
   </trkpt>
   <trkpt lat="45.0179790" lon="6.6380740">
    <ele>1590.3</ele>
   </trkpt>
   <trkpt lat="45.0180040" lon="6.6381090">
    <ele>1590.4</ele>
   </trkpt>
   <trkpt lat="45.0180320" lon="6.6381400">
    <ele>1590.5</ele>
   </trkpt>
   <trkpt lat="45.0180550" lon="6.6381710">
    <ele>1590.5</ele>
   </trkpt>
   <trkpt lat="45.0180760" lon="6.6382070">
    <ele>1590.6</ele>
   </trkpt>
   <trkpt lat="45.0181010" lon="6.6382390">
    <ele>1590.7</ele>
   </trkpt>
   <trkpt lat="45.0181210" lon="6.6382780">
    <ele>1590.8</ele>
   </trkpt>
   <trkpt lat="45.0181440" lon="6.6383190">
    <ele>1590.8</ele>
   </trkpt>
   <trkpt lat="45.0181730" lon="6.6383510">
    <ele>1590.9</ele>
   </trkpt>
   <trkpt lat="45.0181930" lon="6.6383880">
    <ele>1591.0</ele>
   </trkpt>
   <trkpt lat="45.0182150" lon="6.6384200">
    <ele>1591.1</ele>
   </trkpt>
   <trkpt lat="45.0182360" lon="6.6384510">
    <ele>1591.2</ele>
   </trkpt>
   <trkpt lat="45.0182560" lon="6.6384840">
    <ele>1591.2</ele>
   </trkpt>
   <trkpt lat="45.0182790" lon="6.6385200">
    <ele>1591.3</ele>
   </trkpt>
   <trkpt lat="45.0183020" lon="6.6385560">
    <ele>1591.4</ele>
   </trkpt>
   <trkpt lat="45.0183210" lon="6.6385880">
    <ele>1591.5</ele>
   </trkpt>
   <trkpt lat="45.0183380" lon="6.6386220">
    <ele>1591.6</ele>
   </trkpt>
   <trkpt lat="45.0183560" lon="6.6386660">
    <ele>1591.7</ele>
   </trkpt>
   <trkpt lat="45.0183730" lon="6.6387130">
    <ele>1591.8</ele>
   </trkpt>
   <trkpt lat="45.0183950" lon="6.6387390">
    <ele>1591.9</ele>
   </trkpt>
   <trkpt lat="45.0184130" lon="6.6387710">
    <ele>1592.0</ele>
   </trkpt>
   <trkpt lat="45.0184270" lon="6.6388040">
    <ele>1592.1</ele>
   </trkpt>
   <trkpt lat="45.0184410" lon="6.6388440">
    <ele>1592.2</ele>
   </trkpt>
   <trkpt lat="45.0184590" lon="6.6388750">
    <ele>1592.3</ele>
   </trkpt>
   <trkpt lat="45.0184860" lon="6.6389020">
    <ele>1592.4</ele>
   </trkpt>
   <trkpt lat="45.0185070" lon="6.6389390">
    <ele>1592.5</ele>
   </trkpt>
   <trkpt lat="45.0185310" lon="6.6389720">
    <ele>1592.6</ele>
   </trkpt>
   <trkpt lat="45.0185510" lon="6.6390090">
    <ele>1592.7</ele>
   </trkpt>
   <trkpt lat="45.0185680" lon="6.6390420">
    <ele>1592.8</ele>
   </trkpt>
   <trkpt lat="45.0185870" lon="6.6390800">
    <ele>1592.9</ele>
   </trkpt>
   <trkpt lat="45.0186090" lon="6.6391130">
    <ele>1593.0</ele>
   </trkpt>
   <trkpt lat="45.0186340" lon="6.6391510">
    <ele>1593.1</ele>
   </trkpt>
   <trkpt lat="45.0186570" lon="6.6391880">
    <ele>1593.2</ele>
   </trkpt>
   <trkpt lat="45.0187140" lon="6.6392670">
    <ele>1593.5</ele>
   </trkpt>
   <trkpt lat="45.0187330" lon="6.6393050">
    <ele>1593.6</ele>
   </trkpt>
   <trkpt lat="45.0187490" lon="6.6393390">
    <ele>1593.7</ele>
   </trkpt>
   <trkpt lat="45.0187710" lon="6.6393770">
    <ele>1593.8</ele>
   </trkpt>
   <trkpt lat="45.0187940" lon="6.6394170">
    <ele>1594.0</ele>
   </trkpt>
   <trkpt lat="45.0188190" lon="6.6394520">
    <ele>1594.1</ele>
   </trkpt>
   <trkpt lat="45.0188420" lon="6.6394850">
    <ele>1594.2</ele>
   </trkpt>
   <trkpt lat="45.0188680" lon="6.6395180">
    <ele>1594.4</ele>
   </trkpt>
   <trkpt lat="45.0188900" lon="6.6395520">
    <ele>1594.5</ele>
   </trkpt>
   <trkpt lat="45.0189130" lon="6.6395950">
    <ele>1594.6</ele>
   </trkpt>
   <trkpt lat="45.0189330" lon="6.6396340">
    <ele>1594.8</ele>
   </trkpt>
   <trkpt lat="45.0189520" lon="6.6396730">
    <ele>1594.9</ele>
   </trkpt>
   <trkpt lat="45.0189730" lon="6.6397110">
    <ele>1595.0</ele>
   </trkpt>
   <trkpt lat="45.0190180" lon="6.6397870">
    <ele>1595.3</ele>
   </trkpt>
   <trkpt lat="45.0190390" lon="6.6398230">
    <ele>1595.4</ele>
   </trkpt>
   <trkpt lat="45.0190620" lon="6.6398590">
    <ele>1595.6</ele>
   </trkpt>
   <trkpt lat="45.0190890" lon="6.6398940">
    <ele>1595.7</ele>
   </trkpt>
   <trkpt lat="45.0191140" lon="6.6399320">
    <ele>1595.8</ele>
   </trkpt>
   <trkpt lat="45.0191380" lon="6.6399680">
    <ele>1596.0</ele>
   </trkpt>
   <trkpt lat="45.0191620" lon="6.6400030">
    <ele>1596.1</ele>
   </trkpt>
   <trkpt lat="45.0191880" lon="6.6400350">
    <ele>1596.2</ele>
   </trkpt>
   <trkpt lat="45.0192100" lon="6.6400710">
    <ele>1596.3</ele>
   </trkpt>
   <trkpt lat="45.0192310" lon="6.6401100">
    <ele>1596.5</ele>
   </trkpt>
   <trkpt lat="45.0192550" lon="6.6401490">
    <ele>1596.6</ele>
   </trkpt>
   <trkpt lat="45.0192810" lon="6.6401870">
    <ele>1596.7</ele>
   </trkpt>
   <trkpt lat="45.0193100" lon="6.6402240">
    <ele>1596.9</ele>
   </trkpt>
   <trkpt lat="45.0193350" lon="6.6402590">
    <ele>1597.0</ele>
   </trkpt>
   <trkpt lat="45.0193590" lon="6.6402890">
    <ele>1597.1</ele>
   </trkpt>
   <trkpt lat="45.0193840" lon="6.6403210">
    <ele>1597.3</ele>
   </trkpt>
   <trkpt lat="45.0194090" lon="6.6403540">
    <ele>1597.4</ele>
   </trkpt>
   <trkpt lat="45.0194350" lon="6.6403840">
    <ele>1597.5</ele>
   </trkpt>
   <trkpt lat="45.0194620" lon="6.6404160">
    <ele>1597.7</ele>
   </trkpt>
   <trkpt lat="45.0194850" lon="6.6404480">
    <ele>1597.8</ele>
   </trkpt>
   <trkpt lat="45.0195100" lon="6.6404730">
    <ele>1597.9</ele>
   </trkpt>
   <trkpt lat="45.0195390" lon="6.6404960">
    <ele>1598.0</ele>
   </trkpt>
   <trkpt lat="45.0195700" lon="6.6405180">
    <ele>1598.1</ele>
   </trkpt>
   <trkpt lat="45.0196000" lon="6.6405460">
    <ele>1598.3</ele>
   </trkpt>
   <trkpt lat="45.0196320" lon="6.6405750">
    <ele>1598.4</ele>
   </trkpt>
   <trkpt lat="45.0196620" lon="6.6406020">
    <ele>1598.5</ele>
   </trkpt>
   <trkpt lat="45.0196910" lon="6.6406290">
    <ele>1598.6</ele>
   </trkpt>
   <trkpt lat="45.0197240" lon="6.6406570">
    <ele>1598.7</ele>
   </trkpt>
   <trkpt lat="45.0197570" lon="6.6406810">
    <ele>1598.8</ele>
   </trkpt>
   <trkpt lat="45.0197910" lon="6.6407040">
    <ele>1598.9</ele>
   </trkpt>
   <trkpt lat="45.0198470" lon="6.6407570">
    <ele>1599.1</ele>
   </trkpt>
   <trkpt lat="45.0198740" lon="6.6407880">
    <ele>1599.2</ele>
   </trkpt>
   <trkpt lat="45.0199030" lon="6.6408150">
    <ele>1599.3</ele>
   </trkpt>
   <trkpt lat="45.0199350" lon="6.6408390">
    <ele>1599.5</ele>
   </trkpt>
   <trkpt lat="45.0199650" lon="6.6408630">
    <ele>1599.6</ele>
   </trkpt>
   <trkpt lat="45.0199950" lon="6.6408940">
    <ele>1599.7</ele>
   </trkpt>
   <trkpt lat="45.0200290" lon="6.6409210">
    <ele>1599.8</ele>
   </trkpt>
   <trkpt lat="45.0200600" lon="6.6409500">
    <ele>1599.9</ele>
   </trkpt>
   <trkpt lat="45.0200890" lon="6.6409760">
    <ele>1600.0</ele>
   </trkpt>
   <trkpt lat="45.0201190" lon="6.6410030">
    <ele>1600.1</ele>
   </trkpt>
   <trkpt lat="45.0201550" lon="6.6410280">
    <ele>1600.2</ele>
   </trkpt>
   <trkpt lat="45.0202200" lon="6.6410860">
    <ele>1600.5</ele>
   </trkpt>
   <trkpt lat="45.0202770" lon="6.6411390">
    <ele>1600.6</ele>
   </trkpt>
   <trkpt lat="45.0203080" lon="6.6411660">
    <ele>1600.7</ele>
   </trkpt>
   <trkpt lat="45.0203390" lon="6.6411890">
    <ele>1600.8</ele>
   </trkpt>
   <trkpt lat="45.0203710" lon="6.6412150">
    <ele>1601.0</ele>
   </trkpt>
   <trkpt lat="45.0204040" lon="6.6412400">
    <ele>1601.1</ele>
   </trkpt>
   <trkpt lat="45.0204360" lon="6.6412670">
    <ele>1601.2</ele>
   </trkpt>
   <trkpt lat="45.0204660" lon="6.6412910">
    <ele>1601.3</ele>
   </trkpt>
   <trkpt lat="45.0204940" lon="6.6413170">
    <ele>1601.4</ele>
   </trkpt>
   <trkpt lat="45.0205240" lon="6.6413490">
    <ele>1601.5</ele>
   </trkpt>
   <trkpt lat="45.0205530" lon="6.6413750">
    <ele>1601.6</ele>
   </trkpt>
   <trkpt lat="45.0205820" lon="6.6414000">
    <ele>1601.7</ele>
   </trkpt>
   <trkpt lat="45.0206120" lon="6.6414280">
    <ele>1601.8</ele>
   </trkpt>
   <trkpt lat="45.0206430" lon="6.6414560">
    <ele>1602.0</ele>
   </trkpt>
   <trkpt lat="45.0206770" lon="6.6414820">
    <ele>1602.1</ele>
   </trkpt>
   <trkpt lat="45.0207120" lon="6.6415110">
    <ele>1602.3</ele>
   </trkpt>
   <trkpt lat="45.0207440" lon="6.6415390">
    <ele>1602.4</ele>
   </trkpt>
   <trkpt lat="45.0207740" lon="6.6415670">
    <ele>1602.5</ele>
   </trkpt>
   <trkpt lat="45.0208030" lon="6.6415940">
    <ele>1602.7</ele>
   </trkpt>
   <trkpt lat="45.0208340" lon="6.6416150">
    <ele>1602.8</ele>
   </trkpt>
   <trkpt lat="45.0208640" lon="6.6416410">
    <ele>1602.9</ele>
   </trkpt>
   <trkpt lat="45.0208940" lon="6.6416670">
    <ele>1603.1</ele>
   </trkpt>
   <trkpt lat="45.0209270" lon="6.6416940">
    <ele>1603.2</ele>
   </trkpt>
   <trkpt lat="45.0209560" lon="6.6417220">
    <ele>1603.4</ele>
   </trkpt>
   <trkpt lat="45.0209910" lon="6.6417520">
    <ele>1603.5</ele>
   </trkpt>
   <trkpt lat="45.0210220" lon="6.6417780">
    <ele>1603.7</ele>
   </trkpt>
   <trkpt lat="45.0210500" lon="6.6418040">
    <ele>1603.8</ele>
   </trkpt>
   <trkpt lat="45.0210800" lon="6.6418290">
    <ele>1604.0</ele>
   </trkpt>
   <trkpt lat="45.0211080" lon="6.6418540">
    <ele>1604.1</ele>
   </trkpt>
   <trkpt lat="45.0211390" lon="6.6418830">
    <ele>1604.3</ele>
   </trkpt>
   <trkpt lat="45.0212010" lon="6.6419420">
    <ele>1604.6</ele>
   </trkpt>
   <trkpt lat="45.0212360" lon="6.6419700">
    <ele>1604.8</ele>
   </trkpt>
   <trkpt lat="45.0212720" lon="6.6419980">
    <ele>1605.0</ele>
   </trkpt>
   <trkpt lat="45.0213060" lon="6.6420290">
    <ele>1605.2</ele>
   </trkpt>
   <trkpt lat="45.0213380" lon="6.6420620">
    <ele>1605.4</ele>
   </trkpt>
   <trkpt lat="45.0213620" lon="6.6420920">
    <ele>1605.5</ele>
   </trkpt>
   <trkpt lat="45.0214010" lon="6.6421220">
    <ele>1605.7</ele>
   </trkpt>
   <trkpt lat="45.0214290" lon="6.6421440">
    <ele>1605.8</ele>
   </trkpt>
   <trkpt lat="45.0214500" lon="6.6421720">
    <ele>1606.0</ele>
   </trkpt>
   <trkpt lat="45.0214650" lon="6.6422150">
    <ele>1606.1</ele>
   </trkpt>
   <trkpt lat="45.0214840" lon="6.6422520">
    <ele>1606.3</ele>
   </trkpt>
   <trkpt lat="45.0215090" lon="6.6422840">
    <ele>1606.5</ele>
   </trkpt>
   <trkpt lat="45.0215260" lon="6.6423180">
    <ele>1606.6</ele>
   </trkpt>
   <trkpt lat="45.0215410" lon="6.6423600">
    <ele>1606.8</ele>
   </trkpt>
   <trkpt lat="45.0215570" lon="6.6424080">
    <ele>1607.0</ele>
   </trkpt>
   <trkpt lat="45.0215680" lon="6.6424560">
    <ele>1607.2</ele>
   </trkpt>
   <trkpt lat="45.0215740" lon="6.6424990">
    <ele>1607.4</ele>
   </trkpt>
   <trkpt lat="45.0215840" lon="6.6425430">
    <ele>1607.5</ele>
   </trkpt>
   <trkpt lat="45.0215990" lon="6.6425850">
    <ele>1607.7</ele>
   </trkpt>
   <trkpt lat="45.0216100" lon="6.6426310">
    <ele>1607.9</ele>
   </trkpt>
   <trkpt lat="45.0216180" lon="6.6426750">
    <ele>1608.1</ele>
   </trkpt>
   <trkpt lat="45.0216280" lon="6.6427200">
    <ele>1608.3</ele>
   </trkpt>
   <trkpt lat="45.0216420" lon="6.6427590">
    <ele>1608.4</ele>
   </trkpt>
   <trkpt lat="45.0216490" lon="6.6428020">
    <ele>1608.6</ele>
   </trkpt>
   <trkpt lat="45.0216550" lon="6.6428500">
    <ele>1608.8</ele>
   </trkpt>
   <trkpt lat="45.0216620" lon="6.6428940">
    <ele>1609.0</ele>
   </trkpt>
   <trkpt lat="45.0216730" lon="6.6429360">
    <ele>1609.2</ele>
   </trkpt>
   <trkpt lat="45.0216880" lon="6.6430090">
    <ele>1609.5</ele>
   </trkpt>
   <trkpt lat="45.0216920" lon="6.6430510">
    <ele>1609.7</ele>
   </trkpt>
   <trkpt lat="45.0216980" lon="6.6430940">
    <ele>1609.9</ele>
   </trkpt>
   <trkpt lat="45.0217050" lon="6.6431350">
    <ele>1610.0</ele>
   </trkpt>
   <trkpt lat="45.0217050" lon="6.6431810">
    <ele>1610.2</ele>
   </trkpt>
   <trkpt lat="45.0217080" lon="6.6432230">
    <ele>1610.4</ele>
   </trkpt>
   <trkpt lat="45.0217130" lon="6.6432660">
    <ele>1610.6</ele>
   </trkpt>
   <trkpt lat="45.0217180" lon="6.6433080">
    <ele>1610.8</ele>
   </trkpt>
   <trkpt lat="45.0217250" lon="6.6433480">
    <ele>1611.0</ele>
   </trkpt>
   <trkpt lat="45.0217260" lon="6.6433930">
    <ele>1611.2</ele>
   </trkpt>
   <trkpt lat="45.0217310" lon="6.6434370">
    <ele>1611.4</ele>
   </trkpt>
   <trkpt lat="45.0217350" lon="6.6434820">
    <ele>1611.6</ele>
   </trkpt>
   <trkpt lat="45.0217360" lon="6.6435290">
    <ele>1611.8</ele>
   </trkpt>
   <trkpt lat="45.0217320" lon="6.6435800">
    <ele>1612.0</ele>
   </trkpt>
   <trkpt lat="45.0217280" lon="6.6436260">
    <ele>1612.3</ele>
   </trkpt>
   <trkpt lat="45.0217260" lon="6.6436710">
    <ele>1612.5</ele>
   </trkpt>
   <trkpt lat="45.0217240" lon="6.6437130">
    <ele>1612.7</ele>
   </trkpt>
   <trkpt lat="45.0217230" lon="6.6437550">
    <ele>1612.9</ele>
   </trkpt>
   <trkpt lat="45.0217210" lon="6.6437950">
    <ele>1613.1</ele>
   </trkpt>
   <trkpt lat="45.0217180" lon="6.6438380">
    <ele>1613.3</ele>
   </trkpt>
   <trkpt lat="45.0217140" lon="6.6438790">
    <ele>1613.5</ele>
   </trkpt>
   <trkpt lat="45.0217100" lon="6.6439200">
    <ele>1613.7</ele>
   </trkpt>
   <trkpt lat="45.0217070" lon="6.6439650">
    <ele>1614.0</ele>
   </trkpt>
   <trkpt lat="45.0217060" lon="6.6440460">
    <ele>1614.4</ele>
   </trkpt>
   <trkpt lat="45.0217050" lon="6.6440910">
    <ele>1614.6</ele>
   </trkpt>
   <trkpt lat="45.0216990" lon="6.6441370">
    <ele>1614.8</ele>
   </trkpt>
   <trkpt lat="45.0216970" lon="6.6441800">
    <ele>1615.0</ele>
   </trkpt>
   <trkpt lat="45.0216980" lon="6.6442250">
    <ele>1615.3</ele>
   </trkpt>
   <trkpt lat="45.0216960" lon="6.6442650">
    <ele>1615.5</ele>
   </trkpt>
   <trkpt lat="45.0216960" lon="6.6443090">
    <ele>1615.7</ele>
   </trkpt>
   <trkpt lat="45.0216960" lon="6.6443520">
    <ele>1615.9</ele>
   </trkpt>
   <trkpt lat="45.0217010" lon="6.6443910">
    <ele>1616.1</ele>
   </trkpt>
   <trkpt lat="45.0217070" lon="6.6444310">
    <ele>1616.3</ele>
   </trkpt>
   <trkpt lat="45.0217120" lon="6.6444730">
    <ele>1616.5</ele>
   </trkpt>
   <trkpt lat="45.0217190" lon="6.6445170">
    <ele>1616.8</ele>
   </trkpt>
   <trkpt lat="45.0217250" lon="6.6445590">
    <ele>1617.0</ele>
   </trkpt>
   <trkpt lat="45.0217290" lon="6.6446050">
    <ele>1617.2</ele>
   </trkpt>
   <trkpt lat="45.0217340" lon="6.6446460">
    <ele>1617.4</ele>
   </trkpt>
   <trkpt lat="45.0217550" lon="6.6447210">
    <ele>1617.9</ele>
   </trkpt>
   <trkpt lat="45.0217710" lon="6.6447610">
    <ele>1618.2</ele>
   </trkpt>
   <trkpt lat="45.0217820" lon="6.6447980">
    <ele>1618.4</ele>
   </trkpt>
   <trkpt lat="45.0217890" lon="6.6448350">
    <ele>1618.6</ele>
   </trkpt>
   <trkpt lat="45.0218010" lon="6.6448710">
    <ele>1618.9</ele>
   </trkpt>
   <trkpt lat="45.0218210" lon="6.6449190">
    <ele>1619.3</ele>
   </trkpt>
   <trkpt lat="45.0218260" lon="6.6449360">
    <ele>1619.4</ele>
   </trkpt>
   <trkpt lat="45.0218450" lon="6.6449830">
    <ele>1619.8</ele>
   </trkpt>
   <trkpt lat="45.0218490" lon="6.6449980">
    <ele>1619.9</ele>
   </trkpt>
   <trkpt lat="45.0218650" lon="6.6450680">
    <ele>1620.5</ele>
   </trkpt>
   <trkpt lat="45.0218850" lon="6.6451230">
    <ele>1620.9</ele>
   </trkpt>
   <trkpt lat="45.0218960" lon="6.6451670">
    <ele>1621.3</ele>
   </trkpt>
   <trkpt lat="45.0219000" lon="6.6451830">
    <ele>1621.4</ele>
   </trkpt>
   <trkpt lat="45.0219110" lon="6.6452190">
    <ele>1621.7</ele>
   </trkpt>
   <trkpt lat="45.0219210" lon="6.6452670">
    <ele>1622.0</ele>
   </trkpt>
   <trkpt lat="45.0219220" lon="6.6452830">
    <ele>1622.2</ele>
   </trkpt>
   <trkpt lat="45.0219250" lon="6.6453330">
    <ele>1622.5</ele>
   </trkpt>
   <trkpt lat="45.0219270" lon="6.6453500">
    <ele>1622.6</ele>
   </trkpt>
   <trkpt lat="45.0219380" lon="6.6454020">
    <ele>1622.9</ele>
   </trkpt>
   <trkpt lat="45.0219410" lon="6.6454210">
    <ele>1623.0</ele>
   </trkpt>
   <trkpt lat="45.0219490" lon="6.6454590">
    <ele>1623.2</ele>
   </trkpt>
   <trkpt lat="45.0219570" lon="6.6454990">
    <ele>1623.5</ele>
   </trkpt>
   <trkpt lat="45.0219680" lon="6.6455520">
    <ele>1623.8</ele>
   </trkpt>
   <trkpt lat="45.0219700" lon="6.6455700">
    <ele>1623.9</ele>
   </trkpt>
   <trkpt lat="45.0219680" lon="6.6456090">
    <ele>1624.1</ele>
   </trkpt>
   <trkpt lat="45.0219660" lon="6.6456480">
    <ele>1624.4</ele>
   </trkpt>
   <trkpt lat="45.0219690" lon="6.6456920">
    <ele>1624.6</ele>
   </trkpt>
   <trkpt lat="45.0219730" lon="6.6457350">
    <ele>1624.9</ele>
   </trkpt>
   <trkpt lat="45.0219740" lon="6.6457730">
    <ele>1625.2</ele>
   </trkpt>
   <trkpt lat="45.0219720" lon="6.6458270">
    <ele>1625.5</ele>
   </trkpt>
   <trkpt lat="45.0219710" lon="6.6458440">
    <ele>1625.7</ele>
   </trkpt>
   <trkpt lat="45.0219670" lon="6.6458940">
    <ele>1626.0</ele>
   </trkpt>
   <trkpt lat="45.0219660" lon="6.6459110">
    <ele>1626.1</ele>
   </trkpt>
   <trkpt lat="45.0219590" lon="6.6459620">
    <ele>1626.5</ele>
   </trkpt>
   <trkpt lat="45.0219570" lon="6.6459790">
    <ele>1626.6</ele>
   </trkpt>
   <trkpt lat="45.0219480" lon="6.6460210">
    <ele>1626.9</ele>
   </trkpt>
   <trkpt lat="45.0219440" lon="6.6460350">
    <ele>1627.0</ele>
   </trkpt>
   <trkpt lat="45.0219330" lon="6.6460810">
    <ele>1627.3</ele>
   </trkpt>
   <trkpt lat="45.0219300" lon="6.6460960">
    <ele>1627.4</ele>
   </trkpt>
   <trkpt lat="45.0219220" lon="6.6461440">
    <ele>1627.7</ele>
   </trkpt>
   <trkpt lat="45.0219180" lon="6.6461600">
    <ele>1627.8</ele>
   </trkpt>
   <trkpt lat="45.0219120" lon="6.6461900">
    <ele>1628.0</ele>
   </trkpt>
   <trkpt lat="45.0219080" lon="6.6462070">
    <ele>1628.1</ele>
   </trkpt>
   <trkpt lat="45.0219020" lon="6.6462410">
    <ele>1628.3</ele>
   </trkpt>
   <trkpt lat="45.0218980" lon="6.6462620">
    <ele>1628.4</ele>
   </trkpt>
   <trkpt lat="45.0218940" lon="6.6462840">
    <ele>1628.6</ele>
   </trkpt>
   <trkpt lat="45.0218840" lon="6.6463230">
    <ele>1628.8</ele>
   </trkpt>
   <trkpt lat="45.0218720" lon="6.6464040">
    <ele>1629.4</ele>
   </trkpt>
   <trkpt lat="45.0218540" lon="6.6464220">
    <ele>1629.6</ele>
   </trkpt>
   <trkpt lat="45.0218490" lon="6.6464630">
    <ele>1629.9</ele>
   </trkpt>
   <trkpt lat="45.0218470" lon="6.6464820">
    <ele>1630.0</ele>
   </trkpt>
   <trkpt lat="45.0218460" lon="6.6465060">
    <ele>1630.1</ele>
   </trkpt>
   <trkpt lat="45.0218450" lon="6.6465310">
    <ele>1630.3</ele>
   </trkpt>
   <trkpt lat="45.0218410" lon="6.6465830">
    <ele>1630.7</ele>
   </trkpt>
   <trkpt lat="45.0218420" lon="6.6465990">
    <ele>1630.8</ele>
   </trkpt>
   <trkpt lat="45.0218410" lon="6.6466420">
    <ele>1631.1</ele>
   </trkpt>
   <trkpt lat="45.0218470" lon="6.6466700">
    <ele>1631.3</ele>
   </trkpt>
   <trkpt lat="45.0218500" lon="6.6466900">
    <ele>1631.4</ele>
   </trkpt>
   <trkpt lat="45.0218530" lon="6.6467340">
    <ele>1631.7</ele>
   </trkpt>
   <trkpt lat="45.0218510" lon="6.6467790">
    <ele>1632.0</ele>
   </trkpt>
   <trkpt lat="45.0218500" lon="6.6467950">
    <ele>1632.1</ele>
   </trkpt>
   <trkpt lat="45.0218400" lon="6.6468490">
    <ele>1632.5</ele>
   </trkpt>
   <trkpt lat="45.0218330" lon="6.6468900">
    <ele>1632.8</ele>
   </trkpt>
   <trkpt lat="45.0218320" lon="6.6469010">
    <ele>1632.9</ele>
   </trkpt>
   <trkpt lat="45.0218210" lon="6.6469410">
    <ele>1633.2</ele>
   </trkpt>
   <trkpt lat="45.0218170" lon="6.6469530">
    <ele>1633.3</ele>
   </trkpt>
   <trkpt lat="45.0218000" lon="6.6469900">
    <ele>1633.6</ele>
   </trkpt>
   <trkpt lat="45.0217930" lon="6.6470030">
    <ele>1633.7</ele>
   </trkpt>
   <trkpt lat="45.0217770" lon="6.6470380">
    <ele>1634.0</ele>
   </trkpt>
   <trkpt lat="45.0217730" lon="6.6470490">
    <ele>1634.1</ele>
   </trkpt>
   <trkpt lat="45.0217620" lon="6.6470920">
    <ele>1634.4</ele>
   </trkpt>
   <trkpt lat="45.0217560" lon="6.6471080">
    <ele>1634.6</ele>
   </trkpt>
   <trkpt lat="45.0217440" lon="6.6471430">
    <ele>1634.8</ele>
   </trkpt>
   <trkpt lat="45.0217390" lon="6.6471540">
    <ele>1634.9</ele>
   </trkpt>
   <trkpt lat="45.0217290" lon="6.6471960">
    <ele>1635.3</ele>
   </trkpt>
   <trkpt lat="45.0217260" lon="6.6472090">
    <ele>1635.4</ele>
   </trkpt>
   <trkpt lat="45.0217140" lon="6.6472150">
    <ele>1635.5</ele>
   </trkpt>
   <trkpt lat="45.0217000" lon="6.6472380">
    <ele>1635.7</ele>
   </trkpt>
   <trkpt lat="45.0216900" lon="6.6472610">
    <ele>1635.9</ele>
   </trkpt>
   <trkpt lat="45.0216850" lon="6.6472840">
    <ele>1636.1</ele>
   </trkpt>
   <trkpt lat="45.0216760" lon="6.6473280">
    <ele>1636.4</ele>
   </trkpt>
   <trkpt lat="45.0216690" lon="6.6473750">
    <ele>1636.8</ele>
   </trkpt>
   <trkpt lat="45.0216510" lon="6.6474170">
    <ele>1637.1</ele>
   </trkpt>
   <trkpt lat="45.0216440" lon="6.6474300">
    <ele>1637.3</ele>
   </trkpt>
   <trkpt lat="45.0216350" lon="6.6474770">
    <ele>1637.6</ele>
   </trkpt>
   <trkpt lat="45.0216320" lon="6.6474930">
    <ele>1637.8</ele>
   </trkpt>
   <trkpt lat="45.0216160" lon="6.6475330">
    <ele>1638.1</ele>
   </trkpt>
   <trkpt lat="45.0216090" lon="6.6475460">
    <ele>1638.2</ele>
   </trkpt>
   <trkpt lat="45.0215930" lon="6.6475870">
    <ele>1638.6</ele>
   </trkpt>
   <trkpt lat="45.0215850" lon="6.6475970">
    <ele>1638.7</ele>
   </trkpt>
   <trkpt lat="45.0215770" lon="6.6476430">
    <ele>1639.1</ele>
   </trkpt>
   <trkpt lat="45.0215750" lon="6.6476590">
    <ele>1639.2</ele>
   </trkpt>
   <trkpt lat="45.0215710" lon="6.6477080">
    <ele>1639.6</ele>
   </trkpt>
   <trkpt lat="45.0215680" lon="6.6477250">
    <ele>1639.7</ele>
   </trkpt>
   <trkpt lat="45.0215510" lon="6.6477730">
    <ele>1640.2</ele>
   </trkpt>
   <trkpt lat="45.0215450" lon="6.6477910">
    <ele>1640.3</ele>
   </trkpt>
   <trkpt lat="45.0215290" lon="6.6478370">
    <ele>1640.8</ele>
   </trkpt>
   <trkpt lat="45.0215220" lon="6.6478540">
    <ele>1640.9</ele>
   </trkpt>
   <trkpt lat="45.0215090" lon="6.6479000">
    <ele>1641.3</ele>
   </trkpt>
   <trkpt lat="45.0215030" lon="6.6479140">
    <ele>1641.5</ele>
   </trkpt>
   <trkpt lat="45.0214740" lon="6.6479700">
    <ele>1642.0</ele>
   </trkpt>
   <trkpt lat="45.0214590" lon="6.6480130">
    <ele>1642.4</ele>
   </trkpt>
   <trkpt lat="45.0214530" lon="6.6480270">
    <ele>1642.5</ele>
   </trkpt>
   <trkpt lat="45.0214420" lon="6.6480660">
    <ele>1642.8</ele>
   </trkpt>
   <trkpt lat="45.0214390" lon="6.6480760">
    <ele>1642.9</ele>
   </trkpt>
   <trkpt lat="45.0214250" lon="6.6481100">
    <ele>1643.2</ele>
   </trkpt>
   <trkpt lat="45.0214210" lon="6.6481230">
    <ele>1643.3</ele>
   </trkpt>
   <trkpt lat="45.0214090" lon="6.6481690">
    <ele>1643.7</ele>
   </trkpt>
   <trkpt lat="45.0214060" lon="6.6481840">
    <ele>1643.8</ele>
   </trkpt>
   <trkpt lat="45.0213970" lon="6.6482280">
    <ele>1644.1</ele>
   </trkpt>
   <trkpt lat="45.0213930" lon="6.6482420">
    <ele>1644.2</ele>
   </trkpt>
   <trkpt lat="45.0213860" lon="6.6482820">
    <ele>1644.5</ele>
   </trkpt>
   <trkpt lat="45.0213840" lon="6.6482950">
    <ele>1644.6</ele>
   </trkpt>
   <trkpt lat="45.0213690" lon="6.6483340">
    <ele>1645.0</ele>
   </trkpt>
   <trkpt lat="45.0213610" lon="6.6483470">
    <ele>1645.1</ele>
   </trkpt>
   <trkpt lat="45.0213410" lon="6.6483870">
    <ele>1645.4</ele>
   </trkpt>
   <trkpt lat="45.0213350" lon="6.6484010">
    <ele>1645.5</ele>
   </trkpt>
   <trkpt lat="45.0213200" lon="6.6484500">
    <ele>1645.9</ele>
   </trkpt>
   <trkpt lat="45.0213160" lon="6.6484650">
    <ele>1646.0</ele>
   </trkpt>
   <trkpt lat="45.0213070" lon="6.6485070">
    <ele>1646.4</ele>
   </trkpt>
   <trkpt lat="45.0213050" lon="6.6485190">
    <ele>1646.5</ele>
   </trkpt>
   <trkpt lat="45.0212990" lon="6.6485610">
    <ele>1646.8</ele>
   </trkpt>
   <trkpt lat="45.0212970" lon="6.6485740">
    <ele>1646.9</ele>
   </trkpt>
   <trkpt lat="45.0212970" lon="6.6486170">
    <ele>1647.2</ele>
   </trkpt>
   <trkpt lat="45.0212970" lon="6.6486340">
    <ele>1647.3</ele>
   </trkpt>
   <trkpt lat="45.0212950" lon="6.6486880">
    <ele>1647.7</ele>
   </trkpt>
   <trkpt lat="45.0212940" lon="6.6487060">
    <ele>1647.8</ele>
   </trkpt>
   <trkpt lat="45.0212910" lon="6.6487580">
    <ele>1648.2</ele>
   </trkpt>
   <trkpt lat="45.0212890" lon="6.6487730">
    <ele>1648.3</ele>
   </trkpt>
   <trkpt lat="45.0212890" lon="6.6488160">
    <ele>1648.6</ele>
   </trkpt>
   <trkpt lat="45.0212880" lon="6.6488310">
    <ele>1648.7</ele>
   </trkpt>
   <trkpt lat="45.0212880" lon="6.6488850">
    <ele>1649.1</ele>
   </trkpt>
   <trkpt lat="45.0212870" lon="6.6489020">
    <ele>1649.2</ele>
   </trkpt>
   <trkpt lat="45.0212870" lon="6.6489500">
    <ele>1649.6</ele>
   </trkpt>
   <trkpt lat="45.0212860" lon="6.6489660">
    <ele>1649.7</ele>
   </trkpt>
   <trkpt lat="45.0212860" lon="6.6490010">
    <ele>1649.9</ele>
   </trkpt>
   <trkpt lat="45.0212930" lon="6.6490670">
    <ele>1650.4</ele>
   </trkpt>
   <trkpt lat="45.0213030" lon="6.6491070">
    <ele>1650.7</ele>
   </trkpt>
   <trkpt lat="45.0213060" lon="6.6491220">
    <ele>1650.8</ele>
   </trkpt>
   <trkpt lat="45.0213130" lon="6.6491700">
    <ele>1651.1</ele>
   </trkpt>
   <trkpt lat="45.0213130" lon="6.6491870">
    <ele>1651.2</ele>
   </trkpt>
   <trkpt lat="45.0213140" lon="6.6492210">
    <ele>1651.5</ele>
   </trkpt>
   <trkpt lat="45.0213210" lon="6.6492850">
    <ele>1651.9</ele>
   </trkpt>
   <trkpt lat="45.0213250" lon="6.6493370">
    <ele>1652.2</ele>
   </trkpt>
   <trkpt lat="45.0213260" lon="6.6493530">
    <ele>1652.3</ele>
   </trkpt>
   <trkpt lat="45.0213260" lon="6.6494050">
    <ele>1652.7</ele>
   </trkpt>
   <trkpt lat="45.0213270" lon="6.6494230">
    <ele>1652.8</ele>
   </trkpt>
   <trkpt lat="45.0213260" lon="6.6494660">
    <ele>1653.1</ele>
   </trkpt>
   <trkpt lat="45.0213240" lon="6.6494800">
    <ele>1653.2</ele>
   </trkpt>
   <trkpt lat="45.0213240" lon="6.6495260">
    <ele>1653.5</ele>
   </trkpt>
   <trkpt lat="45.0213240" lon="6.6495430">
    <ele>1653.6</ele>
   </trkpt>
   <trkpt lat="45.0213250" lon="6.6495930">
    <ele>1653.9</ele>
   </trkpt>
   <trkpt lat="45.0213240" lon="6.6496090">
    <ele>1654.0</ele>
   </trkpt>
   <trkpt lat="45.0213240" lon="6.6496520">
    <ele>1654.3</ele>
   </trkpt>
   <trkpt lat="45.0213240" lon="6.6496640">
    <ele>1654.4</ele>
   </trkpt>
   <trkpt lat="45.0213210" lon="6.6497120">
    <ele>1654.7</ele>
   </trkpt>
   <trkpt lat="45.0213180" lon="6.6497270">
    <ele>1654.8</ele>
   </trkpt>
   <trkpt lat="45.0213050" lon="6.6497810">
    <ele>1655.1</ele>
   </trkpt>
   <trkpt lat="45.0212990" lon="6.6497990">
    <ele>1655.3</ele>
   </trkpt>
   <trkpt lat="45.0212860" lon="6.6498410">
    <ele>1655.6</ele>
   </trkpt>
   <trkpt lat="45.0212810" lon="6.6498540">
    <ele>1655.7</ele>
   </trkpt>
   <trkpt lat="45.0212660" lon="6.6498940">
    <ele>1656.0</ele>
   </trkpt>
   <trkpt lat="45.0212610" lon="6.6499070">
    <ele>1656.1</ele>
   </trkpt>
   <trkpt lat="45.0212330" lon="6.6500140">
    <ele>1656.8</ele>
   </trkpt>
   <trkpt lat="45.0212090" lon="6.6500900">
    <ele>1657.4</ele>
   </trkpt>
   <trkpt lat="45.0211850" lon="6.6501650">
    <ele>1658.0</ele>
   </trkpt>
   <trkpt lat="45.0211780" lon="6.6502090">
    <ele>1658.3</ele>
   </trkpt>
   <trkpt lat="45.0211840" lon="6.6502520">
    <ele>1658.6</ele>
   </trkpt>
   <trkpt lat="45.0211820" lon="6.6502630">
    <ele>1658.6</ele>
   </trkpt>
   <trkpt lat="45.0211810" lon="6.6502840">
    <ele>1658.8</ele>
   </trkpt>
   <trkpt lat="45.0211690" lon="6.6503000">
    <ele>1659.0</ele>
   </trkpt>
   <trkpt lat="45.0211530" lon="6.6503160">
    <ele>1659.1</ele>
   </trkpt>
   <trkpt lat="45.0211540" lon="6.6503340">
    <ele>1659.3</ele>
   </trkpt>
   <trkpt lat="45.0211440" lon="6.6503390">
    <ele>1659.4</ele>
   </trkpt>
   <trkpt lat="45.0211420" lon="6.6503810">
    <ele>1659.7</ele>
   </trkpt>
   <trkpt lat="45.0211490" lon="6.6504490">
    <ele>1660.1</ele>
   </trkpt>
   <trkpt lat="45.0211270" lon="6.6504820">
    <ele>1660.4</ele>
   </trkpt>
   <trkpt lat="45.0211180" lon="6.6504960">
    <ele>1660.5</ele>
   </trkpt>
   <trkpt lat="45.0211000" lon="6.6505370">
    <ele>1660.8</ele>
   </trkpt>
   <trkpt lat="45.0210930" lon="6.6505490">
    <ele>1660.9</ele>
   </trkpt>
   <trkpt lat="45.0210820" lon="6.6505930">
    <ele>1661.3</ele>
   </trkpt>
   <trkpt lat="45.0210800" lon="6.6506080">
    <ele>1661.4</ele>
   </trkpt>
   <trkpt lat="45.0210740" lon="6.6506460">
    <ele>1661.6</ele>
   </trkpt>
   <trkpt lat="45.0210720" lon="6.6506590">
    <ele>1661.7</ele>
   </trkpt>
   <trkpt lat="45.0210660" lon="6.6507030">
    <ele>1662.0</ele>
   </trkpt>
   <trkpt lat="45.0210620" lon="6.6507160">
    <ele>1662.1</ele>
   </trkpt>
   <trkpt lat="45.0210600" lon="6.6507540">
    <ele>1662.3</ele>
   </trkpt>
   <trkpt lat="45.0210600" lon="6.6507690">
    <ele>1662.4</ele>
   </trkpt>
   <trkpt lat="45.0210520" lon="6.6508080">
    <ele>1662.7</ele>
   </trkpt>
   <trkpt lat="45.0210500" lon="6.6508240">
    <ele>1662.8</ele>
   </trkpt>
   <trkpt lat="45.0210430" lon="6.6508690">
    <ele>1663.1</ele>
   </trkpt>
   <trkpt lat="45.0210330" lon="6.6509050">
    <ele>1663.3</ele>
   </trkpt>
   <trkpt lat="45.0210250" lon="6.6509440">
    <ele>1663.6</ele>
   </trkpt>
   <trkpt lat="45.0210240" lon="6.6509720">
    <ele>1663.8</ele>
   </trkpt>
   <trkpt lat="45.0210170" lon="6.6509900">
    <ele>1663.9</ele>
   </trkpt>
   <trkpt lat="45.0210040" lon="6.6510260">
    <ele>1664.2</ele>
   </trkpt>
   <trkpt lat="45.0209960" lon="6.6510770">
    <ele>1664.5</ele>
   </trkpt>
   <trkpt lat="45.0209920" lon="6.6510930">
    <ele>1664.6</ele>
   </trkpt>
   <trkpt lat="45.0209810" lon="6.6511480">
    <ele>1665.0</ele>
   </trkpt>
   <trkpt lat="45.0209750" lon="6.6511660">
    <ele>1665.1</ele>
   </trkpt>
   <trkpt lat="45.0209670" lon="6.6512170">
    <ele>1665.4</ele>
   </trkpt>
   <trkpt lat="45.0209630" lon="6.6512340">
    <ele>1665.6</ele>
   </trkpt>
   <trkpt lat="45.0209500" lon="6.6512810">
    <ele>1665.9</ele>
   </trkpt>
   <trkpt lat="45.0209470" lon="6.6512980">
    <ele>1666.0</ele>
   </trkpt>
   <trkpt lat="45.0209360" lon="6.6513490">
    <ele>1666.4</ele>
   </trkpt>
   <trkpt lat="45.0209320" lon="6.6513650">
    <ele>1666.5</ele>
   </trkpt>
   <trkpt lat="45.0209260" lon="6.6514090">
    <ele>1666.8</ele>
   </trkpt>
   <trkpt lat="45.0209230" lon="6.6514230">
    <ele>1666.9</ele>
   </trkpt>
   <trkpt lat="45.0209160" lon="6.6514660">
    <ele>1667.2</ele>
   </trkpt>
   <trkpt lat="45.0209140" lon="6.6514800">
    <ele>1667.3</ele>
   </trkpt>
   <trkpt lat="45.0209080" lon="6.6515290">
    <ele>1667.7</ele>
   </trkpt>
   <trkpt lat="45.0209050" lon="6.6515440">
    <ele>1667.8</ele>
   </trkpt>
   <trkpt lat="45.0209020" lon="6.6515940">
    <ele>1668.2</ele>
   </trkpt>
   <trkpt lat="45.0209020" lon="6.6516080">
    <ele>1668.3</ele>
   </trkpt>
   <trkpt lat="45.0209040" lon="6.6516560">
    <ele>1668.6</ele>
   </trkpt>
   <trkpt lat="45.0209040" lon="6.6516730">
    <ele>1668.7</ele>
   </trkpt>
   <trkpt lat="45.0208940" lon="6.6517390">
    <ele>1669.3</ele>
   </trkpt>
   <trkpt lat="45.0208900" lon="6.6517850">
    <ele>1669.6</ele>
   </trkpt>
   <trkpt lat="45.0208900" lon="6.6518010">
    <ele>1669.7</ele>
   </trkpt>
   <trkpt lat="45.0208860" lon="6.6518440">
    <ele>1670.1</ele>
   </trkpt>
   <trkpt lat="45.0208820" lon="6.6518580">
    <ele>1670.2</ele>
   </trkpt>
   <trkpt lat="45.0208730" lon="6.6519010">
    <ele>1670.5</ele>
   </trkpt>
   <trkpt lat="45.0208700" lon="6.6519150">
    <ele>1670.7</ele>
   </trkpt>
   <trkpt lat="45.0208670" lon="6.6519570">
    <ele>1671.0</ele>
   </trkpt>
   <trkpt lat="45.0208650" lon="6.6519710">
    <ele>1671.1</ele>
   </trkpt>
   <trkpt lat="45.0208630" lon="6.6519950">
    <ele>1671.3</ele>
   </trkpt>
   <trkpt lat="45.0208640" lon="6.6520210">
    <ele>1671.5</ele>
   </trkpt>
   <trkpt lat="45.0208690" lon="6.6520670">
    <ele>1671.9</ele>
   </trkpt>
   <trkpt lat="45.0208700" lon="6.6520840">
    <ele>1672.0</ele>
   </trkpt>
   <trkpt lat="45.0208690" lon="6.6521240">
    <ele>1672.3</ele>
   </trkpt>
   <trkpt lat="45.0208690" lon="6.6521380">
    <ele>1672.4</ele>
   </trkpt>
   <trkpt lat="45.0208750" lon="6.6521820">
    <ele>1672.8</ele>
   </trkpt>
   <trkpt lat="45.0208750" lon="6.6521980">
    <ele>1672.9</ele>
   </trkpt>
   <trkpt lat="45.0208820" lon="6.6523630">
    <ele>1674.2</ele>
   </trkpt>
   <trkpt lat="45.0208810" lon="6.6523720">
    <ele>1674.2</ele>
   </trkpt>
   <trkpt lat="45.0208760" lon="6.6523930">
    <ele>1674.4</ele>
   </trkpt>
   <trkpt lat="45.0208710" lon="6.6524200">
    <ele>1674.6</ele>
   </trkpt>
   <trkpt lat="45.0208640" lon="6.6524870">
    <ele>1675.2</ele>
   </trkpt>
   <trkpt lat="45.0208630" lon="6.6525290">
    <ele>1675.5</ele>
   </trkpt>
   <trkpt lat="45.0208630" lon="6.6525700">
    <ele>1675.8</ele>
   </trkpt>
   <trkpt lat="45.0208610" lon="6.6525840">
    <ele>1675.9</ele>
   </trkpt>
   <trkpt lat="45.0208410" lon="6.6526230">
    <ele>1676.3</ele>
   </trkpt>
   <trkpt lat="45.0208330" lon="6.6526300">
    <ele>1676.4</ele>
   </trkpt>
   <trkpt lat="45.0208090" lon="6.6526710">
    <ele>1676.8</ele>
   </trkpt>
   <trkpt lat="45.0208000" lon="6.6526830">
    <ele>1677.0</ele>
   </trkpt>
   <trkpt lat="45.0207780" lon="6.6527170">
    <ele>1677.3</ele>
   </trkpt>
   <trkpt lat="45.0207710" lon="6.6527220">
    <ele>1677.4</ele>
   </trkpt>
   <trkpt lat="45.0207600" lon="6.6527370">
    <ele>1677.6</ele>
   </trkpt>
   <trkpt lat="45.0207480" lon="6.6527550">
    <ele>1677.8</ele>
   </trkpt>
   <trkpt lat="45.0207400" lon="6.6527950">
    <ele>1678.1</ele>
   </trkpt>
   <trkpt lat="45.0207370" lon="6.6528090">
    <ele>1678.2</ele>
   </trkpt>
   <trkpt lat="45.0207370" lon="6.6528510">
    <ele>1678.5</ele>
   </trkpt>
   <trkpt lat="45.0207350" lon="6.6528640">
    <ele>1678.6</ele>
   </trkpt>
   <trkpt lat="45.0207370" lon="6.6528990">
    <ele>1678.9</ele>
   </trkpt>
   <trkpt lat="45.0207410" lon="6.6529530">
    <ele>1679.3</ele>
   </trkpt>
   <trkpt lat="45.0207470" lon="6.6529980">
    <ele>1679.7</ele>
   </trkpt>
   <trkpt lat="45.0207430" lon="6.6530440">
    <ele>1680.1</ele>
   </trkpt>
   <trkpt lat="45.0207220" lon="6.6531120">
    <ele>1680.6</ele>
   </trkpt>
   <trkpt lat="45.0207360" lon="6.6531570">
    <ele>1681.0</ele>
   </trkpt>
   <trkpt lat="45.0207480" lon="6.6531690">
    <ele>1681.2</ele>
   </trkpt>
   <trkpt lat="45.0207350" lon="6.6532050">
    <ele>1681.5</ele>
   </trkpt>
   <trkpt lat="45.0207370" lon="6.6532180">
    <ele>1681.6</ele>
   </trkpt>
   <trkpt lat="45.0207380" lon="6.6532690">
    <ele>1681.9</ele>
   </trkpt>
   <trkpt lat="45.0207380" lon="6.6532910">
    <ele>1682.1</ele>
   </trkpt>
   <trkpt lat="45.0207180" lon="6.6532890">
    <ele>1682.3</ele>
   </trkpt>
   <trkpt lat="45.0207120" lon="6.6533080">
    <ele>1682.5</ele>
   </trkpt>
   <trkpt lat="45.0207090" lon="6.6533770">
    <ele>1683.0</ele>
   </trkpt>
   <trkpt lat="45.0206940" lon="6.6534110">
    <ele>1683.3</ele>
   </trkpt>
   <trkpt lat="45.0206700" lon="6.6534400">
    <ele>1683.6</ele>
   </trkpt>
   <trkpt lat="45.0206630" lon="6.6534530">
    <ele>1683.7</ele>
   </trkpt>
   <trkpt lat="45.0206610" lon="6.6534790">
    <ele>1683.9</ele>
   </trkpt>
   <trkpt lat="45.0206600" lon="6.6535200">
    <ele>1684.2</ele>
   </trkpt>
   <trkpt lat="45.0206580" lon="6.6535360">
    <ele>1684.3</ele>
   </trkpt>
   <trkpt lat="45.0206470" lon="6.6535760">
    <ele>1684.6</ele>
   </trkpt>
   <trkpt lat="45.0206340" lon="6.6536160">
    <ele>1684.9</ele>
   </trkpt>
   <trkpt lat="45.0206310" lon="6.6536270">
    <ele>1685.0</ele>
   </trkpt>
   <trkpt lat="45.0206250" lon="6.6536490">
    <ele>1685.1</ele>
   </trkpt>
   <trkpt lat="45.0206160" lon="6.6536720">
    <ele>1685.3</ele>
   </trkpt>
   <trkpt lat="45.0206050" lon="6.6537070">
    <ele>1685.6</ele>
   </trkpt>
   <trkpt lat="45.0205940" lon="6.6537400">
    <ele>1685.8</ele>
   </trkpt>
   <trkpt lat="45.0205780" lon="6.6538150">
    <ele>1686.3</ele>
   </trkpt>
   <trkpt lat="45.0205700" lon="6.6538540">
    <ele>1686.6</ele>
   </trkpt>
   <trkpt lat="45.0205660" lon="6.6538650">
    <ele>1686.7</ele>
   </trkpt>
   <trkpt lat="45.0205610" lon="6.6539150">
    <ele>1687.0</ele>
   </trkpt>
   <trkpt lat="45.0205590" lon="6.6539310">
    <ele>1687.1</ele>
   </trkpt>
   <trkpt lat="45.0205580" lon="6.6539780">
    <ele>1687.4</ele>
   </trkpt>
   <trkpt lat="45.0205560" lon="6.6539960">
    <ele>1687.5</ele>
   </trkpt>
   <trkpt lat="45.0205550" lon="6.6540390">
    <ele>1687.8</ele>
   </trkpt>
   <trkpt lat="45.0205560" lon="6.6540540">
    <ele>1687.9</ele>
   </trkpt>
   <trkpt lat="45.0205560" lon="6.6541000">
    <ele>1688.2</ele>
   </trkpt>
   <trkpt lat="45.0205550" lon="6.6541170">
    <ele>1688.3</ele>
   </trkpt>
   <trkpt lat="45.0205530" lon="6.6541590">
    <ele>1688.6</ele>
   </trkpt>
   <trkpt lat="45.0205580" lon="6.6542100">
    <ele>1689.0</ele>
   </trkpt>
   <trkpt lat="45.0205590" lon="6.6542280">
    <ele>1689.1</ele>
   </trkpt>
   <trkpt lat="45.0205570" lon="6.6542740">
    <ele>1689.4</ele>
   </trkpt>
   <trkpt lat="45.0205550" lon="6.6542890">
    <ele>1689.5</ele>
   </trkpt>
   <trkpt lat="45.0205540" lon="6.6543310">
    <ele>1689.8</ele>
   </trkpt>
   <trkpt lat="45.0205550" lon="6.6543470">
    <ele>1689.9</ele>
   </trkpt>
   <trkpt lat="45.0205590" lon="6.6544010">
    <ele>1690.2</ele>
   </trkpt>
   <trkpt lat="45.0205610" lon="6.6544180">
    <ele>1690.4</ele>
   </trkpt>
   <trkpt lat="45.0205810" lon="6.6544550">
    <ele>1690.7</ele>
   </trkpt>
   <trkpt lat="45.0205870" lon="6.6544690">
    <ele>1690.8</ele>
   </trkpt>
   <trkpt lat="45.0206010" lon="6.6545160">
    <ele>1691.1</ele>
   </trkpt>
   <trkpt lat="45.0206040" lon="6.6545320">
    <ele>1691.2</ele>
   </trkpt>
   <trkpt lat="45.0206140" lon="6.6545750">
    <ele>1691.5</ele>
   </trkpt>
   <trkpt lat="45.0206180" lon="6.6545890">
    <ele>1691.6</ele>
   </trkpt>
   <trkpt lat="45.0206430" lon="6.6546190">
    <ele>1691.9</ele>
   </trkpt>
   <trkpt lat="45.0206530" lon="6.6546270">
    <ele>1692.0</ele>
   </trkpt>
   <trkpt lat="45.0206790" lon="6.6546540">
    <ele>1692.3</ele>
   </trkpt>
   <trkpt lat="45.0206870" lon="6.6546650">
    <ele>1692.4</ele>
   </trkpt>
   <trkpt lat="45.0207090" lon="6.6547000">
    <ele>1692.7</ele>
   </trkpt>
   <trkpt lat="45.0207150" lon="6.6547130">
    <ele>1692.8</ele>
   </trkpt>
   <trkpt lat="45.0207310" lon="6.6547530">
    <ele>1693.1</ele>
   </trkpt>
   <trkpt lat="45.0207370" lon="6.6547640">
    <ele>1693.2</ele>
   </trkpt>
   <trkpt lat="45.0207630" lon="6.6547860">
    <ele>1693.5</ele>
   </trkpt>
   <trkpt lat="45.0207750" lon="6.6547920">
    <ele>1693.6</ele>
   </trkpt>
   <trkpt lat="45.0208050" lon="6.6548010">
    <ele>1693.9</ele>
   </trkpt>
   <trkpt lat="45.0208150" lon="6.6548060">
    <ele>1694.0</ele>
   </trkpt>
   <trkpt lat="45.0208460" lon="6.6548160">
    <ele>1694.3</ele>
   </trkpt>
   <trkpt lat="45.0208560" lon="6.6548210">
    <ele>1694.4</ele>
   </trkpt>
   <trkpt lat="45.0208890" lon="6.6548260">
    <ele>1694.7</ele>
   </trkpt>
   <trkpt lat="45.0208990" lon="6.6548310">
    <ele>1694.8</ele>
   </trkpt>
   <trkpt lat="45.0209290" lon="6.6548300">
    <ele>1695.1</ele>
   </trkpt>
   <trkpt lat="45.0209380" lon="6.6548260">
    <ele>1695.2</ele>
   </trkpt>
   <trkpt lat="45.0209660" lon="6.6548100">
    <ele>1695.5</ele>
   </trkpt>
   <trkpt lat="45.0209920" lon="6.6547900">
    <ele>1695.7</ele>
   </trkpt>
   <trkpt lat="45.0210230" lon="6.6547730">
    <ele>1696.0</ele>
   </trkpt>
   <trkpt lat="45.0210540" lon="6.6547570">
    <ele>1696.3</ele>
   </trkpt>
   <trkpt lat="45.0210640" lon="6.6547400">
    <ele>1696.4</ele>
   </trkpt>
   <trkpt lat="45.0210790" lon="6.6546990">
    <ele>1696.6</ele>
   </trkpt>
   <trkpt lat="45.0210970" lon="6.6546540">
    <ele>1696.9</ele>
   </trkpt>
   <trkpt lat="45.0211000" lon="6.6546390">
    <ele>1696.9</ele>
   </trkpt>
   <trkpt lat="45.0211100" lon="6.6545910">
    <ele>1697.2</ele>
   </trkpt>
   <trkpt lat="45.0211130" lon="6.6545760">
    <ele>1697.2</ele>
   </trkpt>
   <trkpt lat="45.0211180" lon="6.6545360">
    <ele>1697.4</ele>
   </trkpt>
   <trkpt lat="45.0211190" lon="6.6544920">
    <ele>1697.6</ele>
   </trkpt>
   <trkpt lat="45.0211220" lon="6.6544480">
    <ele>1697.7</ele>
   </trkpt>
   <trkpt lat="45.0211230" lon="6.6544040">
    <ele>1697.9</ele>
   </trkpt>
   <trkpt lat="45.0211220" lon="6.6543590">
    <ele>1698.0</ele>
   </trkpt>
   <trkpt lat="45.0211220" lon="6.6543120">
    <ele>1698.1</ele>
   </trkpt>
   <trkpt lat="45.0211130" lon="6.6542620">
    <ele>1698.3</ele>
   </trkpt>
   <trkpt lat="45.0211020" lon="6.6541540">
    <ele>1698.7</ele>
   </trkpt>
   <trkpt lat="45.0210930" lon="6.6541070">
    <ele>1698.8</ele>
   </trkpt>
   <trkpt lat="45.0210880" lon="6.6540690">
    <ele>1699.0</ele>
   </trkpt>
   <trkpt lat="45.0210920" lon="6.6540180">
    <ele>1699.2</ele>
   </trkpt>
   <trkpt lat="45.0210930" lon="6.6539720">
    <ele>1699.3</ele>
   </trkpt>
   <trkpt lat="45.0210940" lon="6.6539230">
    <ele>1699.5</ele>
   </trkpt>
   <trkpt lat="45.0210950" lon="6.6538710">
    <ele>1699.8</ele>
   </trkpt>
   <trkpt lat="45.0211000" lon="6.6538220">
    <ele>1700.0</ele>
   </trkpt>
   <trkpt lat="45.0211120" lon="6.6537730">
    <ele>1700.2</ele>
   </trkpt>
   <trkpt lat="45.0211240" lon="6.6537290">
    <ele>1700.4</ele>
   </trkpt>
   <trkpt lat="45.0211400" lon="6.6536850">
    <ele>1700.6</ele>
   </trkpt>
   <trkpt lat="45.0211640" lon="6.6536460">
    <ele>1700.9</ele>
   </trkpt>
   <trkpt lat="45.0211990" lon="6.6536300">
    <ele>1701.1</ele>
   </trkpt>
   <trkpt lat="45.0212370" lon="6.6536350">
    <ele>1701.3</ele>
   </trkpt>
   <trkpt lat="45.0212820" lon="6.6536480">
    <ele>1701.6</ele>
   </trkpt>
   <trkpt lat="45.0213180" lon="6.6536750">
    <ele>1701.8</ele>
   </trkpt>
   <trkpt lat="45.0213530" lon="6.6537080">
    <ele>1702.0</ele>
   </trkpt>
   <trkpt lat="45.0213760" lon="6.6537440">
    <ele>1702.2</ele>
   </trkpt>
   <trkpt lat="45.0213920" lon="6.6537830">
    <ele>1702.3</ele>
   </trkpt>
   <trkpt lat="45.0213970" lon="6.6538290">
    <ele>1702.5</ele>
   </trkpt>
   <trkpt lat="45.0213990" lon="6.6538790">
    <ele>1702.7</ele>
   </trkpt>
   <trkpt lat="45.0214000" lon="6.6539320">
    <ele>1702.9</ele>
   </trkpt>
   <trkpt lat="45.0213960" lon="6.6539750">
    <ele>1703.1</ele>
   </trkpt>
   <trkpt lat="45.0213990" lon="6.6540260">
    <ele>1703.3</ele>
   </trkpt>
   <trkpt lat="45.0214000" lon="6.6540450">
    <ele>1703.4</ele>
   </trkpt>
   <trkpt lat="45.0214050" lon="6.6540710">
    <ele>1703.5</ele>
   </trkpt>
   <trkpt lat="45.0214060" lon="6.6540940">
    <ele>1703.6</ele>
   </trkpt>
   <trkpt lat="45.0214170" lon="6.6541410">
    <ele>1703.8</ele>
   </trkpt>
   <trkpt lat="45.0214220" lon="6.6541560">
    <ele>1703.9</ele>
   </trkpt>
   <trkpt lat="45.0214280" lon="6.6541970">
    <ele>1704.0</ele>
   </trkpt>
   <trkpt lat="45.0214290" lon="6.6542550">
    <ele>1704.3</ele>
   </trkpt>
   <trkpt lat="45.0214300" lon="6.6542770">
    <ele>1704.4</ele>
   </trkpt>
   <trkpt lat="45.0214310" lon="6.6543210">
    <ele>1704.6</ele>
   </trkpt>
   <trkpt lat="45.0214340" lon="6.6543700">
    <ele>1704.8</ele>
   </trkpt>
   <trkpt lat="45.0214380" lon="6.6544120">
    <ele>1705.0</ele>
   </trkpt>
   <trkpt lat="45.0214430" lon="6.6544630">
    <ele>1705.2</ele>
   </trkpt>
   <trkpt lat="45.0214470" lon="6.6544840">
    <ele>1705.3</ele>
   </trkpt>
   <trkpt lat="45.0214600" lon="6.6545180">
    <ele>1705.5</ele>
   </trkpt>
   <trkpt lat="45.0214630" lon="6.6545460">
    <ele>1705.6</ele>
   </trkpt>
   <trkpt lat="45.0214740" lon="6.6546150">
    <ele>1705.9</ele>
   </trkpt>
   <trkpt lat="45.0214820" lon="6.6546670">
    <ele>1706.2</ele>
   </trkpt>
   <trkpt lat="45.0214840" lon="6.6546830">
    <ele>1706.3</ele>
   </trkpt>
   <trkpt lat="45.0214970" lon="6.6547230">
    <ele>1706.5</ele>
   </trkpt>
   <trkpt lat="45.0215020" lon="6.6547380">
    <ele>1706.5</ele>
   </trkpt>
   <trkpt lat="45.0215110" lon="6.6547820">
    <ele>1706.8</ele>
   </trkpt>
   <trkpt lat="45.0215140" lon="6.6547970">
    <ele>1706.8</ele>
   </trkpt>
   <trkpt lat="45.0215150" lon="6.6548420">
    <ele>1707.0</ele>
   </trkpt>
   <trkpt lat="45.0215140" lon="6.6548580">
    <ele>1707.1</ele>
   </trkpt>
   <trkpt lat="45.0215260" lon="6.6549010">
    <ele>1707.3</ele>
   </trkpt>
   <trkpt lat="45.0215320" lon="6.6549150">
    <ele>1707.4</ele>
   </trkpt>
   <trkpt lat="45.0215470" lon="6.6549560">
    <ele>1707.6</ele>
   </trkpt>
   <trkpt lat="45.0215510" lon="6.6549680">
    <ele>1707.7</ele>
   </trkpt>
   <trkpt lat="45.0215660" lon="6.6550110">
    <ele>1707.9</ele>
   </trkpt>
   <trkpt lat="45.0215710" lon="6.6550290">
    <ele>1708.0</ele>
   </trkpt>
   <trkpt lat="45.0215900" lon="6.6550730">
    <ele>1708.3</ele>
   </trkpt>
   <trkpt lat="45.0215950" lon="6.6550890">
    <ele>1708.4</ele>
   </trkpt>
   <trkpt lat="45.0216030" lon="6.6551330">
    <ele>1708.6</ele>
   </trkpt>
   <trkpt lat="45.0216070" lon="6.6551500">
    <ele>1708.7</ele>
   </trkpt>
   <trkpt lat="45.0216190" lon="6.6551970">
    <ele>1708.9</ele>
   </trkpt>
   <trkpt lat="45.0216230" lon="6.6552100">
    <ele>1709.0</ele>
   </trkpt>
   <trkpt lat="45.0216450" lon="6.6552410">
    <ele>1709.2</ele>
   </trkpt>
   <trkpt lat="45.0216540" lon="6.6552490">
    <ele>1709.3</ele>
   </trkpt>
   <trkpt lat="45.0216690" lon="6.6552650">
    <ele>1709.4</ele>
   </trkpt>
   <trkpt lat="45.0216780" lon="6.6552840">
    <ele>1709.5</ele>
   </trkpt>
   <trkpt lat="45.0217000" lon="6.6553110">
    <ele>1709.7</ele>
   </trkpt>
   <trkpt lat="45.0217120" lon="6.6553560">
    <ele>1710.0</ele>
   </trkpt>
   <trkpt lat="45.0217200" lon="6.6553670">
    <ele>1710.0</ele>
   </trkpt>
   <trkpt lat="45.0217410" lon="6.6553980">
    <ele>1710.3</ele>
   </trkpt>
   <trkpt lat="45.0217460" lon="6.6554080">
    <ele>1710.3</ele>
   </trkpt>
   <trkpt lat="45.0217750" lon="6.6554420">
    <ele>1710.6</ele>
   </trkpt>
   <trkpt lat="45.0217850" lon="6.6554540">
    <ele>1710.7</ele>
   </trkpt>
   <trkpt lat="45.0218160" lon="6.6554820">
    <ele>1710.9</ele>
   </trkpt>
   <trkpt lat="45.0218260" lon="6.6554910">
    <ele>1711.0</ele>
   </trkpt>
   <trkpt lat="45.0218460" lon="6.6555160">
    <ele>1711.2</ele>
   </trkpt>
   <trkpt lat="45.0218730" lon="6.6555400">
    <ele>1711.4</ele>
   </trkpt>
   <trkpt lat="45.0218810" lon="6.6555480">
    <ele>1711.5</ele>
   </trkpt>
   <trkpt lat="45.0218980" lon="6.6555630">
    <ele>1711.7</ele>
   </trkpt>
   <trkpt lat="45.0219070" lon="6.6555830">
    <ele>1711.8</ele>
   </trkpt>
   <trkpt lat="45.0219350" lon="6.6556190">
    <ele>1712.0</ele>
   </trkpt>
   <trkpt lat="45.0219460" lon="6.6556350">
    <ele>1712.2</ele>
   </trkpt>
   <trkpt lat="45.0219680" lon="6.6556610">
    <ele>1712.4</ele>
   </trkpt>
   <trkpt lat="45.0219990" lon="6.6556880">
    <ele>1712.6</ele>
   </trkpt>
   <trkpt lat="45.0220090" lon="6.6557000">
    <ele>1712.7</ele>
   </trkpt>
   <trkpt lat="45.0220370" lon="6.6557300">
    <ele>1713.0</ele>
   </trkpt>
   <trkpt lat="45.0220470" lon="6.6557390">
    <ele>1713.1</ele>
   </trkpt>
   <trkpt lat="45.0220770" lon="6.6557560">
    <ele>1713.3</ele>
   </trkpt>
   <trkpt lat="45.0221040" lon="6.6557800">
    <ele>1713.5</ele>
   </trkpt>
   <trkpt lat="45.0221290" lon="6.6558140">
    <ele>1713.8</ele>
   </trkpt>
   <trkpt lat="45.0221340" lon="6.6558250">
    <ele>1713.9</ele>
   </trkpt>
   <trkpt lat="45.0221690" lon="6.6558380">
    <ele>1714.1</ele>
   </trkpt>
   <trkpt lat="45.0221830" lon="6.6558410">
    <ele>1714.2</ele>
   </trkpt>
   <trkpt lat="45.0222130" lon="6.6558620">
    <ele>1714.5</ele>
   </trkpt>
   <trkpt lat="45.0222230" lon="6.6558670">
    <ele>1714.6</ele>
   </trkpt>
   <trkpt lat="45.0222490" lon="6.6558800">
    <ele>1714.8</ele>
   </trkpt>
   <trkpt lat="45.0222820" lon="6.6559080">
    <ele>1715.1</ele>
   </trkpt>
   <trkpt lat="45.0222930" lon="6.6559170">
    <ele>1715.2</ele>
   </trkpt>
   <trkpt lat="45.0223190" lon="6.6559280">
    <ele>1715.4</ele>
   </trkpt>
   <trkpt lat="45.0223570" lon="6.6559460">
    <ele>1715.7</ele>
   </trkpt>
   <trkpt lat="45.0223690" lon="6.6559540">
    <ele>1715.8</ele>
   </trkpt>
   <trkpt lat="45.0223960" lon="6.6559570">
    <ele>1716.0</ele>
   </trkpt>
   <trkpt lat="45.0224260" lon="6.6559750">
    <ele>1716.2</ele>
   </trkpt>
   <trkpt lat="45.0224550" lon="6.6559980">
    <ele>1716.5</ele>
   </trkpt>
   <trkpt lat="45.0224910" lon="6.6560170">
    <ele>1716.8</ele>
   </trkpt>
   <trkpt lat="45.0225020" lon="6.6560260">
    <ele>1716.9</ele>
   </trkpt>
   <trkpt lat="45.0225370" lon="6.6560390">
    <ele>1717.2</ele>
   </trkpt>
   <trkpt lat="45.0225490" lon="6.6560420">
    <ele>1717.3</ele>
   </trkpt>
   <trkpt lat="45.0225850" lon="6.6560560">
    <ele>1717.6</ele>
   </trkpt>
   <trkpt lat="45.0225960" lon="6.6560620">
    <ele>1717.7</ele>
   </trkpt>
   <trkpt lat="45.0226330" lon="6.6560800">
    <ele>1718.0</ele>
   </trkpt>
   <trkpt lat="45.0226450" lon="6.6560880">
    <ele>1718.1</ele>
   </trkpt>
   <trkpt lat="45.0226800" lon="6.6561120">
    <ele>1718.4</ele>
   </trkpt>
   <trkpt lat="45.0226910" lon="6.6561180">
    <ele>1718.5</ele>
   </trkpt>
   <trkpt lat="45.0227260" lon="6.6561290">
    <ele>1718.8</ele>
   </trkpt>
   <trkpt lat="45.0227370" lon="6.6561330">
    <ele>1718.9</ele>
   </trkpt>
   <trkpt lat="45.0227720" lon="6.6561610">
    <ele>1719.2</ele>
   </trkpt>
   <trkpt lat="45.0227850" lon="6.6561710">
    <ele>1719.3</ele>
   </trkpt>
   <trkpt lat="45.0228200" lon="6.6562020">
    <ele>1719.6</ele>
   </trkpt>
   <trkpt lat="45.0228310" lon="6.6562150">
    <ele>1719.7</ele>
   </trkpt>
   <trkpt lat="45.0228500" lon="6.6562340">
    <ele>1719.9</ele>
   </trkpt>
   <trkpt lat="45.0228830" lon="6.6562800">
    <ele>1720.3</ele>
   </trkpt>
   <trkpt lat="45.0229160" lon="6.6563060">
    <ele>1720.6</ele>
   </trkpt>
   <trkpt lat="45.0229280" lon="6.6563140">
    <ele>1720.7</ele>
   </trkpt>
   <trkpt lat="45.0229480" lon="6.6563410">
    <ele>1720.9</ele>
   </trkpt>
   <trkpt lat="45.0229790" lon="6.6563710">
    <ele>1721.2</ele>
   </trkpt>
   <trkpt lat="45.0229900" lon="6.6563800">
    <ele>1721.3</ele>
   </trkpt>
   <trkpt lat="45.0230180" lon="6.6564160">
    <ele>1721.5</ele>
   </trkpt>
   <trkpt lat="45.0230260" lon="6.6564290">
    <ele>1721.6</ele>
   </trkpt>
   <trkpt lat="45.0230450" lon="6.6564650">
    <ele>1721.9</ele>
   </trkpt>
   <trkpt lat="45.0230600" lon="6.6565020">
    <ele>1722.1</ele>
   </trkpt>
   <trkpt lat="45.0230840" lon="6.6565450">
    <ele>1722.4</ele>
   </trkpt>
   <trkpt lat="45.0230920" lon="6.6565580">
    <ele>1722.4</ele>
   </trkpt>
   <trkpt lat="45.0231160" lon="6.6565970">
    <ele>1722.7</ele>
   </trkpt>
   <trkpt lat="45.0231220" lon="6.6566140">
    <ele>1722.8</ele>
   </trkpt>
   <trkpt lat="45.0231400" lon="6.6566610">
    <ele>1723.1</ele>
   </trkpt>
   <trkpt lat="45.0231450" lon="6.6566780">
    <ele>1723.2</ele>
   </trkpt>
   <trkpt lat="45.0231680" lon="6.6567220">
    <ele>1723.5</ele>
   </trkpt>
   <trkpt lat="45.0231750" lon="6.6567370">
    <ele>1723.6</ele>
   </trkpt>
   <trkpt lat="45.0231920" lon="6.6567770">
    <ele>1723.8</ele>
   </trkpt>
   <trkpt lat="45.0231980" lon="6.6567930">
    <ele>1723.9</ele>
   </trkpt>
   <trkpt lat="45.0232150" lon="6.6568410">
    <ele>1724.1</ele>
   </trkpt>
   <trkpt lat="45.0232190" lon="6.6568590">
    <ele>1724.2</ele>
   </trkpt>
   <trkpt lat="45.0232280" lon="6.6568980">
    <ele>1724.4</ele>
   </trkpt>
   <trkpt lat="45.0232410" lon="6.6569460">
    <ele>1724.7</ele>
   </trkpt>
   <trkpt lat="45.0232450" lon="6.6569610">
    <ele>1724.8</ele>
   </trkpt>
   <trkpt lat="45.0232560" lon="6.6570090">
    <ele>1725.0</ele>
   </trkpt>
   <trkpt lat="45.0232590" lon="6.6570230">
    <ele>1725.1</ele>
   </trkpt>
   <trkpt lat="45.0232560" lon="6.6570610">
    <ele>1725.3</ele>
   </trkpt>
   <trkpt lat="45.0232610" lon="6.6571390">
    <ele>1725.7</ele>
   </trkpt>
   <trkpt lat="45.0232680" lon="6.6571780">
    <ele>1725.9</ele>
   </trkpt>
   <trkpt lat="45.0232810" lon="6.6572150">
    <ele>1726.1</ele>
   </trkpt>
   <trkpt lat="45.0232850" lon="6.6572290">
    <ele>1726.2</ele>
   </trkpt>
   <trkpt lat="45.0232940" lon="6.6572770">
    <ele>1726.4</ele>
   </trkpt>
   <trkpt lat="45.0232950" lon="6.6572930">
    <ele>1726.5</ele>
   </trkpt>
   <trkpt lat="45.0233100" lon="6.6573350">
    <ele>1726.7</ele>
   </trkpt>
   <trkpt lat="45.0233170" lon="6.6573510">
    <ele>1726.8</ele>
   </trkpt>
   <trkpt lat="45.0233380" lon="6.6573910">
    <ele>1727.1</ele>
   </trkpt>
   <trkpt lat="45.0233450" lon="6.6574050">
    <ele>1727.2</ele>
   </trkpt>
   <trkpt lat="45.0233810" lon="6.6574590">
    <ele>1727.6</ele>
   </trkpt>
   <trkpt lat="45.0234040" lon="6.6574940">
    <ele>1727.8</ele>
   </trkpt>
   <trkpt lat="45.0234110" lon="6.6575040">
    <ele>1727.9</ele>
   </trkpt>
   <trkpt lat="45.0234420" lon="6.6575300">
    <ele>1728.2</ele>
   </trkpt>
   <trkpt lat="45.0234520" lon="6.6575400">
    <ele>1728.2</ele>
   </trkpt>
   <trkpt lat="45.0234740" lon="6.6575640">
    <ele>1728.4</ele>
   </trkpt>
   <trkpt lat="45.0234960" lon="6.6575890">
    <ele>1728.7</ele>
   </trkpt>
   <trkpt lat="45.0235240" lon="6.6576160">
    <ele>1728.9</ele>
   </trkpt>
   <trkpt lat="45.0235340" lon="6.6576270">
    <ele>1729.0</ele>
   </trkpt>
   <trkpt lat="45.0235690" lon="6.6576530">
    <ele>1729.3</ele>
   </trkpt>
   <trkpt lat="45.0235810" lon="6.6576620">
    <ele>1729.4</ele>
   </trkpt>
   <trkpt lat="45.0236040" lon="6.6576850">
    <ele>1729.7</ele>
   </trkpt>
   <trkpt lat="45.0236270" lon="6.6577080">
    <ele>1729.9</ele>
   </trkpt>
   <trkpt lat="45.0236490" lon="6.6577320">
    <ele>1730.1</ele>
   </trkpt>
   <trkpt lat="45.0236700" lon="6.6577620">
    <ele>1730.3</ele>
   </trkpt>
   <trkpt lat="45.0236900" lon="6.6577940">
    <ele>1730.6</ele>
   </trkpt>
   <trkpt lat="45.0237070" lon="6.6578270">
    <ele>1730.8</ele>
   </trkpt>
   <trkpt lat="45.0237270" lon="6.6578640">
    <ele>1731.1</ele>
   </trkpt>
   <trkpt lat="45.0237490" lon="6.6578960">
    <ele>1731.4</ele>
   </trkpt>
   <trkpt lat="45.0237760" lon="6.6579360">
    <ele>1731.7</ele>
   </trkpt>
   <trkpt lat="45.0237850" lon="6.6579490">
    <ele>1731.8</ele>
   </trkpt>
   <trkpt lat="45.0238060" lon="6.6579790">
    <ele>1732.0</ele>
   </trkpt>
   <trkpt lat="45.0238280" lon="6.6580100">
    <ele>1732.3</ele>
   </trkpt>
   <trkpt lat="45.0238530" lon="6.6580520">
    <ele>1732.6</ele>
   </trkpt>
   <trkpt lat="45.0238600" lon="6.6580650">
    <ele>1732.7</ele>
   </trkpt>
   <trkpt lat="45.0238880" lon="6.6580990">
    <ele>1733.0</ele>
   </trkpt>
   <trkpt lat="45.0238970" lon="6.6581090">
    <ele>1733.1</ele>
   </trkpt>
   <trkpt lat="45.0239490" lon="6.6581400">
    <ele>1733.5</ele>
   </trkpt>
   <trkpt lat="45.0239810" lon="6.6581540">
    <ele>1733.8</ele>
   </trkpt>
   <trkpt lat="45.0240100" lon="6.6581610">
    <ele>1734.0</ele>
   </trkpt>
   <trkpt lat="45.0240430" lon="6.6581620">
    <ele>1734.3</ele>
   </trkpt>
   <trkpt lat="45.0240720" lon="6.6581640">
    <ele>1734.5</ele>
   </trkpt>
   <trkpt lat="45.0241010" lon="6.6581580">
    <ele>1734.7</ele>
   </trkpt>
   <trkpt lat="45.0241300" lon="6.6581520">
    <ele>1735.0</ele>
   </trkpt>
   <trkpt lat="45.0241620" lon="6.6581470">
    <ele>1735.2</ele>
   </trkpt>
   <trkpt lat="45.0241960" lon="6.6581380">
    <ele>1735.5</ele>
   </trkpt>
   <trkpt lat="45.0242290" lon="6.6581180">
    <ele>1735.7</ele>
   </trkpt>
   <trkpt lat="45.0242610" lon="6.6581010">
    <ele>1736.0</ele>
   </trkpt>
   <trkpt lat="45.0242930" lon="6.6580840">
    <ele>1736.2</ele>
   </trkpt>
   <trkpt lat="45.0243210" lon="6.6580680">
    <ele>1736.4</ele>
   </trkpt>
   <trkpt lat="45.0243770" lon="6.6580260">
    <ele>1736.9</ele>
   </trkpt>
   <trkpt lat="45.0244040" lon="6.6580000">
    <ele>1737.2</ele>
   </trkpt>
   <trkpt lat="45.0244290" lon="6.6579700">
    <ele>1737.4</ele>
   </trkpt>
   <trkpt lat="45.0244560" lon="6.6579440">
    <ele>1737.6</ele>
   </trkpt>
   <trkpt lat="45.0244850" lon="6.6579180">
    <ele>1737.9</ele>
   </trkpt>
   <trkpt lat="45.0245140" lon="6.6578980">
    <ele>1738.1</ele>
   </trkpt>
   <trkpt lat="45.0245420" lon="6.6578840">
    <ele>1738.4</ele>
   </trkpt>
   <trkpt lat="45.0245680" lon="6.6578680">
    <ele>1738.6</ele>
   </trkpt>
   <trkpt lat="45.0245970" lon="6.6578440">
    <ele>1738.8</ele>
   </trkpt>
   <trkpt lat="45.0246210" lon="6.6578190">
    <ele>1739.1</ele>
   </trkpt>
   <trkpt lat="45.0246430" lon="6.6577950">
    <ele>1739.3</ele>
   </trkpt>
   <trkpt lat="45.0246740" lon="6.6577620">
    <ele>1739.6</ele>
   </trkpt>
   <trkpt lat="45.0246860" lon="6.6577510">
    <ele>1739.7</ele>
   </trkpt>
   <trkpt lat="45.0247310" lon="6.6577150">
    <ele>1740.1</ele>
   </trkpt>
   <trkpt lat="45.0247640" lon="6.6576840">
    <ele>1740.4</ele>
   </trkpt>
   <trkpt lat="45.0247730" lon="6.6576740">
    <ele>1740.5</ele>
   </trkpt>
   <trkpt lat="45.0248050" lon="6.6576500">
    <ele>1740.7</ele>
   </trkpt>
   <trkpt lat="45.0248160" lon="6.6576410">
    <ele>1740.8</ele>
   </trkpt>
   <trkpt lat="45.0248490" lon="6.6576170">
    <ele>1741.1</ele>
   </trkpt>
   <trkpt lat="45.0248580" lon="6.6576060">
    <ele>1741.2</ele>
   </trkpt>
   <trkpt lat="45.0248910" lon="6.6575850">
    <ele>1741.4</ele>
   </trkpt>
   <trkpt lat="45.0249010" lon="6.6575750">
    <ele>1741.5</ele>
   </trkpt>
   <trkpt lat="45.0249330" lon="6.6575530">
    <ele>1741.7</ele>
   </trkpt>
   <trkpt lat="45.0249430" lon="6.6575460">
    <ele>1741.8</ele>
   </trkpt>
   <trkpt lat="45.0249690" lon="6.6575310">
    <ele>1742.0</ele>
   </trkpt>
   <trkpt lat="45.0250050" lon="6.6575090">
    <ele>1742.2</ele>
   </trkpt>
   <trkpt lat="45.0250170" lon="6.6575010">
    <ele>1742.3</ele>
   </trkpt>
   <trkpt lat="45.0250420" lon="6.6574860">
    <ele>1742.5</ele>
   </trkpt>
   <trkpt lat="45.0250680" lon="6.6574700">
    <ele>1742.7</ele>
   </trkpt>
   <trkpt lat="45.0250940" lon="6.6574540">
    <ele>1742.8</ele>
   </trkpt>
   <trkpt lat="45.0251190" lon="6.6574310">
    <ele>1743.0</ele>
   </trkpt>
   <trkpt lat="45.0251550" lon="6.6574100">
    <ele>1743.2</ele>
   </trkpt>
   <trkpt lat="45.0251670" lon="6.6574020">
    <ele>1743.3</ele>
   </trkpt>
   <trkpt lat="45.0252030" lon="6.6573820">
    <ele>1743.5</ele>
   </trkpt>
   <trkpt lat="45.0252140" lon="6.6573740">
    <ele>1743.5</ele>
   </trkpt>
   <trkpt lat="45.0252400" lon="6.6573610">
    <ele>1743.7</ele>
   </trkpt>
   <trkpt lat="45.0252680" lon="6.6573490">
    <ele>1743.8</ele>
   </trkpt>
   <trkpt lat="45.0252960" lon="6.6573310">
    <ele>1744.0</ele>
   </trkpt>
   <trkpt lat="45.0253270" lon="6.6573180">
    <ele>1744.1</ele>
   </trkpt>
   <trkpt lat="45.0253590" lon="6.6573060">
    <ele>1744.3</ele>
   </trkpt>
   <trkpt lat="45.0253950" lon="6.6572900">
    <ele>1744.5</ele>
   </trkpt>
   <trkpt lat="45.0254370" lon="6.6572770">
    <ele>1744.7</ele>
   </trkpt>
   <trkpt lat="45.0254720" lon="6.6572630">
    <ele>1744.9</ele>
   </trkpt>
   <trkpt lat="45.0255040" lon="6.6572560">
    <ele>1745.1</ele>
   </trkpt>
   <trkpt lat="45.0255370" lon="6.6572420">
    <ele>1745.3</ele>
   </trkpt>
   <trkpt lat="45.0255750" lon="6.6572240">
    <ele>1745.5</ele>
   </trkpt>
   <trkpt lat="45.0256110" lon="6.6572120">
    <ele>1745.7</ele>
   </trkpt>
   <trkpt lat="45.0256450" lon="6.6572050">
    <ele>1745.9</ele>
   </trkpt>
   <trkpt lat="45.0256790" lon="6.6572000">
    <ele>1746.1</ele>
   </trkpt>
   <trkpt lat="45.0257160" lon="6.6571870">
    <ele>1746.3</ele>
   </trkpt>
   <trkpt lat="45.0257540" lon="6.6571700">
    <ele>1746.5</ele>
   </trkpt>
   <trkpt lat="45.0257960" lon="6.6571550">
    <ele>1746.7</ele>
   </trkpt>
   <trkpt lat="45.0258710" lon="6.6571330">
    <ele>1747.2</ele>
   </trkpt>
   <trkpt lat="45.0259030" lon="6.6571300">
    <ele>1747.3</ele>
   </trkpt>
   <trkpt lat="45.0259340" lon="6.6571260">
    <ele>1747.5</ele>
   </trkpt>
   <trkpt lat="45.0259710" lon="6.6571210">
    <ele>1747.7</ele>
   </trkpt>
   <trkpt lat="45.0260140" lon="6.6571040">
    <ele>1748.0</ele>
   </trkpt>
   <trkpt lat="45.0260530" lon="6.6571100">
    <ele>1748.2</ele>
   </trkpt>
   <trkpt lat="45.0260820" lon="6.6570960">
    <ele>1748.4</ele>
   </trkpt>
   <trkpt lat="45.0261170" lon="6.6571010">
    <ele>1748.7</ele>
   </trkpt>
   <trkpt lat="45.0261460" lon="6.6570940">
    <ele>1748.8</ele>
   </trkpt>
   <trkpt lat="45.0261800" lon="6.6570760">
    <ele>1749.1</ele>
   </trkpt>
   <trkpt lat="45.0262150" lon="6.6570670">
    <ele>1749.3</ele>
   </trkpt>
   <trkpt lat="45.0262530" lon="6.6570650">
    <ele>1749.6</ele>
   </trkpt>
   <trkpt lat="45.0262810" lon="6.6570620">
    <ele>1749.7</ele>
   </trkpt>
   <trkpt lat="45.0263090" lon="6.6570550">
    <ele>1749.9</ele>
   </trkpt>
   <trkpt lat="45.0263460" lon="6.6570540">
    <ele>1750.2</ele>
   </trkpt>
   <trkpt lat="45.0263570" lon="6.6570530">
    <ele>1750.3</ele>
   </trkpt>
   <trkpt lat="45.0263890" lon="6.6570440">
    <ele>1750.5</ele>
   </trkpt>
   <trkpt lat="45.0263980" lon="6.6570410">
    <ele>1750.5</ele>
   </trkpt>
   <trkpt lat="45.0264180" lon="6.6570390">
    <ele>1750.7</ele>
   </trkpt>
   <trkpt lat="45.0264290" lon="6.6570330">
    <ele>1750.8</ele>
   </trkpt>
   <trkpt lat="45.0264400" lon="6.6570320">
    <ele>1750.8</ele>
   </trkpt>
   <trkpt lat="45.0264580" lon="6.6570310">
    <ele>1751.0</ele>
   </trkpt>
   <trkpt lat="45.0264810" lon="6.6570280">
    <ele>1751.1</ele>
   </trkpt>
   <trkpt lat="45.0264890" lon="6.6570230">
    <ele>1751.2</ele>
   </trkpt>
   <trkpt lat="45.0264970" lon="6.6570190">
    <ele>1751.2</ele>
   </trkpt>
   <trkpt lat="45.0265080" lon="6.6570150">
    <ele>1751.3</ele>
   </trkpt>
   <trkpt lat="45.0265180" lon="6.6570100">
    <ele>1751.4</ele>
   </trkpt>
   <trkpt lat="45.0265270" lon="6.6570010">
    <ele>1751.5</ele>
   </trkpt>
   <trkpt lat="45.0265400" lon="6.6569930">
    <ele>1751.6</ele>
   </trkpt>
   <trkpt lat="45.0265500" lon="6.6569770">
    <ele>1751.7</ele>
   </trkpt>
   <trkpt lat="45.0265530" lon="6.6569580">
    <ele>1751.8</ele>
   </trkpt>
   <trkpt lat="45.0265470" lon="6.6569550">
    <ele>1751.8</ele>
   </trkpt>
   <trkpt lat="45.0265290" lon="6.6569690">
    <ele>1751.9</ele>
   </trkpt>
   <trkpt lat="45.0265290" lon="6.6569950">
    <ele>1752.1</ele>
   </trkpt>
   <trkpt lat="45.0265460" lon="6.6569970">
    <ele>1752.2</ele>
   </trkpt>
   <trkpt lat="45.0265570" lon="6.6570000">
    <ele>1752.3</ele>
   </trkpt>
   <trkpt lat="45.0265590" lon="6.6570010">
    <ele>1752.3</ele>
   </trkpt>
   <trkpt lat="45.0265590" lon="6.6570020">
    <ele>1752.3</ele>
   </trkpt>
   <trkpt lat="45.0265630" lon="6.6570120">
    <ele>1752.3</ele>
   </trkpt>
   <trkpt lat="45.0265630" lon="6.6570070">
    <ele>1752.4</ele>
   </trkpt>
   <trkpt lat="45.0265640" lon="6.6570060">
    <ele>1752.4</ele>
   </trkpt>
   <trkpt lat="45.0265630" lon="6.6570070">
    <ele>1752.4</ele>
   </trkpt>
   <trkpt lat="45.0265630" lon="6.6570070">
    <ele>1752.4</ele>
   </trkpt>
   <trkpt lat="45.0265630" lon="6.6570070">
    <ele>1752.4</ele>
   </trkpt>
   <trkpt lat="45.0265630" lon="6.6570070">
    <ele>1752.4</ele>
   </trkpt>
   <trkpt lat="45.0265630" lon="6.6570070">
    <ele>1752.4</ele>
   </trkpt>
   <trkpt lat="45.0265630" lon="6.6570070">
    <ele>1752.4</ele>
   </trkpt>
   <trkpt lat="45.0265630" lon="6.6570070">
    <ele>1752.4</ele>
   </trkpt>
   <trkpt lat="45.0265630" lon="6.6570070">
    <ele>1752.4</ele>
   </trkpt>
   <trkpt lat="45.0265630" lon="6.6570070">
    <ele>1752.4</ele>
   </trkpt>
   <trkpt lat="45.0265350" lon="6.6569890">
    <ele>1752.6</ele>
   </trkpt>
   <trkpt lat="45.0265410" lon="6.6570030">
    <ele>1752.7</ele>
   </trkpt>
   <trkpt lat="45.0265390" lon="6.6570070">
    <ele>1752.7</ele>
   </trkpt>
   <trkpt lat="45.0265250" lon="6.6570180">
    <ele>1752.8</ele>
   </trkpt>
   <trkpt lat="45.0265210" lon="6.6570230">
    <ele>1752.8</ele>
   </trkpt>
   <trkpt lat="45.0265190" lon="6.6570220">
    <ele>1752.8</ele>
   </trkpt>
   <trkpt lat="45.0265250" lon="6.6570270">
    <ele>1752.9</ele>
   </trkpt>
   <trkpt lat="45.0265280" lon="6.6570430">
    <ele>1753.0</ele>
   </trkpt>
   <trkpt lat="45.0265240" lon="6.6570480">
    <ele>1753.0</ele>
   </trkpt>
   <trkpt lat="45.0265230" lon="6.6570500">
    <ele>1753.0</ele>
   </trkpt>
   <trkpt lat="45.0265220" lon="6.6570500">
    <ele>1753.0</ele>
   </trkpt>
   <trkpt lat="45.0265220" lon="6.6570510">
    <ele>1753.0</ele>
   </trkpt>
   <trkpt lat="45.0265220" lon="6.6570510">
    <ele>1753.0</ele>
   </trkpt>
   <trkpt lat="45.0265220" lon="6.6570510">
    <ele>1753.0</ele>
   </trkpt>
   <trkpt lat="45.0265220" lon="6.6570510">
    <ele>1753.0</ele>
   </trkpt>
   <trkpt lat="45.0265220" lon="6.6570510">
    <ele>1753.0</ele>
   </trkpt>
   <trkpt lat="45.0265220" lon="6.6570510">
    <ele>1753.0</ele>
   </trkpt>
   <trkpt lat="45.0265480" lon="6.6570220">
    <ele>1753.3</ele>
   </trkpt>
   <trkpt lat="45.0265550" lon="6.6570150">
    <ele>1753.3</ele>
   </trkpt>
   <trkpt lat="45.0265600" lon="6.6570090">
    <ele>1753.4</ele>
   </trkpt>
   <trkpt lat="45.0265660" lon="6.6570110">
    <ele>1753.4</ele>
   </trkpt>
   <trkpt lat="45.0265660" lon="6.6570130">
    <ele>1753.4</ele>
   </trkpt>
   <trkpt lat="45.0265670" lon="6.6570130">
    <ele>1753.4</ele>
   </trkpt>
   <trkpt lat="45.0265670" lon="6.6570130">
    <ele>1753.4</ele>
   </trkpt>
   <trkpt lat="45.0265670" lon="6.6570130">
    <ele>1753.4</ele>
   </trkpt>
   <trkpt lat="45.0265670" lon="6.6570130">
    <ele>1753.4</ele>
   </trkpt>
   <trkpt lat="45.0265670" lon="6.6570130">
    <ele>1753.4</ele>
   </trkpt>
   <trkpt lat="45.0265670" lon="6.6570130">
    <ele>1753.4</ele>
   </trkpt>
   <trkpt lat="45.0265670" lon="6.6570130">
    <ele>1753.4</ele>
   </trkpt>
   <trkpt lat="45.0265670" lon="6.6570130">
    <ele>1753.4</ele>
   </trkpt>
   <trkpt lat="45.0265720" lon="6.6569810">
    <ele>1753.6</ele>
   </trkpt>
   <trkpt lat="45.0265640" lon="6.6569460">
    <ele>1753.7</ele>
   </trkpt>
   <trkpt lat="45.0265570" lon="6.6569340">
    <ele>1753.8</ele>
   </trkpt>
   <trkpt lat="45.0265480" lon="6.6569310">
    <ele>1753.9</ele>
   </trkpt>
   <trkpt lat="45.0265450" lon="6.6569370">
    <ele>1753.9</ele>
   </trkpt>
   <trkpt lat="45.0265470" lon="6.6569500">
    <ele>1754.0</ele>
   </trkpt>
   <trkpt lat="45.0265450" lon="6.6569510">
    <ele>1754.0</ele>
   </trkpt>
   <trkpt lat="45.0265440" lon="6.6569500">
    <ele>1754.0</ele>
   </trkpt>
   <trkpt lat="45.0265440" lon="6.6569490">
    <ele>1754.0</ele>
   </trkpt>
   <trkpt lat="45.0265440" lon="6.6569490">
    <ele>1754.0</ele>
   </trkpt>
   <trkpt lat="45.0265440" lon="6.6569490">
    <ele>1754.0</ele>
   </trkpt>
   <trkpt lat="45.0265440" lon="6.6569490">
    <ele>1754.0</ele>
   </trkpt>
   <trkpt lat="45.0265440" lon="6.6569490">
    <ele>1754.0</ele>
   </trkpt>
   <trkpt lat="45.0265440" lon="6.6569490">
    <ele>1754.0</ele>
   </trkpt>
   <trkpt lat="45.0265440" lon="6.6569490">
    <ele>1754.0</ele>
   </trkpt>
   <trkpt lat="45.0265440" lon="6.6569490">
    <ele>1754.0</ele>
   </trkpt>
   <trkpt lat="45.0265680" lon="6.6568990">
    <ele>1754.3</ele>
   </trkpt>
   <trkpt lat="45.0265680" lon="6.6568990">
    <ele>1754.3</ele>
   </trkpt>
   <trkpt lat="45.0265630" lon="6.6568730">
    <ele>1754.4</ele>
   </trkpt>
   <trkpt lat="45.0265550" lon="6.6568920">
    <ele>1754.5</ele>
   </trkpt>
   <trkpt lat="45.0265440" lon="6.6569010">
    <ele>1754.6</ele>
   </trkpt>
   <trkpt lat="45.0265440" lon="6.6568980">
    <ele>1754.6</ele>
   </trkpt>
   <trkpt lat="45.0265500" lon="6.6568980">
    <ele>1754.6</ele>
   </trkpt>
   <trkpt lat="45.0265520" lon="6.6569090">
    <ele>1754.7</ele>
   </trkpt>
   <trkpt lat="45.0265500" lon="6.6569110">
    <ele>1754.7</ele>
   </trkpt>
   <trkpt lat="45.0265460" lon="6.6569270">
    <ele>1754.7</ele>
   </trkpt>
   <trkpt lat="45.0265400" lon="6.6569300">
    <ele>1754.8</ele>
   </trkpt>
   <trkpt lat="45.0265440" lon="6.6569420">
    <ele>1754.8</ele>
   </trkpt>
   <trkpt lat="45.0265460" lon="6.6569410">
    <ele>1754.9</ele>
   </trkpt>
   <trkpt lat="45.0265450" lon="6.6569390">
    <ele>1754.9</ele>
   </trkpt>
   <trkpt lat="45.0265500" lon="6.6569470">
    <ele>1754.9</ele>
   </trkpt>
   <trkpt lat="45.0265500" lon="6.6569460">
    <ele>1754.9</ele>
   </trkpt>
   <trkpt lat="45.0265450" lon="6.6569570">
    <ele>1755.0</ele>
   </trkpt>
   <trkpt lat="45.0265480" lon="6.6569590">
    <ele>1755.0</ele>
   </trkpt>
   <trkpt lat="45.0265490" lon="6.6569560">
    <ele>1755.0</ele>
   </trkpt>
   <trkpt lat="45.0265550" lon="6.6569680">
    <ele>1755.1</ele>
   </trkpt>
   <trkpt lat="45.0265440" lon="6.6570000">
    <ele>1755.2</ele>
   </trkpt>
   <trkpt lat="45.0265410" lon="6.6570010">
    <ele>1755.2</ele>
   </trkpt>
   <trkpt lat="45.0265370" lon="6.6570030">
    <ele>1755.3</ele>
   </trkpt>
   <trkpt lat="45.0265340" lon="6.6570040">
    <ele>1755.3</ele>
   </trkpt>
   <trkpt lat="45.0265300" lon="6.6570060">
    <ele>1755.3</ele>
   </trkpt>
   <trkpt lat="45.0265330" lon="6.6570210">
    <ele>1755.4</ele>
   </trkpt>
   <trkpt lat="45.0265450" lon="6.6570030">
    <ele>1755.5</ele>
   </trkpt>
   <trkpt lat="45.0265480" lon="6.6569720">
    <ele>1755.6</ele>
   </trkpt>
   <trkpt lat="45.0265480" lon="6.6569580">
    <ele>1755.7</ele>
   </trkpt>
   <trkpt lat="45.0265480" lon="6.6569510">
    <ele>1755.7</ele>
   </trkpt>
   <trkpt lat="45.0265470" lon="6.6569420">
    <ele>1755.7</ele>
   </trkpt>
   <trkpt lat="45.0265470" lon="6.6569380">
    <ele>1755.8</ele>
   </trkpt>
   <trkpt lat="45.0265460" lon="6.6569370">
    <ele>1755.8</ele>
   </trkpt>
   <trkpt lat="45.0265460" lon="6.6569370">
    <ele>1755.8</ele>
   </trkpt>
   <trkpt lat="45.0265460" lon="6.6569370">
    <ele>1755.8</ele>
   </trkpt>
   <trkpt lat="45.0265460" lon="6.6569370">
    <ele>1755.8</ele>
   </trkpt>
   <trkpt lat="45.0265460" lon="6.6569370">
    <ele>1755.8</ele>
   </trkpt>
   <trkpt lat="45.0265450" lon="6.6568900">
    <ele>1756.0</ele>
   </trkpt>
   <trkpt lat="45.0265480" lon="6.6568970">
    <ele>1756.0</ele>
   </trkpt>
   <trkpt lat="45.0265480" lon="6.6569040">
    <ele>1756.0</ele>
   </trkpt>
   <trkpt lat="45.0265490" lon="6.6569110">
    <ele>1756.1</ele>
   </trkpt>
   <trkpt lat="45.0265530" lon="6.6569170">
    <ele>1756.1</ele>
   </trkpt>
   <trkpt lat="45.0265470" lon="6.6569050">
    <ele>1756.2</ele>
   </trkpt>
   <trkpt lat="45.0265460" lon="6.6569090">
    <ele>1756.2</ele>
   </trkpt>
   <trkpt lat="45.0265460" lon="6.6569110">
    <ele>1756.2</ele>
   </trkpt>
   <trkpt lat="45.0265460" lon="6.6569110">
    <ele>1756.2</ele>
   </trkpt>
   <trkpt lat="45.0265460" lon="6.6569110">
    <ele>1756.2</ele>
   </trkpt>
   <trkpt lat="45.0265460" lon="6.6569110">
    <ele>1756.2</ele>
   </trkpt>
   <trkpt lat="45.0265460" lon="6.6569110">
    <ele>1756.2</ele>
   </trkpt>
   <trkpt lat="45.0265460" lon="6.6569110">
    <ele>1756.2</ele>
   </trkpt>
   <trkpt lat="45.0265670" lon="6.6568660">
    <ele>1756.4</ele>
   </trkpt>
   <trkpt lat="45.0265730" lon="6.6568610">
    <ele>1756.4</ele>
   </trkpt>
   <trkpt lat="45.0265710" lon="6.6568590">
    <ele>1756.5</ele>
   </trkpt>
   <trkpt lat="45.0265700" lon="6.6568500">
    <ele>1756.5</ele>
   </trkpt>
   <trkpt lat="45.0265700" lon="6.6568480">
    <ele>1756.5</ele>
   </trkpt>
   <trkpt lat="45.0265700" lon="6.6568470">
    <ele>1756.5</ele>
   </trkpt>
   <trkpt lat="45.0265610" lon="6.6568460">
    <ele>1756.6</ele>
   </trkpt>
   <trkpt lat="45.0265560" lon="6.6568460">
    <ele>1756.6</ele>
   </trkpt>
   <trkpt lat="45.0265560" lon="6.6568390">
    <ele>1756.6</ele>
   </trkpt>
   <trkpt lat="45.0265610" lon="6.6568420">
    <ele>1756.7</ele>
   </trkpt>
   <trkpt lat="45.0265630" lon="6.6568430">
    <ele>1756.7</ele>
   </trkpt>
   <trkpt lat="45.0265630" lon="6.6568440">
    <ele>1756.7</ele>
   </trkpt>
   <trkpt lat="45.0265760" lon="6.6568670">
    <ele>1756.8</ele>
   </trkpt>
   <trkpt lat="45.0265810" lon="6.6568790">
    <ele>1756.8</ele>
   </trkpt>
   <trkpt lat="45.0265900" lon="6.6568920">
    <ele>1756.9</ele>
   </trkpt>
   <trkpt lat="45.0265960" lon="6.6569070">
    <ele>1757.0</ele>
   </trkpt>
   <trkpt lat="45.0265950" lon="6.6569070">
    <ele>1757.0</ele>
   </trkpt>
   <trkpt lat="45.0265940" lon="6.6569070">
    <ele>1757.0</ele>
   </trkpt>
   <trkpt lat="45.0265930" lon="6.6569080">
    <ele>1757.0</ele>
   </trkpt>
   <trkpt lat="45.0265920" lon="6.6569080">
    <ele>1757.0</ele>
   </trkpt>
   <trkpt lat="45.0265900" lon="6.6569080">
    <ele>1757.0</ele>
   </trkpt>
   <trkpt lat="45.0265890" lon="6.6569080">
    <ele>1757.0</ele>
   </trkpt>
   <trkpt lat="45.0265880" lon="6.6569080">
    <ele>1757.0</ele>
   </trkpt>
   <trkpt lat="45.0265870" lon="6.6569080">
    <ele>1757.0</ele>
   </trkpt>
   <trkpt lat="45.0265860" lon="6.6569090">
    <ele>1757.0</ele>
   </trkpt>
   <trkpt lat="45.0265850" lon="6.6569090">
    <ele>1757.0</ele>
   </trkpt>
   <trkpt lat="45.0265840" lon="6.6569090">
    <ele>1757.0</ele>
   </trkpt>
   <trkpt lat="45.0265830" lon="6.6569090">
    <ele>1757.0</ele>
   </trkpt>
   <trkpt lat="45.0265820" lon="6.6569090">
    <ele>1757.0</ele>
   </trkpt>
   <trkpt lat="45.0265810" lon="6.6569090">
    <ele>1757.1</ele>
   </trkpt>
   <trkpt lat="45.0265790" lon="6.6569100">
    <ele>1757.1</ele>
   </trkpt>
   <trkpt lat="45.0265780" lon="6.6569100">
    <ele>1757.1</ele>
   </trkpt>
   <trkpt lat="45.0265770" lon="6.6569100">
    <ele>1757.1</ele>
   </trkpt>
   <trkpt lat="45.0265760" lon="6.6569100">
    <ele>1757.1</ele>
   </trkpt>
   <trkpt lat="45.0265750" lon="6.6569100">
    <ele>1757.1</ele>
   </trkpt>
   <trkpt lat="45.0265740" lon="6.6569100">
    <ele>1757.1</ele>
   </trkpt>
   <trkpt lat="45.0265730" lon="6.6569110">
    <ele>1757.1</ele>
   </trkpt>
   <trkpt lat="45.0265720" lon="6.6569110">
    <ele>1757.1</ele>
   </trkpt>
   <trkpt lat="45.0265710" lon="6.6569110">
    <ele>1757.1</ele>
   </trkpt>
   <trkpt lat="45.0265700" lon="6.6569110">
    <ele>1757.1</ele>
   </trkpt>
   <trkpt lat="45.0265680" lon="6.6569110">
    <ele>1757.1</ele>
   </trkpt>
   <trkpt lat="45.0265670" lon="6.6569110">
    <ele>1757.1</ele>
   </trkpt>
   <trkpt lat="45.0265660" lon="6.6569110">
    <ele>1757.1</ele>
   </trkpt>
   <trkpt lat="45.0265650" lon="6.6569120">
    <ele>1757.1</ele>
   </trkpt>
   <trkpt lat="45.0265640" lon="6.6569120">
    <ele>1757.1</ele>
   </trkpt>
   <trkpt lat="45.0265630" lon="6.6569120">
    <ele>1757.2</ele>
   </trkpt>
   <trkpt lat="45.0265620" lon="6.6569120">
    <ele>1757.2</ele>
   </trkpt>
   <trkpt lat="45.0265610" lon="6.6569120">
    <ele>1757.2</ele>
   </trkpt>
   <trkpt lat="45.0265600" lon="6.6569120">
    <ele>1757.2</ele>
   </trkpt>
   <trkpt lat="45.0265590" lon="6.6569130">
    <ele>1757.2</ele>
   </trkpt>
   <trkpt lat="45.0265570" lon="6.6569130">
    <ele>1757.2</ele>
   </trkpt>
   <trkpt lat="45.0265560" lon="6.6569130">
    <ele>1757.2</ele>
   </trkpt>
   <trkpt lat="45.0265550" lon="6.6569130">
    <ele>1757.2</ele>
   </trkpt>
   <trkpt lat="45.0265540" lon="6.6569130">
    <ele>1757.2</ele>
   </trkpt>
   <trkpt lat="45.0265530" lon="6.6569130">
    <ele>1757.2</ele>
   </trkpt>
   <trkpt lat="45.0265520" lon="6.6569140">
    <ele>1757.2</ele>
   </trkpt>
   <trkpt lat="45.0265510" lon="6.6569140">
    <ele>1757.2</ele>
   </trkpt>
   <trkpt lat="45.0265500" lon="6.6569140">
    <ele>1757.2</ele>
   </trkpt>
   <trkpt lat="45.0265490" lon="6.6569140">
    <ele>1757.2</ele>
   </trkpt>
   <trkpt lat="45.0265480" lon="6.6569140">
    <ele>1757.2</ele>
   </trkpt>
   <trkpt lat="45.0265460" lon="6.6569140">
    <ele>1757.2</ele>
   </trkpt>
   <trkpt lat="45.0265450" lon="6.6569150">
    <ele>1757.2</ele>
   </trkpt>
   <trkpt lat="45.0265440" lon="6.6569150">
    <ele>1757.3</ele>
   </trkpt>
   <trkpt lat="45.0265430" lon="6.6569150">
    <ele>1757.3</ele>
   </trkpt>
   <trkpt lat="45.0265420" lon="6.6569150">
    <ele>1757.3</ele>
   </trkpt>
   <trkpt lat="45.0265290" lon="6.6569330">
    <ele>1757.4</ele>
   </trkpt>
   <trkpt lat="45.0265200" lon="6.6569400">
    <ele>1757.4</ele>
   </trkpt>
   <trkpt lat="45.0265100" lon="6.6569470">
    <ele>1757.5</ele>
   </trkpt>
   <trkpt lat="45.0265010" lon="6.6569540">
    <ele>1757.5</ele>
   </trkpt>
   <trkpt lat="45.0264920" lon="6.6569610">
    <ele>1757.6</ele>
   </trkpt>
   <trkpt lat="45.0264830" lon="6.6569670">
    <ele>1757.6</ele>
   </trkpt>
   <trkpt lat="45.0264740" lon="6.6569740">
    <ele>1757.7</ele>
   </trkpt>
   <trkpt lat="45.0264640" lon="6.6569810">
    <ele>1757.7</ele>
   </trkpt>
   <trkpt lat="45.0264550" lon="6.6569880">
    <ele>1757.8</ele>
   </trkpt>
   <trkpt lat="45.0264460" lon="6.6569950">
    <ele>1757.8</ele>
   </trkpt>
   <trkpt lat="45.0264520" lon="6.6570240">
    <ele>1757.9</ele>
   </trkpt>
   <trkpt lat="45.0264750" lon="6.6570260">
    <ele>1758.0</ele>
   </trkpt>
   <trkpt lat="45.0264950" lon="6.6570210">
    <ele>1758.1</ele>
   </trkpt>
   <trkpt lat="45.0265090" lon="6.6570190">
    <ele>1758.2</ele>
   </trkpt>
   <trkpt lat="45.0265220" lon="6.6570180">
    <ele>1758.2</ele>
   </trkpt>
   <trkpt lat="45.0265120" lon="6.6570160">
    <ele>1758.2</ele>
   </trkpt>
   <trkpt lat="45.0264990" lon="6.6570030">
    <ele>1758.3</ele>
   </trkpt>
   <trkpt lat="45.0264870" lon="6.6569900">
    <ele>1758.4</ele>
   </trkpt>
   <trkpt lat="45.0264790" lon="6.6570030">
    <ele>1758.4</ele>
   </trkpt>
   <trkpt lat="45.0264720" lon="6.6570000">
    <ele>1758.5</ele>
   </trkpt>
   <trkpt lat="45.0264720" lon="6.6570000">
    <ele>1758.5</ele>
   </trkpt>
   <trkpt lat="45.0264720" lon="6.6570000">
    <ele>1758.5</ele>
   </trkpt>
   <trkpt lat="45.0264720" lon="6.6570000">
    <ele>1758.5</ele>
   </trkpt>
   <trkpt lat="45.0264680" lon="6.6570060">
    <ele>1758.5</ele>
   </trkpt>
   <trkpt lat="45.0264720" lon="6.6570170">
    <ele>1758.5</ele>
   </trkpt>
   <trkpt lat="45.0264880" lon="6.6570340">
    <ele>1758.6</ele>
   </trkpt>
   <trkpt lat="45.0265080" lon="6.6570620">
    <ele>1758.7</ele>
   </trkpt>
   <trkpt lat="45.0265300" lon="6.6570670">
    <ele>1758.8</ele>
   </trkpt>
   <trkpt lat="45.0265330" lon="6.6570670">
    <ele>1758.8</ele>
   </trkpt>
   <trkpt lat="45.0265320" lon="6.6570700">
    <ele>1758.8</ele>
   </trkpt>
   <trkpt lat="45.0265310" lon="6.6570700">
    <ele>1758.8</ele>
   </trkpt>
   <trkpt lat="45.0265320" lon="6.6570700">
    <ele>1758.8</ele>
   </trkpt>
   <trkpt lat="45.0265320" lon="6.6570700">
    <ele>1758.8</ele>
   </trkpt>
   <trkpt lat="45.0265340" lon="6.6570400">
    <ele>1758.9</ele>
   </trkpt>
   <trkpt lat="45.0265300" lon="6.6570400">
    <ele>1758.9</ele>
   </trkpt>
   <trkpt lat="45.0265420" lon="6.6570350">
    <ele>1758.9</ele>
   </trkpt>
   <trkpt lat="45.0265540" lon="6.6570340">
    <ele>1759.0</ele>
   </trkpt>
   <trkpt lat="45.0265580" lon="6.6570340">
    <ele>1759.0</ele>
   </trkpt>
   <trkpt lat="45.0265590" lon="6.6570340">
    <ele>1759.0</ele>
   </trkpt>
   <trkpt lat="45.0265510" lon="6.6570410">
    <ele>1759.0</ele>
   </trkpt>
   <trkpt lat="45.0265480" lon="6.6570360">
    <ele>1759.1</ele>
   </trkpt>
   <trkpt lat="45.0265410" lon="6.6570460">
    <ele>1759.1</ele>
   </trkpt>
   <trkpt lat="45.0265280" lon="6.6570430">
    <ele>1759.1</ele>
   </trkpt>
   <trkpt lat="45.0265160" lon="6.6570390">
    <ele>1759.2</ele>
   </trkpt>
   <trkpt lat="45.0265130" lon="6.6570380">
    <ele>1759.2</ele>
   </trkpt>
   <trkpt lat="45.0265120" lon="6.6570380">
    <ele>1759.2</ele>
   </trkpt>
   <trkpt lat="45.0265000" lon="6.6570380">
    <ele>1759.2</ele>
   </trkpt>
   <trkpt lat="45.0264940" lon="6.6570540">
    <ele>1759.3</ele>
   </trkpt>
   <trkpt lat="45.0264810" lon="6.6570600">
    <ele>1759.3</ele>
   </trkpt>
   <trkpt lat="45.0264920" lon="6.6570680">
    <ele>1759.4</ele>
   </trkpt>
   <trkpt lat="45.0265030" lon="6.6570740">
    <ele>1759.4</ele>
   </trkpt>
   <trkpt lat="45.0264930" lon="6.6570690">
    <ele>1759.5</ele>
   </trkpt>
   <trkpt lat="45.0264920" lon="6.6570690">
    <ele>1759.5</ele>
   </trkpt>
   <trkpt lat="45.0264920" lon="6.6570700">
    <ele>1759.5</ele>
   </trkpt>
   <trkpt lat="45.0264920" lon="6.6570700">
    <ele>1759.5</ele>
   </trkpt>
   <trkpt lat="45.0264920" lon="6.6570700">
    <ele>1759.5</ele>
   </trkpt>
   <trkpt lat="45.0264920" lon="6.6570700">
    <ele>1759.5</ele>
   </trkpt>
   <trkpt lat="45.0264920" lon="6.6570700">
    <ele>1759.5</ele>
   </trkpt>
   <trkpt lat="45.0264920" lon="6.6570700">
    <ele>1759.5</ele>
   </trkpt>
   <trkpt lat="45.0264930" lon="6.6570700">
    <ele>1759.5</ele>
   </trkpt>
   <trkpt lat="45.0265060" lon="6.6570750">
    <ele>1759.5</ele>
   </trkpt>
   <trkpt lat="45.0265000" lon="6.6570780">
    <ele>1759.5</ele>
   </trkpt>
   <trkpt lat="45.0265000" lon="6.6570780">
    <ele>1759.5</ele>
   </trkpt>
   <trkpt lat="45.0265020" lon="6.6570700">
    <ele>1759.6</ele>
   </trkpt>
   <trkpt lat="45.0265030" lon="6.6570680">
    <ele>1759.6</ele>
   </trkpt>
   <trkpt lat="45.0265030" lon="6.6570680">
    <ele>1759.6</ele>
   </trkpt>
   <trkpt lat="45.0265030" lon="6.6570680">
    <ele>1759.6</ele>
   </trkpt>
   <trkpt lat="45.0265020" lon="6.6570680">
    <ele>1759.6</ele>
   </trkpt>
   <trkpt lat="45.0265000" lon="6.6570680">
    <ele>1759.6</ele>
   </trkpt>
   <trkpt lat="45.0264980" lon="6.6570670">
    <ele>1759.6</ele>
   </trkpt>
   <trkpt lat="45.0264960" lon="6.6570690">
    <ele>1759.6</ele>
   </trkpt>
   <trkpt lat="45.0264970" lon="6.6570710">
    <ele>1759.6</ele>
   </trkpt>
   <trkpt lat="45.0264980" lon="6.6570720">
    <ele>1759.6</ele>
   </trkpt>
   <trkpt lat="45.0264980" lon="6.6570720">
    <ele>1759.6</ele>
   </trkpt>
   <trkpt lat="45.0264980" lon="6.6570720">
    <ele>1759.6</ele>
   </trkpt>
   <trkpt lat="45.0264670" lon="6.6570770">
    <ele>1759.7</ele>
   </trkpt>
   <trkpt lat="45.0264580" lon="6.6570630">
    <ele>1759.8</ele>
   </trkpt>
   <trkpt lat="45.0264580" lon="6.6570640">
    <ele>1759.8</ele>
   </trkpt>
   <trkpt lat="45.0264680" lon="6.6570590">
    <ele>1759.8</ele>
   </trkpt>
   <trkpt lat="45.0264710" lon="6.6570590">
    <ele>1759.8</ele>
   </trkpt>
   <trkpt lat="45.0264720" lon="6.6570590">
    <ele>1759.8</ele>
   </trkpt>
   <trkpt lat="45.0264720" lon="6.6570590">
    <ele>1759.8</ele>
   </trkpt>
   <trkpt lat="45.0264720" lon="6.6570590">
    <ele>1759.8</ele>
   </trkpt>
   <trkpt lat="45.0264720" lon="6.6570590">
    <ele>1759.8</ele>
   </trkpt>
   <trkpt lat="45.0264720" lon="6.6570590">
    <ele>1759.8</ele>
   </trkpt>
   <trkpt lat="45.0264720" lon="6.6570590">
    <ele>1759.8</ele>
   </trkpt>
   <trkpt lat="45.0264720" lon="6.6570590">
    <ele>1759.8</ele>
   </trkpt>
   <trkpt lat="45.0264720" lon="6.6570590">
    <ele>1759.8</ele>
   </trkpt>
   <trkpt lat="45.0265320" lon="6.6570480">
    <ele>1760.0</ele>
   </trkpt>
   <trkpt lat="45.0265370" lon="6.6570480">
    <ele>1760.0</ele>
   </trkpt>
   <trkpt lat="45.0265330" lon="6.6570490">
    <ele>1760.0</ele>
   </trkpt>
   <trkpt lat="45.0265250" lon="6.6570510">
    <ele>1760.0</ele>
   </trkpt>
   <trkpt lat="45.0265180" lon="6.6570430">
    <ele>1760.1</ele>
   </trkpt>
   <trkpt lat="45.0265150" lon="6.6570360">
    <ele>1760.1</ele>
   </trkpt>
   <trkpt lat="45.0265150" lon="6.6570320">
    <ele>1760.1</ele>
   </trkpt>
   <trkpt lat="45.0265150" lon="6.6570460">
    <ele>1760.1</ele>
   </trkpt>
   <trkpt lat="45.0265160" lon="6.6570560">
    <ele>1760.1</ele>
   </trkpt>
   <trkpt lat="45.0265180" lon="6.6570580">
    <ele>1760.1</ele>
   </trkpt>
   <trkpt lat="45.0265200" lon="6.6570340">
    <ele>1760.2</ele>
   </trkpt>
   <trkpt lat="45.0265220" lon="6.6569990">
    <ele>1760.2</ele>
   </trkpt>
   <trkpt lat="45.0265220" lon="6.6569900">
    <ele>1760.3</ele>
   </trkpt>
   <trkpt lat="45.0265220" lon="6.6569870">
    <ele>1760.3</ele>
   </trkpt>
   <trkpt lat="45.0265150" lon="6.6569650">
    <ele>1760.3</ele>
   </trkpt>
   <trkpt lat="45.0265220" lon="6.6569620">
    <ele>1760.3</ele>
   </trkpt>
   <trkpt lat="45.0265220" lon="6.6569610">
    <ele>1760.3</ele>
   </trkpt>
   <trkpt lat="45.0265170" lon="6.6569560">
    <ele>1760.3</ele>
   </trkpt>
   <trkpt lat="45.0265100" lon="6.6569670">
    <ele>1760.4</ele>
   </trkpt>
   <trkpt lat="45.0265170" lon="6.6569230">
    <ele>1760.4</ele>
   </trkpt>
   <trkpt lat="45.0265280" lon="6.6569120">
    <ele>1760.5</ele>
   </trkpt>
   <trkpt lat="45.0265340" lon="6.6568990">
    <ele>1760.5</ele>
   </trkpt>
   <trkpt lat="45.0265300" lon="6.6568820">
    <ele>1760.5</ele>
   </trkpt>
   <trkpt lat="45.0265290" lon="6.6568840">
    <ele>1760.5</ele>
   </trkpt>
   <trkpt lat="45.0265300" lon="6.6569000">
    <ele>1760.5</ele>
   </trkpt>
   <trkpt lat="45.0265370" lon="6.6569280">
    <ele>1760.6</ele>
   </trkpt>
   <trkpt lat="45.0265390" lon="6.6569360">
    <ele>1760.6</ele>
   </trkpt>
   <trkpt lat="45.0265390" lon="6.6569380">
    <ele>1760.6</ele>
   </trkpt>
   <trkpt lat="45.0265390" lon="6.6569390">
    <ele>1760.6</ele>
   </trkpt>
   <trkpt lat="45.0265390" lon="6.6569390">
    <ele>1760.6</ele>
   </trkpt>
   <trkpt lat="45.0265390" lon="6.6569390">
    <ele>1760.6</ele>
   </trkpt>
   <trkpt lat="45.0265390" lon="6.6569390">
    <ele>1760.6</ele>
   </trkpt>
   <trkpt lat="45.0265390" lon="6.6569390">
    <ele>1760.6</ele>
   </trkpt>
   <trkpt lat="45.0265390" lon="6.6569390">
    <ele>1760.6</ele>
   </trkpt>
   <trkpt lat="45.0265720" lon="6.6569670">
    <ele>1760.6</ele>
   </trkpt>
   <trkpt lat="45.0265720" lon="6.6569690">
    <ele>1760.6</ele>
   </trkpt>
   <trkpt lat="45.0265700" lon="6.6569640">
    <ele>1760.6</ele>
   </trkpt>
   <trkpt lat="45.0265690" lon="6.6569620">
    <ele>1760.6</ele>
   </trkpt>
   <trkpt lat="45.0265690" lon="6.6569610">
    <ele>1760.6</ele>
   </trkpt>
   <trkpt lat="45.0265680" lon="6.6569610">
    <ele>1760.6</ele>
   </trkpt>
   <trkpt lat="45.0265680" lon="6.6569610">
    <ele>1760.6</ele>
   </trkpt>
   <trkpt lat="45.0265680" lon="6.6569610">
    <ele>1760.6</ele>
   </trkpt>
   <trkpt lat="45.0265680" lon="6.6569610">
    <ele>1760.6</ele>
   </trkpt>
   <trkpt lat="45.0265680" lon="6.6569610">
    <ele>1760.6</ele>
   </trkpt>
   <trkpt lat="45.0265680" lon="6.6569610">
    <ele>1760.6</ele>
   </trkpt>
   <trkpt lat="45.0265680" lon="6.6569610">
    <ele>1760.6</ele>
   </trkpt>
   <trkpt lat="45.0265680" lon="6.6569610">
    <ele>1760.6</ele>
   </trkpt>
   <trkpt lat="45.0265490" lon="6.6569480">
    <ele>1760.7</ele>
   </trkpt>
   <trkpt lat="45.0265420" lon="6.6569750">
    <ele>1760.7</ele>
   </trkpt>
   <trkpt lat="45.0265350" lon="6.6569490">
    <ele>1760.7</ele>
   </trkpt>
   <trkpt lat="45.0265240" lon="6.6569590">
    <ele>1760.7</ele>
   </trkpt>
   <trkpt lat="45.0265290" lon="6.6569450">
    <ele>1760.7</ele>
   </trkpt>
   <trkpt lat="45.0265310" lon="6.6569390">
    <ele>1760.7</ele>
   </trkpt>
   <trkpt lat="45.0265150" lon="6.6569540">
    <ele>1760.7</ele>
   </trkpt>
   <trkpt lat="45.0265140" lon="6.6569550">
    <ele>1760.7</ele>
   </trkpt>
   <trkpt lat="45.0265130" lon="6.6569550">
    <ele>1760.7</ele>
   </trkpt>
   <trkpt lat="45.0265150" lon="6.6569520">
    <ele>1760.7</ele>
   </trkpt>
   <trkpt lat="45.0265150" lon="6.6569520">
    <ele>1760.7</ele>
   </trkpt>
   <trkpt lat="45.0265150" lon="6.6569520">
    <ele>1760.7</ele>
   </trkpt>
   <trkpt lat="45.0265150" lon="6.6569520">
    <ele>1760.7</ele>
   </trkpt>
   <trkpt lat="45.0265540" lon="6.6569630">
    <ele>1760.7</ele>
   </trkpt>
   <trkpt lat="45.0265600" lon="6.6569620">
    <ele>1760.7</ele>
   </trkpt>
   <trkpt lat="45.0265620" lon="6.6569650">
    <ele>1760.8</ele>
   </trkpt>
   <trkpt lat="45.0265760" lon="6.6569690">
    <ele>1760.8</ele>
   </trkpt>
   <trkpt lat="45.0265880" lon="6.6569700">
    <ele>1760.8</ele>
   </trkpt>
   <trkpt lat="45.0265990" lon="6.6569700">
    <ele>1760.8</ele>
   </trkpt>
   <trkpt lat="45.0266160" lon="6.6569740">
    <ele>1760.7</ele>
   </trkpt>
   <trkpt lat="45.0266520" lon="6.6569720">
    <ele>1760.7</ele>
   </trkpt>
   <trkpt lat="45.0266660" lon="6.6569660">
    <ele>1760.7</ele>
   </trkpt>
   <trkpt lat="45.0266990" lon="6.6569540">
    <ele>1760.7</ele>
   </trkpt>
   <trkpt lat="45.0267320" lon="6.6569500">
    <ele>1760.7</ele>
   </trkpt>
   <trkpt lat="45.0267710" lon="6.6569520">
    <ele>1760.7</ele>
   </trkpt>
   <trkpt lat="45.0268120" lon="6.6569470">
    <ele>1760.6</ele>
   </trkpt>
   <trkpt lat="45.0268600" lon="6.6569310">
    <ele>1760.6</ele>
   </trkpt>
   <trkpt lat="45.0269080" lon="6.6569150">
    <ele>1760.5</ele>
   </trkpt>
   <trkpt lat="45.0269570" lon="6.6569070">
    <ele>1760.5</ele>
   </trkpt>
   <trkpt lat="45.0270100" lon="6.6569000">
    <ele>1760.4</ele>
   </trkpt>
   <trkpt lat="45.0270590" lon="6.6568910">
    <ele>1760.4</ele>
   </trkpt>
   <trkpt lat="45.0271060" lon="6.6568770">
    <ele>1760.4</ele>
   </trkpt>
   <trkpt lat="45.0271570" lon="6.6568580">
    <ele>1760.3</ele>
   </trkpt>
   <trkpt lat="45.0272100" lon="6.6568350">
    <ele>1760.2</ele>
   </trkpt>
   <trkpt lat="45.0272650" lon="6.6568190">
    <ele>1760.0</ele>
   </trkpt>
   <trkpt lat="45.0273250" lon="6.6568120">
    <ele>1759.8</ele>
   </trkpt>
   <trkpt lat="45.0273890" lon="6.6568040">
    <ele>1759.6</ele>
   </trkpt>
   <trkpt lat="45.0274540" lon="6.6567990">
    <ele>1759.3</ele>
   </trkpt>
   <trkpt lat="45.0275200" lon="6.6567870">
    <ele>1758.9</ele>
   </trkpt>
   <trkpt lat="45.0275880" lon="6.6567720">
    <ele>1758.6</ele>
   </trkpt>
   <trkpt lat="45.0276580" lon="6.6567530">
    <ele>1758.1</ele>
   </trkpt>
   <trkpt lat="45.0277330" lon="6.6567300">
    <ele>1757.7</ele>
   </trkpt>
   <trkpt lat="45.0278080" lon="6.6567100">
    <ele>1757.2</ele>
   </trkpt>
   <trkpt lat="45.0278870" lon="6.6566870">
    <ele>1756.7</ele>
   </trkpt>
   <trkpt lat="45.0279690" lon="6.6566580">
    <ele>1756.1</ele>
   </trkpt>
   <trkpt lat="45.0280470" lon="6.6566330">
    <ele>1755.6</ele>
   </trkpt>
   <trkpt lat="45.0281310" lon="6.6566010">
    <ele>1755.0</ele>
   </trkpt>
   <trkpt lat="45.0282200" lon="6.6565640">
    <ele>1754.5</ele>
   </trkpt>
   <trkpt lat="45.0283060" lon="6.6565250">
    <ele>1754.0</ele>
   </trkpt>
   <trkpt lat="45.0283950" lon="6.6564830">
    <ele>1753.6</ele>
   </trkpt>
   <trkpt lat="45.0284870" lon="6.6564400">
    <ele>1753.2</ele>
   </trkpt>
   <trkpt lat="45.0285780" lon="6.6564010">
    <ele>1752.9</ele>
   </trkpt>
   <trkpt lat="45.0286680" lon="6.6563650">
    <ele>1752.7</ele>
   </trkpt>
   <trkpt lat="45.0287560" lon="6.6563300">
    <ele>1752.6</ele>
   </trkpt>
   <trkpt lat="45.0288430" lon="6.6562970">
    <ele>1752.6</ele>
   </trkpt>
   <trkpt lat="45.0289240" lon="6.6562640">
    <ele>1752.5</ele>
   </trkpt>
   <trkpt lat="45.0290050" lon="6.6562250">
    <ele>1752.5</ele>
   </trkpt>
   <trkpt lat="45.0290880" lon="6.6561880">
    <ele>1752.5</ele>
   </trkpt>
   <trkpt lat="45.0291700" lon="6.6561590">
    <ele>1752.6</ele>
   </trkpt>
   <trkpt lat="45.0292510" lon="6.6561330">
    <ele>1752.5</ele>
   </trkpt>
   <trkpt lat="45.0293300" lon="6.6561040">
    <ele>1752.5</ele>
   </trkpt>
   <trkpt lat="45.0294100" lon="6.6560730">
    <ele>1752.5</ele>
   </trkpt>
   <trkpt lat="45.0294880" lon="6.6560410">
    <ele>1752.4</ele>
   </trkpt>
   <trkpt lat="45.0295660" lon="6.6560100">
    <ele>1752.4</ele>
   </trkpt>
   <trkpt lat="45.0296440" lon="6.6559820">
    <ele>1752.4</ele>
   </trkpt>
   <trkpt lat="45.0297230" lon="6.6559560">
    <ele>1752.4</ele>
   </trkpt>
   <trkpt lat="45.0298010" lon="6.6559250">
    <ele>1752.4</ele>
   </trkpt>
   <trkpt lat="45.0298790" lon="6.6558890">
    <ele>1752.4</ele>
   </trkpt>
   <trkpt lat="45.0299580" lon="6.6558520">
    <ele>1752.4</ele>
   </trkpt>
   <trkpt lat="45.0300340" lon="6.6558240">
    <ele>1752.5</ele>
   </trkpt>
   <trkpt lat="45.0301130" lon="6.6557910">
    <ele>1752.6</ele>
   </trkpt>
   <trkpt lat="45.0301930" lon="6.6557640">
    <ele>1752.7</ele>
   </trkpt>
   <trkpt lat="45.0302720" lon="6.6557390">
    <ele>1752.9</ele>
   </trkpt>
   <trkpt lat="45.0303480" lon="6.6557170">
    <ele>1753.0</ele>
   </trkpt>
   <trkpt lat="45.0304210" lon="6.6556900">
    <ele>1753.2</ele>
   </trkpt>
   <trkpt lat="45.0304990" lon="6.6556680">
    <ele>1753.3</ele>
   </trkpt>
   <trkpt lat="45.0305800" lon="6.6556430">
    <ele>1753.5</ele>
   </trkpt>
   <trkpt lat="45.0306630" lon="6.6556230">
    <ele>1753.7</ele>
   </trkpt>
   <trkpt lat="45.0307470" lon="6.6556010">
    <ele>1753.9</ele>
   </trkpt>
   <trkpt lat="45.0308300" lon="6.6555760">
    <ele>1754.0</ele>
   </trkpt>
   <trkpt lat="45.0309110" lon="6.6555580">
    <ele>1754.2</ele>
   </trkpt>
   <trkpt lat="45.0309980" lon="6.6555430">
    <ele>1754.2</ele>
   </trkpt>
   <trkpt lat="45.0310860" lon="6.6555270">
    <ele>1754.3</ele>
   </trkpt>
   <trkpt lat="45.0311670" lon="6.6555130">
    <ele>1754.4</ele>
   </trkpt>
   <trkpt lat="45.0312500" lon="6.6554940">
    <ele>1754.6</ele>
   </trkpt>
   <trkpt lat="45.0313210" lon="6.6554840">
    <ele>1754.7</ele>
   </trkpt>
   <trkpt lat="45.0313800" lon="6.6554770">
    <ele>1754.8</ele>
   </trkpt>
   <trkpt lat="45.0314280" lon="6.6554640">
    <ele>1754.8</ele>
   </trkpt>
   <trkpt lat="45.0314810" lon="6.6554550">
    <ele>1754.9</ele>
   </trkpt>
   <trkpt lat="45.0315290" lon="6.6554470">
    <ele>1755.0</ele>
   </trkpt>
   <trkpt lat="45.0315770" lon="6.6554380">
    <ele>1755.1</ele>
   </trkpt>
   <trkpt lat="45.0316190" lon="6.6554280">
    <ele>1755.1</ele>
   </trkpt>
   <trkpt lat="45.0316640" lon="6.6554210">
    <ele>1755.2</ele>
   </trkpt>
   <trkpt lat="45.0317080" lon="6.6554110">
    <ele>1755.3</ele>
   </trkpt>
   <trkpt lat="45.0317540" lon="6.6554010">
    <ele>1755.4</ele>
   </trkpt>
   <trkpt lat="45.0318000" lon="6.6553900">
    <ele>1755.4</ele>
   </trkpt>
   <trkpt lat="45.0318470" lon="6.6553810">
    <ele>1755.5</ele>
   </trkpt>
   <trkpt lat="45.0318950" lon="6.6553690">
    <ele>1755.6</ele>
   </trkpt>
   <trkpt lat="45.0319440" lon="6.6553540">
    <ele>1755.7</ele>
   </trkpt>
   <trkpt lat="45.0319930" lon="6.6553410">
    <ele>1755.7</ele>
   </trkpt>
   <trkpt lat="45.0320410" lon="6.6553330">
    <ele>1755.8</ele>
   </trkpt>
   <trkpt lat="45.0320860" lon="6.6553240">
    <ele>1755.9</ele>
   </trkpt>
   <trkpt lat="45.0321340" lon="6.6553080">
    <ele>1755.9</ele>
   </trkpt>
   <trkpt lat="45.0321820" lon="6.6552980">
    <ele>1756.0</ele>
   </trkpt>
   <trkpt lat="45.0322290" lon="6.6552870">
    <ele>1756.1</ele>
   </trkpt>
   <trkpt lat="45.0322770" lon="6.6552710">
    <ele>1756.2</ele>
   </trkpt>
   <trkpt lat="45.0323200" lon="6.6552630">
    <ele>1756.2</ele>
   </trkpt>
   <trkpt lat="45.0323710" lon="6.6552450">
    <ele>1756.2</ele>
   </trkpt>
   <trkpt lat="45.0324090" lon="6.6552200">
    <ele>1756.3</ele>
   </trkpt>
   <trkpt lat="45.0324740" lon="6.6552210">
    <ele>1756.3</ele>
   </trkpt>
   <trkpt lat="45.0325150" lon="6.6552270">
    <ele>1756.3</ele>
   </trkpt>
   <trkpt lat="45.0325670" lon="6.6552260">
    <ele>1756.3</ele>
   </trkpt>
   <trkpt lat="45.0326060" lon="6.6552250">
    <ele>1756.4</ele>
   </trkpt>
   <trkpt lat="45.0326610" lon="6.6552130">
    <ele>1756.4</ele>
   </trkpt>
   <trkpt lat="45.0327120" lon="6.6551990">
    <ele>1756.5</ele>
   </trkpt>
   <trkpt lat="45.0327660" lon="6.6551820">
    <ele>1756.6</ele>
   </trkpt>
   <trkpt lat="45.0328120" lon="6.6551850">
    <ele>1756.7</ele>
   </trkpt>
   <trkpt lat="45.0328570" lon="6.6551760">
    <ele>1756.8</ele>
   </trkpt>
   <trkpt lat="45.0329100" lon="6.6551660">
    <ele>1756.9</ele>
   </trkpt>
   <trkpt lat="45.0329560" lon="6.6551530">
    <ele>1757.0</ele>
   </trkpt>
   <trkpt lat="45.0330450" lon="6.6551350">
    <ele>1757.3</ele>
   </trkpt>
   <trkpt lat="45.0330890" lon="6.6551210">
    <ele>1757.4</ele>
   </trkpt>
   <trkpt lat="45.0331360" lon="6.6551120">
    <ele>1757.5</ele>
   </trkpt>
   <trkpt lat="45.0331800" lon="6.6551040">
    <ele>1757.6</ele>
   </trkpt>
   <trkpt lat="45.0332230" lon="6.6551000">
    <ele>1757.7</ele>
   </trkpt>
   <trkpt lat="45.0332690" lon="6.6550890">
    <ele>1757.8</ele>
   </trkpt>
   <trkpt lat="45.0333110" lon="6.6550810">
    <ele>1757.9</ele>
   </trkpt>
   <trkpt lat="45.0333570" lon="6.6550710">
    <ele>1758.0</ele>
   </trkpt>
   <trkpt lat="45.0334010" lon="6.6550620">
    <ele>1758.1</ele>
   </trkpt>
   <trkpt lat="45.0334440" lon="6.6550520">
    <ele>1758.1</ele>
   </trkpt>
   <trkpt lat="45.0334870" lon="6.6550450">
    <ele>1758.2</ele>
   </trkpt>
   <trkpt lat="45.0335300" lon="6.6550340">
    <ele>1758.2</ele>
   </trkpt>
   <trkpt lat="45.0335740" lon="6.6550150">
    <ele>1758.2</ele>
   </trkpt>
   <trkpt lat="45.0336200" lon="6.6550060">
    <ele>1758.1</ele>
   </trkpt>
   <trkpt lat="45.0336630" lon="6.6550000">
    <ele>1758.1</ele>
   </trkpt>
   <trkpt lat="45.0337120" lon="6.6549910">
    <ele>1757.9</ele>
   </trkpt>
   <trkpt lat="45.0337680" lon="6.6549890">
    <ele>1757.7</ele>
   </trkpt>
   <trkpt lat="45.0338340" lon="6.6549900">
    <ele>1757.5</ele>
   </trkpt>
   <trkpt lat="45.0338990" lon="6.6549880">
    <ele>1757.2</ele>
   </trkpt>
   <trkpt lat="45.0339640" lon="6.6549840">
    <ele>1756.9</ele>
   </trkpt>
   <trkpt lat="45.0340360" lon="6.6549880">
    <ele>1756.5</ele>
   </trkpt>
   <trkpt lat="45.0341130" lon="6.6549870">
    <ele>1756.1</ele>
   </trkpt>
   <trkpt lat="45.0341900" lon="6.6549900">
    <ele>1755.8</ele>
   </trkpt>
   <trkpt lat="45.0342600" lon="6.6549910">
    <ele>1755.5</ele>
   </trkpt>
   <trkpt lat="45.0343350" lon="6.6550040">
    <ele>1755.1</ele>
   </trkpt>
   <trkpt lat="45.0344190" lon="6.6550110">
    <ele>1754.6</ele>
   </trkpt>
   <trkpt lat="45.0345040" lon="6.6550140">
    <ele>1754.2</ele>
   </trkpt>
   <trkpt lat="45.0345890" lon="6.6550190">
    <ele>1753.7</ele>
   </trkpt>
   <trkpt lat="45.0346780" lon="6.6550290">
    <ele>1753.3</ele>
   </trkpt>
   <trkpt lat="45.0347690" lon="6.6550310">
    <ele>1752.9</ele>
   </trkpt>
   <trkpt lat="45.0348700" lon="6.6550240">
    <ele>1752.4</ele>
   </trkpt>
   <trkpt lat="45.0349700" lon="6.6550110">
    <ele>1751.9</ele>
   </trkpt>
   <trkpt lat="45.0350760" lon="6.6549960">
    <ele>1751.4</ele>
   </trkpt>
   <trkpt lat="45.0351830" lon="6.6549700">
    <ele>1750.9</ele>
   </trkpt>
   <trkpt lat="45.0352910" lon="6.6549370">
    <ele>1750.5</ele>
   </trkpt>
   <trkpt lat="45.0354000" lon="6.6549040">
    <ele>1750.0</ele>
   </trkpt>
   <trkpt lat="45.0355120" lon="6.6548720">
    <ele>1749.5</ele>
   </trkpt>
   <trkpt lat="45.0356240" lon="6.6548310">
    <ele>1749.1</ele>
   </trkpt>
   <trkpt lat="45.0357370" lon="6.6547890">
    <ele>1748.6</ele>
   </trkpt>
   <trkpt lat="45.0358550" lon="6.6547410">
    <ele>1748.2</ele>
   </trkpt>
   <trkpt lat="45.0359750" lon="6.6546950">
    <ele>1748.0</ele>
   </trkpt>
   <trkpt lat="45.0360900" lon="6.6546580">
    <ele>1747.8</ele>
   </trkpt>
   <trkpt lat="45.0362100" lon="6.6546200">
    <ele>1747.6</ele>
   </trkpt>
   <trkpt lat="45.0363260" lon="6.6545830">
    <ele>1747.4</ele>
   </trkpt>
   <trkpt lat="45.0364460" lon="6.6545510">
    <ele>1747.0</ele>
   </trkpt>
   <trkpt lat="45.0365650" lon="6.6545220">
    <ele>1746.4</ele>
   </trkpt>
   <trkpt lat="45.0366820" lon="6.6544900">
    <ele>1745.8</ele>
   </trkpt>
   <trkpt lat="45.0368060" lon="6.6544500">
    <ele>1745.0</ele>
   </trkpt>
   <trkpt lat="45.0369320" lon="6.6544160">
    <ele>1744.2</ele>
   </trkpt>
   <trkpt lat="45.0370640" lon="6.6543860">
    <ele>1743.3</ele>
   </trkpt>
   <trkpt lat="45.0371950" lon="6.6543730">
    <ele>1742.4</ele>
   </trkpt>
   <trkpt lat="45.0373310" lon="6.6543720">
    <ele>1741.5</ele>
   </trkpt>
   <trkpt lat="45.0374650" lon="6.6543890">
    <ele>1740.7</ele>
   </trkpt>
   <trkpt lat="45.0376040" lon="6.6544330">
    <ele>1739.9</ele>
   </trkpt>
   <trkpt lat="45.0377400" lon="6.6544920">
    <ele>1739.3</ele>
   </trkpt>
   <trkpt lat="45.0378660" lon="6.6545520">
    <ele>1739.0</ele>
   </trkpt>
   <trkpt lat="45.0379860" lon="6.6546030">
    <ele>1738.8</ele>
   </trkpt>
   <trkpt lat="45.0381100" lon="6.6546520">
    <ele>1738.7</ele>
   </trkpt>
   <trkpt lat="45.0382260" lon="6.6547010">
    <ele>1738.7</ele>
   </trkpt>
   <trkpt lat="45.0383400" lon="6.6547560">
    <ele>1738.7</ele>
   </trkpt>
   <trkpt lat="45.0384500" lon="6.6548060">
    <ele>1738.8</ele>
   </trkpt>
   <trkpt lat="45.0385600" lon="6.6548450">
    <ele>1738.8</ele>
   </trkpt>
   <trkpt lat="45.0386650" lon="6.6548860">
    <ele>1738.9</ele>
   </trkpt>
   <trkpt lat="45.0387760" lon="6.6549270">
    <ele>1739.1</ele>
   </trkpt>
   <trkpt lat="45.0388800" lon="6.6549690">
    <ele>1739.3</ele>
   </trkpt>
   <trkpt lat="45.0389800" lon="6.6550120">
    <ele>1739.4</ele>
   </trkpt>
   <trkpt lat="45.0390790" lon="6.6550560">
    <ele>1739.7</ele>
   </trkpt>
   <trkpt lat="45.0391780" lon="6.6551000">
    <ele>1739.9</ele>
   </trkpt>
   <trkpt lat="45.0392740" lon="6.6551400">
    <ele>1740.3</ele>
   </trkpt>
   <trkpt lat="45.0393680" lon="6.6551790">
    <ele>1740.6</ele>
   </trkpt>
   <trkpt lat="45.0394570" lon="6.6552170">
    <ele>1741.0</ele>
   </trkpt>
   <trkpt lat="45.0395440" lon="6.6552580">
    <ele>1741.4</ele>
   </trkpt>
   <trkpt lat="45.0396260" lon="6.6553060">
    <ele>1741.8</ele>
   </trkpt>
   <trkpt lat="45.0397060" lon="6.6553570">
    <ele>1742.3</ele>
   </trkpt>
   <trkpt lat="45.0397790" lon="6.6554080">
    <ele>1742.7</ele>
   </trkpt>
   <trkpt lat="45.0398480" lon="6.6554580">
    <ele>1743.1</ele>
   </trkpt>
   <trkpt lat="45.0399120" lon="6.6555070">
    <ele>1743.5</ele>
   </trkpt>
   <trkpt lat="45.0399680" lon="6.6555540">
    <ele>1743.9</ele>
   </trkpt>
   <trkpt lat="45.0400210" lon="6.6556020">
    <ele>1744.2</ele>
   </trkpt>
   <trkpt lat="45.0400730" lon="6.6556490">
    <ele>1744.6</ele>
   </trkpt>
   <trkpt lat="45.0401250" lon="6.6556940">
    <ele>1744.9</ele>
   </trkpt>
   <trkpt lat="45.0401710" lon="6.6557340">
    <ele>1745.2</ele>
   </trkpt>
   <trkpt lat="45.0402190" lon="6.6557650">
    <ele>1745.5</ele>
   </trkpt>
   <trkpt lat="45.0402640" lon="6.6557900">
    <ele>1745.8</ele>
   </trkpt>
   <trkpt lat="45.0403020" lon="6.6558230">
    <ele>1746.1</ele>
   </trkpt>
   <trkpt lat="45.0403340" lon="6.6558610">
    <ele>1746.3</ele>
   </trkpt>
   <trkpt lat="45.0403690" lon="6.6558910">
    <ele>1746.6</ele>
   </trkpt>
   <trkpt lat="45.0404020" lon="6.6559180">
    <ele>1746.8</ele>
   </trkpt>
   <trkpt lat="45.0404350" lon="6.6559510">
    <ele>1747.1</ele>
   </trkpt>
   <trkpt lat="45.0404630" lon="6.6559820">
    <ele>1747.3</ele>
   </trkpt>
   <trkpt lat="45.0404870" lon="6.6560160">
    <ele>1747.6</ele>
   </trkpt>
   <trkpt lat="45.0405070" lon="6.6560440">
    <ele>1747.7</ele>
   </trkpt>
   <trkpt lat="45.0405310" lon="6.6560700">
    <ele>1747.9</ele>
   </trkpt>
   <trkpt lat="45.0405560" lon="6.6560980">
    <ele>1748.2</ele>
   </trkpt>
   <trkpt lat="45.0405790" lon="6.6561260">
    <ele>1748.4</ele>
   </trkpt>
   <trkpt lat="45.0406130" lon="6.6561640">
    <ele>1748.6</ele>
   </trkpt>
   <trkpt lat="45.0406260" lon="6.6561770">
    <ele>1748.7</ele>
   </trkpt>
   <trkpt lat="45.0406560" lon="6.6562080">
    <ele>1749.0</ele>
   </trkpt>
   <trkpt lat="45.0406880" lon="6.6562300">
    <ele>1749.2</ele>
   </trkpt>
   <trkpt lat="45.0407230" lon="6.6562490">
    <ele>1749.4</ele>
   </trkpt>
   <trkpt lat="45.0407610" lon="6.6562760">
    <ele>1749.7</ele>
   </trkpt>
   <trkpt lat="45.0407960" lon="6.6563050">
    <ele>1749.9</ele>
   </trkpt>
   <trkpt lat="45.0408260" lon="6.6563310">
    <ele>1750.1</ele>
   </trkpt>
   <trkpt lat="45.0408630" lon="6.6563570">
    <ele>1750.3</ele>
   </trkpt>
   <trkpt lat="45.0408920" lon="6.6563760">
    <ele>1750.5</ele>
   </trkpt>
   <trkpt lat="45.0409260" lon="6.6563920">
    <ele>1750.7</ele>
   </trkpt>
   <trkpt lat="45.0409600" lon="6.6564090">
    <ele>1750.8</ele>
   </trkpt>
   <trkpt lat="45.0409890" lon="6.6564270">
    <ele>1751.0</ele>
   </trkpt>
   <trkpt lat="45.0410200" lon="6.6564560">
    <ele>1751.1</ele>
   </trkpt>
   <trkpt lat="45.0410540" lon="6.6564850">
    <ele>1751.3</ele>
   </trkpt>
   <trkpt lat="45.0410950" lon="6.6565160">
    <ele>1751.4</ele>
   </trkpt>
   <trkpt lat="45.0411310" lon="6.6565400">
    <ele>1751.6</ele>
   </trkpt>
   <trkpt lat="45.0411640" lon="6.6565670">
    <ele>1751.7</ele>
   </trkpt>
   <trkpt lat="45.0411980" lon="6.6565960">
    <ele>1751.8</ele>
   </trkpt>
   <trkpt lat="45.0412290" lon="6.6566350">
    <ele>1751.9</ele>
   </trkpt>
   <trkpt lat="45.0412590" lon="6.6566800">
    <ele>1752.0</ele>
   </trkpt>
   <trkpt lat="45.0412950" lon="6.6567170">
    <ele>1752.2</ele>
   </trkpt>
   <trkpt lat="45.0413330" lon="6.6567490">
    <ele>1752.3</ele>
   </trkpt>
   <trkpt lat="45.0413750" lon="6.6567770">
    <ele>1752.4</ele>
   </trkpt>
   <trkpt lat="45.0414180" lon="6.6568040">
    <ele>1752.5</ele>
   </trkpt>
   <trkpt lat="45.0414560" lon="6.6568280">
    <ele>1752.6</ele>
   </trkpt>
   <trkpt lat="45.0414950" lon="6.6568570">
    <ele>1752.7</ele>
   </trkpt>
   <trkpt lat="45.0415330" lon="6.6568910">
    <ele>1752.8</ele>
   </trkpt>
   <trkpt lat="45.0415730" lon="6.6569160">
    <ele>1752.9</ele>
   </trkpt>
   <trkpt lat="45.0416580" lon="6.6569550">
    <ele>1753.1</ele>
   </trkpt>
   <trkpt lat="45.0417000" lon="6.6569760">
    <ele>1753.2</ele>
   </trkpt>
   <trkpt lat="45.0417440" lon="6.6570020">
    <ele>1753.4</ele>
   </trkpt>
   <trkpt lat="45.0417840" lon="6.6570280">
    <ele>1753.6</ele>
   </trkpt>
   <trkpt lat="45.0418260" lon="6.6570440">
    <ele>1753.8</ele>
   </trkpt>
   <trkpt lat="45.0418670" lon="6.6570530">
    <ele>1754.0</ele>
   </trkpt>
   <trkpt lat="45.0419080" lon="6.6570630">
    <ele>1754.3</ele>
   </trkpt>
   <trkpt lat="45.0419500" lon="6.6570680">
    <ele>1754.5</ele>
   </trkpt>
   <trkpt lat="45.0419950" lon="6.6570670">
    <ele>1754.8</ele>
   </trkpt>
   <trkpt lat="45.0420670" lon="6.6570530">
    <ele>1755.4</ele>
   </trkpt>
   <trkpt lat="45.0421020" lon="6.6570500">
    <ele>1755.6</ele>
   </trkpt>
   <trkpt lat="45.0421360" lon="6.6570500">
    <ele>1755.9</ele>
   </trkpt>
   <trkpt lat="45.0421680" lon="6.6570470">
    <ele>1756.2</ele>
   </trkpt>
   <trkpt lat="45.0422020" lon="6.6570380">
    <ele>1756.4</ele>
   </trkpt>
   <trkpt lat="45.0422360" lon="6.6570220">
    <ele>1756.7</ele>
   </trkpt>
   <trkpt lat="45.0422680" lon="6.6570120">
    <ele>1757.0</ele>
   </trkpt>
   <trkpt lat="45.0423020" lon="6.6570060">
    <ele>1757.3</ele>
   </trkpt>
   <trkpt lat="45.0423370" lon="6.6569950">
    <ele>1757.7</ele>
   </trkpt>
   <trkpt lat="45.0423690" lon="6.6569810">
    <ele>1758.0</ele>
   </trkpt>
   <trkpt lat="45.0424000" lon="6.6569730">
    <ele>1758.3</ele>
   </trkpt>
   <trkpt lat="45.0424340" lon="6.6569690">
    <ele>1758.6</ele>
   </trkpt>
   <trkpt lat="45.0424670" lon="6.6569620">
    <ele>1758.9</ele>
   </trkpt>
   <trkpt lat="45.0425000" lon="6.6569610">
    <ele>1759.2</ele>
   </trkpt>
   <trkpt lat="45.0425320" lon="6.6569600">
    <ele>1759.6</ele>
   </trkpt>
   <trkpt lat="45.0425590" lon="6.6569540">
    <ele>1759.8</ele>
   </trkpt>
   <trkpt lat="45.0425870" lon="6.6569510">
    <ele>1760.1</ele>
   </trkpt>
   <trkpt lat="45.0426160" lon="6.6569460">
    <ele>1760.4</ele>
   </trkpt>
   <trkpt lat="45.0426470" lon="6.6569520">
    <ele>1760.7</ele>
   </trkpt>
   <trkpt lat="45.0426750" lon="6.6569560">
    <ele>1761.0</ele>
   </trkpt>
   <trkpt lat="45.0427070" lon="6.6569680">
    <ele>1761.3</ele>
   </trkpt>
   <trkpt lat="45.0427380" lon="6.6569730">
    <ele>1761.6</ele>
   </trkpt>
   <trkpt lat="45.0427710" lon="6.6569750">
    <ele>1761.9</ele>
   </trkpt>
   <trkpt lat="45.0427990" lon="6.6569730">
    <ele>1762.2</ele>
   </trkpt>
   <trkpt lat="45.0428270" lon="6.6569700">
    <ele>1762.4</ele>
   </trkpt>
   <trkpt lat="45.0428550" lon="6.6569720">
    <ele>1762.7</ele>
   </trkpt>
   <trkpt lat="45.0428900" lon="6.6569690">
    <ele>1763.0</ele>
   </trkpt>
   <trkpt lat="45.0429000" lon="6.6569680">
    <ele>1763.1</ele>
   </trkpt>
   <trkpt lat="45.0429370" lon="6.6569660">
    <ele>1763.4</ele>
   </trkpt>
   <trkpt lat="45.0429500" lon="6.6569670">
    <ele>1763.5</ele>
   </trkpt>
   <trkpt lat="45.0429770" lon="6.6569690">
    <ele>1763.7</ele>
   </trkpt>
   <trkpt lat="45.0430050" lon="6.6569720">
    <ele>1764.0</ele>
   </trkpt>
   <trkpt lat="45.0430450" lon="6.6569670">
    <ele>1764.3</ele>
   </trkpt>
   <trkpt lat="45.0430580" lon="6.6569670">
    <ele>1764.4</ele>
   </trkpt>
   <trkpt lat="45.0430990" lon="6.6569570">
    <ele>1764.7</ele>
   </trkpt>
   <trkpt lat="45.0431140" lon="6.6569530">
    <ele>1764.8</ele>
   </trkpt>
   <trkpt lat="45.0431440" lon="6.6569550">
    <ele>1765.1</ele>
   </trkpt>
   <trkpt lat="45.0431720" lon="6.6569560">
    <ele>1765.3</ele>
   </trkpt>
   <trkpt lat="45.0432010" lon="6.6569610">
    <ele>1765.5</ele>
   </trkpt>
   <trkpt lat="45.0432340" lon="6.6569600">
    <ele>1765.8</ele>
   </trkpt>
   <trkpt lat="45.0432650" lon="6.6569510">
    <ele>1766.0</ele>
   </trkpt>
   <trkpt lat="45.0432950" lon="6.6569500">
    <ele>1766.3</ele>
   </trkpt>
   <trkpt lat="45.0433310" lon="6.6569500">
    <ele>1766.6</ele>
   </trkpt>
   <trkpt lat="45.0433660" lon="6.6569480">
    <ele>1766.9</ele>
   </trkpt>
   <trkpt lat="45.0434010" lon="6.6569560">
    <ele>1767.2</ele>
   </trkpt>
   <trkpt lat="45.0434340" lon="6.6569640">
    <ele>1767.5</ele>
   </trkpt>
   <trkpt lat="45.0434700" lon="6.6569810">
    <ele>1767.8</ele>
   </trkpt>
   <trkpt lat="45.0435040" lon="6.6569950">
    <ele>1768.1</ele>
   </trkpt>
   <trkpt lat="45.0435390" lon="6.6570060">
    <ele>1768.4</ele>
   </trkpt>
   <trkpt lat="45.0435700" lon="6.6570170">
    <ele>1768.7</ele>
   </trkpt>
   <trkpt lat="45.0436010" lon="6.6570290">
    <ele>1769.0</ele>
   </trkpt>
   <trkpt lat="45.0436320" lon="6.6570410">
    <ele>1769.3</ele>
   </trkpt>
   <trkpt lat="45.0436640" lon="6.6570560">
    <ele>1769.6</ele>
   </trkpt>
   <trkpt lat="45.0436940" lon="6.6570740">
    <ele>1769.9</ele>
   </trkpt>
   <trkpt lat="45.0437240" lon="6.6570880">
    <ele>1770.2</ele>
   </trkpt>
   <trkpt lat="45.0437570" lon="6.6570990">
    <ele>1770.5</ele>
   </trkpt>
   <trkpt lat="45.0437880" lon="6.6571090">
    <ele>1770.8</ele>
   </trkpt>
   <trkpt lat="45.0438190" lon="6.6571220">
    <ele>1771.1</ele>
   </trkpt>
   <trkpt lat="45.0438510" lon="6.6571400">
    <ele>1771.4</ele>
   </trkpt>
   <trkpt lat="45.0438910" lon="6.6571620">
    <ele>1771.8</ele>
   </trkpt>
   <trkpt lat="45.0439240" lon="6.6571820">
    <ele>1772.1</ele>
   </trkpt>
   <trkpt lat="45.0439630" lon="6.6572080">
    <ele>1772.5</ele>
   </trkpt>
   <trkpt lat="45.0439950" lon="6.6572290">
    <ele>1772.8</ele>
   </trkpt>
   <trkpt lat="45.0440270" lon="6.6572460">
    <ele>1773.0</ele>
   </trkpt>
   <trkpt lat="45.0440660" lon="6.6572670">
    <ele>1773.4</ele>
   </trkpt>
   <trkpt lat="45.0441030" lon="6.6572990">
    <ele>1773.7</ele>
   </trkpt>
   <trkpt lat="45.0441460" lon="6.6573420">
    <ele>1774.1</ele>
   </trkpt>
   <trkpt lat="45.0441950" lon="6.6573690">
    <ele>1774.5</ele>
   </trkpt>
   <trkpt lat="45.0442400" lon="6.6573900">
    <ele>1774.8</ele>
   </trkpt>
   <trkpt lat="45.0442800" lon="6.6574170">
    <ele>1775.1</ele>
   </trkpt>
   <trkpt lat="45.0443210" lon="6.6574520">
    <ele>1775.5</ele>
   </trkpt>
   <trkpt lat="45.0443550" lon="6.6574940">
    <ele>1775.8</ele>
   </trkpt>
   <trkpt lat="45.0443900" lon="6.6575290">
    <ele>1776.1</ele>
   </trkpt>
   <trkpt lat="45.0444130" lon="6.6575670">
    <ele>1776.4</ele>
   </trkpt>
   <trkpt lat="45.0444450" lon="6.6576040">
    <ele>1776.7</ele>
   </trkpt>
   <trkpt lat="45.0444810" lon="6.6576340">
    <ele>1777.1</ele>
   </trkpt>
   <trkpt lat="45.0445170" lon="6.6576560">
    <ele>1777.4</ele>
   </trkpt>
   <trkpt lat="45.0445570" lon="6.6576820">
    <ele>1777.7</ele>
   </trkpt>
   <trkpt lat="45.0445880" lon="6.6577090">
    <ele>1778.0</ele>
   </trkpt>
   <trkpt lat="45.0446180" lon="6.6577290">
    <ele>1778.2</ele>
   </trkpt>
   <trkpt lat="45.0446460" lon="6.6577520">
    <ele>1778.5</ele>
   </trkpt>
   <trkpt lat="45.0446760" lon="6.6577720">
    <ele>1778.5</ele>
   </trkpt>
   <trkpt lat="45.0446990" lon="6.6577930">
    <ele>1778.4</ele>
   </trkpt>
   <trkpt lat="45.0447230" lon="6.6578190">
    <ele>1778.4</ele>
   </trkpt>
   <trkpt lat="45.0447460" lon="6.6578410">
    <ele>1778.3</ele>
   </trkpt>
   <trkpt lat="45.0447710" lon="6.6578650">
    <ele>1778.1</ele>
   </trkpt>
   <trkpt lat="45.0447930" lon="6.6578950">
    <ele>1778.0</ele>
   </trkpt>
   <trkpt lat="45.0448150" lon="6.6579360">
    <ele>1777.7</ele>
   </trkpt>
   <trkpt lat="45.0448350" lon="6.6579910">
    <ele>1777.3</ele>
   </trkpt>
   <trkpt lat="45.0448530" lon="6.6580550">
    <ele>1776.8</ele>
   </trkpt>
   <trkpt lat="45.0448670" lon="6.6581260">
    <ele>1776.2</ele>
   </trkpt>
   <trkpt lat="45.0448880" lon="6.6582020">
    <ele>1776.0</ele>
   </trkpt>
   <trkpt lat="45.0449200" lon="6.6582680">
    <ele>1776.2</ele>
   </trkpt>
   <trkpt lat="45.0449630" lon="6.6583260">
    <ele>1776.4</ele>
   </trkpt>
   <trkpt lat="45.0450100" lon="6.6583760">
    <ele>1776.6</ele>
   </trkpt>
   <trkpt lat="45.0450470" lon="6.6584170">
    <ele>1776.7</ele>
   </trkpt>
   <trkpt lat="45.0450770" lon="6.6584580">
    <ele>1776.8</ele>
   </trkpt>
   <trkpt lat="45.0450990" lon="6.6585060">
    <ele>1776.8</ele>
   </trkpt>
   <trkpt lat="45.0451250" lon="6.6585550">
    <ele>1772.8</ele>
   </trkpt>
   <trkpt lat="45.0451510" lon="6.6586080">
    <ele>1770.6</ele>
   </trkpt>
   <trkpt lat="45.0451900" lon="6.6586660">
    <ele>1769.7</ele>
   </trkpt>
   <trkpt lat="45.0452370" lon="6.6587260">
    <ele>1768.8</ele>
   </trkpt>
   <trkpt lat="45.0452920" lon="6.6587820">
    <ele>1767.9</ele>
   </trkpt>
   <trkpt lat="45.0453460" lon="6.6588440">
    <ele>1767.0</ele>
   </trkpt>
   <trkpt lat="45.0453960" lon="6.6589300">
    <ele>1766.3</ele>
   </trkpt>
   <trkpt lat="45.0454380" lon="6.6590270">
    <ele>1765.6</ele>
   </trkpt>
   <trkpt lat="45.0454780" lon="6.6591420">
    <ele>1764.9</ele>
   </trkpt>
   <trkpt lat="45.0455130" lon="6.6592650">
    <ele>1764.1</ele>
   </trkpt>
   <trkpt lat="45.0455410" lon="6.6593980">
    <ele>1763.4</ele>
   </trkpt>
   <trkpt lat="45.0455570" lon="6.6595340">
    <ele>1762.7</ele>
   </trkpt>
   <trkpt lat="45.0455550" lon="6.6596730">
    <ele>1762.0</ele>
   </trkpt>
   <trkpt lat="45.0455240" lon="6.6597940">
    <ele>1761.3</ele>
   </trkpt>
   <trkpt lat="45.0454690" lon="6.6598850">
    <ele>1760.6</ele>
   </trkpt>
   <trkpt lat="45.0454100" lon="6.6599550">
    <ele>1760.0</ele>
   </trkpt>
   <trkpt lat="45.0453660" lon="6.6600030">
    <ele>1759.5</ele>
   </trkpt>
   <trkpt lat="45.0453260" lon="6.6600380">
    <ele>1759.1</ele>
   </trkpt>
   <trkpt lat="45.0452960" lon="6.6600770">
    <ele>1758.8</ele>
   </trkpt>
   <trkpt lat="45.0452800" lon="6.6601170">
    <ele>1758.5</ele>
   </trkpt>
   <trkpt lat="45.0452670" lon="6.6601590">
    <ele>1758.2</ele>
   </trkpt>
   <trkpt lat="45.0452490" lon="6.6601960">
    <ele>1758.0</ele>
   </trkpt>
   <trkpt lat="45.0452270" lon="6.6602150">
    <ele>1757.8</ele>
   </trkpt>
   <trkpt lat="45.0452200" lon="6.6602210">
    <ele>1757.7</ele>
   </trkpt>
   <trkpt lat="45.0452300" lon="6.6602110">
    <ele>1757.6</ele>
   </trkpt>
   <trkpt lat="45.0452340" lon="6.6602060">
    <ele>1757.5</ele>
   </trkpt>
   <trkpt lat="45.0452390" lon="6.6602010">
    <ele>1757.5</ele>
   </trkpt>
   <trkpt lat="45.0452440" lon="6.6601950">
    <ele>1757.4</ele>
   </trkpt>
   <trkpt lat="45.0452490" lon="6.6601900">
    <ele>1757.4</ele>
   </trkpt>
   <trkpt lat="45.0452530" lon="6.6601850">
    <ele>1757.3</ele>
   </trkpt>
   <trkpt lat="45.0452580" lon="6.6601800">
    <ele>1757.3</ele>
   </trkpt>
   <trkpt lat="45.0452570" lon="6.6601840">
    <ele>1757.3</ele>
   </trkpt>
   <trkpt lat="45.0452520" lon="6.6601810">
    <ele>1757.2</ele>
   </trkpt>
   <trkpt lat="45.0452510" lon="6.6601800">
    <ele>1757.2</ele>
   </trkpt>
   <trkpt lat="45.0452510" lon="6.6601800">
    <ele>1757.2</ele>
   </trkpt>
   <trkpt lat="45.0452500" lon="6.6601800">
    <ele>1757.2</ele>
   </trkpt>
   <trkpt lat="45.0452500" lon="6.6601800">
    <ele>1757.2</ele>
   </trkpt>
   <trkpt lat="45.0452500" lon="6.6601800">
    <ele>1757.2</ele>
   </trkpt>
   <trkpt lat="45.0452500" lon="6.6601810">
    <ele>1757.2</ele>
   </trkpt>
   <trkpt lat="45.0452500" lon="6.6601810">
    <ele>1757.2</ele>
   </trkpt>
   <trkpt lat="45.0452240" lon="6.6602000">
    <ele>1757.0</ele>
   </trkpt>
   <trkpt lat="45.0452040" lon="6.6602260">
    <ele>1756.7</ele>
   </trkpt>
   <trkpt lat="45.0451850" lon="6.6602680">
    <ele>1756.5</ele>
   </trkpt>
   <trkpt lat="45.0451590" lon="6.6603060">
    <ele>1756.2</ele>
   </trkpt>
   <trkpt lat="45.0451290" lon="6.6603580">
    <ele>1755.8</ele>
   </trkpt>
   <trkpt lat="45.0451010" lon="6.6603870">
    <ele>1755.7</ele>
   </trkpt>
   <trkpt lat="45.0450710" lon="6.6604000">
    <ele>1755.5</ele>
   </trkpt>
   <trkpt lat="45.0450310" lon="6.6604050">
    <ele>1755.4</ele>
   </trkpt>
   <trkpt lat="45.0449780" lon="6.6604180">
    <ele>1755.2</ele>
   </trkpt>
   <trkpt lat="45.0449330" lon="6.6604820">
    <ele>1754.9</ele>
   </trkpt>
   <trkpt lat="45.0449050" lon="6.6606030">
    <ele>1754.6</ele>
   </trkpt>
   <trkpt lat="45.0448860" lon="6.6607190">
    <ele>1754.0</ele>
   </trkpt>
   <trkpt lat="45.0448460" lon="6.6607920">
    <ele>1753.7</ele>
   </trkpt>
   <trkpt lat="45.0448230" lon="6.6608460">
    <ele>1753.5</ele>
   </trkpt>
   <trkpt lat="45.0448210" lon="6.6608540">
    <ele>1753.5</ele>
   </trkpt>
   <trkpt lat="45.0448220" lon="6.6608480">
    <ele>1753.5</ele>
   </trkpt>
   <trkpt lat="45.0448180" lon="6.6608560">
    <ele>1753.4</ele>
   </trkpt>
   <trkpt lat="45.0448160" lon="6.6608560">
    <ele>1753.4</ele>
   </trkpt>
   <trkpt lat="45.0448070" lon="6.6608480">
    <ele>1753.4</ele>
   </trkpt>
   <trkpt lat="45.0447930" lon="6.6608500">
    <ele>1753.3</ele>
   </trkpt>
   <trkpt lat="45.0448070" lon="6.6608500">
    <ele>1753.2</ele>
   </trkpt>
   <trkpt lat="45.0448120" lon="6.6608490">
    <ele>1753.2</ele>
   </trkpt>
   <trkpt lat="45.0448140" lon="6.6608490">
    <ele>1753.2</ele>
   </trkpt>
   <trkpt lat="45.0448140" lon="6.6608490">
    <ele>1753.2</ele>
   </trkpt>
   <trkpt lat="45.0448140" lon="6.6608490">
    <ele>1753.2</ele>
   </trkpt>
   <trkpt lat="45.0448140" lon="6.6608490">
    <ele>1753.2</ele>
   </trkpt>
   <trkpt lat="45.0448140" lon="6.6608490">
    <ele>1753.2</ele>
   </trkpt>
   <trkpt lat="45.0448140" lon="6.6608490">
    <ele>1753.2</ele>
   </trkpt>
   <trkpt lat="45.0448140" lon="6.6608490">
    <ele>1753.2</ele>
   </trkpt>
   <trkpt lat="45.0448140" lon="6.6608490">
    <ele>1753.2</ele>
   </trkpt>
   <trkpt lat="45.0448240" lon="6.6608650">
    <ele>1753.1</ele>
   </trkpt>
   <trkpt lat="45.0448350" lon="6.6608570">
    <ele>1753.0</ele>
   </trkpt>
   <trkpt lat="45.0448440" lon="6.6608560">
    <ele>1753.0</ele>
   </trkpt>
   <trkpt lat="45.0448480" lon="6.6608600">
    <ele>1753.0</ele>
   </trkpt>
   <trkpt lat="45.0448490" lon="6.6608610">
    <ele>1753.0</ele>
   </trkpt>
   <trkpt lat="45.0448490" lon="6.6608620">
    <ele>1753.0</ele>
   </trkpt>
   <trkpt lat="45.0448490" lon="6.6608620">
    <ele>1753.0</ele>
   </trkpt>
   <trkpt lat="45.0448560" lon="6.6608770">
    <ele>1752.9</ele>
   </trkpt>
   <trkpt lat="45.0448640" lon="6.6608930">
    <ele>1752.8</ele>
   </trkpt>
   <trkpt lat="45.0448700" lon="6.6609150">
    <ele>1752.7</ele>
   </trkpt>
   <trkpt lat="45.0448660" lon="6.6609840">
    <ele>1752.5</ele>
   </trkpt>
   <trkpt lat="45.0448640" lon="6.6610160">
    <ele>1752.4</ele>
   </trkpt>
   <trkpt lat="45.0448550" lon="6.6610930">
    <ele>1752.0</ele>
   </trkpt>
   <trkpt lat="45.0448570" lon="6.6611600">
    <ele>1751.7</ele>
   </trkpt>
   <trkpt lat="45.0448610" lon="6.6612300">
    <ele>1751.4</ele>
   </trkpt>
   <trkpt lat="45.0447500" lon="6.6614660">
    <ele>1750.0</ele>
   </trkpt>
   <trkpt lat="45.0446800" lon="6.6616070">
    <ele>1749.4</ele>
   </trkpt>
   <trkpt lat="45.0446130" lon="6.6617080">
    <ele>1748.9</ele>
   </trkpt>
   <trkpt lat="45.0445510" lon="6.6618030">
    <ele>1748.5</ele>
   </trkpt>
   <trkpt lat="45.0444830" lon="6.6618930">
    <ele>1748.2</ele>
   </trkpt>
   <trkpt lat="45.0444170" lon="6.6619760">
    <ele>1747.8</ele>
   </trkpt>
   <trkpt lat="45.0443460" lon="6.6620530">
    <ele>1747.5</ele>
   </trkpt>
   <trkpt lat="45.0442760" lon="6.6621430">
    <ele>1747.2</ele>
   </trkpt>
   <trkpt lat="45.0442070" lon="6.6622330">
    <ele>1746.9</ele>
   </trkpt>
   <trkpt lat="45.0441310" lon="6.6623030">
    <ele>1746.5</ele>
   </trkpt>
   <trkpt lat="45.0440510" lon="6.6623560">
    <ele>1746.1</ele>
   </trkpt>
   <trkpt lat="45.0439680" lon="6.6624180">
    <ele>1745.5</ele>
   </trkpt>
   <trkpt lat="45.0439010" lon="6.6625130">
    <ele>1744.9</ele>
   </trkpt>
   <trkpt lat="45.0438530" lon="6.6626350">
    <ele>1744.2</ele>
   </trkpt>
   <trkpt lat="45.0438070" lon="6.6627490">
    <ele>1743.6</ele>
   </trkpt>
   <trkpt lat="45.0437630" lon="6.6628710">
    <ele>1743.1</ele>
   </trkpt>
   <trkpt lat="45.0437220" lon="6.6629990">
    <ele>1742.5</ele>
   </trkpt>
   <trkpt lat="45.0436760" lon="6.6631250">
    <ele>1742.0</ele>
   </trkpt>
   <trkpt lat="45.0436170" lon="6.6632440">
    <ele>1741.5</ele>
   </trkpt>
   <trkpt lat="45.0435440" lon="6.6633490">
    <ele>1741.1</ele>
   </trkpt>
   <trkpt lat="45.0434640" lon="6.6634450">
    <ele>1740.8</ele>
   </trkpt>
   <trkpt lat="45.0433880" lon="6.6635460">
    <ele>1740.4</ele>
   </trkpt>
   <trkpt lat="45.0433180" lon="6.6636430">
    <ele>1740.0</ele>
   </trkpt>
   <trkpt lat="45.0432520" lon="6.6637470">
    <ele>1739.5</ele>
   </trkpt>
   <trkpt lat="45.0431940" lon="6.6638540">
    <ele>1739.0</ele>
   </trkpt>
   <trkpt lat="45.0431510" lon="6.6639830">
    <ele>1738.4</ele>
   </trkpt>
   <trkpt lat="45.0431220" lon="6.6641180">
    <ele>1737.8</ele>
   </trkpt>
   <trkpt lat="45.0431020" lon="6.6642660">
    <ele>1737.1</ele>
   </trkpt>
   <trkpt lat="45.0430770" lon="6.6644130">
    <ele>1736.4</ele>
   </trkpt>
   <trkpt lat="45.0430380" lon="6.6645520">
    <ele>1735.6</ele>
   </trkpt>
   <trkpt lat="45.0429910" lon="6.6646940">
    <ele>1734.7</ele>
   </trkpt>
   <trkpt lat="45.0429420" lon="6.6648350">
    <ele>1733.8</ele>
   </trkpt>
   <trkpt lat="45.0428820" lon="6.6649770">
    <ele>1733.0</ele>
   </trkpt>
   <trkpt lat="45.0428130" lon="6.6651170">
    <ele>1732.1</ele>
   </trkpt>
   <trkpt lat="45.0427510" lon="6.6652590">
    <ele>1731.3</ele>
   </trkpt>
   <trkpt lat="45.0427100" lon="6.6654150">
    <ele>1730.5</ele>
   </trkpt>
   <trkpt lat="45.0426920" lon="6.6655800">
    <ele>1729.6</ele>
   </trkpt>
   <trkpt lat="45.0426790" lon="6.6657500">
    <ele>1728.7</ele>
   </trkpt>
   <trkpt lat="45.0426690" lon="6.6659290">
    <ele>1727.7</ele>
   </trkpt>
   <trkpt lat="45.0426840" lon="6.6660980">
    <ele>1726.9</ele>
   </trkpt>
   <trkpt lat="45.0427200" lon="6.6662770">
    <ele>1726.1</ele>
   </trkpt>
   <trkpt lat="45.0427670" lon="6.6664440">
    <ele>1725.4</ele>
   </trkpt>
   <trkpt lat="45.0428110" lon="6.6666140">
    <ele>1724.7</ele>
   </trkpt>
   <trkpt lat="45.0428370" lon="6.6667880">
    <ele>1723.9</ele>
   </trkpt>
   <trkpt lat="45.0428500" lon="6.6669440">
    <ele>1723.2</ele>
   </trkpt>
   <trkpt lat="45.0428420" lon="6.6670720">
    <ele>1722.6</ele>
   </trkpt>
   <trkpt lat="45.0428410" lon="6.6671750">
    <ele>1722.1</ele>
   </trkpt>
   <trkpt lat="45.0428610" lon="6.6672590">
    <ele>1721.8</ele>
   </trkpt>
   <trkpt lat="45.0429160" lon="6.6673140">
    <ele>1721.5</ele>
   </trkpt>
   <trkpt lat="45.0429890" lon="6.6673260">
    <ele>1721.2</ele>
   </trkpt>
   <trkpt lat="45.0430690" lon="6.6672910">
    <ele>1720.7</ele>
   </trkpt>
   <trkpt lat="45.0431190" lon="6.6672310">
    <ele>1720.4</ele>
   </trkpt>
   <trkpt lat="45.0431560" lon="6.6671420">
    <ele>1720.0</ele>
   </trkpt>
   <trkpt lat="45.0431740" lon="6.6670430">
    <ele>1719.6</ele>
   </trkpt>
   <trkpt lat="45.0431450" lon="6.6669140">
    <ele>1719.0</ele>
   </trkpt>
   <trkpt lat="45.0430930" lon="6.6667890">
    <ele>1718.4</ele>
   </trkpt>
   <trkpt lat="45.0430390" lon="6.6666720">
    <ele>1717.9</ele>
   </trkpt>
   <trkpt lat="45.0430010" lon="6.6665500">
    <ele>1717.4</ele>
   </trkpt>
   <trkpt lat="45.0429690" lon="6.6664220">
    <ele>1717.0</ele>
   </trkpt>
   <trkpt lat="45.0429440" lon="6.6662900">
    <ele>1716.4</ele>
   </trkpt>
   <trkpt lat="45.0429170" lon="6.6661660">
    <ele>1716.0</ele>
   </trkpt>
   <trkpt lat="45.0428990" lon="6.6660420">
    <ele>1715.5</ele>
   </trkpt>
   <trkpt lat="45.0428830" lon="6.6659110">
    <ele>1715.1</ele>
   </trkpt>
   <trkpt lat="45.0428930" lon="6.6657740">
    <ele>1714.6</ele>
   </trkpt>
   <trkpt lat="45.0429060" lon="6.6656510">
    <ele>1714.2</ele>
   </trkpt>
   <trkpt lat="45.0429290" lon="6.6655360">
    <ele>1713.9</ele>
   </trkpt>
   <trkpt lat="45.0429700" lon="6.6654220">
    <ele>1713.5</ele>
   </trkpt>
   <trkpt lat="45.0430240" lon="6.6653090">
    <ele>1713.1</ele>
   </trkpt>
   <trkpt lat="45.0430740" lon="6.6651940">
    <ele>1712.6</ele>
   </trkpt>
   <trkpt lat="45.0431250" lon="6.6650930">
    <ele>1712.1</ele>
   </trkpt>
   <trkpt lat="45.0431710" lon="6.6650120">
    <ele>1711.6</ele>
   </trkpt>
   <trkpt lat="45.0432000" lon="6.6649590">
    <ele>1711.3</ele>
   </trkpt>
   <trkpt lat="45.0432180" lon="6.6649410">
    <ele>1711.2</ele>
   </trkpt>
   <trkpt lat="45.0432290" lon="6.6649460">
    <ele>1711.1</ele>
   </trkpt>
   <trkpt lat="45.0432320" lon="6.6649500">
    <ele>1711.1</ele>
   </trkpt>
   <trkpt lat="45.0432310" lon="6.6649500">
    <ele>1711.1</ele>
   </trkpt>
   <trkpt lat="45.0432300" lon="6.6649490">
    <ele>1711.1</ele>
   </trkpt>
   <trkpt lat="45.0432300" lon="6.6649490">
    <ele>1711.1</ele>
   </trkpt>
   <trkpt lat="45.0432300" lon="6.6649490">
    <ele>1711.1</ele>
   </trkpt>
   <trkpt lat="45.0432320" lon="6.6649470">
    <ele>1711.0</ele>
   </trkpt>
   <trkpt lat="45.0432330" lon="6.6649510">
    <ele>1711.0</ele>
   </trkpt>
   <trkpt lat="45.0432340" lon="6.6649510">
    <ele>1711.0</ele>
   </trkpt>
   <trkpt lat="45.0432390" lon="6.6649460">
    <ele>1711.0</ele>
   </trkpt>
   <trkpt lat="45.0432380" lon="6.6649490">
    <ele>1711.0</ele>
   </trkpt>
   <trkpt lat="45.0432390" lon="6.6649480">
    <ele>1711.0</ele>
   </trkpt>
   <trkpt lat="45.0432340" lon="6.6649450">
    <ele>1710.9</ele>
   </trkpt>
   <trkpt lat="45.0432320" lon="6.6649470">
    <ele>1710.9</ele>
   </trkpt>
   <trkpt lat="45.0432320" lon="6.6649430">
    <ele>1710.9</ele>
   </trkpt>
   <trkpt lat="45.0432320" lon="6.6649420">
    <ele>1710.9</ele>
   </trkpt>
   <trkpt lat="45.0432320" lon="6.6649410">
    <ele>1710.9</ele>
   </trkpt>
   <trkpt lat="45.0432320" lon="6.6649410">
    <ele>1710.9</ele>
   </trkpt>
   <trkpt lat="45.0432320" lon="6.6649410">
    <ele>1710.9</ele>
   </trkpt>
   <trkpt lat="45.0432320" lon="6.6649410">
    <ele>1710.9</ele>
   </trkpt>
   <trkpt lat="45.0432320" lon="6.6649410">
    <ele>1710.9</ele>
   </trkpt>
   <trkpt lat="45.0432310" lon="6.6649410">
    <ele>1710.9</ele>
   </trkpt>
   <trkpt lat="45.0432090" lon="6.6649270">
    <ele>1710.7</ele>
   </trkpt>
   <trkpt lat="45.0432020" lon="6.6649200">
    <ele>1710.7</ele>
   </trkpt>
   <trkpt lat="45.0432000" lon="6.6649180">
    <ele>1710.6</ele>
   </trkpt>
   <trkpt lat="45.0432110" lon="6.6649420">
    <ele>1710.5</ele>
   </trkpt>
   <trkpt lat="45.0432150" lon="6.6649370">
    <ele>1710.5</ele>
   </trkpt>
   <trkpt lat="45.0432030" lon="6.6649260">
    <ele>1710.4</ele>
   </trkpt>
   <trkpt lat="45.0431990" lon="6.6649240">
    <ele>1710.4</ele>
   </trkpt>
   <trkpt lat="45.0431970" lon="6.6649290">
    <ele>1710.3</ele>
   </trkpt>
   <trkpt lat="45.0431900" lon="6.6649150">
    <ele>1710.3</ele>
   </trkpt>
   <trkpt lat="45.0431860" lon="6.6649080">
    <ele>1710.2</ele>
   </trkpt>
   <trkpt lat="45.0431850" lon="6.6649070">
    <ele>1710.2</ele>
   </trkpt>
   <trkpt lat="45.0431860" lon="6.6649130">
    <ele>1710.2</ele>
   </trkpt>
   <trkpt lat="45.0431880" lon="6.6648980">
    <ele>1710.1</ele>
   </trkpt>
   <trkpt lat="45.0431830" lon="6.6649070">
    <ele>1710.1</ele>
   </trkpt>
   <trkpt lat="45.0431700" lon="6.6649200">
    <ele>1710.0</ele>
   </trkpt>
   <trkpt lat="45.0431610" lon="6.6649310">
    <ele>1709.9</ele>
   </trkpt>
   <trkpt lat="45.0431610" lon="6.6649470">
    <ele>1709.8</ele>
   </trkpt>
   <trkpt lat="45.0431600" lon="6.6649580">
    <ele>1709.8</ele>
   </trkpt>
   <trkpt lat="45.0431490" lon="6.6649680">
    <ele>1709.7</ele>
   </trkpt>
   <trkpt lat="45.0431500" lon="6.6649510">
    <ele>1709.6</ele>
   </trkpt>
   <trkpt lat="45.0431510" lon="6.6649460">
    <ele>1709.6</ele>
   </trkpt>
   <trkpt lat="45.0431510" lon="6.6649430">
    <ele>1709.6</ele>
   </trkpt>
   <trkpt lat="45.0431530" lon="6.6649470">
    <ele>1709.6</ele>
   </trkpt>
   <trkpt lat="45.0431530" lon="6.6649480">
    <ele>1709.5</ele>
   </trkpt>
   <trkpt lat="45.0431530" lon="6.6649490">
    <ele>1709.5</ele>
   </trkpt>
   <trkpt lat="45.0431530" lon="6.6649490">
    <ele>1709.5</ele>
   </trkpt>
   <trkpt lat="45.0431530" lon="6.6649490">
    <ele>1709.5</ele>
   </trkpt>
   <trkpt lat="45.0431530" lon="6.6649490">
    <ele>1709.5</ele>
   </trkpt>
   <trkpt lat="45.0431520" lon="6.6649480">
    <ele>1709.5</ele>
   </trkpt>
   <trkpt lat="45.0431520" lon="6.6649500">
    <ele>1709.5</ele>
   </trkpt>
   <trkpt lat="45.0431650" lon="6.6649480">
    <ele>1709.4</ele>
   </trkpt>
   <trkpt lat="45.0431650" lon="6.6649360">
    <ele>1709.4</ele>
   </trkpt>
   <trkpt lat="45.0431710" lon="6.6649360">
    <ele>1709.4</ele>
   </trkpt>
   <trkpt lat="45.0431780" lon="6.6649480">
    <ele>1709.3</ele>
   </trkpt>
   <trkpt lat="45.0431840" lon="6.6649610">
    <ele>1709.2</ele>
   </trkpt>
   <trkpt lat="45.0431850" lon="6.6649700">
    <ele>1709.2</ele>
   </trkpt>
   <trkpt lat="45.0431860" lon="6.6649710">
    <ele>1709.2</ele>
   </trkpt>
   <trkpt lat="45.0431860" lon="6.6649710">
    <ele>1709.2</ele>
   </trkpt>
   <trkpt lat="45.0431860" lon="6.6649720">
    <ele>1709.2</ele>
   </trkpt>
   <trkpt lat="45.0431900" lon="6.6649690">
    <ele>1709.1</ele>
   </trkpt>
   <trkpt lat="45.0431980" lon="6.6649730">
    <ele>1709.1</ele>
   </trkpt>
   <trkpt lat="45.0431990" lon="6.6649580">
    <ele>1709.0</ele>
   </trkpt>
   <trkpt lat="45.0432040" lon="6.6649560">
    <ele>1709.0</ele>
   </trkpt>
   <trkpt lat="45.0432060" lon="6.6649570">
    <ele>1709.0</ele>
   </trkpt>
   <trkpt lat="45.0431900" lon="6.6649390">
    <ele>1708.8</ele>
   </trkpt>
   <trkpt lat="45.0431870" lon="6.6649260">
    <ele>1708.8</ele>
   </trkpt>
   <trkpt lat="45.0431800" lon="6.6648970">
    <ele>1708.6</ele>
   </trkpt>
   <trkpt lat="45.0431790" lon="6.6648820">
    <ele>1708.6</ele>
   </trkpt>
   <trkpt lat="45.0431960" lon="6.6648820">
    <ele>1708.5</ele>
   </trkpt>
   <trkpt lat="45.0431860" lon="6.6648610">
    <ele>1708.3</ele>
   </trkpt>
   <trkpt lat="45.0431740" lon="6.6648630">
    <ele>1708.3</ele>
   </trkpt>
   <trkpt lat="45.0431770" lon="6.6648670">
    <ele>1708.2</ele>
   </trkpt>
   <trkpt lat="45.0431850" lon="6.6648710">
    <ele>1708.2</ele>
   </trkpt>
   <trkpt lat="45.0431840" lon="6.6648730">
    <ele>1708.2</ele>
   </trkpt>
   <trkpt lat="45.0431800" lon="6.6648720">
    <ele>1708.2</ele>
   </trkpt>
   <trkpt lat="45.0431800" lon="6.6648720">
    <ele>1708.2</ele>
   </trkpt>
   <trkpt lat="45.0431800" lon="6.6648720">
    <ele>1708.2</ele>
   </trkpt>
   <trkpt lat="45.0431790" lon="6.6648710">
    <ele>1708.1</ele>
   </trkpt>
   <trkpt lat="45.0431820" lon="6.6648670">
    <ele>1708.1</ele>
   </trkpt>
   <trkpt lat="45.0431850" lon="6.6648670">
    <ele>1708.1</ele>
   </trkpt>
   <trkpt lat="45.0431900" lon="6.6648660">
    <ele>1708.1</ele>
   </trkpt>
   <trkpt lat="45.0432000" lon="6.6648660">
    <ele>1708.0</ele>
   </trkpt>
   <trkpt lat="45.0432040" lon="6.6648660">
    <ele>1708.0</ele>
   </trkpt>
   <trkpt lat="45.0432050" lon="6.6648660">
    <ele>1708.0</ele>
   </trkpt>
   <trkpt lat="45.0432060" lon="6.6648660">
    <ele>1708.0</ele>
   </trkpt>
   <trkpt lat="45.0432060" lon="6.6648660">
    <ele>1708.0</ele>
   </trkpt>
   <trkpt lat="45.0432060" lon="6.6648660">
    <ele>1708.0</ele>
   </trkpt>
   <trkpt lat="45.0432080" lon="6.6648660">
    <ele>1708.0</ele>
   </trkpt>
   <trkpt lat="45.0432070" lon="6.6648680">
    <ele>1707.9</ele>
   </trkpt>
   <trkpt lat="45.0432060" lon="6.6648740">
    <ele>1707.9</ele>
   </trkpt>
   <trkpt lat="45.0432220" lon="6.6648830">
    <ele>1707.8</ele>
   </trkpt>
   <trkpt lat="45.0432260" lon="6.6648860">
    <ele>1707.8</ele>
   </trkpt>
   <trkpt lat="45.0432270" lon="6.6648880">
    <ele>1707.8</ele>
   </trkpt>
   <trkpt lat="45.0432270" lon="6.6648820">
    <ele>1707.7</ele>
   </trkpt>
   <trkpt lat="45.0432220" lon="6.6648940">
    <ele>1707.7</ele>
   </trkpt>
   <trkpt lat="45.0432200" lon="6.6649210">
    <ele>1707.6</ele>
   </trkpt>
   <trkpt lat="45.0432220" lon="6.6649160">
    <ele>1707.5</ele>
   </trkpt>
   <trkpt lat="45.0432250" lon="6.6649040">
    <ele>1707.5</ele>
   </trkpt>
   <trkpt lat="45.0432260" lon="6.6648880">
    <ele>1707.4</ele>
   </trkpt>
   <trkpt lat="45.0432260" lon="6.6648830">
    <ele>1707.4</ele>
   </trkpt>
   <trkpt lat="45.0432260" lon="6.6648820">
    <ele>1707.4</ele>
   </trkpt>
   <trkpt lat="45.0432260" lon="6.6648820">
    <ele>1707.4</ele>
   </trkpt>
   <trkpt lat="45.0432260" lon="6.6648820">
    <ele>1707.4</ele>
   </trkpt>
   <trkpt lat="45.0432340" lon="6.6648880">
    <ele>1707.3</ele>
   </trkpt>
   <trkpt lat="45.0432360" lon="6.6648980">
    <ele>1707.3</ele>
   </trkpt>
   <trkpt lat="45.0432450" lon="6.6649070">
    <ele>1707.2</ele>
   </trkpt>
   <trkpt lat="45.0432540" lon="6.6649200">
    <ele>1707.1</ele>
   </trkpt>
   <trkpt lat="45.0432560" lon="6.6649190">
    <ele>1707.1</ele>
   </trkpt>
   <trkpt lat="45.0432570" lon="6.6649170">
    <ele>1707.1</ele>
   </trkpt>
   <trkpt lat="45.0432580" lon="6.6649140">
    <ele>1707.1</ele>
   </trkpt>
   <trkpt lat="45.0432580" lon="6.6649120">
    <ele>1707.1</ele>
   </trkpt>
   <trkpt lat="45.0432590" lon="6.6649090">
    <ele>1707.1</ele>
   </trkpt>
   <trkpt lat="45.0432600" lon="6.6649070">
    <ele>1707.1</ele>
   </trkpt>
   <trkpt lat="45.0432610" lon="6.6649040">
    <ele>1707.1</ele>
   </trkpt>
   <trkpt lat="45.0432620" lon="6.6649020">
    <ele>1707.0</ele>
   </trkpt>
   <trkpt lat="45.0432630" lon="6.6648990">
    <ele>1707.0</ele>
   </trkpt>
   <trkpt lat="45.0432630" lon="6.6648970">
    <ele>1707.0</ele>
   </trkpt>
   <trkpt lat="45.0432640" lon="6.6648940">
    <ele>1707.0</ele>
   </trkpt>
   <trkpt lat="45.0432650" lon="6.6648920">
    <ele>1707.0</ele>
   </trkpt>
   <trkpt lat="45.0432660" lon="6.6648890">
    <ele>1707.0</ele>
   </trkpt>
   <trkpt lat="45.0432670" lon="6.6648870">
    <ele>1707.0</ele>
   </trkpt>
   <trkpt lat="45.0432680" lon="6.6648840">
    <ele>1707.0</ele>
   </trkpt>
   <trkpt lat="45.0432680" lon="6.6648820">
    <ele>1707.0</ele>
   </trkpt>
   <trkpt lat="45.0432690" lon="6.6648790">
    <ele>1706.9</ele>
   </trkpt>
   <trkpt lat="45.0432700" lon="6.6648770">
    <ele>1706.9</ele>
   </trkpt>
   <trkpt lat="45.0432710" lon="6.6648740">
    <ele>1706.9</ele>
   </trkpt>
   <trkpt lat="45.0432720" lon="6.6648720">
    <ele>1706.9</ele>
   </trkpt>
   <trkpt lat="45.0432730" lon="6.6648690">
    <ele>1706.9</ele>
   </trkpt>
   <trkpt lat="45.0432740" lon="6.6648670">
    <ele>1706.9</ele>
   </trkpt>
   <trkpt lat="45.0432740" lon="6.6648640">
    <ele>1706.9</ele>
   </trkpt>
   <trkpt lat="45.0432750" lon="6.6648620">
    <ele>1706.9</ele>
   </trkpt>
   <trkpt lat="45.0432760" lon="6.6648590">
    <ele>1706.9</ele>
   </trkpt>
   <trkpt lat="45.0432770" lon="6.6648570">
    <ele>1706.8</ele>
   </trkpt>
   <trkpt lat="45.0432780" lon="6.6648540">
    <ele>1706.8</ele>
   </trkpt>
   <trkpt lat="45.0432790" lon="6.6648520">
    <ele>1706.8</ele>
   </trkpt>
   <trkpt lat="45.0432790" lon="6.6648490">
    <ele>1706.8</ele>
   </trkpt>
   <trkpt lat="45.0432800" lon="6.6648470">
    <ele>1706.8</ele>
   </trkpt>
   <trkpt lat="45.0432810" lon="6.6648440">
    <ele>1706.8</ele>
   </trkpt>
   <trkpt lat="45.0432820" lon="6.6648420">
    <ele>1706.8</ele>
   </trkpt>
   <trkpt lat="45.0432830" lon="6.6648390">
    <ele>1706.8</ele>
   </trkpt>
   <trkpt lat="45.0432840" lon="6.6648370">
    <ele>1706.8</ele>
   </trkpt>
   <trkpt lat="45.0432850" lon="6.6648340">
    <ele>1706.7</ele>
   </trkpt>
   <trkpt lat="45.0432850" lon="6.6648320">
    <ele>1706.7</ele>
   </trkpt>
   <trkpt lat="45.0432860" lon="6.6648290">
    <ele>1706.7</ele>
   </trkpt>
   <trkpt lat="45.0432870" lon="6.6648270">
    <ele>1706.7</ele>
   </trkpt>
   <trkpt lat="45.0432880" lon="6.6648240">
    <ele>1706.7</ele>
   </trkpt>
   <trkpt lat="45.0432890" lon="6.6648220">
    <ele>1706.7</ele>
   </trkpt>
   <trkpt lat="45.0432900" lon="6.6648190">
    <ele>1706.7</ele>
   </trkpt>
   <trkpt lat="45.0432900" lon="6.6648170">
    <ele>1706.7</ele>
   </trkpt>
   <trkpt lat="45.0432910" lon="6.6648140">
    <ele>1706.7</ele>
   </trkpt>
   <trkpt lat="45.0432920" lon="6.6648120">
    <ele>1706.6</ele>
   </trkpt>
   <trkpt lat="45.0432930" lon="6.6648090">
    <ele>1706.6</ele>
   </trkpt>
   <trkpt lat="45.0432940" lon="6.6648070">
    <ele>1706.6</ele>
   </trkpt>
   <trkpt lat="45.0432950" lon="6.6648040">
    <ele>1706.6</ele>
   </trkpt>
   <trkpt lat="45.0432950" lon="6.6648020">
    <ele>1706.6</ele>
   </trkpt>
   <trkpt lat="45.0432960" lon="6.6647990">
    <ele>1706.6</ele>
   </trkpt>
   <trkpt lat="45.0432970" lon="6.6647970">
    <ele>1706.6</ele>
   </trkpt>
   <trkpt lat="45.0432980" lon="6.6647940">
    <ele>1706.6</ele>
   </trkpt>
   <trkpt lat="45.0433170" lon="6.6647640">
    <ele>1706.4</ele>
   </trkpt>
   <trkpt lat="45.0433470" lon="6.6647310">
    <ele>1706.2</ele>
   </trkpt>
   <trkpt lat="45.0433810" lon="6.6646820">
    <ele>1706.0</ele>
   </trkpt>
   <trkpt lat="45.0434150" lon="6.6646320">
    <ele>1705.7</ele>
   </trkpt>
   <trkpt lat="45.0434410" lon="6.6645650">
    <ele>1705.5</ele>
   </trkpt>
   <trkpt lat="45.0434750" lon="6.6644840">
    <ele>1705.1</ele>
   </trkpt>
   <trkpt lat="45.0435080" lon="6.6644010">
    <ele>1704.8</ele>
   </trkpt>
   <trkpt lat="45.0435440" lon="6.6643150">
    <ele>1704.4</ele>
   </trkpt>
   <trkpt lat="45.0435860" lon="6.6642250">
    <ele>1704.0</ele>
   </trkpt>
   <trkpt lat="45.0436360" lon="6.6641390">
    <ele>1703.6</ele>
   </trkpt>
   <trkpt lat="45.0436930" lon="6.6640570">
    <ele>1703.1</ele>
   </trkpt>
   <trkpt lat="45.0437590" lon="6.6639780">
    <ele>1702.5</ele>
   </trkpt>
   <trkpt lat="45.0438310" lon="6.6639090">
    <ele>1702.0</ele>
   </trkpt>
   <trkpt lat="45.0439050" lon="6.6638330">
    <ele>1701.5</ele>
   </trkpt>
   <trkpt lat="45.0439790" lon="6.6637470">
    <ele>1701.0</ele>
   </trkpt>
   <trkpt lat="45.0440470" lon="6.6636480">
    <ele>1700.5</ele>
   </trkpt>
   <trkpt lat="45.0441020" lon="6.6635270">
    <ele>1699.9</ele>
   </trkpt>
   <trkpt lat="45.0441460" lon="6.6633960">
    <ele>1699.2</ele>
   </trkpt>
   <trkpt lat="45.0441930" lon="6.6632690">
    <ele>1698.6</ele>
   </trkpt>
   <trkpt lat="45.0442420" lon="6.6631630">
    <ele>1697.9</ele>
   </trkpt>
   <trkpt lat="45.0442980" lon="6.6630800">
    <ele>1697.3</ele>
   </trkpt>
   <trkpt lat="45.0443640" lon="6.6630110">
    <ele>1696.6</ele>
   </trkpt>
   <trkpt lat="45.0444370" lon="6.6629660">
    <ele>1696.0</ele>
   </trkpt>
   <trkpt lat="45.0445060" lon="6.6629390">
    <ele>1695.4</ele>
   </trkpt>
   <trkpt lat="45.0445800" lon="6.6628890">
    <ele>1694.7</ele>
   </trkpt>
   <trkpt lat="45.0446460" lon="6.6628100">
    <ele>1694.1</ele>
   </trkpt>
   <trkpt lat="45.0447130" lon="6.6627220">
    <ele>1693.4</ele>
   </trkpt>
   <trkpt lat="45.0447800" lon="6.6626330">
    <ele>1692.7</ele>
   </trkpt>
   <trkpt lat="45.0448530" lon="6.6625380">
    <ele>1692.0</ele>
   </trkpt>
   <trkpt lat="45.0449280" lon="6.6624240">
    <ele>1691.1</ele>
   </trkpt>
   <trkpt lat="45.0449980" lon="6.6622990">
    <ele>1690.2</ele>
   </trkpt>
   <trkpt lat="45.0450670" lon="6.6621720">
    <ele>1689.3</ele>
   </trkpt>
   <trkpt lat="45.0451350" lon="6.6620370">
    <ele>1688.3</ele>
   </trkpt>
   <trkpt lat="45.0452030" lon="6.6618950">
    <ele>1687.2</ele>
   </trkpt>
   <trkpt lat="45.0452670" lon="6.6617490">
    <ele>1686.2</ele>
   </trkpt>
   <trkpt lat="45.0453290" lon="6.6616090">
    <ele>1685.1</ele>
   </trkpt>
   <trkpt lat="45.0453850" lon="6.6614740">
    <ele>1684.2</ele>
   </trkpt>
   <trkpt lat="45.0454280" lon="6.6613560">
    <ele>1683.3</ele>
   </trkpt>
   <trkpt lat="45.0454850" lon="6.6612530">
    <ele>1682.5</ele>
   </trkpt>
   <trkpt lat="45.0455540" lon="6.6611610">
    <ele>1681.6</ele>
   </trkpt>
   <trkpt lat="45.0456240" lon="6.6610730">
    <ele>1680.7</ele>
   </trkpt>
   <trkpt lat="45.0457020" lon="6.6609840">
    <ele>1679.7</ele>
   </trkpt>
   <trkpt lat="45.0457860" lon="6.6608910">
    <ele>1678.7</ele>
   </trkpt>
   <trkpt lat="45.0458670" lon="6.6607800">
    <ele>1677.7</ele>
   </trkpt>
   <trkpt lat="45.0459400" lon="6.6606520">
    <ele>1676.7</ele>
   </trkpt>
   <trkpt lat="45.0460070" lon="6.6605300">
    <ele>1675.8</ele>
   </trkpt>
   <trkpt lat="45.0460770" lon="6.6604040">
    <ele>1674.8</ele>
   </trkpt>
   <trkpt lat="45.0461410" lon="6.6602800">
    <ele>1673.8</ele>
   </trkpt>
   <trkpt lat="45.0462070" lon="6.6601520">
    <ele>1672.9</ele>
   </trkpt>
   <trkpt lat="45.0462680" lon="6.6600210">
    <ele>1671.9</ele>
   </trkpt>
   <trkpt lat="45.0463220" lon="6.6598750">
    <ele>1670.9</ele>
   </trkpt>
   <trkpt lat="45.0463780" lon="6.6597320">
    <ele>1669.7</ele>
   </trkpt>
   <trkpt lat="45.0464510" lon="6.6595980">
    <ele>1668.5</ele>
   </trkpt>
   <trkpt lat="45.0465470" lon="6.6594950">
    <ele>1667.0</ele>
   </trkpt>
   <trkpt lat="45.0466660" lon="6.6594160">
    <ele>1665.2</ele>
   </trkpt>
   <trkpt lat="45.0467930" lon="6.6593490">
    <ele>1663.2</ele>
   </trkpt>
   <trkpt lat="45.0469250" lon="6.6592940">
    <ele>1661.2</ele>
   </trkpt>
   <trkpt lat="45.0470670" lon="6.6592310">
    <ele>1659.2</ele>
   </trkpt>
   <trkpt lat="45.0472180" lon="6.6591660">
    <ele>1657.0</ele>
   </trkpt>
   <trkpt lat="45.0473740" lon="6.6590940">
    <ele>1654.8</ele>
   </trkpt>
   <trkpt lat="45.0475180" lon="6.6590360">
    <ele>1652.9</ele>
   </trkpt>
   <trkpt lat="45.0476400" lon="6.6589890">
    <ele>1651.4</ele>
   </trkpt>
   <trkpt lat="45.0477450" lon="6.6589570">
    <ele>1650.2</ele>
   </trkpt>
   <trkpt lat="45.0478430" lon="6.6589200">
    <ele>1649.2</ele>
   </trkpt>
   <trkpt lat="45.0479270" lon="6.6588850">
    <ele>1648.4</ele>
   </trkpt>
   <trkpt lat="45.0479990" lon="6.6588650">
    <ele>1647.7</ele>
   </trkpt>
   <trkpt lat="45.0480600" lon="6.6588830">
    <ele>1647.2</ele>
   </trkpt>
   <trkpt lat="45.0480930" lon="6.6589480">
    <ele>1646.7</ele>
   </trkpt>
   <trkpt lat="45.0480860" lon="6.6590410">
    <ele>1645.9</ele>
   </trkpt>
   <trkpt lat="45.0480350" lon="6.6591230">
    <ele>1644.9</ele>
   </trkpt>
   <trkpt lat="45.0479630" lon="6.6591710">
    <ele>1643.9</ele>
   </trkpt>
   <trkpt lat="45.0478820" lon="6.6591980">
    <ele>1642.9</ele>
   </trkpt>
   <trkpt lat="45.0477930" lon="6.6592460">
    <ele>1641.8</ele>
   </trkpt>
   <trkpt lat="45.0476960" lon="6.6593100">
    <ele>1640.5</ele>
   </trkpt>
   <trkpt lat="45.0475940" lon="6.6593820">
    <ele>1639.2</ele>
   </trkpt>
   <trkpt lat="45.0474940" lon="6.6594660">
    <ele>1638.0</ele>
   </trkpt>
   <trkpt lat="45.0473960" lon="6.6595660">
    <ele>1636.7</ele>
   </trkpt>
   <trkpt lat="45.0472930" lon="6.6596720">
    <ele>1635.3</ele>
   </trkpt>
   <trkpt lat="45.0471880" lon="6.6597780">
    <ele>1634.0</ele>
   </trkpt>
   <trkpt lat="45.0470840" lon="6.6598860">
    <ele>1632.6</ele>
   </trkpt>
   <trkpt lat="45.0469780" lon="6.6600050">
    <ele>1631.1</ele>
   </trkpt>
   <trkpt lat="45.0468810" lon="6.6601490">
    <ele>1629.4</ele>
   </trkpt>
   <trkpt lat="45.0467930" lon="6.6603120">
    <ele>1627.8</ele>
   </trkpt>
   <trkpt lat="45.0467190" lon="6.6604900">
    <ele>1626.2</ele>
   </trkpt>
   <trkpt lat="45.0466480" lon="6.6606810">
    <ele>1624.6</ele>
   </trkpt>
   <trkpt lat="45.0465860" lon="6.6608680">
    <ele>1623.0</ele>
   </trkpt>
   <trkpt lat="45.0465270" lon="6.6610540">
    <ele>1621.4</ele>
   </trkpt>
   <trkpt lat="45.0464690" lon="6.6612390">
    <ele>1619.8</ele>
   </trkpt>
   <trkpt lat="45.0464180" lon="6.6614300">
    <ele>1618.3</ele>
   </trkpt>
   <trkpt lat="45.0463810" lon="6.6615910">
    <ele>1617.1</ele>
   </trkpt>
   <trkpt lat="45.0463460" lon="6.6617490">
    <ele>1615.9</ele>
   </trkpt>
   <trkpt lat="45.0463030" lon="6.6619010">
    <ele>1614.8</ele>
   </trkpt>
   <trkpt lat="45.0462530" lon="6.6620570">
    <ele>1613.7</ele>
   </trkpt>
   <trkpt lat="45.0461960" lon="6.6622190">
    <ele>1612.6</ele>
   </trkpt>
   <trkpt lat="45.0461460" lon="6.6623860">
    <ele>1611.4</ele>
   </trkpt>
   <trkpt lat="45.0460990" lon="6.6625630">
    <ele>1610.3</ele>
   </trkpt>
   <trkpt lat="45.0460450" lon="6.6627340">
    <ele>1609.2</ele>
   </trkpt>
   <trkpt lat="45.0459880" lon="6.6629100">
    <ele>1608.2</ele>
   </trkpt>
   <trkpt lat="45.0459300" lon="6.6630900">
    <ele>1607.2</ele>
   </trkpt>
   <trkpt lat="45.0458750" lon="6.6632710">
    <ele>1606.2</ele>
   </trkpt>
   <trkpt lat="45.0458090" lon="6.6634430">
    <ele>1605.2</ele>
   </trkpt>
   <trkpt lat="45.0457340" lon="6.6636090">
    <ele>1604.2</ele>
   </trkpt>
   <trkpt lat="45.0456490" lon="6.6637650">
    <ele>1603.2</ele>
   </trkpt>
   <trkpt lat="45.0455560" lon="6.6639120">
    <ele>1602.3</ele>
   </trkpt>
   <trkpt lat="45.0454650" lon="6.6640420">
    <ele>1601.4</ele>
   </trkpt>
   <trkpt lat="45.0454060" lon="6.6641480">
    <ele>1600.8</ele>
   </trkpt>
   <trkpt lat="45.0453650" lon="6.6642430">
    <ele>1600.2</ele>
   </trkpt>
   <trkpt lat="45.0453530" lon="6.6643280">
    <ele>1599.7</ele>
   </trkpt>
   <trkpt lat="45.0453920" lon="6.6643860">
    <ele>1599.2</ele>
   </trkpt>
   <trkpt lat="45.0454560" lon="6.6643880">
    <ele>1598.5</ele>
   </trkpt>
   <trkpt lat="45.0455080" lon="6.6643240">
    <ele>1597.8</ele>
   </trkpt>
   <trkpt lat="45.0455380" lon="6.6642420">
    <ele>1597.1</ele>
   </trkpt>
   <trkpt lat="45.0455610" lon="6.6641620">
    <ele>1596.6</ele>
   </trkpt>
   <trkpt lat="45.0455890" lon="6.6641000">
    <ele>1596.1</ele>
   </trkpt>
   <trkpt lat="45.0456460" lon="6.6640290">
    <ele>1595.5</ele>
   </trkpt>
   <trkpt lat="45.0457290" lon="6.6639540">
    <ele>1594.7</ele>
   </trkpt>
   <trkpt lat="45.0458050" lon="6.6638750">
    <ele>1594.1</ele>
   </trkpt>
   <trkpt lat="45.0458810" lon="6.6637910">
    <ele>1593.4</ele>
   </trkpt>
   <trkpt lat="45.0459470" lon="6.6637090">
    <ele>1592.9</ele>
   </trkpt>
   <trkpt lat="45.0460080" lon="6.6636340">
    <ele>1592.4</ele>
   </trkpt>
   <trkpt lat="45.0460680" lon="6.6635600">
    <ele>1591.8</ele>
   </trkpt>
   <trkpt lat="45.0461200" lon="6.6634810">
    <ele>1591.4</ele>
   </trkpt>
   <trkpt lat="45.0461620" lon="6.6633960">
    <ele>1590.9</ele>
   </trkpt>
   <trkpt lat="45.0462060" lon="6.6632970">
    <ele>1590.3</ele>
   </trkpt>
   <trkpt lat="45.0462430" lon="6.6631850">
    <ele>1589.7</ele>
   </trkpt>
   <trkpt lat="45.0462880" lon="6.6630550">
    <ele>1589.0</ele>
   </trkpt>
   <trkpt lat="45.0463390" lon="6.6629250">
    <ele>1588.2</ele>
   </trkpt>
   <trkpt lat="45.0464020" lon="6.6627970">
    <ele>1587.5</ele>
   </trkpt>
   <trkpt lat="45.0464750" lon="6.6626630">
    <ele>1586.7</ele>
   </trkpt>
   <trkpt lat="45.0465540" lon="6.6625330">
    <ele>1585.9</ele>
   </trkpt>
   <trkpt lat="45.0466350" lon="6.6624070">
    <ele>1585.1</ele>
   </trkpt>
   <trkpt lat="45.0467270" lon="6.6622870">
    <ele>1584.3</ele>
   </trkpt>
   <trkpt lat="45.0468260" lon="6.6621800">
    <ele>1583.6</ele>
   </trkpt>
   <trkpt lat="45.0469280" lon="6.6620800">
    <ele>1582.9</ele>
   </trkpt>
   <trkpt lat="45.0470280" lon="6.6619860">
    <ele>1582.5</ele>
   </trkpt>
   <trkpt lat="45.0471240" lon="6.6619070">
    <ele>1582.1</ele>
   </trkpt>
   <trkpt lat="45.0472140" lon="6.6618640">
    <ele>1581.8</ele>
   </trkpt>
   <trkpt lat="45.0472960" lon="6.6618510">
    <ele>1581.6</ele>
   </trkpt>
   <trkpt lat="45.0473690" lon="6.6618780">
    <ele>1581.4</ele>
   </trkpt>
   <trkpt lat="45.0474350" lon="6.6619350">
    <ele>1581.0</ele>
   </trkpt>
   <trkpt lat="45.0474580" lon="6.6619940">
    <ele>1580.7</ele>
   </trkpt>
   <trkpt lat="45.0474270" lon="6.6620680">
    <ele>1580.2</ele>
   </trkpt>
   <trkpt lat="45.0473270" lon="6.6621670">
    <ele>1579.2</ele>
   </trkpt>
   <trkpt lat="45.0472050" lon="6.6622310">
    <ele>1578.0</ele>
   </trkpt>
   <trkpt lat="45.0470980" lon="6.6623040">
    <ele>1577.0</ele>
   </trkpt>
   <trkpt lat="45.0470000" lon="6.6623970">
    <ele>1576.1</ele>
   </trkpt>
   <trkpt lat="45.0469170" lon="6.6625130">
    <ele>1575.2</ele>
   </trkpt>
   <trkpt lat="45.0468390" lon="6.6626490">
    <ele>1574.3</ele>
   </trkpt>
   <trkpt lat="45.0467680" lon="6.6627790">
    <ele>1573.5</ele>
   </trkpt>
   <trkpt lat="45.0466930" lon="6.6629080">
    <ele>1572.7</ele>
   </trkpt>
   <trkpt lat="45.0466150" lon="6.6630290">
    <ele>1572.0</ele>
   </trkpt>
   <trkpt lat="45.0465490" lon="6.6631460">
    <ele>1571.3</ele>
   </trkpt>
   <trkpt lat="45.0465030" lon="6.6632570">
    <ele>1570.7</ele>
   </trkpt>
   <trkpt lat="45.0465000" lon="6.6633720">
    <ele>1570.1</ele>
   </trkpt>
   <trkpt lat="45.0465440" lon="6.6634770">
    <ele>1569.5</ele>
   </trkpt>
   <trkpt lat="45.0466300" lon="6.6635210">
    <ele>1568.8</ele>
   </trkpt>
   <trkpt lat="45.0467250" lon="6.6634930">
    <ele>1568.0</ele>
   </trkpt>
   <trkpt lat="45.0468100" lon="6.6634320">
    <ele>1567.3</ele>
   </trkpt>
   <trkpt lat="45.0468890" lon="6.6633590">
    <ele>1566.5</ele>
   </trkpt>
   <trkpt lat="45.0469750" lon="6.6632850">
    <ele>1565.8</ele>
   </trkpt>
   <trkpt lat="45.0470680" lon="6.6632100">
    <ele>1565.1</ele>
   </trkpt>
   <trkpt lat="45.0471650" lon="6.6631270">
    <ele>1564.3</ele>
   </trkpt>
   <trkpt lat="45.0472620" lon="6.6630370">
    <ele>1563.4</ele>
   </trkpt>
   <trkpt lat="45.0473520" lon="6.6629380">
    <ele>1562.6</ele>
   </trkpt>
   <trkpt lat="45.0474400" lon="6.6628360">
    <ele>1561.7</ele>
   </trkpt>
   <trkpt lat="45.0475370" lon="6.6627310">
    <ele>1560.9</ele>
   </trkpt>
   <trkpt lat="45.0476350" lon="6.6626320">
    <ele>1560.1</ele>
   </trkpt>
   <trkpt lat="45.0477360" lon="6.6625410">
    <ele>1559.3</ele>
   </trkpt>
   <trkpt lat="45.0478460" lon="6.6624630">
    <ele>1558.5</ele>
   </trkpt>
   <trkpt lat="45.0479650" lon="6.6624420">
    <ele>1557.7</ele>
   </trkpt>
   <trkpt lat="45.0480820" lon="6.6624370">
    <ele>1556.9</ele>
   </trkpt>
   <trkpt lat="45.0481790" lon="6.6624010">
    <ele>1556.3</ele>
   </trkpt>
   <trkpt lat="45.0482690" lon="6.6623040">
    <ele>1555.6</ele>
   </trkpt>
   <trkpt lat="45.0483470" lon="6.6621840">
    <ele>1554.9</ele>
   </trkpt>
   <trkpt lat="45.0484260" lon="6.6620630">
    <ele>1554.2</ele>
   </trkpt>
   <trkpt lat="45.0485010" lon="6.6619360">
    <ele>1553.5</ele>
   </trkpt>
   <trkpt lat="45.0485820" lon="6.6618150">
    <ele>1552.8</ele>
   </trkpt>
   <trkpt lat="45.0486670" lon="6.6617040">
    <ele>1552.2</ele>
   </trkpt>
   <trkpt lat="45.0487440" lon="6.6615740">
    <ele>1551.5</ele>
   </trkpt>
   <trkpt lat="45.0488040" lon="6.6614300">
    <ele>1550.7</ele>
   </trkpt>
   <trkpt lat="45.0488480" lon="6.6612800">
    <ele>1549.9</ele>
   </trkpt>
   <trkpt lat="45.0488970" lon="6.6611380">
    <ele>1549.1</ele>
   </trkpt>
   <trkpt lat="45.0489720" lon="6.6610220">
    <ele>1548.4</ele>
   </trkpt>
   <trkpt lat="45.0490740" lon="6.6609400">
    <ele>1547.6</ele>
   </trkpt>
   <trkpt lat="45.0491910" lon="6.6608880">
    <ele>1546.7</ele>
   </trkpt>
   <trkpt lat="45.0493150" lon="6.6608530">
    <ele>1545.7</ele>
   </trkpt>
   <trkpt lat="45.0494400" lon="6.6608090">
    <ele>1544.6</ele>
   </trkpt>
   <trkpt lat="45.0495670" lon="6.6607750">
    <ele>1543.6</ele>
   </trkpt>
   <trkpt lat="45.0496980" lon="6.6607360">
    <ele>1542.5</ele>
   </trkpt>
   <trkpt lat="45.0498230" lon="6.6606730">
    <ele>1541.4</ele>
   </trkpt>
   <trkpt lat="45.0499480" lon="6.6605830">
    <ele>1540.4</ele>
   </trkpt>
   <trkpt lat="45.0500740" lon="6.6604740">
    <ele>1539.2</ele>
   </trkpt>
   <trkpt lat="45.0501930" lon="6.6603530">
    <ele>1538.2</ele>
   </trkpt>
   <trkpt lat="45.0502970" lon="6.6602120">
    <ele>1537.2</ele>
   </trkpt>
   <trkpt lat="45.0503950" lon="6.6600580">
    <ele>1536.1</ele>
   </trkpt>
   <trkpt lat="45.0504860" lon="6.6598980">
    <ele>1535.0</ele>
   </trkpt>
   <trkpt lat="45.0505840" lon="6.6597440">
    <ele>1533.7</ele>
   </trkpt>
   <trkpt lat="45.0506860" lon="6.6595870">
    <ele>1532.5</ele>
   </trkpt>
   <trkpt lat="45.0507840" lon="6.6594200">
    <ele>1531.2</ele>
   </trkpt>
   <trkpt lat="45.0508860" lon="6.6592580">
    <ele>1530.0</ele>
   </trkpt>
   <trkpt lat="45.0509930" lon="6.6590950">
    <ele>1528.8</ele>
   </trkpt>
   <trkpt lat="45.0511010" lon="6.6589320">
    <ele>1527.8</ele>
   </trkpt>
   <trkpt lat="45.0512070" lon="6.6587660">
    <ele>1526.7</ele>
   </trkpt>
   <trkpt lat="45.0513150" lon="6.6586040">
    <ele>1525.8</ele>
   </trkpt>
   <trkpt lat="45.0514230" lon="6.6584400">
    <ele>1524.8</ele>
   </trkpt>
   <trkpt lat="45.0515360" lon="6.6582840">
    <ele>1523.8</ele>
   </trkpt>
   <trkpt lat="45.0516540" lon="6.6581330">
    <ele>1522.9</ele>
   </trkpt>
   <trkpt lat="45.0517790" lon="6.6579900">
    <ele>1522.1</ele>
   </trkpt>
   <trkpt lat="45.0519000" lon="6.6578570">
    <ele>1521.2</ele>
   </trkpt>
   <trkpt lat="45.0520220" lon="6.6577150">
    <ele>1520.4</ele>
   </trkpt>
   <trkpt lat="45.0521300" lon="6.6575750">
    <ele>1519.7</ele>
   </trkpt>
   <trkpt lat="45.0522210" lon="6.6574400">
    <ele>1519.1</ele>
   </trkpt>
   <trkpt lat="45.0522940" lon="6.6573700">
    <ele>1518.6</ele>
   </trkpt>
   <trkpt lat="45.0523540" lon="6.6573400">
    <ele>1518.1</ele>
   </trkpt>
   <trkpt lat="45.0523960" lon="6.6573770">
    <ele>1517.9</ele>
   </trkpt>
   <trkpt lat="45.0524030" lon="6.6574550">
    <ele>1517.3</ele>
   </trkpt>
   <trkpt lat="45.0523940" lon="6.6575580">
    <ele>1516.2</ele>
   </trkpt>
   <trkpt lat="45.0523640" lon="6.6576620">
    <ele>1515.0</ele>
   </trkpt>
   <trkpt lat="45.0523200" lon="6.6577740">
    <ele>1513.6</ele>
   </trkpt>
   <trkpt lat="45.0522690" lon="6.6578930">
    <ele>1512.5</ele>
   </trkpt>
   <trkpt lat="45.0522110" lon="6.6580160">
    <ele>1511.5</ele>
   </trkpt>
   <trkpt lat="45.0521340" lon="6.6581410">
    <ele>1510.5</ele>
   </trkpt>
   <trkpt lat="45.0520500" lon="6.6582550">
    <ele>1509.7</ele>
   </trkpt>
   <trkpt lat="45.0519580" lon="6.6583740">
    <ele>1508.9</ele>
   </trkpt>
   <trkpt lat="45.0518710" lon="6.6584880">
    <ele>1508.2</ele>
   </trkpt>
   <trkpt lat="45.0517800" lon="6.6586030">
    <ele>1507.4</ele>
   </trkpt>
   <trkpt lat="45.0516930" lon="6.6587320">
    <ele>1506.6</ele>
   </trkpt>
   <trkpt lat="45.0516050" lon="6.6588660">
    <ele>1505.8</ele>
   </trkpt>
   <trkpt lat="45.0515280" lon="6.6590100">
    <ele>1505.1</ele>
   </trkpt>
   <trkpt lat="45.0514560" lon="6.6591740">
    <ele>1504.3</ele>
   </trkpt>
   <trkpt lat="45.0514010" lon="6.6593400">
    <ele>1503.5</ele>
   </trkpt>
   <trkpt lat="45.0513620" lon="6.6595200">
    <ele>1502.8</ele>
   </trkpt>
   <trkpt lat="45.0513450" lon="6.6597040">
    <ele>1502.1</ele>
   </trkpt>
   <trkpt lat="45.0513270" lon="6.6598830">
    <ele>1501.4</ele>
   </trkpt>
   <trkpt lat="45.0512830" lon="6.6600240">
    <ele>1500.6</ele>
   </trkpt>
   <trkpt lat="45.0512170" lon="6.6601360">
    <ele>1499.8</ele>
   </trkpt>
   <trkpt lat="45.0511320" lon="6.6602250">
    <ele>1499.1</ele>
   </trkpt>
   <trkpt lat="45.0510380" lon="6.6602970">
    <ele>1498.5</ele>
   </trkpt>
   <trkpt lat="45.0509420" lon="6.6603890">
    <ele>1497.3</ele>
   </trkpt>
   <trkpt lat="45.0508550" lon="6.6604920">
    <ele>1495.8</ele>
   </trkpt>
   <trkpt lat="45.0507600" lon="6.6605910">
    <ele>1494.4</ele>
   </trkpt>
   <trkpt lat="45.0506570" lon="6.6606970">
    <ele>1492.8</ele>
   </trkpt>
   <trkpt lat="45.0505500" lon="6.6608140">
    <ele>1491.0</ele>
   </trkpt>
   <trkpt lat="45.0504440" lon="6.6609380">
    <ele>1489.2</ele>
   </trkpt>
   <trkpt lat="45.0503340" lon="6.6610750">
    <ele>1487.3</ele>
   </trkpt>
   <trkpt lat="45.0502360" lon="6.6612310">
    <ele>1485.4</ele>
   </trkpt>
   <trkpt lat="45.0501550" lon="6.6614090">
    <ele>1483.7</ele>
   </trkpt>
   <trkpt lat="45.0500890" lon="6.6616040">
    <ele>1482.1</ele>
   </trkpt>
   <trkpt lat="45.0500410" lon="6.6618110">
    <ele>1480.7</ele>
   </trkpt>
   <trkpt lat="45.0500180" lon="6.6620390">
    <ele>1479.5</ele>
   </trkpt>
   <trkpt lat="45.0500110" lon="6.6622470">
    <ele>1478.4</ele>
   </trkpt>
   <trkpt lat="45.0499960" lon="6.6624390">
    <ele>1477.2</ele>
   </trkpt>
   <trkpt lat="45.0499700" lon="6.6626060">
    <ele>1475.9</ele>
   </trkpt>
   <trkpt lat="45.0499340" lon="6.6627800">
    <ele>1474.4</ele>
   </trkpt>
   <trkpt lat="45.0498930" lon="6.6629580">
    <ele>1472.7</ele>
   </trkpt>
   <trkpt lat="45.0498630" lon="6.6631450">
    <ele>1470.9</ele>
   </trkpt>
   <trkpt lat="45.0498430" lon="6.6633450">
    <ele>1469.1</ele>
   </trkpt>
   <trkpt lat="45.0498170" lon="6.6635570">
    <ele>1467.4</ele>
   </trkpt>
   <trkpt lat="45.0497940" lon="6.6637680">
    <ele>1466.0</ele>
   </trkpt>
   <trkpt lat="45.0497810" lon="6.6639630">
    <ele>1464.8</ele>
   </trkpt>
   <trkpt lat="45.0497730" lon="6.6641360">
    <ele>1463.7</ele>
   </trkpt>
   <trkpt lat="45.0497670" lon="6.6643030">
    <ele>1462.8</ele>
   </trkpt>
   <trkpt lat="45.0497590" lon="6.6644630">
    <ele>1462.0</ele>
   </trkpt>
   <trkpt lat="45.0497540" lon="6.6646290">
    <ele>1461.2</ele>
   </trkpt>
   <trkpt lat="45.0497470" lon="6.6647930">
    <ele>1460.6</ele>
   </trkpt>
   <trkpt lat="45.0497390" lon="6.6649680">
    <ele>1460.3</ele>
   </trkpt>
   <trkpt lat="45.0497310" lon="6.6651460">
    <ele>1459.8</ele>
   </trkpt>
   <trkpt lat="45.0497270" lon="6.6653300">
    <ele>1459.4</ele>
   </trkpt>
   <trkpt lat="45.0497280" lon="6.6655120">
    <ele>1458.9</ele>
   </trkpt>
   <trkpt lat="45.0497270" lon="6.6656990">
    <ele>1458.4</ele>
   </trkpt>
   <trkpt lat="45.0497260" lon="6.6658880">
    <ele>1458.1</ele>
   </trkpt>
   <trkpt lat="45.0497240" lon="6.6660740">
    <ele>1457.8</ele>
   </trkpt>
   <trkpt lat="45.0497210" lon="6.6662610">
    <ele>1457.6</ele>
   </trkpt>
   <trkpt lat="45.0497190" lon="6.6664430">
    <ele>1457.4</ele>
   </trkpt>
   <trkpt lat="45.0497210" lon="6.6666120">
    <ele>1457.3</ele>
   </trkpt>
   <trkpt lat="45.0497210" lon="6.6667570">
    <ele>1457.3</ele>
   </trkpt>
   <trkpt lat="45.0497280" lon="6.6668730">
    <ele>1457.2</ele>
   </trkpt>
   <trkpt lat="45.0497290" lon="6.6669810">
    <ele>1457.1</ele>
   </trkpt>
   <trkpt lat="45.0497340" lon="6.6670960">
    <ele>1457.0</ele>
   </trkpt>
   <trkpt lat="45.0497450" lon="6.6672030">
    <ele>1457.0</ele>
   </trkpt>
   <trkpt lat="45.0497590" lon="6.6672880">
    <ele>1456.9</ele>
   </trkpt>
   <trkpt lat="45.0497670" lon="6.6673570">
    <ele>1456.9</ele>
   </trkpt>
   <trkpt lat="45.0497700" lon="6.6674270">
    <ele>1456.8</ele>
   </trkpt>
   <trkpt lat="45.0497740" lon="6.6674990">
    <ele>1456.7</ele>
   </trkpt>
   <trkpt lat="45.0497780" lon="6.6675610">
    <ele>1456.7</ele>
   </trkpt>
   <trkpt lat="45.0497870" lon="6.6676120">
    <ele>1456.6</ele>
   </trkpt>
   <trkpt lat="45.0498010" lon="6.6676620">
    <ele>1456.5</ele>
   </trkpt>
   <trkpt lat="45.0498120" lon="6.6677150">
    <ele>1456.5</ele>
   </trkpt>
   <trkpt lat="45.0498240" lon="6.6677670">
    <ele>1456.4</ele>
   </trkpt>
   <trkpt lat="45.0498350" lon="6.6678190">
    <ele>1456.3</ele>
   </trkpt>
   <trkpt lat="45.0498420" lon="6.6678750">
    <ele>1456.3</ele>
   </trkpt>
   <trkpt lat="45.0498530" lon="6.6679250">
    <ele>1456.2</ele>
   </trkpt>
   <trkpt lat="45.0498780" lon="6.6679420">
    <ele>1456.2</ele>
   </trkpt>
   <trkpt lat="45.0499130" lon="6.6679190">
    <ele>1456.1</ele>
   </trkpt>
   <trkpt lat="45.0499280" lon="6.6678650">
    <ele>1456.0</ele>
   </trkpt>
   <trkpt lat="45.0499220" lon="6.6678120">
    <ele>1456.1</ele>
   </trkpt>
   <trkpt lat="45.0498980" lon="6.6677690">
    <ele>1456.2</ele>
   </trkpt>
   <trkpt lat="45.0498700" lon="6.6677300">
    <ele>1456.2</ele>
   </trkpt>
   <trkpt lat="45.0498620" lon="6.6677170">
    <ele>1456.2</ele>
   </trkpt>
   <trkpt lat="45.0498360" lon="6.6676750">
    <ele>1456.3</ele>
   </trkpt>
   <trkpt lat="45.0498270" lon="6.6676590">
    <ele>1456.3</ele>
   </trkpt>
   <trkpt lat="45.0498110" lon="6.6676290">
    <ele>1456.4</ele>
   </trkpt>
   <trkpt lat="45.0497980" lon="6.6675890">
    <ele>1456.4</ele>
   </trkpt>
   <trkpt lat="45.0497880" lon="6.6675440">
    <ele>1456.5</ele>
   </trkpt>
   <trkpt lat="45.0497830" lon="6.6674970">
    <ele>1456.6</ele>
   </trkpt>
   <trkpt lat="45.0497770" lon="6.6674420">
    <ele>1456.6</ele>
   </trkpt>
   <trkpt lat="45.0497730" lon="6.6673870">
    <ele>1456.7</ele>
   </trkpt>
   <trkpt lat="45.0497660" lon="6.6673340">
    <ele>1456.8</ele>
   </trkpt>
   <trkpt lat="45.0497610" lon="6.6672810">
    <ele>1456.8</ele>
   </trkpt>
   <trkpt lat="45.0497580" lon="6.6672220">
    <ele>1456.9</ele>
   </trkpt>
   <trkpt lat="45.0497540" lon="6.6671710">
    <ele>1456.9</ele>
   </trkpt>
   <trkpt lat="45.0497510" lon="6.6671240">
    <ele>1456.9</ele>
   </trkpt>
   <trkpt lat="45.0497450" lon="6.6670760">
    <ele>1457.0</ele>
   </trkpt>
   <trkpt lat="45.0497380" lon="6.6670270">
    <ele>1457.0</ele>
   </trkpt>
   <trkpt lat="45.0497360" lon="6.6669770">
    <ele>1457.1</ele>
   </trkpt>
   <trkpt lat="45.0497390" lon="6.6669280">
    <ele>1457.1</ele>
   </trkpt>
   <trkpt lat="45.0497440" lon="6.6668770">
    <ele>1457.1</ele>
   </trkpt>
   <trkpt lat="45.0497450" lon="6.6668220">
    <ele>1457.2</ele>
   </trkpt>
   <trkpt lat="45.0497460" lon="6.6667740">
    <ele>1457.2</ele>
   </trkpt>
   <trkpt lat="45.0497410" lon="6.6667330">
    <ele>1457.2</ele>
   </trkpt>
   <trkpt lat="45.0497350" lon="6.6666910">
    <ele>1457.2</ele>
   </trkpt>
   <trkpt lat="45.0497280" lon="6.6666520">
    <ele>1457.3</ele>
   </trkpt>
   <trkpt lat="45.0497240" lon="6.6666100">
    <ele>1457.3</ele>
   </trkpt>
   <trkpt lat="45.0497290" lon="6.6665550">
    <ele>1457.3</ele>
   </trkpt>
   <trkpt lat="45.0497310" lon="6.6665370">
    <ele>1457.3</ele>
   </trkpt>
   <trkpt lat="45.0497330" lon="6.6664860">
    <ele>1457.4</ele>
   </trkpt>
   <trkpt lat="45.0497330" lon="6.6664680">
    <ele>1457.4</ele>
   </trkpt>
   <trkpt lat="45.0497330" lon="6.6664440">
    <ele>1457.4</ele>
   </trkpt>
   <trkpt lat="45.0497350" lon="6.6664210">
    <ele>1457.4</ele>
   </trkpt>
   <trkpt lat="45.0497410" lon="6.6664020">
    <ele>1457.4</ele>
   </trkpt>
   <trkpt lat="45.0497400" lon="6.6663720">
    <ele>1457.5</ele>
   </trkpt>
   <trkpt lat="45.0497350" lon="6.6663280">
    <ele>1457.5</ele>
   </trkpt>
   <trkpt lat="45.0497360" lon="6.6663090">
    <ele>1457.5</ele>
   </trkpt>
   <trkpt lat="45.0497380" lon="6.6662700">
    <ele>1457.5</ele>
   </trkpt>
   <trkpt lat="45.0497420" lon="6.6662250">
    <ele>1457.6</ele>
   </trkpt>
   <trkpt lat="45.0497390" lon="6.6661780">
    <ele>1457.6</ele>
   </trkpt>
   <trkpt lat="45.0497360" lon="6.6661400">
    <ele>1457.7</ele>
   </trkpt>
   <trkpt lat="45.0497310" lon="6.6660870">
    <ele>1457.7</ele>
   </trkpt>
   <trkpt lat="45.0497320" lon="6.6660690">
    <ele>1457.7</ele>
   </trkpt>
   <trkpt lat="45.0497320" lon="6.6660210">
    <ele>1457.8</ele>
   </trkpt>
   <trkpt lat="45.0497320" lon="6.6660040">
    <ele>1457.8</ele>
   </trkpt>
   <trkpt lat="45.0497360" lon="6.6659470">
    <ele>1457.9</ele>
   </trkpt>
   <trkpt lat="45.0497390" lon="6.6659260">
    <ele>1457.9</ele>
   </trkpt>
   <trkpt lat="45.0497490" lon="6.6658890">
    <ele>1458.0</ele>
   </trkpt>
   <trkpt lat="45.0497540" lon="6.6658470">
    <ele>1458.1</ele>
   </trkpt>
   <trkpt lat="45.0497520" lon="6.6657940">
    <ele>1458.2</ele>
   </trkpt>
   <trkpt lat="45.0497530" lon="6.6657400">
    <ele>1458.3</ele>
   </trkpt>
   <trkpt lat="45.0497520" lon="6.6656830">
    <ele>1458.4</ele>
   </trkpt>
   <trkpt lat="45.0497510" lon="6.6656300">
    <ele>1458.6</ele>
   </trkpt>
   <trkpt lat="45.0497490" lon="6.6655780">
    <ele>1458.7</ele>
   </trkpt>
   <trkpt lat="45.0497480" lon="6.6655230">
    <ele>1458.8</ele>
   </trkpt>
   <trkpt lat="45.0497450" lon="6.6654630">
    <ele>1459.0</ele>
   </trkpt>
   <trkpt lat="45.0497440" lon="6.6653990">
    <ele>1459.2</ele>
   </trkpt>
   <trkpt lat="45.0497480" lon="6.6653320">
    <ele>1459.4</ele>
   </trkpt>
   <trkpt lat="45.0497510" lon="6.6652670">
    <ele>1459.5</ele>
   </trkpt>
   <trkpt lat="45.0497530" lon="6.6652000">
    <ele>1459.7</ele>
   </trkpt>
   <trkpt lat="45.0497540" lon="6.6651330">
    <ele>1459.9</ele>
   </trkpt>
   <trkpt lat="45.0497520" lon="6.6650650">
    <ele>1460.1</ele>
   </trkpt>
   <trkpt lat="45.0497560" lon="6.6649980">
    <ele>1460.3</ele>
   </trkpt>
   <trkpt lat="45.0497610" lon="6.6649200">
    <ele>1460.4</ele>
   </trkpt>
   <trkpt lat="45.0497620" lon="6.6648540">
    <ele>1460.5</ele>
   </trkpt>
   <trkpt lat="45.0497600" lon="6.6647860">
    <ele>1460.6</ele>
   </trkpt>
   <trkpt lat="45.0497600" lon="6.6647170">
    <ele>1460.8</ele>
   </trkpt>
   <trkpt lat="45.0497580" lon="6.6646500">
    <ele>1461.1</ele>
   </trkpt>
   <trkpt lat="45.0497610" lon="6.6645830">
    <ele>1461.4</ele>
   </trkpt>
   <trkpt lat="45.0497680" lon="6.6645220">
    <ele>1461.7</ele>
   </trkpt>
   <trkpt lat="45.0497710" lon="6.6644600">
    <ele>1462.0</ele>
   </trkpt>
   <trkpt lat="45.0497730" lon="6.6644000">
    <ele>1462.3</ele>
   </trkpt>
   <trkpt lat="45.0497770" lon="6.6643420">
    <ele>1462.6</ele>
   </trkpt>
   <trkpt lat="45.0497790" lon="6.6642860">
    <ele>1462.9</ele>
   </trkpt>
   <trkpt lat="45.0497820" lon="6.6642310">
    <ele>1463.2</ele>
   </trkpt>
   <trkpt lat="45.0497850" lon="6.6641800">
    <ele>1463.5</ele>
   </trkpt>
   <trkpt lat="45.0497880" lon="6.6641300">
    <ele>1463.8</ele>
   </trkpt>
   <trkpt lat="45.0497910" lon="6.6640870">
    <ele>1464.0</ele>
   </trkpt>
   <trkpt lat="45.0497900" lon="6.6640460">
    <ele>1464.2</ele>
   </trkpt>
   <trkpt lat="45.0497930" lon="6.6639920">
    <ele>1464.5</ele>
   </trkpt>
   <trkpt lat="45.0497940" lon="6.6639750">
    <ele>1464.6</ele>
   </trkpt>
   <trkpt lat="45.0497970" lon="6.6639330">
    <ele>1464.9</ele>
   </trkpt>
   <trkpt lat="45.0497970" lon="6.6639190">
    <ele>1465.0</ele>
   </trkpt>
   <trkpt lat="45.0497920" lon="6.6638980">
    <ele>1465.1</ele>
   </trkpt>
   <trkpt lat="45.0497880" lon="6.6638820">
    <ele>1465.2</ele>
   </trkpt>
   <trkpt lat="45.0497910" lon="6.6638710">
    <ele>1465.2</ele>
   </trkpt>
   <trkpt lat="45.0497880" lon="6.6638590">
    <ele>1465.2</ele>
   </trkpt>
   <trkpt lat="45.0497830" lon="6.6638430">
    <ele>1465.2</ele>
   </trkpt>
   <trkpt lat="45.0497800" lon="6.6638340">
    <ele>1465.2</ele>
   </trkpt>
   <trkpt lat="45.0497880" lon="6.6638220">
    <ele>1465.2</ele>
   </trkpt>
   <trkpt lat="45.0497900" lon="6.6638210">
    <ele>1465.2</ele>
   </trkpt>
   <trkpt lat="45.0497880" lon="6.6638020">
    <ele>1465.3</ele>
   </trkpt>
   <trkpt lat="45.0497800" lon="6.6637850">
    <ele>1465.3</ele>
   </trkpt>
   <trkpt lat="45.0497670" lon="6.6637840">
    <ele>1465.3</ele>
   </trkpt>
   <trkpt lat="45.0497630" lon="6.6637980">
    <ele>1465.3</ele>
   </trkpt>
   <trkpt lat="45.0497630" lon="6.6638150">
    <ele>1465.3</ele>
   </trkpt>
   <trkpt lat="45.0497620" lon="6.6638290">
    <ele>1465.3</ele>
   </trkpt>
   <trkpt lat="45.0497660" lon="6.6638460">
    <ele>1465.4</ele>
   </trkpt>
   <trkpt lat="45.0497700" lon="6.6638590">
    <ele>1465.4</ele>
   </trkpt>
   <trkpt lat="45.0497680" lon="6.6638570">
    <ele>1465.4</ele>
   </trkpt>
   <trkpt lat="45.0497680" lon="6.6638560">
    <ele>1465.4</ele>
   </trkpt>
   <trkpt lat="45.0497680" lon="6.6638580">
    <ele>1465.4</ele>
   </trkpt>
   <trkpt lat="45.0497750" lon="6.6638620">
    <ele>1465.4</ele>
   </trkpt>
   <trkpt lat="45.0497760" lon="6.6638630">
    <ele>1465.4</ele>
   </trkpt>
   <trkpt lat="45.0497760" lon="6.6638630">
    <ele>1465.4</ele>
   </trkpt>
   <trkpt lat="45.0497760" lon="6.6638620">
    <ele>1465.4</ele>
   </trkpt>
   <trkpt lat="45.0497760" lon="6.6638620">
    <ele>1465.4</ele>
   </trkpt>
   <trkpt lat="45.0497760" lon="6.6638620">
    <ele>1465.4</ele>
   </trkpt>
   <trkpt lat="45.0498020" lon="6.6638440">
    <ele>1465.4</ele>
   </trkpt>
   <trkpt lat="45.0498060" lon="6.6638400">
    <ele>1465.4</ele>
   </trkpt>
   <trkpt lat="45.0498070" lon="6.6638370">
    <ele>1465.4</ele>
   </trkpt>
   <trkpt lat="45.0498080" lon="6.6638370">
    <ele>1465.4</ele>
   </trkpt>
   <trkpt lat="45.0498080" lon="6.6638370">
    <ele>1465.4</ele>
   </trkpt>
   <trkpt lat="45.0498070" lon="6.6638370">
    <ele>1465.4</ele>
   </trkpt>
   <trkpt lat="45.0498070" lon="6.6638370">
    <ele>1465.4</ele>
   </trkpt>
   <trkpt lat="45.0497990" lon="6.6638370">
    <ele>1465.4</ele>
   </trkpt>
   <trkpt lat="45.0497930" lon="6.6638360">
    <ele>1465.3</ele>
   </trkpt>
   <trkpt lat="45.0497880" lon="6.6638370">
    <ele>1465.3</ele>
   </trkpt>
   <trkpt lat="45.0497870" lon="6.6638380">
    <ele>1465.3</ele>
   </trkpt>
   <trkpt lat="45.0497870" lon="6.6638380">
    <ele>1465.3</ele>
   </trkpt>
   <trkpt lat="45.0497870" lon="6.6638380">
    <ele>1465.3</ele>
   </trkpt>
   <trkpt lat="45.0497870" lon="6.6638380">
    <ele>1465.3</ele>
   </trkpt>
   <trkpt lat="45.0497870" lon="6.6638380">
    <ele>1465.3</ele>
   </trkpt>
   <trkpt lat="45.0497870" lon="6.6638380">
    <ele>1465.3</ele>
   </trkpt>
   <trkpt lat="45.0497870" lon="6.6638380">
    <ele>1465.3</ele>
   </trkpt>
   <trkpt lat="45.0497870" lon="6.6638380">
    <ele>1465.3</ele>
   </trkpt>
   <trkpt lat="45.0497870" lon="6.6638380">
    <ele>1465.3</ele>
   </trkpt>
   <trkpt lat="45.0497870" lon="6.6638380">
    <ele>1465.3</ele>
   </trkpt>
   <trkpt lat="45.0497840" lon="6.6638790">
    <ele>1465.3</ele>
   </trkpt>
   <trkpt lat="45.0497850" lon="6.6638830">
    <ele>1465.3</ele>
   </trkpt>
   <trkpt lat="45.0497810" lon="6.6638780">
    <ele>1465.3</ele>
   </trkpt>
   <trkpt lat="45.0497660" lon="6.6638560">
    <ele>1465.3</ele>
   </trkpt>
   <trkpt lat="45.0497680" lon="6.6638610">
    <ele>1465.3</ele>
   </trkpt>
   <trkpt lat="45.0497780" lon="6.6638750">
    <ele>1465.3</ele>
   </trkpt>
   <trkpt lat="45.0497800" lon="6.6638780">
    <ele>1465.3</ele>
   </trkpt>
   <trkpt lat="45.0497840" lon="6.6638790">
    <ele>1465.3</ele>
   </trkpt>
   <trkpt lat="45.0497950" lon="6.6639020">
    <ele>1465.3</ele>
   </trkpt>
   <trkpt lat="45.0497870" lon="6.6639240">
    <ele>1465.3</ele>
   </trkpt>
   <trkpt lat="45.0497680" lon="6.6639380">
    <ele>1465.3</ele>
   </trkpt>
   <trkpt lat="45.0497530" lon="6.6639150">
    <ele>1465.3</ele>
   </trkpt>
   <trkpt lat="45.0497580" lon="6.6639110">
    <ele>1465.3</ele>
   </trkpt>
   <trkpt lat="45.0497600" lon="6.6639150">
    <ele>1465.3</ele>
   </trkpt>
   <trkpt lat="45.0497570" lon="6.6639190">
    <ele>1465.3</ele>
   </trkpt>
   <trkpt lat="45.0497480" lon="6.6639130">
    <ele>1465.3</ele>
   </trkpt>
   <trkpt lat="45.0497500" lon="6.6639130">
    <ele>1465.3</ele>
   </trkpt>
   <trkpt lat="45.0497490" lon="6.6639020">
    <ele>1465.3</ele>
   </trkpt>
   <trkpt lat="45.0497630" lon="6.6638840">
    <ele>1465.3</ele>
   </trkpt>
   <trkpt lat="45.0497680" lon="6.6638780">
    <ele>1465.3</ele>
   </trkpt>
   <trkpt lat="45.0497620" lon="6.6638940">
    <ele>1465.3</ele>
   </trkpt>
   <trkpt lat="45.0497550" lon="6.6639090">
    <ele>1465.3</ele>
   </trkpt>
   <trkpt lat="45.0497470" lon="6.6639100">
    <ele>1465.3</ele>
   </trkpt>
   <trkpt lat="45.0497420" lon="6.6639000">
    <ele>1465.3</ele>
   </trkpt>
   <trkpt lat="45.0497410" lon="6.6639020">
    <ele>1465.3</ele>
   </trkpt>
   <trkpt lat="45.0497410" lon="6.6639030">
    <ele>1465.3</ele>
   </trkpt>
   <trkpt lat="45.0497410" lon="6.6639040">
    <ele>1465.3</ele>
   </trkpt>
   <trkpt lat="45.0497410" lon="6.6639040">
    <ele>1465.3</ele>
   </trkpt>
   <trkpt lat="45.0497430" lon="6.6639060">
    <ele>1465.3</ele>
   </trkpt>
   <trkpt lat="45.0497450" lon="6.6639160">
    <ele>1465.3</ele>
   </trkpt>
   <trkpt lat="45.0497490" lon="6.6639110">
    <ele>1465.3</ele>
   </trkpt>
   <trkpt lat="45.0497500" lon="6.6639070">
    <ele>1465.3</ele>
   </trkpt>
   <trkpt lat="45.0497510" lon="6.6639040">
    <ele>1465.3</ele>
   </trkpt>
   <trkpt lat="45.0497520" lon="6.6639000">
    <ele>1465.3</ele>
   </trkpt>
   <trkpt lat="45.0497530" lon="6.6638960">
    <ele>1465.3</ele>
   </trkpt>
   <trkpt lat="45.0497540" lon="6.6638920">
    <ele>1465.3</ele>
   </trkpt>
   <trkpt lat="45.0497550" lon="6.6638880">
    <ele>1465.3</ele>
   </trkpt>
   <trkpt lat="45.0497560" lon="6.6638840">
    <ele>1465.3</ele>
   </trkpt>
   <trkpt lat="45.0497570" lon="6.6638810">
    <ele>1465.3</ele>
   </trkpt>
   <trkpt lat="45.0497580" lon="6.6638770">
    <ele>1465.2</ele>
   </trkpt>
   <trkpt lat="45.0497590" lon="6.6638730">
    <ele>1465.2</ele>
   </trkpt>
   <trkpt lat="45.0497600" lon="6.6638690">
    <ele>1465.2</ele>
   </trkpt>
   <trkpt lat="45.0497590" lon="6.6638610">
    <ele>1465.2</ele>
   </trkpt>
   <trkpt lat="45.0497590" lon="6.6638560">
    <ele>1465.2</ele>
   </trkpt>
   <trkpt lat="45.0497590" lon="6.6638460">
    <ele>1465.2</ele>
   </trkpt>
   <trkpt lat="45.0497580" lon="6.6638380">
    <ele>1465.2</ele>
   </trkpt>
   <trkpt lat="45.0497590" lon="6.6638300">
    <ele>1465.2</ele>
   </trkpt>
   <trkpt lat="45.0497560" lon="6.6638210">
    <ele>1465.2</ele>
   </trkpt>
   <trkpt lat="45.0497500" lon="6.6638250">
    <ele>1465.2</ele>
   </trkpt>
   <trkpt lat="45.0497510" lon="6.6638150">
    <ele>1465.2</ele>
   </trkpt>
   <trkpt lat="45.0497500" lon="6.6638060">
    <ele>1465.2</ele>
   </trkpt>
   <trkpt lat="45.0497490" lon="6.6638030">
    <ele>1465.2</ele>
   </trkpt>
   <trkpt lat="45.0497510" lon="6.6638070">
    <ele>1465.2</ele>
   </trkpt>
   <trkpt lat="45.0497560" lon="6.6638100">
    <ele>1465.2</ele>
   </trkpt>
   <trkpt lat="45.0497580" lon="6.6638160">
    <ele>1465.2</ele>
   </trkpt>
   <trkpt lat="45.0497570" lon="6.6638090">
    <ele>1465.2</ele>
   </trkpt>
   <trkpt lat="45.0497570" lon="6.6638080">
    <ele>1465.2</ele>
   </trkpt>
   <trkpt lat="45.0497570" lon="6.6638070">
    <ele>1465.2</ele>
   </trkpt>
   <trkpt lat="45.0497570" lon="6.6638070">
    <ele>1465.2</ele>
   </trkpt>
   <trkpt lat="45.0497570" lon="6.6638070">
    <ele>1465.2</ele>
   </trkpt>
   <trkpt lat="45.0497570" lon="6.6638070">
    <ele>1465.2</ele>
   </trkpt>
   <trkpt lat="45.0497570" lon="6.6638070">
    <ele>1465.2</ele>
   </trkpt>
   <trkpt lat="45.0497570" lon="6.6638070">
    <ele>1465.2</ele>
   </trkpt>
   <trkpt lat="45.0497720" lon="6.6638740">
    <ele>1465.2</ele>
   </trkpt>
   <trkpt lat="45.0497770" lon="6.6638860">
    <ele>1465.2</ele>
   </trkpt>
   <trkpt lat="45.0497700" lon="6.6639030">
    <ele>1465.1</ele>
   </trkpt>
   <trkpt lat="45.0497700" lon="6.6639180">
    <ele>1465.0</ele>
   </trkpt>
   <trkpt lat="45.0497690" lon="6.6639360">
    <ele>1464.9</ele>
   </trkpt>
   <trkpt lat="45.0497690" lon="6.6639400">
    <ele>1464.9</ele>
   </trkpt>
   <trkpt lat="45.0497690" lon="6.6639440">
    <ele>1464.8</ele>
   </trkpt>
   <trkpt lat="45.0497690" lon="6.6639480">
    <ele>1464.8</ele>
   </trkpt>
   <trkpt lat="45.0497690" lon="6.6639520">
    <ele>1464.8</ele>
   </trkpt>
   <trkpt lat="45.0497690" lon="6.6639560">
    <ele>1464.8</ele>
   </trkpt>
   <trkpt lat="45.0497690" lon="6.6639600">
    <ele>1464.8</ele>
   </trkpt>
   <trkpt lat="45.0497690" lon="6.6639640">
    <ele>1464.7</ele>
   </trkpt>
   <trkpt lat="45.0497690" lon="6.6639680">
    <ele>1464.7</ele>
   </trkpt>
   <trkpt lat="45.0497690" lon="6.6639720">
    <ele>1464.7</ele>
   </trkpt>
   <trkpt lat="45.0497690" lon="6.6639760">
    <ele>1464.7</ele>
   </trkpt>
   <trkpt lat="45.0497690" lon="6.6639800">
    <ele>1464.6</ele>
   </trkpt>
   <trkpt lat="45.0497690" lon="6.6639840">
    <ele>1464.6</ele>
   </trkpt>
   <trkpt lat="45.0497690" lon="6.6639880">
    <ele>1464.6</ele>
   </trkpt>
   <trkpt lat="45.0497680" lon="6.6639910">
    <ele>1464.6</ele>
   </trkpt>
   <trkpt lat="45.0497680" lon="6.6639950">
    <ele>1464.6</ele>
   </trkpt>
   <trkpt lat="45.0497680" lon="6.6639990">
    <ele>1464.5</ele>
   </trkpt>
   <trkpt lat="45.0497680" lon="6.6640030">
    <ele>1464.5</ele>
   </trkpt>
   <trkpt lat="45.0497680" lon="6.6640070">
    <ele>1464.5</ele>
   </trkpt>
   <trkpt lat="45.0497680" lon="6.6640110">
    <ele>1464.5</ele>
   </trkpt>
   <trkpt lat="45.0497680" lon="6.6640150">
    <ele>1464.4</ele>
   </trkpt>
   <trkpt lat="45.0497680" lon="6.6640190">
    <ele>1464.4</ele>
   </trkpt>
   <trkpt lat="45.0497680" lon="6.6640230">
    <ele>1464.4</ele>
   </trkpt>
   <trkpt lat="45.0497680" lon="6.6640270">
    <ele>1464.4</ele>
   </trkpt>
   <trkpt lat="45.0497680" lon="6.6640310">
    <ele>1464.3</ele>
   </trkpt>
   <trkpt lat="45.0497680" lon="6.6640350">
    <ele>1464.3</ele>
   </trkpt>
   <trkpt lat="45.0497680" lon="6.6640390">
    <ele>1464.3</ele>
   </trkpt>
   <trkpt lat="45.0497680" lon="6.6640430">
    <ele>1464.3</ele>
   </trkpt>
   <trkpt lat="45.0497650" lon="6.6640920">
    <ele>1464.0</ele>
   </trkpt>
   <trkpt lat="45.0497610" lon="6.6641440">
    <ele>1463.7</ele>
   </trkpt>
   <trkpt lat="45.0497600" lon="6.6642040">
    <ele>1463.4</ele>
   </trkpt>
   <trkpt lat="45.0497610" lon="6.6642730">
    <ele>1463.0</ele>
   </trkpt>
   <trkpt lat="45.0497590" lon="6.6643480">
    <ele>1462.6</ele>
   </trkpt>
   <trkpt lat="45.0497550" lon="6.6644290">
    <ele>1462.1</ele>
   </trkpt>
   <trkpt lat="45.0497480" lon="6.6645120">
    <ele>1461.7</ele>
   </trkpt>
   <trkpt lat="45.0497440" lon="6.6645990">
    <ele>1461.3</ele>
   </trkpt>
   <trkpt lat="45.0497440" lon="6.6646940">
    <ele>1460.9</ele>
   </trkpt>
   <trkpt lat="45.0497430" lon="6.6647880">
    <ele>1460.6</ele>
   </trkpt>
   <trkpt lat="45.0497400" lon="6.6648850">
    <ele>1460.4</ele>
   </trkpt>
   <trkpt lat="45.0497400" lon="6.6649860">
    <ele>1460.3</ele>
   </trkpt>
   <trkpt lat="45.0497390" lon="6.6650940">
    <ele>1460.0</ele>
   </trkpt>
   <trkpt lat="45.0497350" lon="6.6652000">
    <ele>1459.7</ele>
   </trkpt>
   <trkpt lat="45.0497360" lon="6.6653070">
    <ele>1459.4</ele>
   </trkpt>
   <trkpt lat="45.0497360" lon="6.6654140">
    <ele>1459.1</ele>
   </trkpt>
   <trkpt lat="45.0497360" lon="6.6655270">
    <ele>1458.8</ele>
   </trkpt>
   <trkpt lat="45.0497350" lon="6.6656360">
    <ele>1458.5</ele>
   </trkpt>
   <trkpt lat="45.0497330" lon="6.6657450">
    <ele>1458.3</ele>
   </trkpt>
   <trkpt lat="45.0497270" lon="6.6658580">
    <ele>1458.1</ele>
   </trkpt>
   <trkpt lat="45.0497230" lon="6.6659660">
    <ele>1457.9</ele>
   </trkpt>
   <trkpt lat="45.0497210" lon="6.6660730">
    <ele>1457.7</ele>
   </trkpt>
   <trkpt lat="45.0497180" lon="6.6661760">
    <ele>1457.6</ele>
   </trkpt>
   <trkpt lat="45.0497140" lon="6.6662830">
    <ele>1457.5</ele>
   </trkpt>
   <trkpt lat="45.0497150" lon="6.6663840">
    <ele>1457.4</ele>
   </trkpt>
   <trkpt lat="45.0497160" lon="6.6664920">
    <ele>1457.4</ele>
   </trkpt>
   <trkpt lat="45.0497200" lon="6.6665890">
    <ele>1457.3</ele>
   </trkpt>
   <trkpt lat="45.0497260" lon="6.6666840">
    <ele>1457.3</ele>
   </trkpt>
   <trkpt lat="45.0497290" lon="6.6667790">
    <ele>1457.2</ele>
   </trkpt>
   <trkpt lat="45.0497270" lon="6.6668720">
    <ele>1457.1</ele>
   </trkpt>
   <trkpt lat="45.0497250" lon="6.6669620">
    <ele>1457.1</ele>
   </trkpt>
   <trkpt lat="45.0497280" lon="6.6670470">
    <ele>1457.0</ele>
   </trkpt>
   <trkpt lat="45.0497350" lon="6.6671320">
    <ele>1457.0</ele>
   </trkpt>
   <trkpt lat="45.0497470" lon="6.6672220">
    <ele>1456.9</ele>
   </trkpt>
   <trkpt lat="45.0497540" lon="6.6673040">
    <ele>1456.8</ele>
   </trkpt>
   <trkpt lat="45.0497550" lon="6.6673850">
    <ele>1456.7</ele>
   </trkpt>
   <trkpt lat="45.0497700" lon="6.6674650">
    <ele>1456.6</ele>
   </trkpt>
   <trkpt lat="45.0497920" lon="6.6675430">
    <ele>1456.5</ele>
   </trkpt>
   <trkpt lat="45.0498090" lon="6.6676270">
    <ele>1456.4</ele>
   </trkpt>
   <trkpt lat="45.0498300" lon="6.6677190">
    <ele>1456.3</ele>
   </trkpt>
   <trkpt lat="45.0498500" lon="6.6677910">
    <ele>1456.2</ele>
   </trkpt>
   <trkpt lat="45.0498790" lon="6.6678520">
    <ele>1456.1</ele>
   </trkpt>
   <trkpt lat="45.0499160" lon="6.6678980">
    <ele>1456.0</ele>
   </trkpt>
   <trkpt lat="45.0499650" lon="6.6679660">
    <ele>1455.9</ele>
   </trkpt>
   <trkpt lat="45.0499820" lon="6.6680350">
    <ele>1455.8</ele>
   </trkpt>
   <trkpt lat="45.0499820" lon="6.6681300">
    <ele>1455.7</ele>
   </trkpt>
   <trkpt lat="45.0499770" lon="6.6682110">
    <ele>1455.7</ele>
   </trkpt>
   <trkpt lat="45.0499850" lon="6.6682870">
    <ele>1455.6</ele>
   </trkpt>
   <trkpt lat="45.0500030" lon="6.6683610">
    <ele>1455.6</ele>
   </trkpt>
   <trkpt lat="45.0500290" lon="6.6685960">
    <ele>1455.4</ele>
   </trkpt>
   <trkpt lat="45.0500320" lon="6.6686390">
    <ele>1455.3</ele>
   </trkpt>
   <trkpt lat="45.0500360" lon="6.6686830">
    <ele>1455.3</ele>
   </trkpt>
   <trkpt lat="45.0500490" lon="6.6687370">
    <ele>1455.2</ele>
   </trkpt>
   <trkpt lat="45.0500620" lon="6.6687910">
    <ele>1455.1</ele>
   </trkpt>
   <trkpt lat="45.0500720" lon="6.6689020">
    <ele>1455.0</ele>
   </trkpt>
   <trkpt lat="45.0500720" lon="6.6689210">
    <ele>1455.0</ele>
   </trkpt>
   <trkpt lat="45.0500780" lon="6.6689320">
    <ele>1455.0</ele>
   </trkpt>
   <trkpt lat="45.0500790" lon="6.6689390">
    <ele>1455.0</ele>
   </trkpt>
   <trkpt lat="45.0500750" lon="6.6689450">
    <ele>1454.9</ele>
   </trkpt>
   <trkpt lat="45.0500640" lon="6.6689470">
    <ele>1454.9</ele>
   </trkpt>
   <trkpt lat="45.0500630" lon="6.6689470">
    <ele>1454.9</ele>
   </trkpt>
   <trkpt lat="45.0500620" lon="6.6689470">
    <ele>1454.9</ele>
   </trkpt>
   <trkpt lat="45.0500620" lon="6.6689490">
    <ele>1454.9</ele>
   </trkpt>
   <trkpt lat="45.0500630" lon="6.6689490">
    <ele>1454.9</ele>
   </trkpt>
   <trkpt lat="45.0500630" lon="6.6689490">
    <ele>1454.9</ele>
   </trkpt>
   <trkpt lat="45.0500630" lon="6.6689490">
    <ele>1454.9</ele>
   </trkpt>
   <trkpt lat="45.0500630" lon="6.6689500">
    <ele>1454.9</ele>
   </trkpt>
   <trkpt lat="45.0500630" lon="6.6689500">
    <ele>1454.9</ele>
   </trkpt>
   <trkpt lat="45.0500630" lon="6.6689500">
    <ele>1454.9</ele>
   </trkpt>
   <trkpt lat="45.0500630" lon="6.6689500">
    <ele>1454.9</ele>
   </trkpt>
   <trkpt lat="45.0500630" lon="6.6689500">
    <ele>1454.9</ele>
   </trkpt>
   <trkpt lat="45.0500630" lon="6.6689500">
    <ele>1454.9</ele>
   </trkpt>
   <trkpt lat="45.0500630" lon="6.6689500">
    <ele>1454.9</ele>
   </trkpt>
   <trkpt lat="45.0500630" lon="6.6689590">
    <ele>1454.9</ele>
   </trkpt>
   <trkpt lat="45.0500710" lon="6.6689950">
    <ele>1454.8</ele>
   </trkpt>
   <trkpt lat="45.0500750" lon="6.6690180">
    <ele>1454.8</ele>
   </trkpt>
   <trkpt lat="45.0500800" lon="6.6690410">
    <ele>1454.8</ele>
   </trkpt>
   <trkpt lat="45.0500930" lon="6.6690800">
    <ele>1454.7</ele>
   </trkpt>
   <trkpt lat="45.0501040" lon="6.6691240">
    <ele>1454.7</ele>
   </trkpt>
   <trkpt lat="45.0501150" lon="6.6691720">
    <ele>1454.6</ele>
   </trkpt>
   <trkpt lat="45.0501300" lon="6.6692210">
    <ele>1454.5</ele>
   </trkpt>
   <trkpt lat="45.0501450" lon="6.6692770">
    <ele>1454.4</ele>
   </trkpt>
   <trkpt lat="45.0501580" lon="6.6693310">
    <ele>1454.3</ele>
   </trkpt>
   <trkpt lat="45.0501640" lon="6.6693910">
    <ele>1454.2</ele>
   </trkpt>
   <trkpt lat="45.0501730" lon="6.6694510">
    <ele>1454.1</ele>
   </trkpt>
   <trkpt lat="45.0501810" lon="6.6695110">
    <ele>1454.0</ele>
   </trkpt>
   <trkpt lat="45.0501870" lon="6.6695700">
    <ele>1453.9</ele>
   </trkpt>
   <trkpt lat="45.0501960" lon="6.6696270">
    <ele>1453.8</ele>
   </trkpt>
   <trkpt lat="45.0502090" lon="6.6696820">
    <ele>1453.7</ele>
   </trkpt>
   <trkpt lat="45.0502270" lon="6.6697430">
    <ele>1453.6</ele>
   </trkpt>
   <trkpt lat="45.0502450" lon="6.6698100">
    <ele>1453.5</ele>
   </trkpt>
   <trkpt lat="45.0502600" lon="6.6698800">
    <ele>1453.3</ele>
   </trkpt>
   <trkpt lat="45.0502750" lon="6.6699470">
    <ele>1453.2</ele>
   </trkpt>
   <trkpt lat="45.0502950" lon="6.6700100">
    <ele>1453.0</ele>
   </trkpt>
   <trkpt lat="45.0503140" lon="6.6700750">
    <ele>1452.8</ele>
   </trkpt>
   <trkpt lat="45.0503300" lon="6.6701430">
    <ele>1452.6</ele>
   </trkpt>
   <trkpt lat="45.0503450" lon="6.6702150">
    <ele>1452.3</ele>
   </trkpt>
   <trkpt lat="45.0503600" lon="6.6702890">
    <ele>1452.1</ele>
   </trkpt>
   <trkpt lat="45.0503820" lon="6.6703630">
    <ele>1451.8</ele>
   </trkpt>
   <trkpt lat="45.0503950" lon="6.6704430">
    <ele>1451.4</ele>
   </trkpt>
   <trkpt lat="45.0504070" lon="6.6705290">
    <ele>1451.1</ele>
   </trkpt>
   <trkpt lat="45.0504130" lon="6.6706210">
    <ele>1450.7</ele>
   </trkpt>
   <trkpt lat="45.0504230" lon="6.6707210">
    <ele>1450.2</ele>
   </trkpt>
   <trkpt lat="45.0504380" lon="6.6708110">
    <ele>1449.8</ele>
   </trkpt>
   <trkpt lat="45.0504520" lon="6.6709010">
    <ele>1449.3</ele>
   </trkpt>
   <trkpt lat="45.0504700" lon="6.6710000">
    <ele>1448.8</ele>
   </trkpt>
   <trkpt lat="45.0504900" lon="6.6711020">
    <ele>1448.3</ele>
   </trkpt>
   <trkpt lat="45.0505080" lon="6.6712130">
    <ele>1447.8</ele>
   </trkpt>
   <trkpt lat="45.0505260" lon="6.6713260">
    <ele>1447.2</ele>
   </trkpt>
   <trkpt lat="45.0505420" lon="6.6714450">
    <ele>1446.7</ele>
   </trkpt>
   <trkpt lat="45.0505480" lon="6.6715680">
    <ele>1446.1</ele>
   </trkpt>
   <trkpt lat="45.0505510" lon="6.6716990">
    <ele>1445.6</ele>
   </trkpt>
   <trkpt lat="45.0505610" lon="6.6718220">
    <ele>1445.0</ele>
   </trkpt>
   <trkpt lat="45.0505790" lon="6.6719480">
    <ele>1444.5</ele>
   </trkpt>
   <trkpt lat="45.0505990" lon="6.6720790">
    <ele>1443.8</ele>
   </trkpt>
   <trkpt lat="45.0506190" lon="6.6722110">
    <ele>1443.2</ele>
   </trkpt>
   <trkpt lat="45.0506420" lon="6.6723460">
    <ele>1442.5</ele>
   </trkpt>
   <trkpt lat="45.0506700" lon="6.6724790">
    <ele>1441.8</ele>
   </trkpt>
   <trkpt lat="45.0506970" lon="6.6726210">
    <ele>1441.0</ele>
   </trkpt>
   <trkpt lat="45.0507230" lon="6.6727630">
    <ele>1440.1</ele>
   </trkpt>
   <trkpt lat="45.0507500" lon="6.6729050">
    <ele>1439.2</ele>
   </trkpt>
   <trkpt lat="45.0507760" lon="6.6730550">
    <ele>1438.2</ele>
   </trkpt>
   <trkpt lat="45.0507980" lon="6.6732110">
    <ele>1437.2</ele>
   </trkpt>
   <trkpt lat="45.0508240" lon="6.6733770">
    <ele>1436.0</ele>
   </trkpt>
   <trkpt lat="45.0508540" lon="6.6735440">
    <ele>1435.0</ele>
   </trkpt>
   <trkpt lat="45.0508990" lon="6.6737020">
    <ele>1434.0</ele>
   </trkpt>
   <trkpt lat="45.0509540" lon="6.6738520">
    <ele>1433.3</ele>
   </trkpt>
   <trkpt lat="45.0510240" lon="6.6739940">
    <ele>1432.5</ele>
   </trkpt>
   <trkpt lat="45.0511100" lon="6.6741270">
    <ele>1431.9</ele>
   </trkpt>
   <trkpt lat="45.0512050" lon="6.6742560">
    <ele>1431.4</ele>
   </trkpt>
   <trkpt lat="45.0512980" lon="6.6743910">
    <ele>1431.1</ele>
   </trkpt>
   <trkpt lat="45.0514500" lon="6.6746900">
    <ele>1429.7</ele>
   </trkpt>
   <trkpt lat="45.0515230" lon="6.6748490">
    <ele>1428.4</ele>
   </trkpt>
   <trkpt lat="45.0516020" lon="6.6749950">
    <ele>1427.1</ele>
   </trkpt>
   <trkpt lat="45.0516980" lon="6.6751310">
    <ele>1425.5</ele>
   </trkpt>
   <trkpt lat="45.0518100" lon="6.6752490">
    <ele>1423.8</ele>
   </trkpt>
   <trkpt lat="45.0519220" lon="6.6753710">
    <ele>1421.9</ele>
   </trkpt>
   <trkpt lat="45.0520420" lon="6.6755090">
    <ele>1419.8</ele>
   </trkpt>
   <trkpt lat="45.0521600" lon="6.6756570">
    <ele>1417.9</ele>
   </trkpt>
   <trkpt lat="45.0522810" lon="6.6758060">
    <ele>1416.0</ele>
   </trkpt>
   <trkpt lat="45.0524030" lon="6.6759590">
    <ele>1414.1</ele>
   </trkpt>
   <trkpt lat="45.0525270" lon="6.6761180">
    <ele>1412.1</ele>
   </trkpt>
   <trkpt lat="45.0526460" lon="6.6762950">
    <ele>1410.0</ele>
   </trkpt>
   <trkpt lat="45.0527620" lon="6.6764750">
    <ele>1407.8</ele>
   </trkpt>
   <trkpt lat="45.0528670" lon="6.6766570">
    <ele>1405.8</ele>
   </trkpt>
   <trkpt lat="45.0529570" lon="6.6768510">
    <ele>1403.8</ele>
   </trkpt>
   <trkpt lat="45.0530380" lon="6.6770370">
    <ele>1402.2</ele>
   </trkpt>
   <trkpt lat="45.0531140" lon="6.6771980">
    <ele>1400.9</ele>
   </trkpt>
   <trkpt lat="45.0531770" lon="6.6773410">
    <ele>1399.8</ele>
   </trkpt>
   <trkpt lat="45.0532380" lon="6.6774710">
    <ele>1398.8</ele>
   </trkpt>
   <trkpt lat="45.0533000" lon="6.6775890">
    <ele>1397.9</ele>
   </trkpt>
   <trkpt lat="45.0533630" lon="6.6777060">
    <ele>1397.1</ele>
   </trkpt>
   <trkpt lat="45.0534220" lon="6.6778170">
    <ele>1396.3</ele>
   </trkpt>
   <trkpt lat="45.0534810" lon="6.6779210">
    <ele>1395.5</ele>
   </trkpt>
   <trkpt lat="45.0535450" lon="6.6780280">
    <ele>1394.7</ele>
   </trkpt>
   <trkpt lat="45.0536100" lon="6.6781330">
    <ele>1393.8</ele>
   </trkpt>
   <trkpt lat="45.0536840" lon="6.6782360">
    <ele>1392.9</ele>
   </trkpt>
   <trkpt lat="45.0537680" lon="6.6783190">
    <ele>1392.1</ele>
   </trkpt>
   <trkpt lat="45.0538710" lon="6.6783670">
    <ele>1391.3</ele>
   </trkpt>
   <trkpt lat="45.0539910" lon="6.6783950">
    <ele>1390.5</ele>
   </trkpt>
   <trkpt lat="45.0541080" lon="6.6784100">
    <ele>1389.8</ele>
   </trkpt>
   <trkpt lat="45.0542260" lon="6.6784180">
    <ele>1389.1</ele>
   </trkpt>
   <trkpt lat="45.0543360" lon="6.6784400">
    <ele>1388.5</ele>
   </trkpt>
   <trkpt lat="45.0544530" lon="6.6784870">
    <ele>1387.8</ele>
   </trkpt>
   <trkpt lat="45.0545540" lon="6.6785430">
    <ele>1387.3</ele>
   </trkpt>
   <trkpt lat="45.0546370" lon="6.6785970">
    <ele>1386.8</ele>
   </trkpt>
   <trkpt lat="45.0547360" lon="6.6786530">
    <ele>1386.3</ele>
   </trkpt>
   <trkpt lat="45.0548470" lon="6.6786890">
    <ele>1385.7</ele>
   </trkpt>
   <trkpt lat="45.0549610" lon="6.6787170">
    <ele>1385.2</ele>
   </trkpt>
   <trkpt lat="45.0550800" lon="6.6787520">
    <ele>1384.5</ele>
   </trkpt>
   <trkpt lat="45.0551960" lon="6.6787880">
    <ele>1383.9</ele>
   </trkpt>
   <trkpt lat="45.0553070" lon="6.6788310">
    <ele>1383.3</ele>
   </trkpt>
   <trkpt lat="45.0554200" lon="6.6788800">
    <ele>1382.8</ele>
   </trkpt>
   <trkpt lat="45.0555370" lon="6.6789250">
    <ele>1382.3</ele>
   </trkpt>
   <trkpt lat="45.0556560" lon="6.6789820">
    <ele>1381.7</ele>
   </trkpt>
   <trkpt lat="45.0557670" lon="6.6790480">
    <ele>1381.3</ele>
   </trkpt>
   <trkpt lat="45.0558730" lon="6.6791240">
    <ele>1380.8</ele>
   </trkpt>
   <trkpt lat="45.0559720" lon="6.6792090">
    <ele>1380.4</ele>
   </trkpt>
   <trkpt lat="45.0560650" lon="6.6792960">
    <ele>1380.1</ele>
   </trkpt>
   <trkpt lat="45.0561470" lon="6.6793760">
    <ele>1379.9</ele>
   </trkpt>
   <trkpt lat="45.0562240" lon="6.6794460">
    <ele>1379.7</ele>
   </trkpt>
   <trkpt lat="45.0562990" lon="6.6795120">
    <ele>1379.6</ele>
   </trkpt>
   <trkpt lat="45.0563600" lon="6.6795900">
    <ele>1379.6</ele>
   </trkpt>
   <trkpt lat="45.0564030" lon="6.6796850">
    <ele>1379.6</ele>
   </trkpt>
   <trkpt lat="45.0564270" lon="6.6798010">
    <ele>1379.6</ele>
   </trkpt>
   <trkpt lat="45.0564380" lon="6.6799200">
    <ele>1379.6</ele>
   </trkpt>
   <trkpt lat="45.0564500" lon="6.6800160">
    <ele>1379.6</ele>
   </trkpt>
   <trkpt lat="45.0564710" lon="6.6800950">
    <ele>1379.7</ele>
   </trkpt>
   <trkpt lat="45.0564870" lon="6.6801750">
    <ele>1379.7</ele>
   </trkpt>
   <trkpt lat="45.0565050" lon="6.6802670">
    <ele>1379.7</ele>
   </trkpt>
   <trkpt lat="45.0565340" lon="6.6803550">
    <ele>1379.1</ele>
   </trkpt>
   <trkpt lat="45.0565800" lon="6.6804380">
    <ele>1378.5</ele>
   </trkpt>
   <trkpt lat="45.0566360" lon="6.6805050">
    <ele>1377.9</ele>
   </trkpt>
   <trkpt lat="45.0566990" lon="6.6805680">
    <ele>1377.2</ele>
   </trkpt>
   <trkpt lat="45.0567670" lon="6.6806350">
    <ele>1376.5</ele>
   </trkpt>
   <trkpt lat="45.0568410" lon="6.6806980">
    <ele>1375.7</ele>
   </trkpt>
   <trkpt lat="45.0569180" lon="6.6807590">
    <ele>1375.0</ele>
   </trkpt>
   <trkpt lat="45.0569830" lon="6.6808190">
    <ele>1374.3</ele>
   </trkpt>
   <trkpt lat="45.0570430" lon="6.6808960">
    <ele>1373.7</ele>
   </trkpt>
   <trkpt lat="45.0571070" lon="6.6809490">
    <ele>1373.1</ele>
   </trkpt>
   <trkpt lat="45.0571810" lon="6.6809780">
    <ele>1372.6</ele>
   </trkpt>
   <trkpt lat="45.0572450" lon="6.6810230">
    <ele>1372.2</ele>
   </trkpt>
   <trkpt lat="45.0573080" lon="6.6810770">
    <ele>1372.0</ele>
   </trkpt>
   <trkpt lat="45.0573770" lon="6.6811460">
    <ele>1371.6</ele>
   </trkpt>
   <trkpt lat="45.0574460" lon="6.6812140">
    <ele>1371.3</ele>
   </trkpt>
   <trkpt lat="45.0575180" lon="6.6812820">
    <ele>1370.9</ele>
   </trkpt>
   <trkpt lat="45.0575950" lon="6.6813450">
    <ele>1370.6</ele>
   </trkpt>
   <trkpt lat="45.0576740" lon="6.6814160">
    <ele>1370.3</ele>
   </trkpt>
   <trkpt lat="45.0577470" lon="6.6814980">
    <ele>1370.0</ele>
   </trkpt>
   <trkpt lat="45.0578140" lon="6.6815780">
    <ele>1369.7</ele>
   </trkpt>
   <trkpt lat="45.0578720" lon="6.6816650">
    <ele>1369.4</ele>
   </trkpt>
   <trkpt lat="45.0579200" lon="6.6817500">
    <ele>1369.1</ele>
   </trkpt>
   <trkpt lat="45.0579670" lon="6.6818350">
    <ele>1368.8</ele>
   </trkpt>
   <trkpt lat="45.0580150" lon="6.6819090">
    <ele>1368.5</ele>
   </trkpt>
   <trkpt lat="45.0580670" lon="6.6819560">
    <ele>1368.3</ele>
   </trkpt>
   <trkpt lat="45.0581180" lon="6.6820140">
    <ele>1368.1</ele>
   </trkpt>
   <trkpt lat="45.0581640" lon="6.6820970">
    <ele>1367.9</ele>
   </trkpt>
   <trkpt lat="45.0582100" lon="6.6821770">
    <ele>1367.7</ele>
   </trkpt>
   <trkpt lat="45.0582550" lon="6.6822540">
    <ele>1367.6</ele>
   </trkpt>
   <trkpt lat="45.0582990" lon="6.6823280">
    <ele>1367.5</ele>
   </trkpt>
   <trkpt lat="45.0583420" lon="6.6824040">
    <ele>1367.4</ele>
   </trkpt>
   <trkpt lat="45.0583790" lon="6.6824790">
    <ele>1367.3</ele>
   </trkpt>
   <trkpt lat="45.0584000" lon="6.6825630">
    <ele>1367.3</ele>
   </trkpt>
   <trkpt lat="45.0584090" lon="6.6826520">
    <ele>1367.3</ele>
   </trkpt>
   <trkpt lat="45.0584330" lon="6.6827320">
    <ele>1367.3</ele>
   </trkpt>
   <trkpt lat="45.0584680" lon="6.6827950">
    <ele>1367.4</ele>
   </trkpt>
   <trkpt lat="45.0585160" lon="6.6828300">
    <ele>1367.5</ele>
   </trkpt>
   <trkpt lat="45.0585610" lon="6.6828330">
    <ele>1367.5</ele>
   </trkpt>
   <trkpt lat="45.0586010" lon="6.6828020">
    <ele>1367.5</ele>
   </trkpt>
   <trkpt lat="45.0586390" lon="6.6827650">
    <ele>1367.4</ele>
   </trkpt>
   <trkpt lat="45.0586730" lon="6.6827300">
    <ele>1367.4</ele>
   </trkpt>
   <trkpt lat="45.0587060" lon="6.6826990">
    <ele>1367.3</ele>
   </trkpt>
   <trkpt lat="45.0587350" lon="6.6826700">
    <ele>1367.3</ele>
   </trkpt>
   <trkpt lat="45.0587630" lon="6.6826420">
    <ele>1367.0</ele>
   </trkpt>
   <trkpt lat="45.0587870" lon="6.6826050">
    <ele>1366.8</ele>
   </trkpt>
   <trkpt lat="45.0588060" lon="6.6825480">
    <ele>1366.6</ele>
   </trkpt>
   <trkpt lat="45.0588230" lon="6.6824800">
    <ele>1366.4</ele>
   </trkpt>
   <trkpt lat="45.0588380" lon="6.6824080">
    <ele>1366.2</ele>
   </trkpt>
   <trkpt lat="45.0588500" lon="6.6823410">
    <ele>1366.1</ele>
   </trkpt>
   <trkpt lat="45.0588560" lon="6.6822780">
    <ele>1366.0</ele>
   </trkpt>
   <trkpt lat="45.0588530" lon="6.6822140">
    <ele>1366.0</ele>
   </trkpt>
   <trkpt lat="45.0588440" lon="6.6821530">
    <ele>1365.9</ele>
   </trkpt>
   <trkpt lat="45.0588380" lon="6.6820790">
    <ele>1365.7</ele>
   </trkpt>
   <trkpt lat="45.0588300" lon="6.6820070">
    <ele>1365.6</ele>
   </trkpt>
   <trkpt lat="45.0588320" lon="6.6819500">
    <ele>1365.4</ele>
   </trkpt>
   <trkpt lat="45.0588580" lon="6.6818870">
    <ele>1365.6</ele>
   </trkpt>
   <trkpt lat="45.0588750" lon="6.6818400">
    <ele>1365.7</ele>
   </trkpt>
   <trkpt lat="45.0589030" lon="6.6817960">
    <ele>1365.8</ele>
   </trkpt>
   <trkpt lat="45.0589320" lon="6.6817540">
    <ele>1365.9</ele>
   </trkpt>
   <trkpt lat="45.0589660" lon="6.6817090">
    <ele>1366.1</ele>
   </trkpt>
   <trkpt lat="45.0590040" lon="6.6816560">
    <ele>1366.4</ele>
   </trkpt>
   <trkpt lat="45.0590380" lon="6.6816050">
    <ele>1366.7</ele>
   </trkpt>
   <trkpt lat="45.0590680" lon="6.6815560">
    <ele>1367.0</ele>
   </trkpt>
   <trkpt lat="45.0591020" lon="6.6815110">
    <ele>1367.4</ele>
   </trkpt>
   <trkpt lat="45.0591370" lon="6.6814720">
    <ele>1367.8</ele>
   </trkpt>
   <trkpt lat="45.0592080" lon="6.6814040">
    <ele>1368.6</ele>
   </trkpt>
   <trkpt lat="45.0592480" lon="6.6813750">
    <ele>1369.0</ele>
   </trkpt>
   <trkpt lat="45.0592910" lon="6.6813540">
    <ele>1369.5</ele>
   </trkpt>
   <trkpt lat="45.0593280" lon="6.6813430">
    <ele>1369.8</ele>
   </trkpt>
   <trkpt lat="45.0593610" lon="6.6813330">
    <ele>1370.1</ele>
   </trkpt>
   <trkpt lat="45.0593940" lon="6.6813290">
    <ele>1370.4</ele>
   </trkpt>
   <trkpt lat="45.0594250" lon="6.6813320">
    <ele>1370.6</ele>
   </trkpt>
   <trkpt lat="45.0594680" lon="6.6813390">
    <ele>1370.9</ele>
   </trkpt>
   <trkpt lat="45.0594840" lon="6.6813430">
    <ele>1371.0</ele>
   </trkpt>
   <trkpt lat="45.0595140" lon="6.6813550">
    <ele>1371.2</ele>
   </trkpt>
   <trkpt lat="45.0595480" lon="6.6813710">
    <ele>1371.3</ele>
   </trkpt>
   <trkpt lat="45.0595620" lon="6.6813790">
    <ele>1371.3</ele>
   </trkpt>
   <trkpt lat="45.0595950" lon="6.6813980">
    <ele>1371.4</ele>
   </trkpt>
   <trkpt lat="45.0596050" lon="6.6814050">
    <ele>1371.4</ele>
   </trkpt>
   <trkpt lat="45.0596400" lon="6.6814380">
    <ele>1371.5</ele>
   </trkpt>
   <trkpt lat="45.0596540" lon="6.6814510">
    <ele>1371.6</ele>
   </trkpt>
   <trkpt lat="45.0596830" lon="6.6814720">
    <ele>1371.6</ele>
   </trkpt>
   <trkpt lat="45.0597140" lon="6.6814940">
    <ele>1371.7</ele>
   </trkpt>
   <trkpt lat="45.0597410" lon="6.6815180">
    <ele>1371.8</ele>
   </trkpt>
   <trkpt lat="45.0597710" lon="6.6815400">
    <ele>1371.9</ele>
   </trkpt>
   <trkpt lat="45.0597970" lon="6.6815670">
    <ele>1372.0</ele>
   </trkpt>
   <trkpt lat="45.0598250" lon="6.6815940">
    <ele>1372.1</ele>
   </trkpt>
   <trkpt lat="45.0598540" lon="6.6816220">
    <ele>1372.2</ele>
   </trkpt>
   <trkpt lat="45.0598960" lon="6.6816730">
    <ele>1372.4</ele>
   </trkpt>
   <trkpt lat="45.0599200" lon="6.6816990">
    <ele>1372.5</ele>
   </trkpt>
   <trkpt lat="45.0599460" lon="6.6817310">
    <ele>1372.6</ele>
   </trkpt>
   <trkpt lat="45.0599730" lon="6.6817690">
    <ele>1372.7</ele>
   </trkpt>
   <trkpt lat="45.0599960" lon="6.6817990">
    <ele>1372.8</ele>
   </trkpt>
   <trkpt lat="45.0600200" lon="6.6818300">
    <ele>1372.9</ele>
   </trkpt>
   <trkpt lat="45.0600470" lon="6.6818610">
    <ele>1373.0</ele>
   </trkpt>
   <trkpt lat="45.0600720" lon="6.6818900">
    <ele>1373.1</ele>
   </trkpt>
   <trkpt lat="45.0601010" lon="6.6819180">
    <ele>1373.2</ele>
   </trkpt>
   <trkpt lat="45.0601300" lon="6.6819470">
    <ele>1373.2</ele>
   </trkpt>
   <trkpt lat="45.0601550" lon="6.6819870">
    <ele>1373.3</ele>
   </trkpt>
   <trkpt lat="45.0602050" lon="6.6820660">
    <ele>1373.5</ele>
   </trkpt>
   <trkpt lat="45.0602300" lon="6.6821080">
    <ele>1373.6</ele>
   </trkpt>
   <trkpt lat="45.0602900" lon="6.6821870">
    <ele>1373.8</ele>
   </trkpt>
   <trkpt lat="45.0603210" lon="6.6822250">
    <ele>1373.9</ele>
   </trkpt>
   <trkpt lat="45.0603530" lon="6.6822660">
    <ele>1374.0</ele>
   </trkpt>
   <trkpt lat="45.0603860" lon="6.6823070">
    <ele>1374.0</ele>
   </trkpt>
   <trkpt lat="45.0604180" lon="6.6823510">
    <ele>1374.1</ele>
   </trkpt>
   <trkpt lat="45.0604480" lon="6.6823910">
    <ele>1374.2</ele>
   </trkpt>
   <trkpt lat="45.0604820" lon="6.6824380">
    <ele>1374.3</ele>
   </trkpt>
   <trkpt lat="45.0605130" lon="6.6824820">
    <ele>1374.3</ele>
   </trkpt>
   <trkpt lat="45.0605410" lon="6.6825280">
    <ele>1374.4</ele>
   </trkpt>
   <trkpt lat="45.0605740" lon="6.6825720">
    <ele>1374.4</ele>
   </trkpt>
   <trkpt lat="45.0606090" lon="6.6826210">
    <ele>1374.5</ele>
   </trkpt>
   <trkpt lat="45.0606690" lon="6.6827180">
    <ele>1374.5</ele>
   </trkpt>
   <trkpt lat="45.0606980" lon="6.6827650">
    <ele>1374.6</ele>
   </trkpt>
   <trkpt lat="45.0607270" lon="6.6828170">
    <ele>1374.6</ele>
   </trkpt>
   <trkpt lat="45.0607580" lon="6.6828680">
    <ele>1374.7</ele>
   </trkpt>
   <trkpt lat="45.0607900" lon="6.6829210">
    <ele>1374.7</ele>
   </trkpt>
   <trkpt lat="45.0608220" lon="6.6829710">
    <ele>1374.7</ele>
   </trkpt>
   <trkpt lat="45.0608550" lon="6.6830250">
    <ele>1374.7</ele>
   </trkpt>
   <trkpt lat="45.0608880" lon="6.6830770">
    <ele>1374.7</ele>
   </trkpt>
   <trkpt lat="45.0609220" lon="6.6831330">
    <ele>1374.7</ele>
   </trkpt>
   <trkpt lat="45.0609890" lon="6.6832380">
    <ele>1374.8</ele>
   </trkpt>
   <trkpt lat="45.0610570" lon="6.6833390">
    <ele>1374.9</ele>
   </trkpt>
   <trkpt lat="45.0610890" lon="6.6833890">
    <ele>1374.9</ele>
   </trkpt>
   <trkpt lat="45.0611260" lon="6.6834350">
    <ele>1374.9</ele>
   </trkpt>
   <trkpt lat="45.0611640" lon="6.6834860">
    <ele>1375.0</ele>
   </trkpt>
   <trkpt lat="45.0612010" lon="6.6835300">
    <ele>1375.0</ele>
   </trkpt>
   <trkpt lat="45.0612350" lon="6.6835790">
    <ele>1375.0</ele>
   </trkpt>
   <trkpt lat="45.0612680" lon="6.6836370">
    <ele>1375.0</ele>
   </trkpt>
   <trkpt lat="45.0612990" lon="6.6836960">
    <ele>1375.1</ele>
   </trkpt>
   <trkpt lat="45.0613360" lon="6.6837460">
    <ele>1375.1</ele>
   </trkpt>
   <trkpt lat="45.0613710" lon="6.6837960">
    <ele>1375.1</ele>
   </trkpt>
   <trkpt lat="45.0614050" lon="6.6838500">
    <ele>1375.1</ele>
   </trkpt>
   <trkpt lat="45.0614430" lon="6.6839040">
    <ele>1375.0</ele>
   </trkpt>
   <trkpt lat="45.0615160" lon="6.6840060">
    <ele>1374.8</ele>
   </trkpt>
   <trkpt lat="45.0615510" lon="6.6840620">
    <ele>1374.8</ele>
   </trkpt>
   <trkpt lat="45.0615900" lon="6.6841130">
    <ele>1374.7</ele>
   </trkpt>
   <trkpt lat="45.0616260" lon="6.6841710">
    <ele>1374.6</ele>
   </trkpt>
   <trkpt lat="45.0616660" lon="6.6842250">
    <ele>1374.6</ele>
   </trkpt>
   <trkpt lat="45.0617040" lon="6.6842850">
    <ele>1374.5</ele>
   </trkpt>
   <trkpt lat="45.0617410" lon="6.6843460">
    <ele>1374.4</ele>
   </trkpt>
   <trkpt lat="45.0617760" lon="6.6844030">
    <ele>1374.3</ele>
   </trkpt>
   <trkpt lat="45.0618160" lon="6.6844590">
    <ele>1374.2</ele>
   </trkpt>
   <trkpt lat="45.0618580" lon="6.6845160">
    <ele>1374.1</ele>
   </trkpt>
   <trkpt lat="45.0619020" lon="6.6845780">
    <ele>1374.0</ele>
   </trkpt>
   <trkpt lat="45.0619450" lon="6.6846390">
    <ele>1373.9</ele>
   </trkpt>
   <trkpt lat="45.0619840" lon="6.6847060">
    <ele>1373.8</ele>
   </trkpt>
   <trkpt lat="45.0620240" lon="6.6847670">
    <ele>1373.6</ele>
   </trkpt>
   <trkpt lat="45.0620640" lon="6.6848320">
    <ele>1373.5</ele>
   </trkpt>
   <trkpt lat="45.0621100" lon="6.6848970">
    <ele>1373.4</ele>
   </trkpt>
   <trkpt lat="45.0621550" lon="6.6849670">
    <ele>1373.2</ele>
   </trkpt>
   <trkpt lat="45.0622030" lon="6.6850370">
    <ele>1373.0</ele>
   </trkpt>
   <trkpt lat="45.0622520" lon="6.6851070">
    <ele>1372.9</ele>
   </trkpt>
   <trkpt lat="45.0622980" lon="6.6851760">
    <ele>1372.7</ele>
   </trkpt>
   <trkpt lat="45.0623440" lon="6.6852430">
    <ele>1372.5</ele>
   </trkpt>
   <trkpt lat="45.0623910" lon="6.6853130">
    <ele>1372.3</ele>
   </trkpt>
   <trkpt lat="45.0624410" lon="6.6853820">
    <ele>1372.1</ele>
   </trkpt>
   <trkpt lat="45.0624890" lon="6.6854490">
    <ele>1371.9</ele>
   </trkpt>
   <trkpt lat="45.0625360" lon="6.6855180">
    <ele>1371.7</ele>
   </trkpt>
   <trkpt lat="45.0625870" lon="6.6855860">
    <ele>1371.5</ele>
   </trkpt>
   <trkpt lat="45.0626340" lon="6.6856590">
    <ele>1371.3</ele>
   </trkpt>
   <trkpt lat="45.0626820" lon="6.6857320">
    <ele>1371.1</ele>
   </trkpt>
   <trkpt lat="45.0627300" lon="6.6858070">
    <ele>1370.8</ele>
   </trkpt>
   <trkpt lat="45.0627820" lon="6.6858810">
    <ele>1370.6</ele>
   </trkpt>
   <trkpt lat="45.0628340" lon="6.6859520">
    <ele>1370.5</ele>
   </trkpt>
   <trkpt lat="45.0628830" lon="6.6860240">
    <ele>1370.3</ele>
   </trkpt>
   <trkpt lat="45.0629300" lon="6.6861010">
    <ele>1370.1</ele>
   </trkpt>
   <trkpt lat="45.0629860" lon="6.6861760">
    <ele>1370.0</ele>
   </trkpt>
   <trkpt lat="45.0630820" lon="6.6863230">
    <ele>1369.6</ele>
   </trkpt>
   <trkpt lat="45.0631330" lon="6.6864020">
    <ele>1369.4</ele>
   </trkpt>
   <trkpt lat="45.0631850" lon="6.6864800">
    <ele>1369.3</ele>
   </trkpt>
   <trkpt lat="45.0632430" lon="6.6865500">
    <ele>1369.0</ele>
   </trkpt>
   <trkpt lat="45.0633070" lon="6.6866150">
    <ele>1368.7</ele>
   </trkpt>
   <trkpt lat="45.0633720" lon="6.6866830">
    <ele>1368.3</ele>
   </trkpt>
   <trkpt lat="45.0634380" lon="6.6867460">
    <ele>1367.9</ele>
   </trkpt>
   <trkpt lat="45.0635060" lon="6.6868010">
    <ele>1367.5</ele>
   </trkpt>
   <trkpt lat="45.0635760" lon="6.6868510">
    <ele>1367.2</ele>
   </trkpt>
   <trkpt lat="45.0636490" lon="6.6869020">
    <ele>1367.0</ele>
   </trkpt>
   <trkpt lat="45.0637190" lon="6.6869570">
    <ele>1366.8</ele>
   </trkpt>
   <trkpt lat="45.0637900" lon="6.6870040">
    <ele>1366.4</ele>
   </trkpt>
   <trkpt lat="45.0638630" lon="6.6870480">
    <ele>1365.9</ele>
   </trkpt>
   <trkpt lat="45.0639420" lon="6.6870850">
    <ele>1365.5</ele>
   </trkpt>
   <trkpt lat="45.0640240" lon="6.6871060">
    <ele>1365.0</ele>
   </trkpt>
   <trkpt lat="45.0641040" lon="6.6871220">
    <ele>1364.4</ele>
   </trkpt>
   <trkpt lat="45.0641850" lon="6.6871340">
    <ele>1363.9</ele>
   </trkpt>
   <trkpt lat="45.0642650" lon="6.6871450">
    <ele>1363.3</ele>
   </trkpt>
   <trkpt lat="45.0643420" lon="6.6871560">
    <ele>1362.8</ele>
   </trkpt>
   <trkpt lat="45.0644240" lon="6.6871630">
    <ele>1362.2</ele>
   </trkpt>
   <trkpt lat="45.0645090" lon="6.6871760">
    <ele>1361.6</ele>
   </trkpt>
   <trkpt lat="45.0646010" lon="6.6871820">
    <ele>1360.9</ele>
   </trkpt>
   <trkpt lat="45.0646910" lon="6.6871860">
    <ele>1360.3</ele>
   </trkpt>
   <trkpt lat="45.0647850" lon="6.6871860">
    <ele>1359.6</ele>
   </trkpt>
   <trkpt lat="45.0649520" lon="6.6871890">
    <ele>1358.5</ele>
   </trkpt>
   <trkpt lat="45.0650350" lon="6.6872030">
    <ele>1358.0</ele>
   </trkpt>
   <trkpt lat="45.0651190" lon="6.6872140">
    <ele>1357.5</ele>
   </trkpt>
   <trkpt lat="45.0652000" lon="6.6872180">
    <ele>1357.1</ele>
   </trkpt>
   <trkpt lat="45.0652820" lon="6.6872260">
    <ele>1356.7</ele>
   </trkpt>
   <trkpt lat="45.0653700" lon="6.6872350">
    <ele>1356.2</ele>
   </trkpt>
   <trkpt lat="45.0654600" lon="6.6872450">
    <ele>1355.7</ele>
   </trkpt>
   <trkpt lat="45.0655520" lon="6.6872510">
    <ele>1355.2</ele>
   </trkpt>
   <trkpt lat="45.0656460" lon="6.6872610">
    <ele>1354.7</ele>
   </trkpt>
   <trkpt lat="45.0657410" lon="6.6872780">
    <ele>1354.1</ele>
   </trkpt>
   <trkpt lat="45.0658410" lon="6.6873120">
    <ele>1353.5</ele>
   </trkpt>
   <trkpt lat="45.0659380" lon="6.6873730">
    <ele>1352.8</ele>
   </trkpt>
   <trkpt lat="45.0660230" lon="6.6874540">
    <ele>1352.2</ele>
   </trkpt>
   <trkpt lat="45.0661090" lon="6.6875340">
    <ele>1351.6</ele>
   </trkpt>
   <trkpt lat="45.0661910" lon="6.6876150">
    <ele>1350.9</ele>
   </trkpt>
   <trkpt lat="45.0662630" lon="6.6877120">
    <ele>1350.2</ele>
   </trkpt>
   <trkpt lat="45.0663310" lon="6.6878240">
    <ele>1349.4</ele>
   </trkpt>
   <trkpt lat="45.0664030" lon="6.6879360">
    <ele>1348.7</ele>
   </trkpt>
   <trkpt lat="45.0664780" lon="6.6880450">
    <ele>1347.9</ele>
   </trkpt>
   <trkpt lat="45.0665540" lon="6.6881580">
    <ele>1347.2</ele>
   </trkpt>
   <trkpt lat="45.0666330" lon="6.6882670">
    <ele>1346.4</ele>
   </trkpt>
   <trkpt lat="45.0667160" lon="6.6883830">
    <ele>1345.7</ele>
   </trkpt>
   <trkpt lat="45.0668770" lon="6.6886160">
    <ele>1344.1</ele>
   </trkpt>
   <trkpt lat="45.0669640" lon="6.6887380">
    <ele>1343.2</ele>
   </trkpt>
   <trkpt lat="45.0670510" lon="6.6888630">
    <ele>1342.3</ele>
   </trkpt>
   <trkpt lat="45.0671340" lon="6.6889860">
    <ele>1341.4</ele>
   </trkpt>
   <trkpt lat="45.0672100" lon="6.6890900">
    <ele>1340.6</ele>
   </trkpt>
   <trkpt lat="45.0672820" lon="6.6891850">
    <ele>1339.9</ele>
   </trkpt>
   <trkpt lat="45.0673600" lon="6.6892800">
    <ele>1339.2</ele>
   </trkpt>
   <trkpt lat="45.0674330" lon="6.6893740">
    <ele>1338.5</ele>
   </trkpt>
   <trkpt lat="45.0675080" lon="6.6894610">
    <ele>1337.9</ele>
   </trkpt>
   <trkpt lat="45.0675960" lon="6.6895350">
    <ele>1337.8</ele>
   </trkpt>
   <trkpt lat="45.0676860" lon="6.6895900">
    <ele>1337.0</ele>
   </trkpt>
   <trkpt lat="45.0677830" lon="6.6896350">
    <ele>1336.2</ele>
   </trkpt>
   <trkpt lat="45.0678820" lon="6.6896720">
    <ele>1335.4</ele>
   </trkpt>
   <trkpt lat="45.0679820" lon="6.6897030">
    <ele>1334.6</ele>
   </trkpt>
   <trkpt lat="45.0680830" lon="6.6897310">
    <ele>1333.8</ele>
   </trkpt>
   <trkpt lat="45.0681890" lon="6.6897530">
    <ele>1332.8</ele>
   </trkpt>
   <trkpt lat="45.0683000" lon="6.6897700">
    <ele>1331.8</ele>
   </trkpt>
   <trkpt lat="45.0684090" lon="6.6897850">
    <ele>1330.9</ele>
   </trkpt>
   <trkpt lat="45.0685180" lon="6.6897980">
    <ele>1329.9</ele>
   </trkpt>
   <trkpt lat="45.0686280" lon="6.6898090">
    <ele>1328.9</ele>
   </trkpt>
   <trkpt lat="45.0687380" lon="6.6898220">
    <ele>1327.9</ele>
   </trkpt>
   <trkpt lat="45.0688480" lon="6.6898360">
    <ele>1327.0</ele>
   </trkpt>
   <trkpt lat="45.0689620" lon="6.6898500">
    <ele>1326.0</ele>
   </trkpt>
   <trkpt lat="45.0690740" lon="6.6898660">
    <ele>1325.0</ele>
   </trkpt>
   <trkpt lat="45.0691940" lon="6.6898840">
    <ele>1323.9</ele>
   </trkpt>
   <trkpt lat="45.0693210" lon="6.6899050">
    <ele>1322.7</ele>
   </trkpt>
   <trkpt lat="45.0694460" lon="6.6899300">
    <ele>1321.5</ele>
   </trkpt>
   <trkpt lat="45.0695760" lon="6.6899580">
    <ele>1320.3</ele>
   </trkpt>
   <trkpt lat="45.0697050" lon="6.6899840">
    <ele>1319.1</ele>
   </trkpt>
   <trkpt lat="45.0698320" lon="6.6900140">
    <ele>1317.9</ele>
   </trkpt>
   <trkpt lat="45.0699650" lon="6.6900540">
    <ele>1316.5</ele>
   </trkpt>
   <trkpt lat="45.0700970" lon="6.6901010">
    <ele>1315.2</ele>
   </trkpt>
   <trkpt lat="45.0702330" lon="6.6901750">
    <ele>1313.8</ele>
   </trkpt>
   <trkpt lat="45.0703630" lon="6.6902740">
    <ele>1312.3</ele>
   </trkpt>
   <trkpt lat="45.0704820" lon="6.6903910">
    <ele>1311.0</ele>
   </trkpt>
   <trkpt lat="45.0705820" lon="6.6904870">
    <ele>1309.9</ele>
   </trkpt>
   <trkpt lat="45.0706700" lon="6.6905830">
    <ele>1308.9</ele>
   </trkpt>
   <trkpt lat="45.0707500" lon="6.6906820">
    <ele>1308.0</ele>
   </trkpt>
   <trkpt lat="45.0708200" lon="6.6907940">
    <ele>1307.1</ele>
   </trkpt>
   <trkpt lat="45.0708880" lon="6.6908990">
    <ele>1306.3</ele>
   </trkpt>
   <trkpt lat="45.0709500" lon="6.6909970">
    <ele>1305.7</ele>
   </trkpt>
   <trkpt lat="45.0710060" lon="6.6910890">
    <ele>1305.1</ele>
   </trkpt>
   <trkpt lat="45.0710480" lon="6.6911790">
    <ele>1304.6</ele>
   </trkpt>
   <trkpt lat="45.0710850" lon="6.6912730">
    <ele>1304.2</ele>
   </trkpt>
   <trkpt lat="45.0711170" lon="6.6913760">
    <ele>1304.1</ele>
   </trkpt>
   <trkpt lat="45.0711460" lon="6.6914820">
    <ele>1303.6</ele>
   </trkpt>
   <trkpt lat="45.0711750" lon="6.6915800">
    <ele>1302.7</ele>
   </trkpt>
   <trkpt lat="45.0712080" lon="6.6916880">
    <ele>1301.9</ele>
   </trkpt>
   <trkpt lat="45.0712350" lon="6.6918070">
    <ele>1301.2</ele>
   </trkpt>
   <trkpt lat="45.0712600" lon="6.6919260">
    <ele>1300.5</ele>
   </trkpt>
   <trkpt lat="45.0712750" lon="6.6920380">
    <ele>1299.7</ele>
   </trkpt>
   <trkpt lat="45.0712820" lon="6.6921470">
    <ele>1299.0</ele>
   </trkpt>
   <trkpt lat="45.0712890" lon="6.6922570">
    <ele>1298.3</ele>
   </trkpt>
   <trkpt lat="45.0712920" lon="6.6923710">
    <ele>1297.5</ele>
   </trkpt>
   <trkpt lat="45.0712900" lon="6.6924910">
    <ele>1296.7</ele>
   </trkpt>
   <trkpt lat="45.0712840" lon="6.6926150">
    <ele>1295.9</ele>
   </trkpt>
   <trkpt lat="45.0712790" lon="6.6927450">
    <ele>1295.1</ele>
   </trkpt>
   <trkpt lat="45.0712710" lon="6.6928770">
    <ele>1294.2</ele>
   </trkpt>
   <trkpt lat="45.0712590" lon="6.6930120">
    <ele>1293.3</ele>
   </trkpt>
   <trkpt lat="45.0712510" lon="6.6931450">
    <ele>1292.4</ele>
   </trkpt>
   <trkpt lat="45.0712430" lon="6.6932700">
    <ele>1291.5</ele>
   </trkpt>
   <trkpt lat="45.0712370" lon="6.6933860">
    <ele>1290.8</ele>
   </trkpt>
   <trkpt lat="45.0712300" lon="6.6934950">
    <ele>1290.1</ele>
   </trkpt>
   <trkpt lat="45.0712220" lon="6.6936050">
    <ele>1289.3</ele>
   </trkpt>
   <trkpt lat="45.0712160" lon="6.6937100">
    <ele>1288.6</ele>
   </trkpt>
   <trkpt lat="45.0712060" lon="6.6938180">
    <ele>1287.9</ele>
   </trkpt>
   <trkpt lat="45.0711990" lon="6.6939330">
    <ele>1287.1</ele>
   </trkpt>
   <trkpt lat="45.0711890" lon="6.6940480">
    <ele>1286.5</ele>
   </trkpt>
   <trkpt lat="45.0711820" lon="6.6941670">
    <ele>1285.8</ele>
   </trkpt>
   <trkpt lat="45.0711770" lon="6.6942760">
    <ele>1285.3</ele>
   </trkpt>
   <trkpt lat="45.0711690" lon="6.6943870">
    <ele>1284.8</ele>
   </trkpt>
   <trkpt lat="45.0711630" lon="6.6944990">
    <ele>1284.3</ele>
   </trkpt>
   <trkpt lat="45.0711570" lon="6.6946140">
    <ele>1283.8</ele>
   </trkpt>
   <trkpt lat="45.0711580" lon="6.6948240">
    <ele>1283.6</ele>
   </trkpt>
   <trkpt lat="45.0711630" lon="6.6949370">
    <ele>1283.6</ele>
   </trkpt>
   <trkpt lat="45.0711730" lon="6.6950440">
    <ele>1283.6</ele>
   </trkpt>
   <trkpt lat="45.0711900" lon="6.6951500">
    <ele>1283.5</ele>
   </trkpt>
   <trkpt lat="45.0712200" lon="6.6952510">
    <ele>1283.3</ele>
   </trkpt>
   <trkpt lat="45.0712520" lon="6.6953560">
    <ele>1283.1</ele>
   </trkpt>
   <trkpt lat="45.0712850" lon="6.6954550">
    <ele>1283.0</ele>
   </trkpt>
   <trkpt lat="45.0713290" lon="6.6955420">
    <ele>1282.9</ele>
   </trkpt>
   <trkpt lat="45.0713770" lon="6.6956290">
    <ele>1282.8</ele>
   </trkpt>
   <trkpt lat="45.0714250" lon="6.6957140">
    <ele>1282.8</ele>
   </trkpt>
   <trkpt lat="45.0714770" lon="6.6958030">
    <ele>1282.7</ele>
   </trkpt>
   <trkpt lat="45.0715680" lon="6.6959390">
    <ele>1282.7</ele>
   </trkpt>
   <trkpt lat="45.0715920" lon="6.6959740">
    <ele>1282.7</ele>
   </trkpt>
   <trkpt lat="45.0716020" lon="6.6959790">
    <ele>1282.7</ele>
   </trkpt>
   <trkpt lat="45.0716060" lon="6.6959810">
    <ele>1282.7</ele>
   </trkpt>
   <trkpt lat="45.0716090" lon="6.6959830">
    <ele>1282.7</ele>
   </trkpt>
   <trkpt lat="45.0716130" lon="6.6959850">
    <ele>1282.7</ele>
   </trkpt>
   <trkpt lat="45.0716170" lon="6.6959870">
    <ele>1282.7</ele>
   </trkpt>
   <trkpt lat="45.0716210" lon="6.6959890">
    <ele>1282.7</ele>
   </trkpt>
   <trkpt lat="45.0716240" lon="6.6959910">
    <ele>1282.7</ele>
   </trkpt>
   <trkpt lat="45.0716280" lon="6.6959930">
    <ele>1282.7</ele>
   </trkpt>
   <trkpt lat="45.0716320" lon="6.6959950">
    <ele>1282.7</ele>
   </trkpt>
   <trkpt lat="45.0716360" lon="6.6959980">
    <ele>1282.7</ele>
   </trkpt>
   <trkpt lat="45.0716400" lon="6.6960000">
    <ele>1282.7</ele>
   </trkpt>
   <trkpt lat="45.0716430" lon="6.6960020">
    <ele>1282.7</ele>
   </trkpt>
   <trkpt lat="45.0716470" lon="6.6960040">
    <ele>1282.7</ele>
   </trkpt>
   <trkpt lat="45.0716510" lon="6.6960060">
    <ele>1282.7</ele>
   </trkpt>
   <trkpt lat="45.0716550" lon="6.6960080">
    <ele>1282.7</ele>
   </trkpt>
   <trkpt lat="45.0716580" lon="6.6960100">
    <ele>1282.7</ele>
   </trkpt>
   <trkpt lat="45.0716620" lon="6.6960120">
    <ele>1282.7</ele>
   </trkpt>
   <trkpt lat="45.0716660" lon="6.6960140">
    <ele>1282.7</ele>
   </trkpt>
   <trkpt lat="45.0716950" lon="6.6960480">
    <ele>1282.7</ele>
   </trkpt>
   <trkpt lat="45.0717040" lon="6.6960590">
    <ele>1282.7</ele>
   </trkpt>
   <trkpt lat="45.0717270" lon="6.6961020">
    <ele>1282.7</ele>
   </trkpt>
   <trkpt lat="45.0717310" lon="6.6961170">
    <ele>1282.6</ele>
   </trkpt>
   <trkpt lat="45.0717310" lon="6.6961890">
    <ele>1282.6</ele>
   </trkpt>
   <trkpt lat="45.0717260" lon="6.6962400">
    <ele>1282.5</ele>
   </trkpt>
   <trkpt lat="45.0717210" lon="6.6962560">
    <ele>1282.5</ele>
   </trkpt>
   <trkpt lat="45.0716980" lon="6.6962890">
    <ele>1282.5</ele>
   </trkpt>
   <trkpt lat="45.0716910" lon="6.6962960">
    <ele>1282.5</ele>
   </trkpt>
   <trkpt lat="45.0716950" lon="6.6963320">
    <ele>1282.5</ele>
   </trkpt>
   <trkpt lat="45.0716980" lon="6.6963490">
    <ele>1282.5</ele>
   </trkpt>
   <trkpt lat="45.0717170" lon="6.6963920">
    <ele>1282.5</ele>
   </trkpt>
   <trkpt lat="45.0717210" lon="6.6964050">
    <ele>1282.5</ele>
   </trkpt>
   <trkpt lat="45.0717220" lon="6.6964310">
    <ele>1282.5</ele>
   </trkpt>
   <trkpt lat="45.0717130" lon="6.6964460">
    <ele>1282.5</ele>
   </trkpt>
   <trkpt lat="45.0716980" lon="6.6964550">
    <ele>1282.5</ele>
   </trkpt>
   <trkpt lat="45.0716990" lon="6.6964520">
    <ele>1282.5</ele>
   </trkpt>
   <trkpt lat="45.0716990" lon="6.6964500">
    <ele>1282.5</ele>
   </trkpt>
   <trkpt lat="45.0717000" lon="6.6964480">
    <ele>1282.5</ele>
   </trkpt>
   <trkpt lat="45.0717000" lon="6.6964450">
    <ele>1282.5</ele>
   </trkpt>
   <trkpt lat="45.0717000" lon="6.6964430">
    <ele>1282.5</ele>
   </trkpt>
   <trkpt lat="45.0717010" lon="6.6964410">
    <ele>1282.5</ele>
   </trkpt>
   <trkpt lat="45.0717010" lon="6.6964390">
    <ele>1282.5</ele>
   </trkpt>
   <trkpt lat="45.0717010" lon="6.6964360">
    <ele>1282.5</ele>
   </trkpt>
   <trkpt lat="45.0717020" lon="6.6964340">
    <ele>1282.5</ele>
   </trkpt>
   <trkpt lat="45.0717020" lon="6.6964320">
    <ele>1282.5</ele>
   </trkpt>
   <trkpt lat="45.0717030" lon="6.6964290">
    <ele>1282.5</ele>
   </trkpt>
   <trkpt lat="45.0717030" lon="6.6964270">
    <ele>1282.5</ele>
   </trkpt>
   <trkpt lat="45.0717030" lon="6.6964250">
    <ele>1282.5</ele>
   </trkpt>
   <trkpt lat="45.0717040" lon="6.6964220">
    <ele>1282.5</ele>
   </trkpt>
   <trkpt lat="45.0717040" lon="6.6964200">
    <ele>1282.5</ele>
   </trkpt>
   <trkpt lat="45.0717040" lon="6.6964180">
    <ele>1282.5</ele>
   </trkpt>
   <trkpt lat="45.0717050" lon="6.6964150">
    <ele>1282.5</ele>
   </trkpt>
   <trkpt lat="45.0717050" lon="6.6964130">
    <ele>1282.5</ele>
   </trkpt>
   <trkpt lat="45.0717060" lon="6.6964110">
    <ele>1282.5</ele>
   </trkpt>
   <trkpt lat="45.0717060" lon="6.6964080">
    <ele>1282.5</ele>
   </trkpt>
   <trkpt lat="45.0717060" lon="6.6964060">
    <ele>1282.5</ele>
   </trkpt>
   <trkpt lat="45.0717070" lon="6.6964040">
    <ele>1282.5</ele>
   </trkpt>
   <trkpt lat="45.0717070" lon="6.6964020">
    <ele>1282.5</ele>
   </trkpt>
   <trkpt lat="45.0717070" lon="6.6963990">
    <ele>1282.5</ele>
   </trkpt>
   <trkpt lat="45.0717080" lon="6.6963970">
    <ele>1282.5</ele>
   </trkpt>
   <trkpt lat="45.0717080" lon="6.6963950">
    <ele>1282.5</ele>
   </trkpt>
   <trkpt lat="45.0717090" lon="6.6963920">
    <ele>1282.5</ele>
   </trkpt>
   <trkpt lat="45.0717090" lon="6.6963900">
    <ele>1282.5</ele>
   </trkpt>
   <trkpt lat="45.0717090" lon="6.6963880">
    <ele>1282.5</ele>
   </trkpt>
   <trkpt lat="45.0717100" lon="6.6963850">
    <ele>1282.5</ele>
   </trkpt>
   <trkpt lat="45.0717100" lon="6.6963830">
    <ele>1282.5</ele>
   </trkpt>
   <trkpt lat="45.0717030" lon="6.6963710">
    <ele>1282.5</ele>
   </trkpt>
   <trkpt lat="45.0717030" lon="6.6963760">
    <ele>1282.5</ele>
   </trkpt>
   <trkpt lat="45.0717040" lon="6.6963800">
    <ele>1282.5</ele>
   </trkpt>
   <trkpt lat="45.0717050" lon="6.6963810">
    <ele>1282.5</ele>
   </trkpt>
   <trkpt lat="45.0717070" lon="6.6963720">
    <ele>1282.5</ele>
   </trkpt>
   <trkpt lat="45.0717080" lon="6.6963650">
    <ele>1282.5</ele>
   </trkpt>
   <trkpt lat="45.0717070" lon="6.6963590">
    <ele>1282.5</ele>
   </trkpt>
   <trkpt lat="45.0717000" lon="6.6963590">
    <ele>1282.5</ele>
   </trkpt>
   <trkpt lat="45.0716920" lon="6.6963480">
    <ele>1282.5</ele>
   </trkpt>
   <trkpt lat="45.0716900" lon="6.6963450">
    <ele>1282.5</ele>
   </trkpt>
   <trkpt lat="45.0716890" lon="6.6963450">
    <ele>1282.5</ele>
   </trkpt>
   <trkpt lat="45.0716890" lon="6.6963440">
    <ele>1282.5</ele>
   </trkpt>
   <trkpt lat="45.0716890" lon="6.6963450">
    <ele>1282.5</ele>
   </trkpt>
   <trkpt lat="45.0716890" lon="6.6963450">
    <ele>1282.5</ele>
   </trkpt>
   <trkpt lat="45.0716890" lon="6.6963450">
    <ele>1282.5</ele>
   </trkpt>
   <trkpt lat="45.0716890" lon="6.6963450">
    <ele>1282.5</ele>
   </trkpt>
   <trkpt lat="45.0716890" lon="6.6963450">
    <ele>1282.5</ele>
   </trkpt>
   <trkpt lat="45.0716890" lon="6.6963450">
    <ele>1282.5</ele>
   </trkpt>
   <trkpt lat="45.0716890" lon="6.6963450">
    <ele>1282.5</ele>
   </trkpt>
   <trkpt lat="45.0716890" lon="6.6963450">
    <ele>1282.5</ele>
   </trkpt>
   <trkpt lat="45.0716890" lon="6.6963460">
    <ele>1282.5</ele>
   </trkpt>
   <trkpt lat="45.0717120" lon="6.6963770">
    <ele>1282.5</ele>
   </trkpt>
   <trkpt lat="45.0717140" lon="6.6963780">
    <ele>1282.5</ele>
   </trkpt>
   <trkpt lat="45.0717150" lon="6.6963800">
    <ele>1282.5</ele>
   </trkpt>
   <trkpt lat="45.0717170" lon="6.6963790">
    <ele>1282.5</ele>
   </trkpt>
   <trkpt lat="45.0717170" lon="6.6963790">
    <ele>1282.5</ele>
   </trkpt>
   <trkpt lat="45.0717170" lon="6.6963790">
    <ele>1282.5</ele>
   </trkpt>
   <trkpt lat="45.0717170" lon="6.6963790">
    <ele>1282.5</ele>
   </trkpt>
   <trkpt lat="45.0717170" lon="6.6963790">
    <ele>1282.5</ele>
   </trkpt>
   <trkpt lat="45.0717170" lon="6.6963790">
    <ele>1282.5</ele>
   </trkpt>
   <trkpt lat="45.0717170" lon="6.6963790">
    <ele>1282.5</ele>
   </trkpt>
   <trkpt lat="45.0717170" lon="6.6963790">
    <ele>1282.5</ele>
   </trkpt>
   <trkpt lat="45.0717170" lon="6.6963790">
    <ele>1282.5</ele>
   </trkpt>
   <trkpt lat="45.0717080" lon="6.6964200">
    <ele>1282.5</ele>
   </trkpt>
   <trkpt lat="45.0717010" lon="6.6964250">
    <ele>1282.5</ele>
   </trkpt>
   <trkpt lat="45.0716930" lon="6.6964240">
    <ele>1282.5</ele>
   </trkpt>
   <trkpt lat="45.0716870" lon="6.6964150">
    <ele>1282.5</ele>
   </trkpt>
   <trkpt lat="45.0716850" lon="6.6963970">
    <ele>1282.5</ele>
   </trkpt>
   <trkpt lat="45.0716790" lon="6.6963860">
    <ele>1282.5</ele>
   </trkpt>
   <trkpt lat="45.0716760" lon="6.6963820">
    <ele>1282.5</ele>
   </trkpt>
   <trkpt lat="45.0716770" lon="6.6963880">
    <ele>1282.5</ele>
   </trkpt>
   <trkpt lat="45.0716810" lon="6.6963970">
    <ele>1282.5</ele>
   </trkpt>
   <trkpt lat="45.0716850" lon="6.6964060">
    <ele>1282.5</ele>
   </trkpt>
   <trkpt lat="45.0716820" lon="6.6964180">
    <ele>1282.5</ele>
   </trkpt>
   <trkpt lat="45.0716760" lon="6.6964330">
    <ele>1282.5</ele>
   </trkpt>
   <trkpt lat="45.0716740" lon="6.6964420">
    <ele>1282.5</ele>
   </trkpt>
   <trkpt lat="45.0716730" lon="6.6964460">
    <ele>1282.5</ele>
   </trkpt>
   <trkpt lat="45.0716730" lon="6.6964480">
    <ele>1282.5</ele>
   </trkpt>
   <trkpt lat="45.0716730" lon="6.6964490">
    <ele>1282.5</ele>
   </trkpt>
   <trkpt lat="45.0716730" lon="6.6964490">
    <ele>1282.5</ele>
   </trkpt>
   <trkpt lat="45.0716730" lon="6.6964490">
    <ele>1282.5</ele>
   </trkpt>
   <trkpt lat="45.0716730" lon="6.6964490">
    <ele>1282.5</ele>
   </trkpt>
   <trkpt lat="45.0716730" lon="6.6964490">
    <ele>1282.5</ele>
   </trkpt>
   <trkpt lat="45.0716730" lon="6.6964490">
    <ele>1282.5</ele>
   </trkpt>
   <trkpt lat="45.0716730" lon="6.6964490">
    <ele>1282.5</ele>
   </trkpt>
   <trkpt lat="45.0716930" lon="6.6963830">
    <ele>1282.5</ele>
   </trkpt>
   <trkpt lat="45.0716990" lon="6.6963640">
    <ele>1282.5</ele>
   </trkpt>
   <trkpt lat="45.0717000" lon="6.6963650">
    <ele>1282.5</ele>
   </trkpt>
   <trkpt lat="45.0717010" lon="6.6963610">
    <ele>1282.5</ele>
   </trkpt>
   <trkpt lat="45.0717050" lon="6.6963460">
    <ele>1282.5</ele>
   </trkpt>
   <trkpt lat="45.0717270" lon="6.6963150">
    <ele>1282.5</ele>
   </trkpt>
   <trkpt lat="45.0717660" lon="6.6963140">
    <ele>1282.5</ele>
   </trkpt>
   <trkpt lat="45.0717780" lon="6.6963190">
    <ele>1282.5</ele>
   </trkpt>
   <trkpt lat="45.0718180" lon="6.6963350">
    <ele>1282.5</ele>
   </trkpt>
   <trkpt lat="45.0718940" lon="6.6963830">
    <ele>1282.6</ele>
   </trkpt>
   <trkpt lat="45.0719180" lon="6.6964270">
    <ele>1282.6</ele>
   </trkpt>
   <trkpt lat="45.0719400" lon="6.6964810">
    <ele>1282.6</ele>
   </trkpt>
   <trkpt lat="45.0719660" lon="6.6965420">
    <ele>1282.5</ele>
   </trkpt>
   <trkpt lat="45.0719890" lon="6.6966120">
    <ele>1282.5</ele>
   </trkpt>
   <trkpt lat="45.0720090" lon="6.6966850">
    <ele>1282.5</ele>
   </trkpt>
   <trkpt lat="45.0720260" lon="6.6967560">
    <ele>1282.5</ele>
   </trkpt>
   <trkpt lat="45.0720470" lon="6.6968210">
    <ele>1282.5</ele>
   </trkpt>
   <trkpt lat="45.0720720" lon="6.6968890">
    <ele>1282.5</ele>
   </trkpt>
   <trkpt lat="45.0721000" lon="6.6969560">
    <ele>1282.4</ele>
   </trkpt>
   <trkpt lat="45.0721240" lon="6.6970280">
    <ele>1282.4</ele>
   </trkpt>
   <trkpt lat="45.0721460" lon="6.6971050">
    <ele>1282.4</ele>
   </trkpt>
   <trkpt lat="45.0721670" lon="6.6971870">
    <ele>1282.3</ele>
   </trkpt>
   <trkpt lat="45.0721810" lon="6.6972660">
    <ele>1282.2</ele>
   </trkpt>
   <trkpt lat="45.0722010" lon="6.6973450">
    <ele>1282.1</ele>
   </trkpt>
   <trkpt lat="45.0722200" lon="6.6974280">
    <ele>1282.0</ele>
   </trkpt>
   <trkpt lat="45.0722360" lon="6.6975100">
    <ele>1281.9</ele>
   </trkpt>
   <trkpt lat="45.0722510" lon="6.6975920">
    <ele>1281.7</ele>
   </trkpt>
   <trkpt lat="45.0722690" lon="6.6976740">
    <ele>1281.6</ele>
   </trkpt>
   <trkpt lat="45.0722910" lon="6.6977560">
    <ele>1281.4</ele>
   </trkpt>
   <trkpt lat="45.0723120" lon="6.6978430">
    <ele>1281.2</ele>
   </trkpt>
   <trkpt lat="45.0723310" lon="6.6979280">
    <ele>1281.0</ele>
   </trkpt>
   <trkpt lat="45.0723500" lon="6.6980180">
    <ele>1280.8</ele>
   </trkpt>
   <trkpt lat="45.0723710" lon="6.6981150">
    <ele>1280.6</ele>
   </trkpt>
   <trkpt lat="45.0723910" lon="6.6982150">
    <ele>1280.4</ele>
   </trkpt>
   <trkpt lat="45.0724130" lon="6.6983170">
    <ele>1280.0</ele>
   </trkpt>
   <trkpt lat="45.0724350" lon="6.6984190">
    <ele>1279.7</ele>
   </trkpt>
   <trkpt lat="45.0724570" lon="6.6985220">
    <ele>1279.4</ele>
   </trkpt>
   <trkpt lat="45.0724800" lon="6.6986310">
    <ele>1279.0</ele>
   </trkpt>
   <trkpt lat="45.0725010" lon="6.6987450">
    <ele>1278.7</ele>
   </trkpt>
   <trkpt lat="45.0725240" lon="6.6988650">
    <ele>1278.4</ele>
   </trkpt>
   <trkpt lat="45.0725460" lon="6.6989880">
    <ele>1278.0</ele>
   </trkpt>
   <trkpt lat="45.0725710" lon="6.6991080">
    <ele>1277.7</ele>
   </trkpt>
   <trkpt lat="45.0725920" lon="6.6992200">
    <ele>1277.5</ele>
   </trkpt>
   <trkpt lat="45.0726150" lon="6.6993310">
    <ele>1277.3</ele>
   </trkpt>
   <trkpt lat="45.0726340" lon="6.6994490">
    <ele>1277.0</ele>
   </trkpt>
   <trkpt lat="45.0726490" lon="6.6995650">
    <ele>1276.8</ele>
   </trkpt>
   <trkpt lat="45.0726690" lon="6.6996810">
    <ele>1276.5</ele>
   </trkpt>
   <trkpt lat="45.0726910" lon="6.6997940">
    <ele>1276.4</ele>
   </trkpt>
   <trkpt lat="45.0727130" lon="6.6999030">
    <ele>1276.2</ele>
   </trkpt>
   <trkpt lat="45.0727360" lon="6.7000130">
    <ele>1276.0</ele>
   </trkpt>
   <trkpt lat="45.0727600" lon="6.7001260">
    <ele>1275.8</ele>
   </trkpt>
   <trkpt lat="45.0727790" lon="6.7002420">
    <ele>1275.6</ele>
   </trkpt>
   <trkpt lat="45.0727960" lon="6.7003570">
    <ele>1275.3</ele>
   </trkpt>
   <trkpt lat="45.0728160" lon="6.7004700">
    <ele>1275.1</ele>
   </trkpt>
   <trkpt lat="45.0728370" lon="6.7005840">
    <ele>1274.9</ele>
   </trkpt>
   <trkpt lat="45.0728530" lon="6.7006940">
    <ele>1274.7</ele>
   </trkpt>
   <trkpt lat="45.0728670" lon="6.7008130">
    <ele>1274.6</ele>
   </trkpt>
   <trkpt lat="45.0728850" lon="6.7009230">
    <ele>1274.4</ele>
   </trkpt>
   <trkpt lat="45.0729070" lon="6.7010350">
    <ele>1274.3</ele>
   </trkpt>
   <trkpt lat="45.0729510" lon="6.7012510">
    <ele>1273.9</ele>
   </trkpt>
   <trkpt lat="45.0729750" lon="6.7013610">
    <ele>1273.6</ele>
   </trkpt>
   <trkpt lat="45.0729970" lon="6.7014780">
    <ele>1273.4</ele>
   </trkpt>
   <trkpt lat="45.0730210" lon="6.7015950">
    <ele>1273.1</ele>
   </trkpt>
   <trkpt lat="45.0730420" lon="6.7017070">
    <ele>1272.9</ele>
   </trkpt>
   <trkpt lat="45.0730640" lon="6.7018220">
    <ele>1272.6</ele>
   </trkpt>
   <trkpt lat="45.0730860" lon="6.7019400">
    <ele>1272.4</ele>
   </trkpt>
   <trkpt lat="45.0731030" lon="6.7020620">
    <ele>1272.2</ele>
   </trkpt>
   <trkpt lat="45.0731280" lon="6.7021840">
    <ele>1272.1</ele>
   </trkpt>
   <trkpt lat="45.0731730" lon="6.7024320">
    <ele>1271.7</ele>
   </trkpt>
   <trkpt lat="45.0731950" lon="6.7025580">
    <ele>1271.5</ele>
   </trkpt>
   <trkpt lat="45.0732210" lon="6.7026800">
    <ele>1271.3</ele>
   </trkpt>
   <trkpt lat="45.0732430" lon="6.7027980">
    <ele>1271.1</ele>
   </trkpt>
   <trkpt lat="45.0732660" lon="6.7029190">
    <ele>1271.0</ele>
   </trkpt>
   <trkpt lat="45.0732890" lon="6.7030400">
    <ele>1270.8</ele>
   </trkpt>
   <trkpt lat="45.0733160" lon="6.7031670">
    <ele>1270.6</ele>
   </trkpt>
   <trkpt lat="45.0733360" lon="6.7032890">
    <ele>1270.4</ele>
   </trkpt>
   <trkpt lat="45.0733570" lon="6.7034090">
    <ele>1270.2</ele>
   </trkpt>
   <trkpt lat="45.0733740" lon="6.7035260">
    <ele>1270.0</ele>
   </trkpt>
   <trkpt lat="45.0733970" lon="6.7036420">
    <ele>1269.7</ele>
   </trkpt>
   <trkpt lat="45.0734200" lon="6.7037580">
    <ele>1269.5</ele>
   </trkpt>
   <trkpt lat="45.0734460" lon="6.7038770">
    <ele>1269.2</ele>
   </trkpt>
   <trkpt lat="45.0734700" lon="6.7040020">
    <ele>1269.0</ele>
   </trkpt>
   <trkpt lat="45.0734910" lon="6.7041140">
    <ele>1268.7</ele>
   </trkpt>
   <trkpt lat="45.0735160" lon="6.7042240">
    <ele>1268.5</ele>
   </trkpt>
   <trkpt lat="45.0735430" lon="6.7043300">
    <ele>1268.3</ele>
   </trkpt>
   <trkpt lat="45.0735690" lon="6.7044360">
    <ele>1268.1</ele>
   </trkpt>
   <trkpt lat="45.0735900" lon="6.7045390">
    <ele>1267.9</ele>
   </trkpt>
   <trkpt lat="45.0736040" lon="6.7046400">
    <ele>1267.7</ele>
   </trkpt>
   <trkpt lat="45.0736200" lon="6.7047380">
    <ele>1267.5</ele>
   </trkpt>
   <trkpt lat="45.0736370" lon="6.7048350">
    <ele>1267.4</ele>
   </trkpt>
   <trkpt lat="45.0736570" lon="6.7049290">
    <ele>1267.3</ele>
   </trkpt>
   <trkpt lat="45.0736820" lon="6.7050200">
    <ele>1267.3</ele>
   </trkpt>
   <trkpt lat="45.0737060" lon="6.7051140">
    <ele>1267.2</ele>
   </trkpt>
   <trkpt lat="45.0737540" lon="6.7052970">
    <ele>1267.1</ele>
   </trkpt>
   <trkpt lat="45.0737650" lon="6.7053880">
    <ele>1267.2</ele>
   </trkpt>
   <trkpt lat="45.0737770" lon="6.7054810">
    <ele>1267.1</ele>
   </trkpt>
   <trkpt lat="45.0738160" lon="6.7055600">
    <ele>1267.0</ele>
   </trkpt>
   <trkpt lat="45.0738700" lon="6.7056230">
    <ele>1266.9</ele>
   </trkpt>
   <trkpt lat="45.0739250" lon="6.7056910">
    <ele>1266.8</ele>
   </trkpt>
   <trkpt lat="45.0739660" lon="6.7057740">
    <ele>1266.7</ele>
   </trkpt>
   <trkpt lat="45.0740000" lon="6.7058630">
    <ele>1266.6</ele>
   </trkpt>
   <trkpt lat="45.0740380" lon="6.7059500">
    <ele>1266.6</ele>
   </trkpt>
   <trkpt lat="45.0740800" lon="6.7060370">
    <ele>1266.5</ele>
   </trkpt>
   <trkpt lat="45.0741220" lon="6.7061200">
    <ele>1266.5</ele>
   </trkpt>
   <trkpt lat="45.0741590" lon="6.7062060">
    <ele>1266.5</ele>
   </trkpt>
   <trkpt lat="45.0741980" lon="6.7062940">
    <ele>1266.5</ele>
   </trkpt>
   <trkpt lat="45.0742380" lon="6.7063780">
    <ele>1266.4</ele>
   </trkpt>
   <trkpt lat="45.0742780" lon="6.7064650">
    <ele>1266.4</ele>
   </trkpt>
   <trkpt lat="45.0743140" lon="6.7065500">
    <ele>1266.3</ele>
   </trkpt>
   <trkpt lat="45.0743530" lon="6.7066250">
    <ele>1266.2</ele>
   </trkpt>
   <trkpt lat="45.0743920" lon="6.7066980">
    <ele>1266.1</ele>
   </trkpt>
   <trkpt lat="45.0744290" lon="6.7067750">
    <ele>1265.9</ele>
   </trkpt>
   <trkpt lat="45.0744660" lon="6.7068540">
    <ele>1265.8</ele>
   </trkpt>
   <trkpt lat="45.0745050" lon="6.7069330">
    <ele>1265.6</ele>
   </trkpt>
   <trkpt lat="45.0745470" lon="6.7070130">
    <ele>1265.4</ele>
   </trkpt>
   <trkpt lat="45.0745880" lon="6.7070960">
    <ele>1265.2</ele>
   </trkpt>
   <trkpt lat="45.0746210" lon="6.7071810">
    <ele>1265.0</ele>
   </trkpt>
   <trkpt lat="45.0746560" lon="6.7072720">
    <ele>1264.8</ele>
   </trkpt>
   <trkpt lat="45.0747000" lon="6.7073610">
    <ele>1264.6</ele>
   </trkpt>
   <trkpt lat="45.0747450" lon="6.7074430">
    <ele>1264.4</ele>
   </trkpt>
   <trkpt lat="45.0747830" lon="6.7075350">
    <ele>1264.2</ele>
   </trkpt>
   <trkpt lat="45.0748210" lon="6.7076240">
    <ele>1264.0</ele>
   </trkpt>
   <trkpt lat="45.0748620" lon="6.7077100">
    <ele>1263.8</ele>
   </trkpt>
   <trkpt lat="45.0749040" lon="6.7077880">
    <ele>1263.7</ele>
   </trkpt>
   <trkpt lat="45.0749410" lon="6.7078510">
    <ele>1263.5</ele>
   </trkpt>
   <trkpt lat="45.0749830" lon="6.7079180">
    <ele>1263.4</ele>
   </trkpt>
   <trkpt lat="45.0750500" lon="6.7080410">
    <ele>1263.2</ele>
   </trkpt>
   <trkpt lat="45.0750790" lon="6.7081120">
    <ele>1263.1</ele>
   </trkpt>
   <trkpt lat="45.0751100" lon="6.7081860">
    <ele>1263.0</ele>
   </trkpt>
   <trkpt lat="45.0751470" lon="6.7082530">
    <ele>1262.9</ele>
   </trkpt>
   <trkpt lat="45.0751840" lon="6.7083220">
    <ele>1262.8</ele>
   </trkpt>
   <trkpt lat="45.0752180" lon="6.7083900">
    <ele>1262.7</ele>
   </trkpt>
   <trkpt lat="45.0752460" lon="6.7084520">
    <ele>1262.6</ele>
   </trkpt>
   <trkpt lat="45.0752740" lon="6.7085180">
    <ele>1262.6</ele>
   </trkpt>
   <trkpt lat="45.0753030" lon="6.7085830">
    <ele>1262.5</ele>
   </trkpt>
   <trkpt lat="45.0753300" lon="6.7086450">
    <ele>1262.5</ele>
   </trkpt>
   <trkpt lat="45.0753590" lon="6.7087060">
    <ele>1262.4</ele>
   </trkpt>
   <trkpt lat="45.0753900" lon="6.7087640">
    <ele>1262.3</ele>
   </trkpt>
   <trkpt lat="45.0754190" lon="6.7088260">
    <ele>1262.2</ele>
   </trkpt>
   <trkpt lat="45.0754490" lon="6.7088910">
    <ele>1262.1</ele>
   </trkpt>
   <trkpt lat="45.0754760" lon="6.7089550">
    <ele>1261.9</ele>
   </trkpt>
   <trkpt lat="45.0755090" lon="6.7090180">
    <ele>1261.6</ele>
   </trkpt>
   <trkpt lat="45.0755540" lon="6.7090690">
    <ele>1261.7</ele>
   </trkpt>
   <trkpt lat="45.0756030" lon="6.7091030">
    <ele>1262.0</ele>
   </trkpt>
   <trkpt lat="45.0756430" lon="6.7091360">
    <ele>1262.3</ele>
   </trkpt>
   <trkpt lat="45.0756830" lon="6.7091710">
    <ele>1262.7</ele>
   </trkpt>
   <trkpt lat="45.0757180" lon="6.7092120">
    <ele>1262.7</ele>
   </trkpt>
   <trkpt lat="45.0757500" lon="6.7092510">
    <ele>1262.8</ele>
   </trkpt>
   <trkpt lat="45.0757870" lon="6.7092880">
    <ele>1262.8</ele>
   </trkpt>
   <trkpt lat="45.0758180" lon="6.7093290">
    <ele>1262.9</ele>
   </trkpt>
   <trkpt lat="45.0758550" lon="6.7093700">
    <ele>1262.9</ele>
   </trkpt>
   <trkpt lat="45.0758960" lon="6.7094120">
    <ele>1262.9</ele>
   </trkpt>
   <trkpt lat="45.0759350" lon="6.7094480">
    <ele>1262.9</ele>
   </trkpt>
   <trkpt lat="45.0759780" lon="6.7094890">
    <ele>1263.0</ele>
   </trkpt>
   <trkpt lat="45.0760190" lon="6.7095270">
    <ele>1263.0</ele>
   </trkpt>
   <trkpt lat="45.0760580" lon="6.7095670">
    <ele>1263.1</ele>
   </trkpt>
   <trkpt lat="45.0760880" lon="6.7096030">
    <ele>1263.2</ele>
   </trkpt>
   <trkpt lat="45.0761110" lon="6.7096300">
    <ele>1263.2</ele>
   </trkpt>
   <trkpt lat="45.0761320" lon="6.7096560">
    <ele>1263.2</ele>
   </trkpt>
   <trkpt lat="45.0761520" lon="6.7096710">
    <ele>1263.2</ele>
   </trkpt>
   <trkpt lat="45.0761610" lon="6.7096750">
    <ele>1263.3</ele>
   </trkpt>
   <trkpt lat="45.0761870" lon="6.7096520">
    <ele>1263.3</ele>
   </trkpt>
   <trkpt lat="45.0761950" lon="6.7096140">
    <ele>1263.3</ele>
   </trkpt>
   <trkpt lat="45.0761620" lon="6.7095710">
    <ele>1263.2</ele>
   </trkpt>
   <trkpt lat="45.0761450" lon="6.7095570">
    <ele>1263.2</ele>
   </trkpt>
   <trkpt lat="45.0761080" lon="6.7095280">
    <ele>1263.1</ele>
   </trkpt>
   <trkpt lat="45.0760660" lon="6.7094960">
    <ele>1263.1</ele>
   </trkpt>
   <trkpt lat="45.0760330" lon="6.7094550">
    <ele>1263.0</ele>
   </trkpt>
   <trkpt lat="45.0759930" lon="6.7094160">
    <ele>1262.9</ele>
   </trkpt>
   <trkpt lat="45.0759550" lon="6.7093750">
    <ele>1262.9</ele>
   </trkpt>
   <trkpt lat="45.0759190" lon="6.7093330">
    <ele>1262.9</ele>
   </trkpt>
   <trkpt lat="45.0758840" lon="6.7092910">
    <ele>1262.9</ele>
   </trkpt>
   <trkpt lat="45.0758500" lon="6.7092520">
    <ele>1262.9</ele>
   </trkpt>
   <trkpt lat="45.0758160" lon="6.7092140">
    <ele>1262.8</ele>
   </trkpt>
   <trkpt lat="45.0757800" lon="6.7091780">
    <ele>1262.7</ele>
   </trkpt>
   <trkpt lat="45.0757480" lon="6.7091430">
    <ele>1262.7</ele>
   </trkpt>
   <trkpt lat="45.0757100" lon="6.7091100">
    <ele>1262.6</ele>
   </trkpt>
   <trkpt lat="45.0756740" lon="6.7090710">
    <ele>1262.3</ele>
   </trkpt>
   <trkpt lat="45.0756480" lon="6.7090170">
    <ele>1262.1</ele>
   </trkpt>
   <trkpt lat="45.0756310" lon="6.7089520">
    <ele>1262.0</ele>
   </trkpt>
   <trkpt lat="45.0756200" lon="6.7088870">
    <ele>1262.0</ele>
   </trkpt>
   <trkpt lat="45.0756020" lon="6.7088220">
    <ele>1262.1</ele>
   </trkpt>
   <trkpt lat="45.0755630" lon="6.7087860">
    <ele>1262.2</ele>
   </trkpt>
   <trkpt lat="45.0755130" lon="6.7087990">
    <ele>1262.4</ele>
   </trkpt>
   <trkpt lat="45.0754740" lon="6.7088710">
    <ele>1262.2</ele>
   </trkpt>
   <trkpt lat="45.0754580" lon="6.7089450">
    <ele>1262.0</ele>
   </trkpt>
   <trkpt lat="45.0754550" lon="6.7090240">
    <ele>1261.7</ele>
   </trkpt>
   <trkpt lat="45.0754290" lon="6.7091630">
    <ele>1261.1</ele>
   </trkpt>
   <trkpt lat="45.0753960" lon="6.7092340">
    <ele>1260.7</ele>
   </trkpt>
   <trkpt lat="45.0753640" lon="6.7093080">
    <ele>1260.4</ele>
   </trkpt>
   <trkpt lat="45.0753340" lon="6.7093850">
    <ele>1260.2</ele>
   </trkpt>
   <trkpt lat="45.0753010" lon="6.7094630">
    <ele>1259.9</ele>
   </trkpt>
   <trkpt lat="45.0752650" lon="6.7095410">
    <ele>1259.6</ele>
   </trkpt>
   <trkpt lat="45.0752290" lon="6.7096220">
    <ele>1259.3</ele>
   </trkpt>
   <trkpt lat="45.0751890" lon="6.7097010">
    <ele>1259.0</ele>
   </trkpt>
   <trkpt lat="45.0751520" lon="6.7097820">
    <ele>1258.7</ele>
   </trkpt>
   <trkpt lat="45.0750880" lon="6.7099420">
    <ele>1258.2</ele>
   </trkpt>
   <trkpt lat="45.0750570" lon="6.7100230">
    <ele>1258.0</ele>
   </trkpt>
   <trkpt lat="45.0750290" lon="6.7101040">
    <ele>1257.9</ele>
   </trkpt>
   <trkpt lat="45.0749970" lon="6.7101830">
    <ele>1257.7</ele>
   </trkpt>
   <trkpt lat="45.0749680" lon="6.7102630">
    <ele>1257.5</ele>
   </trkpt>
   <trkpt lat="45.0749370" lon="6.7103430">
    <ele>1257.2</ele>
   </trkpt>
   <trkpt lat="45.0749090" lon="6.7104230">
    <ele>1257.0</ele>
   </trkpt>
   <trkpt lat="45.0748750" lon="6.7105020">
    <ele>1256.7</ele>
   </trkpt>
   <trkpt lat="45.0748410" lon="6.7105830">
    <ele>1256.4</ele>
   </trkpt>
   <trkpt lat="45.0748060" lon="6.7106630">
    <ele>1256.1</ele>
   </trkpt>
   <trkpt lat="45.0747730" lon="6.7107460">
    <ele>1255.8</ele>
   </trkpt>
   <trkpt lat="45.0747500" lon="6.7108370">
    <ele>1255.4</ele>
   </trkpt>
   <trkpt lat="45.0747440" lon="6.7109380">
    <ele>1254.9</ele>
   </trkpt>
   <trkpt lat="45.0747550" lon="6.7110320">
    <ele>1254.5</ele>
   </trkpt>
   <trkpt lat="45.0747910" lon="6.7111260">
    <ele>1254.0</ele>
   </trkpt>
   <trkpt lat="45.0748340" lon="6.7112340">
    <ele>1253.4</ele>
   </trkpt>
   <trkpt lat="45.0748670" lon="6.7113450">
    <ele>1252.8</ele>
   </trkpt>
   <trkpt lat="45.0748850" lon="6.7114530">
    <ele>1252.3</ele>
   </trkpt>
   <trkpt lat="45.0749010" lon="6.7115650">
    <ele>1251.9</ele>
   </trkpt>
   <trkpt lat="45.0749150" lon="6.7116720">
    <ele>1251.5</ele>
   </trkpt>
   <trkpt lat="45.0749280" lon="6.7117890">
    <ele>1251.1</ele>
   </trkpt>
   <trkpt lat="45.0749390" lon="6.7119150">
    <ele>1250.8</ele>
   </trkpt>
   <trkpt lat="45.0749490" lon="6.7120320">
    <ele>1250.5</ele>
   </trkpt>
   <trkpt lat="45.0749600" lon="6.7121430">
    <ele>1250.2</ele>
   </trkpt>
   <trkpt lat="45.0749650" lon="6.7122530">
    <ele>1250.0</ele>
   </trkpt>
   <trkpt lat="45.0749650" lon="6.7123630">
    <ele>1249.8</ele>
   </trkpt>
   <trkpt lat="45.0749680" lon="6.7124780">
    <ele>1249.7</ele>
   </trkpt>
   <trkpt lat="45.0749780" lon="6.7125870">
    <ele>1249.7</ele>
   </trkpt>
   <trkpt lat="45.0749860" lon="6.7126960">
    <ele>1249.7</ele>
   </trkpt>
   <trkpt lat="45.0749890" lon="6.7128070">
    <ele>1249.7</ele>
   </trkpt>
   <trkpt lat="45.0749950" lon="6.7129140">
    <ele>1249.6</ele>
   </trkpt>
   <trkpt lat="45.0750000" lon="6.7130210">
    <ele>1249.6</ele>
   </trkpt>
   <trkpt lat="45.0750040" lon="6.7131230">
    <ele>1249.5</ele>
   </trkpt>
   <trkpt lat="45.0750050" lon="6.7132190">
    <ele>1249.5</ele>
   </trkpt>
   <trkpt lat="45.0750090" lon="6.7133110">
    <ele>1249.4</ele>
   </trkpt>
   <trkpt lat="45.0750160" lon="6.7134040">
    <ele>1249.3</ele>
   </trkpt>
   <trkpt lat="45.0750160" lon="6.7135000">
    <ele>1249.4</ele>
   </trkpt>
   <trkpt lat="45.0750090" lon="6.7135870">
    <ele>1249.4</ele>
   </trkpt>
   <trkpt lat="45.0750000" lon="6.7136720">
    <ele>1249.4</ele>
   </trkpt>
   <trkpt lat="45.0749890" lon="6.7137630">
    <ele>1249.4</ele>
   </trkpt>
   <trkpt lat="45.0749790" lon="6.7138520">
    <ele>1249.3</ele>
   </trkpt>
   <trkpt lat="45.0749630" lon="6.7139420">
    <ele>1249.0</ele>
   </trkpt>
   <trkpt lat="45.0749330" lon="6.7140270">
    <ele>1248.4</ele>
   </trkpt>
   <trkpt lat="45.0748930" lon="6.7140980">
    <ele>1247.9</ele>
   </trkpt>
   <trkpt lat="45.0748360" lon="6.7141610">
    <ele>1247.2</ele>
   </trkpt>
   <trkpt lat="45.0747700" lon="6.7142030">
    <ele>1246.6</ele>
   </trkpt>
   <trkpt lat="45.0747060" lon="6.7142520">
    <ele>1246.2</ele>
   </trkpt>
   <trkpt lat="45.0746410" lon="6.7142980">
    <ele>1246.1</ele>
   </trkpt>
   <trkpt lat="45.0745760" lon="6.7143390">
    <ele>1245.9</ele>
   </trkpt>
   <trkpt lat="45.0745090" lon="6.7143720">
    <ele>1245.6</ele>
   </trkpt>
   <trkpt lat="45.0744430" lon="6.7144090">
    <ele>1245.4</ele>
   </trkpt>
   <trkpt lat="45.0743790" lon="6.7144510">
    <ele>1245.2</ele>
   </trkpt>
   <trkpt lat="45.0743150" lon="6.7144890">
    <ele>1244.9</ele>
   </trkpt>
   <trkpt lat="45.0742470" lon="6.7145250">
    <ele>1244.7</ele>
   </trkpt>
   <trkpt lat="45.0741790" lon="6.7145630">
    <ele>1244.5</ele>
   </trkpt>
   <trkpt lat="45.0741120" lon="6.7146030">
    <ele>1244.2</ele>
   </trkpt>
   <trkpt lat="45.0740410" lon="6.7146430">
    <ele>1244.0</ele>
   </trkpt>
   <trkpt lat="45.0739080" lon="6.7147230">
    <ele>1243.8</ele>
   </trkpt>
   <trkpt lat="45.0737710" lon="6.7147850">
    <ele>1243.5</ele>
   </trkpt>
   <trkpt lat="45.0737030" lon="6.7148180">
    <ele>1243.4</ele>
   </trkpt>
   <trkpt lat="45.0736320" lon="6.7148560">
    <ele>1243.3</ele>
   </trkpt>
   <trkpt lat="45.0735600" lon="6.7148940">
    <ele>1243.2</ele>
   </trkpt>
   <trkpt lat="45.0734870" lon="6.7149260">
    <ele>1243.1</ele>
   </trkpt>
   <trkpt lat="45.0734130" lon="6.7149650">
    <ele>1242.9</ele>
   </trkpt>
   <trkpt lat="45.0733410" lon="6.7150080">
    <ele>1242.7</ele>
   </trkpt>
   <trkpt lat="45.0732660" lon="6.7150480">
    <ele>1242.4</ele>
   </trkpt>
   <trkpt lat="45.0731860" lon="6.7150880">
    <ele>1242.2</ele>
   </trkpt>
   <trkpt lat="45.0731080" lon="6.7151280">
    <ele>1242.0</ele>
   </trkpt>
   <trkpt lat="45.0730300" lon="6.7151640">
    <ele>1241.8</ele>
   </trkpt>
   <trkpt lat="45.0729520" lon="6.7151990">
    <ele>1241.6</ele>
   </trkpt>
   <trkpt lat="45.0728740" lon="6.7152390">
    <ele>1241.5</ele>
   </trkpt>
   <trkpt lat="45.0727970" lon="6.7152780">
    <ele>1241.3</ele>
   </trkpt>
   <trkpt lat="45.0727220" lon="6.7153200">
    <ele>1241.1</ele>
   </trkpt>
   <trkpt lat="45.0726480" lon="6.7153620">
    <ele>1240.9</ele>
   </trkpt>
   <trkpt lat="45.0725720" lon="6.7154050">
    <ele>1240.7</ele>
   </trkpt>
   <trkpt lat="45.0724990" lon="6.7154410">
    <ele>1240.6</ele>
   </trkpt>
   <trkpt lat="45.0724260" lon="6.7154750">
    <ele>1240.5</ele>
   </trkpt>
   <trkpt lat="45.0723510" lon="6.7155090">
    <ele>1240.3</ele>
   </trkpt>
   <trkpt lat="45.0722790" lon="6.7155450">
    <ele>1240.2</ele>
   </trkpt>
   <trkpt lat="45.0722030" lon="6.7155830">
    <ele>1240.1</ele>
   </trkpt>
   <trkpt lat="45.0721260" lon="6.7156210">
    <ele>1240.0</ele>
   </trkpt>
   <trkpt lat="45.0720520" lon="6.7156560">
    <ele>1239.9</ele>
   </trkpt>
   <trkpt lat="45.0719800" lon="6.7156870">
    <ele>1239.8</ele>
   </trkpt>
   <trkpt lat="45.0719120" lon="6.7157120">
    <ele>1239.7</ele>
   </trkpt>
   <trkpt lat="45.0718400" lon="6.7157440">
    <ele>1239.6</ele>
   </trkpt>
   <trkpt lat="45.0717660" lon="6.7157710">
    <ele>1239.4</ele>
   </trkpt>
   <trkpt lat="45.0716940" lon="6.7157950">
    <ele>1239.2</ele>
   </trkpt>
   <trkpt lat="45.0716260" lon="6.7158210">
    <ele>1239.0</ele>
   </trkpt>
   <trkpt lat="45.0715570" lon="6.7158530">
    <ele>1238.8</ele>
   </trkpt>
   <trkpt lat="45.0714910" lon="6.7158930">
    <ele>1238.5</ele>
   </trkpt>
   <trkpt lat="45.0714270" lon="6.7159480">
    <ele>1238.3</ele>
   </trkpt>
   <trkpt lat="45.0713690" lon="6.7160180">
    <ele>1238.0</ele>
   </trkpt>
   <trkpt lat="45.0712610" lon="6.7161810">
    <ele>1237.4</ele>
   </trkpt>
   <trkpt lat="45.0712040" lon="6.7162530">
    <ele>1237.2</ele>
   </trkpt>
   <trkpt lat="45.0711480" lon="6.7163270">
    <ele>1236.9</ele>
   </trkpt>
   <trkpt lat="45.0710900" lon="6.7164070">
    <ele>1236.7</ele>
   </trkpt>
   <trkpt lat="45.0710290" lon="6.7164890">
    <ele>1236.4</ele>
   </trkpt>
   <trkpt lat="45.0709710" lon="6.7165690">
    <ele>1236.2</ele>
   </trkpt>
   <trkpt lat="45.0709130" lon="6.7166490">
    <ele>1236.0</ele>
   </trkpt>
   <trkpt lat="45.0708560" lon="6.7167270">
    <ele>1235.8</ele>
   </trkpt>
   <trkpt lat="45.0707960" lon="6.7168040">
    <ele>1235.7</ele>
   </trkpt>
   <trkpt lat="45.0707370" lon="6.7168770">
    <ele>1235.5</ele>
   </trkpt>
   <trkpt lat="45.0706730" lon="6.7169490">
    <ele>1235.4</ele>
   </trkpt>
   <trkpt lat="45.0706120" lon="6.7170140">
    <ele>1235.3</ele>
   </trkpt>
   <trkpt lat="45.0705540" lon="6.7170770">
    <ele>1235.2</ele>
   </trkpt>
   <trkpt lat="45.0704980" lon="6.7171450">
    <ele>1235.1</ele>
   </trkpt>
   <trkpt lat="45.0704440" lon="6.7172150">
    <ele>1235.0</ele>
   </trkpt>
   <trkpt lat="45.0703930" lon="6.7172850">
    <ele>1234.9</ele>
   </trkpt>
   <trkpt lat="45.0703460" lon="6.7173610">
    <ele>1234.8</ele>
   </trkpt>
   <trkpt lat="45.0703040" lon="6.7174440">
    <ele>1234.7</ele>
   </trkpt>
   <trkpt lat="45.0702620" lon="6.7175280">
    <ele>1234.5</ele>
   </trkpt>
   <trkpt lat="45.0702210" lon="6.7176130">
    <ele>1234.4</ele>
   </trkpt>
   <trkpt lat="45.0701830" lon="6.7176990">
    <ele>1234.3</ele>
   </trkpt>
   <trkpt lat="45.0701440" lon="6.7177850">
    <ele>1234.2</ele>
   </trkpt>
   <trkpt lat="45.0701070" lon="6.7178710">
    <ele>1234.1</ele>
   </trkpt>
   <trkpt lat="45.0700680" lon="6.7179440">
    <ele>1234.0</ele>
   </trkpt>
   <trkpt lat="45.0700220" lon="6.7180190">
    <ele>1233.9</ele>
   </trkpt>
   <trkpt lat="45.0699710" lon="6.7180940">
    <ele>1233.8</ele>
   </trkpt>
   <trkpt lat="45.0699260" lon="6.7181770">
    <ele>1233.7</ele>
   </trkpt>
   <trkpt lat="45.0698800" lon="6.7182570">
    <ele>1233.5</ele>
   </trkpt>
   <trkpt lat="45.0698330" lon="6.7183310">
    <ele>1233.4</ele>
   </trkpt>
   <trkpt lat="45.0697810" lon="6.7183980">
    <ele>1233.2</ele>
   </trkpt>
   <trkpt lat="45.0697240" lon="6.7184670">
    <ele>1233.1</ele>
   </trkpt>
   <trkpt lat="45.0696670" lon="6.7185380">
    <ele>1232.9</ele>
   </trkpt>
   <trkpt lat="45.0696110" lon="6.7186080">
    <ele>1232.8</ele>
   </trkpt>
   <trkpt lat="45.0695500" lon="6.7186750">
    <ele>1232.6</ele>
   </trkpt>
   <trkpt lat="45.0694920" lon="6.7187410">
    <ele>1232.4</ele>
   </trkpt>
   <trkpt lat="45.0694330" lon="6.7188010">
    <ele>1232.3</ele>
   </trkpt>
   <trkpt lat="45.0693720" lon="6.7188580">
    <ele>1232.1</ele>
   </trkpt>
   <trkpt lat="45.0693120" lon="6.7189130">
    <ele>1232.0</ele>
   </trkpt>
   <trkpt lat="45.0692560" lon="6.7189720">
    <ele>1231.8</ele>
   </trkpt>
   <trkpt lat="45.0691990" lon="6.7190320">
    <ele>1231.6</ele>
   </trkpt>
   <trkpt lat="45.0691400" lon="6.7190910">
    <ele>1231.5</ele>
   </trkpt>
   <trkpt lat="45.0690810" lon="6.7191480">
    <ele>1231.3</ele>
   </trkpt>
   <trkpt lat="45.0690230" lon="6.7192090">
    <ele>1231.1</ele>
   </trkpt>
   <trkpt lat="45.0689680" lon="6.7192730">
    <ele>1230.9</ele>
   </trkpt>
   <trkpt lat="45.0689130" lon="6.7193420">
    <ele>1230.8</ele>
   </trkpt>
   <trkpt lat="45.0688570" lon="6.7194130">
    <ele>1230.6</ele>
   </trkpt>
   <trkpt lat="45.0687620" lon="6.7195650">
    <ele>1230.2</ele>
   </trkpt>
   <trkpt lat="45.0687130" lon="6.7196440">
    <ele>1230.0</ele>
   </trkpt>
   <trkpt lat="45.0686640" lon="6.7197260">
    <ele>1229.9</ele>
   </trkpt>
   <trkpt lat="45.0686120" lon="6.7198110">
    <ele>1229.7</ele>
   </trkpt>
   <trkpt lat="45.0685640" lon="6.7198950">
    <ele>1229.5</ele>
   </trkpt>
   <trkpt lat="45.0685110" lon="6.7199750">
    <ele>1229.3</ele>
   </trkpt>
   <trkpt lat="45.0684570" lon="6.7200520">
    <ele>1229.1</ele>
   </trkpt>
   <trkpt lat="45.0684010" lon="6.7201300">
    <ele>1229.0</ele>
   </trkpt>
   <trkpt lat="45.0683470" lon="6.7202030">
    <ele>1228.8</ele>
   </trkpt>
   <trkpt lat="45.0682950" lon="6.7202820">
    <ele>1228.5</ele>
   </trkpt>
   <trkpt lat="45.0682420" lon="6.7203570">
    <ele>1228.3</ele>
   </trkpt>
   <trkpt lat="45.0681910" lon="6.7204310">
    <ele>1228.1</ele>
   </trkpt>
   <trkpt lat="45.0681400" lon="6.7205080">
    <ele>1228.0</ele>
   </trkpt>
   <trkpt lat="45.0680890" lon="6.7205900">
    <ele>1227.8</ele>
   </trkpt>
   <trkpt lat="45.0680420" lon="6.7206760">
    <ele>1227.7</ele>
   </trkpt>
   <trkpt lat="45.0680070" lon="6.7207690">
    <ele>1227.5</ele>
   </trkpt>
   <trkpt lat="45.0679770" lon="6.7208650">
    <ele>1227.4</ele>
   </trkpt>
   <trkpt lat="45.0679460" lon="6.7209670">
    <ele>1227.2</ele>
   </trkpt>
   <trkpt lat="45.0679150" lon="6.7210680">
    <ele>1227.1</ele>
   </trkpt>
   <trkpt lat="45.0678840" lon="6.7211690">
    <ele>1226.9</ele>
   </trkpt>
   <trkpt lat="45.0678500" lon="6.7212720">
    <ele>1226.8</ele>
   </trkpt>
   <trkpt lat="45.0678150" lon="6.7213670">
    <ele>1226.7</ele>
   </trkpt>
   <trkpt lat="45.0677740" lon="6.7214580">
    <ele>1226.6</ele>
   </trkpt>
   <trkpt lat="45.0677270" lon="6.7215460">
    <ele>1226.4</ele>
   </trkpt>
   <trkpt lat="45.0676740" lon="6.7216200">
    <ele>1226.2</ele>
   </trkpt>
   <trkpt lat="45.0676170" lon="6.7216940">
    <ele>1226.0</ele>
   </trkpt>
   <trkpt lat="45.0675600" lon="6.7217690">
    <ele>1225.8</ele>
   </trkpt>
   <trkpt lat="45.0675030" lon="6.7218340">
    <ele>1225.6</ele>
   </trkpt>
   <trkpt lat="45.0674410" lon="6.7218980">
    <ele>1225.4</ele>
   </trkpt>
   <trkpt lat="45.0673740" lon="6.7219590">
    <ele>1225.2</ele>
   </trkpt>
   <trkpt lat="45.0673000" lon="6.7220090">
    <ele>1225.0</ele>
   </trkpt>
   <trkpt lat="45.0672230" lon="6.7220490">
    <ele>1224.8</ele>
   </trkpt>
   <trkpt lat="45.0671450" lon="6.7220760">
    <ele>1224.6</ele>
   </trkpt>
   <trkpt lat="45.0670680" lon="6.7221070">
    <ele>1224.3</ele>
   </trkpt>
   <trkpt lat="45.0669910" lon="6.7221360">
    <ele>1224.1</ele>
   </trkpt>
   <trkpt lat="45.0669120" lon="6.7221620">
    <ele>1223.9</ele>
   </trkpt>
   <trkpt lat="45.0668370" lon="6.7221860">
    <ele>1223.8</ele>
   </trkpt>
   <trkpt lat="45.0667590" lon="6.7222090">
    <ele>1223.6</ele>
   </trkpt>
   <trkpt lat="45.0666820" lon="6.7222300">
    <ele>1223.5</ele>
   </trkpt>
   <trkpt lat="45.0666060" lon="6.7222550">
    <ele>1223.4</ele>
   </trkpt>
   <trkpt lat="45.0665330" lon="6.7222730">
    <ele>1223.4</ele>
   </trkpt>
   <trkpt lat="45.0664600" lon="6.7222920">
    <ele>1223.3</ele>
   </trkpt>
   <trkpt lat="45.0663870" lon="6.7223130">
    <ele>1223.3</ele>
   </trkpt>
   <trkpt lat="45.0663130" lon="6.7223420">
    <ele>1223.3</ele>
   </trkpt>
   <trkpt lat="45.0662430" lon="6.7223830">
    <ele>1223.3</ele>
   </trkpt>
   <trkpt lat="45.0661750" lon="6.7224310">
    <ele>1223.3</ele>
   </trkpt>
   <trkpt lat="45.0661110" lon="6.7224770">
    <ele>1223.3</ele>
   </trkpt>
   <trkpt lat="45.0660470" lon="6.7225220">
    <ele>1223.3</ele>
   </trkpt>
   <trkpt lat="45.0659870" lon="6.7225750">
    <ele>1223.2</ele>
   </trkpt>
   <trkpt lat="45.0659260" lon="6.7226300">
    <ele>1223.2</ele>
   </trkpt>
   <trkpt lat="45.0658150" lon="6.7227570">
    <ele>1223.1</ele>
   </trkpt>
   <trkpt lat="45.0657630" lon="6.7228240">
    <ele>1223.1</ele>
   </trkpt>
   <trkpt lat="45.0657060" lon="6.7228990">
    <ele>1223.1</ele>
   </trkpt>
   <trkpt lat="45.0656470" lon="6.7229720">
    <ele>1223.0</ele>
   </trkpt>
   <trkpt lat="45.0655950" lon="6.7230470">
    <ele>1222.9</ele>
   </trkpt>
   <trkpt lat="45.0655430" lon="6.7231180">
    <ele>1222.8</ele>
   </trkpt>
   <trkpt lat="45.0654930" lon="6.7231840">
    <ele>1222.8</ele>
   </trkpt>
   <trkpt lat="45.0654430" lon="6.7232570">
    <ele>1222.7</ele>
   </trkpt>
   <trkpt lat="45.0653910" lon="6.7233440">
    <ele>1222.6</ele>
   </trkpt>
   <trkpt lat="45.0652960" lon="6.7235090">
    <ele>1222.4</ele>
   </trkpt>
   <trkpt lat="45.0652450" lon="6.7235930">
    <ele>1222.3</ele>
   </trkpt>
   <trkpt lat="45.0651950" lon="6.7236740">
    <ele>1222.1</ele>
   </trkpt>
   <trkpt lat="45.0651470" lon="6.7237540">
    <ele>1222.0</ele>
   </trkpt>
   <trkpt lat="45.0650990" lon="6.7238390">
    <ele>1221.9</ele>
   </trkpt>
   <trkpt lat="45.0650460" lon="6.7239210">
    <ele>1221.8</ele>
   </trkpt>
   <trkpt lat="45.0649920" lon="6.7240020">
    <ele>1221.6</ele>
   </trkpt>
   <trkpt lat="45.0649380" lon="6.7240840">
    <ele>1221.5</ele>
   </trkpt>
   <trkpt lat="45.0648830" lon="6.7241680">
    <ele>1221.4</ele>
   </trkpt>
   <trkpt lat="45.0648290" lon="6.7242540">
    <ele>1221.4</ele>
   </trkpt>
   <trkpt lat="45.0647770" lon="6.7243330">
    <ele>1221.3</ele>
   </trkpt>
   <trkpt lat="45.0647250" lon="6.7244070">
    <ele>1221.3</ele>
   </trkpt>
   <trkpt lat="45.0646710" lon="6.7244760">
    <ele>1221.2</ele>
   </trkpt>
   <trkpt lat="45.0646220" lon="6.7245490">
    <ele>1221.1</ele>
   </trkpt>
   <trkpt lat="45.0645690" lon="6.7246170">
    <ele>1221.1</ele>
   </trkpt>
   <trkpt lat="45.0645260" lon="6.7246940">
    <ele>1221.0</ele>
   </trkpt>
   <trkpt lat="45.0644860" lon="6.7247700">
    <ele>1220.9</ele>
   </trkpt>
   <trkpt lat="45.0644300" lon="6.7248460">
    <ele>1220.7</ele>
   </trkpt>
   <trkpt lat="45.0643740" lon="6.7249080">
    <ele>1220.7</ele>
   </trkpt>
   <trkpt lat="45.0643220" lon="6.7249670">
    <ele>1220.6</ele>
   </trkpt>
   <trkpt lat="45.0642680" lon="6.7250550">
    <ele>1220.5</ele>
   </trkpt>
   <trkpt lat="45.0642190" lon="6.7251320">
    <ele>1220.4</ele>
   </trkpt>
   <trkpt lat="45.0641690" lon="6.7252090">
    <ele>1220.3</ele>
   </trkpt>
   <trkpt lat="45.0641250" lon="6.7252830">
    <ele>1220.2</ele>
   </trkpt>
   <trkpt lat="45.0640810" lon="6.7253590">
    <ele>1220.1</ele>
   </trkpt>
   <trkpt lat="45.0639770" lon="6.7254870">
    <ele>1219.8</ele>
   </trkpt>
   <trkpt lat="45.0639310" lon="6.7255590">
    <ele>1219.7</ele>
   </trkpt>
   <trkpt lat="45.0638790" lon="6.7256300">
    <ele>1219.6</ele>
   </trkpt>
   <trkpt lat="45.0638310" lon="6.7257040">
    <ele>1219.5</ele>
   </trkpt>
   <trkpt lat="45.0637790" lon="6.7257800">
    <ele>1219.4</ele>
   </trkpt>
   <trkpt lat="45.0637210" lon="6.7258590">
    <ele>1219.3</ele>
   </trkpt>
   <trkpt lat="45.0636740" lon="6.7259500">
    <ele>1219.2</ele>
   </trkpt>
   <trkpt lat="45.0636220" lon="6.7260380">
    <ele>1219.0</ele>
   </trkpt>
   <trkpt lat="45.0635730" lon="6.7261250">
    <ele>1218.9</ele>
   </trkpt>
   <trkpt lat="45.0635150" lon="6.7262040">
    <ele>1218.8</ele>
   </trkpt>
   <trkpt lat="45.0634550" lon="6.7262740">
    <ele>1218.7</ele>
   </trkpt>
   <trkpt lat="45.0634010" lon="6.7263500">
    <ele>1218.7</ele>
   </trkpt>
   <trkpt lat="45.0633480" lon="6.7264260">
    <ele>1218.6</ele>
   </trkpt>
   <trkpt lat="45.0632930" lon="6.7264950">
    <ele>1218.5</ele>
   </trkpt>
   <trkpt lat="45.0632370" lon="6.7265650">
    <ele>1218.4</ele>
   </trkpt>
   <trkpt lat="45.0631780" lon="6.7266390">
    <ele>1218.3</ele>
   </trkpt>
   <trkpt lat="45.0631220" lon="6.7267070">
    <ele>1218.2</ele>
   </trkpt>
   <trkpt lat="45.0630670" lon="6.7267730">
    <ele>1218.0</ele>
   </trkpt>
   <trkpt lat="45.0630170" lon="6.7268290">
    <ele>1217.9</ele>
   </trkpt>
   <trkpt lat="45.0629650" lon="6.7268960">
    <ele>1217.8</ele>
   </trkpt>
   <trkpt lat="45.0629140" lon="6.7269670">
    <ele>1217.7</ele>
   </trkpt>
   <trkpt lat="45.0628620" lon="6.7270380">
    <ele>1217.6</ele>
   </trkpt>
   <trkpt lat="45.0628050" lon="6.7271090">
    <ele>1217.4</ele>
   </trkpt>
   <trkpt lat="45.0627470" lon="6.7271790">
    <ele>1217.3</ele>
   </trkpt>
   <trkpt lat="45.0626880" lon="6.7272450">
    <ele>1217.2</ele>
   </trkpt>
   <trkpt lat="45.0626300" lon="6.7273130">
    <ele>1217.0</ele>
   </trkpt>
   <trkpt lat="45.0625690" lon="6.7273890">
    <ele>1216.8</ele>
   </trkpt>
   <trkpt lat="45.0624530" lon="6.7275250">
    <ele>1216.3</ele>
   </trkpt>
   <trkpt lat="45.0623960" lon="6.7275940">
    <ele>1216.1</ele>
   </trkpt>
   <trkpt lat="45.0623370" lon="6.7276610">
    <ele>1215.8</ele>
   </trkpt>
   <trkpt lat="45.0622730" lon="6.7277340">
    <ele>1215.5</ele>
   </trkpt>
   <trkpt lat="45.0622070" lon="6.7278080">
    <ele>1215.3</ele>
   </trkpt>
   <trkpt lat="45.0621410" lon="6.7278720">
    <ele>1215.0</ele>
   </trkpt>
   <trkpt lat="45.0620770" lon="6.7279350">
    <ele>1214.8</ele>
   </trkpt>
   <trkpt lat="45.0620120" lon="6.7280020">
    <ele>1214.5</ele>
   </trkpt>
   <trkpt lat="45.0619450" lon="6.7280700">
    <ele>1214.3</ele>
   </trkpt>
   <trkpt lat="45.0618780" lon="6.7281410">
    <ele>1214.0</ele>
   </trkpt>
   <trkpt lat="45.0618120" lon="6.7282040">
    <ele>1213.7</ele>
   </trkpt>
   <trkpt lat="45.0617440" lon="6.7282660">
    <ele>1213.4</ele>
   </trkpt>
   <trkpt lat="45.0616790" lon="6.7283270">
    <ele>1213.1</ele>
   </trkpt>
   <trkpt lat="45.0616160" lon="6.7283940">
    <ele>1212.8</ele>
   </trkpt>
   <trkpt lat="45.0615490" lon="6.7284650">
    <ele>1212.4</ele>
   </trkpt>
   <trkpt lat="45.0614800" lon="6.7285330">
    <ele>1212.1</ele>
   </trkpt>
   <trkpt lat="45.0614110" lon="6.7286040">
    <ele>1211.7</ele>
   </trkpt>
   <trkpt lat="45.0613400" lon="6.7286750">
    <ele>1211.3</ele>
   </trkpt>
   <trkpt lat="45.0612710" lon="6.7287430">
    <ele>1210.9</ele>
   </trkpt>
   <trkpt lat="45.0612000" lon="6.7288090">
    <ele>1210.4</ele>
   </trkpt>
   <trkpt lat="45.0611290" lon="6.7288850">
    <ele>1209.9</ele>
   </trkpt>
   <trkpt lat="45.0610590" lon="6.7289680">
    <ele>1209.4</ele>
   </trkpt>
   <trkpt lat="45.0609860" lon="6.7290510">
    <ele>1208.9</ele>
   </trkpt>
   <trkpt lat="45.0609120" lon="6.7291240">
    <ele>1208.5</ele>
   </trkpt>
   <trkpt lat="45.0608350" lon="6.7292020">
    <ele>1208.1</ele>
   </trkpt>
   <trkpt lat="45.0607590" lon="6.7292770">
    <ele>1207.8</ele>
   </trkpt>
   <trkpt lat="45.0606860" lon="6.7293440">
    <ele>1207.5</ele>
   </trkpt>
   <trkpt lat="45.0606100" lon="6.7294150">
    <ele>1207.4</ele>
   </trkpt>
   <trkpt lat="45.0605340" lon="6.7294880">
    <ele>1207.3</ele>
   </trkpt>
   <trkpt lat="45.0604640" lon="6.7295630">
    <ele>1207.2</ele>
   </trkpt>
   <trkpt lat="45.0603920" lon="6.7296370">
    <ele>1207.2</ele>
   </trkpt>
   <trkpt lat="45.0603240" lon="6.7297080">
    <ele>1207.2</ele>
   </trkpt>
   <trkpt lat="45.0602550" lon="6.7297790">
    <ele>1207.3</ele>
   </trkpt>
   <trkpt lat="45.0601870" lon="6.7298510">
    <ele>1207.4</ele>
   </trkpt>
   <trkpt lat="45.0601240" lon="6.7299180">
    <ele>1207.6</ele>
   </trkpt>
   <trkpt lat="45.0600620" lon="6.7299750">
    <ele>1207.8</ele>
   </trkpt>
   <trkpt lat="45.0599990" lon="6.7300370">
    <ele>1208.0</ele>
   </trkpt>
   <trkpt lat="45.0599400" lon="6.7300990">
    <ele>1208.3</ele>
   </trkpt>
   <trkpt lat="45.0598820" lon="6.7301600">
    <ele>1208.5</ele>
   </trkpt>
   <trkpt lat="45.0598230" lon="6.7302180">
    <ele>1208.8</ele>
   </trkpt>
   <trkpt lat="45.0597680" lon="6.7302780">
    <ele>1209.1</ele>
   </trkpt>
   <trkpt lat="45.0597150" lon="6.7303310">
    <ele>1209.3</ele>
   </trkpt>
   <trkpt lat="45.0596620" lon="6.7303880">
    <ele>1209.6</ele>
   </trkpt>
   <trkpt lat="45.0596090" lon="6.7304380">
    <ele>1209.8</ele>
   </trkpt>
   <trkpt lat="45.0595580" lon="6.7304970">
    <ele>1210.0</ele>
   </trkpt>
   <trkpt lat="45.0595090" lon="6.7305490">
    <ele>1210.2</ele>
   </trkpt>
   <trkpt lat="45.0594620" lon="6.7306010">
    <ele>1210.3</ele>
   </trkpt>
   <trkpt lat="45.0594160" lon="6.7306480">
    <ele>1210.4</ele>
   </trkpt>
   <trkpt lat="45.0593650" lon="6.7306920">
    <ele>1210.4</ele>
   </trkpt>
   <trkpt lat="45.0593140" lon="6.7307340">
    <ele>1210.4</ele>
   </trkpt>
   <trkpt lat="45.0592590" lon="6.7307650">
    <ele>1210.3</ele>
   </trkpt>
   <trkpt lat="45.0592040" lon="6.7307730">
    <ele>1210.1</ele>
   </trkpt>
   <trkpt lat="45.0591440" lon="6.7307750">
    <ele>1210.0</ele>
   </trkpt>
   <trkpt lat="45.0590800" lon="6.7307700">
    <ele>1209.8</ele>
   </trkpt>
   <trkpt lat="45.0590160" lon="6.7307710">
    <ele>1209.6</ele>
   </trkpt>
   <trkpt lat="45.0589510" lon="6.7307780">
    <ele>1209.4</ele>
   </trkpt>
   <trkpt lat="45.0588860" lon="6.7307970">
    <ele>1209.2</ele>
   </trkpt>
   <trkpt lat="45.0588210" lon="6.7308200">
    <ele>1209.1</ele>
   </trkpt>
   <trkpt lat="45.0587560" lon="6.7308530">
    <ele>1208.9</ele>
   </trkpt>
   <trkpt lat="45.0586920" lon="6.7308960">
    <ele>1208.7</ele>
   </trkpt>
   <trkpt lat="45.0586270" lon="6.7309500">
    <ele>1208.5</ele>
   </trkpt>
   <trkpt lat="45.0585610" lon="6.7310030">
    <ele>1208.3</ele>
   </trkpt>
   <trkpt lat="45.0585000" lon="6.7310640">
    <ele>1208.1</ele>
   </trkpt>
   <trkpt lat="45.0584470" lon="6.7311230">
    <ele>1208.0</ele>
   </trkpt>
   <trkpt lat="45.0584050" lon="6.7311910">
    <ele>1207.9</ele>
   </trkpt>
   <trkpt lat="45.0583630" lon="6.7312830">
    <ele>1207.9</ele>
   </trkpt>
   <trkpt lat="45.0583210" lon="6.7313740">
    <ele>1207.9</ele>
   </trkpt>
   <trkpt lat="45.0582820" lon="6.7314610">
    <ele>1207.9</ele>
   </trkpt>
   <trkpt lat="45.0582530" lon="6.7315510">
    <ele>1207.9</ele>
   </trkpt>
   <trkpt lat="45.0582180" lon="6.7316490">
    <ele>1207.9</ele>
   </trkpt>
   <trkpt lat="45.0581880" lon="6.7317460">
    <ele>1207.9</ele>
   </trkpt>
   <trkpt lat="45.0581610" lon="6.7318460">
    <ele>1207.8</ele>
   </trkpt>
   <trkpt lat="45.0581300" lon="6.7319420">
    <ele>1207.8</ele>
   </trkpt>
   <trkpt lat="45.0581010" lon="6.7320370">
    <ele>1207.7</ele>
   </trkpt>
   <trkpt lat="45.0580760" lon="6.7321330">
    <ele>1207.6</ele>
   </trkpt>
   <trkpt lat="45.0580470" lon="6.7322230">
    <ele>1207.6</ele>
   </trkpt>
   <trkpt lat="45.0580170" lon="6.7323120">
    <ele>1207.5</ele>
   </trkpt>
   <trkpt lat="45.0579840" lon="6.7324040">
    <ele>1207.3</ele>
   </trkpt>
   <trkpt lat="45.0579540" lon="6.7324960">
    <ele>1207.1</ele>
   </trkpt>
   <trkpt lat="45.0579250" lon="6.7325910">
    <ele>1206.9</ele>
   </trkpt>
   <trkpt lat="45.0578940" lon="6.7326850">
    <ele>1206.6</ele>
   </trkpt>
   <trkpt lat="45.0578580" lon="6.7327790">
    <ele>1206.3</ele>
   </trkpt>
   <trkpt lat="45.0578130" lon="6.7328770">
    <ele>1205.8</ele>
   </trkpt>
   <trkpt lat="45.0577600" lon="6.7329650">
    <ele>1205.4</ele>
   </trkpt>
   <trkpt lat="45.0577040" lon="6.7330530">
    <ele>1204.9</ele>
   </trkpt>
   <trkpt lat="45.0576430" lon="6.7331380">
    <ele>1204.4</ele>
   </trkpt>
   <trkpt lat="45.0575820" lon="6.7332280">
    <ele>1204.0</ele>
   </trkpt>
   <trkpt lat="45.0575200" lon="6.7333140">
    <ele>1203.6</ele>
   </trkpt>
   <trkpt lat="45.0574540" lon="6.7333970">
    <ele>1203.3</ele>
   </trkpt>
   <trkpt lat="45.0573940" lon="6.7334800">
    <ele>1202.9</ele>
   </trkpt>
   <trkpt lat="45.0573360" lon="6.7335710">
    <ele>1202.6</ele>
   </trkpt>
   <trkpt lat="45.0572740" lon="6.7336600">
    <ele>1202.2</ele>
   </trkpt>
   <trkpt lat="45.0572130" lon="6.7337540">
    <ele>1201.9</ele>
   </trkpt>
   <trkpt lat="45.0571530" lon="6.7338500">
    <ele>1201.8</ele>
   </trkpt>
   <trkpt lat="45.0571020" lon="6.7339530">
    <ele>1201.5</ele>
   </trkpt>
   <trkpt lat="45.0570650" lon="6.7340670">
    <ele>1201.2</ele>
   </trkpt>
   <trkpt lat="45.0570350" lon="6.7341860">
    <ele>1200.8</ele>
   </trkpt>
   <trkpt lat="45.0570090" lon="6.7343090">
    <ele>1200.2</ele>
   </trkpt>
   <trkpt lat="45.0569820" lon="6.7344330">
    <ele>1199.4</ele>
   </trkpt>
   <trkpt lat="45.0569520" lon="6.7345570">
    <ele>1198.6</ele>
   </trkpt>
   <trkpt lat="45.0569190" lon="6.7346870">
    <ele>1197.8</ele>
   </trkpt>
   <trkpt lat="45.0568910" lon="6.7348190">
    <ele>1196.8</ele>
   </trkpt>
   <trkpt lat="45.0568560" lon="6.7349620">
    <ele>1195.8</ele>
   </trkpt>
   <trkpt lat="45.0568200" lon="6.7351040">
    <ele>1194.7</ele>
   </trkpt>
   <trkpt lat="45.0567820" lon="6.7352530">
    <ele>1193.6</ele>
   </trkpt>
   <trkpt lat="45.0567370" lon="6.7354070">
    <ele>1192.7</ele>
   </trkpt>
   <trkpt lat="45.0566860" lon="6.7355540">
    <ele>1191.8</ele>
   </trkpt>
   <trkpt lat="45.0566290" lon="6.7357080">
    <ele>1190.9</ele>
   </trkpt>
   <trkpt lat="45.0565660" lon="6.7358660">
    <ele>1190.0</ele>
   </trkpt>
   <trkpt lat="45.0565070" lon="6.7360250">
    <ele>1189.2</ele>
   </trkpt>
   <trkpt lat="45.0564500" lon="6.7361800">
    <ele>1188.4</ele>
   </trkpt>
   <trkpt lat="45.0563860" lon="6.7363310">
    <ele>1187.8</ele>
   </trkpt>
   <trkpt lat="45.0563200" lon="6.7364810">
    <ele>1187.2</ele>
   </trkpt>
   <trkpt lat="45.0562540" lon="6.7366270">
    <ele>1186.7</ele>
   </trkpt>
   <trkpt lat="45.0561850" lon="6.7367720">
    <ele>1186.3</ele>
   </trkpt>
   <trkpt lat="45.0561190" lon="6.7369210">
    <ele>1186.0</ele>
   </trkpt>
   <trkpt lat="45.0560570" lon="6.7370690">
    <ele>1185.6</ele>
   </trkpt>
   <trkpt lat="45.0559960" lon="6.7372140">
    <ele>1185.3</ele>
   </trkpt>
   <trkpt lat="45.0559340" lon="6.7373580">
    <ele>1185.0</ele>
   </trkpt>
   <trkpt lat="45.0558730" lon="6.7375010">
    <ele>1184.7</ele>
   </trkpt>
   <trkpt lat="45.0558110" lon="6.7376380">
    <ele>1184.4</ele>
   </trkpt>
   <trkpt lat="45.0557540" lon="6.7377760">
    <ele>1184.1</ele>
   </trkpt>
   <trkpt lat="45.0557000" lon="6.7379090">
    <ele>1183.8</ele>
   </trkpt>
   <trkpt lat="45.0556430" lon="6.7380440">
    <ele>1183.6</ele>
   </trkpt>
   <trkpt lat="45.0555870" lon="6.7381740">
    <ele>1183.3</ele>
   </trkpt>
   <trkpt lat="45.0555250" lon="6.7383050">
    <ele>1183.1</ele>
   </trkpt>
   <trkpt lat="45.0554650" lon="6.7384350">
    <ele>1182.9</ele>
   </trkpt>
   <trkpt lat="45.0554070" lon="6.7385670">
    <ele>1182.7</ele>
   </trkpt>
   <trkpt lat="45.0553520" lon="6.7386900">
    <ele>1182.5</ele>
   </trkpt>
   <trkpt lat="45.0552950" lon="6.7388160">
    <ele>1182.3</ele>
   </trkpt>
   <trkpt lat="45.0552380" lon="6.7389380">
    <ele>1182.0</ele>
   </trkpt>
   <trkpt lat="45.0551820" lon="6.7390620">
    <ele>1181.8</ele>
   </trkpt>
   <trkpt lat="45.0551280" lon="6.7391930">
    <ele>1181.6</ele>
   </trkpt>
   <trkpt lat="45.0550770" lon="6.7393170">
    <ele>1181.4</ele>
   </trkpt>
   <trkpt lat="45.0550260" lon="6.7394290">
    <ele>1181.2</ele>
   </trkpt>
   <trkpt lat="45.0549740" lon="6.7395400">
    <ele>1181.0</ele>
   </trkpt>
   <trkpt lat="45.0549230" lon="6.7396520">
    <ele>1180.8</ele>
   </trkpt>
   <trkpt lat="45.0548780" lon="6.7397650">
    <ele>1180.6</ele>
   </trkpt>
   <trkpt lat="45.0548350" lon="6.7398760">
    <ele>1180.4</ele>
   </trkpt>
   <trkpt lat="45.0547930" lon="6.7399740">
    <ele>1180.3</ele>
   </trkpt>
   <trkpt lat="45.0547510" lon="6.7400790">
    <ele>1180.1</ele>
   </trkpt>
   <trkpt lat="45.0547120" lon="6.7401800">
    <ele>1180.0</ele>
   </trkpt>
   <trkpt lat="45.0546760" lon="6.7402870">
    <ele>1179.8</ele>
   </trkpt>
   <trkpt lat="45.0546350" lon="6.7403810">
    <ele>1179.6</ele>
   </trkpt>
   <trkpt lat="45.0545870" lon="6.7404780">
    <ele>1179.4</ele>
   </trkpt>
   <trkpt lat="45.0545400" lon="6.7405720">
    <ele>1179.3</ele>
   </trkpt>
   <trkpt lat="45.0544900" lon="6.7406710">
    <ele>1179.1</ele>
   </trkpt>
   <trkpt lat="45.0544390" lon="6.7407790">
    <ele>1178.9</ele>
   </trkpt>
   <trkpt lat="45.0543400" lon="6.7409930">
    <ele>1178.5</ele>
   </trkpt>
   <trkpt lat="45.0542940" lon="6.7410920">
    <ele>1178.4</ele>
   </trkpt>
   <trkpt lat="45.0542490" lon="6.7411920">
    <ele>1178.2</ele>
   </trkpt>
   <trkpt lat="45.0542050" lon="6.7412920">
    <ele>1178.1</ele>
   </trkpt>
   <trkpt lat="45.0541550" lon="6.7413850">
    <ele>1178.0</ele>
   </trkpt>
   <trkpt lat="45.0540980" lon="6.7414800">
    <ele>1177.8</ele>
   </trkpt>
   <trkpt lat="45.0540420" lon="6.7415740">
    <ele>1177.7</ele>
   </trkpt>
   <trkpt lat="45.0539860" lon="6.7416640">
    <ele>1177.6</ele>
   </trkpt>
   <trkpt lat="45.0539340" lon="6.7417510">
    <ele>1177.4</ele>
   </trkpt>
   <trkpt lat="45.0538760" lon="6.7418360">
    <ele>1177.3</ele>
   </trkpt>
   <trkpt lat="45.0538200" lon="6.7419200">
    <ele>1177.2</ele>
   </trkpt>
   <trkpt lat="45.0537660" lon="6.7420060">
    <ele>1177.0</ele>
   </trkpt>
   <trkpt lat="45.0537120" lon="6.7420850">
    <ele>1176.9</ele>
   </trkpt>
   <trkpt lat="45.0536570" lon="6.7421670">
    <ele>1176.8</ele>
   </trkpt>
   <trkpt lat="45.0536050" lon="6.7422420">
    <ele>1176.7</ele>
   </trkpt>
   <trkpt lat="45.0535490" lon="6.7423160">
    <ele>1176.6</ele>
   </trkpt>
   <trkpt lat="45.0534920" lon="6.7423840">
    <ele>1176.4</ele>
   </trkpt>
   <trkpt lat="45.0534390" lon="6.7424510">
    <ele>1176.3</ele>
   </trkpt>
   <trkpt lat="45.0533870" lon="6.7425150">
    <ele>1176.2</ele>
   </trkpt>
   <trkpt lat="45.0533350" lon="6.7425730">
    <ele>1176.1</ele>
   </trkpt>
   <trkpt lat="45.0532880" lon="6.7426290">
    <ele>1176.1</ele>
   </trkpt>
   <trkpt lat="45.0532390" lon="6.7426850">
    <ele>1176.0</ele>
   </trkpt>
   <trkpt lat="45.0531880" lon="6.7427380">
    <ele>1175.9</ele>
   </trkpt>
   <trkpt lat="45.0531390" lon="6.7427910">
    <ele>1175.8</ele>
   </trkpt>
   <trkpt lat="45.0530840" lon="6.7428360">
    <ele>1175.7</ele>
   </trkpt>
   <trkpt lat="45.0530300" lon="6.7428850">
    <ele>1175.7</ele>
   </trkpt>
   <trkpt lat="45.0529800" lon="6.7429360">
    <ele>1175.6</ele>
   </trkpt>
   <trkpt lat="45.0529240" lon="6.7429800">
    <ele>1175.6</ele>
   </trkpt>
   <trkpt lat="45.0528650" lon="6.7430210">
    <ele>1175.5</ele>
   </trkpt>
   <trkpt lat="45.0528110" lon="6.7430630">
    <ele>1175.4</ele>
   </trkpt>
   <trkpt lat="45.0527590" lon="6.7431090">
    <ele>1175.3</ele>
   </trkpt>
   <trkpt lat="45.0527100" lon="6.7431550">
    <ele>1175.2</ele>
   </trkpt>
   <trkpt lat="45.0526570" lon="6.7431890">
    <ele>1175.1</ele>
   </trkpt>
   <trkpt lat="45.0526020" lon="6.7432170">
    <ele>1175.1</ele>
   </trkpt>
   <trkpt lat="45.0525500" lon="6.7432510">
    <ele>1175.0</ele>
   </trkpt>
   <trkpt lat="45.0525060" lon="6.7432940">
    <ele>1175.0</ele>
   </trkpt>
   <trkpt lat="45.0524610" lon="6.7433340">
    <ele>1174.9</ele>
   </trkpt>
   <trkpt lat="45.0524140" lon="6.7433730">
    <ele>1174.9</ele>
   </trkpt>
   <trkpt lat="45.0523210" lon="6.7434580">
    <ele>1174.8</ele>
   </trkpt>
   <trkpt lat="45.0522710" lon="6.7435070">
    <ele>1174.7</ele>
   </trkpt>
   <trkpt lat="45.0522260" lon="6.7435560">
    <ele>1174.6</ele>
   </trkpt>
   <trkpt lat="45.0521780" lon="6.7436030">
    <ele>1174.5</ele>
   </trkpt>
   <trkpt lat="45.0521280" lon="6.7436420">
    <ele>1174.5</ele>
   </trkpt>
   <trkpt lat="45.0520750" lon="6.7436850">
    <ele>1174.3</ele>
   </trkpt>
   <trkpt lat="45.0520250" lon="6.7437420">
    <ele>1174.2</ele>
   </trkpt>
   <trkpt lat="45.0519870" lon="6.7438220">
    <ele>1174.1</ele>
   </trkpt>
   <trkpt lat="45.0519510" lon="6.7439140">
    <ele>1173.9</ele>
   </trkpt>
   <trkpt lat="45.0519170" lon="6.7440090">
    <ele>1173.7</ele>
   </trkpt>
   <trkpt lat="45.0518850" lon="6.7441160">
    <ele>1173.4</ele>
   </trkpt>
   <trkpt lat="45.0518520" lon="6.7442290">
    <ele>1173.1</ele>
   </trkpt>
   <trkpt lat="45.0518170" lon="6.7443480">
    <ele>1172.8</ele>
   </trkpt>
   <trkpt lat="45.0517800" lon="6.7444650">
    <ele>1172.5</ele>
   </trkpt>
   <trkpt lat="45.0517340" lon="6.7445790">
    <ele>1172.2</ele>
   </trkpt>
   <trkpt lat="45.0516880" lon="6.7446850">
    <ele>1172.0</ele>
   </trkpt>
   <trkpt lat="45.0516410" lon="6.7447910">
    <ele>1171.7</ele>
   </trkpt>
   <trkpt lat="45.0515920" lon="6.7448950">
    <ele>1171.5</ele>
   </trkpt>
   <trkpt lat="45.0515370" lon="6.7449980">
    <ele>1171.3</ele>
   </trkpt>
   <trkpt lat="45.0514810" lon="6.7451020">
    <ele>1171.0</ele>
   </trkpt>
   <trkpt lat="45.0514270" lon="6.7452070">
    <ele>1170.7</ele>
   </trkpt>
   <trkpt lat="45.0513720" lon="6.7453110">
    <ele>1170.5</ele>
   </trkpt>
   <trkpt lat="45.0513150" lon="6.7454160">
    <ele>1170.2</ele>
   </trkpt>
   <trkpt lat="45.0512520" lon="6.7455190">
    <ele>1169.9</ele>
   </trkpt>
   <trkpt lat="45.0511910" lon="6.7456170">
    <ele>1169.7</ele>
   </trkpt>
   <trkpt lat="45.0511260" lon="6.7457080">
    <ele>1169.5</ele>
   </trkpt>
   <trkpt lat="45.0510570" lon="6.7457990">
    <ele>1169.3</ele>
   </trkpt>
   <trkpt lat="45.0509860" lon="6.7458790">
    <ele>1169.1</ele>
   </trkpt>
   <trkpt lat="45.0509150" lon="6.7459510">
    <ele>1169.0</ele>
   </trkpt>
   <trkpt lat="45.0508480" lon="6.7460280">
    <ele>1168.9</ele>
   </trkpt>
   <trkpt lat="45.0507820" lon="6.7461030">
    <ele>1168.7</ele>
   </trkpt>
   <trkpt lat="45.0507210" lon="6.7461730">
    <ele>1168.6</ele>
   </trkpt>
   <trkpt lat="45.0506650" lon="6.7462510">
    <ele>1168.4</ele>
   </trkpt>
   <trkpt lat="45.0506130" lon="6.7463290">
    <ele>1168.3</ele>
   </trkpt>
   <trkpt lat="45.0505700" lon="6.7464230">
    <ele>1168.2</ele>
   </trkpt>
   <trkpt lat="45.0505350" lon="6.7465280">
    <ele>1168.1</ele>
   </trkpt>
   <trkpt lat="45.0505010" lon="6.7466360">
    <ele>1167.9</ele>
   </trkpt>
   <trkpt lat="45.0504710" lon="6.7467460">
    <ele>1167.7</ele>
   </trkpt>
   <trkpt lat="45.0504420" lon="6.7468560">
    <ele>1167.6</ele>
   </trkpt>
   <trkpt lat="45.0504180" lon="6.7469680">
    <ele>1167.4</ele>
   </trkpt>
   <trkpt lat="45.0503920" lon="6.7470870">
    <ele>1167.2</ele>
   </trkpt>
   <trkpt lat="45.0503660" lon="6.7472060">
    <ele>1167.1</ele>
   </trkpt>
   <trkpt lat="45.0503400" lon="6.7473280">
    <ele>1167.0</ele>
   </trkpt>
   <trkpt lat="45.0503180" lon="6.7474440">
    <ele>1166.9</ele>
   </trkpt>
   <trkpt lat="45.0502930" lon="6.7475530">
    <ele>1166.8</ele>
   </trkpt>
   <trkpt lat="45.0502700" lon="6.7476660">
    <ele>1166.7</ele>
   </trkpt>
   <trkpt lat="45.0502490" lon="6.7477750">
    <ele>1166.6</ele>
   </trkpt>
   <trkpt lat="45.0502220" lon="6.7478860">
    <ele>1166.5</ele>
   </trkpt>
   <trkpt lat="45.0501970" lon="6.7480000">
    <ele>1166.4</ele>
   </trkpt>
   <trkpt lat="45.0501700" lon="6.7481130">
    <ele>1166.2</ele>
   </trkpt>
   <trkpt lat="45.0501220" lon="6.7483440">
    <ele>1166.0</ele>
   </trkpt>
   <trkpt lat="45.0500940" lon="6.7484610">
    <ele>1165.9</ele>
   </trkpt>
   <trkpt lat="45.0500620" lon="6.7485750">
    <ele>1165.8</ele>
   </trkpt>
   <trkpt lat="45.0500260" lon="6.7486920">
    <ele>1165.7</ele>
   </trkpt>
   <trkpt lat="45.0499870" lon="6.7488130">
    <ele>1165.6</ele>
   </trkpt>
   <trkpt lat="45.0499490" lon="6.7489380">
    <ele>1165.4</ele>
   </trkpt>
   <trkpt lat="45.0499080" lon="6.7490600">
    <ele>1165.3</ele>
   </trkpt>
   <trkpt lat="45.0498700" lon="6.7491760">
    <ele>1165.2</ele>
   </trkpt>
   <trkpt lat="45.0498270" lon="6.7492910">
    <ele>1165.1</ele>
   </trkpt>
   <trkpt lat="45.0497780" lon="6.7494050">
    <ele>1165.0</ele>
   </trkpt>
   <trkpt lat="45.0497250" lon="6.7495190">
    <ele>1164.9</ele>
   </trkpt>
   <trkpt lat="45.0496700" lon="6.7496390">
    <ele>1164.7</ele>
   </trkpt>
   <trkpt lat="45.0496120" lon="6.7497600">
    <ele>1164.6</ele>
   </trkpt>
   <trkpt lat="45.0495480" lon="6.7498800">
    <ele>1164.4</ele>
   </trkpt>
   <trkpt lat="45.0494880" lon="6.7500010">
    <ele>1164.3</ele>
   </trkpt>
   <trkpt lat="45.0494240" lon="6.7501230">
    <ele>1164.1</ele>
   </trkpt>
   <trkpt lat="45.0493630" lon="6.7502490">
    <ele>1164.0</ele>
   </trkpt>
   <trkpt lat="45.0493040" lon="6.7503730">
    <ele>1163.8</ele>
   </trkpt>
   <trkpt lat="45.0492460" lon="6.7504970">
    <ele>1163.6</ele>
   </trkpt>
   <trkpt lat="45.0491910" lon="6.7506220">
    <ele>1163.5</ele>
   </trkpt>
   <trkpt lat="45.0491350" lon="6.7507480">
    <ele>1163.3</ele>
   </trkpt>
   <trkpt lat="45.0490800" lon="6.7508730">
    <ele>1163.1</ele>
   </trkpt>
   <trkpt lat="45.0490270" lon="6.7510000">
    <ele>1163.0</ele>
   </trkpt>
   <trkpt lat="45.0489740" lon="6.7511320">
    <ele>1162.8</ele>
   </trkpt>
   <trkpt lat="45.0488620" lon="6.7513680">
    <ele>1162.4</ele>
   </trkpt>
   <trkpt lat="45.0488060" lon="6.7514900">
    <ele>1162.2</ele>
   </trkpt>
   <trkpt lat="45.0487490" lon="6.7516160">
    <ele>1162.0</ele>
   </trkpt>
   <trkpt lat="45.0486950" lon="6.7517410">
    <ele>1161.9</ele>
   </trkpt>
   <trkpt lat="45.0486380" lon="6.7518730">
    <ele>1161.6</ele>
   </trkpt>
   <trkpt lat="45.0485870" lon="6.7520060">
    <ele>1161.4</ele>
   </trkpt>
   <trkpt lat="45.0485380" lon="6.7521300">
    <ele>1161.2</ele>
   </trkpt>
   <trkpt lat="45.0484880" lon="6.7522570">
    <ele>1161.0</ele>
   </trkpt>
   <trkpt lat="45.0484420" lon="6.7523890">
    <ele>1160.8</ele>
   </trkpt>
   <trkpt lat="45.0483980" lon="6.7525170">
    <ele>1160.6</ele>
   </trkpt>
   <trkpt lat="45.0483520" lon="6.7526540">
    <ele>1160.3</ele>
   </trkpt>
   <trkpt lat="45.0483060" lon="6.7527860">
    <ele>1160.1</ele>
   </trkpt>
   <trkpt lat="45.0482630" lon="6.7529200">
    <ele>1159.8</ele>
   </trkpt>
   <trkpt lat="45.0482260" lon="6.7530620">
    <ele>1159.6</ele>
   </trkpt>
   <trkpt lat="45.0481880" lon="6.7532060">
    <ele>1159.4</ele>
   </trkpt>
   <trkpt lat="45.0481500" lon="6.7533450">
    <ele>1159.2</ele>
   </trkpt>
   <trkpt lat="45.0481150" lon="6.7534860">
    <ele>1158.9</ele>
   </trkpt>
   <trkpt lat="45.0480810" lon="6.7536280">
    <ele>1158.7</ele>
   </trkpt>
   <trkpt lat="45.0480500" lon="6.7537670">
    <ele>1158.5</ele>
   </trkpt>
   <trkpt lat="45.0480200" lon="6.7539050">
    <ele>1158.4</ele>
   </trkpt>
   <trkpt lat="45.0479910" lon="6.7540430">
    <ele>1158.2</ele>
   </trkpt>
   <trkpt lat="45.0479590" lon="6.7541810">
    <ele>1158.0</ele>
   </trkpt>
   <trkpt lat="45.0479280" lon="6.7543200">
    <ele>1157.8</ele>
   </trkpt>
   <trkpt lat="45.0478960" lon="6.7544650">
    <ele>1157.6</ele>
   </trkpt>
   <trkpt lat="45.0478630" lon="6.7546120">
    <ele>1157.4</ele>
   </trkpt>
   <trkpt lat="45.0478300" lon="6.7547570">
    <ele>1157.2</ele>
   </trkpt>
   <trkpt lat="45.0477970" lon="6.7548970">
    <ele>1156.9</ele>
   </trkpt>
   <trkpt lat="45.0477630" lon="6.7550410">
    <ele>1156.6</ele>
   </trkpt>
   <trkpt lat="45.0477280" lon="6.7551850">
    <ele>1156.3</ele>
   </trkpt>
   <trkpt lat="45.0476900" lon="6.7553310">
    <ele>1156.0</ele>
   </trkpt>
   <trkpt lat="45.0476510" lon="6.7554830">
    <ele>1155.7</ele>
   </trkpt>
   <trkpt lat="45.0476180" lon="6.7556360">
    <ele>1155.5</ele>
   </trkpt>
   <trkpt lat="45.0475850" lon="6.7557880">
    <ele>1155.2</ele>
   </trkpt>
   <trkpt lat="45.0475490" lon="6.7559360">
    <ele>1154.9</ele>
   </trkpt>
   <trkpt lat="45.0475130" lon="6.7560880">
    <ele>1154.7</ele>
   </trkpt>
   <trkpt lat="45.0474770" lon="6.7562420">
    <ele>1154.4</ele>
   </trkpt>
   <trkpt lat="45.0474460" lon="6.7563850">
    <ele>1154.1</ele>
   </trkpt>
   <trkpt lat="45.0474140" lon="6.7565340">
    <ele>1153.8</ele>
   </trkpt>
   <trkpt lat="45.0473840" lon="6.7566790">
    <ele>1153.6</ele>
   </trkpt>
   <trkpt lat="45.0473530" lon="6.7568200">
    <ele>1153.3</ele>
   </trkpt>
   <trkpt lat="45.0473190" lon="6.7569620">
    <ele>1153.0</ele>
   </trkpt>
   <trkpt lat="45.0472860" lon="6.7570980">
    <ele>1152.7</ele>
   </trkpt>
   <trkpt lat="45.0472570" lon="6.7572350">
    <ele>1152.4</ele>
   </trkpt>
   <trkpt lat="45.0472280" lon="6.7573730">
    <ele>1152.2</ele>
   </trkpt>
   <trkpt lat="45.0471990" lon="6.7574990">
    <ele>1152.0</ele>
   </trkpt>
   <trkpt lat="45.0471670" lon="6.7576240">
    <ele>1151.8</ele>
   </trkpt>
   <trkpt lat="45.0471330" lon="6.7577530">
    <ele>1151.6</ele>
   </trkpt>
   <trkpt lat="45.0471020" lon="6.7578880">
    <ele>1151.4</ele>
   </trkpt>
   <trkpt lat="45.0470680" lon="6.7580140">
    <ele>1151.3</ele>
   </trkpt>
   <trkpt lat="45.0470370" lon="6.7581530">
    <ele>1151.2</ele>
   </trkpt>
   <trkpt lat="45.0470050" lon="6.7582900">
    <ele>1151.1</ele>
   </trkpt>
   <trkpt lat="45.0469740" lon="6.7584280">
    <ele>1150.9</ele>
   </trkpt>
   <trkpt lat="45.0469460" lon="6.7585560">
    <ele>1150.7</ele>
   </trkpt>
   <trkpt lat="45.0469180" lon="6.7586900">
    <ele>1150.5</ele>
   </trkpt>
   <trkpt lat="45.0468890" lon="6.7588220">
    <ele>1150.3</ele>
   </trkpt>
   <trkpt lat="45.0468610" lon="6.7589500">
    <ele>1150.1</ele>
   </trkpt>
   <trkpt lat="45.0468350" lon="6.7590770">
    <ele>1150.0</ele>
   </trkpt>
   <trkpt lat="45.0468150" lon="6.7592110">
    <ele>1149.9</ele>
   </trkpt>
   <trkpt lat="45.0467980" lon="6.7593470">
    <ele>1149.8</ele>
   </trkpt>
   <trkpt lat="45.0467780" lon="6.7594770">
    <ele>1149.7</ele>
   </trkpt>
   <trkpt lat="45.0467570" lon="6.7596090">
    <ele>1149.6</ele>
   </trkpt>
   <trkpt lat="45.0467320" lon="6.7597360">
    <ele>1149.6</ele>
   </trkpt>
   <trkpt lat="45.0467080" lon="6.7598620">
    <ele>1149.5</ele>
   </trkpt>
   <trkpt lat="45.0466750" lon="6.7599880">
    <ele>1149.5</ele>
   </trkpt>
   <trkpt lat="45.0466390" lon="6.7601140">
    <ele>1149.3</ele>
   </trkpt>
   <trkpt lat="45.0465990" lon="6.7602420">
    <ele>1149.1</ele>
   </trkpt>
   <trkpt lat="45.0465590" lon="6.7603740">
    <ele>1149.0</ele>
   </trkpt>
   <trkpt lat="45.0465170" lon="6.7605020">
    <ele>1148.8</ele>
   </trkpt>
   <trkpt lat="45.0464740" lon="6.7606280">
    <ele>1148.7</ele>
   </trkpt>
   <trkpt lat="45.0464320" lon="6.7607580">
    <ele>1148.5</ele>
   </trkpt>
   <trkpt lat="45.0463930" lon="6.7608910">
    <ele>1148.3</ele>
   </trkpt>
   <trkpt lat="45.0463570" lon="6.7610200">
    <ele>1148.2</ele>
   </trkpt>
   <trkpt lat="45.0463210" lon="6.7611520">
    <ele>1148.0</ele>
   </trkpt>
   <trkpt lat="45.0462870" lon="6.7612800">
    <ele>1147.8</ele>
   </trkpt>
   <trkpt lat="45.0462500" lon="6.7614040">
    <ele>1147.6</ele>
   </trkpt>
   <trkpt lat="45.0462120" lon="6.7615280">
    <ele>1147.4</ele>
   </trkpt>
   <trkpt lat="45.0461780" lon="6.7616580">
    <ele>1147.2</ele>
   </trkpt>
   <trkpt lat="45.0461450" lon="6.7617890">
    <ele>1147.0</ele>
   </trkpt>
   <trkpt lat="45.0461090" lon="6.7619250">
    <ele>1146.8</ele>
   </trkpt>
   <trkpt lat="45.0460710" lon="6.7620620">
    <ele>1146.5</ele>
   </trkpt>
   <trkpt lat="45.0460350" lon="6.7621960">
    <ele>1146.2</ele>
   </trkpt>
   <trkpt lat="45.0459960" lon="6.7623350">
    <ele>1145.8</ele>
   </trkpt>
   <trkpt lat="45.0459660" lon="6.7624710">
    <ele>1145.5</ele>
   </trkpt>
   <trkpt lat="45.0459310" lon="6.7626130">
    <ele>1145.2</ele>
   </trkpt>
   <trkpt lat="45.0458940" lon="6.7627550">
    <ele>1144.8</ele>
   </trkpt>
   <trkpt lat="45.0458550" lon="6.7628890">
    <ele>1144.5</ele>
   </trkpt>
   <trkpt lat="45.0458160" lon="6.7630300">
    <ele>1144.1</ele>
   </trkpt>
   <trkpt lat="45.0457810" lon="6.7631730">
    <ele>1143.8</ele>
   </trkpt>
   <trkpt lat="45.0457410" lon="6.7633170">
    <ele>1143.4</ele>
   </trkpt>
   <trkpt lat="45.0457010" lon="6.7634620">
    <ele>1143.1</ele>
   </trkpt>
   <trkpt lat="45.0456620" lon="6.7636080">
    <ele>1142.8</ele>
   </trkpt>
   <trkpt lat="45.0456240" lon="6.7637520">
    <ele>1142.4</ele>
   </trkpt>
   <trkpt lat="45.0455870" lon="6.7638940">
    <ele>1142.1</ele>
   </trkpt>
   <trkpt lat="45.0455490" lon="6.7640400">
    <ele>1141.7</ele>
   </trkpt>
   <trkpt lat="45.0455170" lon="6.7641790">
    <ele>1141.4</ele>
   </trkpt>
   <trkpt lat="45.0454840" lon="6.7643230">
    <ele>1141.0</ele>
   </trkpt>
   <trkpt lat="45.0454530" lon="6.7644670">
    <ele>1140.6</ele>
   </trkpt>
   <trkpt lat="45.0454190" lon="6.7646100">
    <ele>1140.3</ele>
   </trkpt>
   <trkpt lat="45.0453820" lon="6.7647520">
    <ele>1140.0</ele>
   </trkpt>
   <trkpt lat="45.0453440" lon="6.7648950">
    <ele>1139.8</ele>
   </trkpt>
   <trkpt lat="45.0453110" lon="6.7650350">
    <ele>1139.6</ele>
   </trkpt>
   <trkpt lat="45.0452750" lon="6.7651760">
    <ele>1139.4</ele>
   </trkpt>
   <trkpt lat="45.0452420" lon="6.7653140">
    <ele>1139.2</ele>
   </trkpt>
   <trkpt lat="45.0452120" lon="6.7654580">
    <ele>1139.0</ele>
   </trkpt>
   <trkpt lat="45.0451810" lon="6.7655980">
    <ele>1138.8</ele>
   </trkpt>
   <trkpt lat="45.0451560" lon="6.7657350">
    <ele>1138.6</ele>
   </trkpt>
   <trkpt lat="45.0451330" lon="6.7658760">
    <ele>1138.5</ele>
   </trkpt>
   <trkpt lat="45.0451100" lon="6.7660200">
    <ele>1138.3</ele>
   </trkpt>
   <trkpt lat="45.0450900" lon="6.7661660">
    <ele>1138.1</ele>
   </trkpt>
   <trkpt lat="45.0450660" lon="6.7664570">
    <ele>1137.8</ele>
   </trkpt>
   <trkpt lat="45.0450540" lon="6.7666010">
    <ele>1137.7</ele>
   </trkpt>
   <trkpt lat="45.0450450" lon="6.7667480">
    <ele>1137.6</ele>
   </trkpt>
   <trkpt lat="45.0450400" lon="6.7668940">
    <ele>1137.4</ele>
   </trkpt>
   <trkpt lat="45.0450350" lon="6.7670380">
    <ele>1137.3</ele>
   </trkpt>
   <trkpt lat="45.0450320" lon="6.7671860">
    <ele>1137.2</ele>
   </trkpt>
   <trkpt lat="45.0450300" lon="6.7673270">
    <ele>1137.0</ele>
   </trkpt>
   <trkpt lat="45.0450230" lon="6.7674700">
    <ele>1136.8</ele>
   </trkpt>
   <trkpt lat="45.0450180" lon="6.7676140">
    <ele>1136.5</ele>
   </trkpt>
   <trkpt lat="45.0450130" lon="6.7677610">
    <ele>1136.3</ele>
   </trkpt>
   <trkpt lat="45.0450090" lon="6.7679060">
    <ele>1136.1</ele>
   </trkpt>
   <trkpt lat="45.0450030" lon="6.7680540">
    <ele>1135.9</ele>
   </trkpt>
   <trkpt lat="45.0449970" lon="6.7681980">
    <ele>1135.7</ele>
   </trkpt>
   <trkpt lat="45.0449910" lon="6.7683450">
    <ele>1135.5</ele>
   </trkpt>
   <trkpt lat="45.0449850" lon="6.7684870">
    <ele>1135.4</ele>
   </trkpt>
   <trkpt lat="45.0449800" lon="6.7686330">
    <ele>1135.2</ele>
   </trkpt>
   <trkpt lat="45.0449750" lon="6.7687820">
    <ele>1135.0</ele>
   </trkpt>
   <trkpt lat="45.0449710" lon="6.7689320">
    <ele>1134.8</ele>
   </trkpt>
   <trkpt lat="45.0449690" lon="6.7690770">
    <ele>1134.6</ele>
   </trkpt>
   <trkpt lat="45.0449670" lon="6.7692230">
    <ele>1134.4</ele>
   </trkpt>
   <trkpt lat="45.0449650" lon="6.7693690">
    <ele>1134.2</ele>
   </trkpt>
   <trkpt lat="45.0449610" lon="6.7695150">
    <ele>1134.1</ele>
   </trkpt>
   <trkpt lat="45.0449560" lon="6.7696600">
    <ele>1133.9</ele>
   </trkpt>
   <trkpt lat="45.0449500" lon="6.7698060">
    <ele>1133.7</ele>
   </trkpt>
   <trkpt lat="45.0449470" lon="6.7699490">
    <ele>1133.6</ele>
   </trkpt>
   <trkpt lat="45.0449440" lon="6.7700970">
    <ele>1133.3</ele>
   </trkpt>
   <trkpt lat="45.0449330" lon="6.7703770">
    <ele>1132.8</ele>
   </trkpt>
   <trkpt lat="45.0449250" lon="6.7705290">
    <ele>1132.6</ele>
   </trkpt>
   <trkpt lat="45.0449160" lon="6.7706850">
    <ele>1132.4</ele>
   </trkpt>
   <trkpt lat="45.0449090" lon="6.7708400">
    <ele>1132.2</ele>
   </trkpt>
   <trkpt lat="45.0449020" lon="6.7709930">
    <ele>1132.0</ele>
   </trkpt>
   <trkpt lat="45.0448950" lon="6.7711430">
    <ele>1131.8</ele>
   </trkpt>
   <trkpt lat="45.0448890" lon="6.7712900">
    <ele>1131.7</ele>
   </trkpt>
   <trkpt lat="45.0448830" lon="6.7714350">
    <ele>1131.5</ele>
   </trkpt>
   <trkpt lat="45.0448750" lon="6.7715750">
    <ele>1131.4</ele>
   </trkpt>
   <trkpt lat="45.0448700" lon="6.7717200">
    <ele>1131.2</ele>
   </trkpt>
   <trkpt lat="45.0448670" lon="6.7718650">
    <ele>1131.0</ele>
   </trkpt>
   <trkpt lat="45.0448650" lon="6.7720070">
    <ele>1130.9</ele>
   </trkpt>
   <trkpt lat="45.0448600" lon="6.7721600">
    <ele>1130.8</ele>
   </trkpt>
   <trkpt lat="45.0448510" lon="6.7723060">
    <ele>1130.7</ele>
   </trkpt>
   <trkpt lat="45.0448400" lon="6.7724480">
    <ele>1130.5</ele>
   </trkpt>
   <trkpt lat="45.0448310" lon="6.7725900">
    <ele>1130.4</ele>
   </trkpt>
   <trkpt lat="45.0448240" lon="6.7727330">
    <ele>1130.3</ele>
   </trkpt>
   <trkpt lat="45.0448170" lon="6.7728800">
    <ele>1130.1</ele>
   </trkpt>
   <trkpt lat="45.0448090" lon="6.7730170">
    <ele>1130.0</ele>
   </trkpt>
   <trkpt lat="45.0447980" lon="6.7731600">
    <ele>1129.9</ele>
   </trkpt>
   <trkpt lat="45.0447800" lon="6.7733000">
    <ele>1129.7</ele>
   </trkpt>
   <trkpt lat="45.0447610" lon="6.7734420">
    <ele>1129.6</ele>
   </trkpt>
   <trkpt lat="45.0447420" lon="6.7735810">
    <ele>1129.5</ele>
   </trkpt>
   <trkpt lat="45.0447190" lon="6.7737180">
    <ele>1129.3</ele>
   </trkpt>
   <trkpt lat="45.0446940" lon="6.7738530">
    <ele>1129.2</ele>
   </trkpt>
   <trkpt lat="45.0446670" lon="6.7739880">
    <ele>1129.0</ele>
   </trkpt>
   <trkpt lat="45.0446350" lon="6.7741170">
    <ele>1128.8</ele>
   </trkpt>
   <trkpt lat="45.0446050" lon="6.7742510">
    <ele>1128.7</ele>
   </trkpt>
   <trkpt lat="45.0445750" lon="6.7743910">
    <ele>1128.6</ele>
   </trkpt>
   <trkpt lat="45.0445440" lon="6.7745290">
    <ele>1128.4</ele>
   </trkpt>
   <trkpt lat="45.0445130" lon="6.7746620">
    <ele>1128.3</ele>
   </trkpt>
   <trkpt lat="45.0444830" lon="6.7747980">
    <ele>1128.1</ele>
   </trkpt>
   <trkpt lat="45.0444510" lon="6.7749390">
    <ele>1128.0</ele>
   </trkpt>
   <trkpt lat="45.0444200" lon="6.7750820">
    <ele>1127.8</ele>
   </trkpt>
   <trkpt lat="45.0443900" lon="6.7752290">
    <ele>1127.6</ele>
   </trkpt>
   <trkpt lat="45.0443600" lon="6.7753710">
    <ele>1127.4</ele>
   </trkpt>
   <trkpt lat="45.0443250" lon="6.7755170">
    <ele>1127.2</ele>
   </trkpt>
   <trkpt lat="45.0442900" lon="6.7756600">
    <ele>1127.0</ele>
   </trkpt>
   <trkpt lat="45.0442590" lon="6.7758010">
    <ele>1126.8</ele>
   </trkpt>
   <trkpt lat="45.0442250" lon="6.7759390">
    <ele>1126.6</ele>
   </trkpt>
   <trkpt lat="45.0441900" lon="6.7760810">
    <ele>1126.4</ele>
   </trkpt>
   <trkpt lat="45.0441540" lon="6.7762230">
    <ele>1126.2</ele>
   </trkpt>
   <trkpt lat="45.0441200" lon="6.7763660">
    <ele>1126.0</ele>
   </trkpt>
   <trkpt lat="45.0440860" lon="6.7765100">
    <ele>1125.8</ele>
   </trkpt>
   <trkpt lat="45.0440510" lon="6.7766450">
    <ele>1125.7</ele>
   </trkpt>
   <trkpt lat="45.0440120" lon="6.7767770">
    <ele>1125.6</ele>
   </trkpt>
   <trkpt lat="45.0439650" lon="6.7769020">
    <ele>1125.5</ele>
   </trkpt>
   <trkpt lat="45.0439290" lon="6.7770370">
    <ele>1125.4</ele>
   </trkpt>
   <trkpt lat="45.0438880" lon="6.7771600">
    <ele>1125.3</ele>
   </trkpt>
   <trkpt lat="45.0438400" lon="6.7772850">
    <ele>1125.2</ele>
   </trkpt>
   <trkpt lat="45.0437830" lon="6.7774090">
    <ele>1125.1</ele>
   </trkpt>
   <trkpt lat="45.0437360" lon="6.7775290">
    <ele>1125.0</ele>
   </trkpt>
   <trkpt lat="45.0436900" lon="6.7776550">
    <ele>1124.8</ele>
   </trkpt>
   <trkpt lat="45.0436390" lon="6.7777810">
    <ele>1124.8</ele>
   </trkpt>
   <trkpt lat="45.0435890" lon="6.7779030">
    <ele>1124.7</ele>
   </trkpt>
   <trkpt lat="45.0435350" lon="6.7780370">
    <ele>1124.7</ele>
   </trkpt>
   <trkpt lat="45.0434850" lon="6.7781720">
    <ele>1124.8</ele>
   </trkpt>
   <trkpt lat="45.0434360" lon="6.7783010">
    <ele>1124.8</ele>
   </trkpt>
   <trkpt lat="45.0433870" lon="6.7784280">
    <ele>1124.9</ele>
   </trkpt>
   <trkpt lat="45.0433390" lon="6.7785510">
    <ele>1125.0</ele>
   </trkpt>
   <trkpt lat="45.0432920" lon="6.7786790">
    <ele>1125.1</ele>
   </trkpt>
   <trkpt lat="45.0432490" lon="6.7787980">
    <ele>1125.2</ele>
   </trkpt>
   <trkpt lat="45.0432010" lon="6.7789210">
    <ele>1125.3</ele>
   </trkpt>
   <trkpt lat="45.0431520" lon="6.7790400">
    <ele>1125.4</ele>
   </trkpt>
   <trkpt lat="45.0431070" lon="6.7791620">
    <ele>1125.6</ele>
   </trkpt>
   <trkpt lat="45.0430610" lon="6.7792870">
    <ele>1125.8</ele>
   </trkpt>
   <trkpt lat="45.0430130" lon="6.7794020">
    <ele>1126.0</ele>
   </trkpt>
   <trkpt lat="45.0429670" lon="6.7795230">
    <ele>1126.2</ele>
   </trkpt>
   <trkpt lat="45.0429230" lon="6.7796410">
    <ele>1126.2</ele>
   </trkpt>
   <trkpt lat="45.0428780" lon="6.7797580">
    <ele>1126.3</ele>
   </trkpt>
   <trkpt lat="45.0428340" lon="6.7798720">
    <ele>1126.5</ele>
   </trkpt>
   <trkpt lat="45.0427920" lon="6.7799910">
    <ele>1126.6</ele>
   </trkpt>
   <trkpt lat="45.0427470" lon="6.7801040">
    <ele>1126.7</ele>
   </trkpt>
   <trkpt lat="45.0427030" lon="6.7802140">
    <ele>1126.9</ele>
   </trkpt>
   <trkpt lat="45.0426610" lon="6.7803270">
    <ele>1127.1</ele>
   </trkpt>
   <trkpt lat="45.0425810" lon="6.7805390">
    <ele>1127.3</ele>
   </trkpt>
   <trkpt lat="45.0425430" lon="6.7806390">
    <ele>1127.4</ele>
   </trkpt>
   <trkpt lat="45.0425030" lon="6.7807480">
    <ele>1127.5</ele>
   </trkpt>
   <trkpt lat="45.0424620" lon="6.7808540">
    <ele>1127.5</ele>
   </trkpt>
   <trkpt lat="45.0424240" lon="6.7809640">
    <ele>1127.5</ele>
   </trkpt>
   <trkpt lat="45.0423830" lon="6.7810730">
    <ele>1127.4</ele>
   </trkpt>
   <trkpt lat="45.0423420" lon="6.7811820">
    <ele>1127.3</ele>
   </trkpt>
   <trkpt lat="45.0422990" lon="6.7812940">
    <ele>1127.1</ele>
   </trkpt>
   <trkpt lat="45.0422550" lon="6.7814080">
    <ele>1126.9</ele>
   </trkpt>
   <trkpt lat="45.0422120" lon="6.7815230">
    <ele>1126.8</ele>
   </trkpt>
   <trkpt lat="45.0421720" lon="6.7816380">
    <ele>1126.6</ele>
   </trkpt>
   <trkpt lat="45.0421330" lon="6.7817590">
    <ele>1126.4</ele>
   </trkpt>
   <trkpt lat="45.0420630" lon="6.7820130">
    <ele>1126.0</ele>
   </trkpt>
   <trkpt lat="45.0420340" lon="6.7821360">
    <ele>1125.8</ele>
   </trkpt>
   <trkpt lat="45.0420090" lon="6.7822630">
    <ele>1125.6</ele>
   </trkpt>
   <trkpt lat="45.0419830" lon="6.7823870">
    <ele>1125.3</ele>
   </trkpt>
   <trkpt lat="45.0419580" lon="6.7825100">
    <ele>1125.1</ele>
   </trkpt>
   <trkpt lat="45.0419320" lon="6.7826310">
    <ele>1124.8</ele>
   </trkpt>
   <trkpt lat="45.0419100" lon="6.7827580">
    <ele>1124.5</ele>
   </trkpt>
   <trkpt lat="45.0418870" lon="6.7828840">
    <ele>1124.2</ele>
   </trkpt>
   <trkpt lat="45.0418680" lon="6.7830070">
    <ele>1124.0</ele>
   </trkpt>
   <trkpt lat="45.0418460" lon="6.7831280">
    <ele>1123.7</ele>
   </trkpt>
   <trkpt lat="45.0418260" lon="6.7832560">
    <ele>1123.3</ele>
   </trkpt>
   <trkpt lat="45.0418070" lon="6.7833770">
    <ele>1123.0</ele>
   </trkpt>
   <trkpt lat="45.0417870" lon="6.7835050">
    <ele>1122.7</ele>
   </trkpt>
   <trkpt lat="45.0417770" lon="6.7836340">
    <ele>1122.3</ele>
   </trkpt>
   <trkpt lat="45.0417720" lon="6.7837610">
    <ele>1122.1</ele>
   </trkpt>
   <trkpt lat="45.0417640" lon="6.7838980">
    <ele>1121.8</ele>
   </trkpt>
   <trkpt lat="45.0417590" lon="6.7840350">
    <ele>1121.2</ele>
   </trkpt>
   <trkpt lat="45.0417610" lon="6.7841720">
    <ele>1120.6</ele>
   </trkpt>
   <trkpt lat="45.0417650" lon="6.7843090">
    <ele>1120.1</ele>
   </trkpt>
   <trkpt lat="45.0417670" lon="6.7844490">
    <ele>1119.5</ele>
   </trkpt>
   <trkpt lat="45.0417740" lon="6.7845900">
    <ele>1119.0</ele>
   </trkpt>
   <trkpt lat="45.0417900" lon="6.7847330">
    <ele>1118.5</ele>
   </trkpt>
   <trkpt lat="45.0418150" lon="6.7848800">
    <ele>1118.2</ele>
   </trkpt>
   <trkpt lat="45.0418500" lon="6.7850180">
    <ele>1118.0</ele>
   </trkpt>
   <trkpt lat="45.0418870" lon="6.7851440">
    <ele>1117.9</ele>
   </trkpt>
   <trkpt lat="45.0419360" lon="6.7852820">
    <ele>1117.8</ele>
   </trkpt>
   <trkpt lat="45.0419870" lon="6.7854180">
    <ele>1117.8</ele>
   </trkpt>
   <trkpt lat="45.0420340" lon="6.7855480">
    <ele>1118.0</ele>
   </trkpt>
   <trkpt lat="45.0420760" lon="6.7856670">
    <ele>1118.2</ele>
   </trkpt>
   <trkpt lat="45.0421240" lon="6.7857750">
    <ele>1118.5</ele>
   </trkpt>
   <trkpt lat="45.0421720" lon="6.7858760">
    <ele>1118.9</ele>
   </trkpt>
   <trkpt lat="45.0422290" lon="6.7859690">
    <ele>1119.2</ele>
   </trkpt>
   <trkpt lat="45.0422940" lon="6.7860530">
    <ele>1119.6</ele>
   </trkpt>
   <trkpt lat="45.0423590" lon="6.7861360">
    <ele>1119.9</ele>
   </trkpt>
   <trkpt lat="45.0424170" lon="6.7862080">
    <ele>1120.2</ele>
   </trkpt>
   <trkpt lat="45.0424820" lon="6.7862780">
    <ele>1120.5</ele>
   </trkpt>
   <trkpt lat="45.0425460" lon="6.7863340">
    <ele>1120.7</ele>
   </trkpt>
   <trkpt lat="45.0426170" lon="6.7863950">
    <ele>1121.0</ele>
   </trkpt>
   <trkpt lat="45.0426880" lon="6.7864630">
    <ele>1121.1</ele>
   </trkpt>
   <trkpt lat="45.0427580" lon="6.7865280">
    <ele>1121.3</ele>
   </trkpt>
   <trkpt lat="45.0428290" lon="6.7865990">
    <ele>1121.3</ele>
   </trkpt>
   <trkpt lat="45.0428960" lon="6.7866700">
    <ele>1121.3</ele>
   </trkpt>
   <trkpt lat="45.0429610" lon="6.7867470">
    <ele>1121.2</ele>
   </trkpt>
   <trkpt lat="45.0430220" lon="6.7868240">
    <ele>1121.1</ele>
   </trkpt>
   <trkpt lat="45.0430810" lon="6.7869080">
    <ele>1120.9</ele>
   </trkpt>
   <trkpt lat="45.0431430" lon="6.7869920">
    <ele>1120.6</ele>
   </trkpt>
   <trkpt lat="45.0432080" lon="6.7870770">
    <ele>1120.4</ele>
   </trkpt>
   <trkpt lat="45.0432700" lon="6.7871620">
    <ele>1120.2</ele>
   </trkpt>
   <trkpt lat="45.0433280" lon="6.7872450">
    <ele>1119.7</ele>
   </trkpt>
   <trkpt lat="45.0433880" lon="6.7873370">
    <ele>1119.1</ele>
   </trkpt>
   <trkpt lat="45.0434460" lon="6.7874370">
    <ele>1118.4</ele>
   </trkpt>
   <trkpt lat="45.0434970" lon="6.7875450">
    <ele>1117.7</ele>
   </trkpt>
   <trkpt lat="45.0435450" lon="6.7876690">
    <ele>1117.0</ele>
   </trkpt>
   <trkpt lat="45.0435870" lon="6.7878020">
    <ele>1116.1</ele>
   </trkpt>
   <trkpt lat="45.0436260" lon="6.7879380">
    <ele>1115.3</ele>
   </trkpt>
   <trkpt lat="45.0436650" lon="6.7880830">
    <ele>1114.6</ele>
   </trkpt>
   <trkpt lat="45.0437020" lon="6.7882220">
    <ele>1114.0</ele>
   </trkpt>
   <trkpt lat="45.0437340" lon="6.7883740">
    <ele>1113.4</ele>
   </trkpt>
   <trkpt lat="45.0437610" lon="6.7885350">
    <ele>1112.7</ele>
   </trkpt>
   <trkpt lat="45.0437860" lon="6.7886990">
    <ele>1112.1</ele>
   </trkpt>
   <trkpt lat="45.0438030" lon="6.7888710">
    <ele>1111.5</ele>
   </trkpt>
   <trkpt lat="45.0438150" lon="6.7890350">
    <ele>1110.9</ele>
   </trkpt>
   <trkpt lat="45.0438240" lon="6.7892020">
    <ele>1110.4</ele>
   </trkpt>
   <trkpt lat="45.0438340" lon="6.7893710">
    <ele>1110.0</ele>
   </trkpt>
   <trkpt lat="45.0438470" lon="6.7895410">
    <ele>1109.6</ele>
   </trkpt>
   <trkpt lat="45.0438570" lon="6.7897090">
    <ele>1109.4</ele>
   </trkpt>
   <trkpt lat="45.0438730" lon="6.7898800">
    <ele>1109.3</ele>
   </trkpt>
   <trkpt lat="45.0438870" lon="6.7900480">
    <ele>1109.2</ele>
   </trkpt>
   <trkpt lat="45.0439010" lon="6.7902090">
    <ele>1109.2</ele>
   </trkpt>
   <trkpt lat="45.0439120" lon="6.7903690">
    <ele>1109.3</ele>
   </trkpt>
   <trkpt lat="45.0439240" lon="6.7905290">
    <ele>1109.5</ele>
   </trkpt>
   <trkpt lat="45.0439350" lon="6.7906880">
    <ele>1109.6</ele>
   </trkpt>
   <trkpt lat="45.0439500" lon="6.7908450">
    <ele>1109.7</ele>
   </trkpt>
   <trkpt lat="45.0439640" lon="6.7909940">
    <ele>1109.9</ele>
   </trkpt>
   <trkpt lat="45.0439770" lon="6.7911410">
    <ele>1110.0</ele>
   </trkpt>
   <trkpt lat="45.0439910" lon="6.7912900">
    <ele>1110.1</ele>
   </trkpt>
   <trkpt lat="45.0440020" lon="6.7914390">
    <ele>1110.3</ele>
   </trkpt>
   <trkpt lat="45.0440150" lon="6.7915900">
    <ele>1110.5</ele>
   </trkpt>
   <trkpt lat="45.0440250" lon="6.7917370">
    <ele>1110.8</ele>
   </trkpt>
   <trkpt lat="45.0440380" lon="6.7918810">
    <ele>1110.9</ele>
   </trkpt>
   <trkpt lat="45.0440490" lon="6.7920210">
    <ele>1110.9</ele>
   </trkpt>
   <trkpt lat="45.0440560" lon="6.7921530">
    <ele>1111.0</ele>
   </trkpt>
   <trkpt lat="45.0440670" lon="6.7922860">
    <ele>1111.1</ele>
   </trkpt>
   <trkpt lat="45.0440780" lon="6.7924160">
    <ele>1111.1</ele>
   </trkpt>
   <trkpt lat="45.0440910" lon="6.7925500">
    <ele>1111.2</ele>
   </trkpt>
   <trkpt lat="45.0441050" lon="6.7926770">
    <ele>1111.3</ele>
   </trkpt>
   <trkpt lat="45.0441170" lon="6.7928090">
    <ele>1111.4</ele>
   </trkpt>
   <trkpt lat="45.0441270" lon="6.7929460">
    <ele>1111.5</ele>
   </trkpt>
   <trkpt lat="45.0441380" lon="6.7930810">
    <ele>1111.6</ele>
   </trkpt>
   <trkpt lat="45.0441470" lon="6.7932050">
    <ele>1111.6</ele>
   </trkpt>
   <trkpt lat="45.0441570" lon="6.7933260">
    <ele>1111.7</ele>
   </trkpt>
   <trkpt lat="45.0441650" lon="6.7934550">
    <ele>1111.8</ele>
   </trkpt>
   <trkpt lat="45.0441760" lon="6.7935780">
    <ele>1111.9</ele>
   </trkpt>
   <trkpt lat="45.0441860" lon="6.7936990">
    <ele>1112.0</ele>
   </trkpt>
   <trkpt lat="45.0441990" lon="6.7938240">
    <ele>1112.1</ele>
   </trkpt>
   <trkpt lat="45.0442070" lon="6.7939420">
    <ele>1112.2</ele>
   </trkpt>
   <trkpt lat="45.0442150" lon="6.7940560">
    <ele>1112.3</ele>
   </trkpt>
   <trkpt lat="45.0442200" lon="6.7941810">
    <ele>1112.5</ele>
   </trkpt>
   <trkpt lat="45.0442370" lon="6.7944120">
    <ele>1112.8</ele>
   </trkpt>
   <trkpt lat="45.0442460" lon="6.7945310">
    <ele>1113.0</ele>
   </trkpt>
   <trkpt lat="45.0442590" lon="6.7946430">
    <ele>1113.2</ele>
   </trkpt>
   <trkpt lat="45.0442750" lon="6.7947510">
    <ele>1113.4</ele>
   </trkpt>
   <trkpt lat="45.0442890" lon="6.7948630">
    <ele>1113.5</ele>
   </trkpt>
   <trkpt lat="45.0443090" lon="6.7949740">
    <ele>1113.6</ele>
   </trkpt>
   <trkpt lat="45.0443350" lon="6.7950770">
    <ele>1113.7</ele>
   </trkpt>
   <trkpt lat="45.0443600" lon="6.7951770">
    <ele>1113.8</ele>
   </trkpt>
   <trkpt lat="45.0443900" lon="6.7952740">
    <ele>1113.8</ele>
   </trkpt>
   <trkpt lat="45.0444230" lon="6.7953740">
    <ele>1113.9</ele>
   </trkpt>
   <trkpt lat="45.0444590" lon="6.7954730">
    <ele>1113.9</ele>
   </trkpt>
   <trkpt lat="45.0444960" lon="6.7955730">
    <ele>1113.9</ele>
   </trkpt>
   <trkpt lat="45.0445340" lon="6.7956730">
    <ele>1113.8</ele>
   </trkpt>
   <trkpt lat="45.0446120" lon="6.7958740">
    <ele>1113.4</ele>
   </trkpt>
   <trkpt lat="45.0446520" lon="6.7959800">
    <ele>1113.2</ele>
   </trkpt>
   <trkpt lat="45.0446930" lon="6.7960850">
    <ele>1112.8</ele>
   </trkpt>
   <trkpt lat="45.0447360" lon="6.7961920">
    <ele>1112.5</ele>
   </trkpt>
   <trkpt lat="45.0447810" lon="6.7963020">
    <ele>1112.1</ele>
   </trkpt>
   <trkpt lat="45.0448290" lon="6.7964100">
    <ele>1111.9</ele>
   </trkpt>
   <trkpt lat="45.0448760" lon="6.7965250">
    <ele>1111.4</ele>
   </trkpt>
   <trkpt lat="45.0449240" lon="6.7966390">
    <ele>1110.9</ele>
   </trkpt>
   <trkpt lat="45.0449760" lon="6.7967560">
    <ele>1110.4</ele>
   </trkpt>
   <trkpt lat="45.0450270" lon="6.7968780">
    <ele>1109.8</ele>
   </trkpt>
   <trkpt lat="45.0450710" lon="6.7970030">
    <ele>1109.3</ele>
   </trkpt>
   <trkpt lat="45.0451090" lon="6.7971280">
    <ele>1108.8</ele>
   </trkpt>
   <trkpt lat="45.0451420" lon="6.7972550">
    <ele>1108.3</ele>
   </trkpt>
   <trkpt lat="45.0451690" lon="6.7973950">
    <ele>1107.9</ele>
   </trkpt>
   <trkpt lat="45.0451920" lon="6.7975430">
    <ele>1107.6</ele>
   </trkpt>
   <trkpt lat="45.0452150" lon="6.7976870">
    <ele>1107.3</ele>
   </trkpt>
   <trkpt lat="45.0452310" lon="6.7978330">
    <ele>1107.2</ele>
   </trkpt>
   <trkpt lat="45.0452460" lon="6.7979780">
    <ele>1107.3</ele>
   </trkpt>
   <trkpt lat="45.0452530" lon="6.7981220">
    <ele>1107.3</ele>
   </trkpt>
   <trkpt lat="45.0452580" lon="6.7982650">
    <ele>1107.5</ele>
   </trkpt>
   <trkpt lat="45.0452590" lon="6.7983980">
    <ele>1107.8</ele>
   </trkpt>
   <trkpt lat="45.0452570" lon="6.7985250">
    <ele>1108.0</ele>
   </trkpt>
   <trkpt lat="45.0452480" lon="6.7986450">
    <ele>1108.4</ele>
   </trkpt>
   <trkpt lat="45.0452390" lon="6.7987570">
    <ele>1108.7</ele>
   </trkpt>
   <trkpt lat="45.0452260" lon="6.7988720">
    <ele>1109.1</ele>
   </trkpt>
   <trkpt lat="45.0452100" lon="6.7989890">
    <ele>1109.5</ele>
   </trkpt>
   <trkpt lat="45.0451940" lon="6.7991060">
    <ele>1110.0</ele>
   </trkpt>
   <trkpt lat="45.0451770" lon="6.7992100">
    <ele>1110.5</ele>
   </trkpt>
   <trkpt lat="45.0451630" lon="6.7993140">
    <ele>1111.0</ele>
   </trkpt>
   <trkpt lat="45.0451470" lon="6.7994170">
    <ele>1111.4</ele>
   </trkpt>
   <trkpt lat="45.0451310" lon="6.7995170">
    <ele>1111.9</ele>
   </trkpt>
   <trkpt lat="45.0451100" lon="6.7996170">
    <ele>1112.4</ele>
   </trkpt>
   <trkpt lat="45.0450940" lon="6.7997160">
    <ele>1112.8</ele>
   </trkpt>
   <trkpt lat="45.0450770" lon="6.7998110">
    <ele>1113.2</ele>
   </trkpt>
   <trkpt lat="45.0450640" lon="6.7999030">
    <ele>1113.6</ele>
   </trkpt>
   <trkpt lat="45.0450530" lon="6.7999970">
    <ele>1114.0</ele>
   </trkpt>
   <trkpt lat="45.0450410" lon="6.8000940">
    <ele>1114.3</ele>
   </trkpt>
   <trkpt lat="45.0450250" lon="6.8001870">
    <ele>1114.7</ele>
   </trkpt>
   <trkpt lat="45.0450120" lon="6.8002730">
    <ele>1115.0</ele>
   </trkpt>
   <trkpt lat="45.0449970" lon="6.8003650">
    <ele>1115.4</ele>
   </trkpt>
   <trkpt lat="45.0449840" lon="6.8004560">
    <ele>1115.7</ele>
   </trkpt>
   <trkpt lat="45.0449720" lon="6.8005450">
    <ele>1116.0</ele>
   </trkpt>
   <trkpt lat="45.0449600" lon="6.8006370">
    <ele>1116.2</ele>
   </trkpt>
   <trkpt lat="45.0449470" lon="6.8007320">
    <ele>1116.4</ele>
   </trkpt>
   <trkpt lat="45.0449280" lon="6.8008240">
    <ele>1116.6</ele>
   </trkpt>
   <trkpt lat="45.0449120" lon="6.8009100">
    <ele>1116.8</ele>
   </trkpt>
   <trkpt lat="45.0448990" lon="6.8009990">
    <ele>1117.0</ele>
   </trkpt>
   <trkpt lat="45.0448840" lon="6.8010970">
    <ele>1117.1</ele>
   </trkpt>
   <trkpt lat="45.0448670" lon="6.8011820">
    <ele>1117.1</ele>
   </trkpt>
   <trkpt lat="45.0448500" lon="6.8012720">
    <ele>1117.2</ele>
   </trkpt>
   <trkpt lat="45.0448360" lon="6.8013620">
    <ele>1117.2</ele>
   </trkpt>
   <trkpt lat="45.0448230" lon="6.8014530">
    <ele>1117.3</ele>
   </trkpt>
   <trkpt lat="45.0448090" lon="6.8015420">
    <ele>1117.3</ele>
   </trkpt>
   <trkpt lat="45.0447970" lon="6.8016320">
    <ele>1117.2</ele>
   </trkpt>
   <trkpt lat="45.0447860" lon="6.8017220">
    <ele>1117.2</ele>
   </trkpt>
   <trkpt lat="45.0447740" lon="6.8018130">
    <ele>1117.1</ele>
   </trkpt>
   <trkpt lat="45.0447620" lon="6.8019110">
    <ele>1117.0</ele>
   </trkpt>
   <trkpt lat="45.0447490" lon="6.8020120">
    <ele>1116.9</ele>
   </trkpt>
   <trkpt lat="45.0447340" lon="6.8021160">
    <ele>1116.7</ele>
   </trkpt>
   <trkpt lat="45.0447140" lon="6.8022190">
    <ele>1116.5</ele>
   </trkpt>
   <trkpt lat="45.0446980" lon="6.8023220">
    <ele>1116.3</ele>
   </trkpt>
   <trkpt lat="45.0446790" lon="6.8024250">
    <ele>1116.0</ele>
   </trkpt>
   <trkpt lat="45.0446600" lon="6.8025340">
    <ele>1115.7</ele>
   </trkpt>
   <trkpt lat="45.0446400" lon="6.8026430">
    <ele>1115.4</ele>
   </trkpt>
   <trkpt lat="45.0446200" lon="6.8027610">
    <ele>1115.1</ele>
   </trkpt>
   <trkpt lat="45.0445970" lon="6.8028790">
    <ele>1114.8</ele>
   </trkpt>
   <trkpt lat="45.0445690" lon="6.8030040">
    <ele>1114.4</ele>
   </trkpt>
   <trkpt lat="45.0445420" lon="6.8031270">
    <ele>1114.1</ele>
   </trkpt>
   <trkpt lat="45.0445120" lon="6.8032500">
    <ele>1113.8</ele>
   </trkpt>
   <trkpt lat="45.0444820" lon="6.8033710">
    <ele>1113.5</ele>
   </trkpt>
   <trkpt lat="45.0444480" lon="6.8034920">
    <ele>1113.2</ele>
   </trkpt>
   <trkpt lat="45.0444130" lon="6.8036180">
    <ele>1112.8</ele>
   </trkpt>
   <trkpt lat="45.0443730" lon="6.8037390">
    <ele>1112.5</ele>
   </trkpt>
   <trkpt lat="45.0442880" lon="6.8039880">
    <ele>1111.8</ele>
   </trkpt>
   <trkpt lat="45.0442410" lon="6.8041130">
    <ele>1111.4</ele>
   </trkpt>
   <trkpt lat="45.0441930" lon="6.8042400">
    <ele>1111.1</ele>
   </trkpt>
   <trkpt lat="45.0441450" lon="6.8043650">
    <ele>1110.8</ele>
   </trkpt>
   <trkpt lat="45.0440920" lon="6.8044900">
    <ele>1110.5</ele>
   </trkpt>
   <trkpt lat="45.0440400" lon="6.8046170">
    <ele>1110.2</ele>
   </trkpt>
   <trkpt lat="45.0439890" lon="6.8047360">
    <ele>1109.9</ele>
   </trkpt>
   <trkpt lat="45.0439290" lon="6.8048530">
    <ele>1109.7</ele>
   </trkpt>
   <trkpt lat="45.0438720" lon="6.8049770">
    <ele>1109.5</ele>
   </trkpt>
   <trkpt lat="45.0438120" lon="6.8050950">
    <ele>1109.3</ele>
   </trkpt>
   <trkpt lat="45.0437490" lon="6.8052180">
    <ele>1109.1</ele>
   </trkpt>
   <trkpt lat="45.0436850" lon="6.8053370">
    <ele>1108.9</ele>
   </trkpt>
   <trkpt lat="45.0436220" lon="6.8054560">
    <ele>1108.7</ele>
   </trkpt>
   <trkpt lat="45.0435610" lon="6.8055720">
    <ele>1108.5</ele>
   </trkpt>
   <trkpt lat="45.0434990" lon="6.8056890">
    <ele>1108.3</ele>
   </trkpt>
   <trkpt lat="45.0434320" lon="6.8058100">
    <ele>1108.2</ele>
   </trkpt>
   <trkpt lat="45.0433660" lon="6.8059290">
    <ele>1108.1</ele>
   </trkpt>
   <trkpt lat="45.0432970" lon="6.8060430">
    <ele>1108.0</ele>
   </trkpt>
   <trkpt lat="45.0432290" lon="6.8061570">
    <ele>1107.8</ele>
   </trkpt>
   <trkpt lat="45.0431570" lon="6.8062750">
    <ele>1107.5</ele>
   </trkpt>
   <trkpt lat="45.0430850" lon="6.8063940">
    <ele>1107.3</ele>
   </trkpt>
   <trkpt lat="45.0430140" lon="6.8065100">
    <ele>1107.1</ele>
   </trkpt>
   <trkpt lat="45.0429470" lon="6.8066260">
    <ele>1107.0</ele>
   </trkpt>
   <trkpt lat="45.0428810" lon="6.8067420">
    <ele>1106.8</ele>
   </trkpt>
   <trkpt lat="45.0428180" lon="6.8068530">
    <ele>1106.6</ele>
   </trkpt>
   <trkpt lat="45.0426900" lon="6.8070750">
    <ele>1106.3</ele>
   </trkpt>
   <trkpt lat="45.0426270" lon="6.8071910">
    <ele>1106.1</ele>
   </trkpt>
   <trkpt lat="45.0425620" lon="6.8073080">
    <ele>1106.0</ele>
   </trkpt>
   <trkpt lat="45.0424940" lon="6.8074230">
    <ele>1105.9</ele>
   </trkpt>
   <trkpt lat="45.0424270" lon="6.8075360">
    <ele>1105.7</ele>
   </trkpt>
   <trkpt lat="45.0423640" lon="6.8076540">
    <ele>1105.5</ele>
   </trkpt>
   <trkpt lat="45.0423020" lon="6.8077680">
    <ele>1105.3</ele>
   </trkpt>
   <trkpt lat="45.0422420" lon="6.8078880">
    <ele>1105.1</ele>
   </trkpt>
   <trkpt lat="45.0421860" lon="6.8080090">
    <ele>1104.8</ele>
   </trkpt>
   <trkpt lat="45.0421390" lon="6.8081340">
    <ele>1104.5</ele>
   </trkpt>
   <trkpt lat="45.0421000" lon="6.8082710">
    <ele>1104.0</ele>
   </trkpt>
   <trkpt lat="45.0420710" lon="6.8084120">
    <ele>1103.5</ele>
   </trkpt>
   <trkpt lat="45.0420400" lon="6.8085540">
    <ele>1102.9</ele>
   </trkpt>
   <trkpt lat="45.0420130" lon="6.8087010">
    <ele>1102.3</ele>
   </trkpt>
   <trkpt lat="45.0419900" lon="6.8088500">
    <ele>1101.6</ele>
   </trkpt>
   <trkpt lat="45.0419670" lon="6.8090070">
    <ele>1100.9</ele>
   </trkpt>
   <trkpt lat="45.0419430" lon="6.8091630">
    <ele>1100.1</ele>
   </trkpt>
   <trkpt lat="45.0419180" lon="6.8093220">
    <ele>1099.4</ele>
   </trkpt>
   <trkpt lat="45.0418900" lon="6.8094850">
    <ele>1098.6</ele>
   </trkpt>
   <trkpt lat="45.0418600" lon="6.8096490">
    <ele>1097.8</ele>
   </trkpt>
   <trkpt lat="45.0418320" lon="6.8098150">
    <ele>1097.2</ele>
   </trkpt>
   <trkpt lat="45.0418120" lon="6.8099780">
    <ele>1096.9</ele>
   </trkpt>
   <trkpt lat="45.0417960" lon="6.8101470">
    <ele>1096.4</ele>
   </trkpt>
   <trkpt lat="45.0417830" lon="6.8103070">
    <ele>1095.8</ele>
   </trkpt>
   <trkpt lat="45.0417810" lon="6.8104690">
    <ele>1095.0</ele>
   </trkpt>
   <trkpt lat="45.0417870" lon="6.8106450">
    <ele>1094.1</ele>
   </trkpt>
   <trkpt lat="45.0418070" lon="6.8108220">
    <ele>1093.2</ele>
   </trkpt>
   <trkpt lat="45.0418340" lon="6.8109890">
    <ele>1092.4</ele>
   </trkpt>
   <trkpt lat="45.0418710" lon="6.8111660">
    <ele>1091.5</ele>
   </trkpt>
   <trkpt lat="45.0419240" lon="6.8113290">
    <ele>1090.6</ele>
   </trkpt>
   <trkpt lat="45.0419930" lon="6.8114870">
    <ele>1089.8</ele>
   </trkpt>
   <trkpt lat="45.0420690" lon="6.8116400">
    <ele>1088.9</ele>
   </trkpt>
   <trkpt lat="45.0421440" lon="6.8117950">
    <ele>1088.3</ele>
   </trkpt>
   <trkpt lat="45.0422260" lon="6.8119450">
    <ele>1087.8</ele>
   </trkpt>
   <trkpt lat="45.0423130" lon="6.8120940">
    <ele>1087.3</ele>
   </trkpt>
   <trkpt lat="45.0423980" lon="6.8122340">
    <ele>1087.0</ele>
   </trkpt>
   <trkpt lat="45.0424850" lon="6.8123740">
    <ele>1086.7</ele>
   </trkpt>
   <trkpt lat="45.0425690" lon="6.8125260">
    <ele>1086.4</ele>
   </trkpt>
   <trkpt lat="45.0426950" lon="6.8128430">
    <ele>1085.9</ele>
   </trkpt>
   <trkpt lat="45.0427450" lon="6.8130110">
    <ele>1085.7</ele>
   </trkpt>
   <trkpt lat="45.0427820" lon="6.8131890">
    <ele>1085.5</ele>
   </trkpt>
   <trkpt lat="45.0428110" lon="6.8133680">
    <ele>1085.3</ele>
   </trkpt>
   <trkpt lat="45.0428240" lon="6.8135490">
    <ele>1085.2</ele>
   </trkpt>
   <trkpt lat="45.0428300" lon="6.8137310">
    <ele>1085.1</ele>
   </trkpt>
   <trkpt lat="45.0428280" lon="6.8139080">
    <ele>1085.1</ele>
   </trkpt>
   <trkpt lat="45.0428110" lon="6.8140810">
    <ele>1085.1</ele>
   </trkpt>
   <trkpt lat="45.0427890" lon="6.8142500">
    <ele>1085.2</ele>
   </trkpt>
   <trkpt lat="45.0427710" lon="6.8144090">
    <ele>1085.3</ele>
   </trkpt>
   <trkpt lat="45.0427500" lon="6.8145670">
    <ele>1085.0</ele>
   </trkpt>
   <trkpt lat="45.0427220" lon="6.8147160">
    <ele>1084.8</ele>
   </trkpt>
   <trkpt lat="45.0426930" lon="6.8148720">
    <ele>1084.7</ele>
   </trkpt>
   <trkpt lat="45.0426690" lon="6.8150340">
    <ele>1084.6</ele>
   </trkpt>
   <trkpt lat="45.0426450" lon="6.8151920">
    <ele>1084.5</ele>
   </trkpt>
   <trkpt lat="45.0426170" lon="6.8153480">
    <ele>1084.4</ele>
   </trkpt>
   <trkpt lat="45.0425880" lon="6.8155060">
    <ele>1084.3</ele>
   </trkpt>
   <trkpt lat="45.0425600" lon="6.8156660">
    <ele>1084.1</ele>
   </trkpt>
   <trkpt lat="45.0425350" lon="6.8158250">
    <ele>1084.0</ele>
   </trkpt>
   <trkpt lat="45.0425110" lon="6.8159820">
    <ele>1083.9</ele>
   </trkpt>
   <trkpt lat="45.0424860" lon="6.8161450">
    <ele>1083.8</ele>
   </trkpt>
   <trkpt lat="45.0424600" lon="6.8163070">
    <ele>1083.8</ele>
   </trkpt>
   <trkpt lat="45.0424330" lon="6.8164730">
    <ele>1083.7</ele>
   </trkpt>
   <trkpt lat="45.0424050" lon="6.8166370">
    <ele>1083.7</ele>
   </trkpt>
   <trkpt lat="45.0423800" lon="6.8167970">
    <ele>1083.6</ele>
   </trkpt>
   <trkpt lat="45.0423290" lon="6.8171020">
    <ele>1083.6</ele>
   </trkpt>
   <trkpt lat="45.0423030" lon="6.8172550">
    <ele>1083.6</ele>
   </trkpt>
   <trkpt lat="45.0422750" lon="6.8174060">
    <ele>1083.5</ele>
   </trkpt>
   <trkpt lat="45.0422520" lon="6.8175520">
    <ele>1083.4</ele>
   </trkpt>
   <trkpt lat="45.0422270" lon="6.8176990">
    <ele>1083.3</ele>
   </trkpt>
   <trkpt lat="45.0422020" lon="6.8178500">
    <ele>1083.1</ele>
   </trkpt>
   <trkpt lat="45.0421780" lon="6.8179910">
    <ele>1083.0</ele>
   </trkpt>
   <trkpt lat="45.0421500" lon="6.8181310">
    <ele>1082.9</ele>
   </trkpt>
   <trkpt lat="45.0421220" lon="6.8182740">
    <ele>1082.8</ele>
   </trkpt>
   <trkpt lat="45.0420930" lon="6.8184160">
    <ele>1082.8</ele>
   </trkpt>
   <trkpt lat="45.0420630" lon="6.8185570">
    <ele>1082.7</ele>
   </trkpt>
   <trkpt lat="45.0420340" lon="6.8186940">
    <ele>1082.7</ele>
   </trkpt>
   <trkpt lat="45.0419980" lon="6.8188300">
    <ele>1082.6</ele>
   </trkpt>
   <trkpt lat="45.0419640" lon="6.8189640">
    <ele>1082.6</ele>
   </trkpt>
   <trkpt lat="45.0419240" lon="6.8190950">
    <ele>1082.5</ele>
   </trkpt>
   <trkpt lat="45.0418790" lon="6.8192200">
    <ele>1082.5</ele>
   </trkpt>
   <trkpt lat="45.0418330" lon="6.8193350">
    <ele>1082.4</ele>
   </trkpt>
   <trkpt lat="45.0417900" lon="6.8194440">
    <ele>1082.3</ele>
   </trkpt>
   <trkpt lat="45.0417470" lon="6.8195610">
    <ele>1082.3</ele>
   </trkpt>
   <trkpt lat="45.0417020" lon="6.8196740">
    <ele>1082.2</ele>
   </trkpt>
   <trkpt lat="45.0416620" lon="6.8197890">
    <ele>1082.2</ele>
   </trkpt>
   <trkpt lat="45.0416200" lon="6.8198960">
    <ele>1082.1</ele>
   </trkpt>
   <trkpt lat="45.0415800" lon="6.8199990">
    <ele>1082.1</ele>
   </trkpt>
   <trkpt lat="45.0415400" lon="6.8201060">
    <ele>1082.0</ele>
   </trkpt>
   <trkpt lat="45.0415040" lon="6.8202100">
    <ele>1082.0</ele>
   </trkpt>
   <trkpt lat="45.0414600" lon="6.8203140">
    <ele>1081.9</ele>
   </trkpt>
   <trkpt lat="45.0414180" lon="6.8204160">
    <ele>1081.8</ele>
   </trkpt>
   <trkpt lat="45.0413820" lon="6.8205240">
    <ele>1081.7</ele>
   </trkpt>
   <trkpt lat="45.0413490" lon="6.8206380">
    <ele>1081.6</ele>
   </trkpt>
   <trkpt lat="45.0413230" lon="6.8207590">
    <ele>1081.5</ele>
   </trkpt>
   <trkpt lat="45.0413030" lon="6.8208890">
    <ele>1081.5</ele>
   </trkpt>
   <trkpt lat="45.0412930" lon="6.8210230">
    <ele>1081.4</ele>
   </trkpt>
   <trkpt lat="45.0412970" lon="6.8211550">
    <ele>1081.3</ele>
   </trkpt>
   <trkpt lat="45.0413080" lon="6.8212900">
    <ele>1081.2</ele>
   </trkpt>
   <trkpt lat="45.0413250" lon="6.8214210">
    <ele>1081.1</ele>
   </trkpt>
   <trkpt lat="45.0413530" lon="6.8215450">
    <ele>1081.0</ele>
   </trkpt>
   <trkpt lat="45.0413830" lon="6.8216710">
    <ele>1080.9</ele>
   </trkpt>
   <trkpt lat="45.0414200" lon="6.8217970">
    <ele>1080.7</ele>
   </trkpt>
   <trkpt lat="45.0414590" lon="6.8219160">
    <ele>1080.6</ele>
   </trkpt>
   <trkpt lat="45.0414960" lon="6.8220400">
    <ele>1080.5</ele>
   </trkpt>
   <trkpt lat="45.0415320" lon="6.8221590">
    <ele>1080.4</ele>
   </trkpt>
   <trkpt lat="45.0415620" lon="6.8222770">
    <ele>1080.3</ele>
   </trkpt>
   <trkpt lat="45.0415890" lon="6.8223950">
    <ele>1080.3</ele>
   </trkpt>
   <trkpt lat="45.0416080" lon="6.8225120">
    <ele>1080.2</ele>
   </trkpt>
   <trkpt lat="45.0416250" lon="6.8226290">
    <ele>1080.2</ele>
   </trkpt>
   <trkpt lat="45.0416410" lon="6.8227440">
    <ele>1080.1</ele>
   </trkpt>
   <trkpt lat="45.0416530" lon="6.8228630">
    <ele>1080.0</ele>
   </trkpt>
   <trkpt lat="45.0416750" lon="6.8230970">
    <ele>1079.9</ele>
   </trkpt>
   <trkpt lat="45.0416840" lon="6.8232130">
    <ele>1079.9</ele>
   </trkpt>
   <trkpt lat="45.0416870" lon="6.8233290">
    <ele>1080.0</ele>
   </trkpt>
   <trkpt lat="45.0416870" lon="6.8234420">
    <ele>1080.0</ele>
   </trkpt>
   <trkpt lat="45.0416860" lon="6.8235510">
    <ele>1080.0</ele>
   </trkpt>
   <trkpt lat="45.0416870" lon="6.8236590">
    <ele>1080.1</ele>
   </trkpt>
   <trkpt lat="45.0416810" lon="6.8237750">
    <ele>1080.1</ele>
   </trkpt>
   <trkpt lat="45.0416720" lon="6.8240040">
    <ele>1080.2</ele>
   </trkpt>
   <trkpt lat="45.0416710" lon="6.8241160">
    <ele>1080.2</ele>
   </trkpt>
   <trkpt lat="45.0416680" lon="6.8242240">
    <ele>1080.2</ele>
   </trkpt>
   <trkpt lat="45.0416650" lon="6.8244230">
    <ele>1080.1</ele>
   </trkpt>
   <trkpt lat="45.0416610" lon="6.8245080">
    <ele>1080.0</ele>
   </trkpt>
   <trkpt lat="45.0416520" lon="6.8245860">
    <ele>1080.0</ele>
   </trkpt>
   <trkpt lat="45.0416390" lon="6.8246600">
    <ele>1080.0</ele>
   </trkpt>
   <trkpt lat="45.0416220" lon="6.8247310">
    <ele>1079.9</ele>
   </trkpt>
   <trkpt lat="45.0416020" lon="6.8247880">
    <ele>1079.9</ele>
   </trkpt>
   <trkpt lat="45.0415640" lon="6.8248270">
    <ele>1079.8</ele>
   </trkpt>
   <trkpt lat="45.0415170" lon="6.8248420">
    <ele>1079.7</ele>
   </trkpt>
   <trkpt lat="45.0414740" lon="6.8248460">
    <ele>1079.7</ele>
   </trkpt>
   <trkpt lat="45.0414390" lon="6.8248480">
    <ele>1079.7</ele>
   </trkpt>
   <trkpt lat="45.0414070" lon="6.8248500">
    <ele>1079.6</ele>
   </trkpt>
   <trkpt lat="45.0413840" lon="6.8248490">
    <ele>1079.6</ele>
   </trkpt>
   <trkpt lat="45.0413740" lon="6.8248420">
    <ele>1079.6</ele>
   </trkpt>
   <trkpt lat="45.0413680" lon="6.8248560">
    <ele>1079.6</ele>
   </trkpt>
   <trkpt lat="45.0413670" lon="6.8248640">
    <ele>1079.6</ele>
   </trkpt>
   <trkpt lat="45.0413650" lon="6.8248720">
    <ele>1079.6</ele>
   </trkpt>
   <trkpt lat="45.0413640" lon="6.8248800">
    <ele>1079.6</ele>
   </trkpt>
   <trkpt lat="45.0413620" lon="6.8248880">
    <ele>1079.6</ele>
   </trkpt>
   <trkpt lat="45.0413610" lon="6.8248960">
    <ele>1079.6</ele>
   </trkpt>
   <trkpt lat="45.0413590" lon="6.8249040">
    <ele>1079.6</ele>
   </trkpt>
   <trkpt lat="45.0413580" lon="6.8249120">
    <ele>1079.6</ele>
   </trkpt>
   <trkpt lat="45.0413560" lon="6.8249200">
    <ele>1079.6</ele>
   </trkpt>
   <trkpt lat="45.0413550" lon="6.8249280">
    <ele>1079.6</ele>
   </trkpt>
   <trkpt lat="45.0413530" lon="6.8249360">
    <ele>1079.6</ele>
   </trkpt>
   <trkpt lat="45.0413520" lon="6.8249440">
    <ele>1079.6</ele>
   </trkpt>
   <trkpt lat="45.0413500" lon="6.8249520">
    <ele>1079.6</ele>
   </trkpt>
   <trkpt lat="45.0413540" lon="6.8249980">
    <ele>1079.6</ele>
   </trkpt>
   <trkpt lat="45.0413590" lon="6.8250140">
    <ele>1079.6</ele>
   </trkpt>
   <trkpt lat="45.0413960" lon="6.8250110">
    <ele>1079.6</ele>
   </trkpt>
   <trkpt lat="45.0414090" lon="6.8250040">
    <ele>1079.6</ele>
   </trkpt>
   <trkpt lat="45.0414290" lon="6.8249980">
    <ele>1079.6</ele>
   </trkpt>
   <trkpt lat="45.0414300" lon="6.8249970">
    <ele>1079.6</ele>
   </trkpt>
   <trkpt lat="45.0414330" lon="6.8249940">
    <ele>1079.5</ele>
   </trkpt>
   <trkpt lat="45.0414330" lon="6.8249940">
    <ele>1079.5</ele>
   </trkpt>
   <trkpt lat="45.0414290" lon="6.8249980">
    <ele>1079.5</ele>
   </trkpt>
   <trkpt lat="45.0414280" lon="6.8249980">
    <ele>1079.5</ele>
   </trkpt>
   <trkpt lat="45.0414280" lon="6.8249980">
    <ele>1079.5</ele>
   </trkpt>
   <trkpt lat="45.0414280" lon="6.8249980">
    <ele>1079.5</ele>
   </trkpt>
   <trkpt lat="45.0414280" lon="6.8249980">
    <ele>1079.5</ele>
   </trkpt>
   <trkpt lat="45.0414280" lon="6.8249980">
    <ele>1079.5</ele>
   </trkpt>
   <trkpt lat="45.0414270" lon="6.8250020">
    <ele>1079.5</ele>
   </trkpt>
   <trkpt lat="45.0414270" lon="6.8250030">
    <ele>1079.5</ele>
   </trkpt>
   <trkpt lat="45.0384050" lon="6.8315530">
    <ele>1070.5</ele>
   </trkpt>
   <trkpt lat="45.0384380" lon="6.8315200">
    <ele>1070.5</ele>
   </trkpt>
   <trkpt lat="45.0384490" lon="6.8314880">
    <ele>1070.5</ele>
   </trkpt>
   <trkpt lat="45.0384600" lon="6.8314890">
    <ele>1070.5</ele>
   </trkpt>
   <trkpt lat="45.0384710" lon="6.8314080">
    <ele>1070.4</ele>
   </trkpt>
   <trkpt lat="45.0384730" lon="6.8313810">
    <ele>1070.4</ele>
   </trkpt>
   <trkpt lat="45.0384740" lon="6.8313770">
    <ele>1070.4</ele>
   </trkpt>
   <trkpt lat="45.0384740" lon="6.8313770">
    <ele>1070.4</ele>
   </trkpt>
   <trkpt lat="45.0384740" lon="6.8313770">
    <ele>1070.4</ele>
   </trkpt>
   <trkpt lat="45.0384740" lon="6.8313770">
    <ele>1070.4</ele>
   </trkpt>
   <trkpt lat="45.0384740" lon="6.8313770">
    <ele>1070.4</ele>
   </trkpt>
  </trkseg>
 </trk>
</gpx>
