<?xml version="1.0" encoding="UTF-8"?>
<gpx xmlns:xsi="http://www.w3.org/2001/XMLSchema-instance" xsi:schemaLocation="http://www.topografix.com/GPX/1/1 http://www.topografix.com/GPX/1/1/gpx.xsd" creator="StravaGPX" version="1.1" xmlns="http://www.topografix.com/GPX/1/1">
 <metadata>
  <time>2025-05-13T06:21:29Z</time>
 </metadata>
 <trk>
  <name>Day 10: Vias - Sète - Montpellier 🚲+🚂</name>
  <type>ebikeride</type>
  <trkseg>
   <trkpt lat="43.3109280" lon="3.4187670">
    <ele>8.4</ele>
    <time>2025-05-13T06:21:29Z</time>
   </trkpt>
   <trkpt lat="43.3109310" lon="3.4187570">
    <ele>8.4</ele>
    <time>2025-05-13T06:21:31Z</time>
   </trkpt>
   <trkpt lat="43.3109320" lon="3.4187600">
    <ele>8.4</ele>
    <time>2025-05-13T06:21:33Z</time>
   </trkpt>
   <trkpt lat="43.3109320" lon="3.4187630">
    <ele>8.4</ele>
    <time>2025-05-13T06:21:34Z</time>
   </trkpt>
   <trkpt lat="43.3109330" lon="3.4187660">
    <ele>8.4</ele>
    <time>2025-05-13T06:21:35Z</time>
   </trkpt>
   <trkpt lat="43.3109340" lon="3.4187690">
    <ele>8.4</ele>
    <time>2025-05-13T06:21:36Z</time>
   </trkpt>
   <trkpt lat="43.3109350" lon="3.4187710">
    <ele>8.4</ele>
    <time>2025-05-13T06:21:37Z</time>
   </trkpt>
   <trkpt lat="43.3109360" lon="3.4187740">
    <ele>8.4</ele>
    <time>2025-05-13T06:21:38Z</time>
   </trkpt>
   <trkpt lat="43.3109360" lon="3.4187770">
    <ele>8.4</ele>
    <time>2025-05-13T06:21:39Z</time>
   </trkpt>
   <trkpt lat="43.3109370" lon="3.4187800">
    <ele>8.4</ele>
    <time>2025-05-13T06:21:40Z</time>
   </trkpt>
   <trkpt lat="43.3109380" lon="3.4187830">
    <ele>8.4</ele>
    <time>2025-05-13T06:21:41Z</time>
   </trkpt>
   <trkpt lat="43.3109390" lon="3.4187860">
    <ele>8.4</ele>
    <time>2025-05-13T06:21:42Z</time>
   </trkpt>
   <trkpt lat="43.3109400" lon="3.4187890">
    <ele>8.4</ele>
    <time>2025-05-13T06:21:43Z</time>
   </trkpt>
   <trkpt lat="43.3109410" lon="3.4187920">
    <ele>8.4</ele>
    <time>2025-05-13T06:21:44Z</time>
   </trkpt>
   <trkpt lat="43.3109410" lon="3.4187950">
    <ele>8.4</ele>
    <time>2025-05-13T06:21:46Z</time>
   </trkpt>
   <trkpt lat="43.3109420" lon="3.4187980">
    <ele>8.4</ele>
    <time>2025-05-13T06:21:47Z</time>
   </trkpt>
   <trkpt lat="43.3109430" lon="3.4188000">
    <ele>8.4</ele>
    <time>2025-05-13T06:21:48Z</time>
   </trkpt>
   <trkpt lat="43.3109440" lon="3.4188030">
    <ele>8.4</ele>
    <time>2025-05-13T06:21:49Z</time>
   </trkpt>
   <trkpt lat="43.3109450" lon="3.4188060">
    <ele>8.4</ele>
    <time>2025-05-13T06:21:50Z</time>
   </trkpt>
   <trkpt lat="43.3109450" lon="3.4188090">
    <ele>8.4</ele>
    <time>2025-05-13T06:21:51Z</time>
   </trkpt>
   <trkpt lat="43.3109460" lon="3.4188120">
    <ele>8.4</ele>
    <time>2025-05-13T06:21:52Z</time>
   </trkpt>
   <trkpt lat="43.3109470" lon="3.4188150">
    <ele>8.4</ele>
    <time>2025-05-13T06:21:53Z</time>
   </trkpt>
   <trkpt lat="43.3109450" lon="3.4188590">
    <ele>8.4</ele>
    <time>2025-05-13T06:21:54Z</time>
   </trkpt>
   <trkpt lat="43.3109450" lon="3.4189000">
    <ele>8.4</ele>
    <time>2025-05-13T06:21:55Z</time>
   </trkpt>
   <trkpt lat="43.3109480" lon="3.4189480">
    <ele>8.4</ele>
    <time>2025-05-13T06:21:56Z</time>
   </trkpt>
   <trkpt lat="43.3109520" lon="3.4190000">
    <ele>8.4</ele>
    <time>2025-05-13T06:21:57Z</time>
   </trkpt>
   <trkpt lat="43.3109570" lon="3.4190570">
    <ele>8.4</ele>
    <time>2025-05-13T06:21:58Z</time>
   </trkpt>
   <trkpt lat="43.3109640" lon="3.4191140">
    <ele>8.4</ele>
    <time>2025-05-13T06:21:59Z</time>
   </trkpt>
   <trkpt lat="43.3109700" lon="3.4191720">
    <ele>8.4</ele>
    <time>2025-05-13T06:22:00Z</time>
   </trkpt>
   <trkpt lat="43.3109750" lon="3.4192270">
    <ele>8.4</ele>
    <time>2025-05-13T06:22:01Z</time>
   </trkpt>
   <trkpt lat="43.3109800" lon="3.4192850">
    <ele>8.4</ele>
    <time>2025-05-13T06:22:02Z</time>
   </trkpt>
   <trkpt lat="43.3109830" lon="3.4193430">
    <ele>8.4</ele>
    <time>2025-05-13T06:22:03Z</time>
   </trkpt>
   <trkpt lat="43.3109910" lon="3.4194010">
    <ele>8.4</ele>
    <time>2025-05-13T06:22:04Z</time>
   </trkpt>
   <trkpt lat="43.3109990" lon="3.4194560">
    <ele>8.4</ele>
    <time>2025-05-13T06:22:05Z</time>
   </trkpt>
   <trkpt lat="43.3110030" lon="3.4195080">
    <ele>8.4</ele>
    <time>2025-05-13T06:22:06Z</time>
   </trkpt>
   <trkpt lat="43.3110070" lon="3.4195640">
    <ele>8.4</ele>
    <time>2025-05-13T06:22:07Z</time>
   </trkpt>
   <trkpt lat="43.3110090" lon="3.4196230">
    <ele>8.3</ele>
    <time>2025-05-13T06:22:08Z</time>
   </trkpt>
   <trkpt lat="43.3110090" lon="3.4196800">
    <ele>8.3</ele>
    <time>2025-05-13T06:22:09Z</time>
   </trkpt>
   <trkpt lat="43.3110000" lon="3.4197320">
    <ele>8.3</ele>
    <time>2025-05-13T06:22:10Z</time>
   </trkpt>
   <trkpt lat="43.3109850" lon="3.4197770">
    <ele>8.2</ele>
    <time>2025-05-13T06:22:11Z</time>
   </trkpt>
   <trkpt lat="43.3109620" lon="3.4198100">
    <ele>8.2</ele>
    <time>2025-05-13T06:22:12Z</time>
   </trkpt>
   <trkpt lat="43.3109330" lon="3.4198290">
    <ele>8.1</ele>
    <time>2025-05-13T06:22:13Z</time>
   </trkpt>
   <trkpt lat="43.3109000" lon="3.4198380">
    <ele>8.1</ele>
    <time>2025-05-13T06:22:14Z</time>
   </trkpt>
   <trkpt lat="43.3108680" lon="3.4198450">
    <ele>8.1</ele>
    <time>2025-05-13T06:22:15Z</time>
   </trkpt>
   <trkpt lat="43.3108300" lon="3.4198560">
    <ele>8.1</ele>
    <time>2025-05-13T06:22:16Z</time>
   </trkpt>
   <trkpt lat="43.3107970" lon="3.4198650">
    <ele>8.0</ele>
    <time>2025-05-13T06:22:17Z</time>
   </trkpt>
   <trkpt lat="43.3107690" lon="3.4198760">
    <ele>8.0</ele>
    <time>2025-05-13T06:22:18Z</time>
   </trkpt>
   <trkpt lat="43.3107380" lon="3.4198860">
    <ele>8.0</ele>
    <time>2025-05-13T06:22:19Z</time>
   </trkpt>
   <trkpt lat="43.3107020" lon="3.4198980">
    <ele>8.0</ele>
    <time>2025-05-13T06:22:20Z</time>
   </trkpt>
   <trkpt lat="43.3106620" lon="3.4199100">
    <ele>8.0</ele>
    <time>2025-05-13T06:22:21Z</time>
   </trkpt>
   <trkpt lat="43.3106230" lon="3.4199210">
    <ele>7.9</ele>
    <time>2025-05-13T06:22:22Z</time>
   </trkpt>
   <trkpt lat="43.3105820" lon="3.4199360">
    <ele>7.9</ele>
    <time>2025-05-13T06:22:23Z</time>
   </trkpt>
   <trkpt lat="43.3105400" lon="3.4199500">
    <ele>7.9</ele>
    <time>2025-05-13T06:22:24Z</time>
   </trkpt>
   <trkpt lat="43.3104950" lon="3.4199650">
    <ele>7.8</ele>
    <time>2025-05-13T06:22:25Z</time>
   </trkpt>
   <trkpt lat="43.3104470" lon="3.4199820">
    <ele>7.8</ele>
    <time>2025-05-13T06:22:26Z</time>
   </trkpt>
   <trkpt lat="43.3103970" lon="3.4199950">
    <ele>7.8</ele>
    <time>2025-05-13T06:22:27Z</time>
   </trkpt>
   <trkpt lat="43.3103480" lon="3.4200050">
    <ele>7.7</ele>
    <time>2025-05-13T06:22:28Z</time>
   </trkpt>
   <trkpt lat="43.3102990" lon="3.4200220">
    <ele>7.7</ele>
    <time>2025-05-13T06:22:29Z</time>
   </trkpt>
   <trkpt lat="43.3102580" lon="3.4200290">
    <ele>7.6</ele>
    <time>2025-05-13T06:22:30Z</time>
   </trkpt>
   <trkpt lat="43.3102100" lon="3.4200390">
    <ele>7.6</ele>
    <time>2025-05-13T06:22:31Z</time>
   </trkpt>
   <trkpt lat="43.3101680" lon="3.4200440">
    <ele>7.6</ele>
    <time>2025-05-13T06:22:32Z</time>
   </trkpt>
   <trkpt lat="43.3101270" lon="3.4200430">
    <ele>7.5</ele>
    <time>2025-05-13T06:22:33Z</time>
   </trkpt>
   <trkpt lat="43.3100860" lon="3.4200450">
    <ele>7.5</ele>
    <time>2025-05-13T06:22:34Z</time>
   </trkpt>
   <trkpt lat="43.3100370" lon="3.4200590">
    <ele>7.5</ele>
    <time>2025-05-13T06:22:35Z</time>
   </trkpt>
   <trkpt lat="43.3099890" lon="3.4200790">
    <ele>7.4</ele>
    <time>2025-05-13T06:22:36Z</time>
   </trkpt>
   <trkpt lat="43.3099420" lon="3.4200980">
    <ele>7.4</ele>
    <time>2025-05-13T06:22:37Z</time>
   </trkpt>
   <trkpt lat="43.3098950" lon="3.4201160">
    <ele>7.4</ele>
    <time>2025-05-13T06:22:38Z</time>
   </trkpt>
   <trkpt lat="43.3098460" lon="3.4201290">
    <ele>7.3</ele>
    <time>2025-05-13T06:22:39Z</time>
   </trkpt>
   <trkpt lat="43.3097990" lon="3.4201450">
    <ele>7.3</ele>
    <time>2025-05-13T06:22:40Z</time>
   </trkpt>
   <trkpt lat="43.3097490" lon="3.4201620">
    <ele>7.3</ele>
    <time>2025-05-13T06:22:41Z</time>
   </trkpt>
   <trkpt lat="43.3097020" lon="3.4201790">
    <ele>7.2</ele>
    <time>2025-05-13T06:22:42Z</time>
   </trkpt>
   <trkpt lat="43.3096540" lon="3.4201960">
    <ele>7.2</ele>
    <time>2025-05-13T06:22:43Z</time>
   </trkpt>
   <trkpt lat="43.3096070" lon="3.4202090">
    <ele>7.1</ele>
    <time>2025-05-13T06:22:44Z</time>
   </trkpt>
   <trkpt lat="43.3095650" lon="3.4202210">
    <ele>7.1</ele>
    <time>2025-05-13T06:22:45Z</time>
   </trkpt>
   <trkpt lat="43.3095200" lon="3.4202360">
    <ele>7.0</ele>
    <time>2025-05-13T06:22:46Z</time>
   </trkpt>
   <trkpt lat="43.3094770" lon="3.4202510">
    <ele>7.0</ele>
    <time>2025-05-13T06:22:47Z</time>
   </trkpt>
   <trkpt lat="43.3094320" lon="3.4202630">
    <ele>6.9</ele>
    <time>2025-05-13T06:22:48Z</time>
   </trkpt>
   <trkpt lat="43.3093900" lon="3.4202660">
    <ele>6.9</ele>
    <time>2025-05-13T06:22:49Z</time>
   </trkpt>
   <trkpt lat="43.3093440" lon="3.4202720">
    <ele>6.9</ele>
    <time>2025-05-13T06:22:50Z</time>
   </trkpt>
   <trkpt lat="43.3092940" lon="3.4202860">
    <ele>6.8</ele>
    <time>2025-05-13T06:22:51Z</time>
   </trkpt>
   <trkpt lat="43.3092430" lon="3.4203010">
    <ele>6.8</ele>
    <time>2025-05-13T06:22:52Z</time>
   </trkpt>
   <trkpt lat="43.3091930" lon="3.4203140">
    <ele>6.8</ele>
    <time>2025-05-13T06:22:53Z</time>
   </trkpt>
   <trkpt lat="43.3091430" lon="3.4203290">
    <ele>6.7</ele>
    <time>2025-05-13T06:22:54Z</time>
   </trkpt>
   <trkpt lat="43.3090900" lon="3.4203450">
    <ele>6.7</ele>
    <time>2025-05-13T06:22:55Z</time>
   </trkpt>
   <trkpt lat="43.3090390" lon="3.4203610">
    <ele>6.6</ele>
    <time>2025-05-13T06:22:56Z</time>
   </trkpt>
   <trkpt lat="43.3089890" lon="3.4203760">
    <ele>6.6</ele>
    <time>2025-05-13T06:22:57Z</time>
   </trkpt>
   <trkpt lat="43.3089400" lon="3.4203900">
    <ele>6.6</ele>
    <time>2025-05-13T06:22:58Z</time>
   </trkpt>
   <trkpt lat="43.3088930" lon="3.4204030">
    <ele>6.5</ele>
    <time>2025-05-13T06:22:59Z</time>
   </trkpt>
   <trkpt lat="43.3088450" lon="3.4204150">
    <ele>6.4</ele>
    <time>2025-05-13T06:23:00Z</time>
   </trkpt>
   <trkpt lat="43.3087970" lon="3.4204300">
    <ele>6.4</ele>
    <time>2025-05-13T06:23:01Z</time>
   </trkpt>
   <trkpt lat="43.3087480" lon="3.4204450">
    <ele>6.3</ele>
    <time>2025-05-13T06:23:02Z</time>
   </trkpt>
   <trkpt lat="43.3087020" lon="3.4204630">
    <ele>6.3</ele>
    <time>2025-05-13T06:23:03Z</time>
   </trkpt>
   <trkpt lat="43.3086530" lon="3.4204780">
    <ele>6.2</ele>
    <time>2025-05-13T06:23:04Z</time>
   </trkpt>
   <trkpt lat="43.3086040" lon="3.4204890">
    <ele>6.1</ele>
    <time>2025-05-13T06:23:05Z</time>
   </trkpt>
   <trkpt lat="43.3085540" lon="3.4205030">
    <ele>6.1</ele>
    <time>2025-05-13T06:23:06Z</time>
   </trkpt>
   <trkpt lat="43.3085040" lon="3.4205190">
    <ele>6.0</ele>
    <time>2025-05-13T06:23:07Z</time>
   </trkpt>
   <trkpt lat="43.3084510" lon="3.4205370">
    <ele>5.9</ele>
    <time>2025-05-13T06:23:08Z</time>
   </trkpt>
   <trkpt lat="43.3083950" lon="3.4205570">
    <ele>5.9</ele>
    <time>2025-05-13T06:23:09Z</time>
   </trkpt>
   <trkpt lat="43.3083380" lon="3.4205690">
    <ele>5.8</ele>
    <time>2025-05-13T06:23:10Z</time>
   </trkpt>
   <trkpt lat="43.3082800" lon="3.4205880">
    <ele>5.8</ele>
    <time>2025-05-13T06:23:11Z</time>
   </trkpt>
   <trkpt lat="43.3082280" lon="3.4206050">
    <ele>5.7</ele>
    <time>2025-05-13T06:23:12Z</time>
   </trkpt>
   <trkpt lat="43.3081770" lon="3.4206190">
    <ele>5.7</ele>
    <time>2025-05-13T06:23:13Z</time>
   </trkpt>
   <trkpt lat="43.3081250" lon="3.4206360">
    <ele>5.6</ele>
    <time>2025-05-13T06:23:14Z</time>
   </trkpt>
   <trkpt lat="43.3080730" lon="3.4206540">
    <ele>5.6</ele>
    <time>2025-05-13T06:23:15Z</time>
   </trkpt>
   <trkpt lat="43.3080220" lon="3.4206710">
    <ele>5.6</ele>
    <time>2025-05-13T06:23:16Z</time>
   </trkpt>
   <trkpt lat="43.3079670" lon="3.4206870">
    <ele>5.5</ele>
    <time>2025-05-13T06:23:17Z</time>
   </trkpt>
   <trkpt lat="43.3079180" lon="3.4207050">
    <ele>5.5</ele>
    <time>2025-05-13T06:23:18Z</time>
   </trkpt>
   <trkpt lat="43.3078680" lon="3.4207260">
    <ele>5.5</ele>
    <time>2025-05-13T06:23:19Z</time>
   </trkpt>
   <trkpt lat="43.3078180" lon="3.4207500">
    <ele>5.5</ele>
    <time>2025-05-13T06:23:20Z</time>
   </trkpt>
   <trkpt lat="43.3077680" lon="3.4207710">
    <ele>5.4</ele>
    <time>2025-05-13T06:23:21Z</time>
   </trkpt>
   <trkpt lat="43.3077200" lon="3.4207940">
    <ele>5.4</ele>
    <time>2025-05-13T06:23:22Z</time>
   </trkpt>
   <trkpt lat="43.3076720" lon="3.4208160">
    <ele>5.4</ele>
    <time>2025-05-13T06:23:23Z</time>
   </trkpt>
   <trkpt lat="43.3076260" lon="3.4208360">
    <ele>5.3</ele>
    <time>2025-05-13T06:23:24Z</time>
   </trkpt>
   <trkpt lat="43.3075800" lon="3.4208550">
    <ele>5.3</ele>
    <time>2025-05-13T06:23:25Z</time>
   </trkpt>
   <trkpt lat="43.3075330" lon="3.4208720">
    <ele>5.3</ele>
    <time>2025-05-13T06:23:26Z</time>
   </trkpt>
   <trkpt lat="43.3074890" lon="3.4208930">
    <ele>5.3</ele>
    <time>2025-05-13T06:23:27Z</time>
   </trkpt>
   <trkpt lat="43.3074480" lon="3.4209150">
    <ele>5.2</ele>
    <time>2025-05-13T06:23:28Z</time>
   </trkpt>
   <trkpt lat="43.3074030" lon="3.4209400">
    <ele>5.2</ele>
    <time>2025-05-13T06:23:29Z</time>
   </trkpt>
   <trkpt lat="43.3073570" lon="3.4209580">
    <ele>5.1</ele>
    <time>2025-05-13T06:23:30Z</time>
   </trkpt>
   <trkpt lat="43.3073090" lon="3.4209790">
    <ele>5.1</ele>
    <time>2025-05-13T06:23:31Z</time>
   </trkpt>
   <trkpt lat="43.3072580" lon="3.4210040">
    <ele>5.1</ele>
    <time>2025-05-13T06:23:32Z</time>
   </trkpt>
   <trkpt lat="43.3072050" lon="3.4210310">
    <ele>5.0</ele>
    <time>2025-05-13T06:23:33Z</time>
   </trkpt>
   <trkpt lat="43.3071460" lon="3.4210620">
    <ele>4.9</ele>
    <time>2025-05-13T06:23:34Z</time>
   </trkpt>
   <trkpt lat="43.3070870" lon="3.4210890">
    <ele>4.9</ele>
    <time>2025-05-13T06:23:35Z</time>
   </trkpt>
   <trkpt lat="43.3070330" lon="3.4211090">
    <ele>4.9</ele>
    <time>2025-05-13T06:23:36Z</time>
   </trkpt>
   <trkpt lat="43.3069780" lon="3.4211270">
    <ele>4.9</ele>
    <time>2025-05-13T06:23:37Z</time>
   </trkpt>
   <trkpt lat="43.3069260" lon="3.4211620">
    <ele>4.9</ele>
    <time>2025-05-13T06:23:38Z</time>
   </trkpt>
   <trkpt lat="43.3068720" lon="3.4211950">
    <ele>4.9</ele>
    <time>2025-05-13T06:23:39Z</time>
   </trkpt>
   <trkpt lat="43.3068270" lon="3.4212170">
    <ele>4.9</ele>
    <time>2025-05-13T06:23:40Z</time>
   </trkpt>
   <trkpt lat="43.3067840" lon="3.4212420">
    <ele>4.9</ele>
    <time>2025-05-13T06:23:41Z</time>
   </trkpt>
   <trkpt lat="43.3067380" lon="3.4212800">
    <ele>4.8</ele>
    <time>2025-05-13T06:23:42Z</time>
   </trkpt>
   <trkpt lat="43.3066900" lon="3.4213160">
    <ele>4.8</ele>
    <time>2025-05-13T06:23:43Z</time>
   </trkpt>
   <trkpt lat="43.3066420" lon="3.4213560">
    <ele>4.8</ele>
    <time>2025-05-13T06:23:44Z</time>
   </trkpt>
   <trkpt lat="43.3065970" lon="3.4213930">
    <ele>4.8</ele>
    <time>2025-05-13T06:23:45Z</time>
   </trkpt>
   <trkpt lat="43.3065530" lon="3.4214240">
    <ele>4.8</ele>
    <time>2025-05-13T06:23:46Z</time>
   </trkpt>
   <trkpt lat="43.3065110" lon="3.4214540">
    <ele>4.8</ele>
    <time>2025-05-13T06:23:47Z</time>
   </trkpt>
   <trkpt lat="43.3064690" lon="3.4214850">
    <ele>4.8</ele>
    <time>2025-05-13T06:23:48Z</time>
   </trkpt>
   <trkpt lat="43.3064280" lon="3.4215150">
    <ele>4.8</ele>
    <time>2025-05-13T06:23:49Z</time>
   </trkpt>
   <trkpt lat="43.3063950" lon="3.4215400">
    <ele>4.8</ele>
    <time>2025-05-13T06:23:50Z</time>
   </trkpt>
   <trkpt lat="43.3063600" lon="3.4215520">
    <ele>4.8</ele>
    <time>2025-05-13T06:23:51Z</time>
   </trkpt>
   <trkpt lat="43.3063310" lon="3.4215730">
    <ele>4.8</ele>
    <time>2025-05-13T06:23:52Z</time>
   </trkpt>
   <trkpt lat="43.3062950" lon="3.4215800">
    <ele>4.8</ele>
    <time>2025-05-13T06:23:53Z</time>
   </trkpt>
   <trkpt lat="43.3062570" lon="3.4215740">
    <ele>4.8</ele>
    <time>2025-05-13T06:23:54Z</time>
   </trkpt>
   <trkpt lat="43.3062240" lon="3.4215390">
    <ele>4.8</ele>
    <time>2025-05-13T06:23:55Z</time>
   </trkpt>
   <trkpt lat="43.3062040" lon="3.4214890">
    <ele>4.8</ele>
    <time>2025-05-13T06:23:56Z</time>
   </trkpt>
   <trkpt lat="43.3061900" lon="3.4214370">
    <ele>4.8</ele>
    <time>2025-05-13T06:23:57Z</time>
   </trkpt>
   <trkpt lat="43.3061780" lon="3.4213810">
    <ele>4.8</ele>
    <time>2025-05-13T06:23:58Z</time>
   </trkpt>
   <trkpt lat="43.3061680" lon="3.4213240">
    <ele>4.8</ele>
    <time>2025-05-13T06:23:59Z</time>
   </trkpt>
   <trkpt lat="43.3061600" lon="3.4212690">
    <ele>4.9</ele>
    <time>2025-05-13T06:24:00Z</time>
   </trkpt>
   <trkpt lat="43.3061530" lon="3.4212150">
    <ele>4.9</ele>
    <time>2025-05-13T06:24:01Z</time>
   </trkpt>
   <trkpt lat="43.3061450" lon="3.4211620">
    <ele>4.9</ele>
    <time>2025-05-13T06:24:02Z</time>
   </trkpt>
   <trkpt lat="43.3061370" lon="3.4211100">
    <ele>4.9</ele>
    <time>2025-05-13T06:24:03Z</time>
   </trkpt>
   <trkpt lat="43.3061300" lon="3.4210610">
    <ele>4.9</ele>
    <time>2025-05-13T06:24:04Z</time>
   </trkpt>
   <trkpt lat="43.3061250" lon="3.4210130">
    <ele>4.9</ele>
    <time>2025-05-13T06:24:05Z</time>
   </trkpt>
   <trkpt lat="43.3061190" lon="3.4209600">
    <ele>4.9</ele>
    <time>2025-05-13T06:24:06Z</time>
   </trkpt>
   <trkpt lat="43.3061100" lon="3.4209030">
    <ele>4.9</ele>
    <time>2025-05-13T06:24:07Z</time>
   </trkpt>
   <trkpt lat="43.3061050" lon="3.4208460">
    <ele>4.9</ele>
    <time>2025-05-13T06:24:08Z</time>
   </trkpt>
   <trkpt lat="43.3060970" lon="3.4207920">
    <ele>4.9</ele>
    <time>2025-05-13T06:24:09Z</time>
   </trkpt>
   <trkpt lat="43.3060880" lon="3.4207410">
    <ele>4.9</ele>
    <time>2025-05-13T06:24:10Z</time>
   </trkpt>
   <trkpt lat="43.3060800" lon="3.4206930">
    <ele>4.8</ele>
    <time>2025-05-13T06:24:11Z</time>
   </trkpt>
   <trkpt lat="43.3060720" lon="3.4206440">
    <ele>4.8</ele>
    <time>2025-05-13T06:24:12Z</time>
   </trkpt>
   <trkpt lat="43.3060650" lon="3.4205920">
    <ele>4.8</ele>
    <time>2025-05-13T06:24:13Z</time>
   </trkpt>
   <trkpt lat="43.3060560" lon="3.4205360">
    <ele>4.7</ele>
    <time>2025-05-13T06:24:14Z</time>
   </trkpt>
   <trkpt lat="43.3060480" lon="3.4204810">
    <ele>4.7</ele>
    <time>2025-05-13T06:24:15Z</time>
   </trkpt>
   <trkpt lat="43.3060400" lon="3.4204230">
    <ele>4.7</ele>
    <time>2025-05-13T06:24:16Z</time>
   </trkpt>
   <trkpt lat="43.3060290" lon="3.4203610">
    <ele>4.6</ele>
    <time>2025-05-13T06:24:17Z</time>
   </trkpt>
   <trkpt lat="43.3060170" lon="3.4203000">
    <ele>4.6</ele>
    <time>2025-05-13T06:24:18Z</time>
   </trkpt>
   <trkpt lat="43.3060040" lon="3.4202370">
    <ele>4.6</ele>
    <time>2025-05-13T06:24:19Z</time>
   </trkpt>
   <trkpt lat="43.3059890" lon="3.4201770">
    <ele>4.5</ele>
    <time>2025-05-13T06:24:20Z</time>
   </trkpt>
   <trkpt lat="43.3059750" lon="3.4201170">
    <ele>4.5</ele>
    <time>2025-05-13T06:24:21Z</time>
   </trkpt>
   <trkpt lat="43.3059660" lon="3.4200580">
    <ele>4.5</ele>
    <time>2025-05-13T06:24:22Z</time>
   </trkpt>
   <trkpt lat="43.3059580" lon="3.4200000">
    <ele>4.5</ele>
    <time>2025-05-13T06:24:23Z</time>
   </trkpt>
   <trkpt lat="43.3059510" lon="3.4199400">
    <ele>4.4</ele>
    <time>2025-05-13T06:24:24Z</time>
   </trkpt>
   <trkpt lat="43.3059420" lon="3.4198780">
    <ele>4.4</ele>
    <time>2025-05-13T06:24:25Z</time>
   </trkpt>
   <trkpt lat="43.3059300" lon="3.4198150">
    <ele>4.4</ele>
    <time>2025-05-13T06:24:26Z</time>
   </trkpt>
   <trkpt lat="43.3059180" lon="3.4197560">
    <ele>4.4</ele>
    <time>2025-05-13T06:24:27Z</time>
   </trkpt>
   <trkpt lat="43.3059100" lon="3.4196990">
    <ele>4.4</ele>
    <time>2025-05-13T06:24:28Z</time>
   </trkpt>
   <trkpt lat="43.3059020" lon="3.4196450">
    <ele>4.4</ele>
    <time>2025-05-13T06:24:29Z</time>
   </trkpt>
   <trkpt lat="43.3058930" lon="3.4195980">
    <ele>4.4</ele>
    <time>2025-05-13T06:24:30Z</time>
   </trkpt>
   <trkpt lat="43.3058890" lon="3.4195460">
    <ele>4.4</ele>
    <time>2025-05-13T06:24:31Z</time>
   </trkpt>
   <trkpt lat="43.3058810" lon="3.4194930">
    <ele>4.4</ele>
    <time>2025-05-13T06:24:32Z</time>
   </trkpt>
   <trkpt lat="43.3058760" lon="3.4194360">
    <ele>4.4</ele>
    <time>2025-05-13T06:24:33Z</time>
   </trkpt>
   <trkpt lat="43.3058730" lon="3.4193780">
    <ele>4.4</ele>
    <time>2025-05-13T06:24:34Z</time>
   </trkpt>
   <trkpt lat="43.3058660" lon="3.4193190">
    <ele>4.4</ele>
    <time>2025-05-13T06:24:35Z</time>
   </trkpt>
   <trkpt lat="43.3058600" lon="3.4192580">
    <ele>4.3</ele>
    <time>2025-05-13T06:24:36Z</time>
   </trkpt>
   <trkpt lat="43.3058540" lon="3.4191930">
    <ele>4.3</ele>
    <time>2025-05-13T06:24:37Z</time>
   </trkpt>
   <trkpt lat="43.3058480" lon="3.4191280">
    <ele>4.3</ele>
    <time>2025-05-13T06:24:38Z</time>
   </trkpt>
   <trkpt lat="43.3058410" lon="3.4190640">
    <ele>4.3</ele>
    <time>2025-05-13T06:24:39Z</time>
   </trkpt>
   <trkpt lat="43.3058280" lon="3.4190000">
    <ele>4.3</ele>
    <time>2025-05-13T06:24:40Z</time>
   </trkpt>
   <trkpt lat="43.3058080" lon="3.4189360">
    <ele>4.4</ele>
    <time>2025-05-13T06:24:41Z</time>
   </trkpt>
   <trkpt lat="43.3057830" lon="3.4188730">
    <ele>4.4</ele>
    <time>2025-05-13T06:24:42Z</time>
   </trkpt>
   <trkpt lat="43.3057500" lon="3.4188160">
    <ele>4.4</ele>
    <time>2025-05-13T06:24:43Z</time>
   </trkpt>
   <trkpt lat="43.3057130" lon="3.4187670">
    <ele>4.4</ele>
    <time>2025-05-13T06:24:44Z</time>
   </trkpt>
   <trkpt lat="43.3056770" lon="3.4187170">
    <ele>4.4</ele>
    <time>2025-05-13T06:24:45Z</time>
   </trkpt>
   <trkpt lat="43.3056420" lon="3.4186670">
    <ele>4.4</ele>
    <time>2025-05-13T06:24:46Z</time>
   </trkpt>
   <trkpt lat="43.3056080" lon="3.4186180">
    <ele>4.4</ele>
    <time>2025-05-13T06:24:47Z</time>
   </trkpt>
   <trkpt lat="43.3055750" lon="3.4185710">
    <ele>4.4</ele>
    <time>2025-05-13T06:24:48Z</time>
   </trkpt>
   <trkpt lat="43.3055430" lon="3.4185270">
    <ele>4.4</ele>
    <time>2025-05-13T06:24:49Z</time>
   </trkpt>
   <trkpt lat="43.3055070" lon="3.4184890">
    <ele>4.3</ele>
    <time>2025-05-13T06:24:50Z</time>
   </trkpt>
   <trkpt lat="43.3054700" lon="3.4184540">
    <ele>4.3</ele>
    <time>2025-05-13T06:24:51Z</time>
   </trkpt>
   <trkpt lat="43.3054260" lon="3.4184260">
    <ele>4.3</ele>
    <time>2025-05-13T06:24:52Z</time>
   </trkpt>
   <trkpt lat="43.3053790" lon="3.4183970">
    <ele>4.3</ele>
    <time>2025-05-13T06:24:53Z</time>
   </trkpt>
   <trkpt lat="43.3053270" lon="3.4183710">
    <ele>4.3</ele>
    <time>2025-05-13T06:24:54Z</time>
   </trkpt>
   <trkpt lat="43.3052700" lon="3.4183540">
    <ele>4.2</ele>
    <time>2025-05-13T06:24:55Z</time>
   </trkpt>
   <trkpt lat="43.3052150" lon="3.4183370">
    <ele>4.2</ele>
    <time>2025-05-13T06:24:56Z</time>
   </trkpt>
   <trkpt lat="43.3051580" lon="3.4183210">
    <ele>4.1</ele>
    <time>2025-05-13T06:24:57Z</time>
   </trkpt>
   <trkpt lat="43.3051010" lon="3.4183070">
    <ele>4.1</ele>
    <time>2025-05-13T06:24:58Z</time>
   </trkpt>
   <trkpt lat="43.3050430" lon="3.4182990">
    <ele>4.1</ele>
    <time>2025-05-13T06:24:59Z</time>
   </trkpt>
   <trkpt lat="43.3049850" lon="3.4182920">
    <ele>4.0</ele>
    <time>2025-05-13T06:25:00Z</time>
   </trkpt>
   <trkpt lat="43.3049280" lon="3.4182830">
    <ele>4.0</ele>
    <time>2025-05-13T06:25:01Z</time>
   </trkpt>
   <trkpt lat="43.3048750" lon="3.4182740">
    <ele>4.0</ele>
    <time>2025-05-13T06:25:02Z</time>
   </trkpt>
   <trkpt lat="43.3048200" lon="3.4182660">
    <ele>4.0</ele>
    <time>2025-05-13T06:25:03Z</time>
   </trkpt>
   <trkpt lat="43.3047650" lon="3.4182550">
    <ele>4.0</ele>
    <time>2025-05-13T06:25:04Z</time>
   </trkpt>
   <trkpt lat="43.3047130" lon="3.4182450">
    <ele>4.0</ele>
    <time>2025-05-13T06:25:05Z</time>
   </trkpt>
   <trkpt lat="43.3046620" lon="3.4182330">
    <ele>4.1</ele>
    <time>2025-05-13T06:25:06Z</time>
   </trkpt>
   <trkpt lat="43.3046110" lon="3.4182220">
    <ele>4.1</ele>
    <time>2025-05-13T06:25:07Z</time>
   </trkpt>
   <trkpt lat="43.3045610" lon="3.4182090">
    <ele>4.1</ele>
    <time>2025-05-13T06:25:08Z</time>
   </trkpt>
   <trkpt lat="43.3045110" lon="3.4182000">
    <ele>4.1</ele>
    <time>2025-05-13T06:25:09Z</time>
   </trkpt>
   <trkpt lat="43.3044600" lon="3.4181880">
    <ele>4.1</ele>
    <time>2025-05-13T06:25:10Z</time>
   </trkpt>
   <trkpt lat="43.3044070" lon="3.4181730">
    <ele>4.1</ele>
    <time>2025-05-13T06:25:11Z</time>
   </trkpt>
   <trkpt lat="43.3043550" lon="3.4181580">
    <ele>4.1</ele>
    <time>2025-05-13T06:25:12Z</time>
   </trkpt>
   <trkpt lat="43.3043020" lon="3.4181430">
    <ele>4.1</ele>
    <time>2025-05-13T06:25:13Z</time>
   </trkpt>
   <trkpt lat="43.3042460" lon="3.4181320">
    <ele>4.1</ele>
    <time>2025-05-13T06:25:14Z</time>
   </trkpt>
   <trkpt lat="43.3041880" lon="3.4181260">
    <ele>4.1</ele>
    <time>2025-05-13T06:25:15Z</time>
   </trkpt>
   <trkpt lat="43.3041320" lon="3.4181220">
    <ele>4.1</ele>
    <time>2025-05-13T06:25:16Z</time>
   </trkpt>
   <trkpt lat="43.3040790" lon="3.4181180">
    <ele>4.2</ele>
    <time>2025-05-13T06:25:17Z</time>
   </trkpt>
   <trkpt lat="43.3040280" lon="3.4181210">
    <ele>4.2</ele>
    <time>2025-05-13T06:25:18Z</time>
   </trkpt>
   <trkpt lat="43.3039810" lon="3.4181220">
    <ele>4.2</ele>
    <time>2025-05-13T06:25:19Z</time>
   </trkpt>
   <trkpt lat="43.3039350" lon="3.4181250">
    <ele>4.2</ele>
    <time>2025-05-13T06:25:20Z</time>
   </trkpt>
   <trkpt lat="43.3038930" lon="3.4181290">
    <ele>4.2</ele>
    <time>2025-05-13T06:25:21Z</time>
   </trkpt>
   <trkpt lat="43.3038520" lon="3.4181360">
    <ele>4.1</ele>
    <time>2025-05-13T06:25:22Z</time>
   </trkpt>
   <trkpt lat="43.3038120" lon="3.4181490">
    <ele>4.1</ele>
    <time>2025-05-13T06:25:23Z</time>
   </trkpt>
   <trkpt lat="43.3037710" lon="3.4181700">
    <ele>4.1</ele>
    <time>2025-05-13T06:25:24Z</time>
   </trkpt>
   <trkpt lat="43.3037300" lon="3.4181930">
    <ele>4.0</ele>
    <time>2025-05-13T06:25:25Z</time>
   </trkpt>
   <trkpt lat="43.3036910" lon="3.4182130">
    <ele>4.0</ele>
    <time>2025-05-13T06:25:26Z</time>
   </trkpt>
   <trkpt lat="43.3036560" lon="3.4182350">
    <ele>3.9</ele>
    <time>2025-05-13T06:25:27Z</time>
   </trkpt>
   <trkpt lat="43.3036190" lon="3.4182590">
    <ele>3.9</ele>
    <time>2025-05-13T06:25:28Z</time>
   </trkpt>
   <trkpt lat="43.3035800" lon="3.4182820">
    <ele>3.8</ele>
    <time>2025-05-13T06:25:29Z</time>
   </trkpt>
   <trkpt lat="43.3035410" lon="3.4183050">
    <ele>3.8</ele>
    <time>2025-05-13T06:25:30Z</time>
   </trkpt>
   <trkpt lat="43.3034980" lon="3.4183320">
    <ele>3.7</ele>
    <time>2025-05-13T06:25:31Z</time>
   </trkpt>
   <trkpt lat="43.3034540" lon="3.4183640">
    <ele>3.7</ele>
    <time>2025-05-13T06:25:32Z</time>
   </trkpt>
   <trkpt lat="43.3034070" lon="3.4183940">
    <ele>3.7</ele>
    <time>2025-05-13T06:25:33Z</time>
   </trkpt>
   <trkpt lat="43.3033600" lon="3.4184230">
    <ele>3.7</ele>
    <time>2025-05-13T06:25:34Z</time>
   </trkpt>
   <trkpt lat="43.3033120" lon="3.4184520">
    <ele>3.6</ele>
    <time>2025-05-13T06:25:35Z</time>
   </trkpt>
   <trkpt lat="43.3032650" lon="3.4184830">
    <ele>3.7</ele>
    <time>2025-05-13T06:25:36Z</time>
   </trkpt>
   <trkpt lat="43.3032180" lon="3.4185150">
    <ele>3.7</ele>
    <time>2025-05-13T06:25:37Z</time>
   </trkpt>
   <trkpt lat="43.3031720" lon="3.4185470">
    <ele>3.8</ele>
    <time>2025-05-13T06:25:38Z</time>
   </trkpt>
   <trkpt lat="43.3031260" lon="3.4185830">
    <ele>3.8</ele>
    <time>2025-05-13T06:25:39Z</time>
   </trkpt>
   <trkpt lat="43.3030810" lon="3.4186250">
    <ele>3.9</ele>
    <time>2025-05-13T06:25:40Z</time>
   </trkpt>
   <trkpt lat="43.3030360" lon="3.4186710">
    <ele>4.0</ele>
    <time>2025-05-13T06:25:41Z</time>
   </trkpt>
   <trkpt lat="43.3029950" lon="3.4186940">
    <ele>4.1</ele>
    <time>2025-05-13T06:25:42Z</time>
   </trkpt>
   <trkpt lat="43.3029590" lon="3.4187090">
    <ele>4.2</ele>
    <time>2025-05-13T06:25:43Z</time>
   </trkpt>
   <trkpt lat="43.3029220" lon="3.4187240">
    <ele>4.2</ele>
    <time>2025-05-13T06:25:44Z</time>
   </trkpt>
   <trkpt lat="43.3028870" lon="3.4187410">
    <ele>4.3</ele>
    <time>2025-05-13T06:25:45Z</time>
   </trkpt>
   <trkpt lat="43.3028520" lon="3.4187650">
    <ele>4.4</ele>
    <time>2025-05-13T06:25:46Z</time>
   </trkpt>
   <trkpt lat="43.3028160" lon="3.4187870">
    <ele>4.5</ele>
    <time>2025-05-13T06:25:47Z</time>
   </trkpt>
   <trkpt lat="43.3027830" lon="3.4188070">
    <ele>4.6</ele>
    <time>2025-05-13T06:25:48Z</time>
   </trkpt>
   <trkpt lat="43.3027540" lon="3.4188230">
    <ele>4.7</ele>
    <time>2025-05-13T06:25:49Z</time>
   </trkpt>
   <trkpt lat="43.3027260" lon="3.4188360">
    <ele>4.8</ele>
    <time>2025-05-13T06:25:50Z</time>
   </trkpt>
   <trkpt lat="43.3026970" lon="3.4188570">
    <ele>4.9</ele>
    <time>2025-05-13T06:25:51Z</time>
   </trkpt>
   <trkpt lat="43.3026680" lon="3.4188780">
    <ele>5.0</ele>
    <time>2025-05-13T06:25:52Z</time>
   </trkpt>
   <trkpt lat="43.3026420" lon="3.4188940">
    <ele>5.1</ele>
    <time>2025-05-13T06:25:53Z</time>
   </trkpt>
   <trkpt lat="43.3026100" lon="3.4189040">
    <ele>5.2</ele>
    <time>2025-05-13T06:25:54Z</time>
   </trkpt>
   <trkpt lat="43.3026000" lon="3.4189070">
    <ele>5.2</ele>
    <time>2025-05-13T06:25:55Z</time>
   </trkpt>
   <trkpt lat="43.3025730" lon="3.4189160">
    <ele>5.3</ele>
    <time>2025-05-13T06:25:56Z</time>
   </trkpt>
   <trkpt lat="43.3025640" lon="3.4189190">
    <ele>5.3</ele>
    <time>2025-05-13T06:25:57Z</time>
   </trkpt>
   <trkpt lat="43.3025490" lon="3.4189240">
    <ele>5.3</ele>
    <time>2025-05-13T06:25:58Z</time>
   </trkpt>
   <trkpt lat="43.3025310" lon="3.4189290">
    <ele>5.3</ele>
    <time>2025-05-13T06:25:59Z</time>
   </trkpt>
   <trkpt lat="43.3025160" lon="3.4189330">
    <ele>5.4</ele>
    <time>2025-05-13T06:26:00Z</time>
   </trkpt>
   <trkpt lat="43.3024970" lon="3.4189400">
    <ele>5.4</ele>
    <time>2025-05-13T06:26:01Z</time>
   </trkpt>
   <trkpt lat="43.3024690" lon="3.4189550">
    <ele>5.4</ele>
    <time>2025-05-13T06:26:02Z</time>
   </trkpt>
   <trkpt lat="43.3024600" lon="3.4189590">
    <ele>5.4</ele>
    <time>2025-05-13T06:26:03Z</time>
   </trkpt>
   <trkpt lat="43.3024330" lon="3.4189620">
    <ele>5.5</ele>
    <time>2025-05-13T06:26:04Z</time>
   </trkpt>
   <trkpt lat="43.3024230" lon="3.4189620">
    <ele>5.5</ele>
    <time>2025-05-13T06:26:05Z</time>
   </trkpt>
   <trkpt lat="43.3023900" lon="3.4189670">
    <ele>5.5</ele>
    <time>2025-05-13T06:26:06Z</time>
   </trkpt>
   <trkpt lat="43.3023780" lon="3.4189700">
    <ele>5.5</ele>
    <time>2025-05-13T06:26:07Z</time>
   </trkpt>
   <trkpt lat="43.3023450" lon="3.4189760">
    <ele>5.6</ele>
    <time>2025-05-13T06:26:08Z</time>
   </trkpt>
   <trkpt lat="43.3023350" lon="3.4189780">
    <ele>5.6</ele>
    <time>2025-05-13T06:26:09Z</time>
   </trkpt>
   <trkpt lat="43.3023170" lon="3.4189790">
    <ele>5.6</ele>
    <time>2025-05-13T06:26:10Z</time>
   </trkpt>
   <trkpt lat="43.3023030" lon="3.4189820">
    <ele>5.6</ele>
    <time>2025-05-13T06:26:11Z</time>
   </trkpt>
   <trkpt lat="43.3022910" lon="3.4189820">
    <ele>5.6</ele>
    <time>2025-05-13T06:26:12Z</time>
   </trkpt>
   <trkpt lat="43.3022820" lon="3.4189800">
    <ele>5.6</ele>
    <time>2025-05-13T06:26:13Z</time>
   </trkpt>
   <trkpt lat="43.3022710" lon="3.4189770">
    <ele>5.5</ele>
    <time>2025-05-13T06:26:14Z</time>
   </trkpt>
   <trkpt lat="43.3022560" lon="3.4189760">
    <ele>5.5</ele>
    <time>2025-05-13T06:26:15Z</time>
   </trkpt>
   <trkpt lat="43.3022390" lon="3.4189790">
    <ele>5.5</ele>
    <time>2025-05-13T06:26:16Z</time>
   </trkpt>
   <trkpt lat="43.3022110" lon="3.4189880">
    <ele>5.5</ele>
    <time>2025-05-13T06:26:17Z</time>
   </trkpt>
   <trkpt lat="43.3022010" lon="3.4189900">
    <ele>5.5</ele>
    <time>2025-05-13T06:26:18Z</time>
   </trkpt>
   <trkpt lat="43.3021660" lon="3.4189820">
    <ele>5.4</ele>
    <time>2025-05-13T06:26:19Z</time>
   </trkpt>
   <trkpt lat="43.3021560" lon="3.4189810">
    <ele>5.4</ele>
    <time>2025-05-13T06:26:20Z</time>
   </trkpt>
   <trkpt lat="43.3021270" lon="3.4189830">
    <ele>5.3</ele>
    <time>2025-05-13T06:26:21Z</time>
   </trkpt>
   <trkpt lat="43.3021170" lon="3.4189850">
    <ele>5.3</ele>
    <time>2025-05-13T06:26:22Z</time>
   </trkpt>
   <trkpt lat="43.3020880" lon="3.4190010">
    <ele>5.2</ele>
    <time>2025-05-13T06:26:23Z</time>
   </trkpt>
   <trkpt lat="43.3020770" lon="3.4190070">
    <ele>5.1</ele>
    <time>2025-05-13T06:26:24Z</time>
   </trkpt>
   <trkpt lat="43.3020630" lon="3.4190190">
    <ele>5.1</ele>
    <time>2025-05-13T06:26:25Z</time>
   </trkpt>
   <trkpt lat="43.3020490" lon="3.4190340">
    <ele>5.0</ele>
    <time>2025-05-13T06:26:26Z</time>
   </trkpt>
   <trkpt lat="43.3020230" lon="3.4190680">
    <ele>4.9</ele>
    <time>2025-05-13T06:26:27Z</time>
   </trkpt>
   <trkpt lat="43.3020140" lon="3.4190810">
    <ele>4.9</ele>
    <time>2025-05-13T06:26:28Z</time>
   </trkpt>
   <trkpt lat="43.3020010" lon="3.4191180">
    <ele>4.8</ele>
    <time>2025-05-13T06:26:29Z</time>
   </trkpt>
   <trkpt lat="43.3019910" lon="3.4191670">
    <ele>4.7</ele>
    <time>2025-05-13T06:26:30Z</time>
   </trkpt>
   <trkpt lat="43.3019850" lon="3.4192200">
    <ele>4.6</ele>
    <time>2025-05-13T06:26:31Z</time>
   </trkpt>
   <trkpt lat="43.3019810" lon="3.4192760">
    <ele>4.5</ele>
    <time>2025-05-13T06:26:32Z</time>
   </trkpt>
   <trkpt lat="43.3019760" lon="3.4193350">
    <ele>4.4</ele>
    <time>2025-05-13T06:26:33Z</time>
   </trkpt>
   <trkpt lat="43.3019700" lon="3.4193980">
    <ele>4.3</ele>
    <time>2025-05-13T06:26:34Z</time>
   </trkpt>
   <trkpt lat="43.3019690" lon="3.4194620">
    <ele>4.2</ele>
    <time>2025-05-13T06:26:35Z</time>
   </trkpt>
   <trkpt lat="43.3019710" lon="3.4195310">
    <ele>4.1</ele>
    <time>2025-05-13T06:26:36Z</time>
   </trkpt>
   <trkpt lat="43.3019670" lon="3.4195990">
    <ele>4.1</ele>
    <time>2025-05-13T06:26:37Z</time>
   </trkpt>
   <trkpt lat="43.3019650" lon="3.4196660">
    <ele>4.0</ele>
    <time>2025-05-13T06:26:38Z</time>
   </trkpt>
   <trkpt lat="43.3019580" lon="3.4197290">
    <ele>3.9</ele>
    <time>2025-05-13T06:26:39Z</time>
   </trkpt>
   <trkpt lat="43.3019500" lon="3.4197920">
    <ele>3.9</ele>
    <time>2025-05-13T06:26:40Z</time>
   </trkpt>
   <trkpt lat="43.3019440" lon="3.4198530">
    <ele>3.9</ele>
    <time>2025-05-13T06:26:41Z</time>
   </trkpt>
   <trkpt lat="43.3019390" lon="3.4199100">
    <ele>3.9</ele>
    <time>2025-05-13T06:26:42Z</time>
   </trkpt>
   <trkpt lat="43.3019420" lon="3.4199660">
    <ele>3.9</ele>
    <time>2025-05-13T06:26:43Z</time>
   </trkpt>
   <trkpt lat="43.3019510" lon="3.4200210">
    <ele>3.9</ele>
    <time>2025-05-13T06:26:44Z</time>
   </trkpt>
   <trkpt lat="43.3019610" lon="3.4200720">
    <ele>3.8</ele>
    <time>2025-05-13T06:26:45Z</time>
   </trkpt>
   <trkpt lat="43.3019740" lon="3.4201210">
    <ele>3.8</ele>
    <time>2025-05-13T06:26:46Z</time>
   </trkpt>
   <trkpt lat="43.3019880" lon="3.4201680">
    <ele>3.8</ele>
    <time>2025-05-13T06:26:47Z</time>
   </trkpt>
   <trkpt lat="43.3020040" lon="3.4202150">
    <ele>3.9</ele>
    <time>2025-05-13T06:26:48Z</time>
   </trkpt>
   <trkpt lat="43.3020230" lon="3.4202590">
    <ele>3.9</ele>
    <time>2025-05-13T06:26:49Z</time>
   </trkpt>
   <trkpt lat="43.3020470" lon="3.4203030">
    <ele>3.9</ele>
    <time>2025-05-13T06:26:50Z</time>
   </trkpt>
   <trkpt lat="43.3020700" lon="3.4203440">
    <ele>3.9</ele>
    <time>2025-05-13T06:26:51Z</time>
   </trkpt>
   <trkpt lat="43.3020920" lon="3.4203890">
    <ele>4.0</ele>
    <time>2025-05-13T06:26:52Z</time>
   </trkpt>
   <trkpt lat="43.3021130" lon="3.4204370">
    <ele>4.0</ele>
    <time>2025-05-13T06:26:53Z</time>
   </trkpt>
   <trkpt lat="43.3021330" lon="3.4204870">
    <ele>4.1</ele>
    <time>2025-05-13T06:26:54Z</time>
   </trkpt>
   <trkpt lat="43.3021520" lon="3.4205360">
    <ele>4.1</ele>
    <time>2025-05-13T06:26:55Z</time>
   </trkpt>
   <trkpt lat="43.3021680" lon="3.4205860">
    <ele>4.2</ele>
    <time>2025-05-13T06:26:56Z</time>
   </trkpt>
   <trkpt lat="43.3021800" lon="3.4206380">
    <ele>4.2</ele>
    <time>2025-05-13T06:26:57Z</time>
   </trkpt>
   <trkpt lat="43.3021890" lon="3.4206880">
    <ele>4.3</ele>
    <time>2025-05-13T06:26:58Z</time>
   </trkpt>
   <trkpt lat="43.3021940" lon="3.4207430">
    <ele>4.3</ele>
    <time>2025-05-13T06:26:59Z</time>
   </trkpt>
   <trkpt lat="43.3022000" lon="3.4207980">
    <ele>4.3</ele>
    <time>2025-05-13T06:27:00Z</time>
   </trkpt>
   <trkpt lat="43.3022070" lon="3.4208570">
    <ele>4.4</ele>
    <time>2025-05-13T06:27:01Z</time>
   </trkpt>
   <trkpt lat="43.3022100" lon="3.4209140">
    <ele>4.4</ele>
    <time>2025-05-13T06:27:02Z</time>
   </trkpt>
   <trkpt lat="43.3022150" lon="3.4209710">
    <ele>4.4</ele>
    <time>2025-05-13T06:27:03Z</time>
   </trkpt>
   <trkpt lat="43.3022200" lon="3.4210270">
    <ele>4.4</ele>
    <time>2025-05-13T06:27:04Z</time>
   </trkpt>
   <trkpt lat="43.3022190" lon="3.4210800">
    <ele>4.4</ele>
    <time>2025-05-13T06:27:05Z</time>
   </trkpt>
   <trkpt lat="43.3022230" lon="3.4211380">
    <ele>4.5</ele>
    <time>2025-05-13T06:27:06Z</time>
   </trkpt>
   <trkpt lat="43.3022270" lon="3.4211980">
    <ele>4.5</ele>
    <time>2025-05-13T06:27:07Z</time>
   </trkpt>
   <trkpt lat="43.3022260" lon="3.4212550">
    <ele>4.5</ele>
    <time>2025-05-13T06:27:08Z</time>
   </trkpt>
   <trkpt lat="43.3022330" lon="3.4213120">
    <ele>4.5</ele>
    <time>2025-05-13T06:27:09Z</time>
   </trkpt>
   <trkpt lat="43.3022400" lon="3.4213700">
    <ele>4.5</ele>
    <time>2025-05-13T06:27:10Z</time>
   </trkpt>
   <trkpt lat="43.3022480" lon="3.4214300">
    <ele>4.6</ele>
    <time>2025-05-13T06:27:11Z</time>
   </trkpt>
   <trkpt lat="43.3022540" lon="3.4214890">
    <ele>4.6</ele>
    <time>2025-05-13T06:27:12Z</time>
   </trkpt>
   <trkpt lat="43.3022610" lon="3.4215510">
    <ele>4.6</ele>
    <time>2025-05-13T06:27:13Z</time>
   </trkpt>
   <trkpt lat="43.3022650" lon="3.4216100">
    <ele>4.6</ele>
    <time>2025-05-13T06:27:14Z</time>
   </trkpt>
   <trkpt lat="43.3022670" lon="3.4216700">
    <ele>4.6</ele>
    <time>2025-05-13T06:27:15Z</time>
   </trkpt>
   <trkpt lat="43.3022710" lon="3.4217310">
    <ele>4.6</ele>
    <time>2025-05-13T06:27:16Z</time>
   </trkpt>
   <trkpt lat="43.3022790" lon="3.4217960">
    <ele>4.6</ele>
    <time>2025-05-13T06:27:17Z</time>
   </trkpt>
   <trkpt lat="43.3022810" lon="3.4218620">
    <ele>4.6</ele>
    <time>2025-05-13T06:27:18Z</time>
   </trkpt>
   <trkpt lat="43.3022790" lon="3.4219260">
    <ele>4.6</ele>
    <time>2025-05-13T06:27:19Z</time>
   </trkpt>
   <trkpt lat="43.3022840" lon="3.4219890">
    <ele>4.6</ele>
    <time>2025-05-13T06:27:20Z</time>
   </trkpt>
   <trkpt lat="43.3022870" lon="3.4220540">
    <ele>4.6</ele>
    <time>2025-05-13T06:27:21Z</time>
   </trkpt>
   <trkpt lat="43.3022860" lon="3.4221190">
    <ele>4.6</ele>
    <time>2025-05-13T06:27:22Z</time>
   </trkpt>
   <trkpt lat="43.3022900" lon="3.4221890">
    <ele>4.6</ele>
    <time>2025-05-13T06:27:23Z</time>
   </trkpt>
   <trkpt lat="43.3022950" lon="3.4222590">
    <ele>4.6</ele>
    <time>2025-05-13T06:27:24Z</time>
   </trkpt>
   <trkpt lat="43.3022990" lon="3.4223290">
    <ele>4.6</ele>
    <time>2025-05-13T06:27:25Z</time>
   </trkpt>
   <trkpt lat="43.3022980" lon="3.4223980">
    <ele>4.7</ele>
    <time>2025-05-13T06:27:26Z</time>
   </trkpt>
   <trkpt lat="43.3023030" lon="3.4224690">
    <ele>4.7</ele>
    <time>2025-05-13T06:27:27Z</time>
   </trkpt>
   <trkpt lat="43.3023100" lon="3.4225390">
    <ele>4.7</ele>
    <time>2025-05-13T06:27:28Z</time>
   </trkpt>
   <trkpt lat="43.3023080" lon="3.4226040">
    <ele>4.7</ele>
    <time>2025-05-13T06:27:29Z</time>
   </trkpt>
   <trkpt lat="43.3023130" lon="3.4226670">
    <ele>4.7</ele>
    <time>2025-05-13T06:27:30Z</time>
   </trkpt>
   <trkpt lat="43.3023180" lon="3.4227290">
    <ele>4.8</ele>
    <time>2025-05-13T06:27:31Z</time>
   </trkpt>
   <trkpt lat="43.3023220" lon="3.4227880">
    <ele>4.8</ele>
    <time>2025-05-13T06:27:32Z</time>
   </trkpt>
   <trkpt lat="43.3023240" lon="3.4228490">
    <ele>4.8</ele>
    <time>2025-05-13T06:27:33Z</time>
   </trkpt>
   <trkpt lat="43.3023290" lon="3.4229110">
    <ele>4.8</ele>
    <time>2025-05-13T06:27:34Z</time>
   </trkpt>
   <trkpt lat="43.3023280" lon="3.4229720">
    <ele>4.8</ele>
    <time>2025-05-13T06:27:35Z</time>
   </trkpt>
   <trkpt lat="43.3023340" lon="3.4230370">
    <ele>4.8</ele>
    <time>2025-05-13T06:27:36Z</time>
   </trkpt>
   <trkpt lat="43.3023420" lon="3.4231000">
    <ele>4.8</ele>
    <time>2025-05-13T06:27:37Z</time>
   </trkpt>
   <trkpt lat="43.3023470" lon="3.4231650">
    <ele>4.8</ele>
    <time>2025-05-13T06:27:38Z</time>
   </trkpt>
   <trkpt lat="43.3023510" lon="3.4232300">
    <ele>4.8</ele>
    <time>2025-05-13T06:27:39Z</time>
   </trkpt>
   <trkpt lat="43.3023550" lon="3.4232970">
    <ele>4.8</ele>
    <time>2025-05-13T06:27:40Z</time>
   </trkpt>
   <trkpt lat="43.3023610" lon="3.4233660">
    <ele>4.7</ele>
    <time>2025-05-13T06:27:41Z</time>
   </trkpt>
   <trkpt lat="43.3023650" lon="3.4234380">
    <ele>4.7</ele>
    <time>2025-05-13T06:27:42Z</time>
   </trkpt>
   <trkpt lat="43.3023680" lon="3.4235110">
    <ele>4.7</ele>
    <time>2025-05-13T06:27:43Z</time>
   </trkpt>
   <trkpt lat="43.3023730" lon="3.4235850">
    <ele>4.6</ele>
    <time>2025-05-13T06:27:44Z</time>
   </trkpt>
   <trkpt lat="43.3023770" lon="3.4236630">
    <ele>4.6</ele>
    <time>2025-05-13T06:27:45Z</time>
   </trkpt>
   <trkpt lat="43.3023830" lon="3.4237430">
    <ele>4.5</ele>
    <time>2025-05-13T06:27:46Z</time>
   </trkpt>
   <trkpt lat="43.3023880" lon="3.4238250">
    <ele>4.5</ele>
    <time>2025-05-13T06:27:47Z</time>
   </trkpt>
   <trkpt lat="43.3023990" lon="3.4239110">
    <ele>4.4</ele>
    <time>2025-05-13T06:27:48Z</time>
   </trkpt>
   <trkpt lat="43.3024030" lon="3.4239960">
    <ele>4.3</ele>
    <time>2025-05-13T06:27:49Z</time>
   </trkpt>
   <trkpt lat="43.3024130" lon="3.4240840">
    <ele>4.2</ele>
    <time>2025-05-13T06:27:50Z</time>
   </trkpt>
   <trkpt lat="43.3024290" lon="3.4241790">
    <ele>4.3</ele>
    <time>2025-05-13T06:27:51Z</time>
   </trkpt>
   <trkpt lat="43.3024380" lon="3.4242630">
    <ele>4.3</ele>
    <time>2025-05-13T06:27:52Z</time>
   </trkpt>
   <trkpt lat="43.3024440" lon="3.4243410">
    <ele>4.4</ele>
    <time>2025-05-13T06:27:53Z</time>
   </trkpt>
   <trkpt lat="43.3024500" lon="3.4244180">
    <ele>4.4</ele>
    <time>2025-05-13T06:27:54Z</time>
   </trkpt>
   <trkpt lat="43.3024560" lon="3.4244920">
    <ele>4.4</ele>
    <time>2025-05-13T06:27:55Z</time>
   </trkpt>
   <trkpt lat="43.3024660" lon="3.4245740">
    <ele>4.5</ele>
    <time>2025-05-13T06:27:56Z</time>
   </trkpt>
   <trkpt lat="43.3024730" lon="3.4246520">
    <ele>4.5</ele>
    <time>2025-05-13T06:27:57Z</time>
   </trkpt>
   <trkpt lat="43.3024800" lon="3.4247280">
    <ele>4.5</ele>
    <time>2025-05-13T06:27:58Z</time>
   </trkpt>
   <trkpt lat="43.3024880" lon="3.4248080">
    <ele>4.5</ele>
    <time>2025-05-13T06:27:59Z</time>
   </trkpt>
   <trkpt lat="43.3024950" lon="3.4248840">
    <ele>4.6</ele>
    <time>2025-05-13T06:28:00Z</time>
   </trkpt>
   <trkpt lat="43.3025010" lon="3.4249590">
    <ele>4.6</ele>
    <time>2025-05-13T06:28:01Z</time>
   </trkpt>
   <trkpt lat="43.3025080" lon="3.4250390">
    <ele>4.6</ele>
    <time>2025-05-13T06:28:02Z</time>
   </trkpt>
   <trkpt lat="43.3025190" lon="3.4251150">
    <ele>4.6</ele>
    <time>2025-05-13T06:28:03Z</time>
   </trkpt>
   <trkpt lat="43.3025250" lon="3.4251870">
    <ele>4.7</ele>
    <time>2025-05-13T06:28:04Z</time>
   </trkpt>
   <trkpt lat="43.3025320" lon="3.4252590">
    <ele>4.7</ele>
    <time>2025-05-13T06:28:05Z</time>
   </trkpt>
   <trkpt lat="43.3025340" lon="3.4253330">
    <ele>4.7</ele>
    <time>2025-05-13T06:28:06Z</time>
   </trkpt>
   <trkpt lat="43.3025350" lon="3.4254080">
    <ele>4.7</ele>
    <time>2025-05-13T06:28:07Z</time>
   </trkpt>
   <trkpt lat="43.3025400" lon="3.4254850">
    <ele>4.7</ele>
    <time>2025-05-13T06:28:08Z</time>
   </trkpt>
   <trkpt lat="43.3025480" lon="3.4255600">
    <ele>4.7</ele>
    <time>2025-05-13T06:28:09Z</time>
   </trkpt>
   <trkpt lat="43.3025560" lon="3.4256330">
    <ele>4.8</ele>
    <time>2025-05-13T06:28:10Z</time>
   </trkpt>
   <trkpt lat="43.3025620" lon="3.4257080">
    <ele>4.8</ele>
    <time>2025-05-13T06:28:11Z</time>
   </trkpt>
   <trkpt lat="43.3025670" lon="3.4257800">
    <ele>4.8</ele>
    <time>2025-05-13T06:28:12Z</time>
   </trkpt>
   <trkpt lat="43.3025720" lon="3.4258550">
    <ele>4.8</ele>
    <time>2025-05-13T06:28:13Z</time>
   </trkpt>
   <trkpt lat="43.3025740" lon="3.4259300">
    <ele>4.8</ele>
    <time>2025-05-13T06:28:14Z</time>
   </trkpt>
   <trkpt lat="43.3025760" lon="3.4260050">
    <ele>4.7</ele>
    <time>2025-05-13T06:28:15Z</time>
   </trkpt>
   <trkpt lat="43.3025830" lon="3.4260780">
    <ele>4.7</ele>
    <time>2025-05-13T06:28:16Z</time>
   </trkpt>
   <trkpt lat="43.3025900" lon="3.4261560">
    <ele>4.7</ele>
    <time>2025-05-13T06:28:17Z</time>
   </trkpt>
   <trkpt lat="43.3025990" lon="3.4262290">
    <ele>4.6</ele>
    <time>2025-05-13T06:28:18Z</time>
   </trkpt>
   <trkpt lat="43.3026060" lon="3.4263050">
    <ele>4.6</ele>
    <time>2025-05-13T06:28:19Z</time>
   </trkpt>
   <trkpt lat="43.3026100" lon="3.4263850">
    <ele>4.6</ele>
    <time>2025-05-13T06:28:20Z</time>
   </trkpt>
   <trkpt lat="43.3026130" lon="3.4264650">
    <ele>4.5</ele>
    <time>2025-05-13T06:28:21Z</time>
   </trkpt>
   <trkpt lat="43.3026190" lon="3.4265410">
    <ele>4.5</ele>
    <time>2025-05-13T06:28:22Z</time>
   </trkpt>
   <trkpt lat="43.3026180" lon="3.4266170">
    <ele>4.5</ele>
    <time>2025-05-13T06:28:23Z</time>
   </trkpt>
   <trkpt lat="43.3026200" lon="3.4266950">
    <ele>4.5</ele>
    <time>2025-05-13T06:28:24Z</time>
   </trkpt>
   <trkpt lat="43.3026290" lon="3.4267680">
    <ele>4.4</ele>
    <time>2025-05-13T06:28:25Z</time>
   </trkpt>
   <trkpt lat="43.3026370" lon="3.4268400">
    <ele>4.4</ele>
    <time>2025-05-13T06:28:26Z</time>
   </trkpt>
   <trkpt lat="43.3026400" lon="3.4269060">
    <ele>4.4</ele>
    <time>2025-05-13T06:28:27Z</time>
   </trkpt>
   <trkpt lat="43.3026470" lon="3.4269720">
    <ele>4.4</ele>
    <time>2025-05-13T06:28:28Z</time>
   </trkpt>
   <trkpt lat="43.3026520" lon="3.4270360">
    <ele>4.3</ele>
    <time>2025-05-13T06:28:29Z</time>
   </trkpt>
   <trkpt lat="43.3026550" lon="3.4271020">
    <ele>4.3</ele>
    <time>2025-05-13T06:28:30Z</time>
   </trkpt>
   <trkpt lat="43.3026550" lon="3.4271670">
    <ele>4.3</ele>
    <time>2025-05-13T06:28:31Z</time>
   </trkpt>
   <trkpt lat="43.3026580" lon="3.4272280">
    <ele>4.2</ele>
    <time>2025-05-13T06:28:32Z</time>
   </trkpt>
   <trkpt lat="43.3026660" lon="3.4272900">
    <ele>4.2</ele>
    <time>2025-05-13T06:28:33Z</time>
   </trkpt>
   <trkpt lat="43.3026720" lon="3.4273510">
    <ele>4.2</ele>
    <time>2025-05-13T06:28:34Z</time>
   </trkpt>
   <trkpt lat="43.3026770" lon="3.4274110">
    <ele>4.1</ele>
    <time>2025-05-13T06:28:35Z</time>
   </trkpt>
   <trkpt lat="43.3026830" lon="3.4274680">
    <ele>4.1</ele>
    <time>2025-05-13T06:28:36Z</time>
   </trkpt>
   <trkpt lat="43.3026890" lon="3.4275250">
    <ele>4.1</ele>
    <time>2025-05-13T06:28:37Z</time>
   </trkpt>
   <trkpt lat="43.3026930" lon="3.4275800">
    <ele>4.0</ele>
    <time>2025-05-13T06:28:38Z</time>
   </trkpt>
   <trkpt lat="43.3026980" lon="3.4276310">
    <ele>4.0</ele>
    <time>2025-05-13T06:28:39Z</time>
   </trkpt>
   <trkpt lat="43.3027030" lon="3.4276840">
    <ele>3.9</ele>
    <time>2025-05-13T06:28:40Z</time>
   </trkpt>
   <trkpt lat="43.3027090" lon="3.4277370">
    <ele>3.9</ele>
    <time>2025-05-13T06:28:41Z</time>
   </trkpt>
   <trkpt lat="43.3027140" lon="3.4277920">
    <ele>3.9</ele>
    <time>2025-05-13T06:28:42Z</time>
   </trkpt>
   <trkpt lat="43.3027140" lon="3.4278500">
    <ele>3.8</ele>
    <time>2025-05-13T06:28:43Z</time>
   </trkpt>
   <trkpt lat="43.3027120" lon="3.4279030">
    <ele>3.8</ele>
    <time>2025-05-13T06:28:44Z</time>
   </trkpt>
   <trkpt lat="43.3027160" lon="3.4279550">
    <ele>3.8</ele>
    <time>2025-05-13T06:28:45Z</time>
   </trkpt>
   <trkpt lat="43.3027200" lon="3.4280080">
    <ele>3.8</ele>
    <time>2025-05-13T06:28:46Z</time>
   </trkpt>
   <trkpt lat="43.3027230" lon="3.4280570">
    <ele>3.8</ele>
    <time>2025-05-13T06:28:47Z</time>
   </trkpt>
   <trkpt lat="43.3027230" lon="3.4281040">
    <ele>3.8</ele>
    <time>2025-05-13T06:28:48Z</time>
   </trkpt>
   <trkpt lat="43.3027280" lon="3.4281530">
    <ele>3.8</ele>
    <time>2025-05-13T06:28:49Z</time>
   </trkpt>
   <trkpt lat="43.3027330" lon="3.4282060">
    <ele>3.8</ele>
    <time>2025-05-13T06:28:50Z</time>
   </trkpt>
   <trkpt lat="43.3027320" lon="3.4282600">
    <ele>3.8</ele>
    <time>2025-05-13T06:28:51Z</time>
   </trkpt>
   <trkpt lat="43.3027350" lon="3.4283180">
    <ele>3.8</ele>
    <time>2025-05-13T06:28:52Z</time>
   </trkpt>
   <trkpt lat="43.3027370" lon="3.4283800">
    <ele>3.8</ele>
    <time>2025-05-13T06:28:53Z</time>
   </trkpt>
   <trkpt lat="43.3027400" lon="3.4284400">
    <ele>3.8</ele>
    <time>2025-05-13T06:28:54Z</time>
   </trkpt>
   <trkpt lat="43.3027400" lon="3.4284990">
    <ele>3.8</ele>
    <time>2025-05-13T06:28:55Z</time>
   </trkpt>
   <trkpt lat="43.3027440" lon="3.4285660">
    <ele>3.8</ele>
    <time>2025-05-13T06:28:56Z</time>
   </trkpt>
   <trkpt lat="43.3027470" lon="3.4286360">
    <ele>3.8</ele>
    <time>2025-05-13T06:28:57Z</time>
   </trkpt>
   <trkpt lat="43.3027540" lon="3.4287030">
    <ele>3.8</ele>
    <time>2025-05-13T06:28:58Z</time>
   </trkpt>
   <trkpt lat="43.3027620" lon="3.4287710">
    <ele>3.8</ele>
    <time>2025-05-13T06:28:59Z</time>
   </trkpt>
   <trkpt lat="43.3027670" lon="3.4288460">
    <ele>3.8</ele>
    <time>2025-05-13T06:29:00Z</time>
   </trkpt>
   <trkpt lat="43.3027660" lon="3.4289200">
    <ele>3.8</ele>
    <time>2025-05-13T06:29:01Z</time>
   </trkpt>
   <trkpt lat="43.3027540" lon="3.4289910">
    <ele>3.8</ele>
    <time>2025-05-13T06:29:02Z</time>
   </trkpt>
   <trkpt lat="43.3027410" lon="3.4290600">
    <ele>3.8</ele>
    <time>2025-05-13T06:29:03Z</time>
   </trkpt>
   <trkpt lat="43.3027240" lon="3.4291200">
    <ele>3.9</ele>
    <time>2025-05-13T06:29:04Z</time>
   </trkpt>
   <trkpt lat="43.3027070" lon="3.4291820">
    <ele>4.0</ele>
    <time>2025-05-13T06:29:05Z</time>
   </trkpt>
   <trkpt lat="43.3026880" lon="3.4292390">
    <ele>4.1</ele>
    <time>2025-05-13T06:29:06Z</time>
   </trkpt>
   <trkpt lat="43.3026750" lon="3.4292930">
    <ele>4.1</ele>
    <time>2025-05-13T06:29:07Z</time>
   </trkpt>
   <trkpt lat="43.3026690" lon="3.4293470">
    <ele>4.2</ele>
    <time>2025-05-13T06:29:08Z</time>
   </trkpt>
   <trkpt lat="43.3026650" lon="3.4293960">
    <ele>4.2</ele>
    <time>2025-05-13T06:29:09Z</time>
   </trkpt>
   <trkpt lat="43.3026630" lon="3.4294480">
    <ele>4.2</ele>
    <time>2025-05-13T06:29:10Z</time>
   </trkpt>
   <trkpt lat="43.3026650" lon="3.4295010">
    <ele>4.2</ele>
    <time>2025-05-13T06:29:11Z</time>
   </trkpt>
   <trkpt lat="43.3026640" lon="3.4295580">
    <ele>4.3</ele>
    <time>2025-05-13T06:29:12Z</time>
   </trkpt>
   <trkpt lat="43.3026640" lon="3.4296130">
    <ele>4.3</ele>
    <time>2025-05-13T06:29:13Z</time>
   </trkpt>
   <trkpt lat="43.3026680" lon="3.4296700">
    <ele>4.3</ele>
    <time>2025-05-13T06:29:14Z</time>
   </trkpt>
   <trkpt lat="43.3026710" lon="3.4297290">
    <ele>4.3</ele>
    <time>2025-05-13T06:29:15Z</time>
   </trkpt>
   <trkpt lat="43.3026780" lon="3.4297910">
    <ele>4.3</ele>
    <time>2025-05-13T06:29:16Z</time>
   </trkpt>
   <trkpt lat="43.3026870" lon="3.4298530">
    <ele>4.3</ele>
    <time>2025-05-13T06:29:17Z</time>
   </trkpt>
   <trkpt lat="43.3026960" lon="3.4299190">
    <ele>4.2</ele>
    <time>2025-05-13T06:29:18Z</time>
   </trkpt>
   <trkpt lat="43.3027040" lon="3.4299830">
    <ele>4.2</ele>
    <time>2025-05-13T06:29:19Z</time>
   </trkpt>
   <trkpt lat="43.3027050" lon="3.4300480">
    <ele>4.1</ele>
    <time>2025-05-13T06:29:20Z</time>
   </trkpt>
   <trkpt lat="43.3027030" lon="3.4301150">
    <ele>4.1</ele>
    <time>2025-05-13T06:29:21Z</time>
   </trkpt>
   <trkpt lat="43.3027050" lon="3.4301770">
    <ele>4.0</ele>
    <time>2025-05-13T06:29:22Z</time>
   </trkpt>
   <trkpt lat="43.3027100" lon="3.4302420">
    <ele>3.9</ele>
    <time>2025-05-13T06:29:23Z</time>
   </trkpt>
   <trkpt lat="43.3027160" lon="3.4303100">
    <ele>3.8</ele>
    <time>2025-05-13T06:29:24Z</time>
   </trkpt>
   <trkpt lat="43.3027200" lon="3.4303800">
    <ele>3.8</ele>
    <time>2025-05-13T06:29:25Z</time>
   </trkpt>
   <trkpt lat="43.3027200" lon="3.4304440">
    <ele>3.7</ele>
    <time>2025-05-13T06:29:26Z</time>
   </trkpt>
   <trkpt lat="43.3027200" lon="3.4304980">
    <ele>3.6</ele>
    <time>2025-05-13T06:29:27Z</time>
   </trkpt>
   <trkpt lat="43.3027250" lon="3.4305370">
    <ele>3.6</ele>
    <time>2025-05-13T06:29:28Z</time>
   </trkpt>
   <trkpt lat="43.3027270" lon="3.4305780">
    <ele>3.5</ele>
    <time>2025-05-13T06:29:29Z</time>
   </trkpt>
   <trkpt lat="43.3027270" lon="3.4305910">
    <ele>3.5</ele>
    <time>2025-05-13T06:29:30Z</time>
   </trkpt>
   <trkpt lat="43.3027280" lon="3.4306110">
    <ele>3.5</ele>
    <time>2025-05-13T06:29:31Z</time>
   </trkpt>
   <trkpt lat="43.3027270" lon="3.4306300">
    <ele>3.5</ele>
    <time>2025-05-13T06:29:32Z</time>
   </trkpt>
   <trkpt lat="43.3027270" lon="3.4306470">
    <ele>3.5</ele>
    <time>2025-05-13T06:29:33Z</time>
   </trkpt>
   <trkpt lat="43.3027280" lon="3.4306470">
    <ele>3.4</ele>
    <time>2025-05-13T06:29:34Z</time>
   </trkpt>
   <trkpt lat="43.3027280" lon="3.4306470">
    <ele>3.4</ele>
    <time>2025-05-13T06:29:35Z</time>
   </trkpt>
   <trkpt lat="43.3027280" lon="3.4306480">
    <ele>3.4</ele>
    <time>2025-05-13T06:29:36Z</time>
   </trkpt>
   <trkpt lat="43.3027290" lon="3.4306480">
    <ele>3.4</ele>
    <time>2025-05-13T06:29:37Z</time>
   </trkpt>
   <trkpt lat="43.3027290" lon="3.4306480">
    <ele>3.4</ele>
    <time>2025-05-13T06:29:38Z</time>
   </trkpt>
   <trkpt lat="43.3027290" lon="3.4306480">
    <ele>3.4</ele>
    <time>2025-05-13T06:29:39Z</time>
   </trkpt>
   <trkpt lat="43.3027300" lon="3.4306480">
    <ele>3.4</ele>
    <time>2025-05-13T06:29:40Z</time>
   </trkpt>
   <trkpt lat="43.3027300" lon="3.4306480">
    <ele>3.4</ele>
    <time>2025-05-13T06:29:41Z</time>
   </trkpt>
   <trkpt lat="43.3027300" lon="3.4306490">
    <ele>3.4</ele>
    <time>2025-05-13T06:29:42Z</time>
   </trkpt>
   <trkpt lat="43.3027310" lon="3.4306490">
    <ele>3.4</ele>
    <time>2025-05-13T06:29:43Z</time>
   </trkpt>
   <trkpt lat="43.3027310" lon="3.4306490">
    <ele>3.4</ele>
    <time>2025-05-13T06:29:44Z</time>
   </trkpt>
   <trkpt lat="43.3027320" lon="3.4306490">
    <ele>3.4</ele>
    <time>2025-05-13T06:29:45Z</time>
   </trkpt>
   <trkpt lat="43.3027320" lon="3.4306490">
    <ele>3.4</ele>
    <time>2025-05-13T06:29:46Z</time>
   </trkpt>
   <trkpt lat="43.3027320" lon="3.4306490">
    <ele>3.4</ele>
    <time>2025-05-13T06:29:47Z</time>
   </trkpt>
   <trkpt lat="43.3027330" lon="3.4306490">
    <ele>3.4</ele>
    <time>2025-05-13T06:29:48Z</time>
   </trkpt>
   <trkpt lat="43.3027330" lon="3.4306500">
    <ele>3.4</ele>
    <time>2025-05-13T06:29:49Z</time>
   </trkpt>
   <trkpt lat="43.3027330" lon="3.4306500">
    <ele>3.4</ele>
    <time>2025-05-13T06:29:50Z</time>
   </trkpt>
   <trkpt lat="43.3027340" lon="3.4306500">
    <ele>3.4</ele>
    <time>2025-05-13T06:29:51Z</time>
   </trkpt>
   <trkpt lat="43.3027340" lon="3.4306500">
    <ele>3.4</ele>
    <time>2025-05-13T06:29:52Z</time>
   </trkpt>
   <trkpt lat="43.3027340" lon="3.4306500">
    <ele>3.4</ele>
    <time>2025-05-13T06:29:53Z</time>
   </trkpt>
   <trkpt lat="43.3027350" lon="3.4306500">
    <ele>3.4</ele>
    <time>2025-05-13T06:29:54Z</time>
   </trkpt>
   <trkpt lat="43.3027350" lon="3.4306510">
    <ele>3.4</ele>
    <time>2025-05-13T06:29:55Z</time>
   </trkpt>
   <trkpt lat="43.3027350" lon="3.4306510">
    <ele>3.4</ele>
    <time>2025-05-13T06:29:56Z</time>
   </trkpt>
   <trkpt lat="43.3027360" lon="3.4306510">
    <ele>3.4</ele>
    <time>2025-05-13T06:29:57Z</time>
   </trkpt>
   <trkpt lat="43.3027360" lon="3.4306510">
    <ele>3.4</ele>
    <time>2025-05-13T06:29:58Z</time>
   </trkpt>
   <trkpt lat="43.3027360" lon="3.4306510">
    <ele>3.4</ele>
    <time>2025-05-13T06:29:59Z</time>
   </trkpt>
   <trkpt lat="43.3027370" lon="3.4306510">
    <ele>3.4</ele>
    <time>2025-05-13T06:30:00Z</time>
   </trkpt>
   <trkpt lat="43.3027370" lon="3.4306510">
    <ele>3.4</ele>
    <time>2025-05-13T06:30:01Z</time>
   </trkpt>
   <trkpt lat="43.3027370" lon="3.4306520">
    <ele>3.4</ele>
    <time>2025-05-13T06:30:02Z</time>
   </trkpt>
   <trkpt lat="43.3027380" lon="3.4306520">
    <ele>3.4</ele>
    <time>2025-05-13T06:30:03Z</time>
   </trkpt>
   <trkpt lat="43.3027380" lon="3.4306520">
    <ele>3.4</ele>
    <time>2025-05-13T06:30:04Z</time>
   </trkpt>
   <trkpt lat="43.3027380" lon="3.4306520">
    <ele>3.4</ele>
    <time>2025-05-13T06:30:05Z</time>
   </trkpt>
   <trkpt lat="43.3027390" lon="3.4306520">
    <ele>3.4</ele>
    <time>2025-05-13T06:30:06Z</time>
   </trkpt>
   <trkpt lat="43.3027390" lon="3.4306520">
    <ele>3.4</ele>
    <time>2025-05-13T06:30:07Z</time>
   </trkpt>
   <trkpt lat="43.3027390" lon="3.4306530">
    <ele>3.4</ele>
    <time>2025-05-13T06:30:08Z</time>
   </trkpt>
   <trkpt lat="43.3027400" lon="3.4306530">
    <ele>3.4</ele>
    <time>2025-05-13T06:30:09Z</time>
   </trkpt>
   <trkpt lat="43.3027400" lon="3.4306530">
    <ele>3.4</ele>
    <time>2025-05-13T06:30:10Z</time>
   </trkpt>
   <trkpt lat="43.3027410" lon="3.4306530">
    <ele>3.4</ele>
    <time>2025-05-13T06:30:11Z</time>
   </trkpt>
   <trkpt lat="43.3027410" lon="3.4306530">
    <ele>3.4</ele>
    <time>2025-05-13T06:30:12Z</time>
   </trkpt>
   <trkpt lat="43.3027410" lon="3.4306530">
    <ele>3.4</ele>
    <time>2025-05-13T06:30:13Z</time>
   </trkpt>
   <trkpt lat="43.3027420" lon="3.4306530">
    <ele>3.4</ele>
    <time>2025-05-13T06:30:14Z</time>
   </trkpt>
   <trkpt lat="43.3027420" lon="3.4306540">
    <ele>3.4</ele>
    <time>2025-05-13T06:30:15Z</time>
   </trkpt>
   <trkpt lat="43.3027420" lon="3.4306540">
    <ele>3.4</ele>
    <time>2025-05-13T06:30:16Z</time>
   </trkpt>
   <trkpt lat="43.3027430" lon="3.4306540">
    <ele>3.4</ele>
    <time>2025-05-13T06:30:17Z</time>
   </trkpt>
   <trkpt lat="43.3027430" lon="3.4306540">
    <ele>3.4</ele>
    <time>2025-05-13T06:30:18Z</time>
   </trkpt>
   <trkpt lat="43.3027430" lon="3.4306540">
    <ele>3.4</ele>
    <time>2025-05-13T06:30:19Z</time>
   </trkpt>
   <trkpt lat="43.3027440" lon="3.4306540">
    <ele>3.4</ele>
    <time>2025-05-13T06:30:20Z</time>
   </trkpt>
   <trkpt lat="43.3027440" lon="3.4306550">
    <ele>3.4</ele>
    <time>2025-05-13T06:30:21Z</time>
   </trkpt>
   <trkpt lat="43.3027440" lon="3.4306550">
    <ele>3.4</ele>
    <time>2025-05-13T06:30:22Z</time>
   </trkpt>
   <trkpt lat="43.3027450" lon="3.4306550">
    <ele>3.4</ele>
    <time>2025-05-13T06:30:23Z</time>
   </trkpt>
   <trkpt lat="43.3027450" lon="3.4306550">
    <ele>3.4</ele>
    <time>2025-05-13T06:30:24Z</time>
   </trkpt>
   <trkpt lat="43.3027450" lon="3.4306550">
    <ele>3.4</ele>
    <time>2025-05-13T06:30:25Z</time>
   </trkpt>
   <trkpt lat="43.3027460" lon="3.4306550">
    <ele>3.4</ele>
    <time>2025-05-13T06:30:26Z</time>
   </trkpt>
   <trkpt lat="43.3027460" lon="3.4306550">
    <ele>3.4</ele>
    <time>2025-05-13T06:30:27Z</time>
   </trkpt>
   <trkpt lat="43.3027460" lon="3.4306560">
    <ele>3.4</ele>
    <time>2025-05-13T06:30:28Z</time>
   </trkpt>
   <trkpt lat="43.3027470" lon="3.4306560">
    <ele>3.4</ele>
    <time>2025-05-13T06:30:29Z</time>
   </trkpt>
   <trkpt lat="43.3027470" lon="3.4306560">
    <ele>3.4</ele>
    <time>2025-05-13T06:30:30Z</time>
   </trkpt>
   <trkpt lat="43.3027470" lon="3.4306560">
    <ele>3.4</ele>
    <time>2025-05-13T06:30:31Z</time>
   </trkpt>
   <trkpt lat="43.3027480" lon="3.4306560">
    <ele>3.4</ele>
    <time>2025-05-13T06:30:32Z</time>
   </trkpt>
   <trkpt lat="43.3027480" lon="3.4306560">
    <ele>3.4</ele>
    <time>2025-05-13T06:30:33Z</time>
   </trkpt>
   <trkpt lat="43.3027480" lon="3.4306570">
    <ele>3.4</ele>
    <time>2025-05-13T06:30:34Z</time>
   </trkpt>
   <trkpt lat="43.3027490" lon="3.4306570">
    <ele>3.4</ele>
    <time>2025-05-13T06:30:35Z</time>
   </trkpt>
   <trkpt lat="43.3027490" lon="3.4306570">
    <ele>3.4</ele>
    <time>2025-05-13T06:30:36Z</time>
   </trkpt>
   <trkpt lat="43.3027500" lon="3.4306570">
    <ele>3.4</ele>
    <time>2025-05-13T06:30:37Z</time>
   </trkpt>
   <trkpt lat="43.3027500" lon="3.4306570">
    <ele>3.4</ele>
    <time>2025-05-13T06:30:38Z</time>
   </trkpt>
   <trkpt lat="43.3027500" lon="3.4306570">
    <ele>3.4</ele>
    <time>2025-05-13T06:30:39Z</time>
   </trkpt>
   <trkpt lat="43.3027510" lon="3.4306570">
    <ele>3.4</ele>
    <time>2025-05-13T06:30:40Z</time>
   </trkpt>
   <trkpt lat="43.3027510" lon="3.4306580">
    <ele>3.4</ele>
    <time>2025-05-13T06:30:41Z</time>
   </trkpt>
   <trkpt lat="43.3027510" lon="3.4306580">
    <ele>3.4</ele>
    <time>2025-05-13T06:30:42Z</time>
   </trkpt>
   <trkpt lat="43.3027520" lon="3.4306580">
    <ele>3.4</ele>
    <time>2025-05-13T06:30:43Z</time>
   </trkpt>
   <trkpt lat="43.3027520" lon="3.4306580">
    <ele>3.4</ele>
    <time>2025-05-13T06:30:44Z</time>
   </trkpt>
   <trkpt lat="43.3027520" lon="3.4306580">
    <ele>3.4</ele>
    <time>2025-05-13T06:30:45Z</time>
   </trkpt>
   <trkpt lat="43.3027530" lon="3.4306580">
    <ele>3.4</ele>
    <time>2025-05-13T06:30:46Z</time>
   </trkpt>
   <trkpt lat="43.3027530" lon="3.4306590">
    <ele>3.4</ele>
    <time>2025-05-13T06:30:47Z</time>
   </trkpt>
   <trkpt lat="43.3027530" lon="3.4306590">
    <ele>3.4</ele>
    <time>2025-05-13T06:30:48Z</time>
   </trkpt>
   <trkpt lat="43.3027540" lon="3.4306590">
    <ele>3.4</ele>
    <time>2025-05-13T06:30:49Z</time>
   </trkpt>
   <trkpt lat="43.3027540" lon="3.4306590">
    <ele>3.4</ele>
    <time>2025-05-13T06:30:50Z</time>
   </trkpt>
   <trkpt lat="43.3027540" lon="3.4306590">
    <ele>3.4</ele>
    <time>2025-05-13T06:30:51Z</time>
   </trkpt>
   <trkpt lat="43.3027550" lon="3.4306590">
    <ele>3.4</ele>
    <time>2025-05-13T06:30:52Z</time>
   </trkpt>
   <trkpt lat="43.3027550" lon="3.4306590">
    <ele>3.4</ele>
    <time>2025-05-13T06:30:53Z</time>
   </trkpt>
   <trkpt lat="43.3027550" lon="3.4306600">
    <ele>3.4</ele>
    <time>2025-05-13T06:30:54Z</time>
   </trkpt>
   <trkpt lat="43.3027560" lon="3.4306600">
    <ele>3.4</ele>
    <time>2025-05-13T06:30:55Z</time>
   </trkpt>
   <trkpt lat="43.3027560" lon="3.4306600">
    <ele>3.4</ele>
    <time>2025-05-13T06:30:56Z</time>
   </trkpt>
   <trkpt lat="43.3027560" lon="3.4306600">
    <ele>3.4</ele>
    <time>2025-05-13T06:30:57Z</time>
   </trkpt>
   <trkpt lat="43.3027570" lon="3.4306600">
    <ele>3.4</ele>
    <time>2025-05-13T06:30:58Z</time>
   </trkpt>
   <trkpt lat="43.3027570" lon="3.4306600">
    <ele>3.4</ele>
    <time>2025-05-13T06:30:59Z</time>
   </trkpt>
   <trkpt lat="43.3027570" lon="3.4306610">
    <ele>3.4</ele>
    <time>2025-05-13T06:31:00Z</time>
   </trkpt>
   <trkpt lat="43.3027580" lon="3.4306610">
    <ele>3.4</ele>
    <time>2025-05-13T06:31:01Z</time>
   </trkpt>
   <trkpt lat="43.3027580" lon="3.4306610">
    <ele>3.4</ele>
    <time>2025-05-13T06:31:02Z</time>
   </trkpt>
   <trkpt lat="43.3027590" lon="3.4306610">
    <ele>3.4</ele>
    <time>2025-05-13T06:31:03Z</time>
   </trkpt>
   <trkpt lat="43.3027590" lon="3.4306610">
    <ele>3.4</ele>
    <time>2025-05-13T06:31:04Z</time>
   </trkpt>
   <trkpt lat="43.3027590" lon="3.4306610">
    <ele>3.4</ele>
    <time>2025-05-13T06:31:05Z</time>
   </trkpt>
   <trkpt lat="43.3027600" lon="3.4306610">
    <ele>3.4</ele>
    <time>2025-05-13T06:31:06Z</time>
   </trkpt>
   <trkpt lat="43.3027600" lon="3.4306620">
    <ele>3.4</ele>
    <time>2025-05-13T06:31:07Z</time>
   </trkpt>
   <trkpt lat="43.3027600" lon="3.4306620">
    <ele>3.4</ele>
    <time>2025-05-13T06:31:08Z</time>
   </trkpt>
   <trkpt lat="43.3027610" lon="3.4306620">
    <ele>3.4</ele>
    <time>2025-05-13T06:31:09Z</time>
   </trkpt>
   <trkpt lat="43.3027610" lon="3.4306620">
    <ele>3.4</ele>
    <time>2025-05-13T06:31:10Z</time>
   </trkpt>
   <trkpt lat="43.3027610" lon="3.4306620">
    <ele>3.4</ele>
    <time>2025-05-13T06:31:11Z</time>
   </trkpt>
   <trkpt lat="43.3027620" lon="3.4306620">
    <ele>3.4</ele>
    <time>2025-05-13T06:31:12Z</time>
   </trkpt>
   <trkpt lat="43.3027620" lon="3.4306630">
    <ele>3.4</ele>
    <time>2025-05-13T06:31:13Z</time>
   </trkpt>
   <trkpt lat="43.3027620" lon="3.4306630">
    <ele>3.4</ele>
    <time>2025-05-13T06:31:14Z</time>
   </trkpt>
   <trkpt lat="43.3027630" lon="3.4306630">
    <ele>3.4</ele>
    <time>2025-05-13T06:31:15Z</time>
   </trkpt>
   <trkpt lat="43.3027630" lon="3.4306630">
    <ele>3.4</ele>
    <time>2025-05-13T06:31:16Z</time>
   </trkpt>
   <trkpt lat="43.3027990" lon="3.4306550">
    <ele>3.4</ele>
    <time>2025-05-13T06:31:17Z</time>
   </trkpt>
   <trkpt lat="43.3028090" lon="3.4306520">
    <ele>3.4</ele>
    <time>2025-05-13T06:31:18Z</time>
   </trkpt>
   <trkpt lat="43.3028370" lon="3.4306490">
    <ele>3.4</ele>
    <time>2025-05-13T06:31:19Z</time>
   </trkpt>
   <trkpt lat="43.3028460" lon="3.4306510">
    <ele>3.4</ele>
    <time>2025-05-13T06:31:20Z</time>
   </trkpt>
   <trkpt lat="43.3028740" lon="3.4306830">
    <ele>3.4</ele>
    <time>2025-05-13T06:31:21Z</time>
   </trkpt>
   <trkpt lat="43.3028820" lon="3.4307000">
    <ele>3.4</ele>
    <time>2025-05-13T06:31:22Z</time>
   </trkpt>
   <trkpt lat="43.3028920" lon="3.4307370">
    <ele>3.4</ele>
    <time>2025-05-13T06:31:23Z</time>
   </trkpt>
   <trkpt lat="43.3029000" lon="3.4307800">
    <ele>3.4</ele>
    <time>2025-05-13T06:31:24Z</time>
   </trkpt>
   <trkpt lat="43.3029080" lon="3.4308270">
    <ele>3.4</ele>
    <time>2025-05-13T06:31:25Z</time>
   </trkpt>
   <trkpt lat="43.3029150" lon="3.4308760">
    <ele>3.4</ele>
    <time>2025-05-13T06:31:26Z</time>
   </trkpt>
   <trkpt lat="43.3029140" lon="3.4309190">
    <ele>3.5</ele>
    <time>2025-05-13T06:31:27Z</time>
   </trkpt>
   <trkpt lat="43.3029170" lon="3.4309650">
    <ele>3.5</ele>
    <time>2025-05-13T06:31:28Z</time>
   </trkpt>
   <trkpt lat="43.3029170" lon="3.4310160">
    <ele>3.5</ele>
    <time>2025-05-13T06:31:29Z</time>
   </trkpt>
   <trkpt lat="43.3029190" lon="3.4310650">
    <ele>3.5</ele>
    <time>2025-05-13T06:31:30Z</time>
   </trkpt>
   <trkpt lat="43.3029210" lon="3.4311140">
    <ele>3.5</ele>
    <time>2025-05-13T06:31:31Z</time>
   </trkpt>
   <trkpt lat="43.3029310" lon="3.4311660">
    <ele>3.5</ele>
    <time>2025-05-13T06:31:32Z</time>
   </trkpt>
   <trkpt lat="43.3029380" lon="3.4312190">
    <ele>3.6</ele>
    <time>2025-05-13T06:31:33Z</time>
   </trkpt>
   <trkpt lat="43.3029400" lon="3.4312710">
    <ele>3.6</ele>
    <time>2025-05-13T06:31:34Z</time>
   </trkpt>
   <trkpt lat="43.3029400" lon="3.4313240">
    <ele>3.6</ele>
    <time>2025-05-13T06:31:35Z</time>
   </trkpt>
   <trkpt lat="43.3029400" lon="3.4313780">
    <ele>3.6</ele>
    <time>2025-05-13T06:31:36Z</time>
   </trkpt>
   <trkpt lat="43.3029470" lon="3.4314320">
    <ele>3.7</ele>
    <time>2025-05-13T06:31:37Z</time>
   </trkpt>
   <trkpt lat="43.3029540" lon="3.4314870">
    <ele>3.7</ele>
    <time>2025-05-13T06:31:38Z</time>
   </trkpt>
   <trkpt lat="43.3029570" lon="3.4315410">
    <ele>3.7</ele>
    <time>2025-05-13T06:31:39Z</time>
   </trkpt>
   <trkpt lat="43.3029560" lon="3.4316010">
    <ele>3.7</ele>
    <time>2025-05-13T06:31:40Z</time>
   </trkpt>
   <trkpt lat="43.3029580" lon="3.4316620">
    <ele>3.8</ele>
    <time>2025-05-13T06:31:41Z</time>
   </trkpt>
   <trkpt lat="43.3029620" lon="3.4317230">
    <ele>3.8</ele>
    <time>2025-05-13T06:31:42Z</time>
   </trkpt>
   <trkpt lat="43.3029650" lon="3.4317880">
    <ele>3.8</ele>
    <time>2025-05-13T06:31:43Z</time>
   </trkpt>
   <trkpt lat="43.3029690" lon="3.4318530">
    <ele>3.8</ele>
    <time>2025-05-13T06:31:44Z</time>
   </trkpt>
   <trkpt lat="43.3029720" lon="3.4319170">
    <ele>3.8</ele>
    <time>2025-05-13T06:31:45Z</time>
   </trkpt>
   <trkpt lat="43.3029750" lon="3.4319880">
    <ele>3.8</ele>
    <time>2025-05-13T06:31:46Z</time>
   </trkpt>
   <trkpt lat="43.3029770" lon="3.4320550">
    <ele>3.8</ele>
    <time>2025-05-13T06:31:47Z</time>
   </trkpt>
   <trkpt lat="43.3029810" lon="3.4321250">
    <ele>3.8</ele>
    <time>2025-05-13T06:31:48Z</time>
   </trkpt>
   <trkpt lat="43.3029890" lon="3.4321950">
    <ele>3.8</ele>
    <time>2025-05-13T06:31:49Z</time>
   </trkpt>
   <trkpt lat="43.3030000" lon="3.4322680">
    <ele>3.8</ele>
    <time>2025-05-13T06:31:50Z</time>
   </trkpt>
   <trkpt lat="43.3030020" lon="3.4323380">
    <ele>3.8</ele>
    <time>2025-05-13T06:31:51Z</time>
   </trkpt>
   <trkpt lat="43.3030060" lon="3.4324100">
    <ele>3.8</ele>
    <time>2025-05-13T06:31:52Z</time>
   </trkpt>
   <trkpt lat="43.3030120" lon="3.4324870">
    <ele>3.8</ele>
    <time>2025-05-13T06:31:53Z</time>
   </trkpt>
   <trkpt lat="43.3030150" lon="3.4325640">
    <ele>3.8</ele>
    <time>2025-05-13T06:31:54Z</time>
   </trkpt>
   <trkpt lat="43.3030230" lon="3.4326340">
    <ele>3.7</ele>
    <time>2025-05-13T06:31:55Z</time>
   </trkpt>
   <trkpt lat="43.3030290" lon="3.4326970">
    <ele>3.7</ele>
    <time>2025-05-13T06:31:56Z</time>
   </trkpt>
   <trkpt lat="43.3030290" lon="3.4327620">
    <ele>3.7</ele>
    <time>2025-05-13T06:31:57Z</time>
   </trkpt>
   <trkpt lat="43.3030290" lon="3.4328270">
    <ele>3.6</ele>
    <time>2025-05-13T06:31:58Z</time>
   </trkpt>
   <trkpt lat="43.3030250" lon="3.4328920">
    <ele>3.6</ele>
    <time>2025-05-13T06:31:59Z</time>
   </trkpt>
   <trkpt lat="43.3030310" lon="3.4329560">
    <ele>3.6</ele>
    <time>2025-05-13T06:32:00Z</time>
   </trkpt>
   <trkpt lat="43.3030400" lon="3.4330170">
    <ele>3.6</ele>
    <time>2025-05-13T06:32:01Z</time>
   </trkpt>
   <trkpt lat="43.3030450" lon="3.4330780">
    <ele>3.6</ele>
    <time>2025-05-13T06:32:02Z</time>
   </trkpt>
   <trkpt lat="43.3030500" lon="3.4331380">
    <ele>3.6</ele>
    <time>2025-05-13T06:32:03Z</time>
   </trkpt>
   <trkpt lat="43.3030600" lon="3.4331980">
    <ele>3.6</ele>
    <time>2025-05-13T06:32:04Z</time>
   </trkpt>
   <trkpt lat="43.3030690" lon="3.4332580">
    <ele>3.6</ele>
    <time>2025-05-13T06:32:05Z</time>
   </trkpt>
   <trkpt lat="43.3030810" lon="3.4333210">
    <ele>3.5</ele>
    <time>2025-05-13T06:32:06Z</time>
   </trkpt>
   <trkpt lat="43.3030970" lon="3.4333820">
    <ele>3.5</ele>
    <time>2025-05-13T06:32:07Z</time>
   </trkpt>
   <trkpt lat="43.3031220" lon="3.4334400">
    <ele>3.5</ele>
    <time>2025-05-13T06:32:08Z</time>
   </trkpt>
   <trkpt lat="43.3031490" lon="3.4335010">
    <ele>3.5</ele>
    <time>2025-05-13T06:32:09Z</time>
   </trkpt>
   <trkpt lat="43.3031710" lon="3.4335600">
    <ele>3.5</ele>
    <time>2025-05-13T06:32:10Z</time>
   </trkpt>
   <trkpt lat="43.3031870" lon="3.4336250">
    <ele>3.5</ele>
    <time>2025-05-13T06:32:11Z</time>
   </trkpt>
   <trkpt lat="43.3031950" lon="3.4336920">
    <ele>3.5</ele>
    <time>2025-05-13T06:32:12Z</time>
   </trkpt>
   <trkpt lat="43.3032020" lon="3.4337600">
    <ele>3.5</ele>
    <time>2025-05-13T06:32:13Z</time>
   </trkpt>
   <trkpt lat="43.3032110" lon="3.4338270">
    <ele>3.5</ele>
    <time>2025-05-13T06:32:14Z</time>
   </trkpt>
   <trkpt lat="43.3032200" lon="3.4338900">
    <ele>3.5</ele>
    <time>2025-05-13T06:32:15Z</time>
   </trkpt>
   <trkpt lat="43.3032320" lon="3.4339400">
    <ele>3.5</ele>
    <time>2025-05-13T06:32:16Z</time>
   </trkpt>
   <trkpt lat="43.3032360" lon="3.4339780">
    <ele>3.5</ele>
    <time>2025-05-13T06:32:17Z</time>
   </trkpt>
   <trkpt lat="43.3032380" lon="3.4340150">
    <ele>3.5</ele>
    <time>2025-05-13T06:32:18Z</time>
   </trkpt>
   <trkpt lat="43.3032420" lon="3.4340730">
    <ele>3.5</ele>
    <time>2025-05-13T06:32:19Z</time>
   </trkpt>
   <trkpt lat="43.3032440" lon="3.4340940">
    <ele>3.5</ele>
    <time>2025-05-13T06:32:20Z</time>
   </trkpt>
   <trkpt lat="43.3032490" lon="3.4341390">
    <ele>3.5</ele>
    <time>2025-05-13T06:32:21Z</time>
   </trkpt>
   <trkpt lat="43.3032510" lon="3.4341800">
    <ele>3.5</ele>
    <time>2025-05-13T06:32:22Z</time>
   </trkpt>
   <trkpt lat="43.3032570" lon="3.4342180">
    <ele>3.5</ele>
    <time>2025-05-13T06:32:23Z</time>
   </trkpt>
   <trkpt lat="43.3032730" lon="3.4342490">
    <ele>3.5</ele>
    <time>2025-05-13T06:32:24Z</time>
   </trkpt>
   <trkpt lat="43.3032950" lon="3.4342800">
    <ele>3.4</ele>
    <time>2025-05-13T06:32:25Z</time>
   </trkpt>
   <trkpt lat="43.3033150" lon="3.4343220">
    <ele>3.4</ele>
    <time>2025-05-13T06:32:26Z</time>
   </trkpt>
   <trkpt lat="43.3033310" lon="3.4343680">
    <ele>3.3</ele>
    <time>2025-05-13T06:32:27Z</time>
   </trkpt>
   <trkpt lat="43.3033500" lon="3.4344180">
    <ele>3.3</ele>
    <time>2025-05-13T06:32:28Z</time>
   </trkpt>
   <trkpt lat="43.3033690" lon="3.4344700">
    <ele>3.2</ele>
    <time>2025-05-13T06:32:29Z</time>
   </trkpt>
   <trkpt lat="43.3033910" lon="3.4345260">
    <ele>3.2</ele>
    <time>2025-05-13T06:32:30Z</time>
   </trkpt>
   <trkpt lat="43.3034150" lon="3.4345840">
    <ele>3.2</ele>
    <time>2025-05-13T06:32:31Z</time>
   </trkpt>
   <trkpt lat="43.3034350" lon="3.4346390">
    <ele>3.2</ele>
    <time>2025-05-13T06:32:32Z</time>
   </trkpt>
   <trkpt lat="43.3034580" lon="3.4346890">
    <ele>3.3</ele>
    <time>2025-05-13T06:32:33Z</time>
   </trkpt>
   <trkpt lat="43.3034820" lon="3.4347330">
    <ele>3.3</ele>
    <time>2025-05-13T06:32:34Z</time>
   </trkpt>
   <trkpt lat="43.3035040" lon="3.4347790">
    <ele>3.4</ele>
    <time>2025-05-13T06:32:35Z</time>
   </trkpt>
   <trkpt lat="43.3035280" lon="3.4348260">
    <ele>3.4</ele>
    <time>2025-05-13T06:32:36Z</time>
   </trkpt>
   <trkpt lat="43.3035530" lon="3.4348660">
    <ele>3.4</ele>
    <time>2025-05-13T06:32:37Z</time>
   </trkpt>
   <trkpt lat="43.3035750" lon="3.4349100">
    <ele>3.5</ele>
    <time>2025-05-13T06:32:38Z</time>
   </trkpt>
   <trkpt lat="43.3035980" lon="3.4349550">
    <ele>3.5</ele>
    <time>2025-05-13T06:32:39Z</time>
   </trkpt>
   <trkpt lat="43.3036260" lon="3.4350000">
    <ele>3.5</ele>
    <time>2025-05-13T06:32:40Z</time>
   </trkpt>
   <trkpt lat="43.3036550" lon="3.4350430">
    <ele>3.5</ele>
    <time>2025-05-13T06:32:41Z</time>
   </trkpt>
   <trkpt lat="43.3036890" lon="3.4350920">
    <ele>3.6</ele>
    <time>2025-05-13T06:32:42Z</time>
   </trkpt>
   <trkpt lat="43.3037230" lon="3.4351410">
    <ele>3.6</ele>
    <time>2025-05-13T06:32:43Z</time>
   </trkpt>
   <trkpt lat="43.3037590" lon="3.4351900">
    <ele>3.6</ele>
    <time>2025-05-13T06:32:44Z</time>
   </trkpt>
   <trkpt lat="43.3037930" lon="3.4352370">
    <ele>3.6</ele>
    <time>2025-05-13T06:32:45Z</time>
   </trkpt>
   <trkpt lat="43.3038270" lon="3.4352860">
    <ele>3.6</ele>
    <time>2025-05-13T06:32:46Z</time>
   </trkpt>
   <trkpt lat="43.3038610" lon="3.4353360">
    <ele>3.6</ele>
    <time>2025-05-13T06:32:47Z</time>
   </trkpt>
   <trkpt lat="43.3038970" lon="3.4353850">
    <ele>3.6</ele>
    <time>2025-05-13T06:32:48Z</time>
   </trkpt>
   <trkpt lat="43.3039330" lon="3.4354360">
    <ele>3.6</ele>
    <time>2025-05-13T06:32:49Z</time>
   </trkpt>
   <trkpt lat="43.3039710" lon="3.4354840">
    <ele>3.5</ele>
    <time>2025-05-13T06:32:50Z</time>
   </trkpt>
   <trkpt lat="43.3040060" lon="3.4355290">
    <ele>3.5</ele>
    <time>2025-05-13T06:32:51Z</time>
   </trkpt>
   <trkpt lat="43.3040400" lon="3.4355780">
    <ele>3.5</ele>
    <time>2025-05-13T06:32:52Z</time>
   </trkpt>
   <trkpt lat="43.3040730" lon="3.4356300">
    <ele>3.5</ele>
    <time>2025-05-13T06:32:53Z</time>
   </trkpt>
   <trkpt lat="43.3041110" lon="3.4356810">
    <ele>3.5</ele>
    <time>2025-05-13T06:32:54Z</time>
   </trkpt>
   <trkpt lat="43.3041500" lon="3.4357330">
    <ele>3.5</ele>
    <time>2025-05-13T06:32:55Z</time>
   </trkpt>
   <trkpt lat="43.3041850" lon="3.4357830">
    <ele>3.5</ele>
    <time>2025-05-13T06:32:56Z</time>
   </trkpt>
   <trkpt lat="43.3042240" lon="3.4358340">
    <ele>3.5</ele>
    <time>2025-05-13T06:32:57Z</time>
   </trkpt>
   <trkpt lat="43.3042630" lon="3.4358850">
    <ele>3.5</ele>
    <time>2025-05-13T06:32:58Z</time>
   </trkpt>
   <trkpt lat="43.3043060" lon="3.4359350">
    <ele>3.5</ele>
    <time>2025-05-13T06:32:59Z</time>
   </trkpt>
   <trkpt lat="43.3043460" lon="3.4359840">
    <ele>3.5</ele>
    <time>2025-05-13T06:33:00Z</time>
   </trkpt>
   <trkpt lat="43.3043830" lon="3.4360420">
    <ele>3.4</ele>
    <time>2025-05-13T06:33:01Z</time>
   </trkpt>
   <trkpt lat="43.3044150" lon="3.4360940">
    <ele>3.4</ele>
    <time>2025-05-13T06:33:02Z</time>
   </trkpt>
   <trkpt lat="43.3044490" lon="3.4361470">
    <ele>3.4</ele>
    <time>2025-05-13T06:33:03Z</time>
   </trkpt>
   <trkpt lat="43.3044820" lon="3.4362030">
    <ele>3.4</ele>
    <time>2025-05-13T06:33:04Z</time>
   </trkpt>
   <trkpt lat="43.3045060" lon="3.4362650">
    <ele>3.4</ele>
    <time>2025-05-13T06:33:05Z</time>
   </trkpt>
   <trkpt lat="43.3045370" lon="3.4363110">
    <ele>3.4</ele>
    <time>2025-05-13T06:33:06Z</time>
   </trkpt>
   <trkpt lat="43.3045670" lon="3.4363450">
    <ele>3.5</ele>
    <time>2025-05-13T06:33:07Z</time>
   </trkpt>
   <trkpt lat="43.3045990" lon="3.4363690">
    <ele>3.6</ele>
    <time>2025-05-13T06:33:08Z</time>
   </trkpt>
   <trkpt lat="43.3046330" lon="3.4363860">
    <ele>3.6</ele>
    <time>2025-05-13T06:33:09Z</time>
   </trkpt>
   <trkpt lat="43.3046700" lon="3.4364080">
    <ele>3.7</ele>
    <time>2025-05-13T06:33:10Z</time>
   </trkpt>
   <trkpt lat="43.3047080" lon="3.4364330">
    <ele>3.7</ele>
    <time>2025-05-13T06:33:11Z</time>
   </trkpt>
   <trkpt lat="43.3047490" lon="3.4364590">
    <ele>3.7</ele>
    <time>2025-05-13T06:33:12Z</time>
   </trkpt>
   <trkpt lat="43.3047900" lon="3.4364910">
    <ele>3.8</ele>
    <time>2025-05-13T06:33:13Z</time>
   </trkpt>
   <trkpt lat="43.3048310" lon="3.4365190">
    <ele>3.8</ele>
    <time>2025-05-13T06:33:14Z</time>
   </trkpt>
   <trkpt lat="43.3048730" lon="3.4365480">
    <ele>3.8</ele>
    <time>2025-05-13T06:33:15Z</time>
   </trkpt>
   <trkpt lat="43.3049150" lon="3.4365750">
    <ele>3.8</ele>
    <time>2025-05-13T06:33:16Z</time>
   </trkpt>
   <trkpt lat="43.3049580" lon="3.4366010">
    <ele>3.8</ele>
    <time>2025-05-13T06:33:17Z</time>
   </trkpt>
   <trkpt lat="43.3050010" lon="3.4366300">
    <ele>3.9</ele>
    <time>2025-05-13T06:33:18Z</time>
   </trkpt>
   <trkpt lat="43.3050440" lon="3.4366560">
    <ele>3.9</ele>
    <time>2025-05-13T06:33:19Z</time>
   </trkpt>
   <trkpt lat="43.3050890" lon="3.4366880">
    <ele>3.9</ele>
    <time>2025-05-13T06:33:20Z</time>
   </trkpt>
   <trkpt lat="43.3051300" lon="3.4367180">
    <ele>3.9</ele>
    <time>2025-05-13T06:33:21Z</time>
   </trkpt>
   <trkpt lat="43.3051740" lon="3.4367470">
    <ele>3.9</ele>
    <time>2025-05-13T06:33:22Z</time>
   </trkpt>
   <trkpt lat="43.3052200" lon="3.4367730">
    <ele>3.9</ele>
    <time>2025-05-13T06:33:23Z</time>
   </trkpt>
   <trkpt lat="43.3052650" lon="3.4368030">
    <ele>3.9</ele>
    <time>2025-05-13T06:33:24Z</time>
   </trkpt>
   <trkpt lat="43.3053070" lon="3.4368320">
    <ele>3.9</ele>
    <time>2025-05-13T06:33:25Z</time>
   </trkpt>
   <trkpt lat="43.3053460" lon="3.4368600">
    <ele>3.9</ele>
    <time>2025-05-13T06:33:26Z</time>
   </trkpt>
   <trkpt lat="43.3053850" lon="3.4368850">
    <ele>3.9</ele>
    <time>2025-05-13T06:33:27Z</time>
   </trkpt>
   <trkpt lat="43.3054310" lon="3.4369140">
    <ele>3.9</ele>
    <time>2025-05-13T06:33:28Z</time>
   </trkpt>
   <trkpt lat="43.3054800" lon="3.4369430">
    <ele>3.9</ele>
    <time>2025-05-13T06:33:29Z</time>
   </trkpt>
   <trkpt lat="43.3055310" lon="3.4369650">
    <ele>3.9</ele>
    <time>2025-05-13T06:33:30Z</time>
   </trkpt>
   <trkpt lat="43.3055800" lon="3.4369880">
    <ele>3.9</ele>
    <time>2025-05-13T06:33:31Z</time>
   </trkpt>
   <trkpt lat="43.3056240" lon="3.4370080">
    <ele>3.9</ele>
    <time>2025-05-13T06:33:32Z</time>
   </trkpt>
   <trkpt lat="43.3056730" lon="3.4370270">
    <ele>3.9</ele>
    <time>2025-05-13T06:33:33Z</time>
   </trkpt>
   <trkpt lat="43.3057240" lon="3.4370500">
    <ele>4.0</ele>
    <time>2025-05-13T06:33:34Z</time>
   </trkpt>
   <trkpt lat="43.3057720" lon="3.4370730">
    <ele>4.0</ele>
    <time>2025-05-13T06:33:35Z</time>
   </trkpt>
   <trkpt lat="43.3058200" lon="3.4370970">
    <ele>4.0</ele>
    <time>2025-05-13T06:33:36Z</time>
   </trkpt>
   <trkpt lat="43.3058710" lon="3.4371180">
    <ele>4.0</ele>
    <time>2025-05-13T06:33:37Z</time>
   </trkpt>
   <trkpt lat="43.3059230" lon="3.4371430">
    <ele>4.0</ele>
    <time>2025-05-13T06:33:38Z</time>
   </trkpt>
   <trkpt lat="43.3059700" lon="3.4371640">
    <ele>4.0</ele>
    <time>2025-05-13T06:33:39Z</time>
   </trkpt>
   <trkpt lat="43.3060210" lon="3.4371910">
    <ele>4.1</ele>
    <time>2025-05-13T06:33:40Z</time>
   </trkpt>
   <trkpt lat="43.3060740" lon="3.4372110">
    <ele>4.1</ele>
    <time>2025-05-13T06:33:41Z</time>
   </trkpt>
   <trkpt lat="43.3061190" lon="3.4372280">
    <ele>4.1</ele>
    <time>2025-05-13T06:33:42Z</time>
   </trkpt>
   <trkpt lat="43.3061650" lon="3.4372490">
    <ele>4.1</ele>
    <time>2025-05-13T06:33:43Z</time>
   </trkpt>
   <trkpt lat="43.3062150" lon="3.4372730">
    <ele>4.1</ele>
    <time>2025-05-13T06:33:44Z</time>
   </trkpt>
   <trkpt lat="43.3062630" lon="3.4372950">
    <ele>4.1</ele>
    <time>2025-05-13T06:33:45Z</time>
   </trkpt>
   <trkpt lat="43.3063130" lon="3.4373170">
    <ele>4.1</ele>
    <time>2025-05-13T06:33:46Z</time>
   </trkpt>
   <trkpt lat="43.3063630" lon="3.4373380">
    <ele>4.1</ele>
    <time>2025-05-13T06:33:47Z</time>
   </trkpt>
   <trkpt lat="43.3064160" lon="3.4373600">
    <ele>4.1</ele>
    <time>2025-05-13T06:33:48Z</time>
   </trkpt>
   <trkpt lat="43.3064680" lon="3.4373800">
    <ele>4.1</ele>
    <time>2025-05-13T06:33:49Z</time>
   </trkpt>
   <trkpt lat="43.3065170" lon="3.4374020">
    <ele>4.1</ele>
    <time>2025-05-13T06:33:50Z</time>
   </trkpt>
   <trkpt lat="43.3065670" lon="3.4374320">
    <ele>4.1</ele>
    <time>2025-05-13T06:33:51Z</time>
   </trkpt>
   <trkpt lat="43.3066150" lon="3.4374580">
    <ele>4.1</ele>
    <time>2025-05-13T06:33:52Z</time>
   </trkpt>
   <trkpt lat="43.3066660" lon="3.4374790">
    <ele>4.1</ele>
    <time>2025-05-13T06:33:53Z</time>
   </trkpt>
   <trkpt lat="43.3067170" lon="3.4375000">
    <ele>4.1</ele>
    <time>2025-05-13T06:33:54Z</time>
   </trkpt>
   <trkpt lat="43.3067710" lon="3.4375190">
    <ele>4.1</ele>
    <time>2025-05-13T06:33:55Z</time>
   </trkpt>
   <trkpt lat="43.3068190" lon="3.4375430">
    <ele>4.0</ele>
    <time>2025-05-13T06:33:56Z</time>
   </trkpt>
   <trkpt lat="43.3068700" lon="3.4375650">
    <ele>4.0</ele>
    <time>2025-05-13T06:33:57Z</time>
   </trkpt>
   <trkpt lat="43.3069220" lon="3.4375840">
    <ele>4.0</ele>
    <time>2025-05-13T06:33:58Z</time>
   </trkpt>
   <trkpt lat="43.3069720" lon="3.4376040">
    <ele>4.0</ele>
    <time>2025-05-13T06:33:59Z</time>
   </trkpt>
   <trkpt lat="43.3070230" lon="3.4376230">
    <ele>4.0</ele>
    <time>2025-05-13T06:34:00Z</time>
   </trkpt>
   <trkpt lat="43.3070780" lon="3.4376450">
    <ele>4.0</ele>
    <time>2025-05-13T06:34:01Z</time>
   </trkpt>
   <trkpt lat="43.3071280" lon="3.4376680">
    <ele>3.9</ele>
    <time>2025-05-13T06:34:02Z</time>
   </trkpt>
   <trkpt lat="43.3071740" lon="3.4376870">
    <ele>3.9</ele>
    <time>2025-05-13T06:34:03Z</time>
   </trkpt>
   <trkpt lat="43.3072170" lon="3.4377030">
    <ele>3.9</ele>
    <time>2025-05-13T06:34:04Z</time>
   </trkpt>
   <trkpt lat="43.3072580" lon="3.4377170">
    <ele>3.9</ele>
    <time>2025-05-13T06:34:05Z</time>
   </trkpt>
   <trkpt lat="43.3072950" lon="3.4377240">
    <ele>3.8</ele>
    <time>2025-05-13T06:34:06Z</time>
   </trkpt>
   <trkpt lat="43.3073240" lon="3.4377310">
    <ele>3.8</ele>
    <time>2025-05-13T06:34:07Z</time>
   </trkpt>
   <trkpt lat="43.3073540" lon="3.4377340">
    <ele>3.8</ele>
    <time>2025-05-13T06:34:08Z</time>
   </trkpt>
   <trkpt lat="43.3073850" lon="3.4377380">
    <ele>3.8</ele>
    <time>2025-05-13T06:34:09Z</time>
   </trkpt>
   <trkpt lat="43.3073930" lon="3.4377390">
    <ele>3.8</ele>
    <time>2025-05-13T06:34:10Z</time>
   </trkpt>
   <trkpt lat="43.3074050" lon="3.4377460">
    <ele>3.8</ele>
    <time>2025-05-13T06:34:11Z</time>
   </trkpt>
   <trkpt lat="43.3074230" lon="3.4377550">
    <ele>3.7</ele>
    <time>2025-05-13T06:34:12Z</time>
   </trkpt>
   <trkpt lat="43.3074550" lon="3.4377840">
    <ele>3.7</ele>
    <time>2025-05-13T06:34:13Z</time>
   </trkpt>
   <trkpt lat="43.3074650" lon="3.4377970">
    <ele>3.7</ele>
    <time>2025-05-13T06:34:14Z</time>
   </trkpt>
   <trkpt lat="43.3075050" lon="3.4378220">
    <ele>3.7</ele>
    <time>2025-05-13T06:34:15Z</time>
   </trkpt>
   <trkpt lat="43.3075210" lon="3.4378300">
    <ele>3.7</ele>
    <time>2025-05-13T06:34:16Z</time>
   </trkpt>
   <trkpt lat="43.3075590" lon="3.4378460">
    <ele>3.7</ele>
    <time>2025-05-13T06:34:17Z</time>
   </trkpt>
   <trkpt lat="43.3075940" lon="3.4378680">
    <ele>3.7</ele>
    <time>2025-05-13T06:34:18Z</time>
   </trkpt>
   <trkpt lat="43.3076320" lon="3.4378900">
    <ele>3.7</ele>
    <time>2025-05-13T06:34:19Z</time>
   </trkpt>
   <trkpt lat="43.3076670" lon="3.4379130">
    <ele>3.7</ele>
    <time>2025-05-13T06:34:20Z</time>
   </trkpt>
   <trkpt lat="43.3077100" lon="3.4379400">
    <ele>3.8</ele>
    <time>2025-05-13T06:34:21Z</time>
   </trkpt>
   <trkpt lat="43.3077540" lon="3.4379660">
    <ele>3.8</ele>
    <time>2025-05-13T06:34:22Z</time>
   </trkpt>
   <trkpt lat="43.3077990" lon="3.4379870">
    <ele>3.7</ele>
    <time>2025-05-13T06:34:23Z</time>
   </trkpt>
   <trkpt lat="43.3078470" lon="3.4380080">
    <ele>3.7</ele>
    <time>2025-05-13T06:34:24Z</time>
   </trkpt>
   <trkpt lat="43.3078960" lon="3.4380310">
    <ele>3.7</ele>
    <time>2025-05-13T06:34:25Z</time>
   </trkpt>
   <trkpt lat="43.3079510" lon="3.4380560">
    <ele>3.6</ele>
    <time>2025-05-13T06:34:26Z</time>
   </trkpt>
   <trkpt lat="43.3080080" lon="3.4380790">
    <ele>3.5</ele>
    <time>2025-05-13T06:34:27Z</time>
   </trkpt>
   <trkpt lat="43.3080620" lon="3.4381070">
    <ele>3.5</ele>
    <time>2025-05-13T06:34:28Z</time>
   </trkpt>
   <trkpt lat="43.3081170" lon="3.4381360">
    <ele>3.4</ele>
    <time>2025-05-13T06:34:29Z</time>
   </trkpt>
   <trkpt lat="43.3081700" lon="3.4381630">
    <ele>3.4</ele>
    <time>2025-05-13T06:34:30Z</time>
   </trkpt>
   <trkpt lat="43.3082210" lon="3.4381940">
    <ele>3.4</ele>
    <time>2025-05-13T06:34:31Z</time>
   </trkpt>
   <trkpt lat="43.3082720" lon="3.4382200">
    <ele>3.4</ele>
    <time>2025-05-13T06:34:32Z</time>
   </trkpt>
   <trkpt lat="43.3083260" lon="3.4382410">
    <ele>3.4</ele>
    <time>2025-05-13T06:34:33Z</time>
   </trkpt>
   <trkpt lat="43.3083820" lon="3.4382650">
    <ele>3.4</ele>
    <time>2025-05-13T06:34:34Z</time>
   </trkpt>
   <trkpt lat="43.3084400" lon="3.4382900">
    <ele>3.3</ele>
    <time>2025-05-13T06:34:35Z</time>
   </trkpt>
   <trkpt lat="43.3084980" lon="3.4383150">
    <ele>3.3</ele>
    <time>2025-05-13T06:34:36Z</time>
   </trkpt>
   <trkpt lat="43.3085580" lon="3.4383430">
    <ele>3.3</ele>
    <time>2025-05-13T06:34:37Z</time>
   </trkpt>
   <trkpt lat="43.3086160" lon="3.4383710">
    <ele>3.2</ele>
    <time>2025-05-13T06:34:38Z</time>
   </trkpt>
   <trkpt lat="43.3086720" lon="3.4383980">
    <ele>3.3</ele>
    <time>2025-05-13T06:34:39Z</time>
   </trkpt>
   <trkpt lat="43.3087280" lon="3.4384320">
    <ele>3.3</ele>
    <time>2025-05-13T06:34:40Z</time>
   </trkpt>
   <trkpt lat="43.3087890" lon="3.4384610">
    <ele>3.3</ele>
    <time>2025-05-13T06:34:41Z</time>
   </trkpt>
   <trkpt lat="43.3088450" lon="3.4384850">
    <ele>3.3</ele>
    <time>2025-05-13T06:34:42Z</time>
   </trkpt>
   <trkpt lat="43.3089030" lon="3.4385130">
    <ele>3.3</ele>
    <time>2025-05-13T06:34:43Z</time>
   </trkpt>
   <trkpt lat="43.3089620" lon="3.4385380">
    <ele>3.4</ele>
    <time>2025-05-13T06:34:44Z</time>
   </trkpt>
   <trkpt lat="43.3090200" lon="3.4385620">
    <ele>3.4</ele>
    <time>2025-05-13T06:34:45Z</time>
   </trkpt>
   <trkpt lat="43.3090810" lon="3.4385820">
    <ele>3.4</ele>
    <time>2025-05-13T06:34:46Z</time>
   </trkpt>
   <trkpt lat="43.3091460" lon="3.4386080">
    <ele>3.5</ele>
    <time>2025-05-13T06:34:47Z</time>
   </trkpt>
   <trkpt lat="43.3092020" lon="3.4386310">
    <ele>3.5</ele>
    <time>2025-05-13T06:34:48Z</time>
   </trkpt>
   <trkpt lat="43.3092560" lon="3.4386490">
    <ele>3.6</ele>
    <time>2025-05-13T06:34:49Z</time>
   </trkpt>
   <trkpt lat="43.3093180" lon="3.4386550">
    <ele>3.7</ele>
    <time>2025-05-13T06:34:50Z</time>
   </trkpt>
   <trkpt lat="43.3093710" lon="3.4386650">
    <ele>3.8</ele>
    <time>2025-05-13T06:34:51Z</time>
   </trkpt>
   <trkpt lat="43.3094140" lon="3.4386760">
    <ele>3.8</ele>
    <time>2025-05-13T06:34:52Z</time>
   </trkpt>
   <trkpt lat="43.3094540" lon="3.4386930">
    <ele>3.9</ele>
    <time>2025-05-13T06:34:53Z</time>
   </trkpt>
   <trkpt lat="43.3094950" lon="3.4387080">
    <ele>3.9</ele>
    <time>2025-05-13T06:34:54Z</time>
   </trkpt>
   <trkpt lat="43.3095320" lon="3.4387270">
    <ele>3.9</ele>
    <time>2025-05-13T06:34:55Z</time>
   </trkpt>
   <trkpt lat="43.3095690" lon="3.4387450">
    <ele>4.0</ele>
    <time>2025-05-13T06:34:56Z</time>
   </trkpt>
   <trkpt lat="43.3096090" lon="3.4387620">
    <ele>4.0</ele>
    <time>2025-05-13T06:34:57Z</time>
   </trkpt>
   <trkpt lat="43.3096500" lon="3.4387830">
    <ele>4.0</ele>
    <time>2025-05-13T06:34:58Z</time>
   </trkpt>
   <trkpt lat="43.3096900" lon="3.4388030">
    <ele>4.0</ele>
    <time>2025-05-13T06:34:59Z</time>
   </trkpt>
   <trkpt lat="43.3097290" lon="3.4388250">
    <ele>4.0</ele>
    <time>2025-05-13T06:35:00Z</time>
   </trkpt>
   <trkpt lat="43.3097700" lon="3.4388470">
    <ele>4.0</ele>
    <time>2025-05-13T06:35:01Z</time>
   </trkpt>
   <trkpt lat="43.3098080" lon="3.4388760">
    <ele>4.0</ele>
    <time>2025-05-13T06:35:02Z</time>
   </trkpt>
   <trkpt lat="43.3098450" lon="3.4389070">
    <ele>4.0</ele>
    <time>2025-05-13T06:35:03Z</time>
   </trkpt>
   <trkpt lat="43.3098810" lon="3.4389310">
    <ele>3.9</ele>
    <time>2025-05-13T06:35:04Z</time>
   </trkpt>
   <trkpt lat="43.3099240" lon="3.4389500">
    <ele>3.9</ele>
    <time>2025-05-13T06:35:05Z</time>
   </trkpt>
   <trkpt lat="43.3099680" lon="3.4389710">
    <ele>3.8</ele>
    <time>2025-05-13T06:35:06Z</time>
   </trkpt>
   <trkpt lat="43.3100110" lon="3.4389950">
    <ele>3.8</ele>
    <time>2025-05-13T06:35:07Z</time>
   </trkpt>
   <trkpt lat="43.3100550" lon="3.4390180">
    <ele>3.8</ele>
    <time>2025-05-13T06:35:08Z</time>
   </trkpt>
   <trkpt lat="43.3101010" lon="3.4390380">
    <ele>3.7</ele>
    <time>2025-05-13T06:35:09Z</time>
   </trkpt>
   <trkpt lat="43.3101480" lon="3.4390570">
    <ele>3.7</ele>
    <time>2025-05-13T06:35:10Z</time>
   </trkpt>
   <trkpt lat="43.3101930" lon="3.4390780">
    <ele>3.6</ele>
    <time>2025-05-13T06:35:11Z</time>
   </trkpt>
   <trkpt lat="43.3102420" lon="3.4391010">
    <ele>3.6</ele>
    <time>2025-05-13T06:35:12Z</time>
   </trkpt>
   <trkpt lat="43.3102930" lon="3.4391230">
    <ele>3.5</ele>
    <time>2025-05-13T06:35:13Z</time>
   </trkpt>
   <trkpt lat="43.3103480" lon="3.4391470">
    <ele>3.5</ele>
    <time>2025-05-13T06:35:14Z</time>
   </trkpt>
   <trkpt lat="43.3104000" lon="3.4391740">
    <ele>3.4</ele>
    <time>2025-05-13T06:35:15Z</time>
   </trkpt>
   <trkpt lat="43.3104520" lon="3.4391990">
    <ele>3.4</ele>
    <time>2025-05-13T06:35:16Z</time>
   </trkpt>
   <trkpt lat="43.3105040" lon="3.4392230">
    <ele>3.4</ele>
    <time>2025-05-13T06:35:17Z</time>
   </trkpt>
   <trkpt lat="43.3105560" lon="3.4392500">
    <ele>3.4</ele>
    <time>2025-05-13T06:35:18Z</time>
   </trkpt>
   <trkpt lat="43.3106130" lon="3.4392690">
    <ele>3.4</ele>
    <time>2025-05-13T06:35:19Z</time>
   </trkpt>
   <trkpt lat="43.3106720" lon="3.4392950">
    <ele>3.4</ele>
    <time>2025-05-13T06:35:20Z</time>
   </trkpt>
   <trkpt lat="43.3107310" lon="3.4393210">
    <ele>3.4</ele>
    <time>2025-05-13T06:35:21Z</time>
   </trkpt>
   <trkpt lat="43.3107900" lon="3.4393490">
    <ele>3.5</ele>
    <time>2025-05-13T06:35:22Z</time>
   </trkpt>
   <trkpt lat="43.3108480" lon="3.4393780">
    <ele>3.5</ele>
    <time>2025-05-13T06:35:23Z</time>
   </trkpt>
   <trkpt lat="43.3109020" lon="3.4394000">
    <ele>3.6</ele>
    <time>2025-05-13T06:35:24Z</time>
   </trkpt>
   <trkpt lat="43.3109550" lon="3.4394240">
    <ele>3.6</ele>
    <time>2025-05-13T06:35:25Z</time>
   </trkpt>
   <trkpt lat="43.3110080" lon="3.4394440">
    <ele>3.7</ele>
    <time>2025-05-13T06:35:26Z</time>
   </trkpt>
   <trkpt lat="43.3110570" lon="3.4394710">
    <ele>3.7</ele>
    <time>2025-05-13T06:35:27Z</time>
   </trkpt>
   <trkpt lat="43.3111050" lon="3.4394990">
    <ele>3.7</ele>
    <time>2025-05-13T06:35:28Z</time>
   </trkpt>
   <trkpt lat="43.3111580" lon="3.4395250">
    <ele>3.8</ele>
    <time>2025-05-13T06:35:29Z</time>
   </trkpt>
   <trkpt lat="43.3112120" lon="3.4395540">
    <ele>3.8</ele>
    <time>2025-05-13T06:35:30Z</time>
   </trkpt>
   <trkpt lat="43.3112680" lon="3.4395820">
    <ele>3.8</ele>
    <time>2025-05-13T06:35:31Z</time>
   </trkpt>
   <trkpt lat="43.3113260" lon="3.4396100">
    <ele>3.8</ele>
    <time>2025-05-13T06:35:32Z</time>
   </trkpt>
   <trkpt lat="43.3113850" lon="3.4396430">
    <ele>3.7</ele>
    <time>2025-05-13T06:35:33Z</time>
   </trkpt>
   <trkpt lat="43.3114450" lon="3.4396760">
    <ele>3.7</ele>
    <time>2025-05-13T06:35:34Z</time>
   </trkpt>
   <trkpt lat="43.3115070" lon="3.4397150">
    <ele>3.7</ele>
    <time>2025-05-13T06:35:35Z</time>
   </trkpt>
   <trkpt lat="43.3115670" lon="3.4397470">
    <ele>3.7</ele>
    <time>2025-05-13T06:35:36Z</time>
   </trkpt>
   <trkpt lat="43.3116260" lon="3.4397750">
    <ele>3.8</ele>
    <time>2025-05-13T06:35:37Z</time>
   </trkpt>
   <trkpt lat="43.3116860" lon="3.4398000">
    <ele>3.8</ele>
    <time>2025-05-13T06:35:38Z</time>
   </trkpt>
   <trkpt lat="43.3117390" lon="3.4398260">
    <ele>3.8</ele>
    <time>2025-05-13T06:35:39Z</time>
   </trkpt>
   <trkpt lat="43.3117890" lon="3.4398520">
    <ele>3.8</ele>
    <time>2025-05-13T06:35:40Z</time>
   </trkpt>
   <trkpt lat="43.3118380" lon="3.4398830">
    <ele>3.8</ele>
    <time>2025-05-13T06:35:41Z</time>
   </trkpt>
   <trkpt lat="43.3118880" lon="3.4399250">
    <ele>3.9</ele>
    <time>2025-05-13T06:35:42Z</time>
   </trkpt>
   <trkpt lat="43.3119370" lon="3.4399620">
    <ele>3.9</ele>
    <time>2025-05-13T06:35:43Z</time>
   </trkpt>
   <trkpt lat="43.3119880" lon="3.4399920">
    <ele>3.9</ele>
    <time>2025-05-13T06:35:44Z</time>
   </trkpt>
   <trkpt lat="43.3120400" lon="3.4400160">
    <ele>4.0</ele>
    <time>2025-05-13T06:35:45Z</time>
   </trkpt>
   <trkpt lat="43.3120860" lon="3.4400290">
    <ele>4.0</ele>
    <time>2025-05-13T06:35:46Z</time>
   </trkpt>
   <trkpt lat="43.3121270" lon="3.4400330">
    <ele>4.0</ele>
    <time>2025-05-13T06:35:47Z</time>
   </trkpt>
   <trkpt lat="43.3121610" lon="3.4400350">
    <ele>3.9</ele>
    <time>2025-05-13T06:35:48Z</time>
   </trkpt>
   <trkpt lat="43.3121940" lon="3.4400420">
    <ele>3.9</ele>
    <time>2025-05-13T06:35:49Z</time>
   </trkpt>
   <trkpt lat="43.3122280" lon="3.4400590">
    <ele>3.9</ele>
    <time>2025-05-13T06:35:50Z</time>
   </trkpt>
   <trkpt lat="43.3122580" lon="3.4400780">
    <ele>3.9</ele>
    <time>2025-05-13T06:35:51Z</time>
   </trkpt>
   <trkpt lat="43.3122850" lon="3.4401090">
    <ele>3.8</ele>
    <time>2025-05-13T06:35:52Z</time>
   </trkpt>
   <trkpt lat="43.3123120" lon="3.4401440">
    <ele>3.8</ele>
    <time>2025-05-13T06:35:53Z</time>
   </trkpt>
   <trkpt lat="43.3123370" lon="3.4401770">
    <ele>3.7</ele>
    <time>2025-05-13T06:35:54Z</time>
   </trkpt>
   <trkpt lat="43.3123710" lon="3.4402070">
    <ele>3.7</ele>
    <time>2025-05-13T06:35:55Z</time>
   </trkpt>
   <trkpt lat="43.3124090" lon="3.4402320">
    <ele>3.6</ele>
    <time>2025-05-13T06:35:56Z</time>
   </trkpt>
   <trkpt lat="43.3124510" lon="3.4402610">
    <ele>3.6</ele>
    <time>2025-05-13T06:35:57Z</time>
   </trkpt>
   <trkpt lat="43.3124910" lon="3.4402810">
    <ele>3.5</ele>
    <time>2025-05-13T06:35:58Z</time>
   </trkpt>
   <trkpt lat="43.3125350" lon="3.4403060">
    <ele>3.5</ele>
    <time>2025-05-13T06:35:59Z</time>
   </trkpt>
   <trkpt lat="43.3125770" lon="3.4403310">
    <ele>3.4</ele>
    <time>2025-05-13T06:36:00Z</time>
   </trkpt>
   <trkpt lat="43.3126230" lon="3.4403580">
    <ele>3.4</ele>
    <time>2025-05-13T06:36:01Z</time>
   </trkpt>
   <trkpt lat="43.3126760" lon="3.4403880">
    <ele>3.3</ele>
    <time>2025-05-13T06:36:02Z</time>
   </trkpt>
   <trkpt lat="43.3127260" lon="3.4404200">
    <ele>3.3</ele>
    <time>2025-05-13T06:36:03Z</time>
   </trkpt>
   <trkpt lat="43.3127780" lon="3.4404530">
    <ele>3.2</ele>
    <time>2025-05-13T06:36:04Z</time>
   </trkpt>
   <trkpt lat="43.3128290" lon="3.4404790">
    <ele>3.2</ele>
    <time>2025-05-13T06:36:05Z</time>
   </trkpt>
   <trkpt lat="43.3128820" lon="3.4405080">
    <ele>3.2</ele>
    <time>2025-05-13T06:36:06Z</time>
   </trkpt>
   <trkpt lat="43.3129320" lon="3.4405330">
    <ele>3.2</ele>
    <time>2025-05-13T06:36:07Z</time>
   </trkpt>
   <trkpt lat="43.3129850" lon="3.4405550">
    <ele>3.2</ele>
    <time>2025-05-13T06:36:08Z</time>
   </trkpt>
   <trkpt lat="43.3130420" lon="3.4405760">
    <ele>3.2</ele>
    <time>2025-05-13T06:36:09Z</time>
   </trkpt>
   <trkpt lat="43.3131010" lon="3.4405950">
    <ele>3.2</ele>
    <time>2025-05-13T06:36:10Z</time>
   </trkpt>
   <trkpt lat="43.3131550" lon="3.4406090">
    <ele>3.2</ele>
    <time>2025-05-13T06:36:11Z</time>
   </trkpt>
   <trkpt lat="43.3132080" lon="3.4406290">
    <ele>3.2</ele>
    <time>2025-05-13T06:36:12Z</time>
   </trkpt>
   <trkpt lat="43.3132620" lon="3.4406430">
    <ele>3.2</ele>
    <time>2025-05-13T06:36:13Z</time>
   </trkpt>
   <trkpt lat="43.3133120" lon="3.4406580">
    <ele>3.2</ele>
    <time>2025-05-13T06:36:14Z</time>
   </trkpt>
   <trkpt lat="43.3133630" lon="3.4406800">
    <ele>3.2</ele>
    <time>2025-05-13T06:36:15Z</time>
   </trkpt>
   <trkpt lat="43.3134170" lon="3.4407010">
    <ele>3.2</ele>
    <time>2025-05-13T06:36:16Z</time>
   </trkpt>
   <trkpt lat="43.3134670" lon="3.4407240">
    <ele>3.2</ele>
    <time>2025-05-13T06:36:17Z</time>
   </trkpt>
   <trkpt lat="43.3135160" lon="3.4407450">
    <ele>3.2</ele>
    <time>2025-05-13T06:36:18Z</time>
   </trkpt>
   <trkpt lat="43.3135710" lon="3.4407560">
    <ele>3.2</ele>
    <time>2025-05-13T06:36:19Z</time>
   </trkpt>
   <trkpt lat="43.3136230" lon="3.4407530">
    <ele>3.2</ele>
    <time>2025-05-13T06:36:20Z</time>
   </trkpt>
   <trkpt lat="43.3136830" lon="3.4407480">
    <ele>3.2</ele>
    <time>2025-05-13T06:36:21Z</time>
   </trkpt>
   <trkpt lat="43.3137380" lon="3.4407410">
    <ele>3.2</ele>
    <time>2025-05-13T06:36:22Z</time>
   </trkpt>
   <trkpt lat="43.3137900" lon="3.4407270">
    <ele>3.2</ele>
    <time>2025-05-13T06:36:23Z</time>
   </trkpt>
   <trkpt lat="43.3138380" lon="3.4407110">
    <ele>3.2</ele>
    <time>2025-05-13T06:36:24Z</time>
   </trkpt>
   <trkpt lat="43.3138860" lon="3.4406960">
    <ele>3.3</ele>
    <time>2025-05-13T06:36:25Z</time>
   </trkpt>
   <trkpt lat="43.3139290" lon="3.4406830">
    <ele>3.3</ele>
    <time>2025-05-13T06:36:26Z</time>
   </trkpt>
   <trkpt lat="43.3139730" lon="3.4406700">
    <ele>3.3</ele>
    <time>2025-05-13T06:36:27Z</time>
   </trkpt>
   <trkpt lat="43.3140140" lon="3.4406620">
    <ele>3.3</ele>
    <time>2025-05-13T06:36:28Z</time>
   </trkpt>
   <trkpt lat="43.3140530" lon="3.4406580">
    <ele>3.3</ele>
    <time>2025-05-13T06:36:29Z</time>
   </trkpt>
   <trkpt lat="43.3140870" lon="3.4406540">
    <ele>3.3</ele>
    <time>2025-05-13T06:36:30Z</time>
   </trkpt>
   <trkpt lat="43.3141260" lon="3.4406530">
    <ele>3.3</ele>
    <time>2025-05-13T06:36:31Z</time>
   </trkpt>
   <trkpt lat="43.3141370" lon="3.4406530">
    <ele>3.3</ele>
    <time>2025-05-13T06:36:32Z</time>
   </trkpt>
   <trkpt lat="43.3141750" lon="3.4406560">
    <ele>3.3</ele>
    <time>2025-05-13T06:36:33Z</time>
   </trkpt>
   <trkpt lat="43.3141880" lon="3.4406580">
    <ele>3.3</ele>
    <time>2025-05-13T06:36:34Z</time>
   </trkpt>
   <trkpt lat="43.3142250" lon="3.4406580">
    <ele>3.3</ele>
    <time>2025-05-13T06:36:35Z</time>
   </trkpt>
   <trkpt lat="43.3142370" lon="3.4406600">
    <ele>3.3</ele>
    <time>2025-05-13T06:36:36Z</time>
   </trkpt>
   <trkpt lat="43.3142700" lon="3.4406570">
    <ele>3.3</ele>
    <time>2025-05-13T06:36:37Z</time>
   </trkpt>
   <trkpt lat="43.3142790" lon="3.4406500">
    <ele>3.3</ele>
    <time>2025-05-13T06:36:38Z</time>
   </trkpt>
   <trkpt lat="43.3143190" lon="3.4406480">
    <ele>3.3</ele>
    <time>2025-05-13T06:36:39Z</time>
   </trkpt>
   <trkpt lat="43.3143340" lon="3.4406540">
    <ele>3.3</ele>
    <time>2025-05-13T06:36:40Z</time>
   </trkpt>
   <trkpt lat="43.3143660" lon="3.4406540">
    <ele>3.3</ele>
    <time>2025-05-13T06:36:41Z</time>
   </trkpt>
   <trkpt lat="43.3144030" lon="3.4406570">
    <ele>3.3</ele>
    <time>2025-05-13T06:36:42Z</time>
   </trkpt>
   <trkpt lat="43.3144440" lon="3.4406630">
    <ele>3.4</ele>
    <time>2025-05-13T06:36:43Z</time>
   </trkpt>
   <trkpt lat="43.3144810" lon="3.4406660">
    <ele>3.4</ele>
    <time>2025-05-13T06:36:44Z</time>
   </trkpt>
   <trkpt lat="43.3145190" lon="3.4406750">
    <ele>3.4</ele>
    <time>2025-05-13T06:36:45Z</time>
   </trkpt>
   <trkpt lat="43.3145560" lon="3.4406770">
    <ele>3.4</ele>
    <time>2025-05-13T06:36:46Z</time>
   </trkpt>
   <trkpt lat="43.3145940" lon="3.4406810">
    <ele>3.5</ele>
    <time>2025-05-13T06:36:47Z</time>
   </trkpt>
   <trkpt lat="43.3146380" lon="3.4406820">
    <ele>3.4</ele>
    <time>2025-05-13T06:36:48Z</time>
   </trkpt>
   <trkpt lat="43.3146810" lon="3.4406660">
    <ele>3.4</ele>
    <time>2025-05-13T06:36:49Z</time>
   </trkpt>
   <trkpt lat="43.3147220" lon="3.4406480">
    <ele>3.4</ele>
    <time>2025-05-13T06:36:50Z</time>
   </trkpt>
   <trkpt lat="43.3147630" lon="3.4406270">
    <ele>3.4</ele>
    <time>2025-05-13T06:36:51Z</time>
   </trkpt>
   <trkpt lat="43.3148050" lon="3.4406070">
    <ele>3.4</ele>
    <time>2025-05-13T06:36:52Z</time>
   </trkpt>
   <trkpt lat="43.3148450" lon="3.4405960">
    <ele>3.4</ele>
    <time>2025-05-13T06:36:53Z</time>
   </trkpt>
   <trkpt lat="43.3148850" lon="3.4405890">
    <ele>3.4</ele>
    <time>2025-05-13T06:36:54Z</time>
   </trkpt>
   <trkpt lat="43.3149150" lon="3.4405990">
    <ele>3.4</ele>
    <time>2025-05-13T06:36:55Z</time>
   </trkpt>
   <trkpt lat="43.3149410" lon="3.4406190">
    <ele>3.4</ele>
    <time>2025-05-13T06:36:56Z</time>
   </trkpt>
   <trkpt lat="43.3149670" lon="3.4406430">
    <ele>3.4</ele>
    <time>2025-05-13T06:36:57Z</time>
   </trkpt>
   <trkpt lat="43.3149890" lon="3.4406710">
    <ele>3.4</ele>
    <time>2025-05-13T06:36:58Z</time>
   </trkpt>
   <trkpt lat="43.3150090" lon="3.4407060">
    <ele>3.4</ele>
    <time>2025-05-13T06:36:59Z</time>
   </trkpt>
   <trkpt lat="43.3150280" lon="3.4407510">
    <ele>3.4</ele>
    <time>2025-05-13T06:37:00Z</time>
   </trkpt>
   <trkpt lat="43.3150490" lon="3.4407930">
    <ele>3.4</ele>
    <time>2025-05-13T06:37:01Z</time>
   </trkpt>
   <trkpt lat="43.3150780" lon="3.4408270">
    <ele>3.4</ele>
    <time>2025-05-13T06:37:02Z</time>
   </trkpt>
   <trkpt lat="43.3151110" lon="3.4408510">
    <ele>3.4</ele>
    <time>2025-05-13T06:37:03Z</time>
   </trkpt>
   <trkpt lat="43.3151460" lon="3.4408810">
    <ele>3.5</ele>
    <time>2025-05-13T06:37:04Z</time>
   </trkpt>
   <trkpt lat="43.3151830" lon="3.4409080">
    <ele>3.5</ele>
    <time>2025-05-13T06:37:05Z</time>
   </trkpt>
   <trkpt lat="43.3152210" lon="3.4409320">
    <ele>3.5</ele>
    <time>2025-05-13T06:37:06Z</time>
   </trkpt>
   <trkpt lat="43.3152610" lon="3.4409530">
    <ele>3.5</ele>
    <time>2025-05-13T06:37:07Z</time>
   </trkpt>
   <trkpt lat="43.3152980" lon="3.4409790">
    <ele>3.6</ele>
    <time>2025-05-13T06:37:08Z</time>
   </trkpt>
   <trkpt lat="43.3153360" lon="3.4410060">
    <ele>3.6</ele>
    <time>2025-05-13T06:37:09Z</time>
   </trkpt>
   <trkpt lat="43.3153690" lon="3.4410330">
    <ele>3.6</ele>
    <time>2025-05-13T06:37:10Z</time>
   </trkpt>
   <trkpt lat="43.3154020" lon="3.4410650">
    <ele>3.6</ele>
    <time>2025-05-13T06:37:11Z</time>
   </trkpt>
   <trkpt lat="43.3154350" lon="3.4410970">
    <ele>3.6</ele>
    <time>2025-05-13T06:37:12Z</time>
   </trkpt>
   <trkpt lat="43.3154670" lon="3.4411380">
    <ele>3.6</ele>
    <time>2025-05-13T06:37:13Z</time>
   </trkpt>
   <trkpt lat="43.3155000" lon="3.4411860">
    <ele>3.6</ele>
    <time>2025-05-13T06:37:14Z</time>
   </trkpt>
   <trkpt lat="43.3155290" lon="3.4412360">
    <ele>3.6</ele>
    <time>2025-05-13T06:37:15Z</time>
   </trkpt>
   <trkpt lat="43.3155590" lon="3.4412910">
    <ele>3.6</ele>
    <time>2025-05-13T06:37:16Z</time>
   </trkpt>
   <trkpt lat="43.3155870" lon="3.4413460">
    <ele>3.6</ele>
    <time>2025-05-13T06:37:17Z</time>
   </trkpt>
   <trkpt lat="43.3156150" lon="3.4414060">
    <ele>3.6</ele>
    <time>2025-05-13T06:37:18Z</time>
   </trkpt>
   <trkpt lat="43.3156480" lon="3.4414630">
    <ele>3.6</ele>
    <time>2025-05-13T06:37:19Z</time>
   </trkpt>
   <trkpt lat="43.3156750" lon="3.4415200">
    <ele>3.6</ele>
    <time>2025-05-13T06:37:20Z</time>
   </trkpt>
   <trkpt lat="43.3156940" lon="3.4415830">
    <ele>3.6</ele>
    <time>2025-05-13T06:37:21Z</time>
   </trkpt>
   <trkpt lat="43.3157080" lon="3.4416510">
    <ele>3.6</ele>
    <time>2025-05-13T06:37:22Z</time>
   </trkpt>
   <trkpt lat="43.3157210" lon="3.4417150">
    <ele>3.6</ele>
    <time>2025-05-13T06:37:23Z</time>
   </trkpt>
   <trkpt lat="43.3157380" lon="3.4417850">
    <ele>3.6</ele>
    <time>2025-05-13T06:37:24Z</time>
   </trkpt>
   <trkpt lat="43.3157520" lon="3.4418530">
    <ele>3.6</ele>
    <time>2025-05-13T06:37:25Z</time>
   </trkpt>
   <trkpt lat="43.3157630" lon="3.4419190">
    <ele>3.6</ele>
    <time>2025-05-13T06:37:26Z</time>
   </trkpt>
   <trkpt lat="43.3157720" lon="3.4419870">
    <ele>3.6</ele>
    <time>2025-05-13T06:37:27Z</time>
   </trkpt>
   <trkpt lat="43.3157800" lon="3.4420520">
    <ele>3.6</ele>
    <time>2025-05-13T06:37:28Z</time>
   </trkpt>
   <trkpt lat="43.3157910" lon="3.4421190">
    <ele>3.6</ele>
    <time>2025-05-13T06:37:29Z</time>
   </trkpt>
   <trkpt lat="43.3158020" lon="3.4421850">
    <ele>3.6</ele>
    <time>2025-05-13T06:37:30Z</time>
   </trkpt>
   <trkpt lat="43.3158120" lon="3.4422530">
    <ele>3.6</ele>
    <time>2025-05-13T06:37:31Z</time>
   </trkpt>
   <trkpt lat="43.3158200" lon="3.4423170">
    <ele>3.6</ele>
    <time>2025-05-13T06:37:32Z</time>
   </trkpt>
   <trkpt lat="43.3158300" lon="3.4423830">
    <ele>3.6</ele>
    <time>2025-05-13T06:37:33Z</time>
   </trkpt>
   <trkpt lat="43.3158400" lon="3.4424480">
    <ele>3.7</ele>
    <time>2025-05-13T06:37:34Z</time>
   </trkpt>
   <trkpt lat="43.3158530" lon="3.4425170">
    <ele>3.7</ele>
    <time>2025-05-13T06:37:35Z</time>
   </trkpt>
   <trkpt lat="43.3158650" lon="3.4425880">
    <ele>3.7</ele>
    <time>2025-05-13T06:37:36Z</time>
   </trkpt>
   <trkpt lat="43.3158800" lon="3.4426510">
    <ele>3.7</ele>
    <time>2025-05-13T06:37:37Z</time>
   </trkpt>
   <trkpt lat="43.3158940" lon="3.4427160">
    <ele>3.7</ele>
    <time>2025-05-13T06:37:38Z</time>
   </trkpt>
   <trkpt lat="43.3159070" lon="3.4427750">
    <ele>3.8</ele>
    <time>2025-05-13T06:37:39Z</time>
   </trkpt>
   <trkpt lat="43.3159140" lon="3.4428350">
    <ele>3.8</ele>
    <time>2025-05-13T06:37:40Z</time>
   </trkpt>
   <trkpt lat="43.3159250" lon="3.4428950">
    <ele>3.8</ele>
    <time>2025-05-13T06:37:41Z</time>
   </trkpt>
   <trkpt lat="43.3159380" lon="3.4429500">
    <ele>3.8</ele>
    <time>2025-05-13T06:37:42Z</time>
   </trkpt>
   <trkpt lat="43.3159500" lon="3.4430030">
    <ele>3.7</ele>
    <time>2025-05-13T06:37:43Z</time>
   </trkpt>
   <trkpt lat="43.3159580" lon="3.4430520">
    <ele>3.7</ele>
    <time>2025-05-13T06:37:44Z</time>
   </trkpt>
   <trkpt lat="43.3159650" lon="3.4431000">
    <ele>3.7</ele>
    <time>2025-05-13T06:37:45Z</time>
   </trkpt>
   <trkpt lat="43.3159750" lon="3.4431430">
    <ele>3.6</ele>
    <time>2025-05-13T06:37:46Z</time>
   </trkpt>
   <trkpt lat="43.3159840" lon="3.4431800">
    <ele>3.6</ele>
    <time>2025-05-13T06:37:47Z</time>
   </trkpt>
   <trkpt lat="43.3159910" lon="3.4432210">
    <ele>3.6</ele>
    <time>2025-05-13T06:37:48Z</time>
   </trkpt>
   <trkpt lat="43.3159990" lon="3.4432690">
    <ele>3.5</ele>
    <time>2025-05-13T06:37:49Z</time>
   </trkpt>
   <trkpt lat="43.3160110" lon="3.4433240">
    <ele>3.5</ele>
    <time>2025-05-13T06:37:50Z</time>
   </trkpt>
   <trkpt lat="43.3160200" lon="3.4433890">
    <ele>3.5</ele>
    <time>2025-05-13T06:37:51Z</time>
   </trkpt>
   <trkpt lat="43.3160300" lon="3.4434520">
    <ele>3.5</ele>
    <time>2025-05-13T06:37:52Z</time>
   </trkpt>
   <trkpt lat="43.3160370" lon="3.4435030">
    <ele>3.5</ele>
    <time>2025-05-13T06:37:53Z</time>
   </trkpt>
   <trkpt lat="43.3160420" lon="3.4435460">
    <ele>3.5</ele>
    <time>2025-05-13T06:37:54Z</time>
   </trkpt>
   <trkpt lat="43.3160500" lon="3.4435880">
    <ele>3.6</ele>
    <time>2025-05-13T06:37:55Z</time>
   </trkpt>
   <trkpt lat="43.3160570" lon="3.4436320">
    <ele>3.6</ele>
    <time>2025-05-13T06:37:56Z</time>
   </trkpt>
   <trkpt lat="43.3160690" lon="3.4436800">
    <ele>3.6</ele>
    <time>2025-05-13T06:37:57Z</time>
   </trkpt>
   <trkpt lat="43.3160800" lon="3.4437320">
    <ele>3.7</ele>
    <time>2025-05-13T06:37:58Z</time>
   </trkpt>
   <trkpt lat="43.3160870" lon="3.4437850">
    <ele>3.7</ele>
    <time>2025-05-13T06:37:59Z</time>
   </trkpt>
   <trkpt lat="43.3160950" lon="3.4438420">
    <ele>3.7</ele>
    <time>2025-05-13T06:38:00Z</time>
   </trkpt>
   <trkpt lat="43.3161020" lon="3.4438980">
    <ele>3.7</ele>
    <time>2025-05-13T06:38:01Z</time>
   </trkpt>
   <trkpt lat="43.3161100" lon="3.4439560">
    <ele>3.7</ele>
    <time>2025-05-13T06:38:02Z</time>
   </trkpt>
   <trkpt lat="43.3161150" lon="3.4440150">
    <ele>3.7</ele>
    <time>2025-05-13T06:38:03Z</time>
   </trkpt>
   <trkpt lat="43.3161230" lon="3.4440720">
    <ele>3.7</ele>
    <time>2025-05-13T06:38:04Z</time>
   </trkpt>
   <trkpt lat="43.3161350" lon="3.4441300">
    <ele>3.7</ele>
    <time>2025-05-13T06:38:05Z</time>
   </trkpt>
   <trkpt lat="43.3161430" lon="3.4441860">
    <ele>3.7</ele>
    <time>2025-05-13T06:38:06Z</time>
   </trkpt>
   <trkpt lat="43.3161490" lon="3.4442490">
    <ele>3.7</ele>
    <time>2025-05-13T06:38:07Z</time>
   </trkpt>
   <trkpt lat="43.3161570" lon="3.4443130">
    <ele>3.7</ele>
    <time>2025-05-13T06:38:08Z</time>
   </trkpt>
   <trkpt lat="43.3161670" lon="3.4443750">
    <ele>3.7</ele>
    <time>2025-05-13T06:38:09Z</time>
   </trkpt>
   <trkpt lat="43.3161780" lon="3.4444370">
    <ele>3.7</ele>
    <time>2025-05-13T06:38:10Z</time>
   </trkpt>
   <trkpt lat="43.3161880" lon="3.4445000">
    <ele>3.6</ele>
    <time>2025-05-13T06:38:11Z</time>
   </trkpt>
   <trkpt lat="43.3161980" lon="3.4445620">
    <ele>3.6</ele>
    <time>2025-05-13T06:38:12Z</time>
   </trkpt>
   <trkpt lat="43.3162120" lon="3.4446300">
    <ele>3.6</ele>
    <time>2025-05-13T06:38:13Z</time>
   </trkpt>
   <trkpt lat="43.3162260" lon="3.4446950">
    <ele>3.6</ele>
    <time>2025-05-13T06:38:14Z</time>
   </trkpt>
   <trkpt lat="43.3162370" lon="3.4447630">
    <ele>3.5</ele>
    <time>2025-05-13T06:38:15Z</time>
   </trkpt>
   <trkpt lat="43.3162480" lon="3.4448300">
    <ele>3.5</ele>
    <time>2025-05-13T06:38:16Z</time>
   </trkpt>
   <trkpt lat="43.3162600" lon="3.4448950">
    <ele>3.5</ele>
    <time>2025-05-13T06:38:17Z</time>
   </trkpt>
   <trkpt lat="43.3162700" lon="3.4449620">
    <ele>3.4</ele>
    <time>2025-05-13T06:38:18Z</time>
   </trkpt>
   <trkpt lat="43.3162790" lon="3.4450300">
    <ele>3.4</ele>
    <time>2025-05-13T06:38:19Z</time>
   </trkpt>
   <trkpt lat="43.3162870" lon="3.4451030">
    <ele>3.4</ele>
    <time>2025-05-13T06:38:20Z</time>
   </trkpt>
   <trkpt lat="43.3162980" lon="3.4451780">
    <ele>3.3</ele>
    <time>2025-05-13T06:38:21Z</time>
   </trkpt>
   <trkpt lat="43.3163110" lon="3.4452510">
    <ele>3.3</ele>
    <time>2025-05-13T06:38:22Z</time>
   </trkpt>
   <trkpt lat="43.3163250" lon="3.4453220">
    <ele>3.2</ele>
    <time>2025-05-13T06:38:23Z</time>
   </trkpt>
   <trkpt lat="43.3163380" lon="3.4453920">
    <ele>3.2</ele>
    <time>2025-05-13T06:38:24Z</time>
   </trkpt>
   <trkpt lat="43.3163530" lon="3.4454630">
    <ele>3.2</ele>
    <time>2025-05-13T06:38:25Z</time>
   </trkpt>
   <trkpt lat="43.3163640" lon="3.4455340">
    <ele>3.3</ele>
    <time>2025-05-13T06:38:26Z</time>
   </trkpt>
   <trkpt lat="43.3163750" lon="3.4456020">
    <ele>3.3</ele>
    <time>2025-05-13T06:38:27Z</time>
   </trkpt>
   <trkpt lat="43.3163890" lon="3.4456690">
    <ele>3.3</ele>
    <time>2025-05-13T06:38:28Z</time>
   </trkpt>
   <trkpt lat="43.3163990" lon="3.4457380">
    <ele>3.3</ele>
    <time>2025-05-13T06:38:29Z</time>
   </trkpt>
   <trkpt lat="43.3164050" lon="3.4458060">
    <ele>3.3</ele>
    <time>2025-05-13T06:38:30Z</time>
   </trkpt>
   <trkpt lat="43.3164110" lon="3.4458640">
    <ele>3.3</ele>
    <time>2025-05-13T06:38:31Z</time>
   </trkpt>
   <trkpt lat="43.3164200" lon="3.4459030">
    <ele>3.3</ele>
    <time>2025-05-13T06:38:32Z</time>
   </trkpt>
   <trkpt lat="43.3164290" lon="3.4459450">
    <ele>3.3</ele>
    <time>2025-05-13T06:38:33Z</time>
   </trkpt>
   <trkpt lat="43.3164330" lon="3.4459560">
    <ele>3.3</ele>
    <time>2025-05-13T06:38:34Z</time>
   </trkpt>
   <trkpt lat="43.3164580" lon="3.4459780">
    <ele>3.3</ele>
    <time>2025-05-13T06:38:35Z</time>
   </trkpt>
   <trkpt lat="43.3164670" lon="3.4459850">
    <ele>3.3</ele>
    <time>2025-05-13T06:38:36Z</time>
   </trkpt>
   <trkpt lat="43.3164890" lon="3.4460220">
    <ele>3.2</ele>
    <time>2025-05-13T06:38:37Z</time>
   </trkpt>
   <trkpt lat="43.3164930" lon="3.4460350">
    <ele>3.2</ele>
    <time>2025-05-13T06:38:38Z</time>
   </trkpt>
   <trkpt lat="43.3164950" lon="3.4460760">
    <ele>3.2</ele>
    <time>2025-05-13T06:38:39Z</time>
   </trkpt>
   <trkpt lat="43.3164940" lon="3.4460910">
    <ele>3.1</ele>
    <time>2025-05-13T06:38:40Z</time>
   </trkpt>
   <trkpt lat="43.3165000" lon="3.4461410">
    <ele>3.1</ele>
    <time>2025-05-13T06:38:41Z</time>
   </trkpt>
   <trkpt lat="43.3165020" lon="3.4461560">
    <ele>3.1</ele>
    <time>2025-05-13T06:38:42Z</time>
   </trkpt>
   <trkpt lat="43.3165110" lon="3.4461970">
    <ele>3.1</ele>
    <time>2025-05-13T06:38:43Z</time>
   </trkpt>
   <trkpt lat="43.3165130" lon="3.4462110">
    <ele>3.1</ele>
    <time>2025-05-13T06:38:44Z</time>
   </trkpt>
   <trkpt lat="43.3165200" lon="3.4462520">
    <ele>3.0</ele>
    <time>2025-05-13T06:38:45Z</time>
   </trkpt>
   <trkpt lat="43.3165230" lon="3.4462670">
    <ele>3.0</ele>
    <time>2025-05-13T06:38:46Z</time>
   </trkpt>
   <trkpt lat="43.3165330" lon="3.4463130">
    <ele>3.0</ele>
    <time>2025-05-13T06:38:47Z</time>
   </trkpt>
   <trkpt lat="43.3165360" lon="3.4463300">
    <ele>3.1</ele>
    <time>2025-05-13T06:38:48Z</time>
   </trkpt>
   <trkpt lat="43.3165480" lon="3.4463780">
    <ele>3.1</ele>
    <time>2025-05-13T06:38:49Z</time>
   </trkpt>
   <trkpt lat="43.3165520" lon="3.4463960">
    <ele>3.1</ele>
    <time>2025-05-13T06:38:50Z</time>
   </trkpt>
   <trkpt lat="43.3165460" lon="3.4464480">
    <ele>3.1</ele>
    <time>2025-05-13T06:38:51Z</time>
   </trkpt>
   <trkpt lat="43.3165410" lon="3.4464640">
    <ele>3.2</ele>
    <time>2025-05-13T06:38:52Z</time>
   </trkpt>
   <trkpt lat="43.3165300" lon="3.4465110">
    <ele>3.2</ele>
    <time>2025-05-13T06:38:53Z</time>
   </trkpt>
   <trkpt lat="43.3165280" lon="3.4465270">
    <ele>3.2</ele>
    <time>2025-05-13T06:38:54Z</time>
   </trkpt>
   <trkpt lat="43.3165260" lon="3.4465660">
    <ele>3.3</ele>
    <time>2025-05-13T06:38:55Z</time>
   </trkpt>
   <trkpt lat="43.3165300" lon="3.4466050">
    <ele>3.3</ele>
    <time>2025-05-13T06:38:56Z</time>
   </trkpt>
   <trkpt lat="43.3165360" lon="3.4466480">
    <ele>3.4</ele>
    <time>2025-05-13T06:38:57Z</time>
   </trkpt>
   <trkpt lat="43.3165480" lon="3.4466940">
    <ele>3.4</ele>
    <time>2025-05-13T06:38:58Z</time>
   </trkpt>
   <trkpt lat="43.3165550" lon="3.4467440">
    <ele>3.5</ele>
    <time>2025-05-13T06:38:59Z</time>
   </trkpt>
   <trkpt lat="43.3165630" lon="3.4467960">
    <ele>3.5</ele>
    <time>2025-05-13T06:39:00Z</time>
   </trkpt>
   <trkpt lat="43.3165700" lon="3.4468490">
    <ele>3.6</ele>
    <time>2025-05-13T06:39:01Z</time>
   </trkpt>
   <trkpt lat="43.3165740" lon="3.4468990">
    <ele>3.7</ele>
    <time>2025-05-13T06:39:02Z</time>
   </trkpt>
   <trkpt lat="43.3165740" lon="3.4469480">
    <ele>3.7</ele>
    <time>2025-05-13T06:39:03Z</time>
   </trkpt>
   <trkpt lat="43.3165760" lon="3.4469950">
    <ele>3.8</ele>
    <time>2025-05-13T06:39:04Z</time>
   </trkpt>
   <trkpt lat="43.3165800" lon="3.4470390">
    <ele>3.8</ele>
    <time>2025-05-13T06:39:05Z</time>
   </trkpt>
   <trkpt lat="43.3165850" lon="3.4470790">
    <ele>3.9</ele>
    <time>2025-05-13T06:39:06Z</time>
   </trkpt>
   <trkpt lat="43.3165880" lon="3.4471310">
    <ele>3.9</ele>
    <time>2025-05-13T06:39:07Z</time>
   </trkpt>
   <trkpt lat="43.3165900" lon="3.4471480">
    <ele>4.0</ele>
    <time>2025-05-13T06:39:08Z</time>
   </trkpt>
   <trkpt lat="43.3165990" lon="3.4471910">
    <ele>4.0</ele>
    <time>2025-05-13T06:39:09Z</time>
   </trkpt>
   <trkpt lat="43.3166010" lon="3.4472050">
    <ele>4.0</ele>
    <time>2025-05-13T06:39:10Z</time>
   </trkpt>
   <trkpt lat="43.3166090" lon="3.4472500">
    <ele>4.0</ele>
    <time>2025-05-13T06:39:11Z</time>
   </trkpt>
   <trkpt lat="43.3166130" lon="3.4472660">
    <ele>4.0</ele>
    <time>2025-05-13T06:39:12Z</time>
   </trkpt>
   <trkpt lat="43.3166230" lon="3.4473080">
    <ele>4.0</ele>
    <time>2025-05-13T06:39:13Z</time>
   </trkpt>
   <trkpt lat="43.3166400" lon="3.4473440">
    <ele>4.0</ele>
    <time>2025-05-13T06:39:14Z</time>
   </trkpt>
   <trkpt lat="43.3166620" lon="3.4473810">
    <ele>4.0</ele>
    <time>2025-05-13T06:39:15Z</time>
   </trkpt>
   <trkpt lat="43.3166690" lon="3.4473930">
    <ele>3.9</ele>
    <time>2025-05-13T06:39:16Z</time>
   </trkpt>
   <trkpt lat="43.3166940" lon="3.4474230">
    <ele>3.9</ele>
    <time>2025-05-13T06:39:17Z</time>
   </trkpt>
   <trkpt lat="43.3167020" lon="3.4474320">
    <ele>3.9</ele>
    <time>2025-05-13T06:39:18Z</time>
   </trkpt>
   <trkpt lat="43.3167140" lon="3.4474490">
    <ele>3.8</ele>
    <time>2025-05-13T06:39:19Z</time>
   </trkpt>
   <trkpt lat="43.3167230" lon="3.4474670">
    <ele>3.8</ele>
    <time>2025-05-13T06:39:20Z</time>
   </trkpt>
   <trkpt lat="43.3167350" lon="3.4474830">
    <ele>3.8</ele>
    <time>2025-05-13T06:39:21Z</time>
   </trkpt>
   <trkpt lat="43.3167400" lon="3.4474990">
    <ele>3.7</ele>
    <time>2025-05-13T06:39:22Z</time>
   </trkpt>
   <trkpt lat="43.3167500" lon="3.4475250">
    <ele>3.7</ele>
    <time>2025-05-13T06:39:23Z</time>
   </trkpt>
   <trkpt lat="43.3167530" lon="3.4475370">
    <ele>3.7</ele>
    <time>2025-05-13T06:39:24Z</time>
   </trkpt>
   <trkpt lat="43.3167570" lon="3.4475480">
    <ele>3.7</ele>
    <time>2025-05-13T06:39:25Z</time>
   </trkpt>
   <trkpt lat="43.3167610" lon="3.4475700">
    <ele>3.6</ele>
    <time>2025-05-13T06:39:26Z</time>
   </trkpt>
   <trkpt lat="43.3167620" lon="3.4475810">
    <ele>3.6</ele>
    <time>2025-05-13T06:39:27Z</time>
   </trkpt>
   <trkpt lat="43.3167640" lon="3.4475930">
    <ele>3.6</ele>
    <time>2025-05-13T06:39:28Z</time>
   </trkpt>
   <trkpt lat="43.3167650" lon="3.4476040">
    <ele>3.6</ele>
    <time>2025-05-13T06:39:29Z</time>
   </trkpt>
   <trkpt lat="43.3167670" lon="3.4476160">
    <ele>3.6</ele>
    <time>2025-05-13T06:39:30Z</time>
   </trkpt>
   <trkpt lat="43.3167770" lon="3.4476630">
    <ele>3.5</ele>
    <time>2025-05-13T06:39:31Z</time>
   </trkpt>
   <trkpt lat="43.3167800" lon="3.4476770">
    <ele>3.5</ele>
    <time>2025-05-13T06:39:32Z</time>
   </trkpt>
   <trkpt lat="43.3167880" lon="3.4477190">
    <ele>3.4</ele>
    <time>2025-05-13T06:39:33Z</time>
   </trkpt>
   <trkpt lat="43.3167900" lon="3.4477360">
    <ele>3.4</ele>
    <time>2025-05-13T06:39:34Z</time>
   </trkpt>
   <trkpt lat="43.3167970" lon="3.4477760">
    <ele>3.4</ele>
    <time>2025-05-13T06:39:35Z</time>
   </trkpt>
   <trkpt lat="43.3168050" lon="3.4478180">
    <ele>3.4</ele>
    <time>2025-05-13T06:39:36Z</time>
   </trkpt>
   <trkpt lat="43.3168120" lon="3.4478630">
    <ele>3.3</ele>
    <time>2025-05-13T06:39:37Z</time>
   </trkpt>
   <trkpt lat="43.3168230" lon="3.4479110">
    <ele>3.3</ele>
    <time>2025-05-13T06:39:38Z</time>
   </trkpt>
   <trkpt lat="43.3168330" lon="3.4479570">
    <ele>3.3</ele>
    <time>2025-05-13T06:39:39Z</time>
   </trkpt>
   <trkpt lat="43.3168430" lon="3.4479970">
    <ele>3.3</ele>
    <time>2025-05-13T06:39:40Z</time>
   </trkpt>
   <trkpt lat="43.3168510" lon="3.4480380">
    <ele>3.3</ele>
    <time>2025-05-13T06:39:41Z</time>
   </trkpt>
   <trkpt lat="43.3168570" lon="3.4480800">
    <ele>3.3</ele>
    <time>2025-05-13T06:39:42Z</time>
   </trkpt>
   <trkpt lat="43.3168600" lon="3.4481250">
    <ele>3.2</ele>
    <time>2025-05-13T06:39:43Z</time>
   </trkpt>
   <trkpt lat="43.3168730" lon="3.4481760">
    <ele>3.3</ele>
    <time>2025-05-13T06:39:44Z</time>
   </trkpt>
   <trkpt lat="43.3168780" lon="3.4481940">
    <ele>3.3</ele>
    <time>2025-05-13T06:39:45Z</time>
   </trkpt>
   <trkpt lat="43.3168870" lon="3.4482430">
    <ele>3.3</ele>
    <time>2025-05-13T06:39:46Z</time>
   </trkpt>
   <trkpt lat="43.3168880" lon="3.4482600">
    <ele>3.3</ele>
    <time>2025-05-13T06:39:47Z</time>
   </trkpt>
   <trkpt lat="43.3168960" lon="3.4483060">
    <ele>3.3</ele>
    <time>2025-05-13T06:39:48Z</time>
   </trkpt>
   <trkpt lat="43.3168980" lon="3.4483200">
    <ele>3.3</ele>
    <time>2025-05-13T06:39:49Z</time>
   </trkpt>
   <trkpt lat="43.3169090" lon="3.4483650">
    <ele>3.4</ele>
    <time>2025-05-13T06:39:50Z</time>
   </trkpt>
   <trkpt lat="43.3169120" lon="3.4483800">
    <ele>3.4</ele>
    <time>2025-05-13T06:39:51Z</time>
   </trkpt>
   <trkpt lat="43.3169210" lon="3.4484300">
    <ele>3.6</ele>
    <time>2025-05-13T06:39:52Z</time>
   </trkpt>
   <trkpt lat="43.3169230" lon="3.4484480">
    <ele>3.6</ele>
    <time>2025-05-13T06:39:53Z</time>
   </trkpt>
   <trkpt lat="43.3169220" lon="3.4485000">
    <ele>3.8</ele>
    <time>2025-05-13T06:39:54Z</time>
   </trkpt>
   <trkpt lat="43.3169200" lon="3.4485180">
    <ele>3.8</ele>
    <time>2025-05-13T06:39:55Z</time>
   </trkpt>
   <trkpt lat="43.3169100" lon="3.4485610">
    <ele>3.9</ele>
    <time>2025-05-13T06:39:56Z</time>
   </trkpt>
   <trkpt lat="43.3169070" lon="3.4485720">
    <ele>4.0</ele>
    <time>2025-05-13T06:39:57Z</time>
   </trkpt>
   <trkpt lat="43.3169030" lon="3.4485950">
    <ele>4.0</ele>
    <time>2025-05-13T06:39:58Z</time>
   </trkpt>
   <trkpt lat="43.3169050" lon="3.4486200">
    <ele>4.1</ele>
    <time>2025-05-13T06:39:59Z</time>
   </trkpt>
   <trkpt lat="43.3169120" lon="3.4486630">
    <ele>4.2</ele>
    <time>2025-05-13T06:40:00Z</time>
   </trkpt>
   <trkpt lat="43.3169150" lon="3.4486800">
    <ele>4.3</ele>
    <time>2025-05-13T06:40:01Z</time>
   </trkpt>
   <trkpt lat="43.3169250" lon="3.4487190">
    <ele>4.4</ele>
    <time>2025-05-13T06:40:02Z</time>
   </trkpt>
   <trkpt lat="43.3169330" lon="3.4487630">
    <ele>4.5</ele>
    <time>2025-05-13T06:40:03Z</time>
   </trkpt>
   <trkpt lat="43.3169390" lon="3.4488060">
    <ele>4.5</ele>
    <time>2025-05-13T06:40:04Z</time>
   </trkpt>
   <trkpt lat="43.3169470" lon="3.4488450">
    <ele>4.6</ele>
    <time>2025-05-13T06:40:05Z</time>
   </trkpt>
   <trkpt lat="43.3169520" lon="3.4488830">
    <ele>4.6</ele>
    <time>2025-05-13T06:40:06Z</time>
   </trkpt>
   <trkpt lat="43.3169580" lon="3.4489400">
    <ele>4.7</ele>
    <time>2025-05-13T06:40:07Z</time>
   </trkpt>
   <trkpt lat="43.3169610" lon="3.4489610">
    <ele>4.7</ele>
    <time>2025-05-13T06:40:08Z</time>
   </trkpt>
   <trkpt lat="43.3169680" lon="3.4490000">
    <ele>4.7</ele>
    <time>2025-05-13T06:40:09Z</time>
   </trkpt>
   <trkpt lat="43.3169790" lon="3.4490400">
    <ele>4.7</ele>
    <time>2025-05-13T06:40:10Z</time>
   </trkpt>
   <trkpt lat="43.3169880" lon="3.4490820">
    <ele>4.8</ele>
    <time>2025-05-13T06:40:11Z</time>
   </trkpt>
   <trkpt lat="43.3169950" lon="3.4491260">
    <ele>4.8</ele>
    <time>2025-05-13T06:40:12Z</time>
   </trkpt>
   <trkpt lat="43.3170000" lon="3.4491710">
    <ele>4.8</ele>
    <time>2025-05-13T06:40:13Z</time>
   </trkpt>
   <trkpt lat="43.3170100" lon="3.4492160">
    <ele>4.8</ele>
    <time>2025-05-13T06:40:14Z</time>
   </trkpt>
   <trkpt lat="43.3170200" lon="3.4492650">
    <ele>4.8</ele>
    <time>2025-05-13T06:40:15Z</time>
   </trkpt>
   <trkpt lat="43.3170270" lon="3.4493160">
    <ele>4.8</ele>
    <time>2025-05-13T06:40:16Z</time>
   </trkpt>
   <trkpt lat="43.3170380" lon="3.4493670">
    <ele>4.8</ele>
    <time>2025-05-13T06:40:17Z</time>
   </trkpt>
   <trkpt lat="43.3170470" lon="3.4494200">
    <ele>4.8</ele>
    <time>2025-05-13T06:40:18Z</time>
   </trkpt>
   <trkpt lat="43.3170530" lon="3.4494810">
    <ele>4.8</ele>
    <time>2025-05-13T06:40:19Z</time>
   </trkpt>
   <trkpt lat="43.3170620" lon="3.4495440">
    <ele>4.8</ele>
    <time>2025-05-13T06:40:20Z</time>
   </trkpt>
   <trkpt lat="43.3170720" lon="3.4496030">
    <ele>4.8</ele>
    <time>2025-05-13T06:40:21Z</time>
   </trkpt>
   <trkpt lat="43.3170830" lon="3.4496590">
    <ele>4.8</ele>
    <time>2025-05-13T06:40:22Z</time>
   </trkpt>
   <trkpt lat="43.3170900" lon="3.4497130">
    <ele>4.8</ele>
    <time>2025-05-13T06:40:23Z</time>
   </trkpt>
   <trkpt lat="43.3171020" lon="3.4497650">
    <ele>4.8</ele>
    <time>2025-05-13T06:40:24Z</time>
   </trkpt>
   <trkpt lat="43.3171120" lon="3.4498190">
    <ele>4.8</ele>
    <time>2025-05-13T06:40:25Z</time>
   </trkpt>
   <trkpt lat="43.3171250" lon="3.4498760">
    <ele>4.8</ele>
    <time>2025-05-13T06:40:26Z</time>
   </trkpt>
   <trkpt lat="43.3171360" lon="3.4499350">
    <ele>4.8</ele>
    <time>2025-05-13T06:40:27Z</time>
   </trkpt>
   <trkpt lat="43.3171450" lon="3.4499930">
    <ele>4.8</ele>
    <time>2025-05-13T06:40:28Z</time>
   </trkpt>
   <trkpt lat="43.3171530" lon="3.4500470">
    <ele>4.8</ele>
    <time>2025-05-13T06:40:29Z</time>
   </trkpt>
   <trkpt lat="43.3171630" lon="3.4500970">
    <ele>4.7</ele>
    <time>2025-05-13T06:40:30Z</time>
   </trkpt>
   <trkpt lat="43.3171780" lon="3.4501470">
    <ele>4.7</ele>
    <time>2025-05-13T06:40:31Z</time>
   </trkpt>
   <trkpt lat="43.3171900" lon="3.4501980">
    <ele>4.7</ele>
    <time>2025-05-13T06:40:32Z</time>
   </trkpt>
   <trkpt lat="43.3172020" lon="3.4502540">
    <ele>4.7</ele>
    <time>2025-05-13T06:40:33Z</time>
   </trkpt>
   <trkpt lat="43.3172120" lon="3.4503090">
    <ele>4.7</ele>
    <time>2025-05-13T06:40:34Z</time>
   </trkpt>
   <trkpt lat="43.3172200" lon="3.4503680">
    <ele>4.7</ele>
    <time>2025-05-13T06:40:35Z</time>
   </trkpt>
   <trkpt lat="43.3172290" lon="3.4504310">
    <ele>4.7</ele>
    <time>2025-05-13T06:40:36Z</time>
   </trkpt>
   <trkpt lat="43.3172380" lon="3.4504960">
    <ele>4.7</ele>
    <time>2025-05-13T06:40:37Z</time>
   </trkpt>
   <trkpt lat="43.3172480" lon="3.4505580">
    <ele>4.7</ele>
    <time>2025-05-13T06:40:38Z</time>
   </trkpt>
   <trkpt lat="43.3172590" lon="3.4506210">
    <ele>4.8</ele>
    <time>2025-05-13T06:40:39Z</time>
   </trkpt>
   <trkpt lat="43.3172700" lon="3.4506830">
    <ele>4.8</ele>
    <time>2025-05-13T06:40:40Z</time>
   </trkpt>
   <trkpt lat="43.3172810" lon="3.4507420">
    <ele>4.8</ele>
    <time>2025-05-13T06:40:41Z</time>
   </trkpt>
   <trkpt lat="43.3172900" lon="3.4508020">
    <ele>4.8</ele>
    <time>2025-05-13T06:40:42Z</time>
   </trkpt>
   <trkpt lat="43.3173000" lon="3.4508590">
    <ele>4.8</ele>
    <time>2025-05-13T06:40:43Z</time>
   </trkpt>
   <trkpt lat="43.3173070" lon="3.4509120">
    <ele>4.8</ele>
    <time>2025-05-13T06:40:44Z</time>
   </trkpt>
   <trkpt lat="43.3173100" lon="3.4509620">
    <ele>4.8</ele>
    <time>2025-05-13T06:40:45Z</time>
   </trkpt>
   <trkpt lat="43.3173140" lon="3.4510180">
    <ele>4.8</ele>
    <time>2025-05-13T06:40:46Z</time>
   </trkpt>
   <trkpt lat="43.3173160" lon="3.4510730">
    <ele>4.8</ele>
    <time>2025-05-13T06:40:47Z</time>
   </trkpt>
   <trkpt lat="43.3173180" lon="3.4511300">
    <ele>4.8</ele>
    <time>2025-05-13T06:40:48Z</time>
   </trkpt>
   <trkpt lat="43.3173210" lon="3.4511840">
    <ele>4.7</ele>
    <time>2025-05-13T06:40:49Z</time>
   </trkpt>
   <trkpt lat="43.3173250" lon="3.4512370">
    <ele>4.7</ele>
    <time>2025-05-13T06:40:50Z</time>
   </trkpt>
   <trkpt lat="43.3173320" lon="3.4512840">
    <ele>4.7</ele>
    <time>2025-05-13T06:40:51Z</time>
   </trkpt>
   <trkpt lat="43.3173410" lon="3.4513290">
    <ele>4.7</ele>
    <time>2025-05-13T06:40:52Z</time>
   </trkpt>
   <trkpt lat="43.3173530" lon="3.4513720">
    <ele>4.7</ele>
    <time>2025-05-13T06:40:53Z</time>
   </trkpt>
   <trkpt lat="43.3173620" lon="3.4514170">
    <ele>4.7</ele>
    <time>2025-05-13T06:40:54Z</time>
   </trkpt>
   <trkpt lat="43.3173700" lon="3.4514660">
    <ele>4.6</ele>
    <time>2025-05-13T06:40:55Z</time>
   </trkpt>
   <trkpt lat="43.3173800" lon="3.4515200">
    <ele>4.6</ele>
    <time>2025-05-13T06:40:56Z</time>
   </trkpt>
   <trkpt lat="43.3173910" lon="3.4515700">
    <ele>4.6</ele>
    <time>2025-05-13T06:40:57Z</time>
   </trkpt>
   <trkpt lat="43.3174010" lon="3.4516230">
    <ele>4.6</ele>
    <time>2025-05-13T06:40:58Z</time>
   </trkpt>
   <trkpt lat="43.3174080" lon="3.4516750">
    <ele>4.6</ele>
    <time>2025-05-13T06:40:59Z</time>
   </trkpt>
   <trkpt lat="43.3174150" lon="3.4517260">
    <ele>4.5</ele>
    <time>2025-05-13T06:41:00Z</time>
   </trkpt>
   <trkpt lat="43.3174230" lon="3.4517790">
    <ele>4.5</ele>
    <time>2025-05-13T06:41:01Z</time>
   </trkpt>
   <trkpt lat="43.3174330" lon="3.4518330">
    <ele>4.5</ele>
    <time>2025-05-13T06:41:02Z</time>
   </trkpt>
   <trkpt lat="43.3174430" lon="3.4518860">
    <ele>4.5</ele>
    <time>2025-05-13T06:41:03Z</time>
   </trkpt>
   <trkpt lat="43.3174530" lon="3.4519370">
    <ele>4.5</ele>
    <time>2025-05-13T06:41:04Z</time>
   </trkpt>
   <trkpt lat="43.3174650" lon="3.4519880">
    <ele>4.5</ele>
    <time>2025-05-13T06:41:05Z</time>
   </trkpt>
   <trkpt lat="43.3174720" lon="3.4520370">
    <ele>4.5</ele>
    <time>2025-05-13T06:41:06Z</time>
   </trkpt>
   <trkpt lat="43.3174770" lon="3.4520860">
    <ele>4.5</ele>
    <time>2025-05-13T06:41:07Z</time>
   </trkpt>
   <trkpt lat="43.3174800" lon="3.4521350">
    <ele>4.4</ele>
    <time>2025-05-13T06:41:08Z</time>
   </trkpt>
   <trkpt lat="43.3174890" lon="3.4521880">
    <ele>4.4</ele>
    <time>2025-05-13T06:41:09Z</time>
   </trkpt>
   <trkpt lat="43.3175000" lon="3.4522370">
    <ele>4.4</ele>
    <time>2025-05-13T06:41:10Z</time>
   </trkpt>
   <trkpt lat="43.3175110" lon="3.4522870">
    <ele>4.4</ele>
    <time>2025-05-13T06:41:11Z</time>
   </trkpt>
   <trkpt lat="43.3175240" lon="3.4523400">
    <ele>4.4</ele>
    <time>2025-05-13T06:41:12Z</time>
   </trkpt>
   <trkpt lat="43.3175330" lon="3.4523960">
    <ele>4.4</ele>
    <time>2025-05-13T06:41:13Z</time>
   </trkpt>
   <trkpt lat="43.3175380" lon="3.4524510">
    <ele>4.4</ele>
    <time>2025-05-13T06:41:14Z</time>
   </trkpt>
   <trkpt lat="43.3175440" lon="3.4525010">
    <ele>4.3</ele>
    <time>2025-05-13T06:41:15Z</time>
   </trkpt>
   <trkpt lat="43.3175430" lon="3.4525460">
    <ele>4.3</ele>
    <time>2025-05-13T06:41:16Z</time>
   </trkpt>
   <trkpt lat="43.3175460" lon="3.4525890">
    <ele>4.3</ele>
    <time>2025-05-13T06:41:17Z</time>
   </trkpt>
   <trkpt lat="43.3175490" lon="3.4526290">
    <ele>4.3</ele>
    <time>2025-05-13T06:41:18Z</time>
   </trkpt>
   <trkpt lat="43.3175550" lon="3.4526650">
    <ele>4.2</ele>
    <time>2025-05-13T06:41:19Z</time>
   </trkpt>
   <trkpt lat="43.3175650" lon="3.4527050">
    <ele>4.2</ele>
    <time>2025-05-13T06:41:20Z</time>
   </trkpt>
   <trkpt lat="43.3175680" lon="3.4527170">
    <ele>4.1</ele>
    <time>2025-05-13T06:41:21Z</time>
   </trkpt>
   <trkpt lat="43.3175750" lon="3.4527310">
    <ele>4.1</ele>
    <time>2025-05-13T06:41:22Z</time>
   </trkpt>
   <trkpt lat="43.3175800" lon="3.4527420">
    <ele>4.1</ele>
    <time>2025-05-13T06:41:23Z</time>
   </trkpt>
   <trkpt lat="43.3175860" lon="3.4527540">
    <ele>4.0</ele>
    <time>2025-05-13T06:41:24Z</time>
   </trkpt>
   <trkpt lat="43.3175880" lon="3.4527690">
    <ele>4.0</ele>
    <time>2025-05-13T06:41:25Z</time>
   </trkpt>
   <trkpt lat="43.3175960" lon="3.4527900">
    <ele>3.9</ele>
    <time>2025-05-13T06:41:26Z</time>
   </trkpt>
   <trkpt lat="43.3176080" lon="3.4528240">
    <ele>3.8</ele>
    <time>2025-05-13T06:41:27Z</time>
   </trkpt>
   <trkpt lat="43.3176150" lon="3.4528760">
    <ele>3.7</ele>
    <time>2025-05-13T06:41:28Z</time>
   </trkpt>
   <trkpt lat="43.3176260" lon="3.4529400">
    <ele>3.6</ele>
    <time>2025-05-13T06:41:29Z</time>
   </trkpt>
   <trkpt lat="43.3176350" lon="3.4530020">
    <ele>3.5</ele>
    <time>2025-05-13T06:41:30Z</time>
   </trkpt>
   <trkpt lat="43.3176420" lon="3.4530560">
    <ele>3.4</ele>
    <time>2025-05-13T06:41:31Z</time>
   </trkpt>
   <trkpt lat="43.3176520" lon="3.4531060">
    <ele>3.4</ele>
    <time>2025-05-13T06:41:32Z</time>
   </trkpt>
   <trkpt lat="43.3176690" lon="3.4531620">
    <ele>3.5</ele>
    <time>2025-05-13T06:41:33Z</time>
   </trkpt>
   <trkpt lat="43.3176780" lon="3.4532180">
    <ele>3.6</ele>
    <time>2025-05-13T06:41:34Z</time>
   </trkpt>
   <trkpt lat="43.3176850" lon="3.4532720">
    <ele>3.7</ele>
    <time>2025-05-13T06:41:35Z</time>
   </trkpt>
   <trkpt lat="43.3176830" lon="3.4533210">
    <ele>3.8</ele>
    <time>2025-05-13T06:41:36Z</time>
   </trkpt>
   <trkpt lat="43.3176870" lon="3.4533590">
    <ele>4.0</ele>
    <time>2025-05-13T06:41:37Z</time>
   </trkpt>
   <trkpt lat="43.3176960" lon="3.4534100">
    <ele>4.1</ele>
    <time>2025-05-13T06:41:38Z</time>
   </trkpt>
   <trkpt lat="43.3176990" lon="3.4534290">
    <ele>4.2</ele>
    <time>2025-05-13T06:41:39Z</time>
   </trkpt>
   <trkpt lat="43.3177070" lon="3.4534690">
    <ele>4.3</ele>
    <time>2025-05-13T06:41:40Z</time>
   </trkpt>
   <trkpt lat="43.3177180" lon="3.4535140">
    <ele>4.4</ele>
    <time>2025-05-13T06:41:41Z</time>
   </trkpt>
   <trkpt lat="43.3177300" lon="3.4535640">
    <ele>4.5</ele>
    <time>2025-05-13T06:41:42Z</time>
   </trkpt>
   <trkpt lat="43.3177370" lon="3.4536190">
    <ele>4.6</ele>
    <time>2025-05-13T06:41:43Z</time>
   </trkpt>
   <trkpt lat="43.3177470" lon="3.4536760">
    <ele>4.7</ele>
    <time>2025-05-13T06:41:44Z</time>
   </trkpt>
   <trkpt lat="43.3177580" lon="3.4537330">
    <ele>4.8</ele>
    <time>2025-05-13T06:41:45Z</time>
   </trkpt>
   <trkpt lat="43.3177710" lon="3.4537930">
    <ele>4.8</ele>
    <time>2025-05-13T06:41:46Z</time>
   </trkpt>
   <trkpt lat="43.3177830" lon="3.4538530">
    <ele>4.8</ele>
    <time>2025-05-13T06:41:47Z</time>
   </trkpt>
   <trkpt lat="43.3177900" lon="3.4539090">
    <ele>4.8</ele>
    <time>2025-05-13T06:41:48Z</time>
   </trkpt>
   <trkpt lat="43.3177920" lon="3.4539550">
    <ele>4.7</ele>
    <time>2025-05-13T06:41:49Z</time>
   </trkpt>
   <trkpt lat="43.3178000" lon="3.4539980">
    <ele>4.6</ele>
    <time>2025-05-13T06:41:50Z</time>
   </trkpt>
   <trkpt lat="43.3178020" lon="3.4540090">
    <ele>4.6</ele>
    <time>2025-05-13T06:41:51Z</time>
   </trkpt>
   <trkpt lat="43.3178180" lon="3.4540470">
    <ele>4.5</ele>
    <time>2025-05-13T06:41:52Z</time>
   </trkpt>
   <trkpt lat="43.3178240" lon="3.4540600">
    <ele>4.4</ele>
    <time>2025-05-13T06:41:53Z</time>
   </trkpt>
   <trkpt lat="43.3178380" lon="3.4541040">
    <ele>4.3</ele>
    <time>2025-05-13T06:41:54Z</time>
   </trkpt>
   <trkpt lat="43.3178430" lon="3.4541210">
    <ele>4.2</ele>
    <time>2025-05-13T06:41:55Z</time>
   </trkpt>
   <trkpt lat="43.3178540" lon="3.4541690">
    <ele>4.1</ele>
    <time>2025-05-13T06:41:56Z</time>
   </trkpt>
   <trkpt lat="43.3178560" lon="3.4541850">
    <ele>4.0</ele>
    <time>2025-05-13T06:41:57Z</time>
   </trkpt>
   <trkpt lat="43.3178660" lon="3.4542400">
    <ele>3.9</ele>
    <time>2025-05-13T06:41:58Z</time>
   </trkpt>
   <trkpt lat="43.3178680" lon="3.4542610">
    <ele>3.9</ele>
    <time>2025-05-13T06:41:59Z</time>
   </trkpt>
   <trkpt lat="43.3178750" lon="3.4543060">
    <ele>3.8</ele>
    <time>2025-05-13T06:42:00Z</time>
   </trkpt>
   <trkpt lat="43.3178840" lon="3.4543540">
    <ele>3.7</ele>
    <time>2025-05-13T06:42:01Z</time>
   </trkpt>
   <trkpt lat="43.3178930" lon="3.4544030">
    <ele>3.7</ele>
    <time>2025-05-13T06:42:02Z</time>
   </trkpt>
   <trkpt lat="43.3179030" lon="3.4544560">
    <ele>3.7</ele>
    <time>2025-05-13T06:42:03Z</time>
   </trkpt>
   <trkpt lat="43.3179140" lon="3.4545090">
    <ele>3.7</ele>
    <time>2025-05-13T06:42:04Z</time>
   </trkpt>
   <trkpt lat="43.3179220" lon="3.4545650">
    <ele>3.8</ele>
    <time>2025-05-13T06:42:05Z</time>
   </trkpt>
   <trkpt lat="43.3179300" lon="3.4546170">
    <ele>3.9</ele>
    <time>2025-05-13T06:42:06Z</time>
   </trkpt>
   <trkpt lat="43.3179310" lon="3.4546730">
    <ele>4.0</ele>
    <time>2025-05-13T06:42:07Z</time>
   </trkpt>
   <trkpt lat="43.3179260" lon="3.4547230">
    <ele>4.1</ele>
    <time>2025-05-13T06:42:08Z</time>
   </trkpt>
   <trkpt lat="43.3179240" lon="3.4547670">
    <ele>4.2</ele>
    <time>2025-05-13T06:42:09Z</time>
   </trkpt>
   <trkpt lat="43.3179280" lon="3.4548080">
    <ele>4.3</ele>
    <time>2025-05-13T06:42:10Z</time>
   </trkpt>
   <trkpt lat="43.3179360" lon="3.4548470">
    <ele>4.4</ele>
    <time>2025-05-13T06:42:11Z</time>
   </trkpt>
   <trkpt lat="43.3179460" lon="3.4548870">
    <ele>4.5</ele>
    <time>2025-05-13T06:42:12Z</time>
   </trkpt>
   <trkpt lat="43.3179550" lon="3.4549300">
    <ele>4.6</ele>
    <time>2025-05-13T06:42:13Z</time>
   </trkpt>
   <trkpt lat="43.3179650" lon="3.4549780">
    <ele>4.7</ele>
    <time>2025-05-13T06:42:14Z</time>
   </trkpt>
   <trkpt lat="43.3179740" lon="3.4550280">
    <ele>4.7</ele>
    <time>2025-05-13T06:42:15Z</time>
   </trkpt>
   <trkpt lat="43.3179850" lon="3.4550780">
    <ele>4.8</ele>
    <time>2025-05-13T06:42:16Z</time>
   </trkpt>
   <trkpt lat="43.3179950" lon="3.4551340">
    <ele>4.8</ele>
    <time>2025-05-13T06:42:17Z</time>
   </trkpt>
   <trkpt lat="43.3180030" lon="3.4551940">
    <ele>4.8</ele>
    <time>2025-05-13T06:42:18Z</time>
   </trkpt>
   <trkpt lat="43.3180130" lon="3.4552530">
    <ele>4.8</ele>
    <time>2025-05-13T06:42:19Z</time>
   </trkpt>
   <trkpt lat="43.3180280" lon="3.4553160">
    <ele>4.8</ele>
    <time>2025-05-13T06:42:20Z</time>
   </trkpt>
   <trkpt lat="43.3180360" lon="3.4553770">
    <ele>4.8</ele>
    <time>2025-05-13T06:42:21Z</time>
   </trkpt>
   <trkpt lat="43.3180440" lon="3.4554360">
    <ele>4.8</ele>
    <time>2025-05-13T06:42:22Z</time>
   </trkpt>
   <trkpt lat="43.3180520" lon="3.4554930">
    <ele>4.8</ele>
    <time>2025-05-13T06:42:23Z</time>
   </trkpt>
   <trkpt lat="43.3180600" lon="3.4555480">
    <ele>4.7</ele>
    <time>2025-05-13T06:42:24Z</time>
   </trkpt>
   <trkpt lat="43.3180690" lon="3.4556050">
    <ele>4.7</ele>
    <time>2025-05-13T06:42:25Z</time>
   </trkpt>
   <trkpt lat="43.3180810" lon="3.4556600">
    <ele>4.7</ele>
    <time>2025-05-13T06:42:26Z</time>
   </trkpt>
   <trkpt lat="43.3180920" lon="3.4557110">
    <ele>4.6</ele>
    <time>2025-05-13T06:42:27Z</time>
   </trkpt>
   <trkpt lat="43.3181000" lon="3.4557600">
    <ele>4.6</ele>
    <time>2025-05-13T06:42:28Z</time>
   </trkpt>
   <trkpt lat="43.3181070" lon="3.4558110">
    <ele>4.6</ele>
    <time>2025-05-13T06:42:29Z</time>
   </trkpt>
   <trkpt lat="43.3181150" lon="3.4558690">
    <ele>4.6</ele>
    <time>2025-05-13T06:42:30Z</time>
   </trkpt>
   <trkpt lat="43.3181240" lon="3.4559310">
    <ele>4.6</ele>
    <time>2025-05-13T06:42:31Z</time>
   </trkpt>
   <trkpt lat="43.3181310" lon="3.4559870">
    <ele>4.6</ele>
    <time>2025-05-13T06:42:32Z</time>
   </trkpt>
   <trkpt lat="43.3181380" lon="3.4560400">
    <ele>4.6</ele>
    <time>2025-05-13T06:42:33Z</time>
   </trkpt>
   <trkpt lat="43.3181410" lon="3.4560960">
    <ele>4.6</ele>
    <time>2025-05-13T06:42:34Z</time>
   </trkpt>
   <trkpt lat="43.3181460" lon="3.4561540">
    <ele>4.6</ele>
    <time>2025-05-13T06:42:35Z</time>
   </trkpt>
   <trkpt lat="43.3181560" lon="3.4562080">
    <ele>4.7</ele>
    <time>2025-05-13T06:42:36Z</time>
   </trkpt>
   <trkpt lat="43.3181630" lon="3.4562630">
    <ele>4.7</ele>
    <time>2025-05-13T06:42:37Z</time>
   </trkpt>
   <trkpt lat="43.3181700" lon="3.4563190">
    <ele>4.7</ele>
    <time>2025-05-13T06:42:38Z</time>
   </trkpt>
   <trkpt lat="43.3181790" lon="3.4563730">
    <ele>4.8</ele>
    <time>2025-05-13T06:42:39Z</time>
   </trkpt>
   <trkpt lat="43.3181880" lon="3.4564280">
    <ele>4.8</ele>
    <time>2025-05-13T06:42:40Z</time>
   </trkpt>
   <trkpt lat="43.3182010" lon="3.4564820">
    <ele>4.8</ele>
    <time>2025-05-13T06:42:41Z</time>
   </trkpt>
   <trkpt lat="43.3182160" lon="3.4565410">
    <ele>4.8</ele>
    <time>2025-05-13T06:42:42Z</time>
   </trkpt>
   <trkpt lat="43.3182280" lon="3.4566050">
    <ele>4.8</ele>
    <time>2025-05-13T06:42:43Z</time>
   </trkpt>
   <trkpt lat="43.3182400" lon="3.4566710">
    <ele>4.8</ele>
    <time>2025-05-13T06:42:44Z</time>
   </trkpt>
   <trkpt lat="43.3182470" lon="3.4567400">
    <ele>4.8</ele>
    <time>2025-05-13T06:42:45Z</time>
   </trkpt>
   <trkpt lat="43.3182570" lon="3.4568080">
    <ele>4.8</ele>
    <time>2025-05-13T06:42:46Z</time>
   </trkpt>
   <trkpt lat="43.3182700" lon="3.4568800">
    <ele>4.9</ele>
    <time>2025-05-13T06:42:47Z</time>
   </trkpt>
   <trkpt lat="43.3182830" lon="3.4569510">
    <ele>4.9</ele>
    <time>2025-05-13T06:42:48Z</time>
   </trkpt>
   <trkpt lat="43.3182910" lon="3.4570210">
    <ele>4.9</ele>
    <time>2025-05-13T06:42:49Z</time>
   </trkpt>
   <trkpt lat="43.3183020" lon="3.4570840">
    <ele>5.0</ele>
    <time>2025-05-13T06:42:50Z</time>
   </trkpt>
   <trkpt lat="43.3183140" lon="3.4571500">
    <ele>5.0</ele>
    <time>2025-05-13T06:42:51Z</time>
   </trkpt>
   <trkpt lat="43.3183250" lon="3.4572130">
    <ele>5.1</ele>
    <time>2025-05-13T06:42:52Z</time>
   </trkpt>
   <trkpt lat="43.3183350" lon="3.4572750">
    <ele>5.1</ele>
    <time>2025-05-13T06:42:53Z</time>
   </trkpt>
   <trkpt lat="43.3183470" lon="3.4573370">
    <ele>5.1</ele>
    <time>2025-05-13T06:42:54Z</time>
   </trkpt>
   <trkpt lat="43.3183570" lon="3.4574030">
    <ele>5.2</ele>
    <time>2025-05-13T06:42:55Z</time>
   </trkpt>
   <trkpt lat="43.3183670" lon="3.4574710">
    <ele>5.2</ele>
    <time>2025-05-13T06:42:56Z</time>
   </trkpt>
   <trkpt lat="43.3183800" lon="3.4575350">
    <ele>5.2</ele>
    <time>2025-05-13T06:42:57Z</time>
   </trkpt>
   <trkpt lat="43.3183920" lon="3.4576000">
    <ele>5.1</ele>
    <time>2025-05-13T06:42:58Z</time>
   </trkpt>
   <trkpt lat="43.3184020" lon="3.4576740">
    <ele>5.1</ele>
    <time>2025-05-13T06:42:59Z</time>
   </trkpt>
   <trkpt lat="43.3184130" lon="3.4577450">
    <ele>5.1</ele>
    <time>2025-05-13T06:43:00Z</time>
   </trkpt>
   <trkpt lat="43.3184240" lon="3.4578150">
    <ele>5.1</ele>
    <time>2025-05-13T06:43:01Z</time>
   </trkpt>
   <trkpt lat="43.3184370" lon="3.4578930">
    <ele>5.1</ele>
    <time>2025-05-13T06:43:02Z</time>
   </trkpt>
   <trkpt lat="43.3184470" lon="3.4579680">
    <ele>5.1</ele>
    <time>2025-05-13T06:43:03Z</time>
   </trkpt>
   <trkpt lat="43.3184550" lon="3.4580400">
    <ele>5.0</ele>
    <time>2025-05-13T06:43:04Z</time>
   </trkpt>
   <trkpt lat="43.3184640" lon="3.4581140">
    <ele>5.0</ele>
    <time>2025-05-13T06:43:05Z</time>
   </trkpt>
   <trkpt lat="43.3184820" lon="3.4581900">
    <ele>4.9</ele>
    <time>2025-05-13T06:43:06Z</time>
   </trkpt>
   <trkpt lat="43.3184960" lon="3.4582710">
    <ele>4.9</ele>
    <time>2025-05-13T06:43:07Z</time>
   </trkpt>
   <trkpt lat="43.3185040" lon="3.4583560">
    <ele>4.8</ele>
    <time>2025-05-13T06:43:08Z</time>
   </trkpt>
   <trkpt lat="43.3185140" lon="3.4584380">
    <ele>4.7</ele>
    <time>2025-05-13T06:43:09Z</time>
   </trkpt>
   <trkpt lat="43.3185250" lon="3.4585160">
    <ele>4.7</ele>
    <time>2025-05-13T06:43:10Z</time>
   </trkpt>
   <trkpt lat="43.3185360" lon="3.4585890">
    <ele>4.6</ele>
    <time>2025-05-13T06:43:11Z</time>
   </trkpt>
   <trkpt lat="43.3185480" lon="3.4586540">
    <ele>4.5</ele>
    <time>2025-05-13T06:43:12Z</time>
   </trkpt>
   <trkpt lat="43.3185660" lon="3.4587060">
    <ele>4.4</ele>
    <time>2025-05-13T06:43:13Z</time>
   </trkpt>
   <trkpt lat="43.3185840" lon="3.4587440">
    <ele>4.3</ele>
    <time>2025-05-13T06:43:14Z</time>
   </trkpt>
   <trkpt lat="43.3186030" lon="3.4587820">
    <ele>4.3</ele>
    <time>2025-05-13T06:43:15Z</time>
   </trkpt>
   <trkpt lat="43.3186140" lon="3.4588190">
    <ele>4.2</ele>
    <time>2025-05-13T06:43:16Z</time>
   </trkpt>
   <trkpt lat="43.3186230" lon="3.4588550">
    <ele>4.2</ele>
    <time>2025-05-13T06:43:17Z</time>
   </trkpt>
   <trkpt lat="43.3186290" lon="3.4588940">
    <ele>4.2</ele>
    <time>2025-05-13T06:43:18Z</time>
   </trkpt>
   <trkpt lat="43.3186340" lon="3.4589450">
    <ele>4.2</ele>
    <time>2025-05-13T06:43:19Z</time>
   </trkpt>
   <trkpt lat="43.3186370" lon="3.4589600">
    <ele>4.2</ele>
    <time>2025-05-13T06:43:20Z</time>
   </trkpt>
   <trkpt lat="43.3186480" lon="3.4590120">
    <ele>4.2</ele>
    <time>2025-05-13T06:43:21Z</time>
   </trkpt>
   <trkpt lat="43.3186510" lon="3.4590310">
    <ele>4.2</ele>
    <time>2025-05-13T06:43:22Z</time>
   </trkpt>
   <trkpt lat="43.3186510" lon="3.4590700">
    <ele>4.3</ele>
    <time>2025-05-13T06:43:23Z</time>
   </trkpt>
   <trkpt lat="43.3186540" lon="3.4591150">
    <ele>4.3</ele>
    <time>2025-05-13T06:43:24Z</time>
   </trkpt>
   <trkpt lat="43.3186560" lon="3.4591610">
    <ele>4.3</ele>
    <time>2025-05-13T06:43:25Z</time>
   </trkpt>
   <trkpt lat="43.3186550" lon="3.4592170">
    <ele>4.4</ele>
    <time>2025-05-13T06:43:26Z</time>
   </trkpt>
   <trkpt lat="43.3186560" lon="3.4592360">
    <ele>4.4</ele>
    <time>2025-05-13T06:43:27Z</time>
   </trkpt>
   <trkpt lat="43.3186620" lon="3.4592780">
    <ele>4.5</ele>
    <time>2025-05-13T06:43:28Z</time>
   </trkpt>
   <trkpt lat="43.3186740" lon="3.4593210">
    <ele>4.5</ele>
    <time>2025-05-13T06:43:29Z</time>
   </trkpt>
   <trkpt lat="43.3186850" lon="3.4593670">
    <ele>4.5</ele>
    <time>2025-05-13T06:43:30Z</time>
   </trkpt>
   <trkpt lat="43.3186910" lon="3.4594130">
    <ele>4.6</ele>
    <time>2025-05-13T06:43:31Z</time>
   </trkpt>
   <trkpt lat="43.3186970" lon="3.4594580">
    <ele>4.6</ele>
    <time>2025-05-13T06:43:32Z</time>
   </trkpt>
   <trkpt lat="43.3187020" lon="3.4595100">
    <ele>4.6</ele>
    <time>2025-05-13T06:43:33Z</time>
   </trkpt>
   <trkpt lat="43.3187090" lon="3.4595620">
    <ele>4.6</ele>
    <time>2025-05-13T06:43:34Z</time>
   </trkpt>
   <trkpt lat="43.3187190" lon="3.4596150">
    <ele>4.7</ele>
    <time>2025-05-13T06:43:35Z</time>
   </trkpt>
   <trkpt lat="43.3187310" lon="3.4596750">
    <ele>4.7</ele>
    <time>2025-05-13T06:43:36Z</time>
   </trkpt>
   <trkpt lat="43.3187430" lon="3.4597370">
    <ele>4.7</ele>
    <time>2025-05-13T06:43:37Z</time>
   </trkpt>
   <trkpt lat="43.3187530" lon="3.4598020">
    <ele>4.8</ele>
    <time>2025-05-13T06:43:38Z</time>
   </trkpt>
   <trkpt lat="43.3187660" lon="3.4598680">
    <ele>4.8</ele>
    <time>2025-05-13T06:43:39Z</time>
   </trkpt>
   <trkpt lat="43.3187770" lon="3.4599370">
    <ele>4.9</ele>
    <time>2025-05-13T06:43:40Z</time>
   </trkpt>
   <trkpt lat="43.3187840" lon="3.4600060">
    <ele>4.9</ele>
    <time>2025-05-13T06:43:41Z</time>
   </trkpt>
   <trkpt lat="43.3187950" lon="3.4600790">
    <ele>4.9</ele>
    <time>2025-05-13T06:43:42Z</time>
   </trkpt>
   <trkpt lat="43.3188030" lon="3.4601560">
    <ele>4.9</ele>
    <time>2025-05-13T06:43:43Z</time>
   </trkpt>
   <trkpt lat="43.3188170" lon="3.4602340">
    <ele>4.9</ele>
    <time>2025-05-13T06:43:44Z</time>
   </trkpt>
   <trkpt lat="43.3188290" lon="3.4603110">
    <ele>5.0</ele>
    <time>2025-05-13T06:43:45Z</time>
   </trkpt>
   <trkpt lat="43.3188420" lon="3.4603860">
    <ele>5.0</ele>
    <time>2025-05-13T06:43:46Z</time>
   </trkpt>
   <trkpt lat="43.3188570" lon="3.4604610">
    <ele>5.1</ele>
    <time>2025-05-13T06:43:47Z</time>
   </trkpt>
   <trkpt lat="43.3188690" lon="3.4605330">
    <ele>5.1</ele>
    <time>2025-05-13T06:43:48Z</time>
   </trkpt>
   <trkpt lat="43.3188800" lon="3.4606070">
    <ele>5.2</ele>
    <time>2025-05-13T06:43:49Z</time>
   </trkpt>
   <trkpt lat="43.3188910" lon="3.4606850">
    <ele>5.2</ele>
    <time>2025-05-13T06:43:50Z</time>
   </trkpt>
   <trkpt lat="43.3189050" lon="3.4607600">
    <ele>5.2</ele>
    <time>2025-05-13T06:43:51Z</time>
   </trkpt>
   <trkpt lat="43.3189190" lon="3.4608400">
    <ele>5.2</ele>
    <time>2025-05-13T06:43:52Z</time>
   </trkpt>
   <trkpt lat="43.3189330" lon="3.4609160">
    <ele>5.2</ele>
    <time>2025-05-13T06:43:53Z</time>
   </trkpt>
   <trkpt lat="43.3189490" lon="3.4609930">
    <ele>5.2</ele>
    <time>2025-05-13T06:43:54Z</time>
   </trkpt>
   <trkpt lat="43.3189580" lon="3.4610690">
    <ele>5.2</ele>
    <time>2025-05-13T06:43:55Z</time>
   </trkpt>
   <trkpt lat="43.3189720" lon="3.4611450">
    <ele>5.2</ele>
    <time>2025-05-13T06:43:56Z</time>
   </trkpt>
   <trkpt lat="43.3189840" lon="3.4612200">
    <ele>5.1</ele>
    <time>2025-05-13T06:43:57Z</time>
   </trkpt>
   <trkpt lat="43.3189940" lon="3.4612960">
    <ele>5.1</ele>
    <time>2025-05-13T06:43:58Z</time>
   </trkpt>
   <trkpt lat="43.3190090" lon="3.4613750">
    <ele>5.1</ele>
    <time>2025-05-13T06:43:59Z</time>
   </trkpt>
   <trkpt lat="43.3190260" lon="3.4614570">
    <ele>5.1</ele>
    <time>2025-05-13T06:44:00Z</time>
   </trkpt>
   <trkpt lat="43.3190380" lon="3.4615380">
    <ele>5.1</ele>
    <time>2025-05-13T06:44:01Z</time>
   </trkpt>
   <trkpt lat="43.3190480" lon="3.4616170">
    <ele>5.1</ele>
    <time>2025-05-13T06:44:02Z</time>
   </trkpt>
   <trkpt lat="43.3190600" lon="3.4616950">
    <ele>5.1</ele>
    <time>2025-05-13T06:44:03Z</time>
   </trkpt>
   <trkpt lat="43.3190730" lon="3.4617700">
    <ele>5.2</ele>
    <time>2025-05-13T06:44:04Z</time>
   </trkpt>
   <trkpt lat="43.3190810" lon="3.4618440">
    <ele>5.2</ele>
    <time>2025-05-13T06:44:05Z</time>
   </trkpt>
   <trkpt lat="43.3190920" lon="3.4619180">
    <ele>5.3</ele>
    <time>2025-05-13T06:44:06Z</time>
   </trkpt>
   <trkpt lat="43.3191050" lon="3.4619870">
    <ele>5.3</ele>
    <time>2025-05-13T06:44:07Z</time>
   </trkpt>
   <trkpt lat="43.3191140" lon="3.4620600">
    <ele>5.4</ele>
    <time>2025-05-13T06:44:08Z</time>
   </trkpt>
   <trkpt lat="43.3191240" lon="3.4621340">
    <ele>5.4</ele>
    <time>2025-05-13T06:44:09Z</time>
   </trkpt>
   <trkpt lat="43.3191350" lon="3.4622100">
    <ele>5.4</ele>
    <time>2025-05-13T06:44:10Z</time>
   </trkpt>
   <trkpt lat="43.3191470" lon="3.4622880">
    <ele>5.4</ele>
    <time>2025-05-13T06:44:11Z</time>
   </trkpt>
   <trkpt lat="43.3191590" lon="3.4623660">
    <ele>5.4</ele>
    <time>2025-05-13T06:44:12Z</time>
   </trkpt>
   <trkpt lat="43.3191720" lon="3.4624490">
    <ele>5.4</ele>
    <time>2025-05-13T06:44:13Z</time>
   </trkpt>
   <trkpt lat="43.3191850" lon="3.4625280">
    <ele>5.4</ele>
    <time>2025-05-13T06:44:14Z</time>
   </trkpt>
   <trkpt lat="43.3192020" lon="3.4626020">
    <ele>5.5</ele>
    <time>2025-05-13T06:44:15Z</time>
   </trkpt>
   <trkpt lat="43.3192140" lon="3.4626720">
    <ele>5.5</ele>
    <time>2025-05-13T06:44:16Z</time>
   </trkpt>
   <trkpt lat="43.3192240" lon="3.4627450">
    <ele>5.5</ele>
    <time>2025-05-13T06:44:17Z</time>
   </trkpt>
   <trkpt lat="43.3192370" lon="3.4628200">
    <ele>5.5</ele>
    <time>2025-05-13T06:44:18Z</time>
   </trkpt>
   <trkpt lat="43.3192500" lon="3.4628890">
    <ele>5.6</ele>
    <time>2025-05-13T06:44:19Z</time>
   </trkpt>
   <trkpt lat="43.3192600" lon="3.4629630">
    <ele>5.6</ele>
    <time>2025-05-13T06:44:20Z</time>
   </trkpt>
   <trkpt lat="43.3192720" lon="3.4630350">
    <ele>5.7</ele>
    <time>2025-05-13T06:44:21Z</time>
   </trkpt>
   <trkpt lat="43.3192850" lon="3.4631020">
    <ele>5.7</ele>
    <time>2025-05-13T06:44:22Z</time>
   </trkpt>
   <trkpt lat="43.3193020" lon="3.4631700">
    <ele>5.7</ele>
    <time>2025-05-13T06:44:23Z</time>
   </trkpt>
   <trkpt lat="43.3193140" lon="3.4632320">
    <ele>5.7</ele>
    <time>2025-05-13T06:44:24Z</time>
   </trkpt>
   <trkpt lat="43.3193270" lon="3.4633020">
    <ele>5.7</ele>
    <time>2025-05-13T06:44:25Z</time>
   </trkpt>
   <trkpt lat="43.3193380" lon="3.4633730">
    <ele>5.7</ele>
    <time>2025-05-13T06:44:26Z</time>
   </trkpt>
   <trkpt lat="43.3193510" lon="3.4634480">
    <ele>5.7</ele>
    <time>2025-05-13T06:44:27Z</time>
   </trkpt>
   <trkpt lat="43.3193620" lon="3.4635220">
    <ele>5.7</ele>
    <time>2025-05-13T06:44:28Z</time>
   </trkpt>
   <trkpt lat="43.3193680" lon="3.4635950">
    <ele>5.7</ele>
    <time>2025-05-13T06:44:29Z</time>
   </trkpt>
   <trkpt lat="43.3193790" lon="3.4636650">
    <ele>5.7</ele>
    <time>2025-05-13T06:44:30Z</time>
   </trkpt>
   <trkpt lat="43.3193880" lon="3.4637350">
    <ele>5.7</ele>
    <time>2025-05-13T06:44:31Z</time>
   </trkpt>
   <trkpt lat="43.3193950" lon="3.4638070">
    <ele>5.6</ele>
    <time>2025-05-13T06:44:32Z</time>
   </trkpt>
   <trkpt lat="43.3194000" lon="3.4638800">
    <ele>5.6</ele>
    <time>2025-05-13T06:44:33Z</time>
   </trkpt>
   <trkpt lat="43.3194100" lon="3.4639490">
    <ele>5.6</ele>
    <time>2025-05-13T06:44:34Z</time>
   </trkpt>
   <trkpt lat="43.3194200" lon="3.4640120">
    <ele>5.6</ele>
    <time>2025-05-13T06:44:35Z</time>
   </trkpt>
   <trkpt lat="43.3194280" lon="3.4640770">
    <ele>5.6</ele>
    <time>2025-05-13T06:44:36Z</time>
   </trkpt>
   <trkpt lat="43.3194350" lon="3.4641470">
    <ele>5.6</ele>
    <time>2025-05-13T06:44:37Z</time>
   </trkpt>
   <trkpt lat="43.3194430" lon="3.4642160">
    <ele>5.6</ele>
    <time>2025-05-13T06:44:38Z</time>
   </trkpt>
   <trkpt lat="43.3194530" lon="3.4642830">
    <ele>5.6</ele>
    <time>2025-05-13T06:44:39Z</time>
   </trkpt>
   <trkpt lat="43.3194600" lon="3.4643500">
    <ele>5.6</ele>
    <time>2025-05-13T06:44:40Z</time>
   </trkpt>
   <trkpt lat="43.3194730" lon="3.4644150">
    <ele>5.6</ele>
    <time>2025-05-13T06:44:41Z</time>
   </trkpt>
   <trkpt lat="43.3194890" lon="3.4644760">
    <ele>5.6</ele>
    <time>2025-05-13T06:44:42Z</time>
   </trkpt>
   <trkpt lat="43.3195030" lon="3.4645430">
    <ele>5.6</ele>
    <time>2025-05-13T06:44:43Z</time>
   </trkpt>
   <trkpt lat="43.3195140" lon="3.4646080">
    <ele>5.6</ele>
    <time>2025-05-13T06:44:44Z</time>
   </trkpt>
   <trkpt lat="43.3195250" lon="3.4646690">
    <ele>5.5</ele>
    <time>2025-05-13T06:44:45Z</time>
   </trkpt>
   <trkpt lat="43.3195340" lon="3.4647270">
    <ele>5.5</ele>
    <time>2025-05-13T06:44:46Z</time>
   </trkpt>
   <trkpt lat="43.3195450" lon="3.4647830">
    <ele>5.4</ele>
    <time>2025-05-13T06:44:47Z</time>
   </trkpt>
   <trkpt lat="43.3195580" lon="3.4648350">
    <ele>5.3</ele>
    <time>2025-05-13T06:44:48Z</time>
   </trkpt>
   <trkpt lat="43.3195810" lon="3.4648790">
    <ele>5.2</ele>
    <time>2025-05-13T06:44:49Z</time>
   </trkpt>
   <trkpt lat="43.3196110" lon="3.4649170">
    <ele>5.1</ele>
    <time>2025-05-13T06:44:50Z</time>
   </trkpt>
   <trkpt lat="43.3196340" lon="3.4649640">
    <ele>5.0</ele>
    <time>2025-05-13T06:44:51Z</time>
   </trkpt>
   <trkpt lat="43.3196530" lon="3.4650160">
    <ele>4.9</ele>
    <time>2025-05-13T06:44:52Z</time>
   </trkpt>
   <trkpt lat="43.3196620" lon="3.4650650">
    <ele>4.8</ele>
    <time>2025-05-13T06:44:53Z</time>
   </trkpt>
   <trkpt lat="43.3196660" lon="3.4651150">
    <ele>4.7</ele>
    <time>2025-05-13T06:44:54Z</time>
   </trkpt>
   <trkpt lat="43.3196740" lon="3.4651620">
    <ele>4.7</ele>
    <time>2025-05-13T06:44:55Z</time>
   </trkpt>
   <trkpt lat="43.3196820" lon="3.4652080">
    <ele>4.6</ele>
    <time>2025-05-13T06:44:56Z</time>
   </trkpt>
   <trkpt lat="43.3196900" lon="3.4652600">
    <ele>4.5</ele>
    <time>2025-05-13T06:44:57Z</time>
   </trkpt>
   <trkpt lat="43.3196980" lon="3.4653130">
    <ele>4.5</ele>
    <time>2025-05-13T06:44:58Z</time>
   </trkpt>
   <trkpt lat="43.3197010" lon="3.4653660">
    <ele>4.4</ele>
    <time>2025-05-13T06:44:59Z</time>
   </trkpt>
   <trkpt lat="43.3197060" lon="3.4654170">
    <ele>4.3</ele>
    <time>2025-05-13T06:45:00Z</time>
   </trkpt>
   <trkpt lat="43.3197120" lon="3.4654730">
    <ele>4.3</ele>
    <time>2025-05-13T06:45:01Z</time>
   </trkpt>
   <trkpt lat="43.3197200" lon="3.4655350">
    <ele>4.2</ele>
    <time>2025-05-13T06:45:02Z</time>
   </trkpt>
   <trkpt lat="43.3197270" lon="3.4655930">
    <ele>4.1</ele>
    <time>2025-05-13T06:45:03Z</time>
   </trkpt>
   <trkpt lat="43.3197340" lon="3.4656450">
    <ele>4.1</ele>
    <time>2025-05-13T06:45:04Z</time>
   </trkpt>
   <trkpt lat="43.3197400" lon="3.4656930">
    <ele>4.1</ele>
    <time>2025-05-13T06:45:05Z</time>
   </trkpt>
   <trkpt lat="43.3197480" lon="3.4657360">
    <ele>4.0</ele>
    <time>2025-05-13T06:45:06Z</time>
   </trkpt>
   <trkpt lat="43.3197540" lon="3.4657760">
    <ele>4.0</ele>
    <time>2025-05-13T06:45:07Z</time>
   </trkpt>
   <trkpt lat="43.3197620" lon="3.4658140">
    <ele>4.0</ele>
    <time>2025-05-13T06:45:08Z</time>
   </trkpt>
   <trkpt lat="43.3197710" lon="3.4658490">
    <ele>3.9</ele>
    <time>2025-05-13T06:45:09Z</time>
   </trkpt>
   <trkpt lat="43.3197810" lon="3.4658890">
    <ele>3.9</ele>
    <time>2025-05-13T06:45:10Z</time>
   </trkpt>
   <trkpt lat="43.3197900" lon="3.4659340">
    <ele>3.9</ele>
    <time>2025-05-13T06:45:11Z</time>
   </trkpt>
   <trkpt lat="43.3197970" lon="3.4659790">
    <ele>3.9</ele>
    <time>2025-05-13T06:45:12Z</time>
   </trkpt>
   <trkpt lat="43.3198050" lon="3.4660240">
    <ele>3.8</ele>
    <time>2025-05-13T06:45:13Z</time>
   </trkpt>
   <trkpt lat="43.3198150" lon="3.4660710">
    <ele>3.8</ele>
    <time>2025-05-13T06:45:14Z</time>
   </trkpt>
   <trkpt lat="43.3198230" lon="3.4661230">
    <ele>3.8</ele>
    <time>2025-05-13T06:45:15Z</time>
   </trkpt>
   <trkpt lat="43.3198300" lon="3.4661730">
    <ele>3.8</ele>
    <time>2025-05-13T06:45:16Z</time>
   </trkpt>
   <trkpt lat="43.3198370" lon="3.4662170">
    <ele>3.8</ele>
    <time>2025-05-13T06:45:17Z</time>
   </trkpt>
   <trkpt lat="43.3198450" lon="3.4662660">
    <ele>3.7</ele>
    <time>2025-05-13T06:45:18Z</time>
   </trkpt>
   <trkpt lat="43.3198590" lon="3.4663190">
    <ele>3.7</ele>
    <time>2025-05-13T06:45:19Z</time>
   </trkpt>
   <trkpt lat="43.3198660" lon="3.4663700">
    <ele>3.7</ele>
    <time>2025-05-13T06:45:20Z</time>
   </trkpt>
   <trkpt lat="43.3198740" lon="3.4664180">
    <ele>3.7</ele>
    <time>2025-05-13T06:45:21Z</time>
   </trkpt>
   <trkpt lat="43.3198820" lon="3.4664650">
    <ele>3.8</ele>
    <time>2025-05-13T06:45:22Z</time>
   </trkpt>
   <trkpt lat="43.3198870" lon="3.4665080">
    <ele>3.8</ele>
    <time>2025-05-13T06:45:23Z</time>
   </trkpt>
   <trkpt lat="43.3198900" lon="3.4665500">
    <ele>3.8</ele>
    <time>2025-05-13T06:45:24Z</time>
   </trkpt>
   <trkpt lat="43.3198980" lon="3.4665890">
    <ele>3.9</ele>
    <time>2025-05-13T06:45:25Z</time>
   </trkpt>
   <trkpt lat="43.3199020" lon="3.4666250">
    <ele>3.9</ele>
    <time>2025-05-13T06:45:26Z</time>
   </trkpt>
   <trkpt lat="43.3199020" lon="3.4666750">
    <ele>4.0</ele>
    <time>2025-05-13T06:45:27Z</time>
   </trkpt>
   <trkpt lat="43.3199020" lon="3.4666900">
    <ele>4.1</ele>
    <time>2025-05-13T06:45:28Z</time>
   </trkpt>
   <trkpt lat="43.3198960" lon="3.4667310">
    <ele>4.2</ele>
    <time>2025-05-13T06:45:29Z</time>
   </trkpt>
   <trkpt lat="43.3198950" lon="3.4667440">
    <ele>4.2</ele>
    <time>2025-05-13T06:45:30Z</time>
   </trkpt>
   <trkpt lat="43.3198940" lon="3.4667900">
    <ele>4.3</ele>
    <time>2025-05-13T06:45:31Z</time>
   </trkpt>
   <trkpt lat="43.3198920" lon="3.4668070">
    <ele>4.4</ele>
    <time>2025-05-13T06:45:32Z</time>
   </trkpt>
   <trkpt lat="43.3198880" lon="3.4668550">
    <ele>4.6</ele>
    <time>2025-05-13T06:45:33Z</time>
   </trkpt>
   <trkpt lat="43.3198870" lon="3.4668690">
    <ele>4.6</ele>
    <time>2025-05-13T06:45:34Z</time>
   </trkpt>
   <trkpt lat="43.3198810" lon="3.4669110">
    <ele>4.8</ele>
    <time>2025-05-13T06:45:35Z</time>
   </trkpt>
   <trkpt lat="43.3198800" lon="3.4669250">
    <ele>4.9</ele>
    <time>2025-05-13T06:45:36Z</time>
   </trkpt>
   <trkpt lat="43.3198800" lon="3.4669640">
    <ele>5.0</ele>
    <time>2025-05-13T06:45:37Z</time>
   </trkpt>
   <trkpt lat="43.3198800" lon="3.4669780">
    <ele>5.1</ele>
    <time>2025-05-13T06:45:38Z</time>
   </trkpt>
   <trkpt lat="43.3198870" lon="3.4670150">
    <ele>5.3</ele>
    <time>2025-05-13T06:45:39Z</time>
   </trkpt>
   <trkpt lat="43.3198900" lon="3.4670280">
    <ele>5.4</ele>
    <time>2025-05-13T06:45:40Z</time>
   </trkpt>
   <trkpt lat="43.3198980" lon="3.4670520">
    <ele>5.5</ele>
    <time>2025-05-13T06:45:41Z</time>
   </trkpt>
   <trkpt lat="43.3198960" lon="3.4670680">
    <ele>5.6</ele>
    <time>2025-05-13T06:45:42Z</time>
   </trkpt>
   <trkpt lat="43.3198930" lon="3.4671100">
    <ele>5.8</ele>
    <time>2025-05-13T06:45:43Z</time>
   </trkpt>
   <trkpt lat="43.3198910" lon="3.4671260">
    <ele>5.9</ele>
    <time>2025-05-13T06:45:44Z</time>
   </trkpt>
   <trkpt lat="43.3198860" lon="3.4671640">
    <ele>6.1</ele>
    <time>2025-05-13T06:45:45Z</time>
   </trkpt>
   <trkpt lat="43.3198860" lon="3.4671760">
    <ele>6.2</ele>
    <time>2025-05-13T06:45:46Z</time>
   </trkpt>
   <trkpt lat="43.3198890" lon="3.4672000">
    <ele>6.3</ele>
    <time>2025-05-13T06:45:47Z</time>
   </trkpt>
   <trkpt lat="43.3198870" lon="3.4672250">
    <ele>6.3</ele>
    <time>2025-05-13T06:45:48Z</time>
   </trkpt>
   <trkpt lat="43.3198840" lon="3.4672420">
    <ele>6.3</ele>
    <time>2025-05-13T06:45:49Z</time>
   </trkpt>
   <trkpt lat="43.3198760" lon="3.4672540">
    <ele>6.3</ele>
    <time>2025-05-13T06:45:50Z</time>
   </trkpt>
   <trkpt lat="43.3198650" lon="3.4672630">
    <ele>6.3</ele>
    <time>2025-05-13T06:45:51Z</time>
   </trkpt>
   <trkpt lat="43.3198550" lon="3.4672720">
    <ele>6.3</ele>
    <time>2025-05-13T06:45:52Z</time>
   </trkpt>
   <trkpt lat="43.3198530" lon="3.4672730">
    <ele>6.3</ele>
    <time>2025-05-13T06:45:53Z</time>
   </trkpt>
   <trkpt lat="43.3198520" lon="3.4672750">
    <ele>6.3</ele>
    <time>2025-05-13T06:45:54Z</time>
   </trkpt>
   <trkpt lat="43.3198510" lon="3.4672760">
    <ele>6.3</ele>
    <time>2025-05-13T06:45:55Z</time>
   </trkpt>
   <trkpt lat="43.3198500" lon="3.4672780">
    <ele>6.3</ele>
    <time>2025-05-13T06:45:56Z</time>
   </trkpt>
   <trkpt lat="43.3198480" lon="3.4672790">
    <ele>6.3</ele>
    <time>2025-05-13T06:45:57Z</time>
   </trkpt>
   <trkpt lat="43.3198470" lon="3.4672810">
    <ele>6.3</ele>
    <time>2025-05-13T06:45:58Z</time>
   </trkpt>
   <trkpt lat="43.3198460" lon="3.4672820">
    <ele>6.3</ele>
    <time>2025-05-13T06:45:59Z</time>
   </trkpt>
   <trkpt lat="43.3198440" lon="3.4672840">
    <ele>6.3</ele>
    <time>2025-05-13T06:46:00Z</time>
   </trkpt>
   <trkpt lat="43.3198430" lon="3.4672850">
    <ele>6.2</ele>
    <time>2025-05-13T06:46:01Z</time>
   </trkpt>
   <trkpt lat="43.3198420" lon="3.4672870">
    <ele>6.2</ele>
    <time>2025-05-13T06:46:02Z</time>
   </trkpt>
   <trkpt lat="43.3198410" lon="3.4672880">
    <ele>6.2</ele>
    <time>2025-05-13T06:46:03Z</time>
   </trkpt>
   <trkpt lat="43.3198390" lon="3.4672900">
    <ele>6.2</ele>
    <time>2025-05-13T06:46:04Z</time>
   </trkpt>
   <trkpt lat="43.3198380" lon="3.4672910">
    <ele>6.2</ele>
    <time>2025-05-13T06:46:05Z</time>
   </trkpt>
   <trkpt lat="43.3198370" lon="3.4672930">
    <ele>6.2</ele>
    <time>2025-05-13T06:46:06Z</time>
   </trkpt>
   <trkpt lat="43.3198360" lon="3.4672940">
    <ele>6.2</ele>
    <time>2025-05-13T06:46:07Z</time>
   </trkpt>
   <trkpt lat="43.3198340" lon="3.4672960">
    <ele>6.2</ele>
    <time>2025-05-13T06:46:08Z</time>
   </trkpt>
   <trkpt lat="43.3198330" lon="3.4672970">
    <ele>6.2</ele>
    <time>2025-05-13T06:46:09Z</time>
   </trkpt>
   <trkpt lat="43.3198320" lon="3.4672990">
    <ele>6.2</ele>
    <time>2025-05-13T06:46:10Z</time>
   </trkpt>
   <trkpt lat="43.3198300" lon="3.4673000">
    <ele>6.2</ele>
    <time>2025-05-13T06:46:11Z</time>
   </trkpt>
   <trkpt lat="43.3198290" lon="3.4673020">
    <ele>6.2</ele>
    <time>2025-05-13T06:46:12Z</time>
   </trkpt>
   <trkpt lat="43.3198280" lon="3.4673030">
    <ele>6.2</ele>
    <time>2025-05-13T06:46:13Z</time>
   </trkpt>
   <trkpt lat="43.3198270" lon="3.4673050">
    <ele>6.2</ele>
    <time>2025-05-13T06:46:14Z</time>
   </trkpt>
   <trkpt lat="43.3198250" lon="3.4673060">
    <ele>6.2</ele>
    <time>2025-05-13T06:46:15Z</time>
   </trkpt>
   <trkpt lat="43.3198240" lon="3.4673080">
    <ele>6.2</ele>
    <time>2025-05-13T06:46:16Z</time>
   </trkpt>
   <trkpt lat="43.3198230" lon="3.4673090">
    <ele>6.2</ele>
    <time>2025-05-13T06:46:17Z</time>
   </trkpt>
   <trkpt lat="43.3198210" lon="3.4673110">
    <ele>6.2</ele>
    <time>2025-05-13T06:46:18Z</time>
   </trkpt>
   <trkpt lat="43.3198200" lon="3.4673120">
    <ele>6.2</ele>
    <time>2025-05-13T06:46:19Z</time>
   </trkpt>
   <trkpt lat="43.3198190" lon="3.4673140">
    <ele>6.2</ele>
    <time>2025-05-13T06:46:20Z</time>
   </trkpt>
   <trkpt lat="43.3198180" lon="3.4673150">
    <ele>6.2</ele>
    <time>2025-05-13T06:46:21Z</time>
   </trkpt>
   <trkpt lat="43.3198160" lon="3.4673170">
    <ele>6.2</ele>
    <time>2025-05-13T06:46:22Z</time>
   </trkpt>
   <trkpt lat="43.3198150" lon="3.4673180">
    <ele>6.2</ele>
    <time>2025-05-13T06:46:23Z</time>
   </trkpt>
   <trkpt lat="43.3197890" lon="3.4673330">
    <ele>6.2</ele>
    <time>2025-05-13T06:46:24Z</time>
   </trkpt>
   <trkpt lat="43.3197560" lon="3.4673440">
    <ele>6.2</ele>
    <time>2025-05-13T06:46:25Z</time>
   </trkpt>
   <trkpt lat="43.3197210" lon="3.4673560">
    <ele>6.1</ele>
    <time>2025-05-13T06:46:26Z</time>
   </trkpt>
   <trkpt lat="43.3196820" lon="3.4673650">
    <ele>6.0</ele>
    <time>2025-05-13T06:46:27Z</time>
   </trkpt>
   <trkpt lat="43.3196420" lon="3.4673760">
    <ele>6.0</ele>
    <time>2025-05-13T06:46:28Z</time>
   </trkpt>
   <trkpt lat="43.3196060" lon="3.4673880">
    <ele>5.9</ele>
    <time>2025-05-13T06:46:29Z</time>
   </trkpt>
   <trkpt lat="43.3195540" lon="3.4673990">
    <ele>5.8</ele>
    <time>2025-05-13T06:46:30Z</time>
   </trkpt>
   <trkpt lat="43.3195020" lon="3.4674130">
    <ele>5.7</ele>
    <time>2025-05-13T06:46:31Z</time>
   </trkpt>
   <trkpt lat="43.3194500" lon="3.4674270">
    <ele>5.6</ele>
    <time>2025-05-13T06:46:32Z</time>
   </trkpt>
   <trkpt lat="43.3194020" lon="3.4674380">
    <ele>5.5</ele>
    <time>2025-05-13T06:46:33Z</time>
   </trkpt>
   <trkpt lat="43.3193580" lon="3.4674480">
    <ele>5.5</ele>
    <time>2025-05-13T06:46:34Z</time>
   </trkpt>
   <trkpt lat="43.3193130" lon="3.4674570">
    <ele>5.4</ele>
    <time>2025-05-13T06:46:35Z</time>
   </trkpt>
   <trkpt lat="43.3192730" lon="3.4674650">
    <ele>5.4</ele>
    <time>2025-05-13T06:46:36Z</time>
   </trkpt>
   <trkpt lat="43.3192310" lon="3.4674750">
    <ele>5.3</ele>
    <time>2025-05-13T06:46:37Z</time>
   </trkpt>
   <trkpt lat="43.3191880" lon="3.4674860">
    <ele>5.3</ele>
    <time>2025-05-13T06:46:38Z</time>
   </trkpt>
   <trkpt lat="43.3191450" lon="3.4675000">
    <ele>5.2</ele>
    <time>2025-05-13T06:46:39Z</time>
   </trkpt>
   <trkpt lat="43.3191010" lon="3.4675160">
    <ele>5.2</ele>
    <time>2025-05-13T06:46:40Z</time>
   </trkpt>
   <trkpt lat="43.3190650" lon="3.4675290">
    <ele>5.2</ele>
    <time>2025-05-13T06:46:41Z</time>
   </trkpt>
   <trkpt lat="43.3190160" lon="3.4675480">
    <ele>5.2</ele>
    <time>2025-05-13T06:46:42Z</time>
   </trkpt>
   <trkpt lat="43.3189750" lon="3.4675610">
    <ele>5.1</ele>
    <time>2025-05-13T06:46:43Z</time>
   </trkpt>
   <trkpt lat="43.3189360" lon="3.4675790">
    <ele>5.1</ele>
    <time>2025-05-13T06:46:44Z</time>
   </trkpt>
   <trkpt lat="43.3188950" lon="3.4675970">
    <ele>5.1</ele>
    <time>2025-05-13T06:46:45Z</time>
   </trkpt>
   <trkpt lat="43.3188460" lon="3.4676210">
    <ele>5.0</ele>
    <time>2025-05-13T06:46:46Z</time>
   </trkpt>
   <trkpt lat="43.3187960" lon="3.4676410">
    <ele>5.0</ele>
    <time>2025-05-13T06:46:47Z</time>
   </trkpt>
   <trkpt lat="43.3187470" lon="3.4676580">
    <ele>4.9</ele>
    <time>2025-05-13T06:46:48Z</time>
   </trkpt>
   <trkpt lat="43.3186940" lon="3.4676750">
    <ele>4.9</ele>
    <time>2025-05-13T06:46:49Z</time>
   </trkpt>
   <trkpt lat="43.3186410" lon="3.4676910">
    <ele>4.8</ele>
    <time>2025-05-13T06:46:50Z</time>
   </trkpt>
   <trkpt lat="43.3185870" lon="3.4677120">
    <ele>4.6</ele>
    <time>2025-05-13T06:46:51Z</time>
   </trkpt>
   <trkpt lat="43.3185350" lon="3.4677330">
    <ele>4.5</ele>
    <time>2025-05-13T06:46:52Z</time>
   </trkpt>
   <trkpt lat="43.3184760" lon="3.4677530">
    <ele>4.3</ele>
    <time>2025-05-13T06:46:53Z</time>
   </trkpt>
   <trkpt lat="43.3184170" lon="3.4677730">
    <ele>4.0</ele>
    <time>2025-05-13T06:46:54Z</time>
   </trkpt>
   <trkpt lat="43.3183600" lon="3.4677910">
    <ele>3.8</ele>
    <time>2025-05-13T06:46:55Z</time>
   </trkpt>
   <trkpt lat="43.3183050" lon="3.4678050">
    <ele>3.5</ele>
    <time>2025-05-13T06:46:56Z</time>
   </trkpt>
   <trkpt lat="43.3182470" lon="3.4678260">
    <ele>3.2</ele>
    <time>2025-05-13T06:46:57Z</time>
   </trkpt>
   <trkpt lat="43.3181870" lon="3.4678510">
    <ele>2.9</ele>
    <time>2025-05-13T06:46:58Z</time>
   </trkpt>
   <trkpt lat="43.3181230" lon="3.4678760">
    <ele>2.6</ele>
    <time>2025-05-13T06:46:59Z</time>
   </trkpt>
   <trkpt lat="43.3180540" lon="3.4679050">
    <ele>2.3</ele>
    <time>2025-05-13T06:47:00Z</time>
   </trkpt>
   <trkpt lat="43.3179790" lon="3.4679320">
    <ele>2.1</ele>
    <time>2025-05-13T06:47:01Z</time>
   </trkpt>
   <trkpt lat="43.3179000" lon="3.4679570">
    <ele>1.9</ele>
    <time>2025-05-13T06:47:02Z</time>
   </trkpt>
   <trkpt lat="43.3178220" lon="3.4679810">
    <ele>1.9</ele>
    <time>2025-05-13T06:47:03Z</time>
   </trkpt>
   <trkpt lat="43.3177450" lon="3.4680030">
    <ele>1.9</ele>
    <time>2025-05-13T06:47:04Z</time>
   </trkpt>
   <trkpt lat="43.3176730" lon="3.4680260">
    <ele>2.0</ele>
    <time>2025-05-13T06:47:05Z</time>
   </trkpt>
   <trkpt lat="43.3176010" lon="3.4680540">
    <ele>2.2</ele>
    <time>2025-05-13T06:47:06Z</time>
   </trkpt>
   <trkpt lat="43.3175370" lon="3.4680800">
    <ele>2.4</ele>
    <time>2025-05-13T06:47:07Z</time>
   </trkpt>
   <trkpt lat="43.3174820" lon="3.4681020">
    <ele>2.6</ele>
    <time>2025-05-13T06:47:08Z</time>
   </trkpt>
   <trkpt lat="43.3174340" lon="3.4681170">
    <ele>2.8</ele>
    <time>2025-05-13T06:47:09Z</time>
   </trkpt>
   <trkpt lat="43.3173910" lon="3.4681350">
    <ele>3.0</ele>
    <time>2025-05-13T06:47:10Z</time>
   </trkpt>
   <trkpt lat="43.3173520" lon="3.4681500">
    <ele>3.2</ele>
    <time>2025-05-13T06:47:11Z</time>
   </trkpt>
   <trkpt lat="43.3173180" lon="3.4681650">
    <ele>3.4</ele>
    <time>2025-05-13T06:47:12Z</time>
   </trkpt>
   <trkpt lat="43.3172840" lon="3.4681780">
    <ele>3.6</ele>
    <time>2025-05-13T06:47:13Z</time>
   </trkpt>
   <trkpt lat="43.3172480" lon="3.4681890">
    <ele>3.8</ele>
    <time>2025-05-13T06:47:14Z</time>
   </trkpt>
   <trkpt lat="43.3172130" lon="3.4681980">
    <ele>3.9</ele>
    <time>2025-05-13T06:47:15Z</time>
   </trkpt>
   <trkpt lat="43.3171760" lon="3.4682080">
    <ele>4.1</ele>
    <time>2025-05-13T06:47:16Z</time>
   </trkpt>
   <trkpt lat="43.3171360" lon="3.4682180">
    <ele>4.3</ele>
    <time>2025-05-13T06:47:17Z</time>
   </trkpt>
   <trkpt lat="43.3170940" lon="3.4682270">
    <ele>4.5</ele>
    <time>2025-05-13T06:47:18Z</time>
   </trkpt>
   <trkpt lat="43.3170520" lon="3.4682340">
    <ele>4.6</ele>
    <time>2025-05-13T06:47:19Z</time>
   </trkpt>
   <trkpt lat="43.3170090" lon="3.4682460">
    <ele>4.7</ele>
    <time>2025-05-13T06:47:20Z</time>
   </trkpt>
   <trkpt lat="43.3169660" lon="3.4682580">
    <ele>4.8</ele>
    <time>2025-05-13T06:47:21Z</time>
   </trkpt>
   <trkpt lat="43.3169220" lon="3.4682700">
    <ele>4.9</ele>
    <time>2025-05-13T06:47:22Z</time>
   </trkpt>
   <trkpt lat="43.3168740" lon="3.4682830">
    <ele>5.0</ele>
    <time>2025-05-13T06:47:23Z</time>
   </trkpt>
   <trkpt lat="43.3168240" lon="3.4683000">
    <ele>5.0</ele>
    <time>2025-05-13T06:47:24Z</time>
   </trkpt>
   <trkpt lat="43.3167720" lon="3.4683150">
    <ele>5.1</ele>
    <time>2025-05-13T06:47:25Z</time>
   </trkpt>
   <trkpt lat="43.3167200" lon="3.4683300">
    <ele>5.1</ele>
    <time>2025-05-13T06:47:26Z</time>
   </trkpt>
   <trkpt lat="43.3166650" lon="3.4683450">
    <ele>5.2</ele>
    <time>2025-05-13T06:47:27Z</time>
   </trkpt>
   <trkpt lat="43.3166100" lon="3.4683580">
    <ele>5.2</ele>
    <time>2025-05-13T06:47:28Z</time>
   </trkpt>
   <trkpt lat="43.3165560" lon="3.4683700">
    <ele>5.2</ele>
    <time>2025-05-13T06:47:29Z</time>
   </trkpt>
   <trkpt lat="43.3165010" lon="3.4683810">
    <ele>5.2</ele>
    <time>2025-05-13T06:47:30Z</time>
   </trkpt>
   <trkpt lat="43.3164470" lon="3.4683950">
    <ele>5.3</ele>
    <time>2025-05-13T06:47:31Z</time>
   </trkpt>
   <trkpt lat="43.3163920" lon="3.4684090">
    <ele>5.3</ele>
    <time>2025-05-13T06:47:32Z</time>
   </trkpt>
   <trkpt lat="43.3163380" lon="3.4684210">
    <ele>5.3</ele>
    <time>2025-05-13T06:47:33Z</time>
   </trkpt>
   <trkpt lat="43.3162900" lon="3.4684360">
    <ele>5.3</ele>
    <time>2025-05-13T06:47:34Z</time>
   </trkpt>
   <trkpt lat="43.3162420" lon="3.4684460">
    <ele>5.3</ele>
    <time>2025-05-13T06:47:35Z</time>
   </trkpt>
   <trkpt lat="43.3161950" lon="3.4684620">
    <ele>5.4</ele>
    <time>2025-05-13T06:47:36Z</time>
   </trkpt>
   <trkpt lat="43.3161480" lon="3.4684770">
    <ele>5.4</ele>
    <time>2025-05-13T06:47:37Z</time>
   </trkpt>
   <trkpt lat="43.3161020" lon="3.4684880">
    <ele>5.4</ele>
    <time>2025-05-13T06:47:38Z</time>
   </trkpt>
   <trkpt lat="43.3160560" lon="3.4684960">
    <ele>5.4</ele>
    <time>2025-05-13T06:47:39Z</time>
   </trkpt>
   <trkpt lat="43.3160080" lon="3.4685070">
    <ele>5.5</ele>
    <time>2025-05-13T06:47:40Z</time>
   </trkpt>
   <trkpt lat="43.3159580" lon="3.4685170">
    <ele>5.5</ele>
    <time>2025-05-13T06:47:41Z</time>
   </trkpt>
   <trkpt lat="43.3159060" lon="3.4685280">
    <ele>5.6</ele>
    <time>2025-05-13T06:47:42Z</time>
   </trkpt>
   <trkpt lat="43.3158490" lon="3.4685470">
    <ele>5.7</ele>
    <time>2025-05-13T06:47:43Z</time>
   </trkpt>
   <trkpt lat="43.3158000" lon="3.4685640">
    <ele>5.8</ele>
    <time>2025-05-13T06:47:44Z</time>
   </trkpt>
   <trkpt lat="43.3157500" lon="3.4685750">
    <ele>5.9</ele>
    <time>2025-05-13T06:47:45Z</time>
   </trkpt>
   <trkpt lat="43.3157020" lon="3.4685830">
    <ele>6.0</ele>
    <time>2025-05-13T06:47:46Z</time>
   </trkpt>
   <trkpt lat="43.3156580" lon="3.4685840">
    <ele>6.1</ele>
    <time>2025-05-13T06:47:47Z</time>
   </trkpt>
   <trkpt lat="43.3156210" lon="3.4685750">
    <ele>6.1</ele>
    <time>2025-05-13T06:47:48Z</time>
   </trkpt>
   <trkpt lat="43.3155860" lon="3.4685700">
    <ele>6.2</ele>
    <time>2025-05-13T06:47:49Z</time>
   </trkpt>
   <trkpt lat="43.3155450" lon="3.4685660">
    <ele>6.4</ele>
    <time>2025-05-13T06:47:50Z</time>
   </trkpt>
   <trkpt lat="43.3155080" lon="3.4685590">
    <ele>6.5</ele>
    <time>2025-05-13T06:47:51Z</time>
   </trkpt>
   <trkpt lat="43.3154760" lon="3.4685410">
    <ele>6.6</ele>
    <time>2025-05-13T06:47:52Z</time>
   </trkpt>
   <trkpt lat="43.3154510" lon="3.4685250">
    <ele>6.6</ele>
    <time>2025-05-13T06:47:53Z</time>
   </trkpt>
   <trkpt lat="43.3154260" lon="3.4684960">
    <ele>6.7</ele>
    <time>2025-05-13T06:47:54Z</time>
   </trkpt>
   <trkpt lat="43.3154190" lon="3.4684880">
    <ele>6.8</ele>
    <time>2025-05-13T06:47:55Z</time>
   </trkpt>
   <trkpt lat="43.3154080" lon="3.4684680">
    <ele>6.8</ele>
    <time>2025-05-13T06:47:56Z</time>
   </trkpt>
   <trkpt lat="43.3154030" lon="3.4684630">
    <ele>6.8</ele>
    <time>2025-05-13T06:47:57Z</time>
   </trkpt>
   <trkpt lat="43.3153980" lon="3.4684570">
    <ele>6.8</ele>
    <time>2025-05-13T06:47:58Z</time>
   </trkpt>
   <trkpt lat="43.3153930" lon="3.4684520">
    <ele>6.8</ele>
    <time>2025-05-13T06:47:59Z</time>
   </trkpt>
   <trkpt lat="43.3153680" lon="3.4684340">
    <ele>6.8</ele>
    <time>2025-05-13T06:48:00Z</time>
   </trkpt>
   <trkpt lat="43.3153570" lon="3.4684250">
    <ele>6.8</ele>
    <time>2025-05-13T06:48:01Z</time>
   </trkpt>
   <trkpt lat="43.3153210" lon="3.4684010">
    <ele>6.7</ele>
    <time>2025-05-13T06:48:02Z</time>
   </trkpt>
   <trkpt lat="43.3153080" lon="3.4683940">
    <ele>6.7</ele>
    <time>2025-05-13T06:48:03Z</time>
   </trkpt>
   <trkpt lat="43.3152780" lon="3.4683810">
    <ele>6.6</ele>
    <time>2025-05-13T06:48:04Z</time>
   </trkpt>
   <trkpt lat="43.3152460" lon="3.4683760">
    <ele>6.5</ele>
    <time>2025-05-13T06:48:05Z</time>
   </trkpt>
   <trkpt lat="43.3152100" lon="3.4683900">
    <ele>6.4</ele>
    <time>2025-05-13T06:48:06Z</time>
   </trkpt>
   <trkpt lat="43.3151850" lon="3.4684240">
    <ele>6.2</ele>
    <time>2025-05-13T06:48:07Z</time>
   </trkpt>
   <trkpt lat="43.3151690" lon="3.4684720">
    <ele>6.3</ele>
    <time>2025-05-13T06:48:08Z</time>
   </trkpt>
   <trkpt lat="43.3151610" lon="3.4685250">
    <ele>6.4</ele>
    <time>2025-05-13T06:48:09Z</time>
   </trkpt>
   <trkpt lat="43.3151500" lon="3.4685770">
    <ele>6.5</ele>
    <time>2025-05-13T06:48:10Z</time>
   </trkpt>
   <trkpt lat="43.3151370" lon="3.4686270">
    <ele>6.6</ele>
    <time>2025-05-13T06:48:11Z</time>
   </trkpt>
   <trkpt lat="43.3151220" lon="3.4686780">
    <ele>6.7</ele>
    <time>2025-05-13T06:48:12Z</time>
   </trkpt>
   <trkpt lat="43.3151030" lon="3.4687290">
    <ele>6.9</ele>
    <time>2025-05-13T06:48:13Z</time>
   </trkpt>
   <trkpt lat="43.3150840" lon="3.4687760">
    <ele>7.0</ele>
    <time>2025-05-13T06:48:14Z</time>
   </trkpt>
   <trkpt lat="43.3150670" lon="3.4688260">
    <ele>7.0</ele>
    <time>2025-05-13T06:48:15Z</time>
   </trkpt>
   <trkpt lat="43.3150490" lon="3.4688730">
    <ele>7.1</ele>
    <time>2025-05-13T06:48:16Z</time>
   </trkpt>
   <trkpt lat="43.3150320" lon="3.4689230">
    <ele>7.2</ele>
    <time>2025-05-13T06:48:17Z</time>
   </trkpt>
   <trkpt lat="43.3150120" lon="3.4689720">
    <ele>7.2</ele>
    <time>2025-05-13T06:48:18Z</time>
   </trkpt>
   <trkpt lat="43.3149920" lon="3.4690220">
    <ele>7.3</ele>
    <time>2025-05-13T06:48:19Z</time>
   </trkpt>
   <trkpt lat="43.3149720" lon="3.4690720">
    <ele>7.3</ele>
    <time>2025-05-13T06:48:20Z</time>
   </trkpt>
   <trkpt lat="43.3149500" lon="3.4691250">
    <ele>7.4</ele>
    <time>2025-05-13T06:48:21Z</time>
   </trkpt>
   <trkpt lat="43.3149270" lon="3.4691830">
    <ele>7.4</ele>
    <time>2025-05-13T06:48:22Z</time>
   </trkpt>
   <trkpt lat="43.3149030" lon="3.4692410">
    <ele>7.4</ele>
    <time>2025-05-13T06:48:23Z</time>
   </trkpt>
   <trkpt lat="43.3148820" lon="3.4693000">
    <ele>7.4</ele>
    <time>2025-05-13T06:48:24Z</time>
   </trkpt>
   <trkpt lat="43.3148570" lon="3.4693600">
    <ele>7.4</ele>
    <time>2025-05-13T06:48:25Z</time>
   </trkpt>
   <trkpt lat="43.3148320" lon="3.4694230">
    <ele>7.4</ele>
    <time>2025-05-13T06:48:26Z</time>
   </trkpt>
   <trkpt lat="43.3148050" lon="3.4694850">
    <ele>7.3</ele>
    <time>2025-05-13T06:48:27Z</time>
   </trkpt>
   <trkpt lat="43.3147820" lon="3.4695480">
    <ele>7.2</ele>
    <time>2025-05-13T06:48:28Z</time>
   </trkpt>
   <trkpt lat="43.3147580" lon="3.4696070">
    <ele>7.1</ele>
    <time>2025-05-13T06:48:29Z</time>
   </trkpt>
   <trkpt lat="43.3147410" lon="3.4696710">
    <ele>7.0</ele>
    <time>2025-05-13T06:48:30Z</time>
   </trkpt>
   <trkpt lat="43.3147320" lon="3.4697420">
    <ele>6.9</ele>
    <time>2025-05-13T06:48:31Z</time>
   </trkpt>
   <trkpt lat="43.3147320" lon="3.4698080">
    <ele>6.8</ele>
    <time>2025-05-13T06:48:32Z</time>
   </trkpt>
   <trkpt lat="43.3147330" lon="3.4698770">
    <ele>6.7</ele>
    <time>2025-05-13T06:48:33Z</time>
   </trkpt>
   <trkpt lat="43.3147430" lon="3.4699420">
    <ele>6.6</ele>
    <time>2025-05-13T06:48:34Z</time>
   </trkpt>
   <trkpt lat="43.3147610" lon="3.4700060">
    <ele>6.5</ele>
    <time>2025-05-13T06:48:35Z</time>
   </trkpt>
   <trkpt lat="43.3147910" lon="3.4700640">
    <ele>6.3</ele>
    <time>2025-05-13T06:48:36Z</time>
   </trkpt>
   <trkpt lat="43.3148190" lon="3.4701170">
    <ele>6.2</ele>
    <time>2025-05-13T06:48:37Z</time>
   </trkpt>
   <trkpt lat="43.3148420" lon="3.4701660">
    <ele>6.1</ele>
    <time>2025-05-13T06:48:38Z</time>
   </trkpt>
   <trkpt lat="43.3148670" lon="3.4702130">
    <ele>6.0</ele>
    <time>2025-05-13T06:48:39Z</time>
   </trkpt>
   <trkpt lat="43.3148940" lon="3.4702550">
    <ele>5.9</ele>
    <time>2025-05-13T06:48:40Z</time>
   </trkpt>
   <trkpt lat="43.3149200" lon="3.4702900">
    <ele>5.8</ele>
    <time>2025-05-13T06:48:41Z</time>
   </trkpt>
   <trkpt lat="43.3149420" lon="3.4703230">
    <ele>5.8</ele>
    <time>2025-05-13T06:48:42Z</time>
   </trkpt>
   <trkpt lat="43.3149660" lon="3.4703560">
    <ele>5.7</ele>
    <time>2025-05-13T06:48:43Z</time>
   </trkpt>
   <trkpt lat="43.3149960" lon="3.4703940">
    <ele>5.6</ele>
    <time>2025-05-13T06:48:44Z</time>
   </trkpt>
   <trkpt lat="43.3150260" lon="3.4704380">
    <ele>5.6</ele>
    <time>2025-05-13T06:48:45Z</time>
   </trkpt>
   <trkpt lat="43.3150570" lon="3.4704840">
    <ele>5.6</ele>
    <time>2025-05-13T06:48:46Z</time>
   </trkpt>
   <trkpt lat="43.3150870" lon="3.4705280">
    <ele>5.5</ele>
    <time>2025-05-13T06:48:47Z</time>
   </trkpt>
   <trkpt lat="43.3151120" lon="3.4705700">
    <ele>5.5</ele>
    <time>2025-05-13T06:48:48Z</time>
   </trkpt>
   <trkpt lat="43.3151350" lon="3.4706110">
    <ele>5.5</ele>
    <time>2025-05-13T06:48:49Z</time>
   </trkpt>
   <trkpt lat="43.3151540" lon="3.4706520">
    <ele>5.5</ele>
    <time>2025-05-13T06:48:50Z</time>
   </trkpt>
   <trkpt lat="43.3151680" lon="3.4706870">
    <ele>5.6</ele>
    <time>2025-05-13T06:48:51Z</time>
   </trkpt>
   <trkpt lat="43.3151760" lon="3.4707230">
    <ele>5.6</ele>
    <time>2025-05-13T06:48:52Z</time>
   </trkpt>
   <trkpt lat="43.3151820" lon="3.4707610">
    <ele>5.6</ele>
    <time>2025-05-13T06:48:53Z</time>
   </trkpt>
   <trkpt lat="43.3151820" lon="3.4708010">
    <ele>5.6</ele>
    <time>2025-05-13T06:48:54Z</time>
   </trkpt>
   <trkpt lat="43.3151740" lon="3.4708420">
    <ele>5.6</ele>
    <time>2025-05-13T06:48:55Z</time>
   </trkpt>
   <trkpt lat="43.3151680" lon="3.4708840">
    <ele>5.6</ele>
    <time>2025-05-13T06:48:56Z</time>
   </trkpt>
   <trkpt lat="43.3151570" lon="3.4709270">
    <ele>5.6</ele>
    <time>2025-05-13T06:48:57Z</time>
   </trkpt>
   <trkpt lat="43.3151400" lon="3.4709750">
    <ele>5.6</ele>
    <time>2025-05-13T06:48:58Z</time>
   </trkpt>
   <trkpt lat="43.3151210" lon="3.4710270">
    <ele>5.7</ele>
    <time>2025-05-13T06:48:59Z</time>
   </trkpt>
   <trkpt lat="43.3151020" lon="3.4710860">
    <ele>5.7</ele>
    <time>2025-05-13T06:49:00Z</time>
   </trkpt>
   <trkpt lat="43.3150860" lon="3.4711460">
    <ele>5.7</ele>
    <time>2025-05-13T06:49:01Z</time>
   </trkpt>
   <trkpt lat="43.3150790" lon="3.4712050">
    <ele>5.7</ele>
    <time>2025-05-13T06:49:02Z</time>
   </trkpt>
   <trkpt lat="43.3150790" lon="3.4712650">
    <ele>5.7</ele>
    <time>2025-05-13T06:49:03Z</time>
   </trkpt>
   <trkpt lat="43.3150900" lon="3.4713190">
    <ele>5.7</ele>
    <time>2025-05-13T06:49:04Z</time>
   </trkpt>
   <trkpt lat="43.3151060" lon="3.4713630">
    <ele>5.7</ele>
    <time>2025-05-13T06:49:05Z</time>
   </trkpt>
   <trkpt lat="43.3151250" lon="3.4713990">
    <ele>5.7</ele>
    <time>2025-05-13T06:49:06Z</time>
   </trkpt>
   <trkpt lat="43.3151460" lon="3.4714240">
    <ele>5.7</ele>
    <time>2025-05-13T06:49:07Z</time>
   </trkpt>
   <trkpt lat="43.3151750" lon="3.4714530">
    <ele>5.7</ele>
    <time>2025-05-13T06:49:08Z</time>
   </trkpt>
   <trkpt lat="43.3151860" lon="3.4714600">
    <ele>5.7</ele>
    <time>2025-05-13T06:49:09Z</time>
   </trkpt>
   <trkpt lat="43.3152200" lon="3.4714750">
    <ele>5.6</ele>
    <time>2025-05-13T06:49:10Z</time>
   </trkpt>
   <trkpt lat="43.3152310" lon="3.4714810">
    <ele>5.6</ele>
    <time>2025-05-13T06:49:11Z</time>
   </trkpt>
   <trkpt lat="43.3152620" lon="3.4715000">
    <ele>5.6</ele>
    <time>2025-05-13T06:49:12Z</time>
   </trkpt>
   <trkpt lat="43.3152690" lon="3.4715080">
    <ele>5.6</ele>
    <time>2025-05-13T06:49:13Z</time>
   </trkpt>
   <trkpt lat="43.3152750" lon="3.4715100">
    <ele>5.6</ele>
    <time>2025-05-13T06:49:14Z</time>
   </trkpt>
   <trkpt lat="43.3152730" lon="3.4715090">
    <ele>5.6</ele>
    <time>2025-05-13T06:49:15Z</time>
   </trkpt>
   <trkpt lat="43.3152720" lon="3.4715080">
    <ele>5.6</ele>
    <time>2025-05-13T06:49:16Z</time>
   </trkpt>
   <trkpt lat="43.3152700" lon="3.4715070">
    <ele>5.6</ele>
    <time>2025-05-13T06:49:17Z</time>
   </trkpt>
   <trkpt lat="43.3152690" lon="3.4715060">
    <ele>5.6</ele>
    <time>2025-05-13T06:49:18Z</time>
   </trkpt>
   <trkpt lat="43.3152670" lon="3.4715050">
    <ele>5.6</ele>
    <time>2025-05-13T06:49:19Z</time>
   </trkpt>
   <trkpt lat="43.3152660" lon="3.4715040">
    <ele>5.6</ele>
    <time>2025-05-13T06:49:20Z</time>
   </trkpt>
   <trkpt lat="43.3152640" lon="3.4715030">
    <ele>5.6</ele>
    <time>2025-05-13T06:49:21Z</time>
   </trkpt>
   <trkpt lat="43.3152630" lon="3.4715020">
    <ele>5.6</ele>
    <time>2025-05-13T06:49:22Z</time>
   </trkpt>
   <trkpt lat="43.3152620" lon="3.4715010">
    <ele>5.6</ele>
    <time>2025-05-13T06:49:23Z</time>
   </trkpt>
   <trkpt lat="43.3152600" lon="3.4715000">
    <ele>5.6</ele>
    <time>2025-05-13T06:49:24Z</time>
   </trkpt>
   <trkpt lat="43.3152590" lon="3.4714990">
    <ele>5.6</ele>
    <time>2025-05-13T06:49:25Z</time>
   </trkpt>
   <trkpt lat="43.3152570" lon="3.4714980">
    <ele>5.6</ele>
    <time>2025-05-13T06:49:26Z</time>
   </trkpt>
   <trkpt lat="43.3152560" lon="3.4714970">
    <ele>5.6</ele>
    <time>2025-05-13T06:49:27Z</time>
   </trkpt>
   <trkpt lat="43.3152540" lon="3.4714960">
    <ele>5.6</ele>
    <time>2025-05-13T06:49:28Z</time>
   </trkpt>
   <trkpt lat="43.3152530" lon="3.4714950">
    <ele>5.6</ele>
    <time>2025-05-13T06:49:29Z</time>
   </trkpt>
   <trkpt lat="43.3152520" lon="3.4714940">
    <ele>5.6</ele>
    <time>2025-05-13T06:49:30Z</time>
   </trkpt>
   <trkpt lat="43.3152500" lon="3.4714930">
    <ele>5.6</ele>
    <time>2025-05-13T06:49:31Z</time>
   </trkpt>
   <trkpt lat="43.3152490" lon="3.4714920">
    <ele>5.6</ele>
    <time>2025-05-13T06:49:32Z</time>
   </trkpt>
   <trkpt lat="43.3152470" lon="3.4714910">
    <ele>5.6</ele>
    <time>2025-05-13T06:49:33Z</time>
   </trkpt>
   <trkpt lat="43.3152460" lon="3.4714900">
    <ele>5.6</ele>
    <time>2025-05-13T06:49:34Z</time>
   </trkpt>
   <trkpt lat="43.3152440" lon="3.4714890">
    <ele>5.6</ele>
    <time>2025-05-13T06:49:35Z</time>
   </trkpt>
   <trkpt lat="43.3152430" lon="3.4714880">
    <ele>5.6</ele>
    <time>2025-05-13T06:49:36Z</time>
   </trkpt>
   <trkpt lat="43.3152410" lon="3.4714870">
    <ele>5.6</ele>
    <time>2025-05-13T06:49:37Z</time>
   </trkpt>
   <trkpt lat="43.3152400" lon="3.4714860">
    <ele>5.6</ele>
    <time>2025-05-13T06:49:38Z</time>
   </trkpt>
   <trkpt lat="43.3152390" lon="3.4714850">
    <ele>5.6</ele>
    <time>2025-05-13T06:49:39Z</time>
   </trkpt>
   <trkpt lat="43.3152370" lon="3.4714840">
    <ele>5.6</ele>
    <time>2025-05-13T06:49:40Z</time>
   </trkpt>
   <trkpt lat="43.3152360" lon="3.4714830">
    <ele>5.6</ele>
    <time>2025-05-13T06:49:41Z</time>
   </trkpt>
   <trkpt lat="43.3152340" lon="3.4714820">
    <ele>5.6</ele>
    <time>2025-05-13T06:49:42Z</time>
   </trkpt>
   <trkpt lat="43.3152330" lon="3.4714810">
    <ele>5.6</ele>
    <time>2025-05-13T06:49:43Z</time>
   </trkpt>
   <trkpt lat="43.3152310" lon="3.4714800">
    <ele>5.6</ele>
    <time>2025-05-13T06:49:44Z</time>
   </trkpt>
   <trkpt lat="43.3152300" lon="3.4714790">
    <ele>5.6</ele>
    <time>2025-05-13T06:49:45Z</time>
   </trkpt>
   <trkpt lat="43.3152280" lon="3.4714780">
    <ele>5.6</ele>
    <time>2025-05-13T06:49:46Z</time>
   </trkpt>
   <trkpt lat="43.3152270" lon="3.4714770">
    <ele>5.6</ele>
    <time>2025-05-13T06:49:47Z</time>
   </trkpt>
   <trkpt lat="43.3152260" lon="3.4714760">
    <ele>5.6</ele>
    <time>2025-05-13T06:49:48Z</time>
   </trkpt>
   <trkpt lat="43.3152240" lon="3.4714750">
    <ele>5.6</ele>
    <time>2025-05-13T06:49:49Z</time>
   </trkpt>
   <trkpt lat="43.3152230" lon="3.4714740">
    <ele>5.6</ele>
    <time>2025-05-13T06:49:50Z</time>
   </trkpt>
   <trkpt lat="43.3152210" lon="3.4714730">
    <ele>5.7</ele>
    <time>2025-05-13T06:49:51Z</time>
   </trkpt>
   <trkpt lat="43.3152200" lon="3.4714720">
    <ele>5.7</ele>
    <time>2025-05-13T06:49:52Z</time>
   </trkpt>
   <trkpt lat="43.3152180" lon="3.4714710">
    <ele>5.7</ele>
    <time>2025-05-13T06:49:53Z</time>
   </trkpt>
   <trkpt lat="43.3152170" lon="3.4714700">
    <ele>5.7</ele>
    <time>2025-05-13T06:49:54Z</time>
   </trkpt>
   <trkpt lat="43.3152160" lon="3.4714690">
    <ele>5.7</ele>
    <time>2025-05-13T06:49:55Z</time>
   </trkpt>
   <trkpt lat="43.3152140" lon="3.4714680">
    <ele>5.7</ele>
    <time>2025-05-13T06:49:56Z</time>
   </trkpt>
   <trkpt lat="43.3152130" lon="3.4714670">
    <ele>5.7</ele>
    <time>2025-05-13T06:49:57Z</time>
   </trkpt>
   <trkpt lat="43.3152110" lon="3.4714660">
    <ele>5.7</ele>
    <time>2025-05-13T06:49:58Z</time>
   </trkpt>
   <trkpt lat="43.3152100" lon="3.4714650">
    <ele>5.7</ele>
    <time>2025-05-13T06:49:59Z</time>
   </trkpt>
   <trkpt lat="43.3152080" lon="3.4714640">
    <ele>5.7</ele>
    <time>2025-05-13T06:50:00Z</time>
   </trkpt>
   <trkpt lat="43.3152070" lon="3.4714630">
    <ele>5.7</ele>
    <time>2025-05-13T06:50:01Z</time>
   </trkpt>
   <trkpt lat="43.3152050" lon="3.4714620">
    <ele>5.7</ele>
    <time>2025-05-13T06:50:02Z</time>
   </trkpt>
   <trkpt lat="43.3152040" lon="3.4714610">
    <ele>5.7</ele>
    <time>2025-05-13T06:50:03Z</time>
   </trkpt>
   <trkpt lat="43.3151880" lon="3.4714500">
    <ele>5.8</ele>
    <time>2025-05-13T06:50:04Z</time>
   </trkpt>
   <trkpt lat="43.3151780" lon="3.4714470">
    <ele>5.8</ele>
    <time>2025-05-13T06:50:05Z</time>
   </trkpt>
   <trkpt lat="43.3151710" lon="3.4714440">
    <ele>5.8</ele>
    <time>2025-05-13T06:50:06Z</time>
   </trkpt>
   <trkpt lat="43.3151680" lon="3.4714450">
    <ele>5.8</ele>
    <time>2025-05-13T06:50:07Z</time>
   </trkpt>
   <trkpt lat="43.3151660" lon="3.4714450">
    <ele>5.8</ele>
    <time>2025-05-13T06:50:08Z</time>
   </trkpt>
   <trkpt lat="43.3151630" lon="3.4714450">
    <ele>5.8</ele>
    <time>2025-05-13T06:50:09Z</time>
   </trkpt>
   <trkpt lat="43.3151610" lon="3.4714450">
    <ele>5.8</ele>
    <time>2025-05-13T06:50:10Z</time>
   </trkpt>
   <trkpt lat="43.3151580" lon="3.4714460">
    <ele>5.8</ele>
    <time>2025-05-13T06:50:11Z</time>
   </trkpt>
   <trkpt lat="43.3151560" lon="3.4714460">
    <ele>5.8</ele>
    <time>2025-05-13T06:50:12Z</time>
   </trkpt>
   <trkpt lat="43.3151540" lon="3.4714460">
    <ele>5.8</ele>
    <time>2025-05-13T06:50:13Z</time>
   </trkpt>
   <trkpt lat="43.3151510" lon="3.4714460">
    <ele>5.8</ele>
    <time>2025-05-13T06:50:14Z</time>
   </trkpt>
   <trkpt lat="43.3151490" lon="3.4714470">
    <ele>5.8</ele>
    <time>2025-05-13T06:50:15Z</time>
   </trkpt>
   <trkpt lat="43.3151460" lon="3.4714470">
    <ele>5.8</ele>
    <time>2025-05-13T06:50:16Z</time>
   </trkpt>
   <trkpt lat="43.3151440" lon="3.4714470">
    <ele>5.8</ele>
    <time>2025-05-13T06:50:17Z</time>
   </trkpt>
   <trkpt lat="43.3151410" lon="3.4714470">
    <ele>5.8</ele>
    <time>2025-05-13T06:50:18Z</time>
   </trkpt>
   <trkpt lat="43.3151390" lon="3.4714480">
    <ele>5.8</ele>
    <time>2025-05-13T06:50:19Z</time>
   </trkpt>
   <trkpt lat="43.3151360" lon="3.4714480">
    <ele>5.8</ele>
    <time>2025-05-13T06:50:20Z</time>
   </trkpt>
   <trkpt lat="43.3151340" lon="3.4714480">
    <ele>5.8</ele>
    <time>2025-05-13T06:50:21Z</time>
   </trkpt>
   <trkpt lat="43.3151320" lon="3.4714480">
    <ele>5.8</ele>
    <time>2025-05-13T06:50:22Z</time>
   </trkpt>
   <trkpt lat="43.3151290" lon="3.4714490">
    <ele>5.8</ele>
    <time>2025-05-13T06:50:23Z</time>
   </trkpt>
   <trkpt lat="43.3151270" lon="3.4714490">
    <ele>5.8</ele>
    <time>2025-05-13T06:50:24Z</time>
   </trkpt>
   <trkpt lat="43.3151240" lon="3.4714490">
    <ele>5.8</ele>
    <time>2025-05-13T06:50:25Z</time>
   </trkpt>
   <trkpt lat="43.3151220" lon="3.4714490">
    <ele>5.8</ele>
    <time>2025-05-13T06:50:26Z</time>
   </trkpt>
   <trkpt lat="43.3151190" lon="3.4714500">
    <ele>5.9</ele>
    <time>2025-05-13T06:50:27Z</time>
   </trkpt>
   <trkpt lat="43.3151170" lon="3.4714500">
    <ele>5.9</ele>
    <time>2025-05-13T06:50:28Z</time>
   </trkpt>
   <trkpt lat="43.3150890" lon="3.4714690">
    <ele>5.9</ele>
    <time>2025-05-13T06:50:29Z</time>
   </trkpt>
   <trkpt lat="43.3150640" lon="3.4714900">
    <ele>5.9</ele>
    <time>2025-05-13T06:50:30Z</time>
   </trkpt>
   <trkpt lat="43.3150400" lon="3.4715130">
    <ele>6.0</ele>
    <time>2025-05-13T06:50:31Z</time>
   </trkpt>
   <trkpt lat="43.3150150" lon="3.4715370">
    <ele>6.0</ele>
    <time>2025-05-13T06:50:32Z</time>
   </trkpt>
   <trkpt lat="43.3149880" lon="3.4715650">
    <ele>6.0</ele>
    <time>2025-05-13T06:50:33Z</time>
   </trkpt>
   <trkpt lat="43.3149610" lon="3.4715930">
    <ele>6.0</ele>
    <time>2025-05-13T06:50:34Z</time>
   </trkpt>
   <trkpt lat="43.3149360" lon="3.4716170">
    <ele>6.0</ele>
    <time>2025-05-13T06:50:35Z</time>
   </trkpt>
   <trkpt lat="43.3149130" lon="3.4716430">
    <ele>6.1</ele>
    <time>2025-05-13T06:50:36Z</time>
   </trkpt>
   <trkpt lat="43.3148910" lon="3.4716680">
    <ele>6.1</ele>
    <time>2025-05-13T06:50:37Z</time>
   </trkpt>
   <trkpt lat="43.3148650" lon="3.4716960">
    <ele>6.1</ele>
    <time>2025-05-13T06:50:38Z</time>
   </trkpt>
   <trkpt lat="43.3148380" lon="3.4717200">
    <ele>6.1</ele>
    <time>2025-05-13T06:50:39Z</time>
   </trkpt>
   <trkpt lat="43.3148080" lon="3.4717470">
    <ele>6.2</ele>
    <time>2025-05-13T06:50:40Z</time>
   </trkpt>
   <trkpt lat="43.3147780" lon="3.4717750">
    <ele>6.2</ele>
    <time>2025-05-13T06:50:41Z</time>
   </trkpt>
   <trkpt lat="43.3147470" lon="3.4718070">
    <ele>6.2</ele>
    <time>2025-05-13T06:50:42Z</time>
   </trkpt>
   <trkpt lat="43.3147170" lon="3.4718410">
    <ele>6.2</ele>
    <time>2025-05-13T06:50:43Z</time>
   </trkpt>
   <trkpt lat="43.3146820" lon="3.4718730">
    <ele>6.3</ele>
    <time>2025-05-13T06:50:44Z</time>
   </trkpt>
   <trkpt lat="43.3146490" lon="3.4719060">
    <ele>6.3</ele>
    <time>2025-05-13T06:50:45Z</time>
   </trkpt>
   <trkpt lat="43.3146140" lon="3.4719410">
    <ele>6.3</ele>
    <time>2025-05-13T06:50:46Z</time>
   </trkpt>
   <trkpt lat="43.3145740" lon="3.4719760">
    <ele>6.4</ele>
    <time>2025-05-13T06:50:47Z</time>
   </trkpt>
   <trkpt lat="43.3145320" lon="3.4720050">
    <ele>6.5</ele>
    <time>2025-05-13T06:50:48Z</time>
   </trkpt>
   <trkpt lat="43.3144900" lon="3.4720300">
    <ele>6.5</ele>
    <time>2025-05-13T06:50:49Z</time>
   </trkpt>
   <trkpt lat="43.3144480" lon="3.4720500">
    <ele>6.6</ele>
    <time>2025-05-13T06:50:50Z</time>
   </trkpt>
   <trkpt lat="43.3144040" lon="3.4720650">
    <ele>6.7</ele>
    <time>2025-05-13T06:50:51Z</time>
   </trkpt>
   <trkpt lat="43.3143570" lon="3.4720760">
    <ele>6.8</ele>
    <time>2025-05-13T06:50:52Z</time>
   </trkpt>
   <trkpt lat="43.3143120" lon="3.4720890">
    <ele>6.9</ele>
    <time>2025-05-13T06:50:53Z</time>
   </trkpt>
   <trkpt lat="43.3142660" lon="3.4721010">
    <ele>6.9</ele>
    <time>2025-05-13T06:50:54Z</time>
   </trkpt>
   <trkpt lat="43.3142230" lon="3.4721110">
    <ele>7.0</ele>
    <time>2025-05-13T06:50:55Z</time>
   </trkpt>
   <trkpt lat="43.3141830" lon="3.4721210">
    <ele>7.1</ele>
    <time>2025-05-13T06:50:56Z</time>
   </trkpt>
   <trkpt lat="43.3141420" lon="3.4721330">
    <ele>7.2</ele>
    <time>2025-05-13T06:50:57Z</time>
   </trkpt>
   <trkpt lat="43.3141020" lon="3.4721420">
    <ele>7.3</ele>
    <time>2025-05-13T06:50:58Z</time>
   </trkpt>
   <trkpt lat="43.3140570" lon="3.4721560">
    <ele>7.4</ele>
    <time>2025-05-13T06:50:59Z</time>
   </trkpt>
   <trkpt lat="43.3140130" lon="3.4721680">
    <ele>7.5</ele>
    <time>2025-05-13T06:51:00Z</time>
   </trkpt>
   <trkpt lat="43.3139690" lon="3.4721770">
    <ele>7.6</ele>
    <time>2025-05-13T06:51:01Z</time>
   </trkpt>
   <trkpt lat="43.3139250" lon="3.4721880">
    <ele>7.7</ele>
    <time>2025-05-13T06:51:02Z</time>
   </trkpt>
   <trkpt lat="43.3138810" lon="3.4721960">
    <ele>7.8</ele>
    <time>2025-05-13T06:51:03Z</time>
   </trkpt>
   <trkpt lat="43.3138380" lon="3.4722060">
    <ele>7.9</ele>
    <time>2025-05-13T06:51:04Z</time>
   </trkpt>
   <trkpt lat="43.3137940" lon="3.4722160">
    <ele>8.1</ele>
    <time>2025-05-13T06:51:05Z</time>
   </trkpt>
   <trkpt lat="43.3137520" lon="3.4722250">
    <ele>8.3</ele>
    <time>2025-05-13T06:51:06Z</time>
   </trkpt>
   <trkpt lat="43.3137130" lon="3.4722330">
    <ele>8.4</ele>
    <time>2025-05-13T06:51:07Z</time>
   </trkpt>
   <trkpt lat="43.3136750" lon="3.4722390">
    <ele>8.6</ele>
    <time>2025-05-13T06:51:08Z</time>
   </trkpt>
   <trkpt lat="43.3136370" lon="3.4722430">
    <ele>8.7</ele>
    <time>2025-05-13T06:51:09Z</time>
   </trkpt>
   <trkpt lat="43.3136000" lon="3.4722450">
    <ele>8.8</ele>
    <time>2025-05-13T06:51:10Z</time>
   </trkpt>
   <trkpt lat="43.3135660" lon="3.4722370">
    <ele>8.9</ele>
    <time>2025-05-13T06:51:11Z</time>
   </trkpt>
   <trkpt lat="43.3135320" lon="3.4722290">
    <ele>9.0</ele>
    <time>2025-05-13T06:51:12Z</time>
   </trkpt>
   <trkpt lat="43.3135000" lon="3.4722280">
    <ele>9.1</ele>
    <time>2025-05-13T06:51:13Z</time>
   </trkpt>
   <trkpt lat="43.3134720" lon="3.4722390">
    <ele>9.1</ele>
    <time>2025-05-13T06:51:14Z</time>
   </trkpt>
   <trkpt lat="43.3134440" lon="3.4722560">
    <ele>9.1</ele>
    <time>2025-05-13T06:51:15Z</time>
   </trkpt>
   <trkpt lat="43.3134200" lon="3.4722820">
    <ele>9.1</ele>
    <time>2025-05-13T06:51:16Z</time>
   </trkpt>
   <trkpt lat="43.3133970" lon="3.4723130">
    <ele>9.1</ele>
    <time>2025-05-13T06:51:17Z</time>
   </trkpt>
   <trkpt lat="43.3133700" lon="3.4723530">
    <ele>9.2</ele>
    <time>2025-05-13T06:51:18Z</time>
   </trkpt>
   <trkpt lat="43.3133470" lon="3.4723890">
    <ele>9.2</ele>
    <time>2025-05-13T06:51:19Z</time>
   </trkpt>
   <trkpt lat="43.3133210" lon="3.4724320">
    <ele>9.2</ele>
    <time>2025-05-13T06:51:20Z</time>
   </trkpt>
   <trkpt lat="43.3132970" lon="3.4724720">
    <ele>9.2</ele>
    <time>2025-05-13T06:51:21Z</time>
   </trkpt>
   <trkpt lat="43.3132730" lon="3.4725120">
    <ele>9.2</ele>
    <time>2025-05-13T06:51:22Z</time>
   </trkpt>
   <trkpt lat="43.3132500" lon="3.4725570">
    <ele>9.3</ele>
    <time>2025-05-13T06:51:23Z</time>
   </trkpt>
   <trkpt lat="43.3132270" lon="3.4726020">
    <ele>9.3</ele>
    <time>2025-05-13T06:51:24Z</time>
   </trkpt>
   <trkpt lat="43.3132050" lon="3.4726520">
    <ele>9.3</ele>
    <time>2025-05-13T06:51:25Z</time>
   </trkpt>
   <trkpt lat="43.3131850" lon="3.4726990">
    <ele>9.4</ele>
    <time>2025-05-13T06:51:26Z</time>
   </trkpt>
   <trkpt lat="43.3131650" lon="3.4727490">
    <ele>9.5</ele>
    <time>2025-05-13T06:51:27Z</time>
   </trkpt>
   <trkpt lat="43.3131450" lon="3.4727980">
    <ele>9.5</ele>
    <time>2025-05-13T06:51:28Z</time>
   </trkpt>
   <trkpt lat="43.3131250" lon="3.4728480">
    <ele>9.6</ele>
    <time>2025-05-13T06:51:29Z</time>
   </trkpt>
   <trkpt lat="43.3131030" lon="3.4728990">
    <ele>9.7</ele>
    <time>2025-05-13T06:51:30Z</time>
   </trkpt>
   <trkpt lat="43.3130800" lon="3.4729510">
    <ele>9.7</ele>
    <time>2025-05-13T06:51:31Z</time>
   </trkpt>
   <trkpt lat="43.3130560" lon="3.4730020">
    <ele>9.8</ele>
    <time>2025-05-13T06:51:32Z</time>
   </trkpt>
   <trkpt lat="43.3130340" lon="3.4730510">
    <ele>9.8</ele>
    <time>2025-05-13T06:51:33Z</time>
   </trkpt>
   <trkpt lat="43.3130130" lon="3.4730980">
    <ele>9.9</ele>
    <time>2025-05-13T06:51:34Z</time>
   </trkpt>
   <trkpt lat="43.3129910" lon="3.4731450">
    <ele>10.0</ele>
    <time>2025-05-13T06:51:35Z</time>
   </trkpt>
   <trkpt lat="43.3129690" lon="3.4731930">
    <ele>10.0</ele>
    <time>2025-05-13T06:51:36Z</time>
   </trkpt>
   <trkpt lat="43.3129470" lon="3.4732420">
    <ele>10.1</ele>
    <time>2025-05-13T06:51:37Z</time>
   </trkpt>
   <trkpt lat="43.3129270" lon="3.4732910">
    <ele>10.2</ele>
    <time>2025-05-13T06:51:38Z</time>
   </trkpt>
   <trkpt lat="43.3129060" lon="3.4733420">
    <ele>10.2</ele>
    <time>2025-05-13T06:51:39Z</time>
   </trkpt>
   <trkpt lat="43.3128870" lon="3.4733950">
    <ele>10.3</ele>
    <time>2025-05-13T06:51:40Z</time>
   </trkpt>
   <trkpt lat="43.3128680" lon="3.4734490">
    <ele>10.4</ele>
    <time>2025-05-13T06:51:41Z</time>
   </trkpt>
   <trkpt lat="43.3128490" lon="3.4735050">
    <ele>10.5</ele>
    <time>2025-05-13T06:51:42Z</time>
   </trkpt>
   <trkpt lat="43.3128290" lon="3.4735610">
    <ele>10.6</ele>
    <time>2025-05-13T06:51:43Z</time>
   </trkpt>
   <trkpt lat="43.3128100" lon="3.4736180">
    <ele>10.7</ele>
    <time>2025-05-13T06:51:44Z</time>
   </trkpt>
   <trkpt lat="43.3127900" lon="3.4736730">
    <ele>10.7</ele>
    <time>2025-05-13T06:51:45Z</time>
   </trkpt>
   <trkpt lat="43.3127690" lon="3.4737270">
    <ele>10.8</ele>
    <time>2025-05-13T06:51:46Z</time>
   </trkpt>
   <trkpt lat="43.3127440" lon="3.4737800">
    <ele>10.9</ele>
    <time>2025-05-13T06:51:47Z</time>
   </trkpt>
   <trkpt lat="43.3127150" lon="3.4738290">
    <ele>11.0</ele>
    <time>2025-05-13T06:51:48Z</time>
   </trkpt>
   <trkpt lat="43.3126860" lon="3.4738790">
    <ele>11.0</ele>
    <time>2025-05-13T06:51:49Z</time>
   </trkpt>
   <trkpt lat="43.3126620" lon="3.4739260">
    <ele>11.1</ele>
    <time>2025-05-13T06:51:50Z</time>
   </trkpt>
   <trkpt lat="43.3126430" lon="3.4739740">
    <ele>11.2</ele>
    <time>2025-05-13T06:51:51Z</time>
   </trkpt>
   <trkpt lat="43.3126210" lon="3.4740230">
    <ele>11.2</ele>
    <time>2025-05-13T06:51:52Z</time>
   </trkpt>
   <trkpt lat="43.3126010" lon="3.4740750">
    <ele>11.3</ele>
    <time>2025-05-13T06:51:53Z</time>
   </trkpt>
   <trkpt lat="43.3125830" lon="3.4741280">
    <ele>11.4</ele>
    <time>2025-05-13T06:51:54Z</time>
   </trkpt>
   <trkpt lat="43.3125640" lon="3.4741830">
    <ele>11.4</ele>
    <time>2025-05-13T06:51:55Z</time>
   </trkpt>
   <trkpt lat="43.3125460" lon="3.4742340">
    <ele>11.5</ele>
    <time>2025-05-13T06:51:56Z</time>
   </trkpt>
   <trkpt lat="43.3125290" lon="3.4742800">
    <ele>11.6</ele>
    <time>2025-05-13T06:51:57Z</time>
   </trkpt>
   <trkpt lat="43.3125130" lon="3.4743210">
    <ele>11.6</ele>
    <time>2025-05-13T06:51:58Z</time>
   </trkpt>
   <trkpt lat="43.3124960" lon="3.4743610">
    <ele>11.7</ele>
    <time>2025-05-13T06:51:59Z</time>
   </trkpt>
   <trkpt lat="43.3124840" lon="3.4743990">
    <ele>11.7</ele>
    <time>2025-05-13T06:52:00Z</time>
   </trkpt>
   <trkpt lat="43.3124730" lon="3.4744330">
    <ele>11.8</ele>
    <time>2025-05-13T06:52:01Z</time>
   </trkpt>
   <trkpt lat="43.3124580" lon="3.4744720">
    <ele>11.8</ele>
    <time>2025-05-13T06:52:02Z</time>
   </trkpt>
   <trkpt lat="43.3124530" lon="3.4744850">
    <ele>11.8</ele>
    <time>2025-05-13T06:52:03Z</time>
   </trkpt>
   <trkpt lat="43.3124430" lon="3.4745250">
    <ele>11.9</ele>
    <time>2025-05-13T06:52:04Z</time>
   </trkpt>
   <trkpt lat="43.3124380" lon="3.4745360">
    <ele>11.9</ele>
    <time>2025-05-13T06:52:05Z</time>
   </trkpt>
   <trkpt lat="43.3124320" lon="3.4745560">
    <ele>11.9</ele>
    <time>2025-05-13T06:52:06Z</time>
   </trkpt>
   <trkpt lat="43.3124280" lon="3.4745700">
    <ele>11.9</ele>
    <time>2025-05-13T06:52:07Z</time>
   </trkpt>
   <trkpt lat="43.3124250" lon="3.4745780">
    <ele>11.9</ele>
    <time>2025-05-13T06:52:08Z</time>
   </trkpt>
   <trkpt lat="43.3124210" lon="3.4745850">
    <ele>11.9</ele>
    <time>2025-05-13T06:52:09Z</time>
   </trkpt>
   <trkpt lat="43.3124200" lon="3.4745930">
    <ele>12.0</ele>
    <time>2025-05-13T06:52:10Z</time>
   </trkpt>
   <trkpt lat="43.3124180" lon="3.4746000">
    <ele>12.0</ele>
    <time>2025-05-13T06:52:11Z</time>
   </trkpt>
   <trkpt lat="43.3124160" lon="3.4746080">
    <ele>12.0</ele>
    <time>2025-05-13T06:52:12Z</time>
   </trkpt>
   <trkpt lat="43.3124140" lon="3.4746150">
    <ele>12.0</ele>
    <time>2025-05-13T06:52:13Z</time>
   </trkpt>
   <trkpt lat="43.3124130" lon="3.4746230">
    <ele>12.0</ele>
    <time>2025-05-13T06:52:14Z</time>
   </trkpt>
   <trkpt lat="43.3124110" lon="3.4746300">
    <ele>12.0</ele>
    <time>2025-05-13T06:52:15Z</time>
   </trkpt>
   <trkpt lat="43.3124090" lon="3.4746370">
    <ele>12.0</ele>
    <time>2025-05-13T06:52:16Z</time>
   </trkpt>
   <trkpt lat="43.3124080" lon="3.4746450">
    <ele>12.0</ele>
    <time>2025-05-13T06:52:17Z</time>
   </trkpt>
   <trkpt lat="43.3124060" lon="3.4746520">
    <ele>12.0</ele>
    <time>2025-05-13T06:52:18Z</time>
   </trkpt>
   <trkpt lat="43.3124040" lon="3.4746600">
    <ele>12.0</ele>
    <time>2025-05-13T06:52:19Z</time>
   </trkpt>
   <trkpt lat="43.3124020" lon="3.4746670">
    <ele>12.1</ele>
    <time>2025-05-13T06:52:20Z</time>
   </trkpt>
   <trkpt lat="43.3124010" lon="3.4746750">
    <ele>12.1</ele>
    <time>2025-05-13T06:52:21Z</time>
   </trkpt>
   <trkpt lat="43.3123990" lon="3.4746820">
    <ele>12.1</ele>
    <time>2025-05-13T06:52:22Z</time>
   </trkpt>
   <trkpt lat="43.3123830" lon="3.4747330">
    <ele>12.2</ele>
    <time>2025-05-13T06:52:23Z</time>
   </trkpt>
   <trkpt lat="43.3123640" lon="3.4747750">
    <ele>12.2</ele>
    <time>2025-05-13T06:52:24Z</time>
   </trkpt>
   <trkpt lat="43.3123470" lon="3.4748190">
    <ele>12.3</ele>
    <time>2025-05-13T06:52:25Z</time>
   </trkpt>
   <trkpt lat="43.3123300" lon="3.4748660">
    <ele>12.4</ele>
    <time>2025-05-13T06:52:26Z</time>
   </trkpt>
   <trkpt lat="43.3123120" lon="3.4749130">
    <ele>12.4</ele>
    <time>2025-05-13T06:52:27Z</time>
   </trkpt>
   <trkpt lat="43.3122920" lon="3.4749560">
    <ele>12.5</ele>
    <time>2025-05-13T06:52:28Z</time>
   </trkpt>
   <trkpt lat="43.3122750" lon="3.4750020">
    <ele>12.6</ele>
    <time>2025-05-13T06:52:29Z</time>
   </trkpt>
   <trkpt lat="43.3122580" lon="3.4750540">
    <ele>12.6</ele>
    <time>2025-05-13T06:52:30Z</time>
   </trkpt>
   <trkpt lat="43.3122380" lon="3.4751060">
    <ele>12.7</ele>
    <time>2025-05-13T06:52:31Z</time>
   </trkpt>
   <trkpt lat="43.3122230" lon="3.4751590">
    <ele>12.7</ele>
    <time>2025-05-13T06:52:32Z</time>
   </trkpt>
   <trkpt lat="43.3122060" lon="3.4752110">
    <ele>12.8</ele>
    <time>2025-05-13T06:52:33Z</time>
   </trkpt>
   <trkpt lat="43.3121880" lon="3.4752620">
    <ele>12.8</ele>
    <time>2025-05-13T06:52:34Z</time>
   </trkpt>
   <trkpt lat="43.3121660" lon="3.4753120">
    <ele>12.9</ele>
    <time>2025-05-13T06:52:35Z</time>
   </trkpt>
   <trkpt lat="43.3121420" lon="3.4753600">
    <ele>12.9</ele>
    <time>2025-05-13T06:52:36Z</time>
   </trkpt>
   <trkpt lat="43.3121200" lon="3.4754130">
    <ele>13.0</ele>
    <time>2025-05-13T06:52:37Z</time>
   </trkpt>
   <trkpt lat="43.3121000" lon="3.4754660">
    <ele>13.0</ele>
    <time>2025-05-13T06:52:38Z</time>
   </trkpt>
   <trkpt lat="43.3120800" lon="3.4755180">
    <ele>13.1</ele>
    <time>2025-05-13T06:52:39Z</time>
   </trkpt>
   <trkpt lat="43.3120560" lon="3.4755680">
    <ele>13.2</ele>
    <time>2025-05-13T06:52:40Z</time>
   </trkpt>
   <trkpt lat="43.3120320" lon="3.4756170">
    <ele>13.2</ele>
    <time>2025-05-13T06:52:41Z</time>
   </trkpt>
   <trkpt lat="43.3120070" lon="3.4756640">
    <ele>13.3</ele>
    <time>2025-05-13T06:52:42Z</time>
   </trkpt>
   <trkpt lat="43.3119810" lon="3.4757070">
    <ele>13.4</ele>
    <time>2025-05-13T06:52:43Z</time>
   </trkpt>
   <trkpt lat="43.3119560" lon="3.4757490">
    <ele>13.4</ele>
    <time>2025-05-13T06:52:44Z</time>
   </trkpt>
   <trkpt lat="43.3119330" lon="3.4757930">
    <ele>13.5</ele>
    <time>2025-05-13T06:52:45Z</time>
   </trkpt>
   <trkpt lat="43.3119120" lon="3.4758370">
    <ele>13.5</ele>
    <time>2025-05-13T06:52:46Z</time>
   </trkpt>
   <trkpt lat="43.3118900" lon="3.4758850">
    <ele>13.6</ele>
    <time>2025-05-13T06:52:47Z</time>
   </trkpt>
   <trkpt lat="43.3118660" lon="3.4759350">
    <ele>13.7</ele>
    <time>2025-05-13T06:52:48Z</time>
   </trkpt>
   <trkpt lat="43.3118430" lon="3.4759850">
    <ele>13.7</ele>
    <time>2025-05-13T06:52:49Z</time>
   </trkpt>
   <trkpt lat="43.3118230" lon="3.4760330">
    <ele>13.8</ele>
    <time>2025-05-13T06:52:50Z</time>
   </trkpt>
   <trkpt lat="43.3118040" lon="3.4760840">
    <ele>13.8</ele>
    <time>2025-05-13T06:52:51Z</time>
   </trkpt>
   <trkpt lat="43.3117850" lon="3.4761350">
    <ele>13.8</ele>
    <time>2025-05-13T06:52:52Z</time>
   </trkpt>
   <trkpt lat="43.3117630" lon="3.4761900">
    <ele>13.9</ele>
    <time>2025-05-13T06:52:53Z</time>
   </trkpt>
   <trkpt lat="43.3117400" lon="3.4762470">
    <ele>13.9</ele>
    <time>2025-05-13T06:52:54Z</time>
   </trkpt>
   <trkpt lat="43.3117170" lon="3.4763050">
    <ele>14.0</ele>
    <time>2025-05-13T06:52:55Z</time>
   </trkpt>
   <trkpt lat="43.3116940" lon="3.4763670">
    <ele>14.0</ele>
    <time>2025-05-13T06:52:56Z</time>
   </trkpt>
   <trkpt lat="43.3116700" lon="3.4764320">
    <ele>14.1</ele>
    <time>2025-05-13T06:52:57Z</time>
   </trkpt>
   <trkpt lat="43.3116440" lon="3.4764960">
    <ele>14.1</ele>
    <time>2025-05-13T06:52:58Z</time>
   </trkpt>
   <trkpt lat="43.3116130" lon="3.4765580">
    <ele>14.2</ele>
    <time>2025-05-13T06:52:59Z</time>
   </trkpt>
   <trkpt lat="43.3115840" lon="3.4766190">
    <ele>14.2</ele>
    <time>2025-05-13T06:53:00Z</time>
   </trkpt>
   <trkpt lat="43.3115550" lon="3.4766790">
    <ele>14.3</ele>
    <time>2025-05-13T06:53:01Z</time>
   </trkpt>
   <trkpt lat="43.3115280" lon="3.4767420">
    <ele>14.3</ele>
    <time>2025-05-13T06:53:02Z</time>
   </trkpt>
   <trkpt lat="43.3115030" lon="3.4768050">
    <ele>14.4</ele>
    <time>2025-05-13T06:53:03Z</time>
   </trkpt>
   <trkpt lat="43.3114790" lon="3.4768700">
    <ele>14.4</ele>
    <time>2025-05-13T06:53:04Z</time>
   </trkpt>
   <trkpt lat="43.3114560" lon="3.4769330">
    <ele>14.5</ele>
    <time>2025-05-13T06:53:05Z</time>
   </trkpt>
   <trkpt lat="43.3114340" lon="3.4769980">
    <ele>14.5</ele>
    <time>2025-05-13T06:53:06Z</time>
   </trkpt>
   <trkpt lat="43.3114060" lon="3.4770580">
    <ele>14.6</ele>
    <time>2025-05-13T06:53:07Z</time>
   </trkpt>
   <trkpt lat="43.3113830" lon="3.4771110">
    <ele>14.6</ele>
    <time>2025-05-13T06:53:08Z</time>
   </trkpt>
   <trkpt lat="43.3113570" lon="3.4771630">
    <ele>14.6</ele>
    <time>2025-05-13T06:53:09Z</time>
   </trkpt>
   <trkpt lat="43.3113260" lon="3.4772180">
    <ele>14.7</ele>
    <time>2025-05-13T06:53:10Z</time>
   </trkpt>
   <trkpt lat="43.3113010" lon="3.4772760">
    <ele>14.7</ele>
    <time>2025-05-13T06:53:11Z</time>
   </trkpt>
   <trkpt lat="43.3112790" lon="3.4773340">
    <ele>14.7</ele>
    <time>2025-05-13T06:53:12Z</time>
   </trkpt>
   <trkpt lat="43.3112680" lon="3.4773980">
    <ele>14.8</ele>
    <time>2025-05-13T06:53:13Z</time>
   </trkpt>
   <trkpt lat="43.3112600" lon="3.4774640">
    <ele>14.8</ele>
    <time>2025-05-13T06:53:14Z</time>
   </trkpt>
   <trkpt lat="43.3112570" lon="3.4775350">
    <ele>14.8</ele>
    <time>2025-05-13T06:53:15Z</time>
   </trkpt>
   <trkpt lat="43.3112540" lon="3.4776060">
    <ele>14.8</ele>
    <time>2025-05-13T06:53:16Z</time>
   </trkpt>
   <trkpt lat="43.3112490" lon="3.4776770">
    <ele>14.9</ele>
    <time>2025-05-13T06:53:17Z</time>
   </trkpt>
   <trkpt lat="43.3112430" lon="3.4777510">
    <ele>14.9</ele>
    <time>2025-05-13T06:53:18Z</time>
   </trkpt>
   <trkpt lat="43.3112350" lon="3.4778250">
    <ele>15.0</ele>
    <time>2025-05-13T06:53:19Z</time>
   </trkpt>
   <trkpt lat="43.3112250" lon="3.4778990">
    <ele>15.0</ele>
    <time>2025-05-13T06:53:20Z</time>
   </trkpt>
   <trkpt lat="43.3112140" lon="3.4779720">
    <ele>15.0</ele>
    <time>2025-05-13T06:53:21Z</time>
   </trkpt>
   <trkpt lat="43.3112010" lon="3.4780410">
    <ele>15.1</ele>
    <time>2025-05-13T06:53:22Z</time>
   </trkpt>
   <trkpt lat="43.3111870" lon="3.4780980">
    <ele>15.1</ele>
    <time>2025-05-13T06:53:23Z</time>
   </trkpt>
   <trkpt lat="43.3111720" lon="3.4781380">
    <ele>15.1</ele>
    <time>2025-05-13T06:53:24Z</time>
   </trkpt>
   <trkpt lat="43.3111550" lon="3.4781710">
    <ele>15.1</ele>
    <time>2025-05-13T06:53:25Z</time>
   </trkpt>
   <trkpt lat="43.3111500" lon="3.4781780">
    <ele>15.1</ele>
    <time>2025-05-13T06:53:26Z</time>
   </trkpt>
   <trkpt lat="43.3111390" lon="3.4781810">
    <ele>15.1</ele>
    <time>2025-05-13T06:53:27Z</time>
   </trkpt>
   <trkpt lat="43.3111390" lon="3.4781810">
    <ele>15.1</ele>
    <time>2025-05-13T06:53:28Z</time>
   </trkpt>
   <trkpt lat="43.3111380" lon="3.4781820">
    <ele>15.1</ele>
    <time>2025-05-13T06:53:29Z</time>
   </trkpt>
   <trkpt lat="43.3111380" lon="3.4781820">
    <ele>15.1</ele>
    <time>2025-05-13T06:53:30Z</time>
   </trkpt>
   <trkpt lat="43.3111370" lon="3.4781820">
    <ele>15.1</ele>
    <time>2025-05-13T06:53:31Z</time>
   </trkpt>
   <trkpt lat="43.3111360" lon="3.4781820">
    <ele>15.1</ele>
    <time>2025-05-13T06:53:32Z</time>
   </trkpt>
   <trkpt lat="43.3111360" lon="3.4781830">
    <ele>15.1</ele>
    <time>2025-05-13T06:53:33Z</time>
   </trkpt>
   <trkpt lat="43.3111350" lon="3.4781830">
    <ele>15.1</ele>
    <time>2025-05-13T06:53:34Z</time>
   </trkpt>
   <trkpt lat="43.3111340" lon="3.4781830">
    <ele>15.1</ele>
    <time>2025-05-13T06:53:35Z</time>
   </trkpt>
   <trkpt lat="43.3111340" lon="3.4781830">
    <ele>15.1</ele>
    <time>2025-05-13T06:53:36Z</time>
   </trkpt>
   <trkpt lat="43.3111330" lon="3.4781840">
    <ele>15.1</ele>
    <time>2025-05-13T06:53:37Z</time>
   </trkpt>
   <trkpt lat="43.3111330" lon="3.4781840">
    <ele>15.1</ele>
    <time>2025-05-13T06:53:38Z</time>
   </trkpt>
   <trkpt lat="43.3111320" lon="3.4781840">
    <ele>15.1</ele>
    <time>2025-05-13T06:53:39Z</time>
   </trkpt>
   <trkpt lat="43.3111310" lon="3.4781840">
    <ele>15.1</ele>
    <time>2025-05-13T06:53:40Z</time>
   </trkpt>
   <trkpt lat="43.3111310" lon="3.4781840">
    <ele>15.1</ele>
    <time>2025-05-13T06:53:41Z</time>
   </trkpt>
   <trkpt lat="43.3111300" lon="3.4781850">
    <ele>15.1</ele>
    <time>2025-05-13T06:53:42Z</time>
   </trkpt>
   <trkpt lat="43.3111290" lon="3.4781850">
    <ele>15.1</ele>
    <time>2025-05-13T06:53:43Z</time>
   </trkpt>
   <trkpt lat="43.3111290" lon="3.4781850">
    <ele>15.1</ele>
    <time>2025-05-13T06:53:44Z</time>
   </trkpt>
   <trkpt lat="43.3111280" lon="3.4781850">
    <ele>15.1</ele>
    <time>2025-05-13T06:53:45Z</time>
   </trkpt>
   <trkpt lat="43.3111280" lon="3.4781860">
    <ele>15.1</ele>
    <time>2025-05-13T06:53:46Z</time>
   </trkpt>
   <trkpt lat="43.3111270" lon="3.4781860">
    <ele>15.1</ele>
    <time>2025-05-13T06:53:47Z</time>
   </trkpt>
   <trkpt lat="43.3111260" lon="3.4781860">
    <ele>15.1</ele>
    <time>2025-05-13T06:53:48Z</time>
   </trkpt>
   <trkpt lat="43.3111260" lon="3.4781860">
    <ele>15.1</ele>
    <time>2025-05-13T06:53:49Z</time>
   </trkpt>
   <trkpt lat="43.3111250" lon="3.4781860">
    <ele>15.1</ele>
    <time>2025-05-13T06:53:50Z</time>
   </trkpt>
   <trkpt lat="43.3111240" lon="3.4781870">
    <ele>15.1</ele>
    <time>2025-05-13T06:53:51Z</time>
   </trkpt>
   <trkpt lat="43.3111240" lon="3.4781870">
    <ele>15.1</ele>
    <time>2025-05-13T06:53:52Z</time>
   </trkpt>
   <trkpt lat="43.3111230" lon="3.4781870">
    <ele>15.1</ele>
    <time>2025-05-13T06:53:53Z</time>
   </trkpt>
   <trkpt lat="43.3111230" lon="3.4781870">
    <ele>15.1</ele>
    <time>2025-05-13T06:53:54Z</time>
   </trkpt>
   <trkpt lat="43.3111220" lon="3.4781880">
    <ele>15.1</ele>
    <time>2025-05-13T06:53:55Z</time>
   </trkpt>
   <trkpt lat="43.3111210" lon="3.4781880">
    <ele>15.1</ele>
    <time>2025-05-13T06:53:56Z</time>
   </trkpt>
   <trkpt lat="43.3111210" lon="3.4781880">
    <ele>15.1</ele>
    <time>2025-05-13T06:53:57Z</time>
   </trkpt>
   <trkpt lat="43.3111200" lon="3.4781880">
    <ele>15.1</ele>
    <time>2025-05-13T06:53:58Z</time>
   </trkpt>
   <trkpt lat="43.3111190" lon="3.4781890">
    <ele>15.1</ele>
    <time>2025-05-13T06:53:59Z</time>
   </trkpt>
   <trkpt lat="43.3111190" lon="3.4781890">
    <ele>15.1</ele>
    <time>2025-05-13T06:54:00Z</time>
   </trkpt>
   <trkpt lat="43.3111180" lon="3.4781890">
    <ele>15.1</ele>
    <time>2025-05-13T06:54:01Z</time>
   </trkpt>
   <trkpt lat="43.3111180" lon="3.4781890">
    <ele>15.1</ele>
    <time>2025-05-13T06:54:02Z</time>
   </trkpt>
   <trkpt lat="43.3111170" lon="3.4781890">
    <ele>15.1</ele>
    <time>2025-05-13T06:54:03Z</time>
   </trkpt>
   <trkpt lat="43.3111160" lon="3.4781900">
    <ele>15.1</ele>
    <time>2025-05-13T06:54:04Z</time>
   </trkpt>
   <trkpt lat="43.3111160" lon="3.4781900">
    <ele>15.1</ele>
    <time>2025-05-13T06:54:05Z</time>
   </trkpt>
   <trkpt lat="43.3111150" lon="3.4781900">
    <ele>15.1</ele>
    <time>2025-05-13T06:54:06Z</time>
   </trkpt>
   <trkpt lat="43.3111140" lon="3.4781900">
    <ele>15.1</ele>
    <time>2025-05-13T06:54:07Z</time>
   </trkpt>
   <trkpt lat="43.3111140" lon="3.4781910">
    <ele>15.1</ele>
    <time>2025-05-13T06:54:08Z</time>
   </trkpt>
   <trkpt lat="43.3111130" lon="3.4781910">
    <ele>15.1</ele>
    <time>2025-05-13T06:54:09Z</time>
   </trkpt>
   <trkpt lat="43.3111130" lon="3.4781910">
    <ele>15.1</ele>
    <time>2025-05-13T06:54:10Z</time>
   </trkpt>
   <trkpt lat="43.3111120" lon="3.4781910">
    <ele>15.2</ele>
    <time>2025-05-13T06:54:11Z</time>
   </trkpt>
   <trkpt lat="43.3111110" lon="3.4781910">
    <ele>15.2</ele>
    <time>2025-05-13T06:54:12Z</time>
   </trkpt>
   <trkpt lat="43.3111110" lon="3.4781920">
    <ele>15.2</ele>
    <time>2025-05-13T06:54:13Z</time>
   </trkpt>
   <trkpt lat="43.3111100" lon="3.4781920">
    <ele>15.2</ele>
    <time>2025-05-13T06:54:14Z</time>
   </trkpt>
   <trkpt lat="43.3111090" lon="3.4781920">
    <ele>15.2</ele>
    <time>2025-05-13T06:54:15Z</time>
   </trkpt>
   <trkpt lat="43.3111090" lon="3.4781920">
    <ele>15.2</ele>
    <time>2025-05-13T06:54:16Z</time>
   </trkpt>
   <trkpt lat="43.3111080" lon="3.4781930">
    <ele>15.2</ele>
    <time>2025-05-13T06:54:17Z</time>
   </trkpt>
   <trkpt lat="43.3111080" lon="3.4781930">
    <ele>15.2</ele>
    <time>2025-05-13T06:54:18Z</time>
   </trkpt>
   <trkpt lat="43.3111070" lon="3.4781930">
    <ele>15.2</ele>
    <time>2025-05-13T06:54:19Z</time>
   </trkpt>
   <trkpt lat="43.3111060" lon="3.4781930">
    <ele>15.2</ele>
    <time>2025-05-13T06:54:20Z</time>
   </trkpt>
   <trkpt lat="43.3111060" lon="3.4781940">
    <ele>15.2</ele>
    <time>2025-05-13T06:54:21Z</time>
   </trkpt>
   <trkpt lat="43.3111050" lon="3.4781940">
    <ele>15.2</ele>
    <time>2025-05-13T06:54:22Z</time>
   </trkpt>
   <trkpt lat="43.3111040" lon="3.4781940">
    <ele>15.2</ele>
    <time>2025-05-13T06:54:23Z</time>
   </trkpt>
   <trkpt lat="43.3111040" lon="3.4781940">
    <ele>15.2</ele>
    <time>2025-05-13T06:54:24Z</time>
   </trkpt>
   <trkpt lat="43.3111030" lon="3.4781940">
    <ele>15.2</ele>
    <time>2025-05-13T06:54:25Z</time>
   </trkpt>
   <trkpt lat="43.3111030" lon="3.4781950">
    <ele>15.2</ele>
    <time>2025-05-13T06:54:26Z</time>
   </trkpt>
   <trkpt lat="43.3111020" lon="3.4781950">
    <ele>15.2</ele>
    <time>2025-05-13T06:54:27Z</time>
   </trkpt>
   <trkpt lat="43.3111010" lon="3.4781950">
    <ele>15.2</ele>
    <time>2025-05-13T06:54:28Z</time>
   </trkpt>
   <trkpt lat="43.3111010" lon="3.4781950">
    <ele>15.2</ele>
    <time>2025-05-13T06:54:29Z</time>
   </trkpt>
   <trkpt lat="43.3111000" lon="3.4781960">
    <ele>15.2</ele>
    <time>2025-05-13T06:54:30Z</time>
   </trkpt>
   <trkpt lat="43.3110990" lon="3.4781960">
    <ele>15.2</ele>
    <time>2025-05-13T06:54:31Z</time>
   </trkpt>
   <trkpt lat="43.3110990" lon="3.4781960">
    <ele>15.2</ele>
    <time>2025-05-13T06:54:32Z</time>
   </trkpt>
   <trkpt lat="43.3110980" lon="3.4781960">
    <ele>15.2</ele>
    <time>2025-05-13T06:54:33Z</time>
   </trkpt>
   <trkpt lat="43.3110980" lon="3.4781960">
    <ele>15.2</ele>
    <time>2025-05-13T06:54:34Z</time>
   </trkpt>
   <trkpt lat="43.3110970" lon="3.4781970">
    <ele>15.2</ele>
    <time>2025-05-13T06:54:35Z</time>
   </trkpt>
   <trkpt lat="43.3110960" lon="3.4781970">
    <ele>15.2</ele>
    <time>2025-05-13T06:54:36Z</time>
   </trkpt>
   <trkpt lat="43.3110960" lon="3.4781970">
    <ele>15.2</ele>
    <time>2025-05-13T06:54:37Z</time>
   </trkpt>
   <trkpt lat="43.3110950" lon="3.4781970">
    <ele>15.2</ele>
    <time>2025-05-13T06:54:38Z</time>
   </trkpt>
   <trkpt lat="43.3110940" lon="3.4781980">
    <ele>15.2</ele>
    <time>2025-05-13T06:54:39Z</time>
   </trkpt>
   <trkpt lat="43.3110940" lon="3.4781980">
    <ele>15.2</ele>
    <time>2025-05-13T06:54:40Z</time>
   </trkpt>
   <trkpt lat="43.3110930" lon="3.4781980">
    <ele>15.2</ele>
    <time>2025-05-13T06:54:41Z</time>
   </trkpt>
   <trkpt lat="43.3110930" lon="3.4781980">
    <ele>15.2</ele>
    <time>2025-05-13T06:54:42Z</time>
   </trkpt>
   <trkpt lat="43.3110920" lon="3.4781990">
    <ele>15.2</ele>
    <time>2025-05-13T06:54:43Z</time>
   </trkpt>
   <trkpt lat="43.3110910" lon="3.4781990">
    <ele>15.2</ele>
    <time>2025-05-13T06:54:44Z</time>
   </trkpt>
   <trkpt lat="43.3110910" lon="3.4781990">
    <ele>15.2</ele>
    <time>2025-05-13T06:54:45Z</time>
   </trkpt>
   <trkpt lat="43.3110900" lon="3.4781990">
    <ele>15.2</ele>
    <time>2025-05-13T06:54:46Z</time>
   </trkpt>
   <trkpt lat="43.3110890" lon="3.4781990">
    <ele>15.2</ele>
    <time>2025-05-13T06:54:47Z</time>
   </trkpt>
   <trkpt lat="43.3110890" lon="3.4782000">
    <ele>15.2</ele>
    <time>2025-05-13T06:54:48Z</time>
   </trkpt>
   <trkpt lat="43.3110880" lon="3.4782000">
    <ele>15.2</ele>
    <time>2025-05-13T06:54:49Z</time>
   </trkpt>
   <trkpt lat="43.3110880" lon="3.4782000">
    <ele>15.2</ele>
    <time>2025-05-13T06:54:50Z</time>
   </trkpt>
   <trkpt lat="43.3110870" lon="3.4782000">
    <ele>15.2</ele>
    <time>2025-05-13T06:54:51Z</time>
   </trkpt>
   <trkpt lat="43.3110860" lon="3.4782010">
    <ele>15.2</ele>
    <time>2025-05-13T06:54:52Z</time>
   </trkpt>
   <trkpt lat="43.3110860" lon="3.4782010">
    <ele>15.2</ele>
    <time>2025-05-13T06:54:53Z</time>
   </trkpt>
   <trkpt lat="43.3110850" lon="3.4782010">
    <ele>15.2</ele>
    <time>2025-05-13T06:54:54Z</time>
   </trkpt>
   <trkpt lat="43.3110840" lon="3.4782010">
    <ele>15.2</ele>
    <time>2025-05-13T06:54:55Z</time>
   </trkpt>
   <trkpt lat="43.3110840" lon="3.4782010">
    <ele>15.2</ele>
    <time>2025-05-13T06:54:56Z</time>
   </trkpt>
   <trkpt lat="43.3110830" lon="3.4782020">
    <ele>15.2</ele>
    <time>2025-05-13T06:54:57Z</time>
   </trkpt>
   <trkpt lat="43.3110830" lon="3.4782020">
    <ele>15.2</ele>
    <time>2025-05-13T06:54:58Z</time>
   </trkpt>
   <trkpt lat="43.3110820" lon="3.4782020">
    <ele>15.2</ele>
    <time>2025-05-13T06:54:59Z</time>
   </trkpt>
   <trkpt lat="43.3110810" lon="3.4782020">
    <ele>15.2</ele>
    <time>2025-05-13T06:55:00Z</time>
   </trkpt>
   <trkpt lat="43.3110810" lon="3.4782030">
    <ele>15.2</ele>
    <time>2025-05-13T06:55:01Z</time>
   </trkpt>
   <trkpt lat="43.3110800" lon="3.4782030">
    <ele>15.2</ele>
    <time>2025-05-13T06:55:02Z</time>
   </trkpt>
   <trkpt lat="43.3110790" lon="3.4782030">
    <ele>15.2</ele>
    <time>2025-05-13T06:55:03Z</time>
   </trkpt>
   <trkpt lat="43.3110790" lon="3.4782030">
    <ele>15.2</ele>
    <time>2025-05-13T06:55:04Z</time>
   </trkpt>
   <trkpt lat="43.3110780" lon="3.4782040">
    <ele>15.2</ele>
    <time>2025-05-13T06:55:05Z</time>
   </trkpt>
   <trkpt lat="43.3110780" lon="3.4782040">
    <ele>15.2</ele>
    <time>2025-05-13T06:55:06Z</time>
   </trkpt>
   <trkpt lat="43.3110770" lon="3.4782040">
    <ele>15.2</ele>
    <time>2025-05-13T06:55:07Z</time>
   </trkpt>
   <trkpt lat="43.3110630" lon="3.4782360">
    <ele>15.2</ele>
    <time>2025-05-13T06:55:08Z</time>
   </trkpt>
   <trkpt lat="43.3110550" lon="3.4782930">
    <ele>15.2</ele>
    <time>2025-05-13T06:55:09Z</time>
   </trkpt>
   <trkpt lat="43.3110530" lon="3.4783130">
    <ele>15.2</ele>
    <time>2025-05-13T06:55:10Z</time>
   </trkpt>
   <trkpt lat="43.3110590" lon="3.4783570">
    <ele>15.2</ele>
    <time>2025-05-13T06:55:11Z</time>
   </trkpt>
   <trkpt lat="43.3110740" lon="3.4783990">
    <ele>15.1</ele>
    <time>2025-05-13T06:55:12Z</time>
   </trkpt>
   <trkpt lat="43.3110910" lon="3.4784380">
    <ele>15.1</ele>
    <time>2025-05-13T06:55:13Z</time>
   </trkpt>
   <trkpt lat="43.3110990" lon="3.4784760">
    <ele>15.1</ele>
    <time>2025-05-13T06:55:14Z</time>
   </trkpt>
   <trkpt lat="43.3111160" lon="3.4785120">
    <ele>15.1</ele>
    <time>2025-05-13T06:55:15Z</time>
   </trkpt>
   <trkpt lat="43.3111200" lon="3.4785210">
    <ele>15.1</ele>
    <time>2025-05-13T06:55:16Z</time>
   </trkpt>
   <trkpt lat="43.3111320" lon="3.4785290">
    <ele>15.1</ele>
    <time>2025-05-13T06:55:17Z</time>
   </trkpt>
   <trkpt lat="43.3111400" lon="3.4785320">
    <ele>15.1</ele>
    <time>2025-05-13T06:55:18Z</time>
   </trkpt>
   <trkpt lat="43.3111470" lon="3.4785340">
    <ele>15.1</ele>
    <time>2025-05-13T06:55:19Z</time>
   </trkpt>
   <trkpt lat="43.3111550" lon="3.4785370">
    <ele>15.1</ele>
    <time>2025-05-13T06:55:20Z</time>
   </trkpt>
   <trkpt lat="43.3111620" lon="3.4785390">
    <ele>15.0</ele>
    <time>2025-05-13T06:55:21Z</time>
   </trkpt>
   <trkpt lat="43.3111850" lon="3.4785710">
    <ele>15.0</ele>
    <time>2025-05-13T06:55:22Z</time>
   </trkpt>
   <trkpt lat="43.3111880" lon="3.4785850">
    <ele>15.0</ele>
    <time>2025-05-13T06:55:23Z</time>
   </trkpt>
   <trkpt lat="43.3111890" lon="3.4786400">
    <ele>15.0</ele>
    <time>2025-05-13T06:55:24Z</time>
   </trkpt>
   <trkpt lat="43.3111880" lon="3.4786600">
    <ele>15.0</ele>
    <time>2025-05-13T06:55:25Z</time>
   </trkpt>
   <trkpt lat="43.3111830" lon="3.4787090">
    <ele>15.0</ele>
    <time>2025-05-13T06:55:26Z</time>
   </trkpt>
   <trkpt lat="43.3111760" lon="3.4787590">
    <ele>15.0</ele>
    <time>2025-05-13T06:55:27Z</time>
   </trkpt>
   <trkpt lat="43.3111700" lon="3.4788100">
    <ele>15.0</ele>
    <time>2025-05-13T06:55:28Z</time>
   </trkpt>
   <trkpt lat="43.3111630" lon="3.4788700">
    <ele>15.0</ele>
    <time>2025-05-13T06:55:29Z</time>
   </trkpt>
   <trkpt lat="43.3111570" lon="3.4789290">
    <ele>15.0</ele>
    <time>2025-05-13T06:55:30Z</time>
   </trkpt>
   <trkpt lat="43.3111520" lon="3.4789830">
    <ele>15.1</ele>
    <time>2025-05-13T06:55:31Z</time>
   </trkpt>
   <trkpt lat="43.3111440" lon="3.4790350">
    <ele>15.1</ele>
    <time>2025-05-13T06:55:32Z</time>
   </trkpt>
   <trkpt lat="43.3111330" lon="3.4790880">
    <ele>15.1</ele>
    <time>2025-05-13T06:55:33Z</time>
   </trkpt>
   <trkpt lat="43.3111230" lon="3.4791440">
    <ele>15.1</ele>
    <time>2025-05-13T06:55:34Z</time>
   </trkpt>
   <trkpt lat="43.3111110" lon="3.4792030">
    <ele>15.1</ele>
    <time>2025-05-13T06:55:35Z</time>
   </trkpt>
   <trkpt lat="43.3111000" lon="3.4792630">
    <ele>15.1</ele>
    <time>2025-05-13T06:55:36Z</time>
   </trkpt>
   <trkpt lat="43.3110900" lon="3.4793200">
    <ele>15.1</ele>
    <time>2025-05-13T06:55:37Z</time>
   </trkpt>
   <trkpt lat="43.3110820" lon="3.4793830">
    <ele>15.1</ele>
    <time>2025-05-13T06:55:38Z</time>
   </trkpt>
   <trkpt lat="43.3110730" lon="3.4794450">
    <ele>15.1</ele>
    <time>2025-05-13T06:55:39Z</time>
   </trkpt>
   <trkpt lat="43.3110670" lon="3.4795080">
    <ele>15.1</ele>
    <time>2025-05-13T06:55:40Z</time>
   </trkpt>
   <trkpt lat="43.3110580" lon="3.4795730">
    <ele>15.1</ele>
    <time>2025-05-13T06:55:41Z</time>
   </trkpt>
   <trkpt lat="43.3110470" lon="3.4796370">
    <ele>15.1</ele>
    <time>2025-05-13T06:55:42Z</time>
   </trkpt>
   <trkpt lat="43.3110370" lon="3.4796980">
    <ele>15.2</ele>
    <time>2025-05-13T06:55:43Z</time>
   </trkpt>
   <trkpt lat="43.3110300" lon="3.4797630">
    <ele>15.2</ele>
    <time>2025-05-13T06:55:44Z</time>
   </trkpt>
   <trkpt lat="43.3110240" lon="3.4798280">
    <ele>15.3</ele>
    <time>2025-05-13T06:55:45Z</time>
   </trkpt>
   <trkpt lat="43.3110150" lon="3.4798900">
    <ele>15.3</ele>
    <time>2025-05-13T06:55:46Z</time>
   </trkpt>
   <trkpt lat="43.3110080" lon="3.4799440">
    <ele>15.4</ele>
    <time>2025-05-13T06:55:47Z</time>
   </trkpt>
   <trkpt lat="43.3110050" lon="3.4799970">
    <ele>15.4</ele>
    <time>2025-05-13T06:55:48Z</time>
   </trkpt>
   <trkpt lat="43.3110070" lon="3.4800410">
    <ele>15.5</ele>
    <time>2025-05-13T06:55:49Z</time>
   </trkpt>
   <trkpt lat="43.3110280" lon="3.4800820">
    <ele>15.5</ele>
    <time>2025-05-13T06:55:50Z</time>
   </trkpt>
   <trkpt lat="43.3110360" lon="3.4800950">
    <ele>15.5</ele>
    <time>2025-05-13T06:55:51Z</time>
   </trkpt>
   <trkpt lat="43.3110440" lon="3.4801430">
    <ele>15.6</ele>
    <time>2025-05-13T06:55:52Z</time>
   </trkpt>
   <trkpt lat="43.3110410" lon="3.4801570">
    <ele>15.6</ele>
    <time>2025-05-13T06:55:53Z</time>
   </trkpt>
   <trkpt lat="43.3110330" lon="3.4801820">
    <ele>15.6</ele>
    <time>2025-05-13T06:55:54Z</time>
   </trkpt>
   <trkpt lat="43.3110230" lon="3.4802010">
    <ele>15.6</ele>
    <time>2025-05-13T06:55:55Z</time>
   </trkpt>
   <trkpt lat="43.3110000" lon="3.4802350">
    <ele>15.5</ele>
    <time>2025-05-13T06:55:56Z</time>
   </trkpt>
   <trkpt lat="43.3109910" lon="3.4802490">
    <ele>15.5</ele>
    <time>2025-05-13T06:55:57Z</time>
   </trkpt>
   <trkpt lat="43.3109790" lon="3.4802870">
    <ele>15.5</ele>
    <time>2025-05-13T06:55:58Z</time>
   </trkpt>
   <trkpt lat="43.3109710" lon="3.4803370">
    <ele>15.5</ele>
    <time>2025-05-13T06:55:59Z</time>
   </trkpt>
   <trkpt lat="43.3109650" lon="3.4803900">
    <ele>15.5</ele>
    <time>2025-05-13T06:56:00Z</time>
   </trkpt>
   <trkpt lat="43.3109520" lon="3.4804460">
    <ele>15.5</ele>
    <time>2025-05-13T06:56:01Z</time>
   </trkpt>
   <trkpt lat="43.3109400" lon="3.4805050">
    <ele>15.5</ele>
    <time>2025-05-13T06:56:02Z</time>
   </trkpt>
   <trkpt lat="43.3109310" lon="3.4805650">
    <ele>15.5</ele>
    <time>2025-05-13T06:56:03Z</time>
   </trkpt>
   <trkpt lat="43.3109230" lon="3.4806270">
    <ele>15.5</ele>
    <time>2025-05-13T06:56:04Z</time>
   </trkpt>
   <trkpt lat="43.3109170" lon="3.4806900">
    <ele>15.5</ele>
    <time>2025-05-13T06:56:05Z</time>
   </trkpt>
   <trkpt lat="43.3109100" lon="3.4807600">
    <ele>15.6</ele>
    <time>2025-05-13T06:56:06Z</time>
   </trkpt>
   <trkpt lat="43.3108990" lon="3.4808240">
    <ele>15.6</ele>
    <time>2025-05-13T06:56:07Z</time>
   </trkpt>
   <trkpt lat="43.3108900" lon="3.4808880">
    <ele>15.7</ele>
    <time>2025-05-13T06:56:08Z</time>
   </trkpt>
   <trkpt lat="43.3108790" lon="3.4809500">
    <ele>15.7</ele>
    <time>2025-05-13T06:56:09Z</time>
   </trkpt>
   <trkpt lat="43.3108710" lon="3.4810070">
    <ele>15.8</ele>
    <time>2025-05-13T06:56:10Z</time>
   </trkpt>
   <trkpt lat="43.3108670" lon="3.4810600">
    <ele>15.9</ele>
    <time>2025-05-13T06:56:11Z</time>
   </trkpt>
   <trkpt lat="43.3108610" lon="3.4811080">
    <ele>16.0</ele>
    <time>2025-05-13T06:56:12Z</time>
   </trkpt>
   <trkpt lat="43.3108530" lon="3.4811690">
    <ele>16.0</ele>
    <time>2025-05-13T06:56:13Z</time>
   </trkpt>
   <trkpt lat="43.3108450" lon="3.4812250">
    <ele>16.1</ele>
    <time>2025-05-13T06:56:14Z</time>
   </trkpt>
   <trkpt lat="43.3108400" lon="3.4812810">
    <ele>16.2</ele>
    <time>2025-05-13T06:56:15Z</time>
   </trkpt>
   <trkpt lat="43.3108350" lon="3.4813410">
    <ele>16.2</ele>
    <time>2025-05-13T06:56:16Z</time>
   </trkpt>
   <trkpt lat="43.3108300" lon="3.4814040">
    <ele>16.3</ele>
    <time>2025-05-13T06:56:17Z</time>
   </trkpt>
   <trkpt lat="43.3108220" lon="3.4814680">
    <ele>16.4</ele>
    <time>2025-05-13T06:56:18Z</time>
   </trkpt>
   <trkpt lat="43.3108160" lon="3.4815360">
    <ele>16.5</ele>
    <time>2025-05-13T06:56:19Z</time>
   </trkpt>
   <trkpt lat="43.3108150" lon="3.4816010">
    <ele>16.5</ele>
    <time>2025-05-13T06:56:20Z</time>
   </trkpt>
   <trkpt lat="43.3108100" lon="3.4816670">
    <ele>16.6</ele>
    <time>2025-05-13T06:56:21Z</time>
   </trkpt>
   <trkpt lat="43.3108030" lon="3.4817320">
    <ele>16.7</ele>
    <time>2025-05-13T06:56:22Z</time>
   </trkpt>
   <trkpt lat="43.3107970" lon="3.4817990">
    <ele>16.7</ele>
    <time>2025-05-13T06:56:23Z</time>
   </trkpt>
   <trkpt lat="43.3107900" lon="3.4818650">
    <ele>16.8</ele>
    <time>2025-05-13T06:56:24Z</time>
   </trkpt>
   <trkpt lat="43.3107770" lon="3.4819290">
    <ele>16.8</ele>
    <time>2025-05-13T06:56:25Z</time>
   </trkpt>
   <trkpt lat="43.3107680" lon="3.4819970">
    <ele>16.9</ele>
    <time>2025-05-13T06:56:26Z</time>
   </trkpt>
   <trkpt lat="43.3107610" lon="3.4820660">
    <ele>16.9</ele>
    <time>2025-05-13T06:56:27Z</time>
   </trkpt>
   <trkpt lat="43.3107510" lon="3.4821310">
    <ele>16.9</ele>
    <time>2025-05-13T06:56:28Z</time>
   </trkpt>
   <trkpt lat="43.3107460" lon="3.4822010">
    <ele>17.0</ele>
    <time>2025-05-13T06:56:29Z</time>
   </trkpt>
   <trkpt lat="43.3107280" lon="3.4822670">
    <ele>17.0</ele>
    <time>2025-05-13T06:56:30Z</time>
   </trkpt>
   <trkpt lat="43.3107180" lon="3.4823340">
    <ele>17.0</ele>
    <time>2025-05-13T06:56:31Z</time>
   </trkpt>
   <trkpt lat="43.3107130" lon="3.4824040">
    <ele>17.1</ele>
    <time>2025-05-13T06:56:32Z</time>
   </trkpt>
   <trkpt lat="43.3107080" lon="3.4824750">
    <ele>17.1</ele>
    <time>2025-05-13T06:56:33Z</time>
   </trkpt>
   <trkpt lat="43.3107030" lon="3.4825460">
    <ele>17.1</ele>
    <time>2025-05-13T06:56:34Z</time>
   </trkpt>
   <trkpt lat="43.3106980" lon="3.4826180">
    <ele>17.1</ele>
    <time>2025-05-13T06:56:35Z</time>
   </trkpt>
   <trkpt lat="43.3106880" lon="3.4826920">
    <ele>17.2</ele>
    <time>2025-05-13T06:56:36Z</time>
   </trkpt>
   <trkpt lat="43.3106770" lon="3.4827660">
    <ele>17.2</ele>
    <time>2025-05-13T06:56:37Z</time>
   </trkpt>
   <trkpt lat="43.3106680" lon="3.4828410">
    <ele>17.2</ele>
    <time>2025-05-13T06:56:38Z</time>
   </trkpt>
   <trkpt lat="43.3106660" lon="3.4829160">
    <ele>17.3</ele>
    <time>2025-05-13T06:56:39Z</time>
   </trkpt>
   <trkpt lat="43.3106600" lon="3.4829870">
    <ele>17.3</ele>
    <time>2025-05-13T06:56:40Z</time>
   </trkpt>
   <trkpt lat="43.3106520" lon="3.4830480">
    <ele>17.3</ele>
    <time>2025-05-13T06:56:41Z</time>
   </trkpt>
   <trkpt lat="43.3106420" lon="3.4831080">
    <ele>17.3</ele>
    <time>2025-05-13T06:56:42Z</time>
   </trkpt>
   <trkpt lat="43.3106360" lon="3.4831650">
    <ele>17.4</ele>
    <time>2025-05-13T06:56:43Z</time>
   </trkpt>
   <trkpt lat="43.3106300" lon="3.4832160">
    <ele>17.4</ele>
    <time>2025-05-13T06:56:44Z</time>
   </trkpt>
   <trkpt lat="43.3106130" lon="3.4832570">
    <ele>17.4</ele>
    <time>2025-05-13T06:56:45Z</time>
   </trkpt>
   <trkpt lat="43.3106070" lon="3.4833040">
    <ele>17.5</ele>
    <time>2025-05-13T06:56:46Z</time>
   </trkpt>
   <trkpt lat="43.3106020" lon="3.4833580">
    <ele>17.5</ele>
    <time>2025-05-13T06:56:47Z</time>
   </trkpt>
   <trkpt lat="43.3105980" lon="3.4834130">
    <ele>17.5</ele>
    <time>2025-05-13T06:56:48Z</time>
   </trkpt>
   <trkpt lat="43.3105960" lon="3.4834640">
    <ele>17.5</ele>
    <time>2025-05-13T06:56:49Z</time>
   </trkpt>
   <trkpt lat="43.3105920" lon="3.4835150">
    <ele>17.5</ele>
    <time>2025-05-13T06:56:50Z</time>
   </trkpt>
   <trkpt lat="43.3105960" lon="3.4835610">
    <ele>17.5</ele>
    <time>2025-05-13T06:56:51Z</time>
   </trkpt>
   <trkpt lat="43.3105930" lon="3.4835990">
    <ele>17.6</ele>
    <time>2025-05-13T06:56:52Z</time>
   </trkpt>
   <trkpt lat="43.3105890" lon="3.4836400">
    <ele>17.6</ele>
    <time>2025-05-13T06:56:53Z</time>
   </trkpt>
   <trkpt lat="43.3105800" lon="3.4836850">
    <ele>17.6</ele>
    <time>2025-05-13T06:56:54Z</time>
   </trkpt>
   <trkpt lat="43.3105750" lon="3.4837280">
    <ele>17.6</ele>
    <time>2025-05-13T06:56:55Z</time>
   </trkpt>
   <trkpt lat="43.3105670" lon="3.4837720">
    <ele>17.6</ele>
    <time>2025-05-13T06:56:56Z</time>
   </trkpt>
   <trkpt lat="43.3105590" lon="3.4838150">
    <ele>17.7</ele>
    <time>2025-05-13T06:56:57Z</time>
   </trkpt>
   <trkpt lat="43.3105550" lon="3.4838590">
    <ele>17.7</ele>
    <time>2025-05-13T06:56:58Z</time>
   </trkpt>
   <trkpt lat="43.3105480" lon="3.4839080">
    <ele>17.7</ele>
    <time>2025-05-13T06:56:59Z</time>
   </trkpt>
   <trkpt lat="43.3105400" lon="3.4839610">
    <ele>17.7</ele>
    <time>2025-05-13T06:57:00Z</time>
   </trkpt>
   <trkpt lat="43.3105280" lon="3.4840190">
    <ele>17.6</ele>
    <time>2025-05-13T06:57:01Z</time>
   </trkpt>
   <trkpt lat="43.3105180" lon="3.4840750">
    <ele>17.6</ele>
    <time>2025-05-13T06:57:02Z</time>
   </trkpt>
   <trkpt lat="43.3105040" lon="3.4841360">
    <ele>17.6</ele>
    <time>2025-05-13T06:57:03Z</time>
   </trkpt>
   <trkpt lat="43.3104820" lon="3.4842060">
    <ele>17.5</ele>
    <time>2025-05-13T06:57:04Z</time>
   </trkpt>
   <trkpt lat="43.3104620" lon="3.4842710">
    <ele>17.5</ele>
    <time>2025-05-13T06:57:05Z</time>
   </trkpt>
   <trkpt lat="43.3104440" lon="3.4843420">
    <ele>17.4</ele>
    <time>2025-05-13T06:57:06Z</time>
   </trkpt>
   <trkpt lat="43.3104230" lon="3.4844110">
    <ele>17.4</ele>
    <time>2025-05-13T06:57:07Z</time>
   </trkpt>
   <trkpt lat="43.3104010" lon="3.4844720">
    <ele>17.3</ele>
    <time>2025-05-13T06:57:08Z</time>
   </trkpt>
   <trkpt lat="43.3103800" lon="3.4845350">
    <ele>17.3</ele>
    <time>2025-05-13T06:57:09Z</time>
   </trkpt>
   <trkpt lat="43.3103590" lon="3.4845990">
    <ele>17.2</ele>
    <time>2025-05-13T06:57:10Z</time>
   </trkpt>
   <trkpt lat="43.3103400" lon="3.4846660">
    <ele>17.2</ele>
    <time>2025-05-13T06:57:11Z</time>
   </trkpt>
   <trkpt lat="43.3103250" lon="3.4847250">
    <ele>17.1</ele>
    <time>2025-05-13T06:57:12Z</time>
   </trkpt>
   <trkpt lat="43.3103070" lon="3.4847740">
    <ele>17.1</ele>
    <time>2025-05-13T06:57:13Z</time>
   </trkpt>
   <trkpt lat="43.3102920" lon="3.4848200">
    <ele>17.1</ele>
    <time>2025-05-13T06:57:14Z</time>
   </trkpt>
   <trkpt lat="43.3102880" lon="3.4848340">
    <ele>17.1</ele>
    <time>2025-05-13T06:57:15Z</time>
   </trkpt>
   <trkpt lat="43.3102700" lon="3.4848780">
    <ele>17.0</ele>
    <time>2025-05-13T06:57:16Z</time>
   </trkpt>
   <trkpt lat="43.3102660" lon="3.4848910">
    <ele>17.0</ele>
    <time>2025-05-13T06:57:17Z</time>
   </trkpt>
   <trkpt lat="43.3102560" lon="3.4849340">
    <ele>17.0</ele>
    <time>2025-05-13T06:57:18Z</time>
   </trkpt>
   <trkpt lat="43.3102510" lon="3.4849460">
    <ele>16.9</ele>
    <time>2025-05-13T06:57:19Z</time>
   </trkpt>
   <trkpt lat="43.3102400" lon="3.4849930">
    <ele>16.9</ele>
    <time>2025-05-13T06:57:20Z</time>
   </trkpt>
   <trkpt lat="43.3102350" lon="3.4850080">
    <ele>16.8</ele>
    <time>2025-05-13T06:57:21Z</time>
   </trkpt>
   <trkpt lat="43.3102230" lon="3.4850550">
    <ele>16.8</ele>
    <time>2025-05-13T06:57:22Z</time>
   </trkpt>
   <trkpt lat="43.3102200" lon="3.4850710">
    <ele>16.7</ele>
    <time>2025-05-13T06:57:23Z</time>
   </trkpt>
   <trkpt lat="43.3102050" lon="3.4851190">
    <ele>16.7</ele>
    <time>2025-05-13T06:57:24Z</time>
   </trkpt>
   <trkpt lat="43.3101990" lon="3.4851350">
    <ele>16.6</ele>
    <time>2025-05-13T06:57:25Z</time>
   </trkpt>
   <trkpt lat="43.3101880" lon="3.4851900">
    <ele>16.6</ele>
    <time>2025-05-13T06:57:26Z</time>
   </trkpt>
   <trkpt lat="43.3101830" lon="3.4852090">
    <ele>16.5</ele>
    <time>2025-05-13T06:57:27Z</time>
   </trkpt>
   <trkpt lat="43.3101720" lon="3.4852470">
    <ele>16.5</ele>
    <time>2025-05-13T06:57:28Z</time>
   </trkpt>
   <trkpt lat="43.3101580" lon="3.4852820">
    <ele>16.4</ele>
    <time>2025-05-13T06:57:29Z</time>
   </trkpt>
   <trkpt lat="43.3101460" lon="3.4853190">
    <ele>16.4</ele>
    <time>2025-05-13T06:57:30Z</time>
   </trkpt>
   <trkpt lat="43.3101380" lon="3.4853660">
    <ele>16.3</ele>
    <time>2025-05-13T06:57:31Z</time>
   </trkpt>
   <trkpt lat="43.3101280" lon="3.4854190">
    <ele>16.3</ele>
    <time>2025-05-13T06:57:32Z</time>
   </trkpt>
   <trkpt lat="43.3101160" lon="3.4854760">
    <ele>16.2</ele>
    <time>2025-05-13T06:57:33Z</time>
   </trkpt>
   <trkpt lat="43.3100980" lon="3.4855270">
    <ele>16.2</ele>
    <time>2025-05-13T06:57:34Z</time>
   </trkpt>
   <trkpt lat="43.3100780" lon="3.4855790">
    <ele>16.1</ele>
    <time>2025-05-13T06:57:35Z</time>
   </trkpt>
   <trkpt lat="43.3100590" lon="3.4856280">
    <ele>16.1</ele>
    <time>2025-05-13T06:57:36Z</time>
   </trkpt>
   <trkpt lat="43.3100450" lon="3.4856790">
    <ele>16.0</ele>
    <time>2025-05-13T06:57:37Z</time>
   </trkpt>
   <trkpt lat="43.3100320" lon="3.4857300">
    <ele>15.9</ele>
    <time>2025-05-13T06:57:38Z</time>
   </trkpt>
   <trkpt lat="43.3100160" lon="3.4857810">
    <ele>15.9</ele>
    <time>2025-05-13T06:57:39Z</time>
   </trkpt>
   <trkpt lat="43.3099990" lon="3.4858400">
    <ele>15.8</ele>
    <time>2025-05-13T06:57:40Z</time>
   </trkpt>
   <trkpt lat="43.3099860" lon="3.4859060">
    <ele>15.7</ele>
    <time>2025-05-13T06:57:41Z</time>
   </trkpt>
   <trkpt lat="43.3099730" lon="3.4859740">
    <ele>15.6</ele>
    <time>2025-05-13T06:57:42Z</time>
   </trkpt>
   <trkpt lat="43.3099600" lon="3.4860380">
    <ele>15.5</ele>
    <time>2025-05-13T06:57:43Z</time>
   </trkpt>
   <trkpt lat="43.3099420" lon="3.4861020">
    <ele>15.4</ele>
    <time>2025-05-13T06:57:44Z</time>
   </trkpt>
   <trkpt lat="43.3099220" lon="3.4861650">
    <ele>15.2</ele>
    <time>2025-05-13T06:57:45Z</time>
   </trkpt>
   <trkpt lat="43.3098990" lon="3.4862320">
    <ele>15.1</ele>
    <time>2025-05-13T06:57:46Z</time>
   </trkpt>
   <trkpt lat="43.3098780" lon="3.4863010">
    <ele>15.0</ele>
    <time>2025-05-13T06:57:47Z</time>
   </trkpt>
   <trkpt lat="43.3098580" lon="3.4863700">
    <ele>14.9</ele>
    <time>2025-05-13T06:57:48Z</time>
   </trkpt>
   <trkpt lat="43.3098360" lon="3.4864400">
    <ele>14.8</ele>
    <time>2025-05-13T06:57:49Z</time>
   </trkpt>
   <trkpt lat="43.3098140" lon="3.4865160">
    <ele>14.6</ele>
    <time>2025-05-13T06:57:50Z</time>
   </trkpt>
   <trkpt lat="43.3097920" lon="3.4865930">
    <ele>14.5</ele>
    <time>2025-05-13T06:57:51Z</time>
   </trkpt>
   <trkpt lat="43.3097750" lon="3.4866730">
    <ele>14.4</ele>
    <time>2025-05-13T06:57:52Z</time>
   </trkpt>
   <trkpt lat="43.3097540" lon="3.4867530">
    <ele>14.3</ele>
    <time>2025-05-13T06:57:53Z</time>
   </trkpt>
   <trkpt lat="43.3097260" lon="3.4868330">
    <ele>14.2</ele>
    <time>2025-05-13T06:57:54Z</time>
   </trkpt>
   <trkpt lat="43.3096970" lon="3.4869100">
    <ele>14.0</ele>
    <time>2025-05-13T06:57:55Z</time>
   </trkpt>
   <trkpt lat="43.3096720" lon="3.4869850">
    <ele>13.9</ele>
    <time>2025-05-13T06:57:56Z</time>
   </trkpt>
   <trkpt lat="43.3096490" lon="3.4870600">
    <ele>13.8</ele>
    <time>2025-05-13T06:57:57Z</time>
   </trkpt>
   <trkpt lat="43.3096260" lon="3.4871280">
    <ele>13.7</ele>
    <time>2025-05-13T06:57:58Z</time>
   </trkpt>
   <trkpt lat="43.3096030" lon="3.4871950">
    <ele>13.6</ele>
    <time>2025-05-13T06:57:59Z</time>
   </trkpt>
   <trkpt lat="43.3095770" lon="3.4872660">
    <ele>13.5</ele>
    <time>2025-05-13T06:58:00Z</time>
   </trkpt>
   <trkpt lat="43.3095580" lon="3.4873390">
    <ele>13.4</ele>
    <time>2025-05-13T06:58:01Z</time>
   </trkpt>
   <trkpt lat="43.3095390" lon="3.4874070">
    <ele>13.3</ele>
    <time>2025-05-13T06:58:02Z</time>
   </trkpt>
   <trkpt lat="43.3095210" lon="3.4874720">
    <ele>13.2</ele>
    <time>2025-05-13T06:58:03Z</time>
   </trkpt>
   <trkpt lat="43.3095010" lon="3.4875420">
    <ele>13.1</ele>
    <time>2025-05-13T06:58:04Z</time>
   </trkpt>
   <trkpt lat="43.3094780" lon="3.4876100">
    <ele>13.0</ele>
    <time>2025-05-13T06:58:05Z</time>
   </trkpt>
   <trkpt lat="43.3094610" lon="3.4876770">
    <ele>12.9</ele>
    <time>2025-05-13T06:58:06Z</time>
   </trkpt>
   <trkpt lat="43.3094450" lon="3.4877390">
    <ele>12.8</ele>
    <time>2025-05-13T06:58:07Z</time>
   </trkpt>
   <trkpt lat="43.3094250" lon="3.4878040">
    <ele>12.7</ele>
    <time>2025-05-13T06:58:08Z</time>
   </trkpt>
   <trkpt lat="43.3094030" lon="3.4878680">
    <ele>12.6</ele>
    <time>2025-05-13T06:58:09Z</time>
   </trkpt>
   <trkpt lat="43.3093790" lon="3.4879340">
    <ele>12.5</ele>
    <time>2025-05-13T06:58:10Z</time>
   </trkpt>
   <trkpt lat="43.3093580" lon="3.4880020">
    <ele>12.4</ele>
    <time>2025-05-13T06:58:11Z</time>
   </trkpt>
   <trkpt lat="43.3093400" lon="3.4880720">
    <ele>12.2</ele>
    <time>2025-05-13T06:58:12Z</time>
   </trkpt>
   <trkpt lat="43.3093200" lon="3.4881390">
    <ele>12.1</ele>
    <time>2025-05-13T06:58:13Z</time>
   </trkpt>
   <trkpt lat="43.3092980" lon="3.4882040">
    <ele>12.1</ele>
    <time>2025-05-13T06:58:14Z</time>
   </trkpt>
   <trkpt lat="43.3092740" lon="3.4882730">
    <ele>12.0</ele>
    <time>2025-05-13T06:58:15Z</time>
   </trkpt>
   <trkpt lat="43.3092530" lon="3.4883410">
    <ele>11.9</ele>
    <time>2025-05-13T06:58:16Z</time>
   </trkpt>
   <trkpt lat="43.3092320" lon="3.4884100">
    <ele>11.8</ele>
    <time>2025-05-13T06:58:17Z</time>
   </trkpt>
   <trkpt lat="43.3092080" lon="3.4884720">
    <ele>11.7</ele>
    <time>2025-05-13T06:58:18Z</time>
   </trkpt>
   <trkpt lat="43.3091820" lon="3.4885300">
    <ele>11.6</ele>
    <time>2025-05-13T06:58:19Z</time>
   </trkpt>
   <trkpt lat="43.3091540" lon="3.4885970">
    <ele>11.6</ele>
    <time>2025-05-13T06:58:20Z</time>
   </trkpt>
   <trkpt lat="43.3091320" lon="3.4886660">
    <ele>11.5</ele>
    <time>2025-05-13T06:58:21Z</time>
   </trkpt>
   <trkpt lat="43.3091210" lon="3.4887310">
    <ele>11.4</ele>
    <time>2025-05-13T06:58:22Z</time>
   </trkpt>
   <trkpt lat="43.3091230" lon="3.4887810">
    <ele>11.4</ele>
    <time>2025-05-13T06:58:23Z</time>
   </trkpt>
   <trkpt lat="43.3091350" lon="3.4888150">
    <ele>11.4</ele>
    <time>2025-05-13T06:58:24Z</time>
   </trkpt>
   <trkpt lat="43.3091520" lon="3.4888500">
    <ele>11.3</ele>
    <time>2025-05-13T06:58:25Z</time>
   </trkpt>
   <trkpt lat="43.3091640" lon="3.4888980">
    <ele>11.2</ele>
    <time>2025-05-13T06:58:26Z</time>
   </trkpt>
   <trkpt lat="43.3091650" lon="3.4889160">
    <ele>11.2</ele>
    <time>2025-05-13T06:58:27Z</time>
   </trkpt>
   <trkpt lat="43.3091520" lon="3.4889700">
    <ele>11.1</ele>
    <time>2025-05-13T06:58:28Z</time>
   </trkpt>
   <trkpt lat="43.3091440" lon="3.4889870">
    <ele>11.0</ele>
    <time>2025-05-13T06:58:29Z</time>
   </trkpt>
   <trkpt lat="43.3091220" lon="3.4890110">
    <ele>10.8</ele>
    <time>2025-05-13T06:58:30Z</time>
   </trkpt>
   <trkpt lat="43.3090900" lon="3.4890320">
    <ele>10.6</ele>
    <time>2025-05-13T06:58:31Z</time>
   </trkpt>
   <trkpt lat="43.3090540" lon="3.4890570">
    <ele>10.3</ele>
    <time>2025-05-13T06:58:32Z</time>
   </trkpt>
   <trkpt lat="43.3090180" lon="3.4890940">
    <ele>10.1</ele>
    <time>2025-05-13T06:58:33Z</time>
   </trkpt>
   <trkpt lat="43.3089820" lon="3.4891480">
    <ele>9.8</ele>
    <time>2025-05-13T06:58:34Z</time>
   </trkpt>
   <trkpt lat="43.3089510" lon="3.4892210">
    <ele>9.6</ele>
    <time>2025-05-13T06:58:35Z</time>
   </trkpt>
   <trkpt lat="43.3089230" lon="3.4893030">
    <ele>9.4</ele>
    <time>2025-05-13T06:58:36Z</time>
   </trkpt>
   <trkpt lat="43.3088930" lon="3.4893840">
    <ele>9.2</ele>
    <time>2025-05-13T06:58:37Z</time>
   </trkpt>
   <trkpt lat="43.3088650" lon="3.4894660">
    <ele>9.0</ele>
    <time>2025-05-13T06:58:38Z</time>
   </trkpt>
   <trkpt lat="43.3088320" lon="3.4895520">
    <ele>8.9</ele>
    <time>2025-05-13T06:58:39Z</time>
   </trkpt>
   <trkpt lat="43.3088010" lon="3.4896360">
    <ele>8.7</ele>
    <time>2025-05-13T06:58:40Z</time>
   </trkpt>
   <trkpt lat="43.3087740" lon="3.4897230">
    <ele>8.6</ele>
    <time>2025-05-13T06:58:41Z</time>
   </trkpt>
   <trkpt lat="43.3087510" lon="3.4898130">
    <ele>8.5</ele>
    <time>2025-05-13T06:58:42Z</time>
   </trkpt>
   <trkpt lat="43.3087240" lon="3.4899080">
    <ele>8.4</ele>
    <time>2025-05-13T06:58:43Z</time>
   </trkpt>
   <trkpt lat="43.3087000" lon="3.4900040">
    <ele>8.3</ele>
    <time>2025-05-13T06:58:44Z</time>
   </trkpt>
   <trkpt lat="43.3086760" lon="3.4900990">
    <ele>8.2</ele>
    <time>2025-05-13T06:58:45Z</time>
   </trkpt>
   <trkpt lat="43.3086530" lon="3.4901960">
    <ele>8.1</ele>
    <time>2025-05-13T06:58:46Z</time>
   </trkpt>
   <trkpt lat="43.3086330" lon="3.4902950">
    <ele>8.0</ele>
    <time>2025-05-13T06:58:47Z</time>
   </trkpt>
   <trkpt lat="43.3086130" lon="3.4903940">
    <ele>7.9</ele>
    <time>2025-05-13T06:58:48Z</time>
   </trkpt>
   <trkpt lat="43.3085920" lon="3.4904940">
    <ele>7.9</ele>
    <time>2025-05-13T06:58:49Z</time>
   </trkpt>
   <trkpt lat="43.3085700" lon="3.4905960">
    <ele>7.8</ele>
    <time>2025-05-13T06:58:50Z</time>
   </trkpt>
   <trkpt lat="43.3085530" lon="3.4906920">
    <ele>7.8</ele>
    <time>2025-05-13T06:58:51Z</time>
   </trkpt>
   <trkpt lat="43.3085400" lon="3.4907550">
    <ele>7.8</ele>
    <time>2025-05-13T06:58:52Z</time>
   </trkpt>
   <trkpt lat="43.3085300" lon="3.4907950">
    <ele>7.8</ele>
    <time>2025-05-13T06:58:53Z</time>
   </trkpt>
   <trkpt lat="43.3085140" lon="3.4908410">
    <ele>7.8</ele>
    <time>2025-05-13T06:58:54Z</time>
   </trkpt>
   <trkpt lat="43.3085070" lon="3.4908570">
    <ele>7.8</ele>
    <time>2025-05-13T06:58:55Z</time>
   </trkpt>
   <trkpt lat="43.3084980" lon="3.4908930">
    <ele>7.8</ele>
    <time>2025-05-13T06:58:56Z</time>
   </trkpt>
   <trkpt lat="43.3084870" lon="3.4909350">
    <ele>7.8</ele>
    <time>2025-05-13T06:58:57Z</time>
   </trkpt>
   <trkpt lat="43.3084750" lon="3.4909780">
    <ele>7.8</ele>
    <time>2025-05-13T06:58:58Z</time>
   </trkpt>
   <trkpt lat="43.3084620" lon="3.4910280">
    <ele>7.8</ele>
    <time>2025-05-13T06:58:59Z</time>
   </trkpt>
   <trkpt lat="43.3084510" lon="3.4910840">
    <ele>7.8</ele>
    <time>2025-05-13T06:59:00Z</time>
   </trkpt>
   <trkpt lat="43.3084420" lon="3.4911420">
    <ele>7.8</ele>
    <time>2025-05-13T06:59:01Z</time>
   </trkpt>
   <trkpt lat="43.3084300" lon="3.4912000">
    <ele>7.9</ele>
    <time>2025-05-13T06:59:02Z</time>
   </trkpt>
   <trkpt lat="43.3084220" lon="3.4912550">
    <ele>7.9</ele>
    <time>2025-05-13T06:59:03Z</time>
   </trkpt>
   <trkpt lat="43.3084150" lon="3.4913070">
    <ele>7.9</ele>
    <time>2025-05-13T06:59:04Z</time>
   </trkpt>
   <trkpt lat="43.3084080" lon="3.4913550">
    <ele>7.8</ele>
    <time>2025-05-13T06:59:05Z</time>
   </trkpt>
   <trkpt lat="43.3084040" lon="3.4913980">
    <ele>7.8</ele>
    <time>2025-05-13T06:59:06Z</time>
   </trkpt>
   <trkpt lat="43.3083990" lon="3.4914390">
    <ele>7.8</ele>
    <time>2025-05-13T06:59:07Z</time>
   </trkpt>
   <trkpt lat="43.3083920" lon="3.4914800">
    <ele>7.8</ele>
    <time>2025-05-13T06:59:08Z</time>
   </trkpt>
   <trkpt lat="43.3083860" lon="3.4915230">
    <ele>7.8</ele>
    <time>2025-05-13T06:59:09Z</time>
   </trkpt>
   <trkpt lat="43.3083850" lon="3.4915660">
    <ele>7.8</ele>
    <time>2025-05-13T06:59:10Z</time>
   </trkpt>
   <trkpt lat="43.3083840" lon="3.4916090">
    <ele>7.7</ele>
    <time>2025-05-13T06:59:11Z</time>
   </trkpt>
   <trkpt lat="43.3083810" lon="3.4916510">
    <ele>7.7</ele>
    <time>2025-05-13T06:59:12Z</time>
   </trkpt>
   <trkpt lat="43.3083720" lon="3.4916920">
    <ele>7.7</ele>
    <time>2025-05-13T06:59:13Z</time>
   </trkpt>
   <trkpt lat="43.3083660" lon="3.4917320">
    <ele>7.7</ele>
    <time>2025-05-13T06:59:14Z</time>
   </trkpt>
   <trkpt lat="43.3083620" lon="3.4917760">
    <ele>7.6</ele>
    <time>2025-05-13T06:59:15Z</time>
   </trkpt>
   <trkpt lat="43.3083580" lon="3.4918190">
    <ele>7.6</ele>
    <time>2025-05-13T06:59:16Z</time>
   </trkpt>
   <trkpt lat="43.3083570" lon="3.4918620">
    <ele>7.6</ele>
    <time>2025-05-13T06:59:17Z</time>
   </trkpt>
   <trkpt lat="43.3083650" lon="3.4918980">
    <ele>7.5</ele>
    <time>2025-05-13T06:59:18Z</time>
   </trkpt>
   <trkpt lat="43.3083700" lon="3.4919420">
    <ele>7.5</ele>
    <time>2025-05-13T06:59:19Z</time>
   </trkpt>
   <trkpt lat="43.3083710" lon="3.4919570">
    <ele>7.5</ele>
    <time>2025-05-13T06:59:20Z</time>
   </trkpt>
   <trkpt lat="43.3083700" lon="3.4919810">
    <ele>7.5</ele>
    <time>2025-05-13T06:59:21Z</time>
   </trkpt>
   <trkpt lat="43.3083670" lon="3.4920010">
    <ele>7.5</ele>
    <time>2025-05-13T06:59:22Z</time>
   </trkpt>
   <trkpt lat="43.3083600" lon="3.4920190">
    <ele>7.5</ele>
    <time>2025-05-13T06:59:23Z</time>
   </trkpt>
   <trkpt lat="43.3083550" lon="3.4920390">
    <ele>7.5</ele>
    <time>2025-05-13T06:59:24Z</time>
   </trkpt>
   <trkpt lat="43.3083540" lon="3.4920600">
    <ele>7.5</ele>
    <time>2025-05-13T06:59:25Z</time>
   </trkpt>
   <trkpt lat="43.3083500" lon="3.4920870">
    <ele>7.5</ele>
    <time>2025-05-13T06:59:26Z</time>
   </trkpt>
   <trkpt lat="43.3083450" lon="3.4921390">
    <ele>7.5</ele>
    <time>2025-05-13T06:59:27Z</time>
   </trkpt>
   <trkpt lat="43.3083420" lon="3.4921570">
    <ele>7.5</ele>
    <time>2025-05-13T06:59:28Z</time>
   </trkpt>
   <trkpt lat="43.3083280" lon="3.4921970">
    <ele>7.6</ele>
    <time>2025-05-13T06:59:29Z</time>
   </trkpt>
   <trkpt lat="43.3083120" lon="3.4922300">
    <ele>7.6</ele>
    <time>2025-05-13T06:59:30Z</time>
   </trkpt>
   <trkpt lat="43.3082930" lon="3.4922570">
    <ele>7.6</ele>
    <time>2025-05-13T06:59:31Z</time>
   </trkpt>
   <trkpt lat="43.3082770" lon="3.4923070">
    <ele>7.6</ele>
    <time>2025-05-13T06:59:32Z</time>
   </trkpt>
   <trkpt lat="43.3082720" lon="3.4923250">
    <ele>7.6</ele>
    <time>2025-05-13T06:59:33Z</time>
   </trkpt>
   <trkpt lat="43.3082600" lon="3.4923620">
    <ele>7.6</ele>
    <time>2025-05-13T06:59:34Z</time>
   </trkpt>
   <trkpt lat="43.3082420" lon="3.4924030">
    <ele>7.6</ele>
    <time>2025-05-13T06:59:35Z</time>
   </trkpt>
   <trkpt lat="43.3082150" lon="3.4924400">
    <ele>7.7</ele>
    <time>2025-05-13T06:59:36Z</time>
   </trkpt>
   <trkpt lat="43.3081910" lon="3.4924790">
    <ele>7.7</ele>
    <time>2025-05-13T06:59:37Z</time>
   </trkpt>
   <trkpt lat="43.3081650" lon="3.4925180">
    <ele>7.7</ele>
    <time>2025-05-13T06:59:38Z</time>
   </trkpt>
   <trkpt lat="43.3081420" lon="3.4925630">
    <ele>7.7</ele>
    <time>2025-05-13T06:59:39Z</time>
   </trkpt>
   <trkpt lat="43.3081260" lon="3.4926150">
    <ele>7.8</ele>
    <time>2025-05-13T06:59:40Z</time>
   </trkpt>
   <trkpt lat="43.3081240" lon="3.4926690">
    <ele>7.8</ele>
    <time>2025-05-13T06:59:41Z</time>
   </trkpt>
   <trkpt lat="43.3081290" lon="3.4927320">
    <ele>7.9</ele>
    <time>2025-05-13T06:59:42Z</time>
   </trkpt>
   <trkpt lat="43.3081360" lon="3.4927950">
    <ele>7.9</ele>
    <time>2025-05-13T06:59:43Z</time>
   </trkpt>
   <trkpt lat="43.3081380" lon="3.4928580">
    <ele>8.0</ele>
    <time>2025-05-13T06:59:44Z</time>
   </trkpt>
   <trkpt lat="43.3081390" lon="3.4929180">
    <ele>8.0</ele>
    <time>2025-05-13T06:59:45Z</time>
   </trkpt>
   <trkpt lat="43.3081380" lon="3.4929840">
    <ele>8.0</ele>
    <time>2025-05-13T06:59:46Z</time>
   </trkpt>
   <trkpt lat="43.3081280" lon="3.4930500">
    <ele>8.0</ele>
    <time>2025-05-13T06:59:47Z</time>
   </trkpt>
   <trkpt lat="43.3081170" lon="3.4931150">
    <ele>8.0</ele>
    <time>2025-05-13T06:59:48Z</time>
   </trkpt>
   <trkpt lat="43.3081040" lon="3.4931780">
    <ele>8.0</ele>
    <time>2025-05-13T06:59:49Z</time>
   </trkpt>
   <trkpt lat="43.3080900" lon="3.4932400">
    <ele>8.0</ele>
    <time>2025-05-13T06:59:50Z</time>
   </trkpt>
   <trkpt lat="43.3080830" lon="3.4933090">
    <ele>8.1</ele>
    <time>2025-05-13T06:59:51Z</time>
   </trkpt>
   <trkpt lat="43.3080780" lon="3.4933790">
    <ele>8.1</ele>
    <time>2025-05-13T06:59:52Z</time>
   </trkpt>
   <trkpt lat="43.3080710" lon="3.4934440">
    <ele>8.1</ele>
    <time>2025-05-13T06:59:53Z</time>
   </trkpt>
   <trkpt lat="43.3080570" lon="3.4935100">
    <ele>8.2</ele>
    <time>2025-05-13T06:59:54Z</time>
   </trkpt>
   <trkpt lat="43.3080420" lon="3.4935780">
    <ele>8.2</ele>
    <time>2025-05-13T06:59:55Z</time>
   </trkpt>
   <trkpt lat="43.3080320" lon="3.4936450">
    <ele>8.3</ele>
    <time>2025-05-13T06:59:56Z</time>
   </trkpt>
   <trkpt lat="43.3080190" lon="3.4937070">
    <ele>8.3</ele>
    <time>2025-05-13T06:59:57Z</time>
   </trkpt>
   <trkpt lat="43.3080070" lon="3.4937700">
    <ele>8.4</ele>
    <time>2025-05-13T06:59:58Z</time>
   </trkpt>
   <trkpt lat="43.3079990" lon="3.4938310">
    <ele>8.4</ele>
    <time>2025-05-13T06:59:59Z</time>
   </trkpt>
   <trkpt lat="43.3079880" lon="3.4938950">
    <ele>8.4</ele>
    <time>2025-05-13T07:00:00Z</time>
   </trkpt>
   <trkpt lat="43.3079810" lon="3.4939620">
    <ele>8.5</ele>
    <time>2025-05-13T07:00:01Z</time>
   </trkpt>
   <trkpt lat="43.3079750" lon="3.4940310">
    <ele>8.5</ele>
    <time>2025-05-13T07:00:02Z</time>
   </trkpt>
   <trkpt lat="43.3079650" lon="3.4940980">
    <ele>8.6</ele>
    <time>2025-05-13T07:00:03Z</time>
   </trkpt>
   <trkpt lat="43.3079580" lon="3.4941670">
    <ele>8.7</ele>
    <time>2025-05-13T07:00:04Z</time>
   </trkpt>
   <trkpt lat="43.3079470" lon="3.4942330">
    <ele>8.7</ele>
    <time>2025-05-13T07:00:05Z</time>
   </trkpt>
   <trkpt lat="43.3079330" lon="3.4943000">
    <ele>8.8</ele>
    <time>2025-05-13T07:00:06Z</time>
   </trkpt>
   <trkpt lat="43.3079220" lon="3.4943670">
    <ele>8.9</ele>
    <time>2025-05-13T07:00:07Z</time>
   </trkpt>
   <trkpt lat="43.3079060" lon="3.4944310">
    <ele>9.0</ele>
    <time>2025-05-13T07:00:08Z</time>
   </trkpt>
   <trkpt lat="43.3078890" lon="3.4944970">
    <ele>9.0</ele>
    <time>2025-05-13T07:00:09Z</time>
   </trkpt>
   <trkpt lat="43.3078710" lon="3.4945620">
    <ele>9.2</ele>
    <time>2025-05-13T07:00:10Z</time>
   </trkpt>
   <trkpt lat="43.3078620" lon="3.4946270">
    <ele>9.3</ele>
    <time>2025-05-13T07:00:11Z</time>
   </trkpt>
   <trkpt lat="43.3078520" lon="3.4946890">
    <ele>9.4</ele>
    <time>2025-05-13T07:00:12Z</time>
   </trkpt>
   <trkpt lat="43.3078420" lon="3.4947500">
    <ele>9.5</ele>
    <time>2025-05-13T07:00:13Z</time>
   </trkpt>
   <trkpt lat="43.3078320" lon="3.4948150">
    <ele>9.6</ele>
    <time>2025-05-13T07:00:14Z</time>
   </trkpt>
   <trkpt lat="43.3078240" lon="3.4948780">
    <ele>9.7</ele>
    <time>2025-05-13T07:00:15Z</time>
   </trkpt>
   <trkpt lat="43.3078180" lon="3.4949450">
    <ele>9.8</ele>
    <time>2025-05-13T07:00:16Z</time>
   </trkpt>
   <trkpt lat="43.3078150" lon="3.4950080">
    <ele>9.8</ele>
    <time>2025-05-13T07:00:17Z</time>
   </trkpt>
   <trkpt lat="43.3078160" lon="3.4950650">
    <ele>9.9</ele>
    <time>2025-05-13T07:00:18Z</time>
   </trkpt>
   <trkpt lat="43.3078260" lon="3.4951150">
    <ele>9.9</ele>
    <time>2025-05-13T07:00:19Z</time>
   </trkpt>
   <trkpt lat="43.3078460" lon="3.4951610">
    <ele>9.9</ele>
    <time>2025-05-13T07:00:20Z</time>
   </trkpt>
   <trkpt lat="43.3078680" lon="3.4951910">
    <ele>9.9</ele>
    <time>2025-05-13T07:00:21Z</time>
   </trkpt>
   <trkpt lat="43.3078970" lon="3.4952080">
    <ele>9.9</ele>
    <time>2025-05-13T07:00:22Z</time>
   </trkpt>
   <trkpt lat="43.3079350" lon="3.4952060">
    <ele>9.9</ele>
    <time>2025-05-13T07:00:23Z</time>
   </trkpt>
   <trkpt lat="43.3079460" lon="3.4952030">
    <ele>9.9</ele>
    <time>2025-05-13T07:00:24Z</time>
   </trkpt>
   <trkpt lat="43.3079630" lon="3.4951940">
    <ele>9.9</ele>
    <time>2025-05-13T07:00:25Z</time>
   </trkpt>
   <trkpt lat="43.3079740" lon="3.4951840">
    <ele>10.0</ele>
    <time>2025-05-13T07:00:26Z</time>
   </trkpt>
   <trkpt lat="43.3079810" lon="3.4951780">
    <ele>10.0</ele>
    <time>2025-05-13T07:00:27Z</time>
   </trkpt>
   <trkpt lat="43.3079910" lon="3.4951770">
    <ele>10.0</ele>
    <time>2025-05-13T07:00:28Z</time>
   </trkpt>
   <trkpt lat="43.3080010" lon="3.4951850">
    <ele>10.0</ele>
    <time>2025-05-13T07:00:29Z</time>
   </trkpt>
   <trkpt lat="43.3080150" lon="3.4952250">
    <ele>10.0</ele>
    <time>2025-05-13T07:00:30Z</time>
   </trkpt>
   <trkpt lat="43.3080160" lon="3.4952400">
    <ele>10.0</ele>
    <time>2025-05-13T07:00:31Z</time>
   </trkpt>
   <trkpt lat="43.3080150" lon="3.4952840">
    <ele>10.0</ele>
    <time>2025-05-13T07:00:32Z</time>
   </trkpt>
   <trkpt lat="43.3080150" lon="3.4953000">
    <ele>10.0</ele>
    <time>2025-05-13T07:00:33Z</time>
   </trkpt>
   <trkpt lat="43.3080110" lon="3.4953250">
    <ele>10.0</ele>
    <time>2025-05-13T07:00:34Z</time>
   </trkpt>
   <trkpt lat="43.3080030" lon="3.4953440">
    <ele>10.0</ele>
    <time>2025-05-13T07:00:35Z</time>
   </trkpt>
   <trkpt lat="43.3079990" lon="3.4953670">
    <ele>10.1</ele>
    <time>2025-05-13T07:00:36Z</time>
   </trkpt>
   <trkpt lat="43.3079920" lon="3.4953890">
    <ele>10.1</ele>
    <time>2025-05-13T07:00:37Z</time>
   </trkpt>
   <trkpt lat="43.3079840" lon="3.4954300">
    <ele>10.1</ele>
    <time>2025-05-13T07:00:38Z</time>
   </trkpt>
   <trkpt lat="43.3079820" lon="3.4954440">
    <ele>10.1</ele>
    <time>2025-05-13T07:00:39Z</time>
   </trkpt>
   <trkpt lat="43.3079830" lon="3.4954990">
    <ele>10.1</ele>
    <time>2025-05-13T07:00:40Z</time>
   </trkpt>
   <trkpt lat="43.3079820" lon="3.4955190">
    <ele>10.1</ele>
    <time>2025-05-13T07:00:41Z</time>
   </trkpt>
   <trkpt lat="43.3079810" lon="3.4955670">
    <ele>10.1</ele>
    <time>2025-05-13T07:00:42Z</time>
   </trkpt>
   <trkpt lat="43.3079750" lon="3.4956160">
    <ele>10.1</ele>
    <time>2025-05-13T07:00:43Z</time>
   </trkpt>
   <trkpt lat="43.3079670" lon="3.4956630">
    <ele>10.1</ele>
    <time>2025-05-13T07:00:44Z</time>
   </trkpt>
   <trkpt lat="43.3079510" lon="3.4957100">
    <ele>10.1</ele>
    <time>2025-05-13T07:00:45Z</time>
   </trkpt>
   <trkpt lat="43.3079300" lon="3.4957550">
    <ele>10.2</ele>
    <time>2025-05-13T07:00:46Z</time>
   </trkpt>
   <trkpt lat="43.3079040" lon="3.4958010">
    <ele>10.2</ele>
    <time>2025-05-13T07:00:47Z</time>
   </trkpt>
   <trkpt lat="43.3078750" lon="3.4958450">
    <ele>10.3</ele>
    <time>2025-05-13T07:00:48Z</time>
   </trkpt>
   <trkpt lat="43.3078500" lon="3.4958910">
    <ele>10.4</ele>
    <time>2025-05-13T07:00:49Z</time>
   </trkpt>
   <trkpt lat="43.3078370" lon="3.4959450">
    <ele>10.5</ele>
    <time>2025-05-13T07:00:50Z</time>
   </trkpt>
   <trkpt lat="43.3078310" lon="3.4959960">
    <ele>10.5</ele>
    <time>2025-05-13T07:00:51Z</time>
   </trkpt>
   <trkpt lat="43.3078250" lon="3.4960370">
    <ele>10.6</ele>
    <time>2025-05-13T07:00:52Z</time>
   </trkpt>
   <trkpt lat="43.3078180" lon="3.4960650">
    <ele>10.7</ele>
    <time>2025-05-13T07:00:53Z</time>
   </trkpt>
   <trkpt lat="43.3078110" lon="3.4960790">
    <ele>10.7</ele>
    <time>2025-05-13T07:00:54Z</time>
   </trkpt>
   <trkpt lat="43.3078070" lon="3.4960860">
    <ele>10.7</ele>
    <time>2025-05-13T07:00:55Z</time>
   </trkpt>
   <trkpt lat="43.3078000" lon="3.4960890">
    <ele>10.7</ele>
    <time>2025-05-13T07:00:56Z</time>
   </trkpt>
   <trkpt lat="43.3077860" lon="3.4960930">
    <ele>10.8</ele>
    <time>2025-05-13T07:00:57Z</time>
   </trkpt>
   <trkpt lat="43.3077540" lon="3.4961020">
    <ele>10.8</ele>
    <time>2025-05-13T07:00:58Z</time>
   </trkpt>
   <trkpt lat="43.3077410" lon="3.4961050">
    <ele>10.9</ele>
    <time>2025-05-13T07:00:59Z</time>
   </trkpt>
   <trkpt lat="43.3077130" lon="3.4961200">
    <ele>10.9</ele>
    <time>2025-05-13T07:01:00Z</time>
   </trkpt>
   <trkpt lat="43.3077060" lon="3.4961280">
    <ele>10.9</ele>
    <time>2025-05-13T07:01:01Z</time>
   </trkpt>
   <trkpt lat="43.3077020" lon="3.4961770">
    <ele>10.9</ele>
    <time>2025-05-13T07:01:02Z</time>
   </trkpt>
   <trkpt lat="43.3077030" lon="3.4961960">
    <ele>10.8</ele>
    <time>2025-05-13T07:01:03Z</time>
   </trkpt>
   <trkpt lat="43.3077050" lon="3.4962380">
    <ele>10.8</ele>
    <time>2025-05-13T07:01:04Z</time>
   </trkpt>
   <trkpt lat="43.3077080" lon="3.4962840">
    <ele>10.7</ele>
    <time>2025-05-13T07:01:05Z</time>
   </trkpt>
   <trkpt lat="43.3077070" lon="3.4963330">
    <ele>10.7</ele>
    <time>2025-05-13T07:01:06Z</time>
   </trkpt>
   <trkpt lat="43.3077080" lon="3.4963860">
    <ele>10.7</ele>
    <time>2025-05-13T07:01:07Z</time>
   </trkpt>
   <trkpt lat="43.3077080" lon="3.4964430">
    <ele>10.6</ele>
    <time>2025-05-13T07:01:08Z</time>
   </trkpt>
   <trkpt lat="43.3077060" lon="3.4965010">
    <ele>10.6</ele>
    <time>2025-05-13T07:01:09Z</time>
   </trkpt>
   <trkpt lat="43.3077050" lon="3.4965610">
    <ele>10.6</ele>
    <time>2025-05-13T07:01:10Z</time>
   </trkpt>
   <trkpt lat="43.3077040" lon="3.4966240">
    <ele>10.6</ele>
    <time>2025-05-13T07:01:11Z</time>
   </trkpt>
   <trkpt lat="43.3077030" lon="3.4966880">
    <ele>10.7</ele>
    <time>2025-05-13T07:01:12Z</time>
   </trkpt>
   <trkpt lat="43.3077010" lon="3.4967510">
    <ele>10.7</ele>
    <time>2025-05-13T07:01:13Z</time>
   </trkpt>
   <trkpt lat="43.3077000" lon="3.4968150">
    <ele>10.8</ele>
    <time>2025-05-13T07:01:14Z</time>
   </trkpt>
   <trkpt lat="43.3076960" lon="3.4968810">
    <ele>10.8</ele>
    <time>2025-05-13T07:01:15Z</time>
   </trkpt>
   <trkpt lat="43.3076950" lon="3.4969480">
    <ele>10.8</ele>
    <time>2025-05-13T07:01:16Z</time>
   </trkpt>
   <trkpt lat="43.3076960" lon="3.4970120">
    <ele>10.9</ele>
    <time>2025-05-13T07:01:17Z</time>
   </trkpt>
   <trkpt lat="43.3076960" lon="3.4970770">
    <ele>10.9</ele>
    <time>2025-05-13T07:01:18Z</time>
   </trkpt>
   <trkpt lat="43.3076960" lon="3.4971420">
    <ele>11.0</ele>
    <time>2025-05-13T07:01:19Z</time>
   </trkpt>
   <trkpt lat="43.3076960" lon="3.4972070">
    <ele>11.1</ele>
    <time>2025-05-13T07:01:20Z</time>
   </trkpt>
   <trkpt lat="43.3076980" lon="3.4972740">
    <ele>11.1</ele>
    <time>2025-05-13T07:01:21Z</time>
   </trkpt>
   <trkpt lat="43.3076980" lon="3.4973400">
    <ele>11.2</ele>
    <time>2025-05-13T07:01:22Z</time>
   </trkpt>
   <trkpt lat="43.3076980" lon="3.4974040">
    <ele>11.3</ele>
    <time>2025-05-13T07:01:23Z</time>
   </trkpt>
   <trkpt lat="43.3076970" lon="3.4974710">
    <ele>11.3</ele>
    <time>2025-05-13T07:01:24Z</time>
   </trkpt>
   <trkpt lat="43.3076930" lon="3.4975380">
    <ele>11.4</ele>
    <time>2025-05-13T07:01:25Z</time>
   </trkpt>
   <trkpt lat="43.3076890" lon="3.4976060">
    <ele>11.5</ele>
    <time>2025-05-13T07:01:26Z</time>
   </trkpt>
   <trkpt lat="43.3076870" lon="3.4976730">
    <ele>11.5</ele>
    <time>2025-05-13T07:01:27Z</time>
   </trkpt>
   <trkpt lat="43.3076840" lon="3.4977350">
    <ele>11.6</ele>
    <time>2025-05-13T07:01:28Z</time>
   </trkpt>
   <trkpt lat="43.3076780" lon="3.4977970">
    <ele>11.7</ele>
    <time>2025-05-13T07:01:29Z</time>
   </trkpt>
   <trkpt lat="43.3076730" lon="3.4978610">
    <ele>11.9</ele>
    <time>2025-05-13T07:01:30Z</time>
   </trkpt>
   <trkpt lat="43.3076720" lon="3.4979280">
    <ele>12.0</ele>
    <time>2025-05-13T07:01:31Z</time>
   </trkpt>
   <trkpt lat="43.3076710" lon="3.4979950">
    <ele>12.1</ele>
    <time>2025-05-13T07:01:32Z</time>
   </trkpt>
   <trkpt lat="43.3076710" lon="3.4980610">
    <ele>12.3</ele>
    <time>2025-05-13T07:01:33Z</time>
   </trkpt>
   <trkpt lat="43.3076710" lon="3.4981240">
    <ele>12.4</ele>
    <time>2025-05-13T07:01:34Z</time>
   </trkpt>
   <trkpt lat="43.3076690" lon="3.4981860">
    <ele>12.5</ele>
    <time>2025-05-13T07:01:35Z</time>
   </trkpt>
   <trkpt lat="43.3076670" lon="3.4982500">
    <ele>12.7</ele>
    <time>2025-05-13T07:01:36Z</time>
   </trkpt>
   <trkpt lat="43.3076640" lon="3.4983140">
    <ele>12.9</ele>
    <time>2025-05-13T07:01:37Z</time>
   </trkpt>
   <trkpt lat="43.3076590" lon="3.4983740">
    <ele>13.0</ele>
    <time>2025-05-13T07:01:38Z</time>
   </trkpt>
   <trkpt lat="43.3076550" lon="3.4984310">
    <ele>13.2</ele>
    <time>2025-05-13T07:01:39Z</time>
   </trkpt>
   <trkpt lat="43.3076530" lon="3.4984920">
    <ele>13.4</ele>
    <time>2025-05-13T07:01:40Z</time>
   </trkpt>
   <trkpt lat="43.3076530" lon="3.4985570">
    <ele>13.6</ele>
    <time>2025-05-13T07:01:41Z</time>
   </trkpt>
   <trkpt lat="43.3076550" lon="3.4986200">
    <ele>13.8</ele>
    <time>2025-05-13T07:01:42Z</time>
   </trkpt>
   <trkpt lat="43.3076560" lon="3.4986840">
    <ele>14.0</ele>
    <time>2025-05-13T07:01:43Z</time>
   </trkpt>
   <trkpt lat="43.3076560" lon="3.4987470">
    <ele>14.3</ele>
    <time>2025-05-13T07:01:44Z</time>
   </trkpt>
   <trkpt lat="43.3076540" lon="3.4988060">
    <ele>14.5</ele>
    <time>2025-05-13T07:01:45Z</time>
   </trkpt>
   <trkpt lat="43.3076540" lon="3.4988620">
    <ele>14.7</ele>
    <time>2025-05-13T07:01:46Z</time>
   </trkpt>
   <trkpt lat="43.3076570" lon="3.4989190">
    <ele>15.0</ele>
    <time>2025-05-13T07:01:47Z</time>
   </trkpt>
   <trkpt lat="43.3076570" lon="3.4989770">
    <ele>15.2</ele>
    <time>2025-05-13T07:01:48Z</time>
   </trkpt>
   <trkpt lat="43.3076580" lon="3.4990330">
    <ele>15.4</ele>
    <time>2025-05-13T07:01:49Z</time>
   </trkpt>
   <trkpt lat="43.3076570" lon="3.4990920">
    <ele>15.7</ele>
    <time>2025-05-13T07:01:50Z</time>
   </trkpt>
   <trkpt lat="43.3076550" lon="3.4991500">
    <ele>15.9</ele>
    <time>2025-05-13T07:01:51Z</time>
   </trkpt>
   <trkpt lat="43.3076530" lon="3.4992040">
    <ele>16.1</ele>
    <time>2025-05-13T07:01:52Z</time>
   </trkpt>
   <trkpt lat="43.3076490" lon="3.4992540">
    <ele>16.3</ele>
    <time>2025-05-13T07:01:53Z</time>
   </trkpt>
   <trkpt lat="43.3076480" lon="3.4993060">
    <ele>16.4</ele>
    <time>2025-05-13T07:01:54Z</time>
   </trkpt>
   <trkpt lat="43.3076480" lon="3.4993620">
    <ele>16.6</ele>
    <time>2025-05-13T07:01:55Z</time>
   </trkpt>
   <trkpt lat="43.3076460" lon="3.4994160">
    <ele>16.8</ele>
    <time>2025-05-13T07:01:56Z</time>
   </trkpt>
   <trkpt lat="43.3076430" lon="3.4994720">
    <ele>17.0</ele>
    <time>2025-05-13T07:01:57Z</time>
   </trkpt>
   <trkpt lat="43.3076390" lon="3.4995260">
    <ele>17.2</ele>
    <time>2025-05-13T07:01:58Z</time>
   </trkpt>
   <trkpt lat="43.3076370" lon="3.4995800">
    <ele>17.4</ele>
    <time>2025-05-13T07:01:59Z</time>
   </trkpt>
   <trkpt lat="43.3076350" lon="3.4996350">
    <ele>17.6</ele>
    <time>2025-05-13T07:02:00Z</time>
   </trkpt>
   <trkpt lat="43.3076320" lon="3.4996930">
    <ele>17.8</ele>
    <time>2025-05-13T07:02:01Z</time>
   </trkpt>
   <trkpt lat="43.3076310" lon="3.4997510">
    <ele>18.0</ele>
    <time>2025-05-13T07:02:02Z</time>
   </trkpt>
   <trkpt lat="43.3076300" lon="3.4998080">
    <ele>18.1</ele>
    <time>2025-05-13T07:02:03Z</time>
   </trkpt>
   <trkpt lat="43.3076270" lon="3.4998680">
    <ele>18.3</ele>
    <time>2025-05-13T07:02:04Z</time>
   </trkpt>
   <trkpt lat="43.3076230" lon="3.4999300">
    <ele>18.5</ele>
    <time>2025-05-13T07:02:05Z</time>
   </trkpt>
   <trkpt lat="43.3076180" lon="3.4999910">
    <ele>18.6</ele>
    <time>2025-05-13T07:02:06Z</time>
   </trkpt>
   <trkpt lat="43.3076180" lon="3.5000520">
    <ele>18.8</ele>
    <time>2025-05-13T07:02:07Z</time>
   </trkpt>
   <trkpt lat="43.3076170" lon="3.5001150">
    <ele>18.9</ele>
    <time>2025-05-13T07:02:08Z</time>
   </trkpt>
   <trkpt lat="43.3076150" lon="3.5001790">
    <ele>19.1</ele>
    <time>2025-05-13T07:02:09Z</time>
   </trkpt>
   <trkpt lat="43.3076150" lon="3.5002490">
    <ele>19.2</ele>
    <time>2025-05-13T07:02:10Z</time>
   </trkpt>
   <trkpt lat="43.3076150" lon="3.5003200">
    <ele>19.3</ele>
    <time>2025-05-13T07:02:11Z</time>
   </trkpt>
   <trkpt lat="43.3076150" lon="3.5003890">
    <ele>19.4</ele>
    <time>2025-05-13T07:02:12Z</time>
   </trkpt>
   <trkpt lat="43.3076140" lon="3.5004580">
    <ele>19.5</ele>
    <time>2025-05-13T07:02:13Z</time>
   </trkpt>
   <trkpt lat="43.3076130" lon="3.5005270">
    <ele>19.6</ele>
    <time>2025-05-13T07:02:14Z</time>
   </trkpt>
   <trkpt lat="43.3076130" lon="3.5006010">
    <ele>19.6</ele>
    <time>2025-05-13T07:02:15Z</time>
   </trkpt>
   <trkpt lat="43.3076110" lon="3.5006750">
    <ele>19.7</ele>
    <time>2025-05-13T07:02:16Z</time>
   </trkpt>
   <trkpt lat="43.3076070" lon="3.5007440">
    <ele>19.7</ele>
    <time>2025-05-13T07:02:17Z</time>
   </trkpt>
   <trkpt lat="43.3076020" lon="3.5008150">
    <ele>19.8</ele>
    <time>2025-05-13T07:02:18Z</time>
   </trkpt>
   <trkpt lat="43.3075960" lon="3.5008810">
    <ele>19.8</ele>
    <time>2025-05-13T07:02:19Z</time>
   </trkpt>
   <trkpt lat="43.3075920" lon="3.5009460">
    <ele>19.9</ele>
    <time>2025-05-13T07:02:20Z</time>
   </trkpt>
   <trkpt lat="43.3075910" lon="3.5010090">
    <ele>19.9</ele>
    <time>2025-05-13T07:02:21Z</time>
   </trkpt>
   <trkpt lat="43.3075910" lon="3.5010740">
    <ele>20.0</ele>
    <time>2025-05-13T07:02:22Z</time>
   </trkpt>
   <trkpt lat="43.3075930" lon="3.5011440">
    <ele>20.0</ele>
    <time>2025-05-13T07:02:23Z</time>
   </trkpt>
   <trkpt lat="43.3075900" lon="3.5012080">
    <ele>20.1</ele>
    <time>2025-05-13T07:02:24Z</time>
   </trkpt>
   <trkpt lat="43.3075830" lon="3.5012700">
    <ele>20.1</ele>
    <time>2025-05-13T07:02:25Z</time>
   </trkpt>
   <trkpt lat="43.3075760" lon="3.5013260">
    <ele>20.1</ele>
    <time>2025-05-13T07:02:26Z</time>
   </trkpt>
   <trkpt lat="43.3075630" lon="3.5013770">
    <ele>20.1</ele>
    <time>2025-05-13T07:02:27Z</time>
   </trkpt>
   <trkpt lat="43.3075390" lon="3.5014300">
    <ele>20.0</ele>
    <time>2025-05-13T07:02:28Z</time>
   </trkpt>
   <trkpt lat="43.3075040" lon="3.5014780">
    <ele>20.0</ele>
    <time>2025-05-13T07:02:29Z</time>
   </trkpt>
   <trkpt lat="43.3074630" lon="3.5015230">
    <ele>20.0</ele>
    <time>2025-05-13T07:02:30Z</time>
   </trkpt>
   <trkpt lat="43.3074270" lon="3.5015670">
    <ele>19.9</ele>
    <time>2025-05-13T07:02:31Z</time>
   </trkpt>
   <trkpt lat="43.3074080" lon="3.5016180">
    <ele>19.8</ele>
    <time>2025-05-13T07:02:32Z</time>
   </trkpt>
   <trkpt lat="43.3074030" lon="3.5016670">
    <ele>19.8</ele>
    <time>2025-05-13T07:02:33Z</time>
   </trkpt>
   <trkpt lat="43.3074070" lon="3.5017160">
    <ele>19.8</ele>
    <time>2025-05-13T07:02:34Z</time>
   </trkpt>
   <trkpt lat="43.3074120" lon="3.5017530">
    <ele>19.7</ele>
    <time>2025-05-13T07:02:35Z</time>
   </trkpt>
   <trkpt lat="43.3074200" lon="3.5017980">
    <ele>19.7</ele>
    <time>2025-05-13T07:02:36Z</time>
   </trkpt>
   <trkpt lat="43.3074270" lon="3.5018430">
    <ele>19.6</ele>
    <time>2025-05-13T07:02:37Z</time>
   </trkpt>
   <trkpt lat="43.3074270" lon="3.5018580">
    <ele>19.6</ele>
    <time>2025-05-13T07:02:38Z</time>
   </trkpt>
   <trkpt lat="43.3074290" lon="3.5018980">
    <ele>19.6</ele>
    <time>2025-05-13T07:02:39Z</time>
   </trkpt>
   <trkpt lat="43.3074300" lon="3.5019090">
    <ele>19.6</ele>
    <time>2025-05-13T07:02:40Z</time>
   </trkpt>
   <trkpt lat="43.3074390" lon="3.5019300">
    <ele>19.6</ele>
    <time>2025-05-13T07:02:41Z</time>
   </trkpt>
   <trkpt lat="43.3074460" lon="3.5019470">
    <ele>19.5</ele>
    <time>2025-05-13T07:02:42Z</time>
   </trkpt>
   <trkpt lat="43.3074490" lon="3.5019620">
    <ele>19.5</ele>
    <time>2025-05-13T07:02:43Z</time>
   </trkpt>
   <trkpt lat="43.3074580" lon="3.5019750">
    <ele>19.5</ele>
    <time>2025-05-13T07:02:44Z</time>
   </trkpt>
   <trkpt lat="43.3074640" lon="3.5019820">
    <ele>19.5</ele>
    <time>2025-05-13T07:02:45Z</time>
   </trkpt>
   <trkpt lat="43.3074710" lon="3.5019880">
    <ele>19.5</ele>
    <time>2025-05-13T07:02:46Z</time>
   </trkpt>
   <trkpt lat="43.3074720" lon="3.5019910">
    <ele>19.5</ele>
    <time>2025-05-13T07:02:47Z</time>
   </trkpt>
   <trkpt lat="43.3074740" lon="3.5019930">
    <ele>19.5</ele>
    <time>2025-05-13T07:02:48Z</time>
   </trkpt>
   <trkpt lat="43.3074750" lon="3.5019950">
    <ele>19.5</ele>
    <time>2025-05-13T07:02:49Z</time>
   </trkpt>
   <trkpt lat="43.3074770" lon="3.5019980">
    <ele>19.5</ele>
    <time>2025-05-13T07:02:50Z</time>
   </trkpt>
   <trkpt lat="43.3074790" lon="3.5020000">
    <ele>19.5</ele>
    <time>2025-05-13T07:02:51Z</time>
   </trkpt>
   <trkpt lat="43.3074800" lon="3.5020020">
    <ele>19.5</ele>
    <time>2025-05-13T07:02:52Z</time>
   </trkpt>
   <trkpt lat="43.3074820" lon="3.5020040">
    <ele>19.5</ele>
    <time>2025-05-13T07:02:53Z</time>
   </trkpt>
   <trkpt lat="43.3074840" lon="3.5020070">
    <ele>19.5</ele>
    <time>2025-05-13T07:02:54Z</time>
   </trkpt>
   <trkpt lat="43.3074850" lon="3.5020090">
    <ele>19.5</ele>
    <time>2025-05-13T07:02:55Z</time>
   </trkpt>
   <trkpt lat="43.3074870" lon="3.5020110">
    <ele>19.4</ele>
    <time>2025-05-13T07:02:56Z</time>
   </trkpt>
   <trkpt lat="43.3074880" lon="3.5020140">
    <ele>19.4</ele>
    <time>2025-05-13T07:02:57Z</time>
   </trkpt>
   <trkpt lat="43.3074900" lon="3.5020160">
    <ele>19.4</ele>
    <time>2025-05-13T07:02:58Z</time>
   </trkpt>
   <trkpt lat="43.3074920" lon="3.5020180">
    <ele>19.4</ele>
    <time>2025-05-13T07:02:59Z</time>
   </trkpt>
   <trkpt lat="43.3074930" lon="3.5020210">
    <ele>19.4</ele>
    <time>2025-05-13T07:03:00Z</time>
   </trkpt>
   <trkpt lat="43.3074950" lon="3.5020230">
    <ele>19.4</ele>
    <time>2025-05-13T07:03:01Z</time>
   </trkpt>
   <trkpt lat="43.3074960" lon="3.5020250">
    <ele>19.4</ele>
    <time>2025-05-13T07:03:02Z</time>
   </trkpt>
   <trkpt lat="43.3074980" lon="3.5020280">
    <ele>19.4</ele>
    <time>2025-05-13T07:03:03Z</time>
   </trkpt>
   <trkpt lat="43.3075000" lon="3.5020300">
    <ele>19.4</ele>
    <time>2025-05-13T07:03:04Z</time>
   </trkpt>
   <trkpt lat="43.3075010" lon="3.5020320">
    <ele>19.4</ele>
    <time>2025-05-13T07:03:05Z</time>
   </trkpt>
   <trkpt lat="43.3075030" lon="3.5020340">
    <ele>19.4</ele>
    <time>2025-05-13T07:03:06Z</time>
   </trkpt>
   <trkpt lat="43.3075050" lon="3.5020370">
    <ele>19.4</ele>
    <time>2025-05-13T07:03:07Z</time>
   </trkpt>
   <trkpt lat="43.3075060" lon="3.5020390">
    <ele>19.4</ele>
    <time>2025-05-13T07:03:08Z</time>
   </trkpt>
   <trkpt lat="43.3075080" lon="3.5020410">
    <ele>19.4</ele>
    <time>2025-05-13T07:03:09Z</time>
   </trkpt>
   <trkpt lat="43.3075090" lon="3.5020440">
    <ele>19.4</ele>
    <time>2025-05-13T07:03:10Z</time>
   </trkpt>
   <trkpt lat="43.3075110" lon="3.5020460">
    <ele>19.4</ele>
    <time>2025-05-13T07:03:11Z</time>
   </trkpt>
   <trkpt lat="43.3075240" lon="3.5021000">
    <ele>19.3</ele>
    <time>2025-05-13T07:03:12Z</time>
   </trkpt>
   <trkpt lat="43.3075270" lon="3.5021230">
    <ele>19.3</ele>
    <time>2025-05-13T07:03:13Z</time>
   </trkpt>
   <trkpt lat="43.3075270" lon="3.5021740">
    <ele>19.3</ele>
    <time>2025-05-13T07:03:14Z</time>
   </trkpt>
   <trkpt lat="43.3075270" lon="3.5022320">
    <ele>19.2</ele>
    <time>2025-05-13T07:03:15Z</time>
   </trkpt>
   <trkpt lat="43.3075250" lon="3.5022940">
    <ele>19.1</ele>
    <time>2025-05-13T07:03:16Z</time>
   </trkpt>
   <trkpt lat="43.3075170" lon="3.5023570">
    <ele>19.0</ele>
    <time>2025-05-13T07:03:17Z</time>
   </trkpt>
   <trkpt lat="43.3075090" lon="3.5024210">
    <ele>18.9</ele>
    <time>2025-05-13T07:03:18Z</time>
   </trkpt>
   <trkpt lat="43.3074990" lon="3.5024900">
    <ele>18.8</ele>
    <time>2025-05-13T07:03:19Z</time>
   </trkpt>
   <trkpt lat="43.3074920" lon="3.5025550">
    <ele>18.7</ele>
    <time>2025-05-13T07:03:20Z</time>
   </trkpt>
   <trkpt lat="43.3074830" lon="3.5026190">
    <ele>18.7</ele>
    <time>2025-05-13T07:03:21Z</time>
   </trkpt>
   <trkpt lat="43.3074780" lon="3.5026780">
    <ele>18.6</ele>
    <time>2025-05-13T07:03:22Z</time>
   </trkpt>
   <trkpt lat="43.3074670" lon="3.5027420">
    <ele>18.5</ele>
    <time>2025-05-13T07:03:23Z</time>
   </trkpt>
   <trkpt lat="43.3074540" lon="3.5028040">
    <ele>18.4</ele>
    <time>2025-05-13T07:03:24Z</time>
   </trkpt>
   <trkpt lat="43.3074380" lon="3.5028620">
    <ele>18.4</ele>
    <time>2025-05-13T07:03:25Z</time>
   </trkpt>
   <trkpt lat="43.3074280" lon="3.5029270">
    <ele>18.3</ele>
    <time>2025-05-13T07:03:26Z</time>
   </trkpt>
   <trkpt lat="43.3074200" lon="3.5029930">
    <ele>18.2</ele>
    <time>2025-05-13T07:03:27Z</time>
   </trkpt>
   <trkpt lat="43.3074170" lon="3.5030650">
    <ele>18.1</ele>
    <time>2025-05-13T07:03:28Z</time>
   </trkpt>
   <trkpt lat="43.3074150" lon="3.5031390">
    <ele>18.0</ele>
    <time>2025-05-13T07:03:29Z</time>
   </trkpt>
   <trkpt lat="43.3074100" lon="3.5032170">
    <ele>17.8</ele>
    <time>2025-05-13T07:03:30Z</time>
   </trkpt>
   <trkpt lat="43.3074070" lon="3.5032920">
    <ele>17.7</ele>
    <time>2025-05-13T07:03:31Z</time>
   </trkpt>
   <trkpt lat="43.3074060" lon="3.5033740">
    <ele>17.6</ele>
    <time>2025-05-13T07:03:32Z</time>
   </trkpt>
   <trkpt lat="43.3074030" lon="3.5034560">
    <ele>17.4</ele>
    <time>2025-05-13T07:03:33Z</time>
   </trkpt>
   <trkpt lat="43.3074000" lon="3.5035420">
    <ele>17.3</ele>
    <time>2025-05-13T07:03:34Z</time>
   </trkpt>
   <trkpt lat="43.3073980" lon="3.5036310">
    <ele>17.1</ele>
    <time>2025-05-13T07:03:35Z</time>
   </trkpt>
   <trkpt lat="43.3073980" lon="3.5037200">
    <ele>17.0</ele>
    <time>2025-05-13T07:03:36Z</time>
   </trkpt>
   <trkpt lat="43.3073980" lon="3.5038040">
    <ele>16.8</ele>
    <time>2025-05-13T07:03:37Z</time>
   </trkpt>
   <trkpt lat="43.3073950" lon="3.5038890">
    <ele>16.6</ele>
    <time>2025-05-13T07:03:38Z</time>
   </trkpt>
   <trkpt lat="43.3073900" lon="3.5039740">
    <ele>16.4</ele>
    <time>2025-05-13T07:03:39Z</time>
   </trkpt>
   <trkpt lat="43.3073880" lon="3.5040620">
    <ele>16.3</ele>
    <time>2025-05-13T07:03:40Z</time>
   </trkpt>
   <trkpt lat="43.3073850" lon="3.5041510">
    <ele>16.1</ele>
    <time>2025-05-13T07:03:41Z</time>
   </trkpt>
   <trkpt lat="43.3073840" lon="3.5042380">
    <ele>15.9</ele>
    <time>2025-05-13T07:03:42Z</time>
   </trkpt>
   <trkpt lat="43.3073810" lon="3.5043250">
    <ele>15.7</ele>
    <time>2025-05-13T07:03:43Z</time>
   </trkpt>
   <trkpt lat="43.3073780" lon="3.5044110">
    <ele>15.5</ele>
    <time>2025-05-13T07:03:44Z</time>
   </trkpt>
   <trkpt lat="43.3073730" lon="3.5045000">
    <ele>15.3</ele>
    <time>2025-05-13T07:03:45Z</time>
   </trkpt>
   <trkpt lat="43.3073700" lon="3.5045910">
    <ele>15.1</ele>
    <time>2025-05-13T07:03:46Z</time>
   </trkpt>
   <trkpt lat="43.3073620" lon="3.5046840">
    <ele>14.9</ele>
    <time>2025-05-13T07:03:47Z</time>
   </trkpt>
   <trkpt lat="43.3073530" lon="3.5047780">
    <ele>14.7</ele>
    <time>2025-05-13T07:03:48Z</time>
   </trkpt>
   <trkpt lat="43.3073450" lon="3.5048650">
    <ele>14.5</ele>
    <time>2025-05-13T07:03:49Z</time>
   </trkpt>
   <trkpt lat="43.3073360" lon="3.5049520">
    <ele>14.3</ele>
    <time>2025-05-13T07:03:50Z</time>
   </trkpt>
   <trkpt lat="43.3073330" lon="3.5050330">
    <ele>14.2</ele>
    <time>2025-05-13T07:03:51Z</time>
   </trkpt>
   <trkpt lat="43.3073240" lon="3.5051120">
    <ele>14.0</ele>
    <time>2025-05-13T07:03:52Z</time>
   </trkpt>
   <trkpt lat="43.3073180" lon="3.5051950">
    <ele>13.8</ele>
    <time>2025-05-13T07:03:53Z</time>
   </trkpt>
   <trkpt lat="43.3073150" lon="3.5052810">
    <ele>13.6</ele>
    <time>2025-05-13T07:03:54Z</time>
   </trkpt>
   <trkpt lat="43.3073070" lon="3.5053680">
    <ele>13.4</ele>
    <time>2025-05-13T07:03:55Z</time>
   </trkpt>
   <trkpt lat="43.3073050" lon="3.5054550">
    <ele>13.3</ele>
    <time>2025-05-13T07:03:56Z</time>
   </trkpt>
   <trkpt lat="43.3072990" lon="3.5055410">
    <ele>13.1</ele>
    <time>2025-05-13T07:03:57Z</time>
   </trkpt>
   <trkpt lat="43.3072950" lon="3.5056230">
    <ele>12.9</ele>
    <time>2025-05-13T07:03:58Z</time>
   </trkpt>
   <trkpt lat="43.3072860" lon="3.5057020">
    <ele>12.7</ele>
    <time>2025-05-13T07:03:59Z</time>
   </trkpt>
   <trkpt lat="43.3072790" lon="3.5057830">
    <ele>12.4</ele>
    <time>2025-05-13T07:04:00Z</time>
   </trkpt>
   <trkpt lat="43.3072740" lon="3.5058700">
    <ele>12.2</ele>
    <time>2025-05-13T07:04:01Z</time>
   </trkpt>
   <trkpt lat="43.3072700" lon="3.5059550">
    <ele>12.0</ele>
    <time>2025-05-13T07:04:02Z</time>
   </trkpt>
   <trkpt lat="43.3072670" lon="3.5060480">
    <ele>11.8</ele>
    <time>2025-05-13T07:04:03Z</time>
   </trkpt>
   <trkpt lat="43.3072670" lon="3.5061410">
    <ele>11.6</ele>
    <time>2025-05-13T07:04:04Z</time>
   </trkpt>
   <trkpt lat="43.3072620" lon="3.5062330">
    <ele>11.5</ele>
    <time>2025-05-13T07:04:05Z</time>
   </trkpt>
   <trkpt lat="43.3072560" lon="3.5063190">
    <ele>11.4</ele>
    <time>2025-05-13T07:04:06Z</time>
   </trkpt>
   <trkpt lat="43.3072480" lon="3.5064020">
    <ele>11.5</ele>
    <time>2025-05-13T07:04:07Z</time>
   </trkpt>
   <trkpt lat="43.3072370" lon="3.5064780">
    <ele>11.5</ele>
    <time>2025-05-13T07:04:08Z</time>
   </trkpt>
   <trkpt lat="43.3072190" lon="3.5065490">
    <ele>11.6</ele>
    <time>2025-05-13T07:04:09Z</time>
   </trkpt>
   <trkpt lat="43.3071960" lon="3.5066160">
    <ele>11.7</ele>
    <time>2025-05-13T07:04:10Z</time>
   </trkpt>
   <trkpt lat="43.3071720" lon="3.5066830">
    <ele>11.7</ele>
    <time>2025-05-13T07:04:11Z</time>
   </trkpt>
   <trkpt lat="43.3071490" lon="3.5067550">
    <ele>11.8</ele>
    <time>2025-05-13T07:04:12Z</time>
   </trkpt>
   <trkpt lat="43.3071250" lon="3.5068250">
    <ele>11.9</ele>
    <time>2025-05-13T07:04:13Z</time>
   </trkpt>
   <trkpt lat="43.3070960" lon="3.5068920">
    <ele>12.0</ele>
    <time>2025-05-13T07:04:14Z</time>
   </trkpt>
   <trkpt lat="43.3070620" lon="3.5069520">
    <ele>12.0</ele>
    <time>2025-05-13T07:04:15Z</time>
   </trkpt>
   <trkpt lat="43.3070260" lon="3.5070160">
    <ele>12.1</ele>
    <time>2025-05-13T07:04:16Z</time>
   </trkpt>
   <trkpt lat="43.3069900" lon="3.5070810">
    <ele>12.2</ele>
    <time>2025-05-13T07:04:17Z</time>
   </trkpt>
   <trkpt lat="43.3069510" lon="3.5071390">
    <ele>12.3</ele>
    <time>2025-05-13T07:04:18Z</time>
   </trkpt>
   <trkpt lat="43.3069070" lon="3.5071880">
    <ele>12.4</ele>
    <time>2025-05-13T07:04:19Z</time>
   </trkpt>
   <trkpt lat="43.3068670" lon="3.5072290">
    <ele>12.5</ele>
    <time>2025-05-13T07:04:20Z</time>
   </trkpt>
   <trkpt lat="43.3068280" lon="3.5072720">
    <ele>12.5</ele>
    <time>2025-05-13T07:04:21Z</time>
   </trkpt>
   <trkpt lat="43.3067880" lon="3.5073090">
    <ele>12.6</ele>
    <time>2025-05-13T07:04:22Z</time>
   </trkpt>
   <trkpt lat="43.3067480" lon="3.5073470">
    <ele>12.6</ele>
    <time>2025-05-13T07:04:23Z</time>
   </trkpt>
   <trkpt lat="43.3067050" lon="3.5073860">
    <ele>12.6</ele>
    <time>2025-05-13T07:04:24Z</time>
   </trkpt>
   <trkpt lat="43.3066590" lon="3.5074250">
    <ele>12.6</ele>
    <time>2025-05-13T07:04:25Z</time>
   </trkpt>
   <trkpt lat="43.3066130" lon="3.5074630">
    <ele>12.5</ele>
    <time>2025-05-13T07:04:26Z</time>
   </trkpt>
   <trkpt lat="43.3065590" lon="3.5074900">
    <ele>12.5</ele>
    <time>2025-05-13T07:04:27Z</time>
   </trkpt>
   <trkpt lat="43.3065040" lon="3.5075150">
    <ele>12.4</ele>
    <time>2025-05-13T07:04:28Z</time>
   </trkpt>
   <trkpt lat="43.3064460" lon="3.5075400">
    <ele>12.3</ele>
    <time>2025-05-13T07:04:29Z</time>
   </trkpt>
   <trkpt lat="43.3063890" lon="3.5075630">
    <ele>12.2</ele>
    <time>2025-05-13T07:04:30Z</time>
   </trkpt>
   <trkpt lat="43.3063330" lon="3.5075900">
    <ele>12.2</ele>
    <time>2025-05-13T07:04:31Z</time>
   </trkpt>
   <trkpt lat="43.3062750" lon="3.5076070">
    <ele>12.1</ele>
    <time>2025-05-13T07:04:32Z</time>
   </trkpt>
   <trkpt lat="43.3062140" lon="3.5076170">
    <ele>12.0</ele>
    <time>2025-05-13T07:04:33Z</time>
   </trkpt>
   <trkpt lat="43.3061530" lon="3.5076220">
    <ele>12.0</ele>
    <time>2025-05-13T07:04:34Z</time>
   </trkpt>
   <trkpt lat="43.3060940" lon="3.5076170">
    <ele>11.9</ele>
    <time>2025-05-13T07:04:35Z</time>
   </trkpt>
   <trkpt lat="43.3060410" lon="3.5076090">
    <ele>11.9</ele>
    <time>2025-05-13T07:04:36Z</time>
   </trkpt>
   <trkpt lat="43.3059850" lon="3.5076080">
    <ele>11.9</ele>
    <time>2025-05-13T07:04:37Z</time>
   </trkpt>
   <trkpt lat="43.3059250" lon="3.5076070">
    <ele>11.9</ele>
    <time>2025-05-13T07:04:38Z</time>
   </trkpt>
   <trkpt lat="43.3058690" lon="3.5075960">
    <ele>11.9</ele>
    <time>2025-05-13T07:04:39Z</time>
   </trkpt>
   <trkpt lat="43.3058130" lon="3.5075920">
    <ele>12.0</ele>
    <time>2025-05-13T07:04:40Z</time>
   </trkpt>
   <trkpt lat="43.3057530" lon="3.5075910">
    <ele>12.0</ele>
    <time>2025-05-13T07:04:41Z</time>
   </trkpt>
   <trkpt lat="43.3056890" lon="3.5075950">
    <ele>12.0</ele>
    <time>2025-05-13T07:04:42Z</time>
   </trkpt>
   <trkpt lat="43.3056250" lon="3.5075950">
    <ele>12.0</ele>
    <time>2025-05-13T07:04:43Z</time>
   </trkpt>
   <trkpt lat="43.3055630" lon="3.5075920">
    <ele>12.0</ele>
    <time>2025-05-13T07:04:44Z</time>
   </trkpt>
   <trkpt lat="43.3055030" lon="3.5075900">
    <ele>11.9</ele>
    <time>2025-05-13T07:04:45Z</time>
   </trkpt>
   <trkpt lat="43.3054430" lon="3.5075880">
    <ele>11.9</ele>
    <time>2025-05-13T07:04:46Z</time>
   </trkpt>
   <trkpt lat="43.3053880" lon="3.5075890">
    <ele>11.9</ele>
    <time>2025-05-13T07:04:47Z</time>
   </trkpt>
   <trkpt lat="43.3053330" lon="3.5075870">
    <ele>11.9</ele>
    <time>2025-05-13T07:04:48Z</time>
   </trkpt>
   <trkpt lat="43.3052740" lon="3.5075850">
    <ele>11.9</ele>
    <time>2025-05-13T07:04:49Z</time>
   </trkpt>
   <trkpt lat="43.3052140" lon="3.5075850">
    <ele>11.8</ele>
    <time>2025-05-13T07:04:50Z</time>
   </trkpt>
   <trkpt lat="43.3051570" lon="3.5075820">
    <ele>11.8</ele>
    <time>2025-05-13T07:04:51Z</time>
   </trkpt>
   <trkpt lat="43.3051010" lon="3.5075770">
    <ele>11.7</ele>
    <time>2025-05-13T07:04:52Z</time>
   </trkpt>
   <trkpt lat="43.3050490" lon="3.5075720">
    <ele>11.7</ele>
    <time>2025-05-13T07:04:53Z</time>
   </trkpt>
   <trkpt lat="43.3049920" lon="3.5075660">
    <ele>11.6</ele>
    <time>2025-05-13T07:04:54Z</time>
   </trkpt>
   <trkpt lat="43.3049380" lon="3.5075590">
    <ele>11.6</ele>
    <time>2025-05-13T07:04:55Z</time>
   </trkpt>
   <trkpt lat="43.3048850" lon="3.5075530">
    <ele>11.5</ele>
    <time>2025-05-13T07:04:56Z</time>
   </trkpt>
   <trkpt lat="43.3048360" lon="3.5075470">
    <ele>11.5</ele>
    <time>2025-05-13T07:04:57Z</time>
   </trkpt>
   <trkpt lat="43.3047880" lon="3.5075420">
    <ele>11.5</ele>
    <time>2025-05-13T07:04:58Z</time>
   </trkpt>
   <trkpt lat="43.3047400" lon="3.5075320">
    <ele>11.4</ele>
    <time>2025-05-13T07:04:59Z</time>
   </trkpt>
   <trkpt lat="43.3046940" lon="3.5075180">
    <ele>11.4</ele>
    <time>2025-05-13T07:05:00Z</time>
   </trkpt>
   <trkpt lat="43.3046600" lon="3.5075100">
    <ele>11.3</ele>
    <time>2025-05-13T07:05:01Z</time>
   </trkpt>
   <trkpt lat="43.3046300" lon="3.5075180">
    <ele>11.3</ele>
    <time>2025-05-13T07:05:02Z</time>
   </trkpt>
   <trkpt lat="43.3046030" lon="3.5075380">
    <ele>11.2</ele>
    <time>2025-05-13T07:05:03Z</time>
   </trkpt>
   <trkpt lat="43.3045860" lon="3.5075670">
    <ele>11.1</ele>
    <time>2025-05-13T07:05:04Z</time>
   </trkpt>
   <trkpt lat="43.3045790" lon="3.5076280">
    <ele>11.0</ele>
    <time>2025-05-13T07:05:05Z</time>
   </trkpt>
   <trkpt lat="43.3045810" lon="3.5076550">
    <ele>11.0</ele>
    <time>2025-05-13T07:05:06Z</time>
   </trkpt>
   <trkpt lat="43.3045810" lon="3.5077230">
    <ele>10.9</ele>
    <time>2025-05-13T07:05:07Z</time>
   </trkpt>
   <trkpt lat="43.3045670" lon="3.5078000">
    <ele>10.8</ele>
    <time>2025-05-13T07:05:08Z</time>
   </trkpt>
   <trkpt lat="43.3045380" lon="3.5078630">
    <ele>10.7</ele>
    <time>2025-05-13T07:05:09Z</time>
   </trkpt>
   <trkpt lat="43.3045400" lon="3.5079190">
    <ele>10.6</ele>
    <time>2025-05-13T07:05:10Z</time>
   </trkpt>
   <trkpt lat="43.3045350" lon="3.5079590">
    <ele>10.6</ele>
    <time>2025-05-13T07:05:11Z</time>
   </trkpt>
   <trkpt lat="43.3045490" lon="3.5080150">
    <ele>10.5</ele>
    <time>2025-05-13T07:05:12Z</time>
   </trkpt>
   <trkpt lat="43.3045620" lon="3.5080590">
    <ele>10.4</ele>
    <time>2025-05-13T07:05:13Z</time>
   </trkpt>
   <trkpt lat="43.3045750" lon="3.5081040">
    <ele>10.4</ele>
    <time>2025-05-13T07:05:14Z</time>
   </trkpt>
   <trkpt lat="43.3046050" lon="3.5081420">
    <ele>10.3</ele>
    <time>2025-05-13T07:05:15Z</time>
   </trkpt>
   <trkpt lat="43.3046380" lon="3.5081580">
    <ele>10.3</ele>
    <time>2025-05-13T07:05:16Z</time>
   </trkpt>
   <trkpt lat="43.3046740" lon="3.5081610">
    <ele>10.2</ele>
    <time>2025-05-13T07:05:17Z</time>
   </trkpt>
   <trkpt lat="43.3047170" lon="3.5081580">
    <ele>10.1</ele>
    <time>2025-05-13T07:05:18Z</time>
   </trkpt>
   <trkpt lat="43.3047650" lon="3.5081600">
    <ele>10.1</ele>
    <time>2025-05-13T07:05:19Z</time>
   </trkpt>
   <trkpt lat="43.3048140" lon="3.5081610">
    <ele>10.0</ele>
    <time>2025-05-13T07:05:20Z</time>
   </trkpt>
   <trkpt lat="43.3048610" lon="3.5081640">
    <ele>10.0</ele>
    <time>2025-05-13T07:05:21Z</time>
   </trkpt>
   <trkpt lat="43.3049100" lon="3.5081660">
    <ele>9.9</ele>
    <time>2025-05-13T07:05:22Z</time>
   </trkpt>
   <trkpt lat="43.3049590" lon="3.5081700">
    <ele>9.9</ele>
    <time>2025-05-13T07:05:23Z</time>
   </trkpt>
   <trkpt lat="43.3050110" lon="3.5081720">
    <ele>9.9</ele>
    <time>2025-05-13T07:05:24Z</time>
   </trkpt>
   <trkpt lat="43.3050630" lon="3.5081760">
    <ele>9.9</ele>
    <time>2025-05-13T07:05:25Z</time>
   </trkpt>
   <trkpt lat="43.3051160" lon="3.5081810">
    <ele>9.8</ele>
    <time>2025-05-13T07:05:26Z</time>
   </trkpt>
   <trkpt lat="43.3051680" lon="3.5081860">
    <ele>9.8</ele>
    <time>2025-05-13T07:05:27Z</time>
   </trkpt>
   <trkpt lat="43.3052220" lon="3.5081880">
    <ele>9.8</ele>
    <time>2025-05-13T07:05:28Z</time>
   </trkpt>
   <trkpt lat="43.3052750" lon="3.5081870">
    <ele>9.7</ele>
    <time>2025-05-13T07:05:29Z</time>
   </trkpt>
   <trkpt lat="43.3053310" lon="3.5081930">
    <ele>9.7</ele>
    <time>2025-05-13T07:05:30Z</time>
   </trkpt>
   <trkpt lat="43.3053890" lon="3.5081990">
    <ele>9.7</ele>
    <time>2025-05-13T07:05:31Z</time>
   </trkpt>
   <trkpt lat="43.3054480" lon="3.5082030">
    <ele>9.7</ele>
    <time>2025-05-13T07:05:32Z</time>
   </trkpt>
   <trkpt lat="43.3055030" lon="3.5082080">
    <ele>9.7</ele>
    <time>2025-05-13T07:05:33Z</time>
   </trkpt>
   <trkpt lat="43.3055590" lon="3.5082080">
    <ele>9.7</ele>
    <time>2025-05-13T07:05:34Z</time>
   </trkpt>
   <trkpt lat="43.3056140" lon="3.5082080">
    <ele>9.7</ele>
    <time>2025-05-13T07:05:35Z</time>
   </trkpt>
   <trkpt lat="43.3056650" lon="3.5082100">
    <ele>9.7</ele>
    <time>2025-05-13T07:05:36Z</time>
   </trkpt>
   <trkpt lat="43.3057170" lon="3.5082120">
    <ele>9.7</ele>
    <time>2025-05-13T07:05:37Z</time>
   </trkpt>
   <trkpt lat="43.3057680" lon="3.5082180">
    <ele>9.7</ele>
    <time>2025-05-13T07:05:38Z</time>
   </trkpt>
   <trkpt lat="43.3058210" lon="3.5082220">
    <ele>9.7</ele>
    <time>2025-05-13T07:05:39Z</time>
   </trkpt>
   <trkpt lat="43.3058730" lon="3.5082220">
    <ele>9.6</ele>
    <time>2025-05-13T07:05:40Z</time>
   </trkpt>
   <trkpt lat="43.3059280" lon="3.5082280">
    <ele>9.6</ele>
    <time>2025-05-13T07:05:41Z</time>
   </trkpt>
   <trkpt lat="43.3059820" lon="3.5082340">
    <ele>9.6</ele>
    <time>2025-05-13T07:05:42Z</time>
   </trkpt>
   <trkpt lat="43.3060350" lon="3.5082460">
    <ele>9.5</ele>
    <time>2025-05-13T07:05:43Z</time>
   </trkpt>
   <trkpt lat="43.3060920" lon="3.5082530">
    <ele>9.5</ele>
    <time>2025-05-13T07:05:44Z</time>
   </trkpt>
   <trkpt lat="43.3061480" lon="3.5082590">
    <ele>9.4</ele>
    <time>2025-05-13T07:05:45Z</time>
   </trkpt>
   <trkpt lat="43.3062080" lon="3.5082670">
    <ele>9.3</ele>
    <time>2025-05-13T07:05:46Z</time>
   </trkpt>
   <trkpt lat="43.3062680" lon="3.5082750">
    <ele>9.2</ele>
    <time>2025-05-13T07:05:47Z</time>
   </trkpt>
   <trkpt lat="43.3063290" lon="3.5082890">
    <ele>9.1</ele>
    <time>2025-05-13T07:05:48Z</time>
   </trkpt>
   <trkpt lat="43.3063930" lon="3.5083020">
    <ele>8.9</ele>
    <time>2025-05-13T07:05:49Z</time>
   </trkpt>
   <trkpt lat="43.3064520" lon="3.5083190">
    <ele>8.8</ele>
    <time>2025-05-13T07:05:50Z</time>
   </trkpt>
   <trkpt lat="43.3065140" lon="3.5083440">
    <ele>8.7</ele>
    <time>2025-05-13T07:05:51Z</time>
   </trkpt>
   <trkpt lat="43.3065780" lon="3.5083720">
    <ele>8.5</ele>
    <time>2025-05-13T07:05:52Z</time>
   </trkpt>
   <trkpt lat="43.3066400" lon="3.5084040">
    <ele>8.3</ele>
    <time>2025-05-13T07:05:53Z</time>
   </trkpt>
   <trkpt lat="43.3067060" lon="3.5084380">
    <ele>8.1</ele>
    <time>2025-05-13T07:05:54Z</time>
   </trkpt>
   <trkpt lat="43.3067760" lon="3.5084690">
    <ele>7.9</ele>
    <time>2025-05-13T07:05:55Z</time>
   </trkpt>
   <trkpt lat="43.3068400" lon="3.5085140">
    <ele>7.6</ele>
    <time>2025-05-13T07:05:56Z</time>
   </trkpt>
   <trkpt lat="43.3069070" lon="3.5085630">
    <ele>7.4</ele>
    <time>2025-05-13T07:05:57Z</time>
   </trkpt>
   <trkpt lat="43.3069720" lon="3.5086190">
    <ele>7.1</ele>
    <time>2025-05-13T07:05:58Z</time>
   </trkpt>
   <trkpt lat="43.3070320" lon="3.5086810">
    <ele>6.8</ele>
    <time>2025-05-13T07:05:59Z</time>
   </trkpt>
   <trkpt lat="43.3070940" lon="3.5087460">
    <ele>6.5</ele>
    <time>2025-05-13T07:06:00Z</time>
   </trkpt>
   <trkpt lat="43.3071550" lon="3.5088140">
    <ele>6.2</ele>
    <time>2025-05-13T07:06:01Z</time>
   </trkpt>
   <trkpt lat="43.3072110" lon="3.5088860">
    <ele>6.0</ele>
    <time>2025-05-13T07:06:02Z</time>
   </trkpt>
   <trkpt lat="43.3072610" lon="3.5089670">
    <ele>5.7</ele>
    <time>2025-05-13T07:06:03Z</time>
   </trkpt>
   <trkpt lat="43.3073040" lon="3.5090390">
    <ele>5.4</ele>
    <time>2025-05-13T07:06:04Z</time>
   </trkpt>
   <trkpt lat="43.3073490" lon="3.5091150">
    <ele>5.3</ele>
    <time>2025-05-13T07:06:05Z</time>
   </trkpt>
   <trkpt lat="43.3073910" lon="3.5091930">
    <ele>5.1</ele>
    <time>2025-05-13T07:06:06Z</time>
   </trkpt>
   <trkpt lat="43.3074290" lon="3.5092770">
    <ele>4.9</ele>
    <time>2025-05-13T07:06:07Z</time>
   </trkpt>
   <trkpt lat="43.3074590" lon="3.5093590">
    <ele>4.8</ele>
    <time>2025-05-13T07:06:08Z</time>
   </trkpt>
   <trkpt lat="43.3074930" lon="3.5094380">
    <ele>4.7</ele>
    <time>2025-05-13T07:06:09Z</time>
   </trkpt>
   <trkpt lat="43.3075310" lon="3.5095200">
    <ele>4.6</ele>
    <time>2025-05-13T07:06:10Z</time>
   </trkpt>
   <trkpt lat="43.3075760" lon="3.5096010">
    <ele>4.4</ele>
    <time>2025-05-13T07:06:11Z</time>
   </trkpt>
   <trkpt lat="43.3076170" lon="3.5096850">
    <ele>4.4</ele>
    <time>2025-05-13T07:06:12Z</time>
   </trkpt>
   <trkpt lat="43.3076520" lon="3.5097680">
    <ele>4.3</ele>
    <time>2025-05-13T07:06:13Z</time>
   </trkpt>
   <trkpt lat="43.3076840" lon="3.5098510">
    <ele>4.2</ele>
    <time>2025-05-13T07:06:14Z</time>
   </trkpt>
   <trkpt lat="43.3077130" lon="3.5099400">
    <ele>4.2</ele>
    <time>2025-05-13T07:06:15Z</time>
   </trkpt>
   <trkpt lat="43.3077420" lon="3.5100270">
    <ele>4.2</ele>
    <time>2025-05-13T07:06:16Z</time>
   </trkpt>
   <trkpt lat="43.3077660" lon="3.5101130">
    <ele>4.2</ele>
    <time>2025-05-13T07:06:17Z</time>
   </trkpt>
   <trkpt lat="43.3077930" lon="3.5101960">
    <ele>4.2</ele>
    <time>2025-05-13T07:06:18Z</time>
   </trkpt>
   <trkpt lat="43.3078200" lon="3.5102850">
    <ele>4.2</ele>
    <time>2025-05-13T07:06:19Z</time>
   </trkpt>
   <trkpt lat="43.3078470" lon="3.5103700">
    <ele>4.2</ele>
    <time>2025-05-13T07:06:20Z</time>
   </trkpt>
   <trkpt lat="43.3078720" lon="3.5104560">
    <ele>4.2</ele>
    <time>2025-05-13T07:06:21Z</time>
   </trkpt>
   <trkpt lat="43.3078990" lon="3.5105440">
    <ele>4.2</ele>
    <time>2025-05-13T07:06:22Z</time>
   </trkpt>
   <trkpt lat="43.3079220" lon="3.5106280">
    <ele>4.2</ele>
    <time>2025-05-13T07:06:23Z</time>
   </trkpt>
   <trkpt lat="43.3079450" lon="3.5107090">
    <ele>4.3</ele>
    <time>2025-05-13T07:06:24Z</time>
   </trkpt>
   <trkpt lat="43.3079680" lon="3.5107920">
    <ele>4.3</ele>
    <time>2025-05-13T07:06:25Z</time>
   </trkpt>
   <trkpt lat="43.3079970" lon="3.5108710">
    <ele>4.3</ele>
    <time>2025-05-13T07:06:26Z</time>
   </trkpt>
   <trkpt lat="43.3080230" lon="3.5109530">
    <ele>4.2</ele>
    <time>2025-05-13T07:06:27Z</time>
   </trkpt>
   <trkpt lat="43.3080440" lon="3.5110310">
    <ele>4.2</ele>
    <time>2025-05-13T07:06:28Z</time>
   </trkpt>
   <trkpt lat="43.3080670" lon="3.5111100">
    <ele>4.2</ele>
    <time>2025-05-13T07:06:29Z</time>
   </trkpt>
   <trkpt lat="43.3080920" lon="3.5111900">
    <ele>4.1</ele>
    <time>2025-05-13T07:06:30Z</time>
   </trkpt>
   <trkpt lat="43.3081160" lon="3.5112650">
    <ele>4.0</ele>
    <time>2025-05-13T07:06:31Z</time>
   </trkpt>
   <trkpt lat="43.3081400" lon="3.5113370">
    <ele>4.0</ele>
    <time>2025-05-13T07:06:32Z</time>
   </trkpt>
   <trkpt lat="43.3081650" lon="3.5114130">
    <ele>3.9</ele>
    <time>2025-05-13T07:06:33Z</time>
   </trkpt>
   <trkpt lat="43.3081880" lon="3.5114930">
    <ele>3.8</ele>
    <time>2025-05-13T07:06:34Z</time>
   </trkpt>
   <trkpt lat="43.3082100" lon="3.5115730">
    <ele>3.7</ele>
    <time>2025-05-13T07:06:35Z</time>
   </trkpt>
   <trkpt lat="43.3082320" lon="3.5116550">
    <ele>3.6</ele>
    <time>2025-05-13T07:06:36Z</time>
   </trkpt>
   <trkpt lat="43.3082550" lon="3.5117380">
    <ele>3.5</ele>
    <time>2025-05-13T07:06:37Z</time>
   </trkpt>
   <trkpt lat="43.3082800" lon="3.5118200">
    <ele>3.4</ele>
    <time>2025-05-13T07:06:38Z</time>
   </trkpt>
   <trkpt lat="43.3083050" lon="3.5119030">
    <ele>3.3</ele>
    <time>2025-05-13T07:06:39Z</time>
   </trkpt>
   <trkpt lat="43.3083330" lon="3.5119870">
    <ele>3.3</ele>
    <time>2025-05-13T07:06:40Z</time>
   </trkpt>
   <trkpt lat="43.3083600" lon="3.5120720">
    <ele>3.2</ele>
    <time>2025-05-13T07:06:41Z</time>
   </trkpt>
   <trkpt lat="43.3083880" lon="3.5121570">
    <ele>3.1</ele>
    <time>2025-05-13T07:06:42Z</time>
   </trkpt>
   <trkpt lat="43.3084170" lon="3.5122430">
    <ele>3.1</ele>
    <time>2025-05-13T07:06:43Z</time>
   </trkpt>
   <trkpt lat="43.3084430" lon="3.5123310">
    <ele>3.0</ele>
    <time>2025-05-13T07:06:44Z</time>
   </trkpt>
   <trkpt lat="43.3084650" lon="3.5124200">
    <ele>3.0</ele>
    <time>2025-05-13T07:06:45Z</time>
   </trkpt>
   <trkpt lat="43.3084870" lon="3.5125030">
    <ele>2.9</ele>
    <time>2025-05-13T07:06:46Z</time>
   </trkpt>
   <trkpt lat="43.3085100" lon="3.5125840">
    <ele>2.8</ele>
    <time>2025-05-13T07:06:47Z</time>
   </trkpt>
   <trkpt lat="43.3085360" lon="3.5126620">
    <ele>2.8</ele>
    <time>2025-05-13T07:06:48Z</time>
   </trkpt>
   <trkpt lat="43.3085630" lon="3.5127370">
    <ele>2.7</ele>
    <time>2025-05-13T07:06:49Z</time>
   </trkpt>
   <trkpt lat="43.3085880" lon="3.5128120">
    <ele>2.7</ele>
    <time>2025-05-13T07:06:50Z</time>
   </trkpt>
   <trkpt lat="43.3086100" lon="3.5128810">
    <ele>2.7</ele>
    <time>2025-05-13T07:06:51Z</time>
   </trkpt>
   <trkpt lat="43.3086320" lon="3.5129500">
    <ele>2.7</ele>
    <time>2025-05-13T07:06:52Z</time>
   </trkpt>
   <trkpt lat="43.3086530" lon="3.5130170">
    <ele>2.7</ele>
    <time>2025-05-13T07:06:53Z</time>
   </trkpt>
   <trkpt lat="43.3086740" lon="3.5130890">
    <ele>2.8</ele>
    <time>2025-05-13T07:06:54Z</time>
   </trkpt>
   <trkpt lat="43.3086890" lon="3.5131550">
    <ele>2.8</ele>
    <time>2025-05-13T07:06:55Z</time>
   </trkpt>
   <trkpt lat="43.3087060" lon="3.5132150">
    <ele>2.8</ele>
    <time>2025-05-13T07:06:56Z</time>
   </trkpt>
   <trkpt lat="43.3087280" lon="3.5132620">
    <ele>2.8</ele>
    <time>2025-05-13T07:06:57Z</time>
   </trkpt>
   <trkpt lat="43.3087570" lon="3.5132930">
    <ele>2.9</ele>
    <time>2025-05-13T07:06:58Z</time>
   </trkpt>
   <trkpt lat="43.3087890" lon="3.5133150">
    <ele>2.9</ele>
    <time>2025-05-13T07:06:59Z</time>
   </trkpt>
   <trkpt lat="43.3088190" lon="3.5133370">
    <ele>2.9</ele>
    <time>2025-05-13T07:07:00Z</time>
   </trkpt>
   <trkpt lat="43.3088420" lon="3.5133670">
    <ele>2.9</ele>
    <time>2025-05-13T07:07:01Z</time>
   </trkpt>
   <trkpt lat="43.3088610" lon="3.5134070">
    <ele>2.9</ele>
    <time>2025-05-13T07:07:02Z</time>
   </trkpt>
   <trkpt lat="43.3088730" lon="3.5134550">
    <ele>2.8</ele>
    <time>2025-05-13T07:07:03Z</time>
   </trkpt>
   <trkpt lat="43.3088890" lon="3.5135060">
    <ele>2.8</ele>
    <time>2025-05-13T07:07:04Z</time>
   </trkpt>
   <trkpt lat="43.3089080" lon="3.5135610">
    <ele>2.8</ele>
    <time>2025-05-13T07:07:05Z</time>
   </trkpt>
   <trkpt lat="43.3089280" lon="3.5136220">
    <ele>2.7</ele>
    <time>2025-05-13T07:07:06Z</time>
   </trkpt>
   <trkpt lat="43.3089450" lon="3.5136830">
    <ele>2.6</ele>
    <time>2025-05-13T07:07:07Z</time>
   </trkpt>
   <trkpt lat="43.3089670" lon="3.5137400">
    <ele>2.6</ele>
    <time>2025-05-13T07:07:08Z</time>
   </trkpt>
   <trkpt lat="43.3089910" lon="3.5137930">
    <ele>2.5</ele>
    <time>2025-05-13T07:07:09Z</time>
   </trkpt>
   <trkpt lat="43.3090060" lon="3.5138530">
    <ele>2.5</ele>
    <time>2025-05-13T07:07:10Z</time>
   </trkpt>
   <trkpt lat="43.3090240" lon="3.5139150">
    <ele>2.5</ele>
    <time>2025-05-13T07:07:11Z</time>
   </trkpt>
   <trkpt lat="43.3090450" lon="3.5139750">
    <ele>2.5</ele>
    <time>2025-05-13T07:07:12Z</time>
   </trkpt>
   <trkpt lat="43.3090670" lon="3.5140410">
    <ele>2.5</ele>
    <time>2025-05-13T07:07:13Z</time>
   </trkpt>
   <trkpt lat="43.3090880" lon="3.5141110">
    <ele>2.4</ele>
    <time>2025-05-13T07:07:14Z</time>
   </trkpt>
   <trkpt lat="43.3091090" lon="3.5141780">
    <ele>2.4</ele>
    <time>2025-05-13T07:07:15Z</time>
   </trkpt>
   <trkpt lat="43.3091270" lon="3.5142440">
    <ele>2.4</ele>
    <time>2025-05-13T07:07:16Z</time>
   </trkpt>
   <trkpt lat="43.3091460" lon="3.5143110">
    <ele>2.4</ele>
    <time>2025-05-13T07:07:17Z</time>
   </trkpt>
   <trkpt lat="43.3091670" lon="3.5143770">
    <ele>2.4</ele>
    <time>2025-05-13T07:07:18Z</time>
   </trkpt>
   <trkpt lat="43.3091850" lon="3.5144430">
    <ele>2.4</ele>
    <time>2025-05-13T07:07:19Z</time>
   </trkpt>
   <trkpt lat="43.3092060" lon="3.5145090">
    <ele>2.4</ele>
    <time>2025-05-13T07:07:20Z</time>
   </trkpt>
   <trkpt lat="43.3092300" lon="3.5145750">
    <ele>2.3</ele>
    <time>2025-05-13T07:07:21Z</time>
   </trkpt>
   <trkpt lat="43.3092550" lon="3.5146460">
    <ele>2.3</ele>
    <time>2025-05-13T07:07:22Z</time>
   </trkpt>
   <trkpt lat="43.3092770" lon="3.5147150">
    <ele>2.3</ele>
    <time>2025-05-13T07:07:23Z</time>
   </trkpt>
   <trkpt lat="43.3092970" lon="3.5147850">
    <ele>2.3</ele>
    <time>2025-05-13T07:07:24Z</time>
   </trkpt>
   <trkpt lat="43.3093180" lon="3.5148540">
    <ele>2.3</ele>
    <time>2025-05-13T07:07:25Z</time>
   </trkpt>
   <trkpt lat="43.3093450" lon="3.5149200">
    <ele>2.3</ele>
    <time>2025-05-13T07:07:26Z</time>
   </trkpt>
   <trkpt lat="43.3093680" lon="3.5149900">
    <ele>2.3</ele>
    <time>2025-05-13T07:07:27Z</time>
   </trkpt>
   <trkpt lat="43.3093900" lon="3.5150630">
    <ele>2.3</ele>
    <time>2025-05-13T07:07:28Z</time>
   </trkpt>
   <trkpt lat="43.3094120" lon="3.5151360">
    <ele>2.3</ele>
    <time>2025-05-13T07:07:29Z</time>
   </trkpt>
   <trkpt lat="43.3094340" lon="3.5152070">
    <ele>2.3</ele>
    <time>2025-05-13T07:07:30Z</time>
   </trkpt>
   <trkpt lat="43.3094600" lon="3.5152810">
    <ele>2.3</ele>
    <time>2025-05-13T07:07:31Z</time>
   </trkpt>
   <trkpt lat="43.3094820" lon="3.5153560">
    <ele>2.3</ele>
    <time>2025-05-13T07:07:32Z</time>
   </trkpt>
   <trkpt lat="43.3095000" lon="3.5154250">
    <ele>2.3</ele>
    <time>2025-05-13T07:07:33Z</time>
   </trkpt>
   <trkpt lat="43.3095220" lon="3.5154920">
    <ele>2.3</ele>
    <time>2025-05-13T07:07:34Z</time>
   </trkpt>
   <trkpt lat="43.3095400" lon="3.5155570">
    <ele>2.3</ele>
    <time>2025-05-13T07:07:35Z</time>
   </trkpt>
   <trkpt lat="43.3095620" lon="3.5156160">
    <ele>2.3</ele>
    <time>2025-05-13T07:07:36Z</time>
   </trkpt>
   <trkpt lat="43.3095800" lon="3.5156770">
    <ele>2.3</ele>
    <time>2025-05-13T07:07:37Z</time>
   </trkpt>
   <trkpt lat="43.3096000" lon="3.5157370">
    <ele>2.3</ele>
    <time>2025-05-13T07:07:38Z</time>
   </trkpt>
   <trkpt lat="43.3096180" lon="3.5157930">
    <ele>2.2</ele>
    <time>2025-05-13T07:07:39Z</time>
   </trkpt>
   <trkpt lat="43.3096360" lon="3.5158470">
    <ele>2.2</ele>
    <time>2025-05-13T07:07:40Z</time>
   </trkpt>
   <trkpt lat="43.3096520" lon="3.5159020">
    <ele>2.2</ele>
    <time>2025-05-13T07:07:41Z</time>
   </trkpt>
   <trkpt lat="43.3096680" lon="3.5159560">
    <ele>2.2</ele>
    <time>2025-05-13T07:07:42Z</time>
   </trkpt>
   <trkpt lat="43.3096840" lon="3.5160140">
    <ele>2.2</ele>
    <time>2025-05-13T07:07:43Z</time>
   </trkpt>
   <trkpt lat="43.3097010" lon="3.5160730">
    <ele>2.2</ele>
    <time>2025-05-13T07:07:44Z</time>
   </trkpt>
   <trkpt lat="43.3097210" lon="3.5161350">
    <ele>2.2</ele>
    <time>2025-05-13T07:07:45Z</time>
   </trkpt>
   <trkpt lat="43.3097390" lon="3.5161990">
    <ele>2.2</ele>
    <time>2025-05-13T07:07:46Z</time>
   </trkpt>
   <trkpt lat="43.3097610" lon="3.5162630">
    <ele>2.2</ele>
    <time>2025-05-13T07:07:47Z</time>
   </trkpt>
   <trkpt lat="43.3097840" lon="3.5163300">
    <ele>2.2</ele>
    <time>2025-05-13T07:07:48Z</time>
   </trkpt>
   <trkpt lat="43.3098080" lon="3.5164000">
    <ele>2.1</ele>
    <time>2025-05-13T07:07:49Z</time>
   </trkpt>
   <trkpt lat="43.3098290" lon="3.5164720">
    <ele>2.1</ele>
    <time>2025-05-13T07:07:50Z</time>
   </trkpt>
   <trkpt lat="43.3098480" lon="3.5165470">
    <ele>2.1</ele>
    <time>2025-05-13T07:07:51Z</time>
   </trkpt>
   <trkpt lat="43.3098690" lon="3.5166230">
    <ele>2.1</ele>
    <time>2025-05-13T07:07:52Z</time>
   </trkpt>
   <trkpt lat="43.3098930" lon="3.5166970">
    <ele>2.1</ele>
    <time>2025-05-13T07:07:53Z</time>
   </trkpt>
   <trkpt lat="43.3099160" lon="3.5167720">
    <ele>2.1</ele>
    <time>2025-05-13T07:07:54Z</time>
   </trkpt>
   <trkpt lat="43.3099440" lon="3.5168470">
    <ele>2.1</ele>
    <time>2025-05-13T07:07:55Z</time>
   </trkpt>
   <trkpt lat="43.3099710" lon="3.5169260">
    <ele>2.1</ele>
    <time>2025-05-13T07:07:56Z</time>
   </trkpt>
   <trkpt lat="43.3099950" lon="3.5170050">
    <ele>2.1</ele>
    <time>2025-05-13T07:07:57Z</time>
   </trkpt>
   <trkpt lat="43.3100200" lon="3.5170800">
    <ele>2.1</ele>
    <time>2025-05-13T07:07:58Z</time>
   </trkpt>
   <trkpt lat="43.3100440" lon="3.5171600">
    <ele>2.0</ele>
    <time>2025-05-13T07:07:59Z</time>
   </trkpt>
   <trkpt lat="43.3100680" lon="3.5172390">
    <ele>2.0</ele>
    <time>2025-05-13T07:08:00Z</time>
   </trkpt>
   <trkpt lat="43.3100920" lon="3.5173210">
    <ele>2.0</ele>
    <time>2025-05-13T07:08:01Z</time>
   </trkpt>
   <trkpt lat="43.3101180" lon="3.5174030">
    <ele>2.0</ele>
    <time>2025-05-13T07:08:02Z</time>
   </trkpt>
   <trkpt lat="43.3101410" lon="3.5174830">
    <ele>2.0</ele>
    <time>2025-05-13T07:08:03Z</time>
   </trkpt>
   <trkpt lat="43.3101660" lon="3.5175650">
    <ele>2.0</ele>
    <time>2025-05-13T07:08:04Z</time>
   </trkpt>
   <trkpt lat="43.3101930" lon="3.5176450">
    <ele>2.0</ele>
    <time>2025-05-13T07:08:05Z</time>
   </trkpt>
   <trkpt lat="43.3102200" lon="3.5177270">
    <ele>2.0</ele>
    <time>2025-05-13T07:08:06Z</time>
   </trkpt>
   <trkpt lat="43.3102450" lon="3.5178080">
    <ele>2.0</ele>
    <time>2025-05-13T07:08:07Z</time>
   </trkpt>
   <trkpt lat="43.3102720" lon="3.5178900">
    <ele>2.0</ele>
    <time>2025-05-13T07:08:08Z</time>
   </trkpt>
   <trkpt lat="43.3103010" lon="3.5179710">
    <ele>2.0</ele>
    <time>2025-05-13T07:08:09Z</time>
   </trkpt>
   <trkpt lat="43.3103270" lon="3.5180550">
    <ele>2.0</ele>
    <time>2025-05-13T07:08:10Z</time>
   </trkpt>
   <trkpt lat="43.3103530" lon="3.5181380">
    <ele>2.0</ele>
    <time>2025-05-13T07:08:11Z</time>
   </trkpt>
   <trkpt lat="43.3103780" lon="3.5182210">
    <ele>2.0</ele>
    <time>2025-05-13T07:08:12Z</time>
   </trkpt>
   <trkpt lat="43.3104050" lon="3.5183020">
    <ele>2.0</ele>
    <time>2025-05-13T07:08:13Z</time>
   </trkpt>
   <trkpt lat="43.3104360" lon="3.5183830">
    <ele>2.1</ele>
    <time>2025-05-13T07:08:14Z</time>
   </trkpt>
   <trkpt lat="43.3104640" lon="3.5184690">
    <ele>2.1</ele>
    <time>2025-05-13T07:08:15Z</time>
   </trkpt>
   <trkpt lat="43.3104940" lon="3.5185500">
    <ele>2.1</ele>
    <time>2025-05-13T07:08:16Z</time>
   </trkpt>
   <trkpt lat="43.3105250" lon="3.5186330">
    <ele>2.1</ele>
    <time>2025-05-13T07:08:17Z</time>
   </trkpt>
   <trkpt lat="43.3105550" lon="3.5187170">
    <ele>2.1</ele>
    <time>2025-05-13T07:08:18Z</time>
   </trkpt>
   <trkpt lat="43.3105840" lon="3.5188010">
    <ele>2.2</ele>
    <time>2025-05-13T07:08:19Z</time>
   </trkpt>
   <trkpt lat="43.3106120" lon="3.5188870">
    <ele>2.2</ele>
    <time>2025-05-13T07:08:20Z</time>
   </trkpt>
   <trkpt lat="43.3106380" lon="3.5189740">
    <ele>2.2</ele>
    <time>2025-05-13T07:08:21Z</time>
   </trkpt>
   <trkpt lat="43.3106660" lon="3.5190610">
    <ele>2.2</ele>
    <time>2025-05-13T07:08:22Z</time>
   </trkpt>
   <trkpt lat="43.3106950" lon="3.5191470">
    <ele>2.2</ele>
    <time>2025-05-13T07:08:23Z</time>
   </trkpt>
   <trkpt lat="43.3107270" lon="3.5192300">
    <ele>2.2</ele>
    <time>2025-05-13T07:08:24Z</time>
   </trkpt>
   <trkpt lat="43.3107560" lon="3.5193140">
    <ele>2.2</ele>
    <time>2025-05-13T07:08:25Z</time>
   </trkpt>
   <trkpt lat="43.3107860" lon="3.5193990">
    <ele>2.2</ele>
    <time>2025-05-13T07:08:26Z</time>
   </trkpt>
   <trkpt lat="43.3108160" lon="3.5194850">
    <ele>2.2</ele>
    <time>2025-05-13T07:08:27Z</time>
   </trkpt>
   <trkpt lat="43.3108410" lon="3.5195700">
    <ele>2.2</ele>
    <time>2025-05-13T07:08:28Z</time>
   </trkpt>
   <trkpt lat="43.3108640" lon="3.5196540">
    <ele>2.2</ele>
    <time>2025-05-13T07:08:29Z</time>
   </trkpt>
   <trkpt lat="43.3108880" lon="3.5197380">
    <ele>2.2</ele>
    <time>2025-05-13T07:08:30Z</time>
   </trkpt>
   <trkpt lat="43.3109130" lon="3.5198210">
    <ele>2.2</ele>
    <time>2025-05-13T07:08:31Z</time>
   </trkpt>
   <trkpt lat="43.3109420" lon="3.5199040">
    <ele>2.2</ele>
    <time>2025-05-13T07:08:32Z</time>
   </trkpt>
   <trkpt lat="43.3109670" lon="3.5199840">
    <ele>2.3</ele>
    <time>2025-05-13T07:08:33Z</time>
   </trkpt>
   <trkpt lat="43.3109900" lon="3.5200610">
    <ele>2.3</ele>
    <time>2025-05-13T07:08:34Z</time>
   </trkpt>
   <trkpt lat="43.3110190" lon="3.5201350">
    <ele>2.3</ele>
    <time>2025-05-13T07:08:35Z</time>
   </trkpt>
   <trkpt lat="43.3110460" lon="3.5202130">
    <ele>2.3</ele>
    <time>2025-05-13T07:08:36Z</time>
   </trkpt>
   <trkpt lat="43.3110700" lon="3.5202980">
    <ele>2.4</ele>
    <time>2025-05-13T07:08:37Z</time>
   </trkpt>
   <trkpt lat="43.3110920" lon="3.5203840">
    <ele>2.4</ele>
    <time>2025-05-13T07:08:38Z</time>
   </trkpt>
   <trkpt lat="43.3111200" lon="3.5204660">
    <ele>2.4</ele>
    <time>2025-05-13T07:08:39Z</time>
   </trkpt>
   <trkpt lat="43.3111450" lon="3.5205480">
    <ele>2.5</ele>
    <time>2025-05-13T07:08:40Z</time>
   </trkpt>
   <trkpt lat="43.3111690" lon="3.5206300">
    <ele>2.5</ele>
    <time>2025-05-13T07:08:41Z</time>
   </trkpt>
   <trkpt lat="43.3111940" lon="3.5207120">
    <ele>2.5</ele>
    <time>2025-05-13T07:08:42Z</time>
   </trkpt>
   <trkpt lat="43.3112180" lon="3.5208000">
    <ele>2.5</ele>
    <time>2025-05-13T07:08:43Z</time>
   </trkpt>
   <trkpt lat="43.3112450" lon="3.5208860">
    <ele>2.5</ele>
    <time>2025-05-13T07:08:44Z</time>
   </trkpt>
   <trkpt lat="43.3112740" lon="3.5209740">
    <ele>2.5</ele>
    <time>2025-05-13T07:08:45Z</time>
   </trkpt>
   <trkpt lat="43.3113040" lon="3.5210610">
    <ele>2.5</ele>
    <time>2025-05-13T07:08:46Z</time>
   </trkpt>
   <trkpt lat="43.3113300" lon="3.5211450">
    <ele>2.5</ele>
    <time>2025-05-13T07:08:47Z</time>
   </trkpt>
   <trkpt lat="43.3113550" lon="3.5212210">
    <ele>2.5</ele>
    <time>2025-05-13T07:08:48Z</time>
   </trkpt>
   <trkpt lat="43.3113790" lon="3.5212970">
    <ele>2.5</ele>
    <time>2025-05-13T07:08:49Z</time>
   </trkpt>
   <trkpt lat="43.3114030" lon="3.5213700">
    <ele>2.5</ele>
    <time>2025-05-13T07:08:50Z</time>
   </trkpt>
   <trkpt lat="43.3114300" lon="3.5214450">
    <ele>2.5</ele>
    <time>2025-05-13T07:08:51Z</time>
   </trkpt>
   <trkpt lat="43.3114530" lon="3.5215140">
    <ele>2.5</ele>
    <time>2025-05-13T07:08:52Z</time>
   </trkpt>
   <trkpt lat="43.3114740" lon="3.5215830">
    <ele>2.5</ele>
    <time>2025-05-13T07:08:53Z</time>
   </trkpt>
   <trkpt lat="43.3114950" lon="3.5216510">
    <ele>2.5</ele>
    <time>2025-05-13T07:08:54Z</time>
   </trkpt>
   <trkpt lat="43.3115110" lon="3.5217210">
    <ele>2.5</ele>
    <time>2025-05-13T07:08:55Z</time>
   </trkpt>
   <trkpt lat="43.3115330" lon="3.5217900">
    <ele>2.5</ele>
    <time>2025-05-13T07:08:56Z</time>
   </trkpt>
   <trkpt lat="43.3115550" lon="3.5218620">
    <ele>2.5</ele>
    <time>2025-05-13T07:08:57Z</time>
   </trkpt>
   <trkpt lat="43.3115760" lon="3.5219360">
    <ele>2.5</ele>
    <time>2025-05-13T07:08:58Z</time>
   </trkpt>
   <trkpt lat="43.3116000" lon="3.5220160">
    <ele>2.5</ele>
    <time>2025-05-13T07:08:59Z</time>
   </trkpt>
   <trkpt lat="43.3116230" lon="3.5220940">
    <ele>2.6</ele>
    <time>2025-05-13T07:09:00Z</time>
   </trkpt>
   <trkpt lat="43.3116480" lon="3.5221750">
    <ele>2.6</ele>
    <time>2025-05-13T07:09:01Z</time>
   </trkpt>
   <trkpt lat="43.3116730" lon="3.5222540">
    <ele>2.6</ele>
    <time>2025-05-13T07:09:02Z</time>
   </trkpt>
   <trkpt lat="43.3116970" lon="3.5223300">
    <ele>2.6</ele>
    <time>2025-05-13T07:09:03Z</time>
   </trkpt>
   <trkpt lat="43.3117180" lon="3.5224060">
    <ele>2.5</ele>
    <time>2025-05-13T07:09:04Z</time>
   </trkpt>
   <trkpt lat="43.3117400" lon="3.5224780">
    <ele>2.5</ele>
    <time>2025-05-13T07:09:05Z</time>
   </trkpt>
   <trkpt lat="43.3117600" lon="3.5225480">
    <ele>2.5</ele>
    <time>2025-05-13T07:09:06Z</time>
   </trkpt>
   <trkpt lat="43.3117830" lon="3.5226180">
    <ele>2.5</ele>
    <time>2025-05-13T07:09:07Z</time>
   </trkpt>
   <trkpt lat="43.3118050" lon="3.5226830">
    <ele>2.5</ele>
    <time>2025-05-13T07:09:08Z</time>
   </trkpt>
   <trkpt lat="43.3118250" lon="3.5227470">
    <ele>2.5</ele>
    <time>2025-05-13T07:09:09Z</time>
   </trkpt>
   <trkpt lat="43.3118480" lon="3.5228060">
    <ele>2.5</ele>
    <time>2025-05-13T07:09:10Z</time>
   </trkpt>
   <trkpt lat="43.3118720" lon="3.5228660">
    <ele>2.5</ele>
    <time>2025-05-13T07:09:11Z</time>
   </trkpt>
   <trkpt lat="43.3118950" lon="3.5229320">
    <ele>2.5</ele>
    <time>2025-05-13T07:09:12Z</time>
   </trkpt>
   <trkpt lat="43.3119110" lon="3.5229980">
    <ele>2.5</ele>
    <time>2025-05-13T07:09:13Z</time>
   </trkpt>
   <trkpt lat="43.3119300" lon="3.5230650">
    <ele>2.5</ele>
    <time>2025-05-13T07:09:14Z</time>
   </trkpt>
   <trkpt lat="43.3119520" lon="3.5231270">
    <ele>2.5</ele>
    <time>2025-05-13T07:09:15Z</time>
   </trkpt>
   <trkpt lat="43.3119730" lon="3.5231900">
    <ele>2.5</ele>
    <time>2025-05-13T07:09:16Z</time>
   </trkpt>
   <trkpt lat="43.3119960" lon="3.5232580">
    <ele>2.5</ele>
    <time>2025-05-13T07:09:17Z</time>
   </trkpt>
   <trkpt lat="43.3120170" lon="3.5233260">
    <ele>2.5</ele>
    <time>2025-05-13T07:09:18Z</time>
   </trkpt>
   <trkpt lat="43.3120400" lon="3.5233960">
    <ele>2.5</ele>
    <time>2025-05-13T07:09:19Z</time>
   </trkpt>
   <trkpt lat="43.3120620" lon="3.5234700">
    <ele>2.5</ele>
    <time>2025-05-13T07:09:20Z</time>
   </trkpt>
   <trkpt lat="43.3120850" lon="3.5235470">
    <ele>2.5</ele>
    <time>2025-05-13T07:09:21Z</time>
   </trkpt>
   <trkpt lat="43.3121100" lon="3.5236230">
    <ele>2.4</ele>
    <time>2025-05-13T07:09:22Z</time>
   </trkpt>
   <trkpt lat="43.3121330" lon="3.5236980">
    <ele>2.4</ele>
    <time>2025-05-13T07:09:23Z</time>
   </trkpt>
   <trkpt lat="43.3121550" lon="3.5237740">
    <ele>2.4</ele>
    <time>2025-05-13T07:09:24Z</time>
   </trkpt>
   <trkpt lat="43.3121830" lon="3.5238540">
    <ele>2.4</ele>
    <time>2025-05-13T07:09:25Z</time>
   </trkpt>
   <trkpt lat="43.3122080" lon="3.5239360">
    <ele>2.4</ele>
    <time>2025-05-13T07:09:26Z</time>
   </trkpt>
   <trkpt lat="43.3122330" lon="3.5240200">
    <ele>2.5</ele>
    <time>2025-05-13T07:09:27Z</time>
   </trkpt>
   <trkpt lat="43.3122610" lon="3.5241020">
    <ele>2.5</ele>
    <time>2025-05-13T07:09:28Z</time>
   </trkpt>
   <trkpt lat="43.3122840" lon="3.5241850">
    <ele>2.5</ele>
    <time>2025-05-13T07:09:29Z</time>
   </trkpt>
   <trkpt lat="43.3123090" lon="3.5242670">
    <ele>2.5</ele>
    <time>2025-05-13T07:09:30Z</time>
   </trkpt>
   <trkpt lat="43.3123320" lon="3.5243480">
    <ele>2.5</ele>
    <time>2025-05-13T07:09:31Z</time>
   </trkpt>
   <trkpt lat="43.3123550" lon="3.5244340">
    <ele>2.5</ele>
    <time>2025-05-13T07:09:32Z</time>
   </trkpt>
   <trkpt lat="43.3123800" lon="3.5245180">
    <ele>2.5</ele>
    <time>2025-05-13T07:09:33Z</time>
   </trkpt>
   <trkpt lat="43.3124070" lon="3.5246040">
    <ele>2.5</ele>
    <time>2025-05-13T07:09:34Z</time>
   </trkpt>
   <trkpt lat="43.3124320" lon="3.5246910">
    <ele>2.5</ele>
    <time>2025-05-13T07:09:35Z</time>
   </trkpt>
   <trkpt lat="43.3124540" lon="3.5247750">
    <ele>2.5</ele>
    <time>2025-05-13T07:09:36Z</time>
   </trkpt>
   <trkpt lat="43.3124810" lon="3.5248590">
    <ele>2.5</ele>
    <time>2025-05-13T07:09:37Z</time>
   </trkpt>
   <trkpt lat="43.3125070" lon="3.5249470">
    <ele>2.6</ele>
    <time>2025-05-13T07:09:38Z</time>
   </trkpt>
   <trkpt lat="43.3125320" lon="3.5250330">
    <ele>2.6</ele>
    <time>2025-05-13T07:09:39Z</time>
   </trkpt>
   <trkpt lat="43.3125590" lon="3.5251160">
    <ele>2.6</ele>
    <time>2025-05-13T07:09:40Z</time>
   </trkpt>
   <trkpt lat="43.3125850" lon="3.5252010">
    <ele>2.6</ele>
    <time>2025-05-13T07:09:41Z</time>
   </trkpt>
   <trkpt lat="43.3126130" lon="3.5252870">
    <ele>2.6</ele>
    <time>2025-05-13T07:09:42Z</time>
   </trkpt>
   <trkpt lat="43.3126410" lon="3.5253670">
    <ele>2.6</ele>
    <time>2025-05-13T07:09:43Z</time>
   </trkpt>
   <trkpt lat="43.3126680" lon="3.5254500">
    <ele>2.6</ele>
    <time>2025-05-13T07:09:44Z</time>
   </trkpt>
   <trkpt lat="43.3126950" lon="3.5255350">
    <ele>2.6</ele>
    <time>2025-05-13T07:09:45Z</time>
   </trkpt>
   <trkpt lat="43.3127220" lon="3.5256200">
    <ele>2.6</ele>
    <time>2025-05-13T07:09:46Z</time>
   </trkpt>
   <trkpt lat="43.3127500" lon="3.5257050">
    <ele>2.6</ele>
    <time>2025-05-13T07:09:47Z</time>
   </trkpt>
   <trkpt lat="43.3127790" lon="3.5257900">
    <ele>2.7</ele>
    <time>2025-05-13T07:09:48Z</time>
   </trkpt>
   <trkpt lat="43.3128070" lon="3.5258810">
    <ele>2.7</ele>
    <time>2025-05-13T07:09:49Z</time>
   </trkpt>
   <trkpt lat="43.3128340" lon="3.5259700">
    <ele>2.7</ele>
    <time>2025-05-13T07:09:50Z</time>
   </trkpt>
   <trkpt lat="43.3128600" lon="3.5260550">
    <ele>2.7</ele>
    <time>2025-05-13T07:09:51Z</time>
   </trkpt>
   <trkpt lat="43.3128870" lon="3.5261420">
    <ele>2.7</ele>
    <time>2025-05-13T07:09:52Z</time>
   </trkpt>
   <trkpt lat="43.3129150" lon="3.5262270">
    <ele>2.8</ele>
    <time>2025-05-13T07:09:53Z</time>
   </trkpt>
   <trkpt lat="43.3129420" lon="3.5263150">
    <ele>2.8</ele>
    <time>2025-05-13T07:09:54Z</time>
   </trkpt>
   <trkpt lat="43.3129660" lon="3.5264000">
    <ele>2.8</ele>
    <time>2025-05-13T07:09:55Z</time>
   </trkpt>
   <trkpt lat="43.3129950" lon="3.5264910">
    <ele>2.8</ele>
    <time>2025-05-13T07:09:56Z</time>
   </trkpt>
   <trkpt lat="43.3130250" lon="3.5265810">
    <ele>2.8</ele>
    <time>2025-05-13T07:09:57Z</time>
   </trkpt>
   <trkpt lat="43.3130520" lon="3.5266750">
    <ele>2.8</ele>
    <time>2025-05-13T07:09:58Z</time>
   </trkpt>
   <trkpt lat="43.3130750" lon="3.5267650">
    <ele>2.8</ele>
    <time>2025-05-13T07:09:59Z</time>
   </trkpt>
   <trkpt lat="43.3130980" lon="3.5268530">
    <ele>2.8</ele>
    <time>2025-05-13T07:10:00Z</time>
   </trkpt>
   <trkpt lat="43.3131240" lon="3.5269340">
    <ele>2.8</ele>
    <time>2025-05-13T07:10:01Z</time>
   </trkpt>
   <trkpt lat="43.3131540" lon="3.5270180">
    <ele>2.8</ele>
    <time>2025-05-13T07:10:02Z</time>
   </trkpt>
   <trkpt lat="43.3131790" lon="3.5270950">
    <ele>2.8</ele>
    <time>2025-05-13T07:10:03Z</time>
   </trkpt>
   <trkpt lat="43.3132030" lon="3.5271700">
    <ele>2.8</ele>
    <time>2025-05-13T07:10:04Z</time>
   </trkpt>
   <trkpt lat="43.3132330" lon="3.5272500">
    <ele>2.8</ele>
    <time>2025-05-13T07:10:05Z</time>
   </trkpt>
   <trkpt lat="43.3132610" lon="3.5273310">
    <ele>2.9</ele>
    <time>2025-05-13T07:10:06Z</time>
   </trkpt>
   <trkpt lat="43.3132850" lon="3.5274130">
    <ele>2.9</ele>
    <time>2025-05-13T07:10:07Z</time>
   </trkpt>
   <trkpt lat="43.3133130" lon="3.5274910">
    <ele>2.9</ele>
    <time>2025-05-13T07:10:08Z</time>
   </trkpt>
   <trkpt lat="43.3133390" lon="3.5275720">
    <ele>2.9</ele>
    <time>2025-05-13T07:10:09Z</time>
   </trkpt>
   <trkpt lat="43.3133660" lon="3.5276500">
    <ele>2.9</ele>
    <time>2025-05-13T07:10:10Z</time>
   </trkpt>
   <trkpt lat="43.3133920" lon="3.5277280">
    <ele>2.9</ele>
    <time>2025-05-13T07:10:11Z</time>
   </trkpt>
   <trkpt lat="43.3134160" lon="3.5278080">
    <ele>2.9</ele>
    <time>2025-05-13T07:10:12Z</time>
   </trkpt>
   <trkpt lat="43.3134380" lon="3.5278840">
    <ele>2.9</ele>
    <time>2025-05-13T07:10:13Z</time>
   </trkpt>
   <trkpt lat="43.3134590" lon="3.5279590">
    <ele>2.9</ele>
    <time>2025-05-13T07:10:14Z</time>
   </trkpt>
   <trkpt lat="43.3134830" lon="3.5280320">
    <ele>2.9</ele>
    <time>2025-05-13T07:10:15Z</time>
   </trkpt>
   <trkpt lat="43.3135070" lon="3.5281010">
    <ele>3.0</ele>
    <time>2025-05-13T07:10:16Z</time>
   </trkpt>
   <trkpt lat="43.3135270" lon="3.5281620">
    <ele>3.0</ele>
    <time>2025-05-13T07:10:17Z</time>
   </trkpt>
   <trkpt lat="43.3135460" lon="3.5282250">
    <ele>3.0</ele>
    <time>2025-05-13T07:10:18Z</time>
   </trkpt>
   <trkpt lat="43.3135650" lon="3.5282900">
    <ele>3.0</ele>
    <time>2025-05-13T07:10:19Z</time>
   </trkpt>
   <trkpt lat="43.3135860" lon="3.5283510">
    <ele>3.0</ele>
    <time>2025-05-13T07:10:20Z</time>
   </trkpt>
   <trkpt lat="43.3136070" lon="3.5284140">
    <ele>3.0</ele>
    <time>2025-05-13T07:10:21Z</time>
   </trkpt>
   <trkpt lat="43.3136240" lon="3.5284750">
    <ele>3.0</ele>
    <time>2025-05-13T07:10:22Z</time>
   </trkpt>
   <trkpt lat="43.3136440" lon="3.5285400">
    <ele>3.0</ele>
    <time>2025-05-13T07:10:23Z</time>
   </trkpt>
   <trkpt lat="43.3136650" lon="3.5286040">
    <ele>3.0</ele>
    <time>2025-05-13T07:10:24Z</time>
   </trkpt>
   <trkpt lat="43.3136840" lon="3.5286740">
    <ele>3.0</ele>
    <time>2025-05-13T07:10:25Z</time>
   </trkpt>
   <trkpt lat="43.3137020" lon="3.5287430">
    <ele>3.0</ele>
    <time>2025-05-13T07:10:26Z</time>
   </trkpt>
   <trkpt lat="43.3137230" lon="3.5288130">
    <ele>3.0</ele>
    <time>2025-05-13T07:10:27Z</time>
   </trkpt>
   <trkpt lat="43.3137470" lon="3.5288840">
    <ele>3.0</ele>
    <time>2025-05-13T07:10:28Z</time>
   </trkpt>
   <trkpt lat="43.3137700" lon="3.5289550">
    <ele>3.0</ele>
    <time>2025-05-13T07:10:29Z</time>
   </trkpt>
   <trkpt lat="43.3137880" lon="3.5290280">
    <ele>3.0</ele>
    <time>2025-05-13T07:10:30Z</time>
   </trkpt>
   <trkpt lat="43.3138090" lon="3.5290960">
    <ele>3.0</ele>
    <time>2025-05-13T07:10:31Z</time>
   </trkpt>
   <trkpt lat="43.3138300" lon="3.5291620">
    <ele>3.0</ele>
    <time>2025-05-13T07:10:32Z</time>
   </trkpt>
   <trkpt lat="43.3138540" lon="3.5292300">
    <ele>3.0</ele>
    <time>2025-05-13T07:10:33Z</time>
   </trkpt>
   <trkpt lat="43.3138740" lon="3.5292980">
    <ele>3.0</ele>
    <time>2025-05-13T07:10:34Z</time>
   </trkpt>
   <trkpt lat="43.3138920" lon="3.5293640">
    <ele>3.0</ele>
    <time>2025-05-13T07:10:35Z</time>
   </trkpt>
   <trkpt lat="43.3139100" lon="3.5294260">
    <ele>3.1</ele>
    <time>2025-05-13T07:10:36Z</time>
   </trkpt>
   <trkpt lat="43.3139260" lon="3.5294800">
    <ele>3.1</ele>
    <time>2025-05-13T07:10:37Z</time>
   </trkpt>
   <trkpt lat="43.3139380" lon="3.5295260">
    <ele>3.1</ele>
    <time>2025-05-13T07:10:38Z</time>
   </trkpt>
   <trkpt lat="43.3139520" lon="3.5295580">
    <ele>3.1</ele>
    <time>2025-05-13T07:10:39Z</time>
   </trkpt>
   <trkpt lat="43.3139670" lon="3.5295960">
    <ele>3.1</ele>
    <time>2025-05-13T07:10:40Z</time>
   </trkpt>
   <trkpt lat="43.3139760" lon="3.5296420">
    <ele>3.1</ele>
    <time>2025-05-13T07:10:41Z</time>
   </trkpt>
   <trkpt lat="43.3139850" lon="3.5296880">
    <ele>3.1</ele>
    <time>2025-05-13T07:10:42Z</time>
   </trkpt>
   <trkpt lat="43.3139980" lon="3.5297350">
    <ele>3.1</ele>
    <time>2025-05-13T07:10:43Z</time>
   </trkpt>
   <trkpt lat="43.3140160" lon="3.5297860">
    <ele>3.1</ele>
    <time>2025-05-13T07:10:44Z</time>
   </trkpt>
   <trkpt lat="43.3140370" lon="3.5298380">
    <ele>3.1</ele>
    <time>2025-05-13T07:10:45Z</time>
   </trkpt>
   <trkpt lat="43.3140560" lon="3.5298930">
    <ele>3.1</ele>
    <time>2025-05-13T07:10:46Z</time>
   </trkpt>
   <trkpt lat="43.3140760" lon="3.5299520">
    <ele>3.1</ele>
    <time>2025-05-13T07:10:47Z</time>
   </trkpt>
   <trkpt lat="43.3140960" lon="3.5300140">
    <ele>3.1</ele>
    <time>2025-05-13T07:10:48Z</time>
   </trkpt>
   <trkpt lat="43.3141180" lon="3.5300800">
    <ele>3.1</ele>
    <time>2025-05-13T07:10:49Z</time>
   </trkpt>
   <trkpt lat="43.3141380" lon="3.5301440">
    <ele>3.1</ele>
    <time>2025-05-13T07:10:50Z</time>
   </trkpt>
   <trkpt lat="43.3141580" lon="3.5302070">
    <ele>3.1</ele>
    <time>2025-05-13T07:10:51Z</time>
   </trkpt>
   <trkpt lat="43.3141770" lon="3.5302700">
    <ele>3.1</ele>
    <time>2025-05-13T07:10:52Z</time>
   </trkpt>
   <trkpt lat="43.3141970" lon="3.5303350">
    <ele>3.1</ele>
    <time>2025-05-13T07:10:53Z</time>
   </trkpt>
   <trkpt lat="43.3142190" lon="3.5304000">
    <ele>3.0</ele>
    <time>2025-05-13T07:10:54Z</time>
   </trkpt>
   <trkpt lat="43.3142430" lon="3.5304680">
    <ele>3.0</ele>
    <time>2025-05-13T07:10:55Z</time>
   </trkpt>
   <trkpt lat="43.3142620" lon="3.5305380">
    <ele>3.0</ele>
    <time>2025-05-13T07:10:56Z</time>
   </trkpt>
   <trkpt lat="43.3142820" lon="3.5306010">
    <ele>3.0</ele>
    <time>2025-05-13T07:10:57Z</time>
   </trkpt>
   <trkpt lat="43.3143020" lon="3.5306670">
    <ele>3.0</ele>
    <time>2025-05-13T07:10:58Z</time>
   </trkpt>
   <trkpt lat="43.3143220" lon="3.5307340">
    <ele>3.0</ele>
    <time>2025-05-13T07:10:59Z</time>
   </trkpt>
   <trkpt lat="43.3143410" lon="3.5308030">
    <ele>3.0</ele>
    <time>2025-05-13T07:11:00Z</time>
   </trkpt>
   <trkpt lat="43.3143620" lon="3.5308730">
    <ele>3.0</ele>
    <time>2025-05-13T07:11:01Z</time>
   </trkpt>
   <trkpt lat="43.3143820" lon="3.5309460">
    <ele>2.9</ele>
    <time>2025-05-13T07:11:02Z</time>
   </trkpt>
   <trkpt lat="43.3144020" lon="3.5310090">
    <ele>2.9</ele>
    <time>2025-05-13T07:11:03Z</time>
   </trkpt>
   <trkpt lat="43.3144200" lon="3.5310620">
    <ele>2.9</ele>
    <time>2025-05-13T07:11:04Z</time>
   </trkpt>
   <trkpt lat="43.3144330" lon="3.5311100">
    <ele>2.9</ele>
    <time>2025-05-13T07:11:05Z</time>
   </trkpt>
   <trkpt lat="43.3144380" lon="3.5311490">
    <ele>2.9</ele>
    <time>2025-05-13T07:11:06Z</time>
   </trkpt>
   <trkpt lat="43.3144510" lon="3.5311870">
    <ele>2.9</ele>
    <time>2025-05-13T07:11:07Z</time>
   </trkpt>
   <trkpt lat="43.3144650" lon="3.5312270">
    <ele>2.9</ele>
    <time>2025-05-13T07:11:08Z</time>
   </trkpt>
   <trkpt lat="43.3144840" lon="3.5312740">
    <ele>2.8</ele>
    <time>2025-05-13T07:11:09Z</time>
   </trkpt>
   <trkpt lat="43.3145040" lon="3.5313200">
    <ele>2.8</ele>
    <time>2025-05-13T07:11:10Z</time>
   </trkpt>
   <trkpt lat="43.3145200" lon="3.5313660">
    <ele>2.8</ele>
    <time>2025-05-13T07:11:11Z</time>
   </trkpt>
   <trkpt lat="43.3145330" lon="3.5314080">
    <ele>2.8</ele>
    <time>2025-05-13T07:11:12Z</time>
   </trkpt>
   <trkpt lat="43.3145370" lon="3.5314570">
    <ele>2.8</ele>
    <time>2025-05-13T07:11:13Z</time>
   </trkpt>
   <trkpt lat="43.3145370" lon="3.5314710">
    <ele>2.8</ele>
    <time>2025-05-13T07:11:14Z</time>
   </trkpt>
   <trkpt lat="43.3145530" lon="3.5315080">
    <ele>2.7</ele>
    <time>2025-05-13T07:11:15Z</time>
   </trkpt>
   <trkpt lat="43.3145590" lon="3.5315230">
    <ele>2.7</ele>
    <time>2025-05-13T07:11:16Z</time>
   </trkpt>
   <trkpt lat="43.3145790" lon="3.5315750">
    <ele>2.7</ele>
    <time>2025-05-13T07:11:17Z</time>
   </trkpt>
   <trkpt lat="43.3145860" lon="3.5315960">
    <ele>2.7</ele>
    <time>2025-05-13T07:11:18Z</time>
   </trkpt>
   <trkpt lat="43.3146030" lon="3.5316400">
    <ele>2.7</ele>
    <time>2025-05-13T07:11:19Z</time>
   </trkpt>
   <trkpt lat="43.3146190" lon="3.5316890">
    <ele>2.7</ele>
    <time>2025-05-13T07:11:20Z</time>
   </trkpt>
   <trkpt lat="43.3146350" lon="3.5317420">
    <ele>2.7</ele>
    <time>2025-05-13T07:11:21Z</time>
   </trkpt>
   <trkpt lat="43.3146490" lon="3.5317950">
    <ele>2.6</ele>
    <time>2025-05-13T07:11:22Z</time>
   </trkpt>
   <trkpt lat="43.3146680" lon="3.5318500">
    <ele>2.6</ele>
    <time>2025-05-13T07:11:23Z</time>
   </trkpt>
   <trkpt lat="43.3146880" lon="3.5319100">
    <ele>2.6</ele>
    <time>2025-05-13T07:11:24Z</time>
   </trkpt>
   <trkpt lat="43.3147070" lon="3.5319730">
    <ele>2.6</ele>
    <time>2025-05-13T07:11:25Z</time>
   </trkpt>
   <trkpt lat="43.3147270" lon="3.5320390">
    <ele>2.6</ele>
    <time>2025-05-13T07:11:26Z</time>
   </trkpt>
   <trkpt lat="43.3147470" lon="3.5321070">
    <ele>2.6</ele>
    <time>2025-05-13T07:11:27Z</time>
   </trkpt>
   <trkpt lat="43.3147730" lon="3.5321750">
    <ele>2.6</ele>
    <time>2025-05-13T07:11:28Z</time>
   </trkpt>
   <trkpt lat="43.3147950" lon="3.5322500">
    <ele>2.6</ele>
    <time>2025-05-13T07:11:29Z</time>
   </trkpt>
   <trkpt lat="43.3148180" lon="3.5323260">
    <ele>2.5</ele>
    <time>2025-05-13T07:11:30Z</time>
   </trkpt>
   <trkpt lat="43.3148420" lon="3.5323980">
    <ele>2.5</ele>
    <time>2025-05-13T07:11:31Z</time>
   </trkpt>
   <trkpt lat="43.3148620" lon="3.5324700">
    <ele>2.5</ele>
    <time>2025-05-13T07:11:32Z</time>
   </trkpt>
   <trkpt lat="43.3148860" lon="3.5325450">
    <ele>2.5</ele>
    <time>2025-05-13T07:11:33Z</time>
   </trkpt>
   <trkpt lat="43.3149100" lon="3.5326170">
    <ele>2.5</ele>
    <time>2025-05-13T07:11:34Z</time>
   </trkpt>
   <trkpt lat="43.3149340" lon="3.5326890">
    <ele>2.5</ele>
    <time>2025-05-13T07:11:35Z</time>
   </trkpt>
   <trkpt lat="43.3149580" lon="3.5327660">
    <ele>2.5</ele>
    <time>2025-05-13T07:11:36Z</time>
   </trkpt>
   <trkpt lat="43.3149830" lon="3.5328390">
    <ele>2.5</ele>
    <time>2025-05-13T07:11:37Z</time>
   </trkpt>
   <trkpt lat="43.3150090" lon="3.5329090">
    <ele>2.5</ele>
    <time>2025-05-13T07:11:38Z</time>
   </trkpt>
   <trkpt lat="43.3150330" lon="3.5329860">
    <ele>2.5</ele>
    <time>2025-05-13T07:11:39Z</time>
   </trkpt>
   <trkpt lat="43.3150550" lon="3.5330630">
    <ele>2.5</ele>
    <time>2025-05-13T07:11:40Z</time>
   </trkpt>
   <trkpt lat="43.3150760" lon="3.5331390">
    <ele>2.5</ele>
    <time>2025-05-13T07:11:41Z</time>
   </trkpt>
   <trkpt lat="43.3150960" lon="3.5332150">
    <ele>2.5</ele>
    <time>2025-05-13T07:11:42Z</time>
   </trkpt>
   <trkpt lat="43.3151160" lon="3.5332950">
    <ele>2.5</ele>
    <time>2025-05-13T07:11:43Z</time>
   </trkpt>
   <trkpt lat="43.3151410" lon="3.5333730">
    <ele>2.5</ele>
    <time>2025-05-13T07:11:44Z</time>
   </trkpt>
   <trkpt lat="43.3151670" lon="3.5334510">
    <ele>2.4</ele>
    <time>2025-05-13T07:11:45Z</time>
   </trkpt>
   <trkpt lat="43.3151890" lon="3.5335340">
    <ele>2.4</ele>
    <time>2025-05-13T07:11:46Z</time>
   </trkpt>
   <trkpt lat="43.3152150" lon="3.5336140">
    <ele>2.4</ele>
    <time>2025-05-13T07:11:47Z</time>
   </trkpt>
   <trkpt lat="43.3152390" lon="3.5336900">
    <ele>2.4</ele>
    <time>2025-05-13T07:11:48Z</time>
   </trkpt>
   <trkpt lat="43.3152630" lon="3.5337630">
    <ele>2.4</ele>
    <time>2025-05-13T07:11:49Z</time>
   </trkpt>
   <trkpt lat="43.3152830" lon="3.5338370">
    <ele>2.5</ele>
    <time>2025-05-13T07:11:50Z</time>
   </trkpt>
   <trkpt lat="43.3153020" lon="3.5339090">
    <ele>2.5</ele>
    <time>2025-05-13T07:11:51Z</time>
   </trkpt>
   <trkpt lat="43.3153180" lon="3.5339780">
    <ele>2.5</ele>
    <time>2025-05-13T07:11:52Z</time>
   </trkpt>
   <trkpt lat="43.3153370" lon="3.5340340">
    <ele>2.5</ele>
    <time>2025-05-13T07:11:53Z</time>
   </trkpt>
   <trkpt lat="43.3153520" lon="3.5340850">
    <ele>2.6</ele>
    <time>2025-05-13T07:11:54Z</time>
   </trkpt>
   <trkpt lat="43.3153650" lon="3.5341220">
    <ele>2.6</ele>
    <time>2025-05-13T07:11:55Z</time>
   </trkpt>
   <trkpt lat="43.3153760" lon="3.5341670">
    <ele>2.6</ele>
    <time>2025-05-13T07:11:56Z</time>
   </trkpt>
   <trkpt lat="43.3153800" lon="3.5341810">
    <ele>2.6</ele>
    <time>2025-05-13T07:11:57Z</time>
   </trkpt>
   <trkpt lat="43.3153900" lon="3.5342250">
    <ele>2.6</ele>
    <time>2025-05-13T07:11:58Z</time>
   </trkpt>
   <trkpt lat="43.3153930" lon="3.5342410">
    <ele>2.6</ele>
    <time>2025-05-13T07:11:59Z</time>
   </trkpt>
   <trkpt lat="43.3154030" lon="3.5342870">
    <ele>2.6</ele>
    <time>2025-05-13T07:12:00Z</time>
   </trkpt>
   <trkpt lat="43.3154050" lon="3.5343020">
    <ele>2.6</ele>
    <time>2025-05-13T07:12:01Z</time>
   </trkpt>
   <trkpt lat="43.3154100" lon="3.5343240">
    <ele>2.6</ele>
    <time>2025-05-13T07:12:02Z</time>
   </trkpt>
   <trkpt lat="43.3154200" lon="3.5343440">
    <ele>2.6</ele>
    <time>2025-05-13T07:12:03Z</time>
   </trkpt>
   <trkpt lat="43.3154290" lon="3.5343610">
    <ele>2.6</ele>
    <time>2025-05-13T07:12:04Z</time>
   </trkpt>
   <trkpt lat="43.3154330" lon="3.5343830">
    <ele>2.6</ele>
    <time>2025-05-13T07:12:05Z</time>
   </trkpt>
   <trkpt lat="43.3154380" lon="3.5344050">
    <ele>2.6</ele>
    <time>2025-05-13T07:12:06Z</time>
   </trkpt>
   <trkpt lat="43.3154460" lon="3.5344270">
    <ele>2.6</ele>
    <time>2025-05-13T07:12:07Z</time>
   </trkpt>
   <trkpt lat="43.3154560" lon="3.5344480">
    <ele>2.6</ele>
    <time>2025-05-13T07:12:08Z</time>
   </trkpt>
   <trkpt lat="43.3154650" lon="3.5344700">
    <ele>2.6</ele>
    <time>2025-05-13T07:12:09Z</time>
   </trkpt>
   <trkpt lat="43.3154780" lon="3.5345040">
    <ele>2.5</ele>
    <time>2025-05-13T07:12:10Z</time>
   </trkpt>
   <trkpt lat="43.3154810" lon="3.5345150">
    <ele>2.5</ele>
    <time>2025-05-13T07:12:11Z</time>
   </trkpt>
   <trkpt lat="43.3154860" lon="3.5345350">
    <ele>2.5</ele>
    <time>2025-05-13T07:12:12Z</time>
   </trkpt>
   <trkpt lat="43.3154880" lon="3.5345540">
    <ele>2.5</ele>
    <time>2025-05-13T07:12:13Z</time>
   </trkpt>
   <trkpt lat="43.3155000" lon="3.5345910">
    <ele>2.5</ele>
    <time>2025-05-13T07:12:14Z</time>
   </trkpt>
   <trkpt lat="43.3155050" lon="3.5346060">
    <ele>2.5</ele>
    <time>2025-05-13T07:12:15Z</time>
   </trkpt>
   <trkpt lat="43.3155150" lon="3.5346480">
    <ele>2.5</ele>
    <time>2025-05-13T07:12:16Z</time>
   </trkpt>
   <trkpt lat="43.3155170" lon="3.5346640">
    <ele>2.5</ele>
    <time>2025-05-13T07:12:17Z</time>
   </trkpt>
   <trkpt lat="43.3155250" lon="3.5347050">
    <ele>2.5</ele>
    <time>2025-05-13T07:12:18Z</time>
   </trkpt>
   <trkpt lat="43.3155270" lon="3.5347210">
    <ele>2.5</ele>
    <time>2025-05-13T07:12:19Z</time>
   </trkpt>
   <trkpt lat="43.3155300" lon="3.5347770">
    <ele>2.5</ele>
    <time>2025-05-13T07:12:20Z</time>
   </trkpt>
   <trkpt lat="43.3155300" lon="3.5347960">
    <ele>2.5</ele>
    <time>2025-05-13T07:12:21Z</time>
   </trkpt>
   <trkpt lat="43.3155280" lon="3.5348510">
    <ele>2.5</ele>
    <time>2025-05-13T07:12:22Z</time>
   </trkpt>
   <trkpt lat="43.3155230" lon="3.5348690">
    <ele>2.5</ele>
    <time>2025-05-13T07:12:23Z</time>
   </trkpt>
   <trkpt lat="43.3155130" lon="3.5349150">
    <ele>2.5</ele>
    <time>2025-05-13T07:12:24Z</time>
   </trkpt>
   <trkpt lat="43.3155070" lon="3.5349300">
    <ele>2.4</ele>
    <time>2025-05-13T07:12:25Z</time>
   </trkpt>
   <trkpt lat="43.3154960" lon="3.5349660">
    <ele>2.4</ele>
    <time>2025-05-13T07:12:26Z</time>
   </trkpt>
   <trkpt lat="43.3154880" lon="3.5350030">
    <ele>2.4</ele>
    <time>2025-05-13T07:12:27Z</time>
   </trkpt>
   <trkpt lat="43.3154860" lon="3.5350470">
    <ele>2.4</ele>
    <time>2025-05-13T07:12:28Z</time>
   </trkpt>
   <trkpt lat="43.3154830" lon="3.5350900">
    <ele>2.4</ele>
    <time>2025-05-13T07:12:29Z</time>
   </trkpt>
   <trkpt lat="43.3154790" lon="3.5351350">
    <ele>2.4</ele>
    <time>2025-05-13T07:12:30Z</time>
   </trkpt>
   <trkpt lat="43.3154730" lon="3.5351750">
    <ele>2.4</ele>
    <time>2025-05-13T07:12:31Z</time>
   </trkpt>
   <trkpt lat="43.3154670" lon="3.5352170">
    <ele>2.4</ele>
    <time>2025-05-13T07:12:32Z</time>
   </trkpt>
   <trkpt lat="43.3154620" lon="3.5352430">
    <ele>2.4</ele>
    <time>2025-05-13T07:12:33Z</time>
   </trkpt>
   <trkpt lat="43.3154640" lon="3.5352590">
    <ele>2.4</ele>
    <time>2025-05-13T07:12:34Z</time>
   </trkpt>
   <trkpt lat="43.3154660" lon="3.5352680">
    <ele>2.4</ele>
    <time>2025-05-13T07:12:35Z</time>
   </trkpt>
   <trkpt lat="43.3154710" lon="3.5352810">
    <ele>2.4</ele>
    <time>2025-05-13T07:12:36Z</time>
   </trkpt>
   <trkpt lat="43.3154780" lon="3.5352960">
    <ele>2.4</ele>
    <time>2025-05-13T07:12:37Z</time>
   </trkpt>
   <trkpt lat="43.3155020" lon="3.5353330">
    <ele>2.3</ele>
    <time>2025-05-13T07:12:38Z</time>
   </trkpt>
   <trkpt lat="43.3155130" lon="3.5353450">
    <ele>2.3</ele>
    <time>2025-05-13T07:12:39Z</time>
   </trkpt>
   <trkpt lat="43.3155490" lon="3.5353680">
    <ele>2.3</ele>
    <time>2025-05-13T07:12:40Z</time>
   </trkpt>
   <trkpt lat="43.3155610" lon="3.5353730">
    <ele>2.3</ele>
    <time>2025-05-13T07:12:41Z</time>
   </trkpt>
   <trkpt lat="43.3155920" lon="3.5353620">
    <ele>2.2</ele>
    <time>2025-05-13T07:12:42Z</time>
   </trkpt>
   <trkpt lat="43.3156000" lon="3.5353580">
    <ele>2.2</ele>
    <time>2025-05-13T07:12:43Z</time>
   </trkpt>
   <trkpt lat="43.3156180" lon="3.5353530">
    <ele>2.2</ele>
    <time>2025-05-13T07:12:44Z</time>
   </trkpt>
   <trkpt lat="43.3156350" lon="3.5353510">
    <ele>2.1</ele>
    <time>2025-05-13T07:12:45Z</time>
   </trkpt>
   <trkpt lat="43.3156520" lon="3.5353580">
    <ele>2.1</ele>
    <time>2025-05-13T07:12:46Z</time>
   </trkpt>
   <trkpt lat="43.3156700" lon="3.5353670">
    <ele>2.1</ele>
    <time>2025-05-13T07:12:47Z</time>
   </trkpt>
   <trkpt lat="43.3156950" lon="3.5353960">
    <ele>2.0</ele>
    <time>2025-05-13T07:12:48Z</time>
   </trkpt>
   <trkpt lat="43.3157020" lon="3.5354080">
    <ele>2.0</ele>
    <time>2025-05-13T07:12:49Z</time>
   </trkpt>
   <trkpt lat="43.3157190" lon="3.5354460">
    <ele>1.9</ele>
    <time>2025-05-13T07:12:50Z</time>
   </trkpt>
   <trkpt lat="43.3157230" lon="3.5354600">
    <ele>1.9</ele>
    <time>2025-05-13T07:12:51Z</time>
   </trkpt>
   <trkpt lat="43.3157340" lon="3.5354760">
    <ele>1.8</ele>
    <time>2025-05-13T07:12:52Z</time>
   </trkpt>
   <trkpt lat="43.3157340" lon="3.5354760">
    <ele>1.8</ele>
    <time>2025-05-13T07:12:53Z</time>
   </trkpt>
   <trkpt lat="43.3157340" lon="3.5354760">
    <ele>1.8</ele>
    <time>2025-05-13T07:12:54Z</time>
   </trkpt>
   <trkpt lat="43.3157340" lon="3.5354760">
    <ele>1.8</ele>
    <time>2025-05-13T07:12:55Z</time>
   </trkpt>
   <trkpt lat="43.3157350" lon="3.5354760">
    <ele>1.8</ele>
    <time>2025-05-13T07:12:56Z</time>
   </trkpt>
   <trkpt lat="43.3157350" lon="3.5354760">
    <ele>1.8</ele>
    <time>2025-05-13T07:12:57Z</time>
   </trkpt>
   <trkpt lat="43.3157350" lon="3.5354770">
    <ele>1.8</ele>
    <time>2025-05-13T07:12:58Z</time>
   </trkpt>
   <trkpt lat="43.3157350" lon="3.5354770">
    <ele>1.8</ele>
    <time>2025-05-13T07:12:59Z</time>
   </trkpt>
   <trkpt lat="43.3157350" lon="3.5354770">
    <ele>1.8</ele>
    <time>2025-05-13T07:13:00Z</time>
   </trkpt>
   <trkpt lat="43.3157350" lon="3.5354770">
    <ele>1.8</ele>
    <time>2025-05-13T07:13:01Z</time>
   </trkpt>
   <trkpt lat="43.3157350" lon="3.5354770">
    <ele>1.8</ele>
    <time>2025-05-13T07:13:02Z</time>
   </trkpt>
   <trkpt lat="43.3157350" lon="3.5354770">
    <ele>1.8</ele>
    <time>2025-05-13T07:13:03Z</time>
   </trkpt>
   <trkpt lat="43.3157350" lon="3.5354770">
    <ele>1.8</ele>
    <time>2025-05-13T07:13:04Z</time>
   </trkpt>
   <trkpt lat="43.3157350" lon="3.5354770">
    <ele>1.8</ele>
    <time>2025-05-13T07:13:05Z</time>
   </trkpt>
   <trkpt lat="43.3157360" lon="3.5354770">
    <ele>1.8</ele>
    <time>2025-05-13T07:13:06Z</time>
   </trkpt>
   <trkpt lat="43.3157360" lon="3.5354770">
    <ele>1.8</ele>
    <time>2025-05-13T07:13:07Z</time>
   </trkpt>
   <trkpt lat="43.3157360" lon="3.5354770">
    <ele>1.8</ele>
    <time>2025-05-13T07:13:08Z</time>
   </trkpt>
   <trkpt lat="43.3157360" lon="3.5354770">
    <ele>1.8</ele>
    <time>2025-05-13T07:13:09Z</time>
   </trkpt>
   <trkpt lat="43.3157360" lon="3.5354780">
    <ele>1.8</ele>
    <time>2025-05-13T07:13:10Z</time>
   </trkpt>
   <trkpt lat="43.3157360" lon="3.5354780">
    <ele>1.8</ele>
    <time>2025-05-13T07:13:11Z</time>
   </trkpt>
   <trkpt lat="43.3157360" lon="3.5354780">
    <ele>1.8</ele>
    <time>2025-05-13T07:13:12Z</time>
   </trkpt>
   <trkpt lat="43.3157360" lon="3.5354780">
    <ele>1.8</ele>
    <time>2025-05-13T07:13:13Z</time>
   </trkpt>
   <trkpt lat="43.3157360" lon="3.5354780">
    <ele>1.8</ele>
    <time>2025-05-13T07:13:14Z</time>
   </trkpt>
   <trkpt lat="43.3157360" lon="3.5354780">
    <ele>1.8</ele>
    <time>2025-05-13T07:13:15Z</time>
   </trkpt>
   <trkpt lat="43.3157370" lon="3.5354780">
    <ele>1.8</ele>
    <time>2025-05-13T07:13:16Z</time>
   </trkpt>
   <trkpt lat="43.3157370" lon="3.5354780">
    <ele>1.8</ele>
    <time>2025-05-13T07:13:17Z</time>
   </trkpt>
   <trkpt lat="43.3157370" lon="3.5354780">
    <ele>1.8</ele>
    <time>2025-05-13T07:13:18Z</time>
   </trkpt>
   <trkpt lat="43.3157370" lon="3.5354780">
    <ele>1.8</ele>
    <time>2025-05-13T07:13:19Z</time>
   </trkpt>
   <trkpt lat="43.3157370" lon="3.5354780">
    <ele>1.8</ele>
    <time>2025-05-13T07:13:20Z</time>
   </trkpt>
   <trkpt lat="43.3157370" lon="3.5354780">
    <ele>1.8</ele>
    <time>2025-05-13T07:13:21Z</time>
   </trkpt>
   <trkpt lat="43.3157370" lon="3.5354790">
    <ele>1.8</ele>
    <time>2025-05-13T07:13:22Z</time>
   </trkpt>
   <trkpt lat="43.3157370" lon="3.5354790">
    <ele>1.8</ele>
    <time>2025-05-13T07:13:23Z</time>
   </trkpt>
   <trkpt lat="43.3157370" lon="3.5354790">
    <ele>1.8</ele>
    <time>2025-05-13T07:13:24Z</time>
   </trkpt>
   <trkpt lat="43.3157380" lon="3.5354790">
    <ele>1.8</ele>
    <time>2025-05-13T07:13:25Z</time>
   </trkpt>
   <trkpt lat="43.3157380" lon="3.5354790">
    <ele>1.8</ele>
    <time>2025-05-13T07:13:26Z</time>
   </trkpt>
   <trkpt lat="43.3157380" lon="3.5354790">
    <ele>1.8</ele>
    <time>2025-05-13T07:13:27Z</time>
   </trkpt>
   <trkpt lat="43.3157380" lon="3.5354790">
    <ele>1.8</ele>
    <time>2025-05-13T07:13:28Z</time>
   </trkpt>
   <trkpt lat="43.3157380" lon="3.5354790">
    <ele>1.8</ele>
    <time>2025-05-13T07:13:29Z</time>
   </trkpt>
   <trkpt lat="43.3157380" lon="3.5354790">
    <ele>1.8</ele>
    <time>2025-05-13T07:13:30Z</time>
   </trkpt>
   <trkpt lat="43.3157380" lon="3.5354790">
    <ele>1.8</ele>
    <time>2025-05-13T07:13:31Z</time>
   </trkpt>
   <trkpt lat="43.3157380" lon="3.5354790">
    <ele>1.8</ele>
    <time>2025-05-13T07:13:32Z</time>
   </trkpt>
   <trkpt lat="43.3157380" lon="3.5354790">
    <ele>1.8</ele>
    <time>2025-05-13T07:13:33Z</time>
   </trkpt>
   <trkpt lat="43.3157380" lon="3.5354800">
    <ele>1.8</ele>
    <time>2025-05-13T07:13:34Z</time>
   </trkpt>
   <trkpt lat="43.3157390" lon="3.5354800">
    <ele>1.8</ele>
    <time>2025-05-13T07:13:35Z</time>
   </trkpt>
   <trkpt lat="43.3157390" lon="3.5354800">
    <ele>1.8</ele>
    <time>2025-05-13T07:13:36Z</time>
   </trkpt>
   <trkpt lat="43.3157390" lon="3.5354800">
    <ele>1.8</ele>
    <time>2025-05-13T07:13:37Z</time>
   </trkpt>
   <trkpt lat="43.3157390" lon="3.5354800">
    <ele>1.8</ele>
    <time>2025-05-13T07:13:38Z</time>
   </trkpt>
   <trkpt lat="43.3157390" lon="3.5354800">
    <ele>1.8</ele>
    <time>2025-05-13T07:13:39Z</time>
   </trkpt>
   <trkpt lat="43.3157390" lon="3.5354800">
    <ele>1.8</ele>
    <time>2025-05-13T07:13:40Z</time>
   </trkpt>
   <trkpt lat="43.3157390" lon="3.5354800">
    <ele>1.8</ele>
    <time>2025-05-13T07:13:41Z</time>
   </trkpt>
   <trkpt lat="43.3157390" lon="3.5354800">
    <ele>1.8</ele>
    <time>2025-05-13T07:13:42Z</time>
   </trkpt>
   <trkpt lat="43.3157390" lon="3.5354800">
    <ele>1.8</ele>
    <time>2025-05-13T07:13:43Z</time>
   </trkpt>
   <trkpt lat="43.3157400" lon="3.5354800">
    <ele>1.8</ele>
    <time>2025-05-13T07:13:44Z</time>
   </trkpt>
   <trkpt lat="43.3157400" lon="3.5354800">
    <ele>1.8</ele>
    <time>2025-05-13T07:13:45Z</time>
   </trkpt>
   <trkpt lat="43.3157400" lon="3.5354800">
    <ele>1.8</ele>
    <time>2025-05-13T07:13:46Z</time>
   </trkpt>
   <trkpt lat="43.3157400" lon="3.5354810">
    <ele>1.8</ele>
    <time>2025-05-13T07:13:47Z</time>
   </trkpt>
   <trkpt lat="43.3157400" lon="3.5354810">
    <ele>1.8</ele>
    <time>2025-05-13T07:13:48Z</time>
   </trkpt>
   <trkpt lat="43.3157400" lon="3.5354810">
    <ele>1.8</ele>
    <time>2025-05-13T07:13:49Z</time>
   </trkpt>
   <trkpt lat="43.3157400" lon="3.5354810">
    <ele>1.8</ele>
    <time>2025-05-13T07:13:50Z</time>
   </trkpt>
   <trkpt lat="43.3157400" lon="3.5354810">
    <ele>1.8</ele>
    <time>2025-05-13T07:13:51Z</time>
   </trkpt>
   <trkpt lat="43.3157400" lon="3.5354810">
    <ele>1.8</ele>
    <time>2025-05-13T07:13:52Z</time>
   </trkpt>
   <trkpt lat="43.3157400" lon="3.5354810">
    <ele>1.8</ele>
    <time>2025-05-13T07:13:53Z</time>
   </trkpt>
   <trkpt lat="43.3157410" lon="3.5354810">
    <ele>1.8</ele>
    <time>2025-05-13T07:13:54Z</time>
   </trkpt>
   <trkpt lat="43.3157410" lon="3.5354810">
    <ele>1.8</ele>
    <time>2025-05-13T07:13:55Z</time>
   </trkpt>
   <trkpt lat="43.3157410" lon="3.5354810">
    <ele>1.8</ele>
    <time>2025-05-13T07:13:56Z</time>
   </trkpt>
   <trkpt lat="43.3157410" lon="3.5354810">
    <ele>1.8</ele>
    <time>2025-05-13T07:13:57Z</time>
   </trkpt>
   <trkpt lat="43.3157410" lon="3.5354810">
    <ele>1.8</ele>
    <time>2025-05-13T07:13:58Z</time>
   </trkpt>
   <trkpt lat="43.3157410" lon="3.5354820">
    <ele>1.8</ele>
    <time>2025-05-13T07:13:59Z</time>
   </trkpt>
   <trkpt lat="43.3157410" lon="3.5354820">
    <ele>1.8</ele>
    <time>2025-05-13T07:14:00Z</time>
   </trkpt>
   <trkpt lat="43.3157410" lon="3.5354820">
    <ele>1.8</ele>
    <time>2025-05-13T07:14:01Z</time>
   </trkpt>
   <trkpt lat="43.3157410" lon="3.5354820">
    <ele>1.8</ele>
    <time>2025-05-13T07:14:02Z</time>
   </trkpt>
   <trkpt lat="43.3157410" lon="3.5354820">
    <ele>1.8</ele>
    <time>2025-05-13T07:14:03Z</time>
   </trkpt>
   <trkpt lat="43.3157420" lon="3.5354820">
    <ele>1.8</ele>
    <time>2025-05-13T07:14:04Z</time>
   </trkpt>
   <trkpt lat="43.3157420" lon="3.5354820">
    <ele>1.8</ele>
    <time>2025-05-13T07:14:05Z</time>
   </trkpt>
   <trkpt lat="43.3157420" lon="3.5354820">
    <ele>1.8</ele>
    <time>2025-05-13T07:14:06Z</time>
   </trkpt>
   <trkpt lat="43.3157420" lon="3.5354820">
    <ele>1.8</ele>
    <time>2025-05-13T07:14:07Z</time>
   </trkpt>
   <trkpt lat="43.3157420" lon="3.5354820">
    <ele>1.8</ele>
    <time>2025-05-13T07:14:08Z</time>
   </trkpt>
   <trkpt lat="43.3157420" lon="3.5354820">
    <ele>1.8</ele>
    <time>2025-05-13T07:14:09Z</time>
   </trkpt>
   <trkpt lat="43.3157420" lon="3.5354820">
    <ele>1.8</ele>
    <time>2025-05-13T07:14:10Z</time>
   </trkpt>
   <trkpt lat="43.3157420" lon="3.5354830">
    <ele>1.8</ele>
    <time>2025-05-13T07:14:11Z</time>
   </trkpt>
   <trkpt lat="43.3157420" lon="3.5354830">
    <ele>1.8</ele>
    <time>2025-05-13T07:14:12Z</time>
   </trkpt>
   <trkpt lat="43.3157430" lon="3.5354830">
    <ele>1.8</ele>
    <time>2025-05-13T07:14:13Z</time>
   </trkpt>
   <trkpt lat="43.3157430" lon="3.5354830">
    <ele>1.8</ele>
    <time>2025-05-13T07:14:14Z</time>
   </trkpt>
   <trkpt lat="43.3157430" lon="3.5354830">
    <ele>1.8</ele>
    <time>2025-05-13T07:14:15Z</time>
   </trkpt>
   <trkpt lat="43.3157430" lon="3.5354830">
    <ele>1.8</ele>
    <time>2025-05-13T07:14:16Z</time>
   </trkpt>
   <trkpt lat="43.3157430" lon="3.5354830">
    <ele>1.8</ele>
    <time>2025-05-13T07:14:17Z</time>
   </trkpt>
   <trkpt lat="43.3157430" lon="3.5354830">
    <ele>1.8</ele>
    <time>2025-05-13T07:14:18Z</time>
   </trkpt>
   <trkpt lat="43.3157430" lon="3.5354830">
    <ele>1.8</ele>
    <time>2025-05-13T07:14:19Z</time>
   </trkpt>
   <trkpt lat="43.3157430" lon="3.5354830">
    <ele>1.8</ele>
    <time>2025-05-13T07:14:20Z</time>
   </trkpt>
   <trkpt lat="43.3157430" lon="3.5354830">
    <ele>1.8</ele>
    <time>2025-05-13T07:14:21Z</time>
   </trkpt>
   <trkpt lat="43.3157430" lon="3.5354830">
    <ele>1.8</ele>
    <time>2025-05-13T07:14:22Z</time>
   </trkpt>
   <trkpt lat="43.3157440" lon="3.5354830">
    <ele>1.8</ele>
    <time>2025-05-13T07:14:23Z</time>
   </trkpt>
   <trkpt lat="43.3157440" lon="3.5354840">
    <ele>1.8</ele>
    <time>2025-05-13T07:14:24Z</time>
   </trkpt>
   <trkpt lat="43.3157440" lon="3.5354840">
    <ele>1.8</ele>
    <time>2025-05-13T07:14:25Z</time>
   </trkpt>
   <trkpt lat="43.3157440" lon="3.5354840">
    <ele>1.8</ele>
    <time>2025-05-13T07:14:26Z</time>
   </trkpt>
   <trkpt lat="43.3157440" lon="3.5354840">
    <ele>1.8</ele>
    <time>2025-05-13T07:14:27Z</time>
   </trkpt>
   <trkpt lat="43.3157440" lon="3.5354840">
    <ele>1.8</ele>
    <time>2025-05-13T07:14:28Z</time>
   </trkpt>
   <trkpt lat="43.3157440" lon="3.5354840">
    <ele>1.8</ele>
    <time>2025-05-13T07:14:29Z</time>
   </trkpt>
   <trkpt lat="43.3157440" lon="3.5354840">
    <ele>1.8</ele>
    <time>2025-05-13T07:14:30Z</time>
   </trkpt>
   <trkpt lat="43.3157440" lon="3.5354840">
    <ele>1.8</ele>
    <time>2025-05-13T07:14:31Z</time>
   </trkpt>
   <trkpt lat="43.3157450" lon="3.5354840">
    <ele>1.8</ele>
    <time>2025-05-13T07:14:32Z</time>
   </trkpt>
   <trkpt lat="43.3157450" lon="3.5354840">
    <ele>1.8</ele>
    <time>2025-05-13T07:14:33Z</time>
   </trkpt>
   <trkpt lat="43.3157450" lon="3.5354840">
    <ele>1.8</ele>
    <time>2025-05-13T07:14:34Z</time>
   </trkpt>
   <trkpt lat="43.3157450" lon="3.5354840">
    <ele>1.8</ele>
    <time>2025-05-13T07:14:35Z</time>
   </trkpt>
   <trkpt lat="43.3157450" lon="3.5354850">
    <ele>1.8</ele>
    <time>2025-05-13T07:14:36Z</time>
   </trkpt>
   <trkpt lat="43.3157450" lon="3.5354850">
    <ele>1.8</ele>
    <time>2025-05-13T07:14:37Z</time>
   </trkpt>
   <trkpt lat="43.3157450" lon="3.5354850">
    <ele>1.8</ele>
    <time>2025-05-13T07:14:38Z</time>
   </trkpt>
   <trkpt lat="43.3157450" lon="3.5354850">
    <ele>1.8</ele>
    <time>2025-05-13T07:14:39Z</time>
   </trkpt>
   <trkpt lat="43.3157450" lon="3.5354850">
    <ele>1.8</ele>
    <time>2025-05-13T07:14:40Z</time>
   </trkpt>
   <trkpt lat="43.3157450" lon="3.5354850">
    <ele>1.8</ele>
    <time>2025-05-13T07:14:41Z</time>
   </trkpt>
   <trkpt lat="43.3157460" lon="3.5354850">
    <ele>1.8</ele>
    <time>2025-05-13T07:14:42Z</time>
   </trkpt>
   <trkpt lat="43.3157460" lon="3.5354850">
    <ele>1.8</ele>
    <time>2025-05-13T07:14:43Z</time>
   </trkpt>
   <trkpt lat="43.3157460" lon="3.5354850">
    <ele>1.8</ele>
    <time>2025-05-13T07:14:44Z</time>
   </trkpt>
   <trkpt lat="43.3157460" lon="3.5354850">
    <ele>1.8</ele>
    <time>2025-05-13T07:14:45Z</time>
   </trkpt>
   <trkpt lat="43.3157460" lon="3.5354850">
    <ele>1.8</ele>
    <time>2025-05-13T07:14:46Z</time>
   </trkpt>
   <trkpt lat="43.3157460" lon="3.5354850">
    <ele>1.8</ele>
    <time>2025-05-13T07:14:47Z</time>
   </trkpt>
   <trkpt lat="43.3157460" lon="3.5354860">
    <ele>1.8</ele>
    <time>2025-05-13T07:14:48Z</time>
   </trkpt>
   <trkpt lat="43.3157460" lon="3.5354860">
    <ele>1.8</ele>
    <time>2025-05-13T07:14:49Z</time>
   </trkpt>
   <trkpt lat="43.3157460" lon="3.5354860">
    <ele>1.8</ele>
    <time>2025-05-13T07:14:50Z</time>
   </trkpt>
   <trkpt lat="43.3157460" lon="3.5354860">
    <ele>1.8</ele>
    <time>2025-05-13T07:14:51Z</time>
   </trkpt>
   <trkpt lat="43.3157470" lon="3.5354860">
    <ele>1.8</ele>
    <time>2025-05-13T07:14:52Z</time>
   </trkpt>
   <trkpt lat="43.3157470" lon="3.5354860">
    <ele>1.8</ele>
    <time>2025-05-13T07:14:53Z</time>
   </trkpt>
   <trkpt lat="43.3157470" lon="3.5354860">
    <ele>1.8</ele>
    <time>2025-05-13T07:14:54Z</time>
   </trkpt>
   <trkpt lat="43.3157470" lon="3.5354860">
    <ele>1.8</ele>
    <time>2025-05-13T07:14:55Z</time>
   </trkpt>
   <trkpt lat="43.3157470" lon="3.5354860">
    <ele>1.8</ele>
    <time>2025-05-13T07:14:56Z</time>
   </trkpt>
   <trkpt lat="43.3157470" lon="3.5354860">
    <ele>1.8</ele>
    <time>2025-05-13T07:14:57Z</time>
   </trkpt>
   <trkpt lat="43.3157470" lon="3.5354860">
    <ele>1.8</ele>
    <time>2025-05-13T07:14:58Z</time>
   </trkpt>
   <trkpt lat="43.3157470" lon="3.5354860">
    <ele>1.8</ele>
    <time>2025-05-13T07:14:59Z</time>
   </trkpt>
   <trkpt lat="43.3157470" lon="3.5354870">
    <ele>1.8</ele>
    <time>2025-05-13T07:15:00Z</time>
   </trkpt>
   <trkpt lat="43.3157480" lon="3.5354870">
    <ele>1.8</ele>
    <time>2025-05-13T07:15:01Z</time>
   </trkpt>
   <trkpt lat="43.3157480" lon="3.5354870">
    <ele>1.8</ele>
    <time>2025-05-13T07:15:02Z</time>
   </trkpt>
   <trkpt lat="43.3157480" lon="3.5354870">
    <ele>1.8</ele>
    <time>2025-05-13T07:15:03Z</time>
   </trkpt>
   <trkpt lat="43.3157480" lon="3.5354870">
    <ele>1.8</ele>
    <time>2025-05-13T07:15:04Z</time>
   </trkpt>
   <trkpt lat="43.3157480" lon="3.5354870">
    <ele>1.8</ele>
    <time>2025-05-13T07:15:05Z</time>
   </trkpt>
   <trkpt lat="43.3157480" lon="3.5354870">
    <ele>1.8</ele>
    <time>2025-05-13T07:15:06Z</time>
   </trkpt>
   <trkpt lat="43.3157480" lon="3.5354870">
    <ele>1.8</ele>
    <time>2025-05-13T07:15:07Z</time>
   </trkpt>
   <trkpt lat="43.3157480" lon="3.5354870">
    <ele>1.8</ele>
    <time>2025-05-13T07:15:08Z</time>
   </trkpt>
   <trkpt lat="43.3157480" lon="3.5354870">
    <ele>1.8</ele>
    <time>2025-05-13T07:15:09Z</time>
   </trkpt>
   <trkpt lat="43.3157480" lon="3.5354870">
    <ele>1.8</ele>
    <time>2025-05-13T07:15:10Z</time>
   </trkpt>
   <trkpt lat="43.3157490" lon="3.5354870">
    <ele>1.8</ele>
    <time>2025-05-13T07:15:11Z</time>
   </trkpt>
   <trkpt lat="43.3157490" lon="3.5354870">
    <ele>1.8</ele>
    <time>2025-05-13T07:15:12Z</time>
   </trkpt>
   <trkpt lat="43.3157490" lon="3.5354880">
    <ele>1.8</ele>
    <time>2025-05-13T07:15:13Z</time>
   </trkpt>
   <trkpt lat="43.3157490" lon="3.5354880">
    <ele>1.8</ele>
    <time>2025-05-13T07:15:14Z</time>
   </trkpt>
   <trkpt lat="43.3157490" lon="3.5354880">
    <ele>1.8</ele>
    <time>2025-05-13T07:15:15Z</time>
   </trkpt>
   <trkpt lat="43.3157490" lon="3.5354880">
    <ele>1.8</ele>
    <time>2025-05-13T07:15:16Z</time>
   </trkpt>
   <trkpt lat="43.3157490" lon="3.5354880">
    <ele>1.8</ele>
    <time>2025-05-13T07:15:17Z</time>
   </trkpt>
   <trkpt lat="43.3157490" lon="3.5354880">
    <ele>1.8</ele>
    <time>2025-05-13T07:15:18Z</time>
   </trkpt>
   <trkpt lat="43.3157490" lon="3.5354880">
    <ele>1.8</ele>
    <time>2025-05-13T07:15:19Z</time>
   </trkpt>
   <trkpt lat="43.3157500" lon="3.5354880">
    <ele>1.8</ele>
    <time>2025-05-13T07:15:20Z</time>
   </trkpt>
   <trkpt lat="43.3157500" lon="3.5354880">
    <ele>1.8</ele>
    <time>2025-05-13T07:15:21Z</time>
   </trkpt>
   <trkpt lat="43.3157500" lon="3.5354880">
    <ele>1.8</ele>
    <time>2025-05-13T07:15:22Z</time>
   </trkpt>
   <trkpt lat="43.3157500" lon="3.5354880">
    <ele>1.8</ele>
    <time>2025-05-13T07:15:23Z</time>
   </trkpt>
   <trkpt lat="43.3157500" lon="3.5354880">
    <ele>1.8</ele>
    <time>2025-05-13T07:15:24Z</time>
   </trkpt>
   <trkpt lat="43.3157500" lon="3.5354890">
    <ele>1.7</ele>
    <time>2025-05-13T07:15:25Z</time>
   </trkpt>
   <trkpt lat="43.3157500" lon="3.5354890">
    <ele>1.7</ele>
    <time>2025-05-13T07:15:26Z</time>
   </trkpt>
   <trkpt lat="43.3157500" lon="3.5354890">
    <ele>1.7</ele>
    <time>2025-05-13T07:15:27Z</time>
   </trkpt>
   <trkpt lat="43.3157500" lon="3.5354890">
    <ele>1.7</ele>
    <time>2025-05-13T07:15:28Z</time>
   </trkpt>
   <trkpt lat="43.3157500" lon="3.5354890">
    <ele>1.7</ele>
    <time>2025-05-13T07:15:29Z</time>
   </trkpt>
   <trkpt lat="43.3157510" lon="3.5354890">
    <ele>1.7</ele>
    <time>2025-05-13T07:15:30Z</time>
   </trkpt>
   <trkpt lat="43.3157510" lon="3.5354890">
    <ele>1.7</ele>
    <time>2025-05-13T07:15:31Z</time>
   </trkpt>
   <trkpt lat="43.3157510" lon="3.5354890">
    <ele>1.7</ele>
    <time>2025-05-13T07:15:32Z</time>
   </trkpt>
   <trkpt lat="43.3157510" lon="3.5354890">
    <ele>1.7</ele>
    <time>2025-05-13T07:15:33Z</time>
   </trkpt>
   <trkpt lat="43.3157510" lon="3.5354890">
    <ele>1.7</ele>
    <time>2025-05-13T07:15:34Z</time>
   </trkpt>
   <trkpt lat="43.3157510" lon="3.5354890">
    <ele>1.7</ele>
    <time>2025-05-13T07:15:35Z</time>
   </trkpt>
   <trkpt lat="43.3157510" lon="3.5354890">
    <ele>1.7</ele>
    <time>2025-05-13T07:15:36Z</time>
   </trkpt>
   <trkpt lat="43.3157510" lon="3.5354900">
    <ele>1.7</ele>
    <time>2025-05-13T07:15:37Z</time>
   </trkpt>
   <trkpt lat="43.3157510" lon="3.5354900">
    <ele>1.7</ele>
    <time>2025-05-13T07:15:38Z</time>
   </trkpt>
   <trkpt lat="43.3157510" lon="3.5354900">
    <ele>1.7</ele>
    <time>2025-05-13T07:15:39Z</time>
   </trkpt>
   <trkpt lat="43.3157520" lon="3.5354900">
    <ele>1.7</ele>
    <time>2025-05-13T07:15:40Z</time>
   </trkpt>
   <trkpt lat="43.3157520" lon="3.5354900">
    <ele>1.7</ele>
    <time>2025-05-13T07:15:41Z</time>
   </trkpt>
   <trkpt lat="43.3157520" lon="3.5354900">
    <ele>1.7</ele>
    <time>2025-05-13T07:15:42Z</time>
   </trkpt>
   <trkpt lat="43.3157520" lon="3.5354900">
    <ele>1.7</ele>
    <time>2025-05-13T07:15:43Z</time>
   </trkpt>
   <trkpt lat="43.3157520" lon="3.5354900">
    <ele>1.7</ele>
    <time>2025-05-13T07:15:44Z</time>
   </trkpt>
   <trkpt lat="43.3157520" lon="3.5354900">
    <ele>1.7</ele>
    <time>2025-05-13T07:15:45Z</time>
   </trkpt>
   <trkpt lat="43.3157520" lon="3.5354900">
    <ele>1.7</ele>
    <time>2025-05-13T07:15:46Z</time>
   </trkpt>
   <trkpt lat="43.3157520" lon="3.5354900">
    <ele>1.7</ele>
    <time>2025-05-13T07:15:47Z</time>
   </trkpt>
   <trkpt lat="43.3157520" lon="3.5354900">
    <ele>1.7</ele>
    <time>2025-05-13T07:15:48Z</time>
   </trkpt>
   <trkpt lat="43.3157530" lon="3.5354900">
    <ele>1.7</ele>
    <time>2025-05-13T07:15:49Z</time>
   </trkpt>
   <trkpt lat="43.3157530" lon="3.5354910">
    <ele>1.7</ele>
    <time>2025-05-13T07:15:50Z</time>
   </trkpt>
   <trkpt lat="43.3157530" lon="3.5354910">
    <ele>1.7</ele>
    <time>2025-05-13T07:15:51Z</time>
   </trkpt>
   <trkpt lat="43.3157530" lon="3.5354910">
    <ele>1.7</ele>
    <time>2025-05-13T07:15:52Z</time>
   </trkpt>
   <trkpt lat="43.3157530" lon="3.5354910">
    <ele>1.7</ele>
    <time>2025-05-13T07:15:53Z</time>
   </trkpt>
   <trkpt lat="43.3157530" lon="3.5354910">
    <ele>1.7</ele>
    <time>2025-05-13T07:15:54Z</time>
   </trkpt>
   <trkpt lat="43.3157530" lon="3.5354910">
    <ele>1.7</ele>
    <time>2025-05-13T07:15:55Z</time>
   </trkpt>
   <trkpt lat="43.3157530" lon="3.5354910">
    <ele>1.7</ele>
    <time>2025-05-13T07:15:56Z</time>
   </trkpt>
   <trkpt lat="43.3157530" lon="3.5354910">
    <ele>1.7</ele>
    <time>2025-05-13T07:15:57Z</time>
   </trkpt>
   <trkpt lat="43.3157530" lon="3.5354910">
    <ele>1.7</ele>
    <time>2025-05-13T07:15:58Z</time>
   </trkpt>
   <trkpt lat="43.3157540" lon="3.5354910">
    <ele>1.7</ele>
    <time>2025-05-13T07:15:59Z</time>
   </trkpt>
   <trkpt lat="43.3157540" lon="3.5354910">
    <ele>1.7</ele>
    <time>2025-05-13T07:16:00Z</time>
   </trkpt>
   <trkpt lat="43.3157540" lon="3.5354910">
    <ele>1.7</ele>
    <time>2025-05-13T07:16:01Z</time>
   </trkpt>
   <trkpt lat="43.3157540" lon="3.5354920">
    <ele>1.7</ele>
    <time>2025-05-13T07:16:02Z</time>
   </trkpt>
   <trkpt lat="43.3157540" lon="3.5354920">
    <ele>1.7</ele>
    <time>2025-05-13T07:16:03Z</time>
   </trkpt>
   <trkpt lat="43.3157540" lon="3.5354920">
    <ele>1.7</ele>
    <time>2025-05-13T07:16:04Z</time>
   </trkpt>
   <trkpt lat="43.3157540" lon="3.5354920">
    <ele>1.7</ele>
    <time>2025-05-13T07:16:05Z</time>
   </trkpt>
   <trkpt lat="43.3157540" lon="3.5354920">
    <ele>1.7</ele>
    <time>2025-05-13T07:16:06Z</time>
   </trkpt>
   <trkpt lat="43.3157540" lon="3.5354920">
    <ele>1.7</ele>
    <time>2025-05-13T07:16:07Z</time>
   </trkpt>
   <trkpt lat="43.3157550" lon="3.5354920">
    <ele>1.7</ele>
    <time>2025-05-13T07:16:08Z</time>
   </trkpt>
   <trkpt lat="43.3157550" lon="3.5354920">
    <ele>1.7</ele>
    <time>2025-05-13T07:16:09Z</time>
   </trkpt>
   <trkpt lat="43.3157550" lon="3.5354920">
    <ele>1.7</ele>
    <time>2025-05-13T07:16:10Z</time>
   </trkpt>
   <trkpt lat="43.3157550" lon="3.5354920">
    <ele>1.7</ele>
    <time>2025-05-13T07:16:11Z</time>
   </trkpt>
   <trkpt lat="43.3157550" lon="3.5354920">
    <ele>1.7</ele>
    <time>2025-05-13T07:16:12Z</time>
   </trkpt>
   <trkpt lat="43.3157550" lon="3.5354920">
    <ele>1.7</ele>
    <time>2025-05-13T07:16:13Z</time>
   </trkpt>
   <trkpt lat="43.3157550" lon="3.5354930">
    <ele>1.7</ele>
    <time>2025-05-13T07:16:14Z</time>
   </trkpt>
   <trkpt lat="43.3157550" lon="3.5354930">
    <ele>1.7</ele>
    <time>2025-05-13T07:16:15Z</time>
   </trkpt>
   <trkpt lat="43.3157550" lon="3.5354930">
    <ele>1.7</ele>
    <time>2025-05-13T07:16:16Z</time>
   </trkpt>
   <trkpt lat="43.3157550" lon="3.5354930">
    <ele>1.7</ele>
    <time>2025-05-13T07:16:17Z</time>
   </trkpt>
   <trkpt lat="43.3157560" lon="3.5354930">
    <ele>1.7</ele>
    <time>2025-05-13T07:16:18Z</time>
   </trkpt>
   <trkpt lat="43.3157560" lon="3.5354930">
    <ele>1.7</ele>
    <time>2025-05-13T07:16:19Z</time>
   </trkpt>
   <trkpt lat="43.3157560" lon="3.5354930">
    <ele>1.7</ele>
    <time>2025-05-13T07:16:20Z</time>
   </trkpt>
   <trkpt lat="43.3157560" lon="3.5354930">
    <ele>1.7</ele>
    <time>2025-05-13T07:16:21Z</time>
   </trkpt>
   <trkpt lat="43.3157560" lon="3.5354930">
    <ele>1.7</ele>
    <time>2025-05-13T07:16:22Z</time>
   </trkpt>
   <trkpt lat="43.3157560" lon="3.5354930">
    <ele>1.7</ele>
    <time>2025-05-13T07:16:23Z</time>
   </trkpt>
   <trkpt lat="43.3157560" lon="3.5354930">
    <ele>1.7</ele>
    <time>2025-05-13T07:16:24Z</time>
   </trkpt>
   <trkpt lat="43.3157560" lon="3.5354930">
    <ele>1.7</ele>
    <time>2025-05-13T07:16:25Z</time>
   </trkpt>
   <trkpt lat="43.3157560" lon="3.5354940">
    <ele>1.7</ele>
    <time>2025-05-13T07:16:26Z</time>
   </trkpt>
   <trkpt lat="43.3157560" lon="3.5354940">
    <ele>1.7</ele>
    <time>2025-05-13T07:16:27Z</time>
   </trkpt>
   <trkpt lat="43.3157570" lon="3.5354940">
    <ele>1.7</ele>
    <time>2025-05-13T07:16:28Z</time>
   </trkpt>
   <trkpt lat="43.3157570" lon="3.5354940">
    <ele>1.7</ele>
    <time>2025-05-13T07:16:29Z</time>
   </trkpt>
   <trkpt lat="43.3157570" lon="3.5354940">
    <ele>1.7</ele>
    <time>2025-05-13T07:16:30Z</time>
   </trkpt>
   <trkpt lat="43.3157570" lon="3.5354940">
    <ele>1.7</ele>
    <time>2025-05-13T07:16:31Z</time>
   </trkpt>
   <trkpt lat="43.3157570" lon="3.5354940">
    <ele>1.7</ele>
    <time>2025-05-13T07:16:32Z</time>
   </trkpt>
   <trkpt lat="43.3157790" lon="3.5355350">
    <ele>1.6</ele>
    <time>2025-05-13T07:16:33Z</time>
   </trkpt>
   <trkpt lat="43.3157870" lon="3.5355530">
    <ele>1.6</ele>
    <time>2025-05-13T07:16:34Z</time>
   </trkpt>
   <trkpt lat="43.3158020" lon="3.5355880">
    <ele>1.5</ele>
    <time>2025-05-13T07:16:35Z</time>
   </trkpt>
   <trkpt lat="43.3158180" lon="3.5356280">
    <ele>1.5</ele>
    <time>2025-05-13T07:16:36Z</time>
   </trkpt>
   <trkpt lat="43.3158340" lon="3.5356760">
    <ele>1.4</ele>
    <time>2025-05-13T07:16:37Z</time>
   </trkpt>
   <trkpt lat="43.3158480" lon="3.5357250">
    <ele>1.4</ele>
    <time>2025-05-13T07:16:38Z</time>
   </trkpt>
   <trkpt lat="43.3158680" lon="3.5357780">
    <ele>1.4</ele>
    <time>2025-05-13T07:16:39Z</time>
   </trkpt>
   <trkpt lat="43.3158830" lon="3.5358330">
    <ele>1.4</ele>
    <time>2025-05-13T07:16:40Z</time>
   </trkpt>
   <trkpt lat="43.3159040" lon="3.5358910">
    <ele>1.4</ele>
    <time>2025-05-13T07:16:41Z</time>
   </trkpt>
   <trkpt lat="43.3159230" lon="3.5359520">
    <ele>1.3</ele>
    <time>2025-05-13T07:16:42Z</time>
   </trkpt>
   <trkpt lat="43.3159420" lon="3.5360100">
    <ele>1.3</ele>
    <time>2025-05-13T07:16:43Z</time>
   </trkpt>
   <trkpt lat="43.3159590" lon="3.5360710">
    <ele>1.3</ele>
    <time>2025-05-13T07:16:44Z</time>
   </trkpt>
   <trkpt lat="43.3159770" lon="3.5361290">
    <ele>1.3</ele>
    <time>2025-05-13T07:16:45Z</time>
   </trkpt>
   <trkpt lat="43.3159950" lon="3.5361910">
    <ele>1.3</ele>
    <time>2025-05-13T07:16:46Z</time>
   </trkpt>
   <trkpt lat="43.3160140" lon="3.5362530">
    <ele>1.3</ele>
    <time>2025-05-13T07:16:47Z</time>
   </trkpt>
   <trkpt lat="43.3160350" lon="3.5363130">
    <ele>1.3</ele>
    <time>2025-05-13T07:16:48Z</time>
   </trkpt>
   <trkpt lat="43.3160590" lon="3.5363760">
    <ele>1.3</ele>
    <time>2025-05-13T07:16:49Z</time>
   </trkpt>
   <trkpt lat="43.3160810" lon="3.5364410">
    <ele>1.3</ele>
    <time>2025-05-13T07:16:50Z</time>
   </trkpt>
   <trkpt lat="43.3161060" lon="3.5365030">
    <ele>1.3</ele>
    <time>2025-05-13T07:16:51Z</time>
   </trkpt>
   <trkpt lat="43.3161330" lon="3.5365700">
    <ele>1.3</ele>
    <time>2025-05-13T07:16:52Z</time>
   </trkpt>
   <trkpt lat="43.3161590" lon="3.5366340">
    <ele>1.3</ele>
    <time>2025-05-13T07:16:53Z</time>
   </trkpt>
   <trkpt lat="43.3161840" lon="3.5367000">
    <ele>1.3</ele>
    <time>2025-05-13T07:16:54Z</time>
   </trkpt>
   <trkpt lat="43.3162030" lon="3.5367700">
    <ele>1.3</ele>
    <time>2025-05-13T07:16:55Z</time>
   </trkpt>
   <trkpt lat="43.3162240" lon="3.5368370">
    <ele>1.3</ele>
    <time>2025-05-13T07:16:56Z</time>
   </trkpt>
   <trkpt lat="43.3162430" lon="3.5369050">
    <ele>1.4</ele>
    <time>2025-05-13T07:16:57Z</time>
   </trkpt>
   <trkpt lat="43.3162640" lon="3.5369740">
    <ele>1.4</ele>
    <time>2025-05-13T07:16:58Z</time>
   </trkpt>
   <trkpt lat="43.3162830" lon="3.5370440">
    <ele>1.4</ele>
    <time>2025-05-13T07:16:59Z</time>
   </trkpt>
   <trkpt lat="43.3163060" lon="3.5371130">
    <ele>1.4</ele>
    <time>2025-05-13T07:17:00Z</time>
   </trkpt>
   <trkpt lat="43.3163280" lon="3.5371850">
    <ele>1.4</ele>
    <time>2025-05-13T07:17:01Z</time>
   </trkpt>
   <trkpt lat="43.3163500" lon="3.5372610">
    <ele>1.4</ele>
    <time>2025-05-13T07:17:02Z</time>
   </trkpt>
   <trkpt lat="43.3163750" lon="3.5373350">
    <ele>1.4</ele>
    <time>2025-05-13T07:17:03Z</time>
   </trkpt>
   <trkpt lat="43.3164000" lon="3.5374090">
    <ele>1.4</ele>
    <time>2025-05-13T07:17:04Z</time>
   </trkpt>
   <trkpt lat="43.3164240" lon="3.5374880">
    <ele>1.4</ele>
    <time>2025-05-13T07:17:05Z</time>
   </trkpt>
   <trkpt lat="43.3164480" lon="3.5375680">
    <ele>1.4</ele>
    <time>2025-05-13T07:17:06Z</time>
   </trkpt>
   <trkpt lat="43.3164710" lon="3.5376490">
    <ele>1.4</ele>
    <time>2025-05-13T07:17:07Z</time>
   </trkpt>
   <trkpt lat="43.3164920" lon="3.5377300">
    <ele>1.4</ele>
    <time>2025-05-13T07:17:08Z</time>
   </trkpt>
   <trkpt lat="43.3165170" lon="3.5378080">
    <ele>1.4</ele>
    <time>2025-05-13T07:17:09Z</time>
   </trkpt>
   <trkpt lat="43.3165390" lon="3.5378910">
    <ele>1.4</ele>
    <time>2025-05-13T07:17:10Z</time>
   </trkpt>
   <trkpt lat="43.3165590" lon="3.5379770">
    <ele>1.4</ele>
    <time>2025-05-13T07:17:11Z</time>
   </trkpt>
   <trkpt lat="43.3165800" lon="3.5380660">
    <ele>1.4</ele>
    <time>2025-05-13T07:17:12Z</time>
   </trkpt>
   <trkpt lat="43.3166050" lon="3.5381540">
    <ele>1.5</ele>
    <time>2025-05-13T07:17:13Z</time>
   </trkpt>
   <trkpt lat="43.3166360" lon="3.5382390">
    <ele>1.5</ele>
    <time>2025-05-13T07:17:14Z</time>
   </trkpt>
   <trkpt lat="43.3166630" lon="3.5383250">
    <ele>1.5</ele>
    <time>2025-05-13T07:17:15Z</time>
   </trkpt>
   <trkpt lat="43.3166910" lon="3.5384140">
    <ele>1.5</ele>
    <time>2025-05-13T07:17:16Z</time>
   </trkpt>
   <trkpt lat="43.3167250" lon="3.5384990">
    <ele>1.5</ele>
    <time>2025-05-13T07:17:17Z</time>
   </trkpt>
   <trkpt lat="43.3167530" lon="3.5385820">
    <ele>1.6</ele>
    <time>2025-05-13T07:17:18Z</time>
   </trkpt>
   <trkpt lat="43.3167800" lon="3.5386640">
    <ele>1.6</ele>
    <time>2025-05-13T07:17:19Z</time>
   </trkpt>
   <trkpt lat="43.3168020" lon="3.5387480">
    <ele>1.7</ele>
    <time>2025-05-13T07:17:20Z</time>
   </trkpt>
   <trkpt lat="43.3168240" lon="3.5388320">
    <ele>1.8</ele>
    <time>2025-05-13T07:17:21Z</time>
   </trkpt>
   <trkpt lat="43.3168510" lon="3.5389110">
    <ele>1.8</ele>
    <time>2025-05-13T07:17:22Z</time>
   </trkpt>
   <trkpt lat="43.3168780" lon="3.5389930">
    <ele>1.8</ele>
    <time>2025-05-13T07:17:23Z</time>
   </trkpt>
   <trkpt lat="43.3169070" lon="3.5390720">
    <ele>1.8</ele>
    <time>2025-05-13T07:17:24Z</time>
   </trkpt>
   <trkpt lat="43.3169280" lon="3.5391580">
    <ele>1.8</ele>
    <time>2025-05-13T07:17:25Z</time>
   </trkpt>
   <trkpt lat="43.3169480" lon="3.5392430">
    <ele>1.9</ele>
    <time>2025-05-13T07:17:26Z</time>
   </trkpt>
   <trkpt lat="43.3169700" lon="3.5393260">
    <ele>1.9</ele>
    <time>2025-05-13T07:17:27Z</time>
   </trkpt>
   <trkpt lat="43.3169910" lon="3.5394140">
    <ele>2.0</ele>
    <time>2025-05-13T07:17:28Z</time>
   </trkpt>
   <trkpt lat="43.3170160" lon="3.5394990">
    <ele>2.0</ele>
    <time>2025-05-13T07:17:29Z</time>
   </trkpt>
   <trkpt lat="43.3170460" lon="3.5395800">
    <ele>2.0</ele>
    <time>2025-05-13T07:17:30Z</time>
   </trkpt>
   <trkpt lat="43.3170690" lon="3.5396640">
    <ele>2.0</ele>
    <time>2025-05-13T07:17:31Z</time>
   </trkpt>
   <trkpt lat="43.3170960" lon="3.5397440">
    <ele>2.1</ele>
    <time>2025-05-13T07:17:32Z</time>
   </trkpt>
   <trkpt lat="43.3171220" lon="3.5398250">
    <ele>2.1</ele>
    <time>2025-05-13T07:17:33Z</time>
   </trkpt>
   <trkpt lat="43.3171480" lon="3.5399040">
    <ele>2.1</ele>
    <time>2025-05-13T07:17:34Z</time>
   </trkpt>
   <trkpt lat="43.3171730" lon="3.5399800">
    <ele>2.1</ele>
    <time>2025-05-13T07:17:35Z</time>
   </trkpt>
   <trkpt lat="43.3171970" lon="3.5400590">
    <ele>2.1</ele>
    <time>2025-05-13T07:17:36Z</time>
   </trkpt>
   <trkpt lat="43.3172240" lon="3.5401390">
    <ele>2.0</ele>
    <time>2025-05-13T07:17:37Z</time>
   </trkpt>
   <trkpt lat="43.3172520" lon="3.5402190">
    <ele>2.0</ele>
    <time>2025-05-13T07:17:38Z</time>
   </trkpt>
   <trkpt lat="43.3172780" lon="3.5403020">
    <ele>2.0</ele>
    <time>2025-05-13T07:17:39Z</time>
   </trkpt>
   <trkpt lat="43.3173050" lon="3.5403870">
    <ele>1.9</ele>
    <time>2025-05-13T07:17:40Z</time>
   </trkpt>
   <trkpt lat="43.3173330" lon="3.5404700">
    <ele>1.9</ele>
    <time>2025-05-13T07:17:41Z</time>
   </trkpt>
   <trkpt lat="43.3173620" lon="3.5405530">
    <ele>1.9</ele>
    <time>2025-05-13T07:17:42Z</time>
   </trkpt>
   <trkpt lat="43.3173940" lon="3.5406340">
    <ele>1.8</ele>
    <time>2025-05-13T07:17:43Z</time>
   </trkpt>
   <trkpt lat="43.3174210" lon="3.5407160">
    <ele>1.8</ele>
    <time>2025-05-13T07:17:44Z</time>
   </trkpt>
   <trkpt lat="43.3174440" lon="3.5407990">
    <ele>1.8</ele>
    <time>2025-05-13T07:17:45Z</time>
   </trkpt>
   <trkpt lat="43.3174680" lon="3.5408850">
    <ele>1.7</ele>
    <time>2025-05-13T07:17:46Z</time>
   </trkpt>
   <trkpt lat="43.3174950" lon="3.5409700">
    <ele>1.7</ele>
    <time>2025-05-13T07:17:47Z</time>
   </trkpt>
   <trkpt lat="43.3175230" lon="3.5410520">
    <ele>1.6</ele>
    <time>2025-05-13T07:17:48Z</time>
   </trkpt>
   <trkpt lat="43.3175520" lon="3.5411360">
    <ele>1.6</ele>
    <time>2025-05-13T07:17:49Z</time>
   </trkpt>
   <trkpt lat="43.3175810" lon="3.5412230">
    <ele>1.6</ele>
    <time>2025-05-13T07:17:50Z</time>
   </trkpt>
   <trkpt lat="43.3176080" lon="3.5413090">
    <ele>1.6</ele>
    <time>2025-05-13T07:17:51Z</time>
   </trkpt>
   <trkpt lat="43.3176340" lon="3.5413940">
    <ele>1.6</ele>
    <time>2025-05-13T07:17:52Z</time>
   </trkpt>
   <trkpt lat="43.3176620" lon="3.5414850">
    <ele>1.6</ele>
    <time>2025-05-13T07:17:53Z</time>
   </trkpt>
   <trkpt lat="43.3176890" lon="3.5415770">
    <ele>1.6</ele>
    <time>2025-05-13T07:17:54Z</time>
   </trkpt>
   <trkpt lat="43.3177160" lon="3.5416630">
    <ele>1.6</ele>
    <time>2025-05-13T07:17:55Z</time>
   </trkpt>
   <trkpt lat="43.3177440" lon="3.5417500">
    <ele>1.6</ele>
    <time>2025-05-13T07:17:56Z</time>
   </trkpt>
   <trkpt lat="43.3177700" lon="3.5418340">
    <ele>1.6</ele>
    <time>2025-05-13T07:17:57Z</time>
   </trkpt>
   <trkpt lat="43.3177960" lon="3.5419210">
    <ele>1.6</ele>
    <time>2025-05-13T07:17:58Z</time>
   </trkpt>
   <trkpt lat="43.3178260" lon="3.5420090">
    <ele>1.7</ele>
    <time>2025-05-13T07:17:59Z</time>
   </trkpt>
   <trkpt lat="43.3178530" lon="3.5420960">
    <ele>1.7</ele>
    <time>2025-05-13T07:18:00Z</time>
   </trkpt>
   <trkpt lat="43.3178780" lon="3.5421850">
    <ele>1.7</ele>
    <time>2025-05-13T07:18:01Z</time>
   </trkpt>
   <trkpt lat="43.3179040" lon="3.5422740">
    <ele>1.7</ele>
    <time>2025-05-13T07:18:02Z</time>
   </trkpt>
   <trkpt lat="43.3179330" lon="3.5423610">
    <ele>1.7</ele>
    <time>2025-05-13T07:18:03Z</time>
   </trkpt>
   <trkpt lat="43.3179600" lon="3.5424430">
    <ele>1.7</ele>
    <time>2025-05-13T07:18:04Z</time>
   </trkpt>
   <trkpt lat="43.3179900" lon="3.5425270">
    <ele>1.7</ele>
    <time>2025-05-13T07:18:05Z</time>
   </trkpt>
   <trkpt lat="43.3180180" lon="3.5426130">
    <ele>1.7</ele>
    <time>2025-05-13T07:18:06Z</time>
   </trkpt>
   <trkpt lat="43.3180450" lon="3.5427000">
    <ele>1.7</ele>
    <time>2025-05-13T07:18:07Z</time>
   </trkpt>
   <trkpt lat="43.3180690" lon="3.5427880">
    <ele>1.8</ele>
    <time>2025-05-13T07:18:08Z</time>
   </trkpt>
   <trkpt lat="43.3180950" lon="3.5428750">
    <ele>1.8</ele>
    <time>2025-05-13T07:18:09Z</time>
   </trkpt>
   <trkpt lat="43.3181220" lon="3.5429620">
    <ele>1.9</ele>
    <time>2025-05-13T07:18:10Z</time>
   </trkpt>
   <trkpt lat="43.3181460" lon="3.5430470">
    <ele>1.9</ele>
    <time>2025-05-13T07:18:11Z</time>
   </trkpt>
   <trkpt lat="43.3181690" lon="3.5431320">
    <ele>2.0</ele>
    <time>2025-05-13T07:18:12Z</time>
   </trkpt>
   <trkpt lat="43.3181940" lon="3.5432130">
    <ele>2.0</ele>
    <time>2025-05-13T07:18:13Z</time>
   </trkpt>
   <trkpt lat="43.3182180" lon="3.5432950">
    <ele>2.1</ele>
    <time>2025-05-13T07:18:14Z</time>
   </trkpt>
   <trkpt lat="43.3182410" lon="3.5433770">
    <ele>2.1</ele>
    <time>2025-05-13T07:18:15Z</time>
   </trkpt>
   <trkpt lat="43.3182680" lon="3.5434610">
    <ele>2.1</ele>
    <time>2025-05-13T07:18:16Z</time>
   </trkpt>
   <trkpt lat="43.3182950" lon="3.5435460">
    <ele>2.2</ele>
    <time>2025-05-13T07:18:17Z</time>
   </trkpt>
   <trkpt lat="43.3183200" lon="3.5436340">
    <ele>2.2</ele>
    <time>2025-05-13T07:18:18Z</time>
   </trkpt>
   <trkpt lat="43.3183470" lon="3.5437210">
    <ele>2.2</ele>
    <time>2025-05-13T07:18:19Z</time>
   </trkpt>
   <trkpt lat="43.3183720" lon="3.5438050">
    <ele>2.2</ele>
    <time>2025-05-13T07:18:20Z</time>
   </trkpt>
   <trkpt lat="43.3183970" lon="3.5438870">
    <ele>2.2</ele>
    <time>2025-05-13T07:18:21Z</time>
   </trkpt>
   <trkpt lat="43.3184200" lon="3.5439700">
    <ele>2.2</ele>
    <time>2025-05-13T07:18:22Z</time>
   </trkpt>
   <trkpt lat="43.3184500" lon="3.5440560">
    <ele>2.2</ele>
    <time>2025-05-13T07:18:23Z</time>
   </trkpt>
   <trkpt lat="43.3184740" lon="3.5441390">
    <ele>2.2</ele>
    <time>2025-05-13T07:18:24Z</time>
   </trkpt>
   <trkpt lat="43.3184920" lon="3.5442190">
    <ele>2.2</ele>
    <time>2025-05-13T07:18:25Z</time>
   </trkpt>
   <trkpt lat="43.3185140" lon="3.5443050">
    <ele>2.2</ele>
    <time>2025-05-13T07:18:26Z</time>
   </trkpt>
   <trkpt lat="43.3185370" lon="3.5443870">
    <ele>2.2</ele>
    <time>2025-05-13T07:18:27Z</time>
   </trkpt>
   <trkpt lat="43.3185630" lon="3.5444690">
    <ele>2.2</ele>
    <time>2025-05-13T07:18:28Z</time>
   </trkpt>
   <trkpt lat="43.3185900" lon="3.5445550">
    <ele>2.2</ele>
    <time>2025-05-13T07:18:29Z</time>
   </trkpt>
   <trkpt lat="43.3186130" lon="3.5446370">
    <ele>2.2</ele>
    <time>2025-05-13T07:18:30Z</time>
   </trkpt>
   <trkpt lat="43.3186380" lon="3.5447140">
    <ele>2.2</ele>
    <time>2025-05-13T07:18:31Z</time>
   </trkpt>
   <trkpt lat="43.3186590" lon="3.5447910">
    <ele>2.2</ele>
    <time>2025-05-13T07:18:32Z</time>
   </trkpt>
   <trkpt lat="43.3186760" lon="3.5448700">
    <ele>2.2</ele>
    <time>2025-05-13T07:18:33Z</time>
   </trkpt>
   <trkpt lat="43.3186940" lon="3.5449500">
    <ele>2.2</ele>
    <time>2025-05-13T07:18:34Z</time>
   </trkpt>
   <trkpt lat="43.3187120" lon="3.5450300">
    <ele>2.2</ele>
    <time>2025-05-13T07:18:35Z</time>
   </trkpt>
   <trkpt lat="43.3187320" lon="3.5451090">
    <ele>2.2</ele>
    <time>2025-05-13T07:18:36Z</time>
   </trkpt>
   <trkpt lat="43.3187520" lon="3.5451910">
    <ele>2.2</ele>
    <time>2025-05-13T07:18:37Z</time>
   </trkpt>
   <trkpt lat="43.3187760" lon="3.5452670">
    <ele>2.3</ele>
    <time>2025-05-13T07:18:38Z</time>
   </trkpt>
   <trkpt lat="43.3187970" lon="3.5453410">
    <ele>2.3</ele>
    <time>2025-05-13T07:18:39Z</time>
   </trkpt>
   <trkpt lat="43.3188150" lon="3.5454150">
    <ele>2.4</ele>
    <time>2025-05-13T07:18:40Z</time>
   </trkpt>
   <trkpt lat="43.3188370" lon="3.5454850">
    <ele>2.4</ele>
    <time>2025-05-13T07:18:41Z</time>
   </trkpt>
   <trkpt lat="43.3188550" lon="3.5455550">
    <ele>2.4</ele>
    <time>2025-05-13T07:18:42Z</time>
   </trkpt>
   <trkpt lat="43.3188750" lon="3.5456220">
    <ele>2.5</ele>
    <time>2025-05-13T07:18:43Z</time>
   </trkpt>
   <trkpt lat="43.3188950" lon="3.5456820">
    <ele>2.5</ele>
    <time>2025-05-13T07:18:44Z</time>
   </trkpt>
   <trkpt lat="43.3189060" lon="3.5457450">
    <ele>2.5</ele>
    <time>2025-05-13T07:18:45Z</time>
   </trkpt>
   <trkpt lat="43.3189100" lon="3.5458100">
    <ele>2.5</ele>
    <time>2025-05-13T07:18:46Z</time>
   </trkpt>
   <trkpt lat="43.3189090" lon="3.5458700">
    <ele>2.4</ele>
    <time>2025-05-13T07:18:47Z</time>
   </trkpt>
   <trkpt lat="43.3188990" lon="3.5459290">
    <ele>2.4</ele>
    <time>2025-05-13T07:18:48Z</time>
   </trkpt>
   <trkpt lat="43.3188840" lon="3.5459840">
    <ele>2.4</ele>
    <time>2025-05-13T07:18:49Z</time>
   </trkpt>
   <trkpt lat="43.3188760" lon="3.5460380">
    <ele>2.4</ele>
    <time>2025-05-13T07:18:50Z</time>
   </trkpt>
   <trkpt lat="43.3188670" lon="3.5460930">
    <ele>2.4</ele>
    <time>2025-05-13T07:18:51Z</time>
   </trkpt>
   <trkpt lat="43.3188540" lon="3.5461410">
    <ele>2.4</ele>
    <time>2025-05-13T07:18:52Z</time>
   </trkpt>
   <trkpt lat="43.3188370" lon="3.5461820">
    <ele>2.4</ele>
    <time>2025-05-13T07:18:53Z</time>
   </trkpt>
   <trkpt lat="43.3188160" lon="3.5462200">
    <ele>2.4</ele>
    <time>2025-05-13T07:18:54Z</time>
   </trkpt>
   <trkpt lat="43.3188090" lon="3.5462290">
    <ele>2.4</ele>
    <time>2025-05-13T07:18:55Z</time>
   </trkpt>
   <trkpt lat="43.3188010" lon="3.5462410">
    <ele>2.4</ele>
    <time>2025-05-13T07:18:56Z</time>
   </trkpt>
   <trkpt lat="43.3188020" lon="3.5462490">
    <ele>2.4</ele>
    <time>2025-05-13T07:18:57Z</time>
   </trkpt>
   <trkpt lat="43.3188070" lon="3.5462570">
    <ele>2.4</ele>
    <time>2025-05-13T07:18:58Z</time>
   </trkpt>
   <trkpt lat="43.3188150" lon="3.5462680">
    <ele>2.4</ele>
    <time>2025-05-13T07:18:59Z</time>
   </trkpt>
   <trkpt lat="43.3188220" lon="3.5462840">
    <ele>2.4</ele>
    <time>2025-05-13T07:19:00Z</time>
   </trkpt>
   <trkpt lat="43.3188330" lon="3.5462990">
    <ele>2.4</ele>
    <time>2025-05-13T07:19:01Z</time>
   </trkpt>
   <trkpt lat="43.3188530" lon="3.5463320">
    <ele>2.4</ele>
    <time>2025-05-13T07:19:02Z</time>
   </trkpt>
   <trkpt lat="43.3188600" lon="3.5463430">
    <ele>2.4</ele>
    <time>2025-05-13T07:19:03Z</time>
   </trkpt>
   <trkpt lat="43.3188690" lon="3.5463650">
    <ele>2.4</ele>
    <time>2025-05-13T07:19:04Z</time>
   </trkpt>
   <trkpt lat="43.3188750" lon="3.5463830">
    <ele>2.4</ele>
    <time>2025-05-13T07:19:05Z</time>
   </trkpt>
   <trkpt lat="43.3188850" lon="3.5464040">
    <ele>2.4</ele>
    <time>2025-05-13T07:19:06Z</time>
   </trkpt>
   <trkpt lat="43.3188900" lon="3.5464240">
    <ele>2.4</ele>
    <time>2025-05-13T07:19:07Z</time>
   </trkpt>
   <trkpt lat="43.3188990" lon="3.5464450">
    <ele>2.4</ele>
    <time>2025-05-13T07:19:08Z</time>
   </trkpt>
   <trkpt lat="43.3189080" lon="3.5464600">
    <ele>2.4</ele>
    <time>2025-05-13T07:19:09Z</time>
   </trkpt>
   <trkpt lat="43.3189280" lon="3.5464710">
    <ele>2.4</ele>
    <time>2025-05-13T07:19:10Z</time>
   </trkpt>
   <trkpt lat="43.3189380" lon="3.5464700">
    <ele>2.4</ele>
    <time>2025-05-13T07:19:11Z</time>
   </trkpt>
   <trkpt lat="43.3189470" lon="3.5464700">
    <ele>2.4</ele>
    <time>2025-05-13T07:19:12Z</time>
   </trkpt>
   <trkpt lat="43.3189630" lon="3.5464610">
    <ele>2.4</ele>
    <time>2025-05-13T07:19:13Z</time>
   </trkpt>
   <trkpt lat="43.3189770" lon="3.5464570">
    <ele>2.4</ele>
    <time>2025-05-13T07:19:14Z</time>
   </trkpt>
   <trkpt lat="43.3189920" lon="3.5464560">
    <ele>2.4</ele>
    <time>2025-05-13T07:19:15Z</time>
   </trkpt>
   <trkpt lat="43.3190070" lon="3.5464540">
    <ele>2.4</ele>
    <time>2025-05-13T07:19:16Z</time>
   </trkpt>
   <trkpt lat="43.3190250" lon="3.5464560">
    <ele>2.4</ele>
    <time>2025-05-13T07:19:17Z</time>
   </trkpt>
   <trkpt lat="43.3190430" lon="3.5464570">
    <ele>2.4</ele>
    <time>2025-05-13T07:19:18Z</time>
   </trkpt>
   <trkpt lat="43.3190570" lon="3.5464590">
    <ele>2.4</ele>
    <time>2025-05-13T07:19:19Z</time>
   </trkpt>
   <trkpt lat="43.3190720" lon="3.5464650">
    <ele>2.4</ele>
    <time>2025-05-13T07:19:20Z</time>
   </trkpt>
   <trkpt lat="43.3190880" lon="3.5464730">
    <ele>2.4</ele>
    <time>2025-05-13T07:19:21Z</time>
   </trkpt>
   <trkpt lat="43.3191020" lon="3.5464780">
    <ele>2.4</ele>
    <time>2025-05-13T07:19:22Z</time>
   </trkpt>
   <trkpt lat="43.3191180" lon="3.5464860">
    <ele>2.4</ele>
    <time>2025-05-13T07:19:23Z</time>
   </trkpt>
   <trkpt lat="43.3191290" lon="3.5465010">
    <ele>2.4</ele>
    <time>2025-05-13T07:19:24Z</time>
   </trkpt>
   <trkpt lat="43.3191490" lon="3.5465310">
    <ele>2.4</ele>
    <time>2025-05-13T07:19:25Z</time>
   </trkpt>
   <trkpt lat="43.3191550" lon="3.5465430">
    <ele>2.4</ele>
    <time>2025-05-13T07:19:26Z</time>
   </trkpt>
   <trkpt lat="43.3191750" lon="3.5465860">
    <ele>2.4</ele>
    <time>2025-05-13T07:19:27Z</time>
   </trkpt>
   <trkpt lat="43.3191830" lon="3.5466020">
    <ele>2.4</ele>
    <time>2025-05-13T07:19:28Z</time>
   </trkpt>
   <trkpt lat="43.3192050" lon="3.5466460">
    <ele>2.3</ele>
    <time>2025-05-13T07:19:29Z</time>
   </trkpt>
   <trkpt lat="43.3192110" lon="3.5466600">
    <ele>2.3</ele>
    <time>2025-05-13T07:19:30Z</time>
   </trkpt>
   <trkpt lat="43.3192290" lon="3.5466990">
    <ele>2.3</ele>
    <time>2025-05-13T07:19:31Z</time>
   </trkpt>
   <trkpt lat="43.3192340" lon="3.5467090">
    <ele>2.3</ele>
    <time>2025-05-13T07:19:32Z</time>
   </trkpt>
   <trkpt lat="43.3192420" lon="3.5467270">
    <ele>2.3</ele>
    <time>2025-05-13T07:19:33Z</time>
   </trkpt>
   <trkpt lat="43.3192480" lon="3.5467480">
    <ele>2.3</ele>
    <time>2025-05-13T07:19:34Z</time>
   </trkpt>
   <trkpt lat="43.3192530" lon="3.5467860">
    <ele>2.3</ele>
    <time>2025-05-13T07:19:35Z</time>
   </trkpt>
   <trkpt lat="43.3192540" lon="3.5468020">
    <ele>2.3</ele>
    <time>2025-05-13T07:19:36Z</time>
   </trkpt>
   <trkpt lat="43.3192700" lon="3.5468530">
    <ele>2.3</ele>
    <time>2025-05-13T07:19:37Z</time>
   </trkpt>
   <trkpt lat="43.3192760" lon="3.5468710">
    <ele>2.3</ele>
    <time>2025-05-13T07:19:38Z</time>
   </trkpt>
   <trkpt lat="43.3192930" lon="3.5469040">
    <ele>2.3</ele>
    <time>2025-05-13T07:19:39Z</time>
   </trkpt>
   <trkpt lat="43.3193160" lon="3.5469490">
    <ele>2.3</ele>
    <time>2025-05-13T07:19:40Z</time>
   </trkpt>
   <trkpt lat="43.3193220" lon="3.5469650">
    <ele>2.3</ele>
    <time>2025-05-13T07:19:41Z</time>
   </trkpt>
   <trkpt lat="43.3193390" lon="3.5470060">
    <ele>2.3</ele>
    <time>2025-05-13T07:19:42Z</time>
   </trkpt>
   <trkpt lat="43.3193440" lon="3.5470190">
    <ele>2.3</ele>
    <time>2025-05-13T07:19:43Z</time>
   </trkpt>
   <trkpt lat="43.3193480" lon="3.5470430">
    <ele>2.3</ele>
    <time>2025-05-13T07:19:44Z</time>
   </trkpt>
   <trkpt lat="43.3193510" lon="3.5470640">
    <ele>2.3</ele>
    <time>2025-05-13T07:19:45Z</time>
   </trkpt>
   <trkpt lat="43.3193540" lon="3.5470870">
    <ele>2.3</ele>
    <time>2025-05-13T07:19:46Z</time>
   </trkpt>
   <trkpt lat="43.3193570" lon="3.5471070">
    <ele>2.3</ele>
    <time>2025-05-13T07:19:47Z</time>
   </trkpt>
   <trkpt lat="43.3193670" lon="3.5471400">
    <ele>2.3</ele>
    <time>2025-05-13T07:19:48Z</time>
   </trkpt>
   <trkpt lat="43.3193700" lon="3.5471540">
    <ele>2.3</ele>
    <time>2025-05-13T07:19:49Z</time>
   </trkpt>
   <trkpt lat="43.3193830" lon="3.5472060">
    <ele>2.3</ele>
    <time>2025-05-13T07:19:50Z</time>
   </trkpt>
   <trkpt lat="43.3193880" lon="3.5472240">
    <ele>2.3</ele>
    <time>2025-05-13T07:19:51Z</time>
   </trkpt>
   <trkpt lat="43.3193990" lon="3.5472600">
    <ele>2.3</ele>
    <time>2025-05-13T07:19:52Z</time>
   </trkpt>
   <trkpt lat="43.3194130" lon="3.5472920">
    <ele>2.3</ele>
    <time>2025-05-13T07:19:53Z</time>
   </trkpt>
   <trkpt lat="43.3194300" lon="3.5473370">
    <ele>2.3</ele>
    <time>2025-05-13T07:19:54Z</time>
   </trkpt>
   <trkpt lat="43.3194330" lon="3.5473520">
    <ele>2.3</ele>
    <time>2025-05-13T07:19:55Z</time>
   </trkpt>
   <trkpt lat="43.3194470" lon="3.5473860">
    <ele>2.3</ele>
    <time>2025-05-13T07:19:56Z</time>
   </trkpt>
   <trkpt lat="43.3194510" lon="3.5473960">
    <ele>2.3</ele>
    <time>2025-05-13T07:19:57Z</time>
   </trkpt>
   <trkpt lat="43.3194580" lon="3.5474170">
    <ele>2.3</ele>
    <time>2025-05-13T07:19:58Z</time>
   </trkpt>
   <trkpt lat="43.3194650" lon="3.5474350">
    <ele>2.3</ele>
    <time>2025-05-13T07:19:59Z</time>
   </trkpt>
   <trkpt lat="43.3194680" lon="3.5474510">
    <ele>2.3</ele>
    <time>2025-05-13T07:20:00Z</time>
   </trkpt>
   <trkpt lat="43.3194720" lon="3.5474650">
    <ele>2.3</ele>
    <time>2025-05-13T07:20:01Z</time>
   </trkpt>
   <trkpt lat="43.3194790" lon="3.5474800">
    <ele>2.3</ele>
    <time>2025-05-13T07:20:02Z</time>
   </trkpt>
   <trkpt lat="43.3194920" lon="3.5475040">
    <ele>2.3</ele>
    <time>2025-05-13T07:20:03Z</time>
   </trkpt>
   <trkpt lat="43.3194970" lon="3.5475160">
    <ele>2.3</ele>
    <time>2025-05-13T07:20:04Z</time>
   </trkpt>
   <trkpt lat="43.3195020" lon="3.5475270">
    <ele>2.3</ele>
    <time>2025-05-13T07:20:05Z</time>
   </trkpt>
   <trkpt lat="43.3195060" lon="3.5475620">
    <ele>2.3</ele>
    <time>2025-05-13T07:20:06Z</time>
   </trkpt>
   <trkpt lat="43.3195070" lon="3.5475770">
    <ele>2.3</ele>
    <time>2025-05-13T07:20:07Z</time>
   </trkpt>
   <trkpt lat="43.3195240" lon="3.5476270">
    <ele>2.3</ele>
    <time>2025-05-13T07:20:08Z</time>
   </trkpt>
   <trkpt lat="43.3195310" lon="3.5476440">
    <ele>2.3</ele>
    <time>2025-05-13T07:20:09Z</time>
   </trkpt>
   <trkpt lat="43.3195470" lon="3.5476820">
    <ele>2.2</ele>
    <time>2025-05-13T07:20:10Z</time>
   </trkpt>
   <trkpt lat="43.3195620" lon="3.5477270">
    <ele>2.2</ele>
    <time>2025-05-13T07:20:11Z</time>
   </trkpt>
   <trkpt lat="43.3195750" lon="3.5477720">
    <ele>2.2</ele>
    <time>2025-05-13T07:20:12Z</time>
   </trkpt>
   <trkpt lat="43.3195900" lon="3.5478180">
    <ele>2.2</ele>
    <time>2025-05-13T07:20:13Z</time>
   </trkpt>
   <trkpt lat="43.3196060" lon="3.5478620">
    <ele>2.2</ele>
    <time>2025-05-13T07:20:14Z</time>
   </trkpt>
   <trkpt lat="43.3196200" lon="3.5479050">
    <ele>2.2</ele>
    <time>2025-05-13T07:20:15Z</time>
   </trkpt>
   <trkpt lat="43.3196320" lon="3.5479450">
    <ele>2.2</ele>
    <time>2025-05-13T07:20:16Z</time>
   </trkpt>
   <trkpt lat="43.3196430" lon="3.5479850">
    <ele>2.2</ele>
    <time>2025-05-13T07:20:17Z</time>
   </trkpt>
   <trkpt lat="43.3196570" lon="3.5480220">
    <ele>2.2</ele>
    <time>2025-05-13T07:20:18Z</time>
   </trkpt>
   <trkpt lat="43.3196690" lon="3.5480550">
    <ele>2.2</ele>
    <time>2025-05-13T07:20:19Z</time>
   </trkpt>
   <trkpt lat="43.3196820" lon="3.5480760">
    <ele>2.2</ele>
    <time>2025-05-13T07:20:20Z</time>
   </trkpt>
   <trkpt lat="43.3196920" lon="3.5480920">
    <ele>2.2</ele>
    <time>2025-05-13T07:20:21Z</time>
   </trkpt>
   <trkpt lat="43.3197070" lon="3.5481030">
    <ele>2.2</ele>
    <time>2025-05-13T07:20:22Z</time>
   </trkpt>
   <trkpt lat="43.3197180" lon="3.5481060">
    <ele>2.2</ele>
    <time>2025-05-13T07:20:23Z</time>
   </trkpt>
   <trkpt lat="43.3197310" lon="3.5481070">
    <ele>2.1</ele>
    <time>2025-05-13T07:20:24Z</time>
   </trkpt>
   <trkpt lat="43.3197500" lon="3.5481080">
    <ele>2.1</ele>
    <time>2025-05-13T07:20:25Z</time>
   </trkpt>
   <trkpt lat="43.3197640" lon="3.5481050">
    <ele>2.1</ele>
    <time>2025-05-13T07:20:26Z</time>
   </trkpt>
   <trkpt lat="43.3197770" lon="3.5481000">
    <ele>2.1</ele>
    <time>2025-05-13T07:20:27Z</time>
   </trkpt>
   <trkpt lat="43.3197900" lon="3.5480950">
    <ele>2.1</ele>
    <time>2025-05-13T07:20:28Z</time>
   </trkpt>
   <trkpt lat="43.3198050" lon="3.5480870">
    <ele>2.0</ele>
    <time>2025-05-13T07:20:29Z</time>
   </trkpt>
   <trkpt lat="43.3198220" lon="3.5480800">
    <ele>2.0</ele>
    <time>2025-05-13T07:20:30Z</time>
   </trkpt>
   <trkpt lat="43.3198390" lon="3.5480860">
    <ele>2.0</ele>
    <time>2025-05-13T07:20:31Z</time>
   </trkpt>
   <trkpt lat="43.3198550" lon="3.5480940">
    <ele>2.0</ele>
    <time>2025-05-13T07:20:32Z</time>
   </trkpt>
   <trkpt lat="43.3198680" lon="3.5481140">
    <ele>2.0</ele>
    <time>2025-05-13T07:20:33Z</time>
   </trkpt>
   <trkpt lat="43.3198860" lon="3.5481590">
    <ele>2.0</ele>
    <time>2025-05-13T07:20:34Z</time>
   </trkpt>
   <trkpt lat="43.3198930" lon="3.5481760">
    <ele>2.0</ele>
    <time>2025-05-13T07:20:35Z</time>
   </trkpt>
   <trkpt lat="43.3199070" lon="3.5482200">
    <ele>2.0</ele>
    <time>2025-05-13T07:20:36Z</time>
   </trkpt>
   <trkpt lat="43.3199210" lon="3.5482660">
    <ele>1.9</ele>
    <time>2025-05-13T07:20:37Z</time>
   </trkpt>
   <trkpt lat="43.3199370" lon="3.5483150">
    <ele>1.9</ele>
    <time>2025-05-13T07:20:38Z</time>
   </trkpt>
   <trkpt lat="43.3199490" lon="3.5483670">
    <ele>1.9</ele>
    <time>2025-05-13T07:20:39Z</time>
   </trkpt>
   <trkpt lat="43.3199670" lon="3.5484180">
    <ele>1.9</ele>
    <time>2025-05-13T07:20:40Z</time>
   </trkpt>
   <trkpt lat="43.3199850" lon="3.5484640">
    <ele>1.9</ele>
    <time>2025-05-13T07:20:41Z</time>
   </trkpt>
   <trkpt lat="43.3199980" lon="3.5485060">
    <ele>1.9</ele>
    <time>2025-05-13T07:20:42Z</time>
   </trkpt>
   <trkpt lat="43.3200160" lon="3.5485560">
    <ele>1.9</ele>
    <time>2025-05-13T07:20:43Z</time>
   </trkpt>
   <trkpt lat="43.3200320" lon="3.5486050">
    <ele>1.9</ele>
    <time>2025-05-13T07:20:44Z</time>
   </trkpt>
   <trkpt lat="43.3200440" lon="3.5486580">
    <ele>1.9</ele>
    <time>2025-05-13T07:20:45Z</time>
   </trkpt>
   <trkpt lat="43.3200580" lon="3.5487130">
    <ele>1.9</ele>
    <time>2025-05-13T07:20:46Z</time>
   </trkpt>
   <trkpt lat="43.3200730" lon="3.5487660">
    <ele>1.9</ele>
    <time>2025-05-13T07:20:47Z</time>
   </trkpt>
   <trkpt lat="43.3200870" lon="3.5488120">
    <ele>1.9</ele>
    <time>2025-05-13T07:20:48Z</time>
   </trkpt>
   <trkpt lat="43.3201030" lon="3.5488610">
    <ele>1.9</ele>
    <time>2025-05-13T07:20:49Z</time>
   </trkpt>
   <trkpt lat="43.3201170" lon="3.5489130">
    <ele>2.0</ele>
    <time>2025-05-13T07:20:50Z</time>
   </trkpt>
   <trkpt lat="43.3201300" lon="3.5489650">
    <ele>2.0</ele>
    <time>2025-05-13T07:20:51Z</time>
   </trkpt>
   <trkpt lat="43.3201430" lon="3.5490130">
    <ele>2.0</ele>
    <time>2025-05-13T07:20:52Z</time>
   </trkpt>
   <trkpt lat="43.3201610" lon="3.5490570">
    <ele>2.0</ele>
    <time>2025-05-13T07:20:53Z</time>
   </trkpt>
   <trkpt lat="43.3201730" lon="3.5490990">
    <ele>2.0</ele>
    <time>2025-05-13T07:20:54Z</time>
   </trkpt>
   <trkpt lat="43.3201870" lon="3.5491340">
    <ele>2.0</ele>
    <time>2025-05-13T07:20:55Z</time>
   </trkpt>
   <trkpt lat="43.3202000" lon="3.5491780">
    <ele>2.0</ele>
    <time>2025-05-13T07:20:56Z</time>
   </trkpt>
   <trkpt lat="43.3202040" lon="3.5491940">
    <ele>2.0</ele>
    <time>2025-05-13T07:20:57Z</time>
   </trkpt>
   <trkpt lat="43.3202100" lon="3.5492470">
    <ele>2.1</ele>
    <time>2025-05-13T07:20:58Z</time>
   </trkpt>
   <trkpt lat="43.3202110" lon="3.5492670">
    <ele>2.1</ele>
    <time>2025-05-13T07:20:59Z</time>
   </trkpt>
   <trkpt lat="43.3201990" lon="3.5493050">
    <ele>2.1</ele>
    <time>2025-05-13T07:21:00Z</time>
   </trkpt>
   <trkpt lat="43.3201920" lon="3.5493130">
    <ele>2.1</ele>
    <time>2025-05-13T07:21:01Z</time>
   </trkpt>
   <trkpt lat="43.3201790" lon="3.5493230">
    <ele>2.1</ele>
    <time>2025-05-13T07:21:02Z</time>
   </trkpt>
   <trkpt lat="43.3201660" lon="3.5493360">
    <ele>2.1</ele>
    <time>2025-05-13T07:21:03Z</time>
   </trkpt>
   <trkpt lat="43.3201550" lon="3.5493470">
    <ele>2.1</ele>
    <time>2025-05-13T07:21:04Z</time>
   </trkpt>
   <trkpt lat="43.3201450" lon="3.5493590">
    <ele>2.1</ele>
    <time>2025-05-13T07:21:05Z</time>
   </trkpt>
   <trkpt lat="43.3201210" lon="3.5493780">
    <ele>2.1</ele>
    <time>2025-05-13T07:21:06Z</time>
   </trkpt>
   <trkpt lat="43.3201120" lon="3.5493840">
    <ele>2.1</ele>
    <time>2025-05-13T07:21:07Z</time>
   </trkpt>
   <trkpt lat="43.3200920" lon="3.5494140">
    <ele>2.2</ele>
    <time>2025-05-13T07:21:08Z</time>
   </trkpt>
   <trkpt lat="43.3200860" lon="3.5494260">
    <ele>2.2</ele>
    <time>2025-05-13T07:21:09Z</time>
   </trkpt>
   <trkpt lat="43.3200930" lon="3.5494670">
    <ele>2.2</ele>
    <time>2025-05-13T07:21:10Z</time>
   </trkpt>
   <trkpt lat="43.3200970" lon="3.5494810">
    <ele>2.2</ele>
    <time>2025-05-13T07:21:11Z</time>
   </trkpt>
   <trkpt lat="43.3201100" lon="3.5495180">
    <ele>2.2</ele>
    <time>2025-05-13T07:21:12Z</time>
   </trkpt>
   <trkpt lat="43.3201130" lon="3.5495290">
    <ele>2.2</ele>
    <time>2025-05-13T07:21:13Z</time>
   </trkpt>
   <trkpt lat="43.3201210" lon="3.5495520">
    <ele>2.2</ele>
    <time>2025-05-13T07:21:14Z</time>
   </trkpt>
   <trkpt lat="43.3201270" lon="3.5495710">
    <ele>2.2</ele>
    <time>2025-05-13T07:21:15Z</time>
   </trkpt>
   <trkpt lat="43.3201310" lon="3.5495920">
    <ele>2.2</ele>
    <time>2025-05-13T07:21:16Z</time>
   </trkpt>
   <trkpt lat="43.3201360" lon="3.5496180">
    <ele>2.2</ele>
    <time>2025-05-13T07:21:17Z</time>
   </trkpt>
   <trkpt lat="43.3201520" lon="3.5496680">
    <ele>2.2</ele>
    <time>2025-05-13T07:21:18Z</time>
   </trkpt>
   <trkpt lat="43.3201570" lon="3.5496860">
    <ele>2.2</ele>
    <time>2025-05-13T07:21:19Z</time>
   </trkpt>
   <trkpt lat="43.3201720" lon="3.5497340">
    <ele>2.2</ele>
    <time>2025-05-13T07:21:20Z</time>
   </trkpt>
   <trkpt lat="43.3201760" lon="3.5497500">
    <ele>2.2</ele>
    <time>2025-05-13T07:21:21Z</time>
   </trkpt>
   <trkpt lat="43.3201880" lon="3.5497860">
    <ele>2.2</ele>
    <time>2025-05-13T07:21:22Z</time>
   </trkpt>
   <trkpt lat="43.3202010" lon="3.5498230">
    <ele>2.2</ele>
    <time>2025-05-13T07:21:23Z</time>
   </trkpt>
   <trkpt lat="43.3202170" lon="3.5498640">
    <ele>2.2</ele>
    <time>2025-05-13T07:21:24Z</time>
   </trkpt>
   <trkpt lat="43.3202330" lon="3.5499090">
    <ele>2.2</ele>
    <time>2025-05-13T07:21:25Z</time>
   </trkpt>
   <trkpt lat="43.3202480" lon="3.5499550">
    <ele>2.3</ele>
    <time>2025-05-13T07:21:26Z</time>
   </trkpt>
   <trkpt lat="43.3202660" lon="3.5500030">
    <ele>2.3</ele>
    <time>2025-05-13T07:21:27Z</time>
   </trkpt>
   <trkpt lat="43.3202850" lon="3.5500520">
    <ele>2.3</ele>
    <time>2025-05-13T07:21:28Z</time>
   </trkpt>
   <trkpt lat="43.3203030" lon="3.5501040">
    <ele>2.3</ele>
    <time>2025-05-13T07:21:29Z</time>
   </trkpt>
   <trkpt lat="43.3203190" lon="3.5501580">
    <ele>2.3</ele>
    <time>2025-05-13T07:21:30Z</time>
   </trkpt>
   <trkpt lat="43.3203340" lon="3.5502130">
    <ele>2.3</ele>
    <time>2025-05-13T07:21:31Z</time>
   </trkpt>
   <trkpt lat="43.3203460" lon="3.5502670">
    <ele>2.3</ele>
    <time>2025-05-13T07:21:32Z</time>
   </trkpt>
   <trkpt lat="43.3203570" lon="3.5503220">
    <ele>2.3</ele>
    <time>2025-05-13T07:21:33Z</time>
   </trkpt>
   <trkpt lat="43.3203730" lon="3.5503720">
    <ele>2.3</ele>
    <time>2025-05-13T07:21:34Z</time>
   </trkpt>
   <trkpt lat="43.3203890" lon="3.5504210">
    <ele>2.3</ele>
    <time>2025-05-13T07:21:35Z</time>
   </trkpt>
   <trkpt lat="43.3204060" lon="3.5504700">
    <ele>2.3</ele>
    <time>2025-05-13T07:21:36Z</time>
   </trkpt>
   <trkpt lat="43.3204200" lon="3.5505210">
    <ele>2.4</ele>
    <time>2025-05-13T07:21:37Z</time>
   </trkpt>
   <trkpt lat="43.3204310" lon="3.5505750">
    <ele>2.4</ele>
    <time>2025-05-13T07:21:38Z</time>
   </trkpt>
   <trkpt lat="43.3204380" lon="3.5506200">
    <ele>2.4</ele>
    <time>2025-05-13T07:21:39Z</time>
   </trkpt>
   <trkpt lat="43.3204410" lon="3.5506640">
    <ele>2.4</ele>
    <time>2025-05-13T07:21:40Z</time>
   </trkpt>
   <trkpt lat="43.3204490" lon="3.5507070">
    <ele>2.4</ele>
    <time>2025-05-13T07:21:41Z</time>
   </trkpt>
   <trkpt lat="43.3204570" lon="3.5507450">
    <ele>2.4</ele>
    <time>2025-05-13T07:21:42Z</time>
   </trkpt>
   <trkpt lat="43.3204640" lon="3.5507830">
    <ele>2.4</ele>
    <time>2025-05-13T07:21:43Z</time>
   </trkpt>
   <trkpt lat="43.3204780" lon="3.5508310">
    <ele>2.4</ele>
    <time>2025-05-13T07:21:44Z</time>
   </trkpt>
   <trkpt lat="43.3204810" lon="3.5508470">
    <ele>2.4</ele>
    <time>2025-05-13T07:21:45Z</time>
   </trkpt>
   <trkpt lat="43.3204960" lon="3.5508870">
    <ele>2.5</ele>
    <time>2025-05-13T07:21:46Z</time>
   </trkpt>
   <trkpt lat="43.3204990" lon="3.5509010">
    <ele>2.5</ele>
    <time>2025-05-13T07:21:47Z</time>
   </trkpt>
   <trkpt lat="43.3205110" lon="3.5509400">
    <ele>2.5</ele>
    <time>2025-05-13T07:21:48Z</time>
   </trkpt>
   <trkpt lat="43.3205160" lon="3.5509520">
    <ele>2.5</ele>
    <time>2025-05-13T07:21:49Z</time>
   </trkpt>
   <trkpt lat="43.3205300" lon="3.5509860">
    <ele>2.5</ele>
    <time>2025-05-13T07:21:50Z</time>
   </trkpt>
   <trkpt lat="43.3205330" lon="3.5509980">
    <ele>2.5</ele>
    <time>2025-05-13T07:21:51Z</time>
   </trkpt>
   <trkpt lat="43.3205380" lon="3.5510180">
    <ele>2.5</ele>
    <time>2025-05-13T07:21:52Z</time>
   </trkpt>
   <trkpt lat="43.3205450" lon="3.5510340">
    <ele>2.5</ele>
    <time>2025-05-13T07:21:53Z</time>
   </trkpt>
   <trkpt lat="43.3205520" lon="3.5510530">
    <ele>2.5</ele>
    <time>2025-05-13T07:21:54Z</time>
   </trkpt>
   <trkpt lat="43.3205570" lon="3.5510730">
    <ele>2.6</ele>
    <time>2025-05-13T07:21:55Z</time>
   </trkpt>
   <trkpt lat="43.3205700" lon="3.5511070">
    <ele>2.6</ele>
    <time>2025-05-13T07:21:56Z</time>
   </trkpt>
   <trkpt lat="43.3205730" lon="3.5511200">
    <ele>2.6</ele>
    <time>2025-05-13T07:21:57Z</time>
   </trkpt>
   <trkpt lat="43.3205870" lon="3.5511540">
    <ele>2.6</ele>
    <time>2025-05-13T07:21:58Z</time>
   </trkpt>
   <trkpt lat="43.3205910" lon="3.5511660">
    <ele>2.6</ele>
    <time>2025-05-13T07:21:59Z</time>
   </trkpt>
   <trkpt lat="43.3205970" lon="3.5511880">
    <ele>2.6</ele>
    <time>2025-05-13T07:22:00Z</time>
   </trkpt>
   <trkpt lat="43.3206060" lon="3.5512110">
    <ele>2.6</ele>
    <time>2025-05-13T07:22:01Z</time>
   </trkpt>
   <trkpt lat="43.3206140" lon="3.5512330">
    <ele>2.6</ele>
    <time>2025-05-13T07:22:02Z</time>
   </trkpt>
   <trkpt lat="43.3206240" lon="3.5512540">
    <ele>2.7</ele>
    <time>2025-05-13T07:22:03Z</time>
   </trkpt>
   <trkpt lat="43.3206270" lon="3.5512740">
    <ele>2.7</ele>
    <time>2025-05-13T07:22:04Z</time>
   </trkpt>
   <trkpt lat="43.3206360" lon="3.5512900">
    <ele>2.7</ele>
    <time>2025-05-13T07:22:05Z</time>
   </trkpt>
   <trkpt lat="43.3206410" lon="3.5513020">
    <ele>2.7</ele>
    <time>2025-05-13T07:22:06Z</time>
   </trkpt>
   <trkpt lat="43.3206430" lon="3.5513080">
    <ele>2.7</ele>
    <time>2025-05-13T07:22:07Z</time>
   </trkpt>
   <trkpt lat="43.3206450" lon="3.5513070">
    <ele>2.7</ele>
    <time>2025-05-13T07:22:08Z</time>
   </trkpt>
   <trkpt lat="43.3206430" lon="3.5513080">
    <ele>2.7</ele>
    <time>2025-05-13T07:22:09Z</time>
   </trkpt>
   <trkpt lat="43.3206430" lon="3.5513080">
    <ele>2.7</ele>
    <time>2025-05-13T07:22:10Z</time>
   </trkpt>
   <trkpt lat="43.3206430" lon="3.5513080">
    <ele>2.7</ele>
    <time>2025-05-13T07:22:11Z</time>
   </trkpt>
   <trkpt lat="43.3206430" lon="3.5513080">
    <ele>2.7</ele>
    <time>2025-05-13T07:22:12Z</time>
   </trkpt>
   <trkpt lat="43.3206430" lon="3.5513080">
    <ele>2.7</ele>
    <time>2025-05-13T07:22:13Z</time>
   </trkpt>
   <trkpt lat="43.3206430" lon="3.5513080">
    <ele>2.7</ele>
    <time>2025-05-13T07:22:14Z</time>
   </trkpt>
   <trkpt lat="43.3206430" lon="3.5513080">
    <ele>2.7</ele>
    <time>2025-05-13T07:22:15Z</time>
   </trkpt>
   <trkpt lat="43.3206430" lon="3.5513080">
    <ele>2.7</ele>
    <time>2025-05-13T07:22:16Z</time>
   </trkpt>
   <trkpt lat="43.3206430" lon="3.5513080">
    <ele>2.7</ele>
    <time>2025-05-13T07:22:17Z</time>
   </trkpt>
   <trkpt lat="43.3206430" lon="3.5513080">
    <ele>2.7</ele>
    <time>2025-05-13T07:22:18Z</time>
   </trkpt>
   <trkpt lat="43.3206430" lon="3.5513080">
    <ele>2.7</ele>
    <time>2025-05-13T07:22:19Z</time>
   </trkpt>
   <trkpt lat="43.3206430" lon="3.5513080">
    <ele>2.7</ele>
    <time>2025-05-13T07:22:20Z</time>
   </trkpt>
   <trkpt lat="43.3206430" lon="3.5513080">
    <ele>2.7</ele>
    <time>2025-05-13T07:22:21Z</time>
   </trkpt>
   <trkpt lat="43.3206430" lon="3.5513080">
    <ele>2.7</ele>
    <time>2025-05-13T07:22:22Z</time>
   </trkpt>
   <trkpt lat="43.3206430" lon="3.5513080">
    <ele>2.7</ele>
    <time>2025-05-13T07:22:23Z</time>
   </trkpt>
   <trkpt lat="43.3206430" lon="3.5513080">
    <ele>2.7</ele>
    <time>2025-05-13T07:22:24Z</time>
   </trkpt>
   <trkpt lat="43.3206430" lon="3.5513080">
    <ele>2.7</ele>
    <time>2025-05-13T07:22:25Z</time>
   </trkpt>
   <trkpt lat="43.3206430" lon="3.5513080">
    <ele>2.7</ele>
    <time>2025-05-13T07:22:26Z</time>
   </trkpt>
   <trkpt lat="43.3206430" lon="3.5513080">
    <ele>2.7</ele>
    <time>2025-05-13T07:22:27Z</time>
   </trkpt>
   <trkpt lat="43.3206430" lon="3.5513080">
    <ele>2.7</ele>
    <time>2025-05-13T07:22:28Z</time>
   </trkpt>
   <trkpt lat="43.3206430" lon="3.5513080">
    <ele>2.7</ele>
    <time>2025-05-13T07:22:29Z</time>
   </trkpt>
   <trkpt lat="43.3206430" lon="3.5513080">
    <ele>2.7</ele>
    <time>2025-05-13T07:22:30Z</time>
   </trkpt>
   <trkpt lat="43.3206430" lon="3.5513080">
    <ele>2.7</ele>
    <time>2025-05-13T07:22:31Z</time>
   </trkpt>
   <trkpt lat="43.3206430" lon="3.5513080">
    <ele>2.7</ele>
    <time>2025-05-13T07:22:32Z</time>
   </trkpt>
   <trkpt lat="43.3206430" lon="3.5513080">
    <ele>2.7</ele>
    <time>2025-05-13T07:22:33Z</time>
   </trkpt>
   <trkpt lat="43.3206430" lon="3.5513080">
    <ele>2.7</ele>
    <time>2025-05-13T07:22:34Z</time>
   </trkpt>
   <trkpt lat="43.3206430" lon="3.5513080">
    <ele>2.7</ele>
    <time>2025-05-13T07:22:35Z</time>
   </trkpt>
   <trkpt lat="43.3206430" lon="3.5513080">
    <ele>2.7</ele>
    <time>2025-05-13T07:22:36Z</time>
   </trkpt>
   <trkpt lat="43.3206430" lon="3.5513080">
    <ele>2.7</ele>
    <time>2025-05-13T07:22:37Z</time>
   </trkpt>
   <trkpt lat="43.3206430" lon="3.5513080">
    <ele>2.7</ele>
    <time>2025-05-13T07:22:38Z</time>
   </trkpt>
   <trkpt lat="43.3206430" lon="3.5513080">
    <ele>2.7</ele>
    <time>2025-05-13T07:22:39Z</time>
   </trkpt>
   <trkpt lat="43.3206430" lon="3.5513080">
    <ele>2.7</ele>
    <time>2025-05-13T07:22:40Z</time>
   </trkpt>
   <trkpt lat="43.3206430" lon="3.5513080">
    <ele>2.7</ele>
    <time>2025-05-13T07:22:41Z</time>
   </trkpt>
   <trkpt lat="43.3206430" lon="3.5513080">
    <ele>2.7</ele>
    <time>2025-05-13T07:22:42Z</time>
   </trkpt>
   <trkpt lat="43.3206430" lon="3.5513080">
    <ele>2.7</ele>
    <time>2025-05-13T07:22:43Z</time>
   </trkpt>
   <trkpt lat="43.3206430" lon="3.5513080">
    <ele>2.7</ele>
    <time>2025-05-13T07:22:44Z</time>
   </trkpt>
   <trkpt lat="43.3206430" lon="3.5513080">
    <ele>2.7</ele>
    <time>2025-05-13T07:22:45Z</time>
   </trkpt>
   <trkpt lat="43.3206430" lon="3.5513080">
    <ele>2.7</ele>
    <time>2025-05-13T07:22:46Z</time>
   </trkpt>
   <trkpt lat="43.3206430" lon="3.5513080">
    <ele>2.7</ele>
    <time>2025-05-13T07:22:47Z</time>
   </trkpt>
   <trkpt lat="43.3206430" lon="3.5513080">
    <ele>2.7</ele>
    <time>2025-05-13T07:22:48Z</time>
   </trkpt>
   <trkpt lat="43.3206430" lon="3.5513080">
    <ele>2.7</ele>
    <time>2025-05-13T07:22:49Z</time>
   </trkpt>
   <trkpt lat="43.3206430" lon="3.5513080">
    <ele>2.7</ele>
    <time>2025-05-13T07:22:50Z</time>
   </trkpt>
   <trkpt lat="43.3206430" lon="3.5513080">
    <ele>2.7</ele>
    <time>2025-05-13T07:22:51Z</time>
   </trkpt>
   <trkpt lat="43.3206430" lon="3.5513080">
    <ele>2.7</ele>
    <time>2025-05-13T07:22:52Z</time>
   </trkpt>
   <trkpt lat="43.3206430" lon="3.5513080">
    <ele>2.7</ele>
    <time>2025-05-13T07:22:53Z</time>
   </trkpt>
   <trkpt lat="43.3206430" lon="3.5513080">
    <ele>2.7</ele>
    <time>2025-05-13T07:22:54Z</time>
   </trkpt>
   <trkpt lat="43.3206430" lon="3.5513070">
    <ele>2.7</ele>
    <time>2025-05-13T07:22:55Z</time>
   </trkpt>
   <trkpt lat="43.3206320" lon="3.5512440">
    <ele>2.7</ele>
    <time>2025-05-13T07:22:56Z</time>
   </trkpt>
   <trkpt lat="43.3206220" lon="3.5511930">
    <ele>2.8</ele>
    <time>2025-05-13T07:22:57Z</time>
   </trkpt>
   <trkpt lat="43.3206210" lon="3.5511600">
    <ele>2.8</ele>
    <time>2025-05-13T07:22:58Z</time>
   </trkpt>
   <trkpt lat="43.3206230" lon="3.5511450">
    <ele>2.8</ele>
    <time>2025-05-13T07:22:59Z</time>
   </trkpt>
   <trkpt lat="43.3206250" lon="3.5511290">
    <ele>2.8</ele>
    <time>2025-05-13T07:23:00Z</time>
   </trkpt>
   <trkpt lat="43.3206320" lon="3.5510860">
    <ele>2.8</ele>
    <time>2025-05-13T07:23:01Z</time>
   </trkpt>
   <trkpt lat="43.3206330" lon="3.5510730">
    <ele>2.8</ele>
    <time>2025-05-13T07:23:02Z</time>
   </trkpt>
   <trkpt lat="43.3206230" lon="3.5510560">
    <ele>2.9</ele>
    <time>2025-05-13T07:23:03Z</time>
   </trkpt>
   <trkpt lat="43.3206160" lon="3.5510400">
    <ele>2.9</ele>
    <time>2025-05-13T07:23:04Z</time>
   </trkpt>
   <trkpt lat="43.3206100" lon="3.5510350">
    <ele>2.9</ele>
    <time>2025-05-13T07:23:05Z</time>
   </trkpt>
   <trkpt lat="43.3206040" lon="3.5510270">
    <ele>2.9</ele>
    <time>2025-05-13T07:23:06Z</time>
   </trkpt>
   <trkpt lat="43.3205980" lon="3.5510220">
    <ele>2.9</ele>
    <time>2025-05-13T07:23:07Z</time>
   </trkpt>
   <trkpt lat="43.3205940" lon="3.5510170">
    <ele>2.9</ele>
    <time>2025-05-13T07:23:08Z</time>
   </trkpt>
   <trkpt lat="43.3205890" lon="3.5510100">
    <ele>2.9</ele>
    <time>2025-05-13T07:23:09Z</time>
   </trkpt>
   <trkpt lat="43.3205810" lon="3.5510030">
    <ele>2.9</ele>
    <time>2025-05-13T07:23:10Z</time>
   </trkpt>
   <trkpt lat="43.3205730" lon="3.5510030">
    <ele>2.9</ele>
    <time>2025-05-13T07:23:11Z</time>
   </trkpt>
   <trkpt lat="43.3205690" lon="3.5510000">
    <ele>2.9</ele>
    <time>2025-05-13T07:23:12Z</time>
   </trkpt>
   <trkpt lat="43.3205690" lon="3.5510000">
    <ele>2.9</ele>
    <time>2025-05-13T07:23:13Z</time>
   </trkpt>
   <trkpt lat="43.3205690" lon="3.5509980">
    <ele>2.9</ele>
    <time>2025-05-13T07:23:14Z</time>
   </trkpt>
   <trkpt lat="43.3205690" lon="3.5509990">
    <ele>2.9</ele>
    <time>2025-05-13T07:23:15Z</time>
   </trkpt>
   <trkpt lat="43.3205700" lon="3.5510010">
    <ele>2.9</ele>
    <time>2025-05-13T07:23:16Z</time>
   </trkpt>
   <trkpt lat="43.3205690" lon="3.5510030">
    <ele>2.9</ele>
    <time>2025-05-13T07:23:17Z</time>
   </trkpt>
   <trkpt lat="43.3205690" lon="3.5510030">
    <ele>2.9</ele>
    <time>2025-05-13T07:23:18Z</time>
   </trkpt>
   <trkpt lat="43.3205680" lon="3.5510040">
    <ele>2.9</ele>
    <time>2025-05-13T07:23:19Z</time>
   </trkpt>
   <trkpt lat="43.3205680" lon="3.5510040">
    <ele>2.9</ele>
    <time>2025-05-13T07:23:20Z</time>
   </trkpt>
   <trkpt lat="43.3205670" lon="3.5510050">
    <ele>2.9</ele>
    <time>2025-05-13T07:23:21Z</time>
   </trkpt>
   <trkpt lat="43.3205670" lon="3.5510040">
    <ele>2.9</ele>
    <time>2025-05-13T07:23:22Z</time>
   </trkpt>
   <trkpt lat="43.3205670" lon="3.5510050">
    <ele>2.9</ele>
    <time>2025-05-13T07:23:23Z</time>
   </trkpt>
   <trkpt lat="43.3205660" lon="3.5510050">
    <ele>2.9</ele>
    <time>2025-05-13T07:23:24Z</time>
   </trkpt>
   <trkpt lat="43.3205660" lon="3.5510050">
    <ele>2.9</ele>
    <time>2025-05-13T07:23:25Z</time>
   </trkpt>
   <trkpt lat="43.3205670" lon="3.5510070">
    <ele>2.9</ele>
    <time>2025-05-13T07:23:26Z</time>
   </trkpt>
   <trkpt lat="43.3205670" lon="3.5510060">
    <ele>2.9</ele>
    <time>2025-05-13T07:23:27Z</time>
   </trkpt>
   <trkpt lat="43.3205670" lon="3.5510060">
    <ele>2.9</ele>
    <time>2025-05-13T07:23:28Z</time>
   </trkpt>
   <trkpt lat="43.3205680" lon="3.5510060">
    <ele>2.9</ele>
    <time>2025-05-13T07:23:29Z</time>
   </trkpt>
   <trkpt lat="43.3205680" lon="3.5510050">
    <ele>2.9</ele>
    <time>2025-05-13T07:23:30Z</time>
   </trkpt>
   <trkpt lat="43.3205670" lon="3.5510060">
    <ele>2.9</ele>
    <time>2025-05-13T07:23:31Z</time>
   </trkpt>
   <trkpt lat="43.3205670" lon="3.5510070">
    <ele>2.9</ele>
    <time>2025-05-13T07:23:32Z</time>
   </trkpt>
   <trkpt lat="43.3205670" lon="3.5510070">
    <ele>2.9</ele>
    <time>2025-05-13T07:23:33Z</time>
   </trkpt>
   <trkpt lat="43.3205670" lon="3.5510070">
    <ele>2.9</ele>
    <time>2025-05-13T07:23:34Z</time>
   </trkpt>
   <trkpt lat="43.3205670" lon="3.5510070">
    <ele>2.9</ele>
    <time>2025-05-13T07:23:35Z</time>
   </trkpt>
   <trkpt lat="43.3205670" lon="3.5510070">
    <ele>2.9</ele>
    <time>2025-05-13T07:23:36Z</time>
   </trkpt>
   <trkpt lat="43.3205670" lon="3.5510070">
    <ele>2.9</ele>
    <time>2025-05-13T07:23:37Z</time>
   </trkpt>
   <trkpt lat="43.3205670" lon="3.5510070">
    <ele>2.9</ele>
    <time>2025-05-13T07:23:38Z</time>
   </trkpt>
   <trkpt lat="43.3205670" lon="3.5510070">
    <ele>2.9</ele>
    <time>2025-05-13T07:23:39Z</time>
   </trkpt>
   <trkpt lat="43.3205670" lon="3.5510070">
    <ele>2.9</ele>
    <time>2025-05-13T07:23:40Z</time>
   </trkpt>
   <trkpt lat="43.3205670" lon="3.5510070">
    <ele>2.9</ele>
    <time>2025-05-13T07:23:41Z</time>
   </trkpt>
   <trkpt lat="43.3205670" lon="3.5510070">
    <ele>2.9</ele>
    <time>2025-05-13T07:23:42Z</time>
   </trkpt>
   <trkpt lat="43.3205660" lon="3.5510060">
    <ele>2.9</ele>
    <time>2025-05-13T07:23:43Z</time>
   </trkpt>
   <trkpt lat="43.3205670" lon="3.5510060">
    <ele>2.9</ele>
    <time>2025-05-13T07:23:44Z</time>
   </trkpt>
   <trkpt lat="43.3205670" lon="3.5510070">
    <ele>2.9</ele>
    <time>2025-05-13T07:23:45Z</time>
   </trkpt>
   <trkpt lat="43.3205660" lon="3.5510080">
    <ele>2.9</ele>
    <time>2025-05-13T07:23:46Z</time>
   </trkpt>
   <trkpt lat="43.3205670" lon="3.5510130">
    <ele>2.9</ele>
    <time>2025-05-13T07:23:47Z</time>
   </trkpt>
   <trkpt lat="43.3205690" lon="3.5510230">
    <ele>2.9</ele>
    <time>2025-05-13T07:23:48Z</time>
   </trkpt>
   <trkpt lat="43.3205710" lon="3.5510320">
    <ele>3.0</ele>
    <time>2025-05-13T07:23:49Z</time>
   </trkpt>
   <trkpt lat="43.3205730" lon="3.5510420">
    <ele>3.0</ele>
    <time>2025-05-13T07:23:50Z</time>
   </trkpt>
   <trkpt lat="43.3205730" lon="3.5510540">
    <ele>3.0</ele>
    <time>2025-05-13T07:23:51Z</time>
   </trkpt>
   <trkpt lat="43.3205740" lon="3.5510690">
    <ele>3.0</ele>
    <time>2025-05-13T07:23:52Z</time>
   </trkpt>
   <trkpt lat="43.3205730" lon="3.5510750">
    <ele>3.0</ele>
    <time>2025-05-13T07:23:53Z</time>
   </trkpt>
   <trkpt lat="43.3205740" lon="3.5510820">
    <ele>3.0</ele>
    <time>2025-05-13T07:23:54Z</time>
   </trkpt>
   <trkpt lat="43.3205760" lon="3.5510950">
    <ele>3.0</ele>
    <time>2025-05-13T07:23:55Z</time>
   </trkpt>
   <trkpt lat="43.3205770" lon="3.5511010">
    <ele>3.0</ele>
    <time>2025-05-13T07:23:56Z</time>
   </trkpt>
   <trkpt lat="43.3205800" lon="3.5511080">
    <ele>3.0</ele>
    <time>2025-05-13T07:23:57Z</time>
   </trkpt>
   <trkpt lat="43.3205850" lon="3.5511160">
    <ele>3.0</ele>
    <time>2025-05-13T07:23:58Z</time>
   </trkpt>
   <trkpt lat="43.3205910" lon="3.5511250">
    <ele>3.0</ele>
    <time>2025-05-13T07:23:59Z</time>
   </trkpt>
   <trkpt lat="43.3206010" lon="3.5511490">
    <ele>3.0</ele>
    <time>2025-05-13T07:24:00Z</time>
   </trkpt>
   <trkpt lat="43.3206050" lon="3.5511600">
    <ele>3.1</ele>
    <time>2025-05-13T07:24:01Z</time>
   </trkpt>
   <trkpt lat="43.3206100" lon="3.5511720">
    <ele>3.1</ele>
    <time>2025-05-13T07:24:02Z</time>
   </trkpt>
   <trkpt lat="43.3206180" lon="3.5511900">
    <ele>3.1</ele>
    <time>2025-05-13T07:24:03Z</time>
   </trkpt>
   <trkpt lat="43.3206260" lon="3.5512050">
    <ele>3.1</ele>
    <time>2025-05-13T07:24:04Z</time>
   </trkpt>
   <trkpt lat="43.3206340" lon="3.5512230">
    <ele>3.1</ele>
    <time>2025-05-13T07:24:05Z</time>
   </trkpt>
   <trkpt lat="43.3206370" lon="3.5512470">
    <ele>3.1</ele>
    <time>2025-05-13T07:24:06Z</time>
   </trkpt>
   <trkpt lat="43.3206420" lon="3.5512650">
    <ele>3.1</ele>
    <time>2025-05-13T07:24:07Z</time>
   </trkpt>
   <trkpt lat="43.3206530" lon="3.5512710">
    <ele>3.1</ele>
    <time>2025-05-13T07:24:08Z</time>
   </trkpt>
   <trkpt lat="43.3206640" lon="3.5512730">
    <ele>3.2</ele>
    <time>2025-05-13T07:24:09Z</time>
   </trkpt>
   <trkpt lat="43.3206710" lon="3.5512850">
    <ele>3.2</ele>
    <time>2025-05-13T07:24:10Z</time>
   </trkpt>
   <trkpt lat="43.3206760" lon="3.5513000">
    <ele>3.2</ele>
    <time>2025-05-13T07:24:11Z</time>
   </trkpt>
   <trkpt lat="43.3206790" lon="3.5513140">
    <ele>3.2</ele>
    <time>2025-05-13T07:24:12Z</time>
   </trkpt>
   <trkpt lat="43.3206780" lon="3.5513250">
    <ele>3.2</ele>
    <time>2025-05-13T07:24:13Z</time>
   </trkpt>
   <trkpt lat="43.3206800" lon="3.5513340">
    <ele>3.2</ele>
    <time>2025-05-13T07:24:14Z</time>
   </trkpt>
   <trkpt lat="43.3206780" lon="3.5513390">
    <ele>3.2</ele>
    <time>2025-05-13T07:24:15Z</time>
   </trkpt>
   <trkpt lat="43.3206750" lon="3.5513390">
    <ele>3.2</ele>
    <time>2025-05-13T07:24:16Z</time>
   </trkpt>
   <trkpt lat="43.3206700" lon="3.5513390">
    <ele>3.2</ele>
    <time>2025-05-13T07:24:17Z</time>
   </trkpt>
   <trkpt lat="43.3206680" lon="3.5513370">
    <ele>3.2</ele>
    <time>2025-05-13T07:24:18Z</time>
   </trkpt>
   <trkpt lat="43.3206680" lon="3.5513310">
    <ele>3.2</ele>
    <time>2025-05-13T07:24:19Z</time>
   </trkpt>
   <trkpt lat="43.3206680" lon="3.5513260">
    <ele>3.2</ele>
    <time>2025-05-13T07:24:20Z</time>
   </trkpt>
   <trkpt lat="43.3206610" lon="3.5513170">
    <ele>3.2</ele>
    <time>2025-05-13T07:24:21Z</time>
   </trkpt>
   <trkpt lat="43.3206590" lon="3.5513140">
    <ele>3.2</ele>
    <time>2025-05-13T07:24:22Z</time>
   </trkpt>
   <trkpt lat="43.3206610" lon="3.5513140">
    <ele>3.2</ele>
    <time>2025-05-13T07:24:23Z</time>
   </trkpt>
   <trkpt lat="43.3206670" lon="3.5513180">
    <ele>3.2</ele>
    <time>2025-05-13T07:24:24Z</time>
   </trkpt>
   <trkpt lat="43.3206760" lon="3.5513330">
    <ele>3.3</ele>
    <time>2025-05-13T07:24:25Z</time>
   </trkpt>
   <trkpt lat="43.3206820" lon="3.5513600">
    <ele>3.3</ele>
    <time>2025-05-13T07:24:26Z</time>
   </trkpt>
   <trkpt lat="43.3206900" lon="3.5514070">
    <ele>3.3</ele>
    <time>2025-05-13T07:24:27Z</time>
   </trkpt>
   <trkpt lat="43.3206940" lon="3.5514250">
    <ele>3.3</ele>
    <time>2025-05-13T07:24:28Z</time>
   </trkpt>
   <trkpt lat="43.3207160" lon="3.5514810">
    <ele>3.4</ele>
    <time>2025-05-13T07:24:29Z</time>
   </trkpt>
   <trkpt lat="43.3207260" lon="3.5515050">
    <ele>3.4</ele>
    <time>2025-05-13T07:24:30Z</time>
   </trkpt>
   <trkpt lat="43.3207440" lon="3.5515530">
    <ele>3.4</ele>
    <time>2025-05-13T07:24:31Z</time>
   </trkpt>
   <trkpt lat="43.3207630" lon="3.5515970">
    <ele>3.4</ele>
    <time>2025-05-13T07:24:32Z</time>
   </trkpt>
   <trkpt lat="43.3207810" lon="3.5516460">
    <ele>3.4</ele>
    <time>2025-05-13T07:24:33Z</time>
   </trkpt>
   <trkpt lat="43.3207920" lon="3.5517020">
    <ele>3.5</ele>
    <time>2025-05-13T07:24:34Z</time>
   </trkpt>
   <trkpt lat="43.3208040" lon="3.5517580">
    <ele>3.5</ele>
    <time>2025-05-13T07:24:35Z</time>
   </trkpt>
   <trkpt lat="43.3208160" lon="3.5518130">
    <ele>3.5</ele>
    <time>2025-05-13T07:24:36Z</time>
   </trkpt>
   <trkpt lat="43.3208270" lon="3.5518670">
    <ele>3.6</ele>
    <time>2025-05-13T07:24:37Z</time>
   </trkpt>
   <trkpt lat="43.3208440" lon="3.5519170">
    <ele>3.6</ele>
    <time>2025-05-13T07:24:38Z</time>
   </trkpt>
   <trkpt lat="43.3208670" lon="3.5519660">
    <ele>3.6</ele>
    <time>2025-05-13T07:24:39Z</time>
   </trkpt>
   <trkpt lat="43.3208870" lon="3.5520160">
    <ele>3.6</ele>
    <time>2025-05-13T07:24:40Z</time>
   </trkpt>
   <trkpt lat="43.3209010" lon="3.5520660">
    <ele>3.6</ele>
    <time>2025-05-13T07:24:41Z</time>
   </trkpt>
   <trkpt lat="43.3209150" lon="3.5521240">
    <ele>3.7</ele>
    <time>2025-05-13T07:24:42Z</time>
   </trkpt>
   <trkpt lat="43.3209290" lon="3.5521870">
    <ele>3.7</ele>
    <time>2025-05-13T07:24:43Z</time>
   </trkpt>
   <trkpt lat="43.3209490" lon="3.5522410">
    <ele>3.7</ele>
    <time>2025-05-13T07:24:44Z</time>
   </trkpt>
   <trkpt lat="43.3209680" lon="3.5522950">
    <ele>3.7</ele>
    <time>2025-05-13T07:24:45Z</time>
   </trkpt>
   <trkpt lat="43.3209950" lon="3.5523600">
    <ele>3.7</ele>
    <time>2025-05-13T07:24:46Z</time>
   </trkpt>
   <trkpt lat="43.3210130" lon="3.5524190">
    <ele>3.7</ele>
    <time>2025-05-13T07:24:47Z</time>
   </trkpt>
   <trkpt lat="43.3210280" lon="3.5524780">
    <ele>3.7</ele>
    <time>2025-05-13T07:24:48Z</time>
   </trkpt>
   <trkpt lat="43.3210420" lon="3.5525330">
    <ele>3.7</ele>
    <time>2025-05-13T07:24:49Z</time>
   </trkpt>
   <trkpt lat="43.3210580" lon="3.5525900">
    <ele>3.7</ele>
    <time>2025-05-13T07:24:50Z</time>
   </trkpt>
   <trkpt lat="43.3210750" lon="3.5526490">
    <ele>3.7</ele>
    <time>2025-05-13T07:24:51Z</time>
   </trkpt>
   <trkpt lat="43.3210920" lon="3.5527070">
    <ele>3.6</ele>
    <time>2025-05-13T07:24:52Z</time>
   </trkpt>
   <trkpt lat="43.3211130" lon="3.5527600">
    <ele>3.5</ele>
    <time>2025-05-13T07:24:53Z</time>
   </trkpt>
   <trkpt lat="43.3211300" lon="3.5528190">
    <ele>3.5</ele>
    <time>2025-05-13T07:24:54Z</time>
   </trkpt>
   <trkpt lat="43.3211530" lon="3.5528790">
    <ele>3.4</ele>
    <time>2025-05-13T07:24:55Z</time>
   </trkpt>
   <trkpt lat="43.3211700" lon="3.5529450">
    <ele>3.3</ele>
    <time>2025-05-13T07:24:56Z</time>
   </trkpt>
   <trkpt lat="43.3211910" lon="3.5530100">
    <ele>3.3</ele>
    <time>2025-05-13T07:24:57Z</time>
   </trkpt>
   <trkpt lat="43.3212110" lon="3.5530820">
    <ele>3.2</ele>
    <time>2025-05-13T07:24:58Z</time>
   </trkpt>
   <trkpt lat="43.3212300" lon="3.5531540">
    <ele>3.2</ele>
    <time>2025-05-13T07:24:59Z</time>
   </trkpt>
   <trkpt lat="43.3212480" lon="3.5532280">
    <ele>3.1</ele>
    <time>2025-05-13T07:25:00Z</time>
   </trkpt>
   <trkpt lat="43.3212740" lon="3.5532990">
    <ele>3.1</ele>
    <time>2025-05-13T07:25:01Z</time>
   </trkpt>
   <trkpt lat="43.3213000" lon="3.5533720">
    <ele>3.0</ele>
    <time>2025-05-13T07:25:02Z</time>
   </trkpt>
   <trkpt lat="43.3213270" lon="3.5534450">
    <ele>3.0</ele>
    <time>2025-05-13T07:25:03Z</time>
   </trkpt>
   <trkpt lat="43.3213560" lon="3.5535190">
    <ele>2.9</ele>
    <time>2025-05-13T07:25:04Z</time>
   </trkpt>
   <trkpt lat="43.3213870" lon="3.5535940">
    <ele>2.9</ele>
    <time>2025-05-13T07:25:05Z</time>
   </trkpt>
   <trkpt lat="43.3214190" lon="3.5536690">
    <ele>2.8</ele>
    <time>2025-05-13T07:25:06Z</time>
   </trkpt>
   <trkpt lat="43.3214550" lon="3.5537490">
    <ele>2.8</ele>
    <time>2025-05-13T07:25:07Z</time>
   </trkpt>
   <trkpt lat="43.3214830" lon="3.5538270">
    <ele>2.7</ele>
    <time>2025-05-13T07:25:08Z</time>
   </trkpt>
   <trkpt lat="43.3215120" lon="3.5539030">
    <ele>2.7</ele>
    <time>2025-05-13T07:25:09Z</time>
   </trkpt>
   <trkpt lat="43.3215420" lon="3.5539800">
    <ele>2.6</ele>
    <time>2025-05-13T07:25:10Z</time>
   </trkpt>
   <trkpt lat="43.3215710" lon="3.5540610">
    <ele>2.6</ele>
    <time>2025-05-13T07:25:11Z</time>
   </trkpt>
   <trkpt lat="43.3216050" lon="3.5541400">
    <ele>2.6</ele>
    <time>2025-05-13T07:25:12Z</time>
   </trkpt>
   <trkpt lat="43.3216400" lon="3.5542170">
    <ele>2.5</ele>
    <time>2025-05-13T07:25:13Z</time>
   </trkpt>
   <trkpt lat="43.3216730" lon="3.5542910">
    <ele>2.5</ele>
    <time>2025-05-13T07:25:14Z</time>
   </trkpt>
   <trkpt lat="43.3217100" lon="3.5543680">
    <ele>2.4</ele>
    <time>2025-05-13T07:25:15Z</time>
   </trkpt>
   <trkpt lat="43.3217480" lon="3.5544430">
    <ele>2.4</ele>
    <time>2025-05-13T07:25:16Z</time>
   </trkpt>
   <trkpt lat="43.3217850" lon="3.5545230">
    <ele>2.4</ele>
    <time>2025-05-13T07:25:17Z</time>
   </trkpt>
   <trkpt lat="43.3218230" lon="3.5546010">
    <ele>2.3</ele>
    <time>2025-05-13T07:25:18Z</time>
   </trkpt>
   <trkpt lat="43.3218620" lon="3.5546840">
    <ele>2.3</ele>
    <time>2025-05-13T07:25:19Z</time>
   </trkpt>
   <trkpt lat="43.3219060" lon="3.5547580">
    <ele>2.3</ele>
    <time>2025-05-13T07:25:20Z</time>
   </trkpt>
   <trkpt lat="43.3219490" lon="3.5548300">
    <ele>2.3</ele>
    <time>2025-05-13T07:25:21Z</time>
   </trkpt>
   <trkpt lat="43.3219910" lon="3.5549010">
    <ele>2.3</ele>
    <time>2025-05-13T07:25:22Z</time>
   </trkpt>
   <trkpt lat="43.3220340" lon="3.5549720">
    <ele>2.2</ele>
    <time>2025-05-13T07:25:23Z</time>
   </trkpt>
   <trkpt lat="43.3220730" lon="3.5550420">
    <ele>2.2</ele>
    <time>2025-05-13T07:25:24Z</time>
   </trkpt>
   <trkpt lat="43.3221100" lon="3.5551120">
    <ele>2.2</ele>
    <time>2025-05-13T07:25:25Z</time>
   </trkpt>
   <trkpt lat="43.3221450" lon="3.5551800">
    <ele>2.2</ele>
    <time>2025-05-13T07:25:26Z</time>
   </trkpt>
   <trkpt lat="43.3221850" lon="3.5552480">
    <ele>2.2</ele>
    <time>2025-05-13T07:25:27Z</time>
   </trkpt>
   <trkpt lat="43.3222170" lon="3.5553130">
    <ele>2.2</ele>
    <time>2025-05-13T07:25:28Z</time>
   </trkpt>
   <trkpt lat="43.3222490" lon="3.5553800">
    <ele>2.2</ele>
    <time>2025-05-13T07:25:29Z</time>
   </trkpt>
   <trkpt lat="43.3222820" lon="3.5554470">
    <ele>2.2</ele>
    <time>2025-05-13T07:25:30Z</time>
   </trkpt>
   <trkpt lat="43.3223110" lon="3.5555100">
    <ele>2.3</ele>
    <time>2025-05-13T07:25:31Z</time>
   </trkpt>
   <trkpt lat="43.3223460" lon="3.5555670">
    <ele>2.3</ele>
    <time>2025-05-13T07:25:32Z</time>
   </trkpt>
   <trkpt lat="43.3223790" lon="3.5556220">
    <ele>2.4</ele>
    <time>2025-05-13T07:25:33Z</time>
   </trkpt>
   <trkpt lat="43.3224050" lon="3.5556830">
    <ele>2.4</ele>
    <time>2025-05-13T07:25:34Z</time>
   </trkpt>
   <trkpt lat="43.3224270" lon="3.5557420">
    <ele>2.4</ele>
    <time>2025-05-13T07:25:35Z</time>
   </trkpt>
   <trkpt lat="43.3224480" lon="3.5557960">
    <ele>2.5</ele>
    <time>2025-05-13T07:25:36Z</time>
   </trkpt>
   <trkpt lat="43.3224740" lon="3.5558470">
    <ele>2.5</ele>
    <time>2025-05-13T07:25:37Z</time>
   </trkpt>
   <trkpt lat="43.3225060" lon="3.5558940">
    <ele>2.4</ele>
    <time>2025-05-13T07:25:38Z</time>
   </trkpt>
   <trkpt lat="43.3225370" lon="3.5559330">
    <ele>2.4</ele>
    <time>2025-05-13T07:25:39Z</time>
   </trkpt>
   <trkpt lat="43.3225700" lon="3.5559590">
    <ele>2.4</ele>
    <time>2025-05-13T07:25:40Z</time>
   </trkpt>
   <trkpt lat="43.3226000" lon="3.5559890">
    <ele>2.4</ele>
    <time>2025-05-13T07:25:41Z</time>
   </trkpt>
   <trkpt lat="43.3226210" lon="3.5560370">
    <ele>2.4</ele>
    <time>2025-05-13T07:25:42Z</time>
   </trkpt>
   <trkpt lat="43.3226350" lon="3.5560930">
    <ele>2.4</ele>
    <time>2025-05-13T07:25:43Z</time>
   </trkpt>
   <trkpt lat="43.3226570" lon="3.5561460">
    <ele>2.3</ele>
    <time>2025-05-13T07:25:44Z</time>
   </trkpt>
   <trkpt lat="43.3226830" lon="3.5561980">
    <ele>2.3</ele>
    <time>2025-05-13T07:25:45Z</time>
   </trkpt>
   <trkpt lat="43.3227060" lon="3.5562570">
    <ele>2.3</ele>
    <time>2025-05-13T07:25:46Z</time>
   </trkpt>
   <trkpt lat="43.3227280" lon="3.5563110">
    <ele>2.4</ele>
    <time>2025-05-13T07:25:47Z</time>
   </trkpt>
   <trkpt lat="43.3227530" lon="3.5563640">
    <ele>2.4</ele>
    <time>2025-05-13T07:25:48Z</time>
   </trkpt>
   <trkpt lat="43.3227800" lon="3.5564150">
    <ele>2.4</ele>
    <time>2025-05-13T07:25:49Z</time>
   </trkpt>
   <trkpt lat="43.3228000" lon="3.5564570">
    <ele>2.4</ele>
    <time>2025-05-13T07:25:50Z</time>
   </trkpt>
   <trkpt lat="43.3228250" lon="3.5564720">
    <ele>2.3</ele>
    <time>2025-05-13T07:25:51Z</time>
   </trkpt>
   <trkpt lat="43.3228630" lon="3.5565010">
    <ele>2.3</ele>
    <time>2025-05-13T07:25:52Z</time>
   </trkpt>
   <trkpt lat="43.3228760" lon="3.5565150">
    <ele>2.3</ele>
    <time>2025-05-13T07:25:53Z</time>
   </trkpt>
   <trkpt lat="43.3228970" lon="3.5565530">
    <ele>2.3</ele>
    <time>2025-05-13T07:25:54Z</time>
   </trkpt>
   <trkpt lat="43.3229130" lon="3.5565930">
    <ele>2.3</ele>
    <time>2025-05-13T07:25:55Z</time>
   </trkpt>
   <trkpt lat="43.3229300" lon="3.5566380">
    <ele>2.3</ele>
    <time>2025-05-13T07:25:56Z</time>
   </trkpt>
   <trkpt lat="43.3229540" lon="3.5566840">
    <ele>2.3</ele>
    <time>2025-05-13T07:25:57Z</time>
   </trkpt>
   <trkpt lat="43.3229750" lon="3.5567300">
    <ele>2.3</ele>
    <time>2025-05-13T07:25:58Z</time>
   </trkpt>
   <trkpt lat="43.3230030" lon="3.5567780">
    <ele>2.3</ele>
    <time>2025-05-13T07:25:59Z</time>
   </trkpt>
   <trkpt lat="43.3230330" lon="3.5568280">
    <ele>2.3</ele>
    <time>2025-05-13T07:26:00Z</time>
   </trkpt>
   <trkpt lat="43.3230620" lon="3.5568810">
    <ele>2.3</ele>
    <time>2025-05-13T07:26:01Z</time>
   </trkpt>
   <trkpt lat="43.3230930" lon="3.5569360">
    <ele>2.3</ele>
    <time>2025-05-13T07:26:02Z</time>
   </trkpt>
   <trkpt lat="43.3231200" lon="3.5569910">
    <ele>2.3</ele>
    <time>2025-05-13T07:26:03Z</time>
   </trkpt>
   <trkpt lat="43.3231510" lon="3.5570410">
    <ele>2.4</ele>
    <time>2025-05-13T07:26:04Z</time>
   </trkpt>
   <trkpt lat="43.3231850" lon="3.5570920">
    <ele>2.4</ele>
    <time>2025-05-13T07:26:05Z</time>
   </trkpt>
   <trkpt lat="43.3232160" lon="3.5571450">
    <ele>2.4</ele>
    <time>2025-05-13T07:26:06Z</time>
   </trkpt>
   <trkpt lat="43.3232450" lon="3.5571970">
    <ele>2.3</ele>
    <time>2025-05-13T07:26:07Z</time>
   </trkpt>
   <trkpt lat="43.3232760" lon="3.5572530">
    <ele>2.3</ele>
    <time>2025-05-13T07:26:08Z</time>
   </trkpt>
   <trkpt lat="43.3233080" lon="3.5573080">
    <ele>2.3</ele>
    <time>2025-05-13T07:26:09Z</time>
   </trkpt>
   <trkpt lat="43.3233400" lon="3.5573680">
    <ele>2.3</ele>
    <time>2025-05-13T07:26:10Z</time>
   </trkpt>
   <trkpt lat="43.3233700" lon="3.5574290">
    <ele>2.3</ele>
    <time>2025-05-13T07:26:11Z</time>
   </trkpt>
   <trkpt lat="43.3234030" lon="3.5574900">
    <ele>2.3</ele>
    <time>2025-05-13T07:26:12Z</time>
   </trkpt>
   <trkpt lat="43.3234390" lon="3.5575430">
    <ele>2.3</ele>
    <time>2025-05-13T07:26:13Z</time>
   </trkpt>
   <trkpt lat="43.3234740" lon="3.5575940">
    <ele>2.2</ele>
    <time>2025-05-13T07:26:14Z</time>
   </trkpt>
   <trkpt lat="43.3235120" lon="3.5576460">
    <ele>2.2</ele>
    <time>2025-05-13T07:26:15Z</time>
   </trkpt>
   <trkpt lat="43.3235480" lon="3.5577000">
    <ele>2.2</ele>
    <time>2025-05-13T07:26:16Z</time>
   </trkpt>
   <trkpt lat="43.3235880" lon="3.5577520">
    <ele>2.2</ele>
    <time>2025-05-13T07:26:17Z</time>
   </trkpt>
   <trkpt lat="43.3236230" lon="3.5578050">
    <ele>2.2</ele>
    <time>2025-05-13T07:26:18Z</time>
   </trkpt>
   <trkpt lat="43.3236520" lon="3.5578620">
    <ele>2.2</ele>
    <time>2025-05-13T07:26:19Z</time>
   </trkpt>
   <trkpt lat="43.3236790" lon="3.5579210">
    <ele>2.2</ele>
    <time>2025-05-13T07:26:20Z</time>
   </trkpt>
   <trkpt lat="43.3237030" lon="3.5579820">
    <ele>2.2</ele>
    <time>2025-05-13T07:26:21Z</time>
   </trkpt>
   <trkpt lat="43.3237310" lon="3.5580470">
    <ele>2.2</ele>
    <time>2025-05-13T07:26:22Z</time>
   </trkpt>
   <trkpt lat="43.3237600" lon="3.5581070">
    <ele>2.2</ele>
    <time>2025-05-13T07:26:23Z</time>
   </trkpt>
   <trkpt lat="43.3237860" lon="3.5581650">
    <ele>2.3</ele>
    <time>2025-05-13T07:26:24Z</time>
   </trkpt>
   <trkpt lat="43.3238140" lon="3.5582200">
    <ele>2.3</ele>
    <time>2025-05-13T07:26:25Z</time>
   </trkpt>
   <trkpt lat="43.3238450" lon="3.5582750">
    <ele>2.3</ele>
    <time>2025-05-13T07:26:26Z</time>
   </trkpt>
   <trkpt lat="43.3238760" lon="3.5583360">
    <ele>2.3</ele>
    <time>2025-05-13T07:26:27Z</time>
   </trkpt>
   <trkpt lat="43.3239090" lon="3.5583900">
    <ele>2.3</ele>
    <time>2025-05-13T07:26:28Z</time>
   </trkpt>
   <trkpt lat="43.3239410" lon="3.5584460">
    <ele>2.3</ele>
    <time>2025-05-13T07:26:29Z</time>
   </trkpt>
   <trkpt lat="43.3239750" lon="3.5585060">
    <ele>2.3</ele>
    <time>2025-05-13T07:26:30Z</time>
   </trkpt>
   <trkpt lat="43.3240110" lon="3.5585660">
    <ele>2.4</ele>
    <time>2025-05-13T07:26:31Z</time>
   </trkpt>
   <trkpt lat="43.3240500" lon="3.5586200">
    <ele>2.4</ele>
    <time>2025-05-13T07:26:32Z</time>
   </trkpt>
   <trkpt lat="43.3240870" lon="3.5586700">
    <ele>2.4</ele>
    <time>2025-05-13T07:26:33Z</time>
   </trkpt>
   <trkpt lat="43.3241150" lon="3.5587210">
    <ele>2.5</ele>
    <time>2025-05-13T07:26:34Z</time>
   </trkpt>
   <trkpt lat="43.3241340" lon="3.5587650">
    <ele>2.5</ele>
    <time>2025-05-13T07:26:35Z</time>
   </trkpt>
   <trkpt lat="43.3241470" lon="3.5588040">
    <ele>2.6</ele>
    <time>2025-05-13T07:26:36Z</time>
   </trkpt>
   <trkpt lat="43.3241660" lon="3.5588390">
    <ele>2.6</ele>
    <time>2025-05-13T07:26:37Z</time>
   </trkpt>
   <trkpt lat="43.3241870" lon="3.5588680">
    <ele>2.6</ele>
    <time>2025-05-13T07:26:38Z</time>
   </trkpt>
   <trkpt lat="43.3242050" lon="3.5588980">
    <ele>2.7</ele>
    <time>2025-05-13T07:26:39Z</time>
   </trkpt>
   <trkpt lat="43.3242070" lon="3.5589420">
    <ele>2.7</ele>
    <time>2025-05-13T07:26:40Z</time>
   </trkpt>
   <trkpt lat="43.3242050" lon="3.5589530">
    <ele>2.7</ele>
    <time>2025-05-13T07:26:41Z</time>
   </trkpt>
   <trkpt lat="43.3242180" lon="3.5589950">
    <ele>2.7</ele>
    <time>2025-05-13T07:26:42Z</time>
   </trkpt>
   <trkpt lat="43.3242260" lon="3.5590100">
    <ele>2.7</ele>
    <time>2025-05-13T07:26:43Z</time>
   </trkpt>
   <trkpt lat="43.3242430" lon="3.5590420">
    <ele>2.7</ele>
    <time>2025-05-13T07:26:44Z</time>
   </trkpt>
   <trkpt lat="43.3242600" lon="3.5590810">
    <ele>2.7</ele>
    <time>2025-05-13T07:26:45Z</time>
   </trkpt>
   <trkpt lat="43.3242800" lon="3.5591260">
    <ele>2.7</ele>
    <time>2025-05-13T07:26:46Z</time>
   </trkpt>
   <trkpt lat="43.3243070" lon="3.5591680">
    <ele>2.7</ele>
    <time>2025-05-13T07:26:47Z</time>
   </trkpt>
   <trkpt lat="43.3243390" lon="3.5592120">
    <ele>2.7</ele>
    <time>2025-05-13T07:26:48Z</time>
   </trkpt>
   <trkpt lat="43.3243700" lon="3.5592600">
    <ele>2.7</ele>
    <time>2025-05-13T07:26:49Z</time>
   </trkpt>
   <trkpt lat="43.3243980" lon="3.5593150">
    <ele>2.7</ele>
    <time>2025-05-13T07:26:50Z</time>
   </trkpt>
   <trkpt lat="43.3244280" lon="3.5593710">
    <ele>2.7</ele>
    <time>2025-05-13T07:26:51Z</time>
   </trkpt>
   <trkpt lat="43.3244610" lon="3.5594290">
    <ele>2.7</ele>
    <time>2025-05-13T07:26:52Z</time>
   </trkpt>
   <trkpt lat="43.3244930" lon="3.5594840">
    <ele>2.7</ele>
    <time>2025-05-13T07:26:53Z</time>
   </trkpt>
   <trkpt lat="43.3245230" lon="3.5595400">
    <ele>2.7</ele>
    <time>2025-05-13T07:26:54Z</time>
   </trkpt>
   <trkpt lat="43.3245580" lon="3.5595950">
    <ele>2.7</ele>
    <time>2025-05-13T07:26:55Z</time>
   </trkpt>
   <trkpt lat="43.3245850" lon="3.5596530">
    <ele>2.7</ele>
    <time>2025-05-13T07:26:56Z</time>
   </trkpt>
   <trkpt lat="43.3246140" lon="3.5597130">
    <ele>2.7</ele>
    <time>2025-05-13T07:26:57Z</time>
   </trkpt>
   <trkpt lat="43.3246390" lon="3.5597720">
    <ele>2.7</ele>
    <time>2025-05-13T07:26:58Z</time>
   </trkpt>
   <trkpt lat="43.3246700" lon="3.5598280">
    <ele>2.7</ele>
    <time>2025-05-13T07:26:59Z</time>
   </trkpt>
   <trkpt lat="43.3246940" lon="3.5598890">
    <ele>2.7</ele>
    <time>2025-05-13T07:27:00Z</time>
   </trkpt>
   <trkpt lat="43.3247170" lon="3.5599510">
    <ele>2.7</ele>
    <time>2025-05-13T07:27:01Z</time>
   </trkpt>
   <trkpt lat="43.3247350" lon="3.5600090">
    <ele>2.8</ele>
    <time>2025-05-13T07:27:02Z</time>
   </trkpt>
   <trkpt lat="43.3247440" lon="3.5600670">
    <ele>2.8</ele>
    <time>2025-05-13T07:27:03Z</time>
   </trkpt>
   <trkpt lat="43.3247540" lon="3.5601110">
    <ele>2.8</ele>
    <time>2025-05-13T07:27:04Z</time>
   </trkpt>
   <trkpt lat="43.3247670" lon="3.5601470">
    <ele>2.8</ele>
    <time>2025-05-13T07:27:05Z</time>
   </trkpt>
   <trkpt lat="43.3247850" lon="3.5601800">
    <ele>2.8</ele>
    <time>2025-05-13T07:27:06Z</time>
   </trkpt>
   <trkpt lat="43.3248080" lon="3.5602150">
    <ele>2.8</ele>
    <time>2025-05-13T07:27:07Z</time>
   </trkpt>
   <trkpt lat="43.3248360" lon="3.5602480">
    <ele>2.8</ele>
    <time>2025-05-13T07:27:08Z</time>
   </trkpt>
   <trkpt lat="43.3248660" lon="3.5602710">
    <ele>2.8</ele>
    <time>2025-05-13T07:27:09Z</time>
   </trkpt>
   <trkpt lat="43.3248990" lon="3.5602840">
    <ele>2.8</ele>
    <time>2025-05-13T07:27:10Z</time>
   </trkpt>
   <trkpt lat="43.3249320" lon="3.5603050">
    <ele>2.8</ele>
    <time>2025-05-13T07:27:11Z</time>
   </trkpt>
   <trkpt lat="43.3249610" lon="3.5603390">
    <ele>2.8</ele>
    <time>2025-05-13T07:27:12Z</time>
   </trkpt>
   <trkpt lat="43.3249900" lon="3.5603840">
    <ele>2.8</ele>
    <time>2025-05-13T07:27:13Z</time>
   </trkpt>
   <trkpt lat="43.3250150" lon="3.5604260">
    <ele>2.8</ele>
    <time>2025-05-13T07:27:14Z</time>
   </trkpt>
   <trkpt lat="43.3250440" lon="3.5604730">
    <ele>2.8</ele>
    <time>2025-05-13T07:27:15Z</time>
   </trkpt>
   <trkpt lat="43.3250770" lon="3.5605240">
    <ele>2.8</ele>
    <time>2025-05-13T07:27:16Z</time>
   </trkpt>
   <trkpt lat="43.3251110" lon="3.5605780">
    <ele>2.8</ele>
    <time>2025-05-13T07:27:17Z</time>
   </trkpt>
   <trkpt lat="43.3251460" lon="3.5606280">
    <ele>2.8</ele>
    <time>2025-05-13T07:27:18Z</time>
   </trkpt>
   <trkpt lat="43.3251840" lon="3.5606820">
    <ele>2.9</ele>
    <time>2025-05-13T07:27:19Z</time>
   </trkpt>
   <trkpt lat="43.3252160" lon="3.5607380">
    <ele>2.9</ele>
    <time>2025-05-13T07:27:20Z</time>
   </trkpt>
   <trkpt lat="43.3252480" lon="3.5607930">
    <ele>2.9</ele>
    <time>2025-05-13T07:27:21Z</time>
   </trkpt>
   <trkpt lat="43.3252770" lon="3.5608470">
    <ele>2.9</ele>
    <time>2025-05-13T07:27:22Z</time>
   </trkpt>
   <trkpt lat="43.3253100" lon="3.5609040">
    <ele>2.9</ele>
    <time>2025-05-13T07:27:23Z</time>
   </trkpt>
   <trkpt lat="43.3253440" lon="3.5609610">
    <ele>2.9</ele>
    <time>2025-05-13T07:27:24Z</time>
   </trkpt>
   <trkpt lat="43.3253830" lon="3.5610230">
    <ele>2.9</ele>
    <time>2025-05-13T07:27:25Z</time>
   </trkpt>
   <trkpt lat="43.3254200" lon="3.5610840">
    <ele>3.0</ele>
    <time>2025-05-13T07:27:26Z</time>
   </trkpt>
   <trkpt lat="43.3254600" lon="3.5611430">
    <ele>3.0</ele>
    <time>2025-05-13T07:27:27Z</time>
   </trkpt>
   <trkpt lat="43.3254940" lon="3.5612050">
    <ele>3.0</ele>
    <time>2025-05-13T07:27:28Z</time>
   </trkpt>
   <trkpt lat="43.3255300" lon="3.5612650">
    <ele>2.9</ele>
    <time>2025-05-13T07:27:29Z</time>
   </trkpt>
   <trkpt lat="43.3255670" lon="3.5613270">
    <ele>2.9</ele>
    <time>2025-05-13T07:27:30Z</time>
   </trkpt>
   <trkpt lat="43.3256020" lon="3.5613950">
    <ele>2.9</ele>
    <time>2025-05-13T07:27:31Z</time>
   </trkpt>
   <trkpt lat="43.3256400" lon="3.5614630">
    <ele>2.9</ele>
    <time>2025-05-13T07:27:32Z</time>
   </trkpt>
   <trkpt lat="43.3256770" lon="3.5615320">
    <ele>2.9</ele>
    <time>2025-05-13T07:27:33Z</time>
   </trkpt>
   <trkpt lat="43.3257130" lon="3.5616000">
    <ele>2.9</ele>
    <time>2025-05-13T07:27:34Z</time>
   </trkpt>
   <trkpt lat="43.3257480" lon="3.5616710">
    <ele>2.9</ele>
    <time>2025-05-13T07:27:35Z</time>
   </trkpt>
   <trkpt lat="43.3257830" lon="3.5617430">
    <ele>2.9</ele>
    <time>2025-05-13T07:27:36Z</time>
   </trkpt>
   <trkpt lat="43.3258130" lon="3.5618130">
    <ele>2.9</ele>
    <time>2025-05-13T07:27:37Z</time>
   </trkpt>
   <trkpt lat="43.3258410" lon="3.5618800">
    <ele>2.9</ele>
    <time>2025-05-13T07:27:38Z</time>
   </trkpt>
   <trkpt lat="43.3258680" lon="3.5619450">
    <ele>2.9</ele>
    <time>2025-05-13T07:27:39Z</time>
   </trkpt>
   <trkpt lat="43.3258970" lon="3.5620070">
    <ele>2.9</ele>
    <time>2025-05-13T07:27:40Z</time>
   </trkpt>
   <trkpt lat="43.3259240" lon="3.5620680">
    <ele>2.9</ele>
    <time>2025-05-13T07:27:41Z</time>
   </trkpt>
   <trkpt lat="43.3259500" lon="3.5621220">
    <ele>3.0</ele>
    <time>2025-05-13T07:27:42Z</time>
   </trkpt>
   <trkpt lat="43.3259740" lon="3.5621700">
    <ele>3.0</ele>
    <time>2025-05-13T07:27:43Z</time>
   </trkpt>
   <trkpt lat="43.3259970" lon="3.5622180">
    <ele>3.0</ele>
    <time>2025-05-13T07:27:44Z</time>
   </trkpt>
   <trkpt lat="43.3260180" lon="3.5622670">
    <ele>3.0</ele>
    <time>2025-05-13T07:27:45Z</time>
   </trkpt>
   <trkpt lat="43.3260340" lon="3.5623230">
    <ele>3.0</ele>
    <time>2025-05-13T07:27:46Z</time>
   </trkpt>
   <trkpt lat="43.3260380" lon="3.5623780">
    <ele>3.0</ele>
    <time>2025-05-13T07:27:47Z</time>
   </trkpt>
   <trkpt lat="43.3260360" lon="3.5624320">
    <ele>3.0</ele>
    <time>2025-05-13T07:27:48Z</time>
   </trkpt>
   <trkpt lat="43.3260360" lon="3.5624780">
    <ele>3.0</ele>
    <time>2025-05-13T07:27:49Z</time>
   </trkpt>
   <trkpt lat="43.3260450" lon="3.5625160">
    <ele>3.0</ele>
    <time>2025-05-13T07:27:50Z</time>
   </trkpt>
   <trkpt lat="43.3260720" lon="3.5625540">
    <ele>3.1</ele>
    <time>2025-05-13T07:27:51Z</time>
   </trkpt>
   <trkpt lat="43.3260810" lon="3.5625640">
    <ele>3.1</ele>
    <time>2025-05-13T07:27:52Z</time>
   </trkpt>
   <trkpt lat="43.3261100" lon="3.5625820">
    <ele>3.1</ele>
    <time>2025-05-13T07:27:53Z</time>
   </trkpt>
   <trkpt lat="43.3261190" lon="3.5625880">
    <ele>3.1</ele>
    <time>2025-05-13T07:27:54Z</time>
   </trkpt>
   <trkpt lat="43.3261430" lon="3.5626230">
    <ele>3.1</ele>
    <time>2025-05-13T07:27:55Z</time>
   </trkpt>
   <trkpt lat="43.3261490" lon="3.5626380">
    <ele>3.1</ele>
    <time>2025-05-13T07:27:56Z</time>
   </trkpt>
   <trkpt lat="43.3261590" lon="3.5626730">
    <ele>3.1</ele>
    <time>2025-05-13T07:27:57Z</time>
   </trkpt>
   <trkpt lat="43.3261730" lon="3.5627140">
    <ele>3.1</ele>
    <time>2025-05-13T07:27:58Z</time>
   </trkpt>
   <trkpt lat="43.3261830" lon="3.5627590">
    <ele>3.1</ele>
    <time>2025-05-13T07:27:59Z</time>
   </trkpt>
   <trkpt lat="43.3262010" lon="3.5628030">
    <ele>3.1</ele>
    <time>2025-05-13T07:28:00Z</time>
   </trkpt>
   <trkpt lat="43.3262230" lon="3.5628460">
    <ele>3.1</ele>
    <time>2025-05-13T07:28:01Z</time>
   </trkpt>
   <trkpt lat="43.3262430" lon="3.5628930">
    <ele>3.2</ele>
    <time>2025-05-13T07:28:02Z</time>
   </trkpt>
   <trkpt lat="43.3262630" lon="3.5629420">
    <ele>3.2</ele>
    <time>2025-05-13T07:28:03Z</time>
   </trkpt>
   <trkpt lat="43.3262830" lon="3.5629950">
    <ele>3.2</ele>
    <time>2025-05-13T07:28:04Z</time>
   </trkpt>
   <trkpt lat="43.3263030" lon="3.5630470">
    <ele>3.2</ele>
    <time>2025-05-13T07:28:05Z</time>
   </trkpt>
   <trkpt lat="43.3263220" lon="3.5631050">
    <ele>3.2</ele>
    <time>2025-05-13T07:28:06Z</time>
   </trkpt>
   <trkpt lat="43.3263430" lon="3.5631690">
    <ele>3.2</ele>
    <time>2025-05-13T07:28:07Z</time>
   </trkpt>
   <trkpt lat="43.3263660" lon="3.5632280">
    <ele>3.3</ele>
    <time>2025-05-13T07:28:08Z</time>
   </trkpt>
   <trkpt lat="43.3263900" lon="3.5632900">
    <ele>3.3</ele>
    <time>2025-05-13T07:28:09Z</time>
   </trkpt>
   <trkpt lat="43.3264150" lon="3.5633530">
    <ele>3.3</ele>
    <time>2025-05-13T07:28:10Z</time>
   </trkpt>
   <trkpt lat="43.3264420" lon="3.5634120">
    <ele>3.4</ele>
    <time>2025-05-13T07:28:11Z</time>
   </trkpt>
   <trkpt lat="43.3264690" lon="3.5634730">
    <ele>3.4</ele>
    <time>2025-05-13T07:28:12Z</time>
   </trkpt>
   <trkpt lat="43.3264960" lon="3.5635350">
    <ele>3.5</ele>
    <time>2025-05-13T07:28:13Z</time>
   </trkpt>
   <trkpt lat="43.3265200" lon="3.5635960">
    <ele>3.5</ele>
    <time>2025-05-13T07:28:14Z</time>
   </trkpt>
   <trkpt lat="43.3265450" lon="3.5636550">
    <ele>3.6</ele>
    <time>2025-05-13T07:28:15Z</time>
   </trkpt>
   <trkpt lat="43.3265700" lon="3.5637170">
    <ele>3.7</ele>
    <time>2025-05-13T07:28:16Z</time>
   </trkpt>
   <trkpt lat="43.3265930" lon="3.5637770">
    <ele>3.7</ele>
    <time>2025-05-13T07:28:17Z</time>
   </trkpt>
   <trkpt lat="43.3266160" lon="3.5638370">
    <ele>3.7</ele>
    <time>2025-05-13T07:28:18Z</time>
   </trkpt>
   <trkpt lat="43.3266370" lon="3.5638970">
    <ele>3.8</ele>
    <time>2025-05-13T07:28:19Z</time>
   </trkpt>
   <trkpt lat="43.3266610" lon="3.5639540">
    <ele>3.8</ele>
    <time>2025-05-13T07:28:20Z</time>
   </trkpt>
   <trkpt lat="43.3266880" lon="3.5640120">
    <ele>3.8</ele>
    <time>2025-05-13T07:28:21Z</time>
   </trkpt>
   <trkpt lat="43.3267120" lon="3.5640720">
    <ele>3.9</ele>
    <time>2025-05-13T07:28:22Z</time>
   </trkpt>
   <trkpt lat="43.3267370" lon="3.5641330">
    <ele>3.9</ele>
    <time>2025-05-13T07:28:23Z</time>
   </trkpt>
   <trkpt lat="43.3267570" lon="3.5641950">
    <ele>3.9</ele>
    <time>2025-05-13T07:28:24Z</time>
   </trkpt>
   <trkpt lat="43.3267800" lon="3.5642550">
    <ele>4.0</ele>
    <time>2025-05-13T07:28:25Z</time>
   </trkpt>
   <trkpt lat="43.3267990" lon="3.5643210">
    <ele>4.0</ele>
    <time>2025-05-13T07:28:26Z</time>
   </trkpt>
   <trkpt lat="43.3268210" lon="3.5643820">
    <ele>4.1</ele>
    <time>2025-05-13T07:28:27Z</time>
   </trkpt>
   <trkpt lat="43.3268410" lon="3.5644400">
    <ele>4.1</ele>
    <time>2025-05-13T07:28:28Z</time>
   </trkpt>
   <trkpt lat="43.3268640" lon="3.5645030">
    <ele>4.1</ele>
    <time>2025-05-13T07:28:29Z</time>
   </trkpt>
   <trkpt lat="43.3268850" lon="3.5645630">
    <ele>4.2</ele>
    <time>2025-05-13T07:28:30Z</time>
   </trkpt>
   <trkpt lat="43.3269070" lon="3.5646270">
    <ele>4.2</ele>
    <time>2025-05-13T07:28:31Z</time>
   </trkpt>
   <trkpt lat="43.3269290" lon="3.5646890">
    <ele>4.2</ele>
    <time>2025-05-13T07:28:32Z</time>
   </trkpt>
   <trkpt lat="43.3269520" lon="3.5647500">
    <ele>4.2</ele>
    <time>2025-05-13T07:28:33Z</time>
   </trkpt>
   <trkpt lat="43.3269750" lon="3.5648070">
    <ele>4.2</ele>
    <time>2025-05-13T07:28:34Z</time>
   </trkpt>
   <trkpt lat="43.3270000" lon="3.5648640">
    <ele>4.3</ele>
    <time>2025-05-13T07:28:35Z</time>
   </trkpt>
   <trkpt lat="43.3270250" lon="3.5649260">
    <ele>4.3</ele>
    <time>2025-05-13T07:28:36Z</time>
   </trkpt>
   <trkpt lat="43.3270490" lon="3.5649850">
    <ele>4.3</ele>
    <time>2025-05-13T07:28:37Z</time>
   </trkpt>
   <trkpt lat="43.3270730" lon="3.5650460">
    <ele>4.3</ele>
    <time>2025-05-13T07:28:38Z</time>
   </trkpt>
   <trkpt lat="43.3271010" lon="3.5651080">
    <ele>4.3</ele>
    <time>2025-05-13T07:28:39Z</time>
   </trkpt>
   <trkpt lat="43.3271290" lon="3.5651690">
    <ele>4.4</ele>
    <time>2025-05-13T07:28:40Z</time>
   </trkpt>
   <trkpt lat="43.3271580" lon="3.5652290">
    <ele>4.4</ele>
    <time>2025-05-13T07:28:41Z</time>
   </trkpt>
   <trkpt lat="43.3271850" lon="3.5652890">
    <ele>4.4</ele>
    <time>2025-05-13T07:28:42Z</time>
   </trkpt>
   <trkpt lat="43.3272130" lon="3.5653480">
    <ele>4.4</ele>
    <time>2025-05-13T07:28:43Z</time>
   </trkpt>
   <trkpt lat="43.3272400" lon="3.5654080">
    <ele>4.4</ele>
    <time>2025-05-13T07:28:44Z</time>
   </trkpt>
   <trkpt lat="43.3272650" lon="3.5654700">
    <ele>4.4</ele>
    <time>2025-05-13T07:28:45Z</time>
   </trkpt>
   <trkpt lat="43.3272870" lon="3.5655320">
    <ele>4.5</ele>
    <time>2025-05-13T07:28:46Z</time>
   </trkpt>
   <trkpt lat="43.3273130" lon="3.5655920">
    <ele>4.5</ele>
    <time>2025-05-13T07:28:47Z</time>
   </trkpt>
   <trkpt lat="43.3273390" lon="3.5656560">
    <ele>4.5</ele>
    <time>2025-05-13T07:28:48Z</time>
   </trkpt>
   <trkpt lat="43.3273640" lon="3.5657200">
    <ele>4.4</ele>
    <time>2025-05-13T07:28:49Z</time>
   </trkpt>
   <trkpt lat="43.3273900" lon="3.5657830">
    <ele>4.5</ele>
    <time>2025-05-13T07:28:50Z</time>
   </trkpt>
   <trkpt lat="43.3274170" lon="3.5658450">
    <ele>4.5</ele>
    <time>2025-05-13T07:28:51Z</time>
   </trkpt>
   <trkpt lat="43.3274430" lon="3.5659050">
    <ele>4.5</ele>
    <time>2025-05-13T07:28:52Z</time>
   </trkpt>
   <trkpt lat="43.3274720" lon="3.5659670">
    <ele>4.5</ele>
    <time>2025-05-13T07:28:53Z</time>
   </trkpt>
   <trkpt lat="43.3275010" lon="3.5660240">
    <ele>4.5</ele>
    <time>2025-05-13T07:28:54Z</time>
   </trkpt>
   <trkpt lat="43.3275340" lon="3.5660850">
    <ele>4.5</ele>
    <time>2025-05-13T07:28:55Z</time>
   </trkpt>
   <trkpt lat="43.3275650" lon="3.5661480">
    <ele>4.5</ele>
    <time>2025-05-13T07:28:56Z</time>
   </trkpt>
   <trkpt lat="43.3275960" lon="3.5662100">
    <ele>4.6</ele>
    <time>2025-05-13T07:28:57Z</time>
   </trkpt>
   <trkpt lat="43.3276270" lon="3.5662730">
    <ele>4.6</ele>
    <time>2025-05-13T07:28:58Z</time>
   </trkpt>
   <trkpt lat="43.3276580" lon="3.5663380">
    <ele>4.6</ele>
    <time>2025-05-13T07:28:59Z</time>
   </trkpt>
   <trkpt lat="43.3276880" lon="3.5664030">
    <ele>4.6</ele>
    <time>2025-05-13T07:29:00Z</time>
   </trkpt>
   <trkpt lat="43.3277220" lon="3.5664670">
    <ele>4.6</ele>
    <time>2025-05-13T07:29:01Z</time>
   </trkpt>
   <trkpt lat="43.3277520" lon="3.5665320">
    <ele>4.5</ele>
    <time>2025-05-13T07:29:02Z</time>
   </trkpt>
   <trkpt lat="43.3277850" lon="3.5666000">
    <ele>4.4</ele>
    <time>2025-05-13T07:29:03Z</time>
   </trkpt>
   <trkpt lat="43.3278200" lon="3.5666710">
    <ele>4.4</ele>
    <time>2025-05-13T07:29:04Z</time>
   </trkpt>
   <trkpt lat="43.3278610" lon="3.5667410">
    <ele>4.4</ele>
    <time>2025-05-13T07:29:05Z</time>
   </trkpt>
   <trkpt lat="43.3279010" lon="3.5668120">
    <ele>4.3</ele>
    <time>2025-05-13T07:29:06Z</time>
   </trkpt>
   <trkpt lat="43.3279380" lon="3.5668800">
    <ele>4.3</ele>
    <time>2025-05-13T07:29:07Z</time>
   </trkpt>
   <trkpt lat="43.3279780" lon="3.5669510">
    <ele>4.3</ele>
    <time>2025-05-13T07:29:08Z</time>
   </trkpt>
   <trkpt lat="43.3280160" lon="3.5670190">
    <ele>4.3</ele>
    <time>2025-05-13T07:29:09Z</time>
   </trkpt>
   <trkpt lat="43.3280540" lon="3.5670890">
    <ele>4.2</ele>
    <time>2025-05-13T07:29:10Z</time>
   </trkpt>
   <trkpt lat="43.3280970" lon="3.5671600">
    <ele>4.2</ele>
    <time>2025-05-13T07:29:11Z</time>
   </trkpt>
   <trkpt lat="43.3281390" lon="3.5672320">
    <ele>4.2</ele>
    <time>2025-05-13T07:29:12Z</time>
   </trkpt>
   <trkpt lat="43.3281770" lon="3.5673010">
    <ele>4.1</ele>
    <time>2025-05-13T07:29:13Z</time>
   </trkpt>
   <trkpt lat="43.3282170" lon="3.5673700">
    <ele>4.1</ele>
    <time>2025-05-13T07:29:14Z</time>
   </trkpt>
   <trkpt lat="43.3282590" lon="3.5674410">
    <ele>4.1</ele>
    <time>2025-05-13T07:29:15Z</time>
   </trkpt>
   <trkpt lat="43.3282990" lon="3.5675150">
    <ele>4.1</ele>
    <time>2025-05-13T07:29:16Z</time>
   </trkpt>
   <trkpt lat="43.3283420" lon="3.5675850">
    <ele>4.1</ele>
    <time>2025-05-13T07:29:17Z</time>
   </trkpt>
   <trkpt lat="43.3283870" lon="3.5676550">
    <ele>4.1</ele>
    <time>2025-05-13T07:29:18Z</time>
   </trkpt>
   <trkpt lat="43.3284320" lon="3.5677190">
    <ele>4.1</ele>
    <time>2025-05-13T07:29:19Z</time>
   </trkpt>
   <trkpt lat="43.3284750" lon="3.5677870">
    <ele>4.1</ele>
    <time>2025-05-13T07:29:20Z</time>
   </trkpt>
   <trkpt lat="43.3285190" lon="3.5678550">
    <ele>4.2</ele>
    <time>2025-05-13T07:29:21Z</time>
   </trkpt>
   <trkpt lat="43.3285630" lon="3.5679190">
    <ele>4.2</ele>
    <time>2025-05-13T07:29:22Z</time>
   </trkpt>
   <trkpt lat="43.3286130" lon="3.5679790">
    <ele>4.2</ele>
    <time>2025-05-13T07:29:23Z</time>
   </trkpt>
   <trkpt lat="43.3286630" lon="3.5680400">
    <ele>4.2</ele>
    <time>2025-05-13T07:29:24Z</time>
   </trkpt>
   <trkpt lat="43.3287100" lon="3.5681060">
    <ele>4.2</ele>
    <time>2025-05-13T07:29:25Z</time>
   </trkpt>
   <trkpt lat="43.3287580" lon="3.5681640">
    <ele>4.2</ele>
    <time>2025-05-13T07:29:26Z</time>
   </trkpt>
   <trkpt lat="43.3288050" lon="3.5682270">
    <ele>4.3</ele>
    <time>2025-05-13T07:29:27Z</time>
   </trkpt>
   <trkpt lat="43.3288570" lon="3.5682880">
    <ele>4.3</ele>
    <time>2025-05-13T07:29:28Z</time>
   </trkpt>
   <trkpt lat="43.3289050" lon="3.5683500">
    <ele>4.3</ele>
    <time>2025-05-13T07:29:29Z</time>
   </trkpt>
   <trkpt lat="43.3289590" lon="3.5684090">
    <ele>4.3</ele>
    <time>2025-05-13T07:29:30Z</time>
   </trkpt>
   <trkpt lat="43.3290130" lon="3.5684640">
    <ele>4.3</ele>
    <time>2025-05-13T07:29:31Z</time>
   </trkpt>
   <trkpt lat="43.3290630" lon="3.5685220">
    <ele>4.4</ele>
    <time>2025-05-13T07:29:32Z</time>
   </trkpt>
   <trkpt lat="43.3291110" lon="3.5685860">
    <ele>4.3</ele>
    <time>2025-05-13T07:29:33Z</time>
   </trkpt>
   <trkpt lat="43.3291590" lon="3.5686480">
    <ele>4.3</ele>
    <time>2025-05-13T07:29:34Z</time>
   </trkpt>
   <trkpt lat="43.3292070" lon="3.5687100">
    <ele>4.3</ele>
    <time>2025-05-13T07:29:35Z</time>
   </trkpt>
   <trkpt lat="43.3292580" lon="3.5687670">
    <ele>4.3</ele>
    <time>2025-05-13T07:29:36Z</time>
   </trkpt>
   <trkpt lat="43.3293050" lon="3.5688310">
    <ele>4.3</ele>
    <time>2025-05-13T07:29:37Z</time>
   </trkpt>
   <trkpt lat="43.3293560" lon="3.5688930">
    <ele>4.3</ele>
    <time>2025-05-13T07:29:38Z</time>
   </trkpt>
   <trkpt lat="43.3294040" lon="3.5689550">
    <ele>4.2</ele>
    <time>2025-05-13T07:29:39Z</time>
   </trkpt>
   <trkpt lat="43.3294550" lon="3.5690150">
    <ele>4.2</ele>
    <time>2025-05-13T07:29:40Z</time>
   </trkpt>
   <trkpt lat="43.3295070" lon="3.5690760">
    <ele>4.2</ele>
    <time>2025-05-13T07:29:41Z</time>
   </trkpt>
   <trkpt lat="43.3295570" lon="3.5691370">
    <ele>4.2</ele>
    <time>2025-05-13T07:29:42Z</time>
   </trkpt>
   <trkpt lat="43.3296100" lon="3.5691980">
    <ele>4.2</ele>
    <time>2025-05-13T07:29:43Z</time>
   </trkpt>
   <trkpt lat="43.3296630" lon="3.5692540">
    <ele>4.2</ele>
    <time>2025-05-13T07:29:44Z</time>
   </trkpt>
   <trkpt lat="43.3297140" lon="3.5693120">
    <ele>4.1</ele>
    <time>2025-05-13T07:29:45Z</time>
   </trkpt>
   <trkpt lat="43.3297600" lon="3.5693670">
    <ele>4.1</ele>
    <time>2025-05-13T07:29:46Z</time>
   </trkpt>
   <trkpt lat="43.3298030" lon="3.5694170">
    <ele>4.1</ele>
    <time>2025-05-13T07:29:47Z</time>
   </trkpt>
   <trkpt lat="43.3298480" lon="3.5694680">
    <ele>4.1</ele>
    <time>2025-05-13T07:29:48Z</time>
   </trkpt>
   <trkpt lat="43.3298950" lon="3.5695230">
    <ele>4.1</ele>
    <time>2025-05-13T07:29:49Z</time>
   </trkpt>
   <trkpt lat="43.3299400" lon="3.5695740">
    <ele>4.1</ele>
    <time>2025-05-13T07:29:50Z</time>
   </trkpt>
   <trkpt lat="43.3299880" lon="3.5696250">
    <ele>4.1</ele>
    <time>2025-05-13T07:29:51Z</time>
   </trkpt>
   <trkpt lat="43.3300310" lon="3.5696790">
    <ele>4.1</ele>
    <time>2025-05-13T07:29:52Z</time>
   </trkpt>
   <trkpt lat="43.3300740" lon="3.5697320">
    <ele>4.1</ele>
    <time>2025-05-13T07:29:53Z</time>
   </trkpt>
   <trkpt lat="43.3301210" lon="3.5697890">
    <ele>4.1</ele>
    <time>2025-05-13T07:29:54Z</time>
   </trkpt>
   <trkpt lat="43.3301660" lon="3.5698450">
    <ele>4.0</ele>
    <time>2025-05-13T07:29:55Z</time>
   </trkpt>
   <trkpt lat="43.3302140" lon="3.5699000">
    <ele>4.0</ele>
    <time>2025-05-13T07:29:56Z</time>
   </trkpt>
   <trkpt lat="43.3302660" lon="3.5699520">
    <ele>4.1</ele>
    <time>2025-05-13T07:29:57Z</time>
   </trkpt>
   <trkpt lat="43.3303140" lon="3.5700110">
    <ele>4.1</ele>
    <time>2025-05-13T07:29:58Z</time>
   </trkpt>
   <trkpt lat="43.3303630" lon="3.5700720">
    <ele>4.1</ele>
    <time>2025-05-13T07:29:59Z</time>
   </trkpt>
   <trkpt lat="43.3304150" lon="3.5701300">
    <ele>4.1</ele>
    <time>2025-05-13T07:30:00Z</time>
   </trkpt>
   <trkpt lat="43.3304650" lon="3.5701880">
    <ele>4.1</ele>
    <time>2025-05-13T07:30:01Z</time>
   </trkpt>
   <trkpt lat="43.3305140" lon="3.5702490">
    <ele>4.1</ele>
    <time>2025-05-13T07:30:02Z</time>
   </trkpt>
   <trkpt lat="43.3305670" lon="3.5703120">
    <ele>4.2</ele>
    <time>2025-05-13T07:30:03Z</time>
   </trkpt>
   <trkpt lat="43.3306180" lon="3.5703740">
    <ele>4.2</ele>
    <time>2025-05-13T07:30:04Z</time>
   </trkpt>
   <trkpt lat="43.3306690" lon="3.5704320">
    <ele>4.2</ele>
    <time>2025-05-13T07:30:05Z</time>
   </trkpt>
   <trkpt lat="43.3307190" lon="3.5704930">
    <ele>4.2</ele>
    <time>2025-05-13T07:30:06Z</time>
   </trkpt>
   <trkpt lat="43.3307680" lon="3.5705540">
    <ele>4.2</ele>
    <time>2025-05-13T07:30:07Z</time>
   </trkpt>
   <trkpt lat="43.3308200" lon="3.5706130">
    <ele>4.2</ele>
    <time>2025-05-13T07:30:08Z</time>
   </trkpt>
   <trkpt lat="43.3308700" lon="3.5706730">
    <ele>4.3</ele>
    <time>2025-05-13T07:30:09Z</time>
   </trkpt>
   <trkpt lat="43.3309210" lon="3.5707350">
    <ele>4.3</ele>
    <time>2025-05-13T07:30:10Z</time>
   </trkpt>
   <trkpt lat="43.3309690" lon="3.5707930">
    <ele>4.2</ele>
    <time>2025-05-13T07:30:11Z</time>
   </trkpt>
   <trkpt lat="43.3310140" lon="3.5708440">
    <ele>4.2</ele>
    <time>2025-05-13T07:30:12Z</time>
   </trkpt>
   <trkpt lat="43.3310630" lon="3.5708890">
    <ele>4.2</ele>
    <time>2025-05-13T07:30:13Z</time>
   </trkpt>
   <trkpt lat="43.3311080" lon="3.5709360">
    <ele>4.1</ele>
    <time>2025-05-13T07:30:14Z</time>
   </trkpt>
   <trkpt lat="43.3311520" lon="3.5709830">
    <ele>4.0</ele>
    <time>2025-05-13T07:30:15Z</time>
   </trkpt>
   <trkpt lat="43.3311970" lon="3.5710290">
    <ele>3.9</ele>
    <time>2025-05-13T07:30:16Z</time>
   </trkpt>
   <trkpt lat="43.3312410" lon="3.5710770">
    <ele>3.8</ele>
    <time>2025-05-13T07:30:17Z</time>
   </trkpt>
   <trkpt lat="43.3312790" lon="3.5711270">
    <ele>3.7</ele>
    <time>2025-05-13T07:30:18Z</time>
   </trkpt>
   <trkpt lat="43.3313210" lon="3.5711780">
    <ele>3.5</ele>
    <time>2025-05-13T07:30:19Z</time>
   </trkpt>
   <trkpt lat="43.3313590" lon="3.5712270">
    <ele>3.4</ele>
    <time>2025-05-13T07:30:20Z</time>
   </trkpt>
   <trkpt lat="43.3314020" lon="3.5712770">
    <ele>3.3</ele>
    <time>2025-05-13T07:30:21Z</time>
   </trkpt>
   <trkpt lat="43.3314410" lon="3.5713290">
    <ele>3.2</ele>
    <time>2025-05-13T07:30:22Z</time>
   </trkpt>
   <trkpt lat="43.3314830" lon="3.5713820">
    <ele>3.2</ele>
    <time>2025-05-13T07:30:23Z</time>
   </trkpt>
   <trkpt lat="43.3315250" lon="3.5714320">
    <ele>3.1</ele>
    <time>2025-05-13T07:30:24Z</time>
   </trkpt>
   <trkpt lat="43.3315660" lon="3.5714820">
    <ele>3.0</ele>
    <time>2025-05-13T07:30:25Z</time>
   </trkpt>
   <trkpt lat="43.3316110" lon="3.5715350">
    <ele>3.0</ele>
    <time>2025-05-13T07:30:26Z</time>
   </trkpt>
   <trkpt lat="43.3316560" lon="3.5715880">
    <ele>3.0</ele>
    <time>2025-05-13T07:30:27Z</time>
   </trkpt>
   <trkpt lat="43.3317010" lon="3.5716410">
    <ele>3.0</ele>
    <time>2025-05-13T07:30:28Z</time>
   </trkpt>
   <trkpt lat="43.3317460" lon="3.5716900">
    <ele>3.0</ele>
    <time>2025-05-13T07:30:29Z</time>
   </trkpt>
   <trkpt lat="43.3317930" lon="3.5717370">
    <ele>3.0</ele>
    <time>2025-05-13T07:30:30Z</time>
   </trkpt>
   <trkpt lat="43.3318380" lon="3.5717880">
    <ele>3.0</ele>
    <time>2025-05-13T07:30:31Z</time>
   </trkpt>
   <trkpt lat="43.3318830" lon="3.5718410">
    <ele>3.1</ele>
    <time>2025-05-13T07:30:32Z</time>
   </trkpt>
   <trkpt lat="43.3319250" lon="3.5718940">
    <ele>3.1</ele>
    <time>2025-05-13T07:30:33Z</time>
   </trkpt>
   <trkpt lat="43.3319670" lon="3.5719480">
    <ele>3.1</ele>
    <time>2025-05-13T07:30:34Z</time>
   </trkpt>
   <trkpt lat="43.3320070" lon="3.5719990">
    <ele>3.2</ele>
    <time>2025-05-13T07:30:35Z</time>
   </trkpt>
   <trkpt lat="43.3320480" lon="3.5720470">
    <ele>3.2</ele>
    <time>2025-05-13T07:30:36Z</time>
   </trkpt>
   <trkpt lat="43.3320920" lon="3.5720940">
    <ele>3.2</ele>
    <time>2025-05-13T07:30:37Z</time>
   </trkpt>
   <trkpt lat="43.3321320" lon="3.5721470">
    <ele>3.2</ele>
    <time>2025-05-13T07:30:38Z</time>
   </trkpt>
   <trkpt lat="43.3321760" lon="3.5722000">
    <ele>3.2</ele>
    <time>2025-05-13T07:30:39Z</time>
   </trkpt>
   <trkpt lat="43.3322180" lon="3.5722490">
    <ele>3.2</ele>
    <time>2025-05-13T07:30:40Z</time>
   </trkpt>
   <trkpt lat="43.3322600" lon="3.5722960">
    <ele>3.1</ele>
    <time>2025-05-13T07:30:41Z</time>
   </trkpt>
   <trkpt lat="43.3323040" lon="3.5723460">
    <ele>3.1</ele>
    <time>2025-05-13T07:30:42Z</time>
   </trkpt>
   <trkpt lat="43.3323500" lon="3.5724010">
    <ele>3.0</ele>
    <time>2025-05-13T07:30:43Z</time>
   </trkpt>
   <trkpt lat="43.3323980" lon="3.5724550">
    <ele>2.9</ele>
    <time>2025-05-13T07:30:44Z</time>
   </trkpt>
   <trkpt lat="43.3324450" lon="3.5725130">
    <ele>2.8</ele>
    <time>2025-05-13T07:30:45Z</time>
   </trkpt>
   <trkpt lat="43.3324940" lon="3.5725700">
    <ele>2.7</ele>
    <time>2025-05-13T07:30:46Z</time>
   </trkpt>
   <trkpt lat="43.3325450" lon="3.5726310">
    <ele>2.6</ele>
    <time>2025-05-13T07:30:47Z</time>
   </trkpt>
   <trkpt lat="43.3325950" lon="3.5726870">
    <ele>2.6</ele>
    <time>2025-05-13T07:30:48Z</time>
   </trkpt>
   <trkpt lat="43.3326460" lon="3.5727450">
    <ele>2.5</ele>
    <time>2025-05-13T07:30:49Z</time>
   </trkpt>
   <trkpt lat="43.3326970" lon="3.5728000">
    <ele>2.5</ele>
    <time>2025-05-13T07:30:50Z</time>
   </trkpt>
   <trkpt lat="43.3327480" lon="3.5728530">
    <ele>2.4</ele>
    <time>2025-05-13T07:30:51Z</time>
   </trkpt>
   <trkpt lat="43.3327920" lon="3.5729080">
    <ele>2.4</ele>
    <time>2025-05-13T07:30:52Z</time>
   </trkpt>
   <trkpt lat="43.3328370" lon="3.5729610">
    <ele>2.3</ele>
    <time>2025-05-13T07:30:53Z</time>
   </trkpt>
   <trkpt lat="43.3328780" lon="3.5730160">
    <ele>2.3</ele>
    <time>2025-05-13T07:30:54Z</time>
   </trkpt>
   <trkpt lat="43.3329190" lon="3.5730650">
    <ele>2.3</ele>
    <time>2025-05-13T07:30:55Z</time>
   </trkpt>
   <trkpt lat="43.3329580" lon="3.5731120">
    <ele>2.2</ele>
    <time>2025-05-13T07:30:56Z</time>
   </trkpt>
   <trkpt lat="43.3330000" lon="3.5731600">
    <ele>2.2</ele>
    <time>2025-05-13T07:30:57Z</time>
   </trkpt>
   <trkpt lat="43.3330410" lon="3.5732070">
    <ele>2.2</ele>
    <time>2025-05-13T07:30:58Z</time>
   </trkpt>
   <trkpt lat="43.3330800" lon="3.5732490">
    <ele>2.2</ele>
    <time>2025-05-13T07:30:59Z</time>
   </trkpt>
   <trkpt lat="43.3331210" lon="3.5732950">
    <ele>2.1</ele>
    <time>2025-05-13T07:31:00Z</time>
   </trkpt>
   <trkpt lat="43.3331590" lon="3.5733400">
    <ele>2.1</ele>
    <time>2025-05-13T07:31:01Z</time>
   </trkpt>
   <trkpt lat="43.3331980" lon="3.5733870">
    <ele>2.1</ele>
    <time>2025-05-13T07:31:02Z</time>
   </trkpt>
   <trkpt lat="43.3332400" lon="3.5734330">
    <ele>2.1</ele>
    <time>2025-05-13T07:31:03Z</time>
   </trkpt>
   <trkpt lat="43.3332800" lon="3.5734860">
    <ele>2.1</ele>
    <time>2025-05-13T07:31:04Z</time>
   </trkpt>
   <trkpt lat="43.3333190" lon="3.5735370">
    <ele>2.2</ele>
    <time>2025-05-13T07:31:05Z</time>
   </trkpt>
   <trkpt lat="43.3333600" lon="3.5735840">
    <ele>2.2</ele>
    <time>2025-05-13T07:31:06Z</time>
   </trkpt>
   <trkpt lat="43.3334000" lon="3.5736330">
    <ele>2.2</ele>
    <time>2025-05-13T07:31:07Z</time>
   </trkpt>
   <trkpt lat="43.3334400" lon="3.5736870">
    <ele>2.2</ele>
    <time>2025-05-13T07:31:08Z</time>
   </trkpt>
   <trkpt lat="43.3334770" lon="3.5737390">
    <ele>2.2</ele>
    <time>2025-05-13T07:31:09Z</time>
   </trkpt>
   <trkpt lat="43.3335150" lon="3.5737900">
    <ele>2.2</ele>
    <time>2025-05-13T07:31:10Z</time>
   </trkpt>
   <trkpt lat="43.3335540" lon="3.5738400">
    <ele>2.1</ele>
    <time>2025-05-13T07:31:11Z</time>
   </trkpt>
   <trkpt lat="43.3336000" lon="3.5738850">
    <ele>2.1</ele>
    <time>2025-05-13T07:31:12Z</time>
   </trkpt>
   <trkpt lat="43.3336470" lon="3.5739300">
    <ele>2.0</ele>
    <time>2025-05-13T07:31:13Z</time>
   </trkpt>
   <trkpt lat="43.3336920" lon="3.5739780">
    <ele>1.9</ele>
    <time>2025-05-13T07:31:14Z</time>
   </trkpt>
   <trkpt lat="43.3337380" lon="3.5740260">
    <ele>1.9</ele>
    <time>2025-05-13T07:31:15Z</time>
   </trkpt>
   <trkpt lat="43.3337860" lon="3.5740770">
    <ele>1.8</ele>
    <time>2025-05-13T07:31:16Z</time>
   </trkpt>
   <trkpt lat="43.3338300" lon="3.5741280">
    <ele>1.8</ele>
    <time>2025-05-13T07:31:17Z</time>
   </trkpt>
   <trkpt lat="43.3338750" lon="3.5741790">
    <ele>1.8</ele>
    <time>2025-05-13T07:31:18Z</time>
   </trkpt>
   <trkpt lat="43.3339200" lon="3.5742320">
    <ele>1.7</ele>
    <time>2025-05-13T07:31:19Z</time>
   </trkpt>
   <trkpt lat="43.3339630" lon="3.5742880">
    <ele>1.7</ele>
    <time>2025-05-13T07:31:20Z</time>
   </trkpt>
   <trkpt lat="43.3340080" lon="3.5743460">
    <ele>1.7</ele>
    <time>2025-05-13T07:31:21Z</time>
   </trkpt>
   <trkpt lat="43.3340530" lon="3.5744030">
    <ele>1.6</ele>
    <time>2025-05-13T07:31:22Z</time>
   </trkpt>
   <trkpt lat="43.3340980" lon="3.5744610">
    <ele>1.7</ele>
    <time>2025-05-13T07:31:23Z</time>
   </trkpt>
   <trkpt lat="43.3341400" lon="3.5745210">
    <ele>1.7</ele>
    <time>2025-05-13T07:31:24Z</time>
   </trkpt>
   <trkpt lat="43.3341840" lon="3.5745740">
    <ele>1.7</ele>
    <time>2025-05-13T07:31:25Z</time>
   </trkpt>
   <trkpt lat="43.3342270" lon="3.5746260">
    <ele>1.7</ele>
    <time>2025-05-13T07:31:26Z</time>
   </trkpt>
   <trkpt lat="43.3342670" lon="3.5746750">
    <ele>1.8</ele>
    <time>2025-05-13T07:31:27Z</time>
   </trkpt>
   <trkpt lat="43.3343050" lon="3.5747190">
    <ele>1.8</ele>
    <time>2025-05-13T07:31:28Z</time>
   </trkpt>
   <trkpt lat="43.3343480" lon="3.5747660">
    <ele>1.8</ele>
    <time>2025-05-13T07:31:29Z</time>
   </trkpt>
   <trkpt lat="43.3343930" lon="3.5748060">
    <ele>1.7</ele>
    <time>2025-05-13T07:31:30Z</time>
   </trkpt>
   <trkpt lat="43.3344450" lon="3.5748380">
    <ele>1.7</ele>
    <time>2025-05-13T07:31:31Z</time>
   </trkpt>
   <trkpt lat="43.3344980" lon="3.5748720">
    <ele>1.7</ele>
    <time>2025-05-13T07:31:32Z</time>
   </trkpt>
   <trkpt lat="43.3345530" lon="3.5749080">
    <ele>1.7</ele>
    <time>2025-05-13T07:31:33Z</time>
   </trkpt>
   <trkpt lat="43.3346060" lon="3.5749420">
    <ele>1.8</ele>
    <time>2025-05-13T07:31:34Z</time>
   </trkpt>
   <trkpt lat="43.3346590" lon="3.5749770">
    <ele>1.8</ele>
    <time>2025-05-13T07:31:35Z</time>
   </trkpt>
   <trkpt lat="43.3347050" lon="3.5750170">
    <ele>1.9</ele>
    <time>2025-05-13T07:31:36Z</time>
   </trkpt>
   <trkpt lat="43.3347550" lon="3.5750480">
    <ele>2.0</ele>
    <time>2025-05-13T07:31:37Z</time>
   </trkpt>
   <trkpt lat="43.3348030" lon="3.5750620">
    <ele>2.0</ele>
    <time>2025-05-13T07:31:38Z</time>
   </trkpt>
   <trkpt lat="43.3348510" lon="3.5750560">
    <ele>2.0</ele>
    <time>2025-05-13T07:31:39Z</time>
   </trkpt>
   <trkpt lat="43.3348930" lon="3.5750330">
    <ele>2.0</ele>
    <time>2025-05-13T07:31:40Z</time>
   </trkpt>
   <trkpt lat="43.3349320" lon="3.5749980">
    <ele>2.0</ele>
    <time>2025-05-13T07:31:41Z</time>
   </trkpt>
   <trkpt lat="43.3349670" lon="3.5749500">
    <ele>1.9</ele>
    <time>2025-05-13T07:31:42Z</time>
   </trkpt>
   <trkpt lat="43.3350000" lon="3.5749030">
    <ele>1.9</ele>
    <time>2025-05-13T07:31:43Z</time>
   </trkpt>
   <trkpt lat="43.3350300" lon="3.5748520">
    <ele>1.9</ele>
    <time>2025-05-13T07:31:44Z</time>
   </trkpt>
   <trkpt lat="43.3350590" lon="3.5748020">
    <ele>1.9</ele>
    <time>2025-05-13T07:31:45Z</time>
   </trkpt>
   <trkpt lat="43.3350910" lon="3.5747520">
    <ele>1.9</ele>
    <time>2025-05-13T07:31:46Z</time>
   </trkpt>
   <trkpt lat="43.3351220" lon="3.5747010">
    <ele>1.9</ele>
    <time>2025-05-13T07:31:47Z</time>
   </trkpt>
   <trkpt lat="43.3351530" lon="3.5746530">
    <ele>2.0</ele>
    <time>2025-05-13T07:31:48Z</time>
   </trkpt>
   <trkpt lat="43.3351780" lon="3.5746050">
    <ele>2.0</ele>
    <time>2025-05-13T07:31:49Z</time>
   </trkpt>
   <trkpt lat="43.3352020" lon="3.5745550">
    <ele>2.0</ele>
    <time>2025-05-13T07:31:50Z</time>
   </trkpt>
   <trkpt lat="43.3352340" lon="3.5745170">
    <ele>2.0</ele>
    <time>2025-05-13T07:31:51Z</time>
   </trkpt>
   <trkpt lat="43.3352740" lon="3.5745050">
    <ele>2.0</ele>
    <time>2025-05-13T07:31:52Z</time>
   </trkpt>
   <trkpt lat="43.3353120" lon="3.5745220">
    <ele>2.0</ele>
    <time>2025-05-13T07:31:53Z</time>
   </trkpt>
   <trkpt lat="43.3353430" lon="3.5745590">
    <ele>1.9</ele>
    <time>2025-05-13T07:31:54Z</time>
   </trkpt>
   <trkpt lat="43.3353680" lon="3.5746040">
    <ele>1.9</ele>
    <time>2025-05-13T07:31:55Z</time>
   </trkpt>
   <trkpt lat="43.3353940" lon="3.5746500">
    <ele>1.8</ele>
    <time>2025-05-13T07:31:56Z</time>
   </trkpt>
   <trkpt lat="43.3354260" lon="3.5746940">
    <ele>1.7</ele>
    <time>2025-05-13T07:31:57Z</time>
   </trkpt>
   <trkpt lat="43.3354600" lon="3.5747400">
    <ele>1.7</ele>
    <time>2025-05-13T07:31:58Z</time>
   </trkpt>
   <trkpt lat="43.3354960" lon="3.5747870">
    <ele>1.7</ele>
    <time>2025-05-13T07:31:59Z</time>
   </trkpt>
   <trkpt lat="43.3355350" lon="3.5748350">
    <ele>1.6</ele>
    <time>2025-05-13T07:32:00Z</time>
   </trkpt>
   <trkpt lat="43.3355760" lon="3.5748830">
    <ele>1.6</ele>
    <time>2025-05-13T07:32:01Z</time>
   </trkpt>
   <trkpt lat="43.3356150" lon="3.5749350">
    <ele>1.6</ele>
    <time>2025-05-13T07:32:02Z</time>
   </trkpt>
   <trkpt lat="43.3356570" lon="3.5749910">
    <ele>1.6</ele>
    <time>2025-05-13T07:32:03Z</time>
   </trkpt>
   <trkpt lat="43.3357000" lon="3.5750500">
    <ele>1.6</ele>
    <time>2025-05-13T07:32:04Z</time>
   </trkpt>
   <trkpt lat="43.3357490" lon="3.5751070">
    <ele>1.6</ele>
    <time>2025-05-13T07:32:05Z</time>
   </trkpt>
   <trkpt lat="43.3357980" lon="3.5751660">
    <ele>1.6</ele>
    <time>2025-05-13T07:32:06Z</time>
   </trkpt>
   <trkpt lat="43.3358480" lon="3.5752280">
    <ele>1.6</ele>
    <time>2025-05-13T07:32:07Z</time>
   </trkpt>
   <trkpt lat="43.3358980" lon="3.5752970">
    <ele>1.6</ele>
    <time>2025-05-13T07:32:08Z</time>
   </trkpt>
   <trkpt lat="43.3359430" lon="3.5753590">
    <ele>1.6</ele>
    <time>2025-05-13T07:32:09Z</time>
   </trkpt>
   <trkpt lat="43.3359910" lon="3.5754230">
    <ele>1.6</ele>
    <time>2025-05-13T07:32:10Z</time>
   </trkpt>
   <trkpt lat="43.3360410" lon="3.5754860">
    <ele>1.6</ele>
    <time>2025-05-13T07:32:11Z</time>
   </trkpt>
   <trkpt lat="43.3360890" lon="3.5755510">
    <ele>1.6</ele>
    <time>2025-05-13T07:32:12Z</time>
   </trkpt>
   <trkpt lat="43.3361400" lon="3.5756160">
    <ele>1.6</ele>
    <time>2025-05-13T07:32:13Z</time>
   </trkpt>
   <trkpt lat="43.3361860" lon="3.5756870">
    <ele>1.6</ele>
    <time>2025-05-13T07:32:14Z</time>
   </trkpt>
   <trkpt lat="43.3362350" lon="3.5757540">
    <ele>1.6</ele>
    <time>2025-05-13T07:32:15Z</time>
   </trkpt>
   <trkpt lat="43.3362880" lon="3.5758180">
    <ele>1.6</ele>
    <time>2025-05-13T07:32:16Z</time>
   </trkpt>
   <trkpt lat="43.3363390" lon="3.5758830">
    <ele>1.6</ele>
    <time>2025-05-13T07:32:17Z</time>
   </trkpt>
   <trkpt lat="43.3363910" lon="3.5759500">
    <ele>1.6</ele>
    <time>2025-05-13T07:32:18Z</time>
   </trkpt>
   <trkpt lat="43.3364420" lon="3.5760150">
    <ele>1.6</ele>
    <time>2025-05-13T07:32:19Z</time>
   </trkpt>
   <trkpt lat="43.3364910" lon="3.5760810">
    <ele>1.7</ele>
    <time>2025-05-13T07:32:20Z</time>
   </trkpt>
   <trkpt lat="43.3365400" lon="3.5761410">
    <ele>1.8</ele>
    <time>2025-05-13T07:32:21Z</time>
   </trkpt>
   <trkpt lat="43.3365920" lon="3.5762080">
    <ele>1.8</ele>
    <time>2025-05-13T07:32:22Z</time>
   </trkpt>
   <trkpt lat="43.3366420" lon="3.5762780">
    <ele>1.7</ele>
    <time>2025-05-13T07:32:23Z</time>
   </trkpt>
   <trkpt lat="43.3366930" lon="3.5763460">
    <ele>1.7</ele>
    <time>2025-05-13T07:32:24Z</time>
   </trkpt>
   <trkpt lat="43.3367420" lon="3.5764090">
    <ele>1.7</ele>
    <time>2025-05-13T07:32:25Z</time>
   </trkpt>
   <trkpt lat="43.3367890" lon="3.5764760">
    <ele>1.7</ele>
    <time>2025-05-13T07:32:26Z</time>
   </trkpt>
   <trkpt lat="43.3368340" lon="3.5765400">
    <ele>1.7</ele>
    <time>2025-05-13T07:32:27Z</time>
   </trkpt>
   <trkpt lat="43.3368790" lon="3.5765990">
    <ele>1.7</ele>
    <time>2025-05-13T07:32:28Z</time>
   </trkpt>
   <trkpt lat="43.3369300" lon="3.5766570">
    <ele>1.7</ele>
    <time>2025-05-13T07:32:29Z</time>
   </trkpt>
   <trkpt lat="43.3369800" lon="3.5767230">
    <ele>1.7</ele>
    <time>2025-05-13T07:32:30Z</time>
   </trkpt>
   <trkpt lat="43.3370320" lon="3.5767890">
    <ele>1.7</ele>
    <time>2025-05-13T07:32:31Z</time>
   </trkpt>
   <trkpt lat="43.3370800" lon="3.5768540">
    <ele>1.7</ele>
    <time>2025-05-13T07:32:32Z</time>
   </trkpt>
   <trkpt lat="43.3371290" lon="3.5769270">
    <ele>1.7</ele>
    <time>2025-05-13T07:32:33Z</time>
   </trkpt>
   <trkpt lat="43.3371840" lon="3.5769920">
    <ele>1.8</ele>
    <time>2025-05-13T07:32:34Z</time>
   </trkpt>
   <trkpt lat="43.3372360" lon="3.5770520">
    <ele>1.8</ele>
    <time>2025-05-13T07:32:35Z</time>
   </trkpt>
   <trkpt lat="43.3372850" lon="3.5771140">
    <ele>1.9</ele>
    <time>2025-05-13T07:32:36Z</time>
   </trkpt>
   <trkpt lat="43.3373320" lon="3.5771730">
    <ele>2.0</ele>
    <time>2025-05-13T07:32:37Z</time>
   </trkpt>
   <trkpt lat="43.3373740" lon="3.5772330">
    <ele>2.1</ele>
    <time>2025-05-13T07:32:38Z</time>
   </trkpt>
   <trkpt lat="43.3374060" lon="3.5772950">
    <ele>2.2</ele>
    <time>2025-05-13T07:32:39Z</time>
   </trkpt>
   <trkpt lat="43.3374230" lon="3.5773540">
    <ele>2.2</ele>
    <time>2025-05-13T07:32:40Z</time>
   </trkpt>
   <trkpt lat="43.3374140" lon="3.5774080">
    <ele>2.3</ele>
    <time>2025-05-13T07:32:41Z</time>
   </trkpt>
   <trkpt lat="43.3373860" lon="3.5774580">
    <ele>2.3</ele>
    <time>2025-05-13T07:32:42Z</time>
   </trkpt>
   <trkpt lat="43.3373500" lon="3.5774940">
    <ele>2.3</ele>
    <time>2025-05-13T07:32:43Z</time>
   </trkpt>
   <trkpt lat="43.3373230" lon="3.5775290">
    <ele>2.3</ele>
    <time>2025-05-13T07:32:44Z</time>
   </trkpt>
   <trkpt lat="43.3373060" lon="3.5775680">
    <ele>2.3</ele>
    <time>2025-05-13T07:32:45Z</time>
   </trkpt>
   <trkpt lat="43.3372960" lon="3.5776120">
    <ele>2.3</ele>
    <time>2025-05-13T07:32:46Z</time>
   </trkpt>
   <trkpt lat="43.3372870" lon="3.5776610">
    <ele>2.3</ele>
    <time>2025-05-13T07:32:47Z</time>
   </trkpt>
   <trkpt lat="43.3372750" lon="3.5777080">
    <ele>2.3</ele>
    <time>2025-05-13T07:32:48Z</time>
   </trkpt>
   <trkpt lat="43.3372510" lon="3.5777520">
    <ele>2.3</ele>
    <time>2025-05-13T07:32:49Z</time>
   </trkpt>
   <trkpt lat="43.3372300" lon="3.5777890">
    <ele>2.4</ele>
    <time>2025-05-13T07:32:50Z</time>
   </trkpt>
   <trkpt lat="43.3372070" lon="3.5778220">
    <ele>2.4</ele>
    <time>2025-05-13T07:32:51Z</time>
   </trkpt>
   <trkpt lat="43.3371810" lon="3.5778520">
    <ele>2.4</ele>
    <time>2025-05-13T07:32:52Z</time>
   </trkpt>
   <trkpt lat="43.3371540" lon="3.5778800">
    <ele>2.5</ele>
    <time>2025-05-13T07:32:53Z</time>
   </trkpt>
   <trkpt lat="43.3371300" lon="3.5779060">
    <ele>2.5</ele>
    <time>2025-05-13T07:32:54Z</time>
   </trkpt>
   <trkpt lat="43.3371110" lon="3.5779350">
    <ele>2.6</ele>
    <time>2025-05-13T07:32:55Z</time>
   </trkpt>
   <trkpt lat="43.3370880" lon="3.5779740">
    <ele>2.6</ele>
    <time>2025-05-13T07:32:56Z</time>
   </trkpt>
   <trkpt lat="43.3370800" lon="3.5779850">
    <ele>2.7</ele>
    <time>2025-05-13T07:32:57Z</time>
   </trkpt>
   <trkpt lat="43.3370680" lon="3.5780020">
    <ele>2.7</ele>
    <time>2025-05-13T07:32:58Z</time>
   </trkpt>
   <trkpt lat="43.3370580" lon="3.5780180">
    <ele>2.7</ele>
    <time>2025-05-13T07:32:59Z</time>
   </trkpt>
   <trkpt lat="43.3370480" lon="3.5780330">
    <ele>2.7</ele>
    <time>2025-05-13T07:33:00Z</time>
   </trkpt>
   <trkpt lat="43.3370450" lon="3.5780530">
    <ele>2.8</ele>
    <time>2025-05-13T07:33:01Z</time>
   </trkpt>
   <trkpt lat="43.3370420" lon="3.5780830">
    <ele>2.8</ele>
    <time>2025-05-13T07:33:02Z</time>
   </trkpt>
   <trkpt lat="43.3370420" lon="3.5780930">
    <ele>2.8</ele>
    <time>2025-05-13T07:33:03Z</time>
   </trkpt>
   <trkpt lat="43.3370410" lon="3.5781040">
    <ele>2.8</ele>
    <time>2025-05-13T07:33:04Z</time>
   </trkpt>
   <trkpt lat="43.3370430" lon="3.5781220">
    <ele>2.8</ele>
    <time>2025-05-13T07:33:05Z</time>
   </trkpt>
   <trkpt lat="43.3370490" lon="3.5781370">
    <ele>2.7</ele>
    <time>2025-05-13T07:33:06Z</time>
   </trkpt>
   <trkpt lat="43.3370530" lon="3.5781480">
    <ele>2.7</ele>
    <time>2025-05-13T07:33:07Z</time>
   </trkpt>
   <trkpt lat="43.3370580" lon="3.5781530">
    <ele>2.7</ele>
    <time>2025-05-13T07:33:08Z</time>
   </trkpt>
   <trkpt lat="43.3370580" lon="3.5781530">
    <ele>2.7</ele>
    <time>2025-05-13T07:33:09Z</time>
   </trkpt>
   <trkpt lat="43.3370590" lon="3.5781540">
    <ele>2.7</ele>
    <time>2025-05-13T07:33:10Z</time>
   </trkpt>
   <trkpt lat="43.3370600" lon="3.5781540">
    <ele>2.7</ele>
    <time>2025-05-13T07:33:11Z</time>
   </trkpt>
   <trkpt lat="43.3370610" lon="3.5781550">
    <ele>2.7</ele>
    <time>2025-05-13T07:33:12Z</time>
   </trkpt>
   <trkpt lat="43.3370610" lon="3.5781550">
    <ele>2.7</ele>
    <time>2025-05-13T07:33:13Z</time>
   </trkpt>
   <trkpt lat="43.3370620" lon="3.5781560">
    <ele>2.7</ele>
    <time>2025-05-13T07:33:14Z</time>
   </trkpt>
   <trkpt lat="43.3370630" lon="3.5781570">
    <ele>2.7</ele>
    <time>2025-05-13T07:33:15Z</time>
   </trkpt>
   <trkpt lat="43.3370630" lon="3.5781570">
    <ele>2.7</ele>
    <time>2025-05-13T07:33:16Z</time>
   </trkpt>
   <trkpt lat="43.3370640" lon="3.5781580">
    <ele>2.7</ele>
    <time>2025-05-13T07:33:17Z</time>
   </trkpt>
   <trkpt lat="43.3370650" lon="3.5781580">
    <ele>2.7</ele>
    <time>2025-05-13T07:33:18Z</time>
   </trkpt>
   <trkpt lat="43.3370660" lon="3.5781590">
    <ele>2.7</ele>
    <time>2025-05-13T07:33:19Z</time>
   </trkpt>
   <trkpt lat="43.3370660" lon="3.5781590">
    <ele>2.7</ele>
    <time>2025-05-13T07:33:20Z</time>
   </trkpt>
   <trkpt lat="43.3370670" lon="3.5781600">
    <ele>2.7</ele>
    <time>2025-05-13T07:33:21Z</time>
   </trkpt>
   <trkpt lat="43.3370680" lon="3.5781610">
    <ele>2.7</ele>
    <time>2025-05-13T07:33:22Z</time>
   </trkpt>
   <trkpt lat="43.3370680" lon="3.5781610">
    <ele>2.7</ele>
    <time>2025-05-13T07:33:23Z</time>
   </trkpt>
   <trkpt lat="43.3370690" lon="3.5781620">
    <ele>2.7</ele>
    <time>2025-05-13T07:33:24Z</time>
   </trkpt>
   <trkpt lat="43.3370700" lon="3.5781620">
    <ele>2.7</ele>
    <time>2025-05-13T07:33:25Z</time>
   </trkpt>
   <trkpt lat="43.3370710" lon="3.5781630">
    <ele>2.7</ele>
    <time>2025-05-13T07:33:26Z</time>
   </trkpt>
   <trkpt lat="43.3370710" lon="3.5781640">
    <ele>2.7</ele>
    <time>2025-05-13T07:33:27Z</time>
   </trkpt>
   <trkpt lat="43.3370720" lon="3.5781640">
    <ele>2.7</ele>
    <time>2025-05-13T07:33:28Z</time>
   </trkpt>
   <trkpt lat="43.3370730" lon="3.5781650">
    <ele>2.7</ele>
    <time>2025-05-13T07:33:29Z</time>
   </trkpt>
   <trkpt lat="43.3370730" lon="3.5781650">
    <ele>2.7</ele>
    <time>2025-05-13T07:33:30Z</time>
   </trkpt>
   <trkpt lat="43.3370740" lon="3.5781660">
    <ele>2.7</ele>
    <time>2025-05-13T07:33:31Z</time>
   </trkpt>
   <trkpt lat="43.3370750" lon="3.5781660">
    <ele>2.7</ele>
    <time>2025-05-13T07:33:32Z</time>
   </trkpt>
   <trkpt lat="43.3370760" lon="3.5781670">
    <ele>2.7</ele>
    <time>2025-05-13T07:33:33Z</time>
   </trkpt>
   <trkpt lat="43.3370760" lon="3.5781680">
    <ele>2.7</ele>
    <time>2025-05-13T07:33:34Z</time>
   </trkpt>
   <trkpt lat="43.3370770" lon="3.5781680">
    <ele>2.7</ele>
    <time>2025-05-13T07:33:35Z</time>
   </trkpt>
   <trkpt lat="43.3370780" lon="3.5781690">
    <ele>2.7</ele>
    <time>2025-05-13T07:33:36Z</time>
   </trkpt>
   <trkpt lat="43.3370780" lon="3.5781690">
    <ele>2.7</ele>
    <time>2025-05-13T07:33:37Z</time>
   </trkpt>
   <trkpt lat="43.3370790" lon="3.5781700">
    <ele>2.7</ele>
    <time>2025-05-13T07:33:38Z</time>
   </trkpt>
   <trkpt lat="43.3370800" lon="3.5781700">
    <ele>2.7</ele>
    <time>2025-05-13T07:33:39Z</time>
   </trkpt>
   <trkpt lat="43.3370800" lon="3.5781710">
    <ele>2.7</ele>
    <time>2025-05-13T07:33:40Z</time>
   </trkpt>
   <trkpt lat="43.3370810" lon="3.5781720">
    <ele>2.7</ele>
    <time>2025-05-13T07:33:41Z</time>
   </trkpt>
   <trkpt lat="43.3370820" lon="3.5781720">
    <ele>2.7</ele>
    <time>2025-05-13T07:33:42Z</time>
   </trkpt>
   <trkpt lat="43.3370830" lon="3.5781730">
    <ele>2.7</ele>
    <time>2025-05-13T07:33:43Z</time>
   </trkpt>
   <trkpt lat="43.3370830" lon="3.5781730">
    <ele>2.7</ele>
    <time>2025-05-13T07:33:44Z</time>
   </trkpt>
   <trkpt lat="43.3370840" lon="3.5781740">
    <ele>2.7</ele>
    <time>2025-05-13T07:33:45Z</time>
   </trkpt>
   <trkpt lat="43.3370850" lon="3.5781740">
    <ele>2.7</ele>
    <time>2025-05-13T07:33:46Z</time>
   </trkpt>
   <trkpt lat="43.3370850" lon="3.5781750">
    <ele>2.7</ele>
    <time>2025-05-13T07:33:47Z</time>
   </trkpt>
   <trkpt lat="43.3370860" lon="3.5781760">
    <ele>2.7</ele>
    <time>2025-05-13T07:33:48Z</time>
   </trkpt>
   <trkpt lat="43.3370870" lon="3.5781760">
    <ele>2.7</ele>
    <time>2025-05-13T07:33:49Z</time>
   </trkpt>
   <trkpt lat="43.3370880" lon="3.5781770">
    <ele>2.7</ele>
    <time>2025-05-13T07:33:50Z</time>
   </trkpt>
   <trkpt lat="43.3370880" lon="3.5781770">
    <ele>2.7</ele>
    <time>2025-05-13T07:33:51Z</time>
   </trkpt>
   <trkpt lat="43.3370890" lon="3.5781780">
    <ele>2.7</ele>
    <time>2025-05-13T07:33:52Z</time>
   </trkpt>
   <trkpt lat="43.3370900" lon="3.5781790">
    <ele>2.7</ele>
    <time>2025-05-13T07:33:53Z</time>
   </trkpt>
   <trkpt lat="43.3370900" lon="3.5781790">
    <ele>2.7</ele>
    <time>2025-05-13T07:33:54Z</time>
   </trkpt>
   <trkpt lat="43.3370910" lon="3.5781800">
    <ele>2.7</ele>
    <time>2025-05-13T07:33:55Z</time>
   </trkpt>
   <trkpt lat="43.3370920" lon="3.5781800">
    <ele>2.7</ele>
    <time>2025-05-13T07:33:56Z</time>
   </trkpt>
   <trkpt lat="43.3370930" lon="3.5781810">
    <ele>2.7</ele>
    <time>2025-05-13T07:33:57Z</time>
   </trkpt>
   <trkpt lat="43.3370930" lon="3.5781810">
    <ele>2.7</ele>
    <time>2025-05-13T07:33:58Z</time>
   </trkpt>
   <trkpt lat="43.3370940" lon="3.5781820">
    <ele>2.7</ele>
    <time>2025-05-13T07:33:59Z</time>
   </trkpt>
   <trkpt lat="43.3370950" lon="3.5781830">
    <ele>2.7</ele>
    <time>2025-05-13T07:34:00Z</time>
   </trkpt>
   <trkpt lat="43.3370950" lon="3.5781830">
    <ele>2.7</ele>
    <time>2025-05-13T07:34:01Z</time>
   </trkpt>
   <trkpt lat="43.3370960" lon="3.5781840">
    <ele>2.7</ele>
    <time>2025-05-13T07:34:02Z</time>
   </trkpt>
   <trkpt lat="43.3370970" lon="3.5781840">
    <ele>2.7</ele>
    <time>2025-05-13T07:34:03Z</time>
   </trkpt>
   <trkpt lat="43.3370980" lon="3.5781850">
    <ele>2.7</ele>
    <time>2025-05-13T07:34:04Z</time>
   </trkpt>
   <trkpt lat="43.3370980" lon="3.5781850">
    <ele>2.7</ele>
    <time>2025-05-13T07:34:05Z</time>
   </trkpt>
   <trkpt lat="43.3370990" lon="3.5781860">
    <ele>2.7</ele>
    <time>2025-05-13T07:34:06Z</time>
   </trkpt>
   <trkpt lat="43.3371250" lon="3.5782090">
    <ele>2.6</ele>
    <time>2025-05-13T07:34:07Z</time>
   </trkpt>
   <trkpt lat="43.3371500" lon="3.5782310">
    <ele>2.6</ele>
    <time>2025-05-13T07:34:08Z</time>
   </trkpt>
   <trkpt lat="43.3371720" lon="3.5782620">
    <ele>2.6</ele>
    <time>2025-05-13T07:34:09Z</time>
   </trkpt>
   <trkpt lat="43.3372030" lon="3.5782960">
    <ele>2.5</ele>
    <time>2025-05-13T07:34:10Z</time>
   </trkpt>
   <trkpt lat="43.3372340" lon="3.5783270">
    <ele>2.5</ele>
    <time>2025-05-13T07:34:11Z</time>
   </trkpt>
   <trkpt lat="43.3372650" lon="3.5783610">
    <ele>2.4</ele>
    <time>2025-05-13T07:34:12Z</time>
   </trkpt>
   <trkpt lat="43.3372910" lon="3.5783920">
    <ele>2.3</ele>
    <time>2025-05-13T07:34:13Z</time>
   </trkpt>
   <trkpt lat="43.3373180" lon="3.5784230">
    <ele>2.3</ele>
    <time>2025-05-13T07:34:14Z</time>
   </trkpt>
   <trkpt lat="43.3373430" lon="3.5784570">
    <ele>2.3</ele>
    <time>2025-05-13T07:34:15Z</time>
   </trkpt>
   <trkpt lat="43.3373690" lon="3.5784930">
    <ele>2.2</ele>
    <time>2025-05-13T07:34:16Z</time>
   </trkpt>
   <trkpt lat="43.3373970" lon="3.5785300">
    <ele>2.1</ele>
    <time>2025-05-13T07:34:17Z</time>
   </trkpt>
   <trkpt lat="43.3374250" lon="3.5785710">
    <ele>2.1</ele>
    <time>2025-05-13T07:34:18Z</time>
   </trkpt>
   <trkpt lat="43.3374590" lon="3.5786130">
    <ele>2.0</ele>
    <time>2025-05-13T07:34:19Z</time>
   </trkpt>
   <trkpt lat="43.3374940" lon="3.5786540">
    <ele>2.0</ele>
    <time>2025-05-13T07:34:20Z</time>
   </trkpt>
   <trkpt lat="43.3375300" lon="3.5786990">
    <ele>1.9</ele>
    <time>2025-05-13T07:34:21Z</time>
   </trkpt>
   <trkpt lat="43.3375700" lon="3.5787450">
    <ele>1.9</ele>
    <time>2025-05-13T07:34:22Z</time>
   </trkpt>
   <trkpt lat="43.3376080" lon="3.5787950">
    <ele>1.9</ele>
    <time>2025-05-13T07:34:23Z</time>
   </trkpt>
   <trkpt lat="43.3376470" lon="3.5788470">
    <ele>1.9</ele>
    <time>2025-05-13T07:34:24Z</time>
   </trkpt>
   <trkpt lat="43.3376870" lon="3.5788980">
    <ele>1.8</ele>
    <time>2025-05-13T07:34:25Z</time>
   </trkpt>
   <trkpt lat="43.3377240" lon="3.5789430">
    <ele>1.8</ele>
    <time>2025-05-13T07:34:26Z</time>
   </trkpt>
   <trkpt lat="43.3377630" lon="3.5789870">
    <ele>1.8</ele>
    <time>2025-05-13T07:34:27Z</time>
   </trkpt>
   <trkpt lat="43.3378030" lon="3.5790340">
    <ele>1.8</ele>
    <time>2025-05-13T07:34:28Z</time>
   </trkpt>
   <trkpt lat="43.3378440" lon="3.5790840">
    <ele>1.8</ele>
    <time>2025-05-13T07:34:29Z</time>
   </trkpt>
   <trkpt lat="43.3378850" lon="3.5791350">
    <ele>1.7</ele>
    <time>2025-05-13T07:34:30Z</time>
   </trkpt>
   <trkpt lat="43.3379270" lon="3.5791890">
    <ele>1.7</ele>
    <time>2025-05-13T07:34:31Z</time>
   </trkpt>
   <trkpt lat="43.3379700" lon="3.5792420">
    <ele>1.7</ele>
    <time>2025-05-13T07:34:32Z</time>
   </trkpt>
   <trkpt lat="43.3380150" lon="3.5792920">
    <ele>1.7</ele>
    <time>2025-05-13T07:34:33Z</time>
   </trkpt>
   <trkpt lat="43.3380610" lon="3.5793430">
    <ele>1.7</ele>
    <time>2025-05-13T07:34:34Z</time>
   </trkpt>
   <trkpt lat="43.3381060" lon="3.5793910">
    <ele>1.7</ele>
    <time>2025-05-13T07:34:35Z</time>
   </trkpt>
   <trkpt lat="43.3381540" lon="3.5794440">
    <ele>1.7</ele>
    <time>2025-05-13T07:34:36Z</time>
   </trkpt>
   <trkpt lat="43.3382000" lon="3.5794990">
    <ele>1.6</ele>
    <time>2025-05-13T07:34:37Z</time>
   </trkpt>
   <trkpt lat="43.3382420" lon="3.5795550">
    <ele>1.6</ele>
    <time>2025-05-13T07:34:38Z</time>
   </trkpt>
   <trkpt lat="43.3382820" lon="3.5796120">
    <ele>1.7</ele>
    <time>2025-05-13T07:34:39Z</time>
   </trkpt>
   <trkpt lat="43.3383230" lon="3.5796720">
    <ele>1.7</ele>
    <time>2025-05-13T07:34:40Z</time>
   </trkpt>
   <trkpt lat="43.3383650" lon="3.5797260">
    <ele>1.7</ele>
    <time>2025-05-13T07:34:41Z</time>
   </trkpt>
   <trkpt lat="43.3384110" lon="3.5797800">
    <ele>1.7</ele>
    <time>2025-05-13T07:34:42Z</time>
   </trkpt>
   <trkpt lat="43.3384560" lon="3.5798300">
    <ele>1.7</ele>
    <time>2025-05-13T07:34:43Z</time>
   </trkpt>
   <trkpt lat="43.3384990" lon="3.5798790">
    <ele>1.7</ele>
    <time>2025-05-13T07:34:44Z</time>
   </trkpt>
   <trkpt lat="43.3385410" lon="3.5799300">
    <ele>1.7</ele>
    <time>2025-05-13T07:34:45Z</time>
   </trkpt>
   <trkpt lat="43.3385810" lon="3.5799830">
    <ele>1.7</ele>
    <time>2025-05-13T07:34:46Z</time>
   </trkpt>
   <trkpt lat="43.3386230" lon="3.5800390">
    <ele>1.7</ele>
    <time>2025-05-13T07:34:47Z</time>
   </trkpt>
   <trkpt lat="43.3386680" lon="3.5800960">
    <ele>1.8</ele>
    <time>2025-05-13T07:34:48Z</time>
   </trkpt>
   <trkpt lat="43.3387170" lon="3.5801570">
    <ele>1.8</ele>
    <time>2025-05-13T07:34:49Z</time>
   </trkpt>
   <trkpt lat="43.3387670" lon="3.5802120">
    <ele>1.8</ele>
    <time>2025-05-13T07:34:50Z</time>
   </trkpt>
   <trkpt lat="43.3388160" lon="3.5802690">
    <ele>1.8</ele>
    <time>2025-05-13T07:34:51Z</time>
   </trkpt>
   <trkpt lat="43.3388650" lon="3.5803290">
    <ele>1.8</ele>
    <time>2025-05-13T07:34:52Z</time>
   </trkpt>
   <trkpt lat="43.3389140" lon="3.5803860">
    <ele>1.8</ele>
    <time>2025-05-13T07:34:53Z</time>
   </trkpt>
   <trkpt lat="43.3389640" lon="3.5804420">
    <ele>1.8</ele>
    <time>2025-05-13T07:34:54Z</time>
   </trkpt>
   <trkpt lat="43.3390120" lon="3.5805030">
    <ele>1.8</ele>
    <time>2025-05-13T07:34:55Z</time>
   </trkpt>
   <trkpt lat="43.3390560" lon="3.5805620">
    <ele>1.9</ele>
    <time>2025-05-13T07:34:56Z</time>
   </trkpt>
   <trkpt lat="43.3391020" lon="3.5806210">
    <ele>1.9</ele>
    <time>2025-05-13T07:34:57Z</time>
   </trkpt>
   <trkpt lat="43.3391530" lon="3.5806820">
    <ele>1.9</ele>
    <time>2025-05-13T07:34:58Z</time>
   </trkpt>
   <trkpt lat="43.3392040" lon="3.5807390">
    <ele>1.9</ele>
    <time>2025-05-13T07:34:59Z</time>
   </trkpt>
   <trkpt lat="43.3392560" lon="3.5808010">
    <ele>1.9</ele>
    <time>2025-05-13T07:35:00Z</time>
   </trkpt>
   <trkpt lat="43.3393090" lon="3.5808660">
    <ele>1.9</ele>
    <time>2025-05-13T07:35:01Z</time>
   </trkpt>
   <trkpt lat="43.3393590" lon="3.5809330">
    <ele>2.0</ele>
    <time>2025-05-13T07:35:02Z</time>
   </trkpt>
   <trkpt lat="43.3394100" lon="3.5809970">
    <ele>2.0</ele>
    <time>2025-05-13T07:35:03Z</time>
   </trkpt>
   <trkpt lat="43.3394600" lon="3.5810600">
    <ele>2.0</ele>
    <time>2025-05-13T07:35:04Z</time>
   </trkpt>
   <trkpt lat="43.3395090" lon="3.5811220">
    <ele>2.0</ele>
    <time>2025-05-13T07:35:05Z</time>
   </trkpt>
   <trkpt lat="43.3395620" lon="3.5811840">
    <ele>2.1</ele>
    <time>2025-05-13T07:35:06Z</time>
   </trkpt>
   <trkpt lat="43.3396180" lon="3.5812440">
    <ele>2.1</ele>
    <time>2025-05-13T07:35:07Z</time>
   </trkpt>
   <trkpt lat="43.3396710" lon="3.5813010">
    <ele>2.2</ele>
    <time>2025-05-13T07:35:08Z</time>
   </trkpt>
   <trkpt lat="43.3397220" lon="3.5813600">
    <ele>2.2</ele>
    <time>2025-05-13T07:35:09Z</time>
   </trkpt>
   <trkpt lat="43.3397700" lon="3.5814210">
    <ele>2.2</ele>
    <time>2025-05-13T07:35:10Z</time>
   </trkpt>
   <trkpt lat="43.3398170" lon="3.5814890">
    <ele>2.3</ele>
    <time>2025-05-13T07:35:11Z</time>
   </trkpt>
   <trkpt lat="43.3398650" lon="3.5815520">
    <ele>2.3</ele>
    <time>2025-05-13T07:35:12Z</time>
   </trkpt>
   <trkpt lat="43.3399120" lon="3.5816150">
    <ele>2.4</ele>
    <time>2025-05-13T07:35:13Z</time>
   </trkpt>
   <trkpt lat="43.3399640" lon="3.5816750">
    <ele>2.4</ele>
    <time>2025-05-13T07:35:14Z</time>
   </trkpt>
   <trkpt lat="43.3400170" lon="3.5817310">
    <ele>2.5</ele>
    <time>2025-05-13T07:35:15Z</time>
   </trkpt>
   <trkpt lat="43.3400670" lon="3.5817940">
    <ele>2.5</ele>
    <time>2025-05-13T07:35:16Z</time>
   </trkpt>
   <trkpt lat="43.3401180" lon="3.5818560">
    <ele>2.5</ele>
    <time>2025-05-13T07:35:17Z</time>
   </trkpt>
   <trkpt lat="43.3401700" lon="3.5819150">
    <ele>2.5</ele>
    <time>2025-05-13T07:35:18Z</time>
   </trkpt>
   <trkpt lat="43.3402210" lon="3.5819780">
    <ele>2.5</ele>
    <time>2025-05-13T07:35:19Z</time>
   </trkpt>
   <trkpt lat="43.3402710" lon="3.5820360">
    <ele>2.5</ele>
    <time>2025-05-13T07:35:20Z</time>
   </trkpt>
   <trkpt lat="43.3403200" lon="3.5820950">
    <ele>2.4</ele>
    <time>2025-05-13T07:35:21Z</time>
   </trkpt>
   <trkpt lat="43.3403700" lon="3.5821580">
    <ele>2.4</ele>
    <time>2025-05-13T07:35:22Z</time>
   </trkpt>
   <trkpt lat="43.3404200" lon="3.5822220">
    <ele>2.3</ele>
    <time>2025-05-13T07:35:23Z</time>
   </trkpt>
   <trkpt lat="43.3404770" lon="3.5822860">
    <ele>2.2</ele>
    <time>2025-05-13T07:35:24Z</time>
   </trkpt>
   <trkpt lat="43.3405350" lon="3.5823530">
    <ele>2.2</ele>
    <time>2025-05-13T07:35:25Z</time>
   </trkpt>
   <trkpt lat="43.3405920" lon="3.5824180">
    <ele>2.2</ele>
    <time>2025-05-13T07:35:26Z</time>
   </trkpt>
   <trkpt lat="43.3406460" lon="3.5824820">
    <ele>2.2</ele>
    <time>2025-05-13T07:35:27Z</time>
   </trkpt>
   <trkpt lat="43.3407000" lon="3.5825470">
    <ele>2.3</ele>
    <time>2025-05-13T07:35:28Z</time>
   </trkpt>
   <trkpt lat="43.3407520" lon="3.5826070">
    <ele>2.3</ele>
    <time>2025-05-13T07:35:29Z</time>
   </trkpt>
   <trkpt lat="43.3408010" lon="3.5826630">
    <ele>2.3</ele>
    <time>2025-05-13T07:35:30Z</time>
   </trkpt>
   <trkpt lat="43.3408510" lon="3.5827250">
    <ele>2.3</ele>
    <time>2025-05-13T07:35:31Z</time>
   </trkpt>
   <trkpt lat="43.3409020" lon="3.5827890">
    <ele>2.3</ele>
    <time>2025-05-13T07:35:32Z</time>
   </trkpt>
   <trkpt lat="43.3409510" lon="3.5828530">
    <ele>2.3</ele>
    <time>2025-05-13T07:35:33Z</time>
   </trkpt>
   <trkpt lat="43.3410020" lon="3.5829190">
    <ele>2.2</ele>
    <time>2025-05-13T07:35:34Z</time>
   </trkpt>
   <trkpt lat="43.3410510" lon="3.5829830">
    <ele>2.2</ele>
    <time>2025-05-13T07:35:35Z</time>
   </trkpt>
   <trkpt lat="43.3411050" lon="3.5830480">
    <ele>2.2</ele>
    <time>2025-05-13T07:35:36Z</time>
   </trkpt>
   <trkpt lat="43.3411610" lon="3.5831080">
    <ele>2.2</ele>
    <time>2025-05-13T07:35:37Z</time>
   </trkpt>
   <trkpt lat="43.3412150" lon="3.5831750">
    <ele>2.2</ele>
    <time>2025-05-13T07:35:38Z</time>
   </trkpt>
   <trkpt lat="43.3412680" lon="3.5832390">
    <ele>2.2</ele>
    <time>2025-05-13T07:35:39Z</time>
   </trkpt>
   <trkpt lat="43.3413210" lon="3.5833020">
    <ele>2.2</ele>
    <time>2025-05-13T07:35:40Z</time>
   </trkpt>
   <trkpt lat="43.3413720" lon="3.5833640">
    <ele>2.2</ele>
    <time>2025-05-13T07:35:41Z</time>
   </trkpt>
   <trkpt lat="43.3414250" lon="3.5834280">
    <ele>2.2</ele>
    <time>2025-05-13T07:35:42Z</time>
   </trkpt>
   <trkpt lat="43.3414780" lon="3.5834960">
    <ele>2.2</ele>
    <time>2025-05-13T07:35:43Z</time>
   </trkpt>
   <trkpt lat="43.3415300" lon="3.5835610">
    <ele>2.2</ele>
    <time>2025-05-13T07:35:44Z</time>
   </trkpt>
   <trkpt lat="43.3415830" lon="3.5836230">
    <ele>2.2</ele>
    <time>2025-05-13T07:35:45Z</time>
   </trkpt>
   <trkpt lat="43.3416350" lon="3.5836860">
    <ele>2.2</ele>
    <time>2025-05-13T07:35:46Z</time>
   </trkpt>
   <trkpt lat="43.3416890" lon="3.5837500">
    <ele>2.3</ele>
    <time>2025-05-13T07:35:47Z</time>
   </trkpt>
   <trkpt lat="43.3417390" lon="3.5838160">
    <ele>2.3</ele>
    <time>2025-05-13T07:35:48Z</time>
   </trkpt>
   <trkpt lat="43.3417920" lon="3.5838810">
    <ele>2.4</ele>
    <time>2025-05-13T07:35:49Z</time>
   </trkpt>
   <trkpt lat="43.3418450" lon="3.5839430">
    <ele>2.4</ele>
    <time>2025-05-13T07:35:50Z</time>
   </trkpt>
   <trkpt lat="43.3419000" lon="3.5840050">
    <ele>2.5</ele>
    <time>2025-05-13T07:35:51Z</time>
   </trkpt>
   <trkpt lat="43.3419530" lon="3.5840650">
    <ele>2.5</ele>
    <time>2025-05-13T07:35:52Z</time>
   </trkpt>
   <trkpt lat="43.3420050" lon="3.5841280">
    <ele>2.6</ele>
    <time>2025-05-13T07:35:53Z</time>
   </trkpt>
   <trkpt lat="43.3420570" lon="3.5841930">
    <ele>2.6</ele>
    <time>2025-05-13T07:35:54Z</time>
   </trkpt>
   <trkpt lat="43.3421080" lon="3.5842580">
    <ele>2.6</ele>
    <time>2025-05-13T07:35:55Z</time>
   </trkpt>
   <trkpt lat="43.3421600" lon="3.5843260">
    <ele>2.6</ele>
    <time>2025-05-13T07:35:56Z</time>
   </trkpt>
   <trkpt lat="43.3422130" lon="3.5843950">
    <ele>2.6</ele>
    <time>2025-05-13T07:35:57Z</time>
   </trkpt>
   <trkpt lat="43.3422650" lon="3.5844600">
    <ele>2.6</ele>
    <time>2025-05-13T07:35:58Z</time>
   </trkpt>
   <trkpt lat="43.3423170" lon="3.5845250">
    <ele>2.6</ele>
    <time>2025-05-13T07:35:59Z</time>
   </trkpt>
   <trkpt lat="43.3423700" lon="3.5845900">
    <ele>2.7</ele>
    <time>2025-05-13T07:36:00Z</time>
   </trkpt>
   <trkpt lat="43.3424210" lon="3.5846530">
    <ele>2.7</ele>
    <time>2025-05-13T07:36:01Z</time>
   </trkpt>
   <trkpt lat="43.3424720" lon="3.5847180">
    <ele>2.7</ele>
    <time>2025-05-13T07:36:02Z</time>
   </trkpt>
   <trkpt lat="43.3425220" lon="3.5847830">
    <ele>2.7</ele>
    <time>2025-05-13T07:36:03Z</time>
   </trkpt>
   <trkpt lat="43.3425730" lon="3.5848500">
    <ele>2.7</ele>
    <time>2025-05-13T07:36:04Z</time>
   </trkpt>
   <trkpt lat="43.3426290" lon="3.5849100">
    <ele>2.7</ele>
    <time>2025-05-13T07:36:05Z</time>
   </trkpt>
   <trkpt lat="43.3426840" lon="3.5849720">
    <ele>2.7</ele>
    <time>2025-05-13T07:36:06Z</time>
   </trkpt>
   <trkpt lat="43.3427410" lon="3.5850350">
    <ele>2.7</ele>
    <time>2025-05-13T07:36:07Z</time>
   </trkpt>
   <trkpt lat="43.3427950" lon="3.5851030">
    <ele>2.7</ele>
    <time>2025-05-13T07:36:08Z</time>
   </trkpt>
   <trkpt lat="43.3428450" lon="3.5851670">
    <ele>2.8</ele>
    <time>2025-05-13T07:36:09Z</time>
   </trkpt>
   <trkpt lat="43.3428980" lon="3.5852330">
    <ele>2.8</ele>
    <time>2025-05-13T07:36:10Z</time>
   </trkpt>
   <trkpt lat="43.3429500" lon="3.5852970">
    <ele>2.8</ele>
    <time>2025-05-13T07:36:11Z</time>
   </trkpt>
   <trkpt lat="43.3430030" lon="3.5853630">
    <ele>2.8</ele>
    <time>2025-05-13T07:36:12Z</time>
   </trkpt>
   <trkpt lat="43.3430560" lon="3.5854270">
    <ele>2.7</ele>
    <time>2025-05-13T07:36:13Z</time>
   </trkpt>
   <trkpt lat="43.3431100" lon="3.5854890">
    <ele>2.7</ele>
    <time>2025-05-13T07:36:14Z</time>
   </trkpt>
   <trkpt lat="43.3431620" lon="3.5855550">
    <ele>2.7</ele>
    <time>2025-05-13T07:36:15Z</time>
   </trkpt>
   <trkpt lat="43.3432150" lon="3.5856200">
    <ele>2.7</ele>
    <time>2025-05-13T07:36:16Z</time>
   </trkpt>
   <trkpt lat="43.3432670" lon="3.5856870">
    <ele>2.7</ele>
    <time>2025-05-13T07:36:17Z</time>
   </trkpt>
   <trkpt lat="43.3433200" lon="3.5857530">
    <ele>2.7</ele>
    <time>2025-05-13T07:36:18Z</time>
   </trkpt>
   <trkpt lat="43.3433700" lon="3.5858180">
    <ele>2.7</ele>
    <time>2025-05-13T07:36:19Z</time>
   </trkpt>
   <trkpt lat="43.3434220" lon="3.5858820">
    <ele>2.7</ele>
    <time>2025-05-13T07:36:20Z</time>
   </trkpt>
   <trkpt lat="43.3434760" lon="3.5859460">
    <ele>2.7</ele>
    <time>2025-05-13T07:36:21Z</time>
   </trkpt>
   <trkpt lat="43.3435280" lon="3.5860100">
    <ele>2.7</ele>
    <time>2025-05-13T07:36:22Z</time>
   </trkpt>
   <trkpt lat="43.3435800" lon="3.5860780">
    <ele>2.7</ele>
    <time>2025-05-13T07:36:23Z</time>
   </trkpt>
   <trkpt lat="43.3436320" lon="3.5861400">
    <ele>2.7</ele>
    <time>2025-05-13T07:36:24Z</time>
   </trkpt>
   <trkpt lat="43.3436830" lon="3.5862050">
    <ele>2.7</ele>
    <time>2025-05-13T07:36:25Z</time>
   </trkpt>
   <trkpt lat="43.3437350" lon="3.5862700">
    <ele>2.7</ele>
    <time>2025-05-13T07:36:26Z</time>
   </trkpt>
   <trkpt lat="43.3437840" lon="3.5863330">
    <ele>2.7</ele>
    <time>2025-05-13T07:36:27Z</time>
   </trkpt>
   <trkpt lat="43.3438380" lon="3.5863970">
    <ele>2.7</ele>
    <time>2025-05-13T07:36:28Z</time>
   </trkpt>
   <trkpt lat="43.3438930" lon="3.5864630">
    <ele>2.7</ele>
    <time>2025-05-13T07:36:29Z</time>
   </trkpt>
   <trkpt lat="43.3439460" lon="3.5865300">
    <ele>2.7</ele>
    <time>2025-05-13T07:36:30Z</time>
   </trkpt>
   <trkpt lat="43.3440000" lon="3.5865950">
    <ele>2.7</ele>
    <time>2025-05-13T07:36:31Z</time>
   </trkpt>
   <trkpt lat="43.3440530" lon="3.5866600">
    <ele>2.7</ele>
    <time>2025-05-13T07:36:32Z</time>
   </trkpt>
   <trkpt lat="43.3441050" lon="3.5867280">
    <ele>2.7</ele>
    <time>2025-05-13T07:36:33Z</time>
   </trkpt>
   <trkpt lat="43.3441570" lon="3.5867930">
    <ele>2.7</ele>
    <time>2025-05-13T07:36:34Z</time>
   </trkpt>
   <trkpt lat="43.3442110" lon="3.5868490">
    <ele>2.7</ele>
    <time>2025-05-13T07:36:35Z</time>
   </trkpt>
   <trkpt lat="43.3442630" lon="3.5869130">
    <ele>2.8</ele>
    <time>2025-05-13T07:36:36Z</time>
   </trkpt>
   <trkpt lat="43.3443140" lon="3.5869790">
    <ele>2.8</ele>
    <time>2025-05-13T07:36:37Z</time>
   </trkpt>
   <trkpt lat="43.3443670" lon="3.5870450">
    <ele>2.8</ele>
    <time>2025-05-13T07:36:38Z</time>
   </trkpt>
   <trkpt lat="43.3444190" lon="3.5871100">
    <ele>2.8</ele>
    <time>2025-05-13T07:36:39Z</time>
   </trkpt>
   <trkpt lat="43.3444730" lon="3.5871770">
    <ele>2.8</ele>
    <time>2025-05-13T07:36:40Z</time>
   </trkpt>
   <trkpt lat="43.3445250" lon="3.5872450">
    <ele>2.8</ele>
    <time>2025-05-13T07:36:41Z</time>
   </trkpt>
   <trkpt lat="43.3445760" lon="3.5873150">
    <ele>2.8</ele>
    <time>2025-05-13T07:36:42Z</time>
   </trkpt>
   <trkpt lat="43.3446250" lon="3.5873800">
    <ele>2.9</ele>
    <time>2025-05-13T07:36:43Z</time>
   </trkpt>
   <trkpt lat="43.3446760" lon="3.5874450">
    <ele>2.9</ele>
    <time>2025-05-13T07:36:44Z</time>
   </trkpt>
   <trkpt lat="43.3447280" lon="3.5875100">
    <ele>2.9</ele>
    <time>2025-05-13T07:36:45Z</time>
   </trkpt>
   <trkpt lat="43.3447800" lon="3.5875730">
    <ele>2.9</ele>
    <time>2025-05-13T07:36:46Z</time>
   </trkpt>
   <trkpt lat="43.3448350" lon="3.5876360">
    <ele>2.9</ele>
    <time>2025-05-13T07:36:47Z</time>
   </trkpt>
   <trkpt lat="43.3448870" lon="3.5876990">
    <ele>2.9</ele>
    <time>2025-05-13T07:36:48Z</time>
   </trkpt>
   <trkpt lat="43.3449400" lon="3.5877610">
    <ele>2.8</ele>
    <time>2025-05-13T07:36:49Z</time>
   </trkpt>
   <trkpt lat="43.3449920" lon="3.5878260">
    <ele>2.8</ele>
    <time>2025-05-13T07:36:50Z</time>
   </trkpt>
   <trkpt lat="43.3450420" lon="3.5878930">
    <ele>2.8</ele>
    <time>2025-05-13T07:36:51Z</time>
   </trkpt>
   <trkpt lat="43.3450950" lon="3.5879580">
    <ele>2.8</ele>
    <time>2025-05-13T07:36:52Z</time>
   </trkpt>
   <trkpt lat="43.3451470" lon="3.5880260">
    <ele>2.7</ele>
    <time>2025-05-13T07:36:53Z</time>
   </trkpt>
   <trkpt lat="43.3451970" lon="3.5880920">
    <ele>2.7</ele>
    <time>2025-05-13T07:36:54Z</time>
   </trkpt>
   <trkpt lat="43.3452470" lon="3.5881570">
    <ele>2.7</ele>
    <time>2025-05-13T07:36:55Z</time>
   </trkpt>
   <trkpt lat="43.3453040" lon="3.5882200">
    <ele>2.7</ele>
    <time>2025-05-13T07:36:56Z</time>
   </trkpt>
   <trkpt lat="43.3453580" lon="3.5882860">
    <ele>2.8</ele>
    <time>2025-05-13T07:36:57Z</time>
   </trkpt>
   <trkpt lat="43.3454100" lon="3.5883530">
    <ele>2.8</ele>
    <time>2025-05-13T07:36:58Z</time>
   </trkpt>
   <trkpt lat="43.3454640" lon="3.5884190">
    <ele>2.8</ele>
    <time>2025-05-13T07:36:59Z</time>
   </trkpt>
   <trkpt lat="43.3455160" lon="3.5884860">
    <ele>2.8</ele>
    <time>2025-05-13T07:37:00Z</time>
   </trkpt>
   <trkpt lat="43.3455680" lon="3.5885530">
    <ele>2.9</ele>
    <time>2025-05-13T07:37:01Z</time>
   </trkpt>
   <trkpt lat="43.3456190" lon="3.5886170">
    <ele>2.9</ele>
    <time>2025-05-13T07:37:02Z</time>
   </trkpt>
   <trkpt lat="43.3456730" lon="3.5886810">
    <ele>2.9</ele>
    <time>2025-05-13T07:37:03Z</time>
   </trkpt>
   <trkpt lat="43.3457260" lon="3.5887450">
    <ele>2.9</ele>
    <time>2025-05-13T07:37:04Z</time>
   </trkpt>
   <trkpt lat="43.3457770" lon="3.5888130">
    <ele>2.8</ele>
    <time>2025-05-13T07:37:05Z</time>
   </trkpt>
   <trkpt lat="43.3458270" lon="3.5888810">
    <ele>2.8</ele>
    <time>2025-05-13T07:37:06Z</time>
   </trkpt>
   <trkpt lat="43.3458770" lon="3.5889480">
    <ele>2.8</ele>
    <time>2025-05-13T07:37:07Z</time>
   </trkpt>
   <trkpt lat="43.3459270" lon="3.5890150">
    <ele>2.8</ele>
    <time>2025-05-13T07:37:08Z</time>
   </trkpt>
   <trkpt lat="43.3459800" lon="3.5890800">
    <ele>2.8</ele>
    <time>2025-05-13T07:37:09Z</time>
   </trkpt>
   <trkpt lat="43.3460330" lon="3.5891450">
    <ele>2.8</ele>
    <time>2025-05-13T07:37:10Z</time>
   </trkpt>
   <trkpt lat="43.3460850" lon="3.5892080">
    <ele>2.8</ele>
    <time>2025-05-13T07:37:11Z</time>
   </trkpt>
   <trkpt lat="43.3461370" lon="3.5892740">
    <ele>2.9</ele>
    <time>2025-05-13T07:37:12Z</time>
   </trkpt>
   <trkpt lat="43.3461900" lon="3.5893380">
    <ele>2.9</ele>
    <time>2025-05-13T07:37:13Z</time>
   </trkpt>
   <trkpt lat="43.3462430" lon="3.5894030">
    <ele>2.9</ele>
    <time>2025-05-13T07:37:14Z</time>
   </trkpt>
   <trkpt lat="43.3462950" lon="3.5894730">
    <ele>2.9</ele>
    <time>2025-05-13T07:37:15Z</time>
   </trkpt>
   <trkpt lat="43.3463460" lon="3.5895410">
    <ele>2.9</ele>
    <time>2025-05-13T07:37:16Z</time>
   </trkpt>
   <trkpt lat="43.3463990" lon="3.5896040">
    <ele>2.9</ele>
    <time>2025-05-13T07:37:17Z</time>
   </trkpt>
   <trkpt lat="43.3464520" lon="3.5896680">
    <ele>2.9</ele>
    <time>2025-05-13T07:37:18Z</time>
   </trkpt>
   <trkpt lat="43.3465070" lon="3.5897300">
    <ele>2.8</ele>
    <time>2025-05-13T07:37:19Z</time>
   </trkpt>
   <trkpt lat="43.3465630" lon="3.5897930">
    <ele>2.8</ele>
    <time>2025-05-13T07:37:20Z</time>
   </trkpt>
   <trkpt lat="43.3466130" lon="3.5898590">
    <ele>2.8</ele>
    <time>2025-05-13T07:37:21Z</time>
   </trkpt>
   <trkpt lat="43.3466630" lon="3.5899260">
    <ele>2.7</ele>
    <time>2025-05-13T07:37:22Z</time>
   </trkpt>
   <trkpt lat="43.3467140" lon="3.5899920">
    <ele>2.7</ele>
    <time>2025-05-13T07:37:23Z</time>
   </trkpt>
   <trkpt lat="43.3467660" lon="3.5900580">
    <ele>2.7</ele>
    <time>2025-05-13T07:37:24Z</time>
   </trkpt>
   <trkpt lat="43.3468170" lon="3.5901230">
    <ele>2.6</ele>
    <time>2025-05-13T07:37:25Z</time>
   </trkpt>
   <trkpt lat="43.3468630" lon="3.5901850">
    <ele>2.6</ele>
    <time>2025-05-13T07:37:26Z</time>
   </trkpt>
   <trkpt lat="43.3469110" lon="3.5902450">
    <ele>2.6</ele>
    <time>2025-05-13T07:37:27Z</time>
   </trkpt>
   <trkpt lat="43.3469580" lon="3.5902990">
    <ele>2.6</ele>
    <time>2025-05-13T07:37:28Z</time>
   </trkpt>
   <trkpt lat="43.3470040" lon="3.5903550">
    <ele>2.5</ele>
    <time>2025-05-13T07:37:29Z</time>
   </trkpt>
   <trkpt lat="43.3470550" lon="3.5904090">
    <ele>2.5</ele>
    <time>2025-05-13T07:37:30Z</time>
   </trkpt>
   <trkpt lat="43.3471060" lon="3.5904660">
    <ele>2.5</ele>
    <time>2025-05-13T07:37:31Z</time>
   </trkpt>
   <trkpt lat="43.3471580" lon="3.5905220">
    <ele>2.5</ele>
    <time>2025-05-13T07:37:32Z</time>
   </trkpt>
   <trkpt lat="43.3472100" lon="3.5905770">
    <ele>2.5</ele>
    <time>2025-05-13T07:37:33Z</time>
   </trkpt>
   <trkpt lat="43.3472660" lon="3.5906190">
    <ele>2.5</ele>
    <time>2025-05-13T07:37:34Z</time>
   </trkpt>
   <trkpt lat="43.3473230" lon="3.5906420">
    <ele>2.4</ele>
    <time>2025-05-13T07:37:35Z</time>
   </trkpt>
   <trkpt lat="43.3473820" lon="3.5906450">
    <ele>2.4</ele>
    <time>2025-05-13T07:37:36Z</time>
   </trkpt>
   <trkpt lat="43.3474390" lon="3.5906260">
    <ele>2.3</ele>
    <time>2025-05-13T07:37:37Z</time>
   </trkpt>
   <trkpt lat="43.3474880" lon="3.5905900">
    <ele>2.3</ele>
    <time>2025-05-13T07:37:38Z</time>
   </trkpt>
   <trkpt lat="43.3475330" lon="3.5905440">
    <ele>2.2</ele>
    <time>2025-05-13T07:37:39Z</time>
   </trkpt>
   <trkpt lat="43.3475740" lon="3.5904870">
    <ele>2.2</ele>
    <time>2025-05-13T07:37:40Z</time>
   </trkpt>
   <trkpt lat="43.3476120" lon="3.5904300">
    <ele>2.1</ele>
    <time>2025-05-13T07:37:41Z</time>
   </trkpt>
   <trkpt lat="43.3476520" lon="3.5903730">
    <ele>2.0</ele>
    <time>2025-05-13T07:37:42Z</time>
   </trkpt>
   <trkpt lat="43.3476920" lon="3.5903240">
    <ele>2.0</ele>
    <time>2025-05-13T07:37:43Z</time>
   </trkpt>
   <trkpt lat="43.3477410" lon="3.5902880">
    <ele>1.9</ele>
    <time>2025-05-13T07:37:44Z</time>
   </trkpt>
   <trkpt lat="43.3477940" lon="3.5902730">
    <ele>1.9</ele>
    <time>2025-05-13T07:37:45Z</time>
   </trkpt>
   <trkpt lat="43.3478480" lon="3.5902850">
    <ele>1.8</ele>
    <time>2025-05-13T07:37:46Z</time>
   </trkpt>
   <trkpt lat="43.3478990" lon="3.5903210">
    <ele>1.7</ele>
    <time>2025-05-13T07:37:47Z</time>
   </trkpt>
   <trkpt lat="43.3479450" lon="3.5903700">
    <ele>1.7</ele>
    <time>2025-05-13T07:37:48Z</time>
   </trkpt>
   <trkpt lat="43.3479880" lon="3.5904250">
    <ele>1.7</ele>
    <time>2025-05-13T07:37:49Z</time>
   </trkpt>
   <trkpt lat="43.3480310" lon="3.5904850">
    <ele>1.7</ele>
    <time>2025-05-13T07:37:50Z</time>
   </trkpt>
   <trkpt lat="43.3480770" lon="3.5905360">
    <ele>1.7</ele>
    <time>2025-05-13T07:37:51Z</time>
   </trkpt>
   <trkpt lat="43.3481290" lon="3.5905720">
    <ele>1.7</ele>
    <time>2025-05-13T07:37:52Z</time>
   </trkpt>
   <trkpt lat="43.3481860" lon="3.5905940">
    <ele>1.7</ele>
    <time>2025-05-13T07:37:53Z</time>
   </trkpt>
   <trkpt lat="43.3482460" lon="3.5906030">
    <ele>1.7</ele>
    <time>2025-05-13T07:37:54Z</time>
   </trkpt>
   <trkpt lat="43.3483040" lon="3.5906100">
    <ele>1.7</ele>
    <time>2025-05-13T07:37:55Z</time>
   </trkpt>
   <trkpt lat="43.3483570" lon="3.5906370">
    <ele>1.7</ele>
    <time>2025-05-13T07:37:56Z</time>
   </trkpt>
   <trkpt lat="43.3484000" lon="3.5906810">
    <ele>1.7</ele>
    <time>2025-05-13T07:37:57Z</time>
   </trkpt>
   <trkpt lat="43.3484360" lon="3.5907360">
    <ele>1.7</ele>
    <time>2025-05-13T07:37:58Z</time>
   </trkpt>
   <trkpt lat="43.3484660" lon="3.5907980">
    <ele>1.7</ele>
    <time>2025-05-13T07:37:59Z</time>
   </trkpt>
   <trkpt lat="43.3484960" lon="3.5908590">
    <ele>1.7</ele>
    <time>2025-05-13T07:38:00Z</time>
   </trkpt>
   <trkpt lat="43.3485310" lon="3.5909180">
    <ele>1.6</ele>
    <time>2025-05-13T07:38:01Z</time>
   </trkpt>
   <trkpt lat="43.3485690" lon="3.5909790">
    <ele>1.6</ele>
    <time>2025-05-13T07:38:02Z</time>
   </trkpt>
   <trkpt lat="43.3486090" lon="3.5910420">
    <ele>1.6</ele>
    <time>2025-05-13T07:38:03Z</time>
   </trkpt>
   <trkpt lat="43.3486480" lon="3.5911060">
    <ele>1.5</ele>
    <time>2025-05-13T07:38:04Z</time>
   </trkpt>
   <trkpt lat="43.3486870" lon="3.5911730">
    <ele>1.5</ele>
    <time>2025-05-13T07:38:05Z</time>
   </trkpt>
   <trkpt lat="43.3487280" lon="3.5912420">
    <ele>1.5</ele>
    <time>2025-05-13T07:38:06Z</time>
   </trkpt>
   <trkpt lat="43.3487680" lon="3.5913040">
    <ele>1.5</ele>
    <time>2025-05-13T07:38:07Z</time>
   </trkpt>
   <trkpt lat="43.3488100" lon="3.5913670">
    <ele>1.5</ele>
    <time>2025-05-13T07:38:08Z</time>
   </trkpt>
   <trkpt lat="43.3488530" lon="3.5914370">
    <ele>1.5</ele>
    <time>2025-05-13T07:38:09Z</time>
   </trkpt>
   <trkpt lat="43.3488970" lon="3.5915110">
    <ele>1.5</ele>
    <time>2025-05-13T07:38:10Z</time>
   </trkpt>
   <trkpt lat="43.3489420" lon="3.5915840">
    <ele>1.5</ele>
    <time>2025-05-13T07:38:11Z</time>
   </trkpt>
   <trkpt lat="43.3489890" lon="3.5916520">
    <ele>1.5</ele>
    <time>2025-05-13T07:38:12Z</time>
   </trkpt>
   <trkpt lat="43.3490310" lon="3.5917230">
    <ele>1.6</ele>
    <time>2025-05-13T07:38:13Z</time>
   </trkpt>
   <trkpt lat="43.3490730" lon="3.5917910">
    <ele>1.7</ele>
    <time>2025-05-13T07:38:14Z</time>
   </trkpt>
   <trkpt lat="43.3491140" lon="3.5918600">
    <ele>1.7</ele>
    <time>2025-05-13T07:38:15Z</time>
   </trkpt>
   <trkpt lat="43.3491580" lon="3.5919300">
    <ele>1.8</ele>
    <time>2025-05-13T07:38:16Z</time>
   </trkpt>
   <trkpt lat="43.3491980" lon="3.5919990">
    <ele>1.9</ele>
    <time>2025-05-13T07:38:17Z</time>
   </trkpt>
   <trkpt lat="43.3492390" lon="3.5920620">
    <ele>1.9</ele>
    <time>2025-05-13T07:38:18Z</time>
   </trkpt>
   <trkpt lat="43.3492780" lon="3.5921230">
    <ele>2.0</ele>
    <time>2025-05-13T07:38:19Z</time>
   </trkpt>
   <trkpt lat="43.3493160" lon="3.5921780">
    <ele>2.0</ele>
    <time>2025-05-13T07:38:20Z</time>
   </trkpt>
   <trkpt lat="43.3493540" lon="3.5922320">
    <ele>2.0</ele>
    <time>2025-05-13T07:38:21Z</time>
   </trkpt>
   <trkpt lat="43.3493880" lon="3.5922850">
    <ele>2.0</ele>
    <time>2025-05-13T07:38:22Z</time>
   </trkpt>
   <trkpt lat="43.3494210" lon="3.5923320">
    <ele>2.0</ele>
    <time>2025-05-13T07:38:23Z</time>
   </trkpt>
   <trkpt lat="43.3494570" lon="3.5923700">
    <ele>2.0</ele>
    <time>2025-05-13T07:38:24Z</time>
   </trkpt>
   <trkpt lat="43.3494930" lon="3.5924060">
    <ele>2.0</ele>
    <time>2025-05-13T07:38:25Z</time>
   </trkpt>
   <trkpt lat="43.3495330" lon="3.5924370">
    <ele>1.9</ele>
    <time>2025-05-13T07:38:26Z</time>
   </trkpt>
   <trkpt lat="43.3495730" lon="3.5924680">
    <ele>1.9</ele>
    <time>2025-05-13T07:38:27Z</time>
   </trkpt>
   <trkpt lat="43.3496170" lon="3.5924980">
    <ele>1.9</ele>
    <time>2025-05-13T07:38:28Z</time>
   </trkpt>
   <trkpt lat="43.3496630" lon="3.5925230">
    <ele>1.9</ele>
    <time>2025-05-13T07:38:29Z</time>
   </trkpt>
   <trkpt lat="43.3497090" lon="3.5925520">
    <ele>1.8</ele>
    <time>2025-05-13T07:38:30Z</time>
   </trkpt>
   <trkpt lat="43.3497550" lon="3.5925860">
    <ele>1.8</ele>
    <time>2025-05-13T07:38:31Z</time>
   </trkpt>
   <trkpt lat="43.3498000" lon="3.5926300">
    <ele>1.8</ele>
    <time>2025-05-13T07:38:32Z</time>
   </trkpt>
   <trkpt lat="43.3498420" lon="3.5926850">
    <ele>1.8</ele>
    <time>2025-05-13T07:38:33Z</time>
   </trkpt>
   <trkpt lat="43.3498820" lon="3.5927470">
    <ele>1.7</ele>
    <time>2025-05-13T07:38:34Z</time>
   </trkpt>
   <trkpt lat="43.3499220" lon="3.5928110">
    <ele>1.7</ele>
    <time>2025-05-13T07:38:35Z</time>
   </trkpt>
   <trkpt lat="43.3499630" lon="3.5928770">
    <ele>1.7</ele>
    <time>2025-05-13T07:38:36Z</time>
   </trkpt>
   <trkpt lat="43.3500050" lon="3.5929470">
    <ele>1.7</ele>
    <time>2025-05-13T07:38:37Z</time>
   </trkpt>
   <trkpt lat="43.3500490" lon="3.5930170">
    <ele>1.8</ele>
    <time>2025-05-13T07:38:38Z</time>
   </trkpt>
   <trkpt lat="43.3500900" lon="3.5930870">
    <ele>1.8</ele>
    <time>2025-05-13T07:38:39Z</time>
   </trkpt>
   <trkpt lat="43.3501330" lon="3.5931580">
    <ele>1.8</ele>
    <time>2025-05-13T07:38:40Z</time>
   </trkpt>
   <trkpt lat="43.3501810" lon="3.5932280">
    <ele>1.8</ele>
    <time>2025-05-13T07:38:41Z</time>
   </trkpt>
   <trkpt lat="43.3502300" lon="3.5932860">
    <ele>1.8</ele>
    <time>2025-05-13T07:38:42Z</time>
   </trkpt>
   <trkpt lat="43.3502790" lon="3.5933380">
    <ele>1.8</ele>
    <time>2025-05-13T07:38:43Z</time>
   </trkpt>
   <trkpt lat="43.3503310" lon="3.5933790">
    <ele>1.9</ele>
    <time>2025-05-13T07:38:44Z</time>
   </trkpt>
   <trkpt lat="43.3503860" lon="3.5934080">
    <ele>1.9</ele>
    <time>2025-05-13T07:38:45Z</time>
   </trkpt>
   <trkpt lat="43.3504430" lon="3.5934370">
    <ele>1.9</ele>
    <time>2025-05-13T07:38:46Z</time>
   </trkpt>
   <trkpt lat="43.3504980" lon="3.5934800">
    <ele>1.9</ele>
    <time>2025-05-13T07:38:47Z</time>
   </trkpt>
   <trkpt lat="43.3505470" lon="3.5935380">
    <ele>1.9</ele>
    <time>2025-05-13T07:38:48Z</time>
   </trkpt>
   <trkpt lat="43.3505950" lon="3.5936060">
    <ele>1.9</ele>
    <time>2025-05-13T07:38:49Z</time>
   </trkpt>
   <trkpt lat="43.3506370" lon="3.5936790">
    <ele>1.9</ele>
    <time>2025-05-13T07:38:50Z</time>
   </trkpt>
   <trkpt lat="43.3506800" lon="3.5937530">
    <ele>1.9</ele>
    <time>2025-05-13T07:38:51Z</time>
   </trkpt>
   <trkpt lat="43.3507190" lon="3.5938270">
    <ele>1.9</ele>
    <time>2025-05-13T07:38:52Z</time>
   </trkpt>
   <trkpt lat="43.3507570" lon="3.5938980">
    <ele>1.9</ele>
    <time>2025-05-13T07:38:53Z</time>
   </trkpt>
   <trkpt lat="43.3508000" lon="3.5939660">
    <ele>1.9</ele>
    <time>2025-05-13T07:38:54Z</time>
   </trkpt>
   <trkpt lat="43.3508440" lon="3.5940260">
    <ele>1.8</ele>
    <time>2025-05-13T07:38:55Z</time>
   </trkpt>
   <trkpt lat="43.3508910" lon="3.5940850">
    <ele>1.8</ele>
    <time>2025-05-13T07:38:56Z</time>
   </trkpt>
   <trkpt lat="43.3509350" lon="3.5941460">
    <ele>1.8</ele>
    <time>2025-05-13T07:38:57Z</time>
   </trkpt>
   <trkpt lat="43.3509700" lon="3.5942020">
    <ele>1.8</ele>
    <time>2025-05-13T07:38:58Z</time>
   </trkpt>
   <trkpt lat="43.3510030" lon="3.5942570">
    <ele>1.8</ele>
    <time>2025-05-13T07:38:59Z</time>
   </trkpt>
   <trkpt lat="43.3510390" lon="3.5943070">
    <ele>1.8</ele>
    <time>2025-05-13T07:39:00Z</time>
   </trkpt>
   <trkpt lat="43.3510790" lon="3.5943520">
    <ele>1.8</ele>
    <time>2025-05-13T07:39:01Z</time>
   </trkpt>
   <trkpt lat="43.3511240" lon="3.5943940">
    <ele>1.8</ele>
    <time>2025-05-13T07:39:02Z</time>
   </trkpt>
   <trkpt lat="43.3511760" lon="3.5944310">
    <ele>1.8</ele>
    <time>2025-05-13T07:39:03Z</time>
   </trkpt>
   <trkpt lat="43.3512320" lon="3.5944680">
    <ele>1.8</ele>
    <time>2025-05-13T07:39:04Z</time>
   </trkpt>
   <trkpt lat="43.3512910" lon="3.5945050">
    <ele>1.8</ele>
    <time>2025-05-13T07:39:05Z</time>
   </trkpt>
   <trkpt lat="43.3513420" lon="3.5945460">
    <ele>1.8</ele>
    <time>2025-05-13T07:39:06Z</time>
   </trkpt>
   <trkpt lat="43.3513840" lon="3.5945970">
    <ele>1.8</ele>
    <time>2025-05-13T07:39:07Z</time>
   </trkpt>
   <trkpt lat="43.3514210" lon="3.5946520">
    <ele>1.8</ele>
    <time>2025-05-13T07:39:08Z</time>
   </trkpt>
   <trkpt lat="43.3514540" lon="3.5947170">
    <ele>1.8</ele>
    <time>2025-05-13T07:39:09Z</time>
   </trkpt>
   <trkpt lat="43.3514900" lon="3.5947850">
    <ele>1.8</ele>
    <time>2025-05-13T07:39:10Z</time>
   </trkpt>
   <trkpt lat="43.3515280" lon="3.5948540">
    <ele>1.8</ele>
    <time>2025-05-13T07:39:11Z</time>
   </trkpt>
   <trkpt lat="43.3515700" lon="3.5949230">
    <ele>1.8</ele>
    <time>2025-05-13T07:39:12Z</time>
   </trkpt>
   <trkpt lat="43.3516160" lon="3.5949950">
    <ele>1.8</ele>
    <time>2025-05-13T07:39:13Z</time>
   </trkpt>
   <trkpt lat="43.3516590" lon="3.5950650">
    <ele>1.7</ele>
    <time>2025-05-13T07:39:14Z</time>
   </trkpt>
   <trkpt lat="43.3517030" lon="3.5951380">
    <ele>1.7</ele>
    <time>2025-05-13T07:39:15Z</time>
   </trkpt>
   <trkpt lat="43.3517450" lon="3.5952150">
    <ele>1.7</ele>
    <time>2025-05-13T07:39:16Z</time>
   </trkpt>
   <trkpt lat="43.3517870" lon="3.5952900">
    <ele>1.6</ele>
    <time>2025-05-13T07:39:17Z</time>
   </trkpt>
   <trkpt lat="43.3518220" lon="3.5953680">
    <ele>1.6</ele>
    <time>2025-05-13T07:39:18Z</time>
   </trkpt>
   <trkpt lat="43.3518630" lon="3.5954490">
    <ele>1.6</ele>
    <time>2025-05-13T07:39:19Z</time>
   </trkpt>
   <trkpt lat="43.3519060" lon="3.5955270">
    <ele>1.6</ele>
    <time>2025-05-13T07:39:20Z</time>
   </trkpt>
   <trkpt lat="43.3519520" lon="3.5956020">
    <ele>1.7</ele>
    <time>2025-05-13T07:39:21Z</time>
   </trkpt>
   <trkpt lat="43.3520000" lon="3.5956780">
    <ele>1.8</ele>
    <time>2025-05-13T07:39:22Z</time>
   </trkpt>
   <trkpt lat="43.3520420" lon="3.5957550">
    <ele>1.9</ele>
    <time>2025-05-13T07:39:23Z</time>
   </trkpt>
   <trkpt lat="43.3520830" lon="3.5958280">
    <ele>2.0</ele>
    <time>2025-05-13T07:39:24Z</time>
   </trkpt>
   <trkpt lat="43.3521240" lon="3.5959020">
    <ele>2.1</ele>
    <time>2025-05-13T07:39:25Z</time>
   </trkpt>
   <trkpt lat="43.3521650" lon="3.5959730">
    <ele>2.3</ele>
    <time>2025-05-13T07:39:26Z</time>
   </trkpt>
   <trkpt lat="43.3522090" lon="3.5960410">
    <ele>2.4</ele>
    <time>2025-05-13T07:39:27Z</time>
   </trkpt>
   <trkpt lat="43.3522520" lon="3.5961110">
    <ele>2.5</ele>
    <time>2025-05-13T07:39:28Z</time>
   </trkpt>
   <trkpt lat="43.3522980" lon="3.5961830">
    <ele>2.5</ele>
    <time>2025-05-13T07:39:29Z</time>
   </trkpt>
   <trkpt lat="43.3523470" lon="3.5962480">
    <ele>2.6</ele>
    <time>2025-05-13T07:39:30Z</time>
   </trkpt>
   <trkpt lat="43.3523920" lon="3.5963150">
    <ele>2.6</ele>
    <time>2025-05-13T07:39:31Z</time>
   </trkpt>
   <trkpt lat="43.3524400" lon="3.5963830">
    <ele>2.6</ele>
    <time>2025-05-13T07:39:32Z</time>
   </trkpt>
   <trkpt lat="43.3524910" lon="3.5964500">
    <ele>2.7</ele>
    <time>2025-05-13T07:39:33Z</time>
   </trkpt>
   <trkpt lat="43.3525400" lon="3.5965230">
    <ele>2.6</ele>
    <time>2025-05-13T07:39:34Z</time>
   </trkpt>
   <trkpt lat="43.3525900" lon="3.5965960">
    <ele>2.6</ele>
    <time>2025-05-13T07:39:35Z</time>
   </trkpt>
   <trkpt lat="43.3526380" lon="3.5966640">
    <ele>2.5</ele>
    <time>2025-05-13T07:39:36Z</time>
   </trkpt>
   <trkpt lat="43.3526870" lon="3.5967360">
    <ele>2.4</ele>
    <time>2025-05-13T07:39:37Z</time>
   </trkpt>
   <trkpt lat="43.3527350" lon="3.5968060">
    <ele>2.4</ele>
    <time>2025-05-13T07:39:38Z</time>
   </trkpt>
   <trkpt lat="43.3527820" lon="3.5968770">
    <ele>2.4</ele>
    <time>2025-05-13T07:39:39Z</time>
   </trkpt>
   <trkpt lat="43.3528270" lon="3.5969470">
    <ele>2.4</ele>
    <time>2025-05-13T07:39:40Z</time>
   </trkpt>
   <trkpt lat="43.3528690" lon="3.5970150">
    <ele>2.4</ele>
    <time>2025-05-13T07:39:41Z</time>
   </trkpt>
   <trkpt lat="43.3529070" lon="3.5970830">
    <ele>2.5</ele>
    <time>2025-05-13T07:39:42Z</time>
   </trkpt>
   <trkpt lat="43.3529440" lon="3.5971470">
    <ele>2.5</ele>
    <time>2025-05-13T07:39:43Z</time>
   </trkpt>
   <trkpt lat="43.3529780" lon="3.5972090">
    <ele>2.6</ele>
    <time>2025-05-13T07:39:44Z</time>
   </trkpt>
   <trkpt lat="43.3530130" lon="3.5972670">
    <ele>2.7</ele>
    <time>2025-05-13T07:39:45Z</time>
   </trkpt>
   <trkpt lat="43.3530450" lon="3.5973250">
    <ele>2.8</ele>
    <time>2025-05-13T07:39:46Z</time>
   </trkpt>
   <trkpt lat="43.3530780" lon="3.5973850">
    <ele>2.9</ele>
    <time>2025-05-13T07:39:47Z</time>
   </trkpt>
   <trkpt lat="43.3531100" lon="3.5974400">
    <ele>2.9</ele>
    <time>2025-05-13T07:39:48Z</time>
   </trkpt>
   <trkpt lat="43.3531470" lon="3.5974900">
    <ele>2.9</ele>
    <time>2025-05-13T07:39:49Z</time>
   </trkpt>
   <trkpt lat="43.3531920" lon="3.5975340">
    <ele>2.9</ele>
    <time>2025-05-13T07:39:50Z</time>
   </trkpt>
   <trkpt lat="43.3532430" lon="3.5975740">
    <ele>2.8</ele>
    <time>2025-05-13T07:39:51Z</time>
   </trkpt>
   <trkpt lat="43.3532900" lon="3.5976120">
    <ele>2.7</ele>
    <time>2025-05-13T07:39:52Z</time>
   </trkpt>
   <trkpt lat="43.3533440" lon="3.5976440">
    <ele>2.6</ele>
    <time>2025-05-13T07:39:53Z</time>
   </trkpt>
   <trkpt lat="43.3533950" lon="3.5976750">
    <ele>2.5</ele>
    <time>2025-05-13T07:39:54Z</time>
   </trkpt>
   <trkpt lat="43.3534490" lon="3.5977020">
    <ele>2.4</ele>
    <time>2025-05-13T07:39:55Z</time>
   </trkpt>
   <trkpt lat="43.3535030" lon="3.5977320">
    <ele>2.2</ele>
    <time>2025-05-13T07:39:56Z</time>
   </trkpt>
   <trkpt lat="43.3535560" lon="3.5977770">
    <ele>2.1</ele>
    <time>2025-05-13T07:39:57Z</time>
   </trkpt>
   <trkpt lat="43.3536020" lon="3.5978370">
    <ele>2.1</ele>
    <time>2025-05-13T07:39:58Z</time>
   </trkpt>
   <trkpt lat="43.3536400" lon="3.5978970">
    <ele>2.0</ele>
    <time>2025-05-13T07:39:59Z</time>
   </trkpt>
   <trkpt lat="43.3536750" lon="3.5979560">
    <ele>2.0</ele>
    <time>2025-05-13T07:40:00Z</time>
   </trkpt>
   <trkpt lat="43.3537070" lon="3.5980160">
    <ele>2.0</ele>
    <time>2025-05-13T07:40:01Z</time>
   </trkpt>
   <trkpt lat="43.3537350" lon="3.5980760">
    <ele>2.0</ele>
    <time>2025-05-13T07:40:02Z</time>
   </trkpt>
   <trkpt lat="43.3537630" lon="3.5981320">
    <ele>2.0</ele>
    <time>2025-05-13T07:40:03Z</time>
   </trkpt>
   <trkpt lat="43.3537910" lon="3.5981900">
    <ele>2.1</ele>
    <time>2025-05-13T07:40:04Z</time>
   </trkpt>
   <trkpt lat="43.3538220" lon="3.5982470">
    <ele>2.2</ele>
    <time>2025-05-13T07:40:05Z</time>
   </trkpt>
   <trkpt lat="43.3538580" lon="3.5983050">
    <ele>2.2</ele>
    <time>2025-05-13T07:40:06Z</time>
   </trkpt>
   <trkpt lat="43.3538970" lon="3.5983650">
    <ele>2.3</ele>
    <time>2025-05-13T07:40:07Z</time>
   </trkpt>
   <trkpt lat="43.3539390" lon="3.5984230">
    <ele>2.4</ele>
    <time>2025-05-13T07:40:08Z</time>
   </trkpt>
   <trkpt lat="43.3539810" lon="3.5984800">
    <ele>2.5</ele>
    <time>2025-05-13T07:40:09Z</time>
   </trkpt>
   <trkpt lat="43.3540170" lon="3.5985400">
    <ele>2.5</ele>
    <time>2025-05-13T07:40:10Z</time>
   </trkpt>
   <trkpt lat="43.3540550" lon="3.5986020">
    <ele>2.6</ele>
    <time>2025-05-13T07:40:11Z</time>
   </trkpt>
   <trkpt lat="43.3540950" lon="3.5986620">
    <ele>2.6</ele>
    <time>2025-05-13T07:40:12Z</time>
   </trkpt>
   <trkpt lat="43.3541330" lon="3.5987260">
    <ele>2.6</ele>
    <time>2025-05-13T07:40:13Z</time>
   </trkpt>
   <trkpt lat="43.3541750" lon="3.5987930">
    <ele>2.5</ele>
    <time>2025-05-13T07:40:14Z</time>
   </trkpt>
   <trkpt lat="43.3542150" lon="3.5988620">
    <ele>2.5</ele>
    <time>2025-05-13T07:40:15Z</time>
   </trkpt>
   <trkpt lat="43.3542570" lon="3.5989320">
    <ele>2.4</ele>
    <time>2025-05-13T07:40:16Z</time>
   </trkpt>
   <trkpt lat="43.3543000" lon="3.5990040">
    <ele>2.4</ele>
    <time>2025-05-13T07:40:17Z</time>
   </trkpt>
   <trkpt lat="43.3543480" lon="3.5990750">
    <ele>2.3</ele>
    <time>2025-05-13T07:40:18Z</time>
   </trkpt>
   <trkpt lat="43.3543960" lon="3.5991510">
    <ele>2.3</ele>
    <time>2025-05-13T07:40:19Z</time>
   </trkpt>
   <trkpt lat="43.3544400" lon="3.5992240">
    <ele>2.2</ele>
    <time>2025-05-13T07:40:20Z</time>
   </trkpt>
   <trkpt lat="43.3544840" lon="3.5992950">
    <ele>2.2</ele>
    <time>2025-05-13T07:40:21Z</time>
   </trkpt>
   <trkpt lat="43.3545270" lon="3.5993610">
    <ele>2.2</ele>
    <time>2025-05-13T07:40:22Z</time>
   </trkpt>
   <trkpt lat="43.3545670" lon="3.5994250">
    <ele>2.2</ele>
    <time>2025-05-13T07:40:23Z</time>
   </trkpt>
   <trkpt lat="43.3546050" lon="3.5994900">
    <ele>2.2</ele>
    <time>2025-05-13T07:40:24Z</time>
   </trkpt>
   <trkpt lat="43.3546420" lon="3.5995550">
    <ele>2.2</ele>
    <time>2025-05-13T07:40:25Z</time>
   </trkpt>
   <trkpt lat="43.3546800" lon="3.5996180">
    <ele>2.2</ele>
    <time>2025-05-13T07:40:26Z</time>
   </trkpt>
   <trkpt lat="43.3547230" lon="3.5996870">
    <ele>2.2</ele>
    <time>2025-05-13T07:40:27Z</time>
   </trkpt>
   <trkpt lat="43.3547660" lon="3.5997460">
    <ele>2.2</ele>
    <time>2025-05-13T07:40:28Z</time>
   </trkpt>
   <trkpt lat="43.3548200" lon="3.5997950">
    <ele>2.2</ele>
    <time>2025-05-13T07:40:29Z</time>
   </trkpt>
   <trkpt lat="43.3548770" lon="3.5998270">
    <ele>2.2</ele>
    <time>2025-05-13T07:40:30Z</time>
   </trkpt>
   <trkpt lat="43.3549410" lon="3.5998370">
    <ele>2.2</ele>
    <time>2025-05-13T07:40:31Z</time>
   </trkpt>
   <trkpt lat="43.3550060" lon="3.5998450">
    <ele>2.2</ele>
    <time>2025-05-13T07:40:32Z</time>
   </trkpt>
   <trkpt lat="43.3550680" lon="3.5998530">
    <ele>2.2</ele>
    <time>2025-05-13T07:40:33Z</time>
   </trkpt>
   <trkpt lat="43.3551280" lon="3.5998710">
    <ele>2.3</ele>
    <time>2025-05-13T07:40:34Z</time>
   </trkpt>
   <trkpt lat="43.3551820" lon="3.5999020">
    <ele>2.3</ele>
    <time>2025-05-13T07:40:35Z</time>
   </trkpt>
   <trkpt lat="43.3552320" lon="3.5999470">
    <ele>2.3</ele>
    <time>2025-05-13T07:40:36Z</time>
   </trkpt>
   <trkpt lat="43.3552740" lon="3.5999970">
    <ele>2.4</ele>
    <time>2025-05-13T07:40:37Z</time>
   </trkpt>
   <trkpt lat="43.3553120" lon="3.6000540">
    <ele>2.4</ele>
    <time>2025-05-13T07:40:38Z</time>
   </trkpt>
   <trkpt lat="43.3553460" lon="3.6001170">
    <ele>2.4</ele>
    <time>2025-05-13T07:40:39Z</time>
   </trkpt>
   <trkpt lat="43.3553800" lon="3.6001830">
    <ele>2.4</ele>
    <time>2025-05-13T07:40:40Z</time>
   </trkpt>
   <trkpt lat="43.3554120" lon="3.6002490">
    <ele>2.4</ele>
    <time>2025-05-13T07:40:41Z</time>
   </trkpt>
   <trkpt lat="43.3554470" lon="3.6003120">
    <ele>2.4</ele>
    <time>2025-05-13T07:40:42Z</time>
   </trkpt>
   <trkpt lat="43.3554880" lon="3.6003760">
    <ele>2.4</ele>
    <time>2025-05-13T07:40:43Z</time>
   </trkpt>
   <trkpt lat="43.3555270" lon="3.6004400">
    <ele>2.4</ele>
    <time>2025-05-13T07:40:44Z</time>
   </trkpt>
   <trkpt lat="43.3555660" lon="3.6005030">
    <ele>2.5</ele>
    <time>2025-05-13T07:40:45Z</time>
   </trkpt>
   <trkpt lat="43.3556040" lon="3.6005690">
    <ele>2.5</ele>
    <time>2025-05-13T07:40:46Z</time>
   </trkpt>
   <trkpt lat="43.3556470" lon="3.6006370">
    <ele>2.5</ele>
    <time>2025-05-13T07:40:47Z</time>
   </trkpt>
   <trkpt lat="43.3556920" lon="3.6006990">
    <ele>2.6</ele>
    <time>2025-05-13T07:40:48Z</time>
   </trkpt>
   <trkpt lat="43.3557360" lon="3.6007590">
    <ele>2.6</ele>
    <time>2025-05-13T07:40:49Z</time>
   </trkpt>
   <trkpt lat="43.3557750" lon="3.6008170">
    <ele>2.6</ele>
    <time>2025-05-13T07:40:50Z</time>
   </trkpt>
   <trkpt lat="43.3558180" lon="3.6008740">
    <ele>2.6</ele>
    <time>2025-05-13T07:40:51Z</time>
   </trkpt>
   <trkpt lat="43.3558640" lon="3.6009380">
    <ele>2.5</ele>
    <time>2025-05-13T07:40:52Z</time>
   </trkpt>
   <trkpt lat="43.3559110" lon="3.6010020">
    <ele>2.5</ele>
    <time>2025-05-13T07:40:53Z</time>
   </trkpt>
   <trkpt lat="43.3559550" lon="3.6010690">
    <ele>2.5</ele>
    <time>2025-05-13T07:40:54Z</time>
   </trkpt>
   <trkpt lat="43.3559940" lon="3.6011320">
    <ele>2.4</ele>
    <time>2025-05-13T07:40:55Z</time>
   </trkpt>
   <trkpt lat="43.3560400" lon="3.6011920">
    <ele>2.4</ele>
    <time>2025-05-13T07:40:56Z</time>
   </trkpt>
   <trkpt lat="43.3560910" lon="3.6012410">
    <ele>2.4</ele>
    <time>2025-05-13T07:40:57Z</time>
   </trkpt>
   <trkpt lat="43.3561390" lon="3.6012860">
    <ele>2.4</ele>
    <time>2025-05-13T07:40:58Z</time>
   </trkpt>
   <trkpt lat="43.3561940" lon="3.6013210">
    <ele>2.4</ele>
    <time>2025-05-13T07:40:59Z</time>
   </trkpt>
   <trkpt lat="43.3562500" lon="3.6013630">
    <ele>2.3</ele>
    <time>2025-05-13T07:41:00Z</time>
   </trkpt>
   <trkpt lat="43.3562990" lon="3.6014180">
    <ele>2.2</ele>
    <time>2025-05-13T07:41:01Z</time>
   </trkpt>
   <trkpt lat="43.3563440" lon="3.6014840">
    <ele>2.1</ele>
    <time>2025-05-13T07:41:02Z</time>
   </trkpt>
   <trkpt lat="43.3563900" lon="3.6015540">
    <ele>2.1</ele>
    <time>2025-05-13T07:41:03Z</time>
   </trkpt>
   <trkpt lat="43.3564370" lon="3.6016220">
    <ele>2.0</ele>
    <time>2025-05-13T07:41:04Z</time>
   </trkpt>
   <trkpt lat="43.3564880" lon="3.6016930">
    <ele>2.0</ele>
    <time>2025-05-13T07:41:05Z</time>
   </trkpt>
   <trkpt lat="43.3565400" lon="3.6017650">
    <ele>2.0</ele>
    <time>2025-05-13T07:41:06Z</time>
   </trkpt>
   <trkpt lat="43.3565870" lon="3.6018300">
    <ele>2.0</ele>
    <time>2025-05-13T07:41:07Z</time>
   </trkpt>
   <trkpt lat="43.3566330" lon="3.6019000">
    <ele>2.0</ele>
    <time>2025-05-13T07:41:08Z</time>
   </trkpt>
   <trkpt lat="43.3566770" lon="3.6019720">
    <ele>2.0</ele>
    <time>2025-05-13T07:41:09Z</time>
   </trkpt>
   <trkpt lat="43.3567190" lon="3.6020420">
    <ele>2.0</ele>
    <time>2025-05-13T07:41:10Z</time>
   </trkpt>
   <trkpt lat="43.3567650" lon="3.6021160">
    <ele>2.0</ele>
    <time>2025-05-13T07:41:11Z</time>
   </trkpt>
   <trkpt lat="43.3568090" lon="3.6021880">
    <ele>2.0</ele>
    <time>2025-05-13T07:41:12Z</time>
   </trkpt>
   <trkpt lat="43.3568530" lon="3.6022620">
    <ele>2.0</ele>
    <time>2025-05-13T07:41:13Z</time>
   </trkpt>
   <trkpt lat="43.3568950" lon="3.6023360">
    <ele>2.0</ele>
    <time>2025-05-13T07:41:14Z</time>
   </trkpt>
   <trkpt lat="43.3569410" lon="3.6024070">
    <ele>2.0</ele>
    <time>2025-05-13T07:41:15Z</time>
   </trkpt>
   <trkpt lat="43.3569910" lon="3.6024810">
    <ele>2.0</ele>
    <time>2025-05-13T07:41:16Z</time>
   </trkpt>
   <trkpt lat="43.3570390" lon="3.6025530">
    <ele>2.0</ele>
    <time>2025-05-13T07:41:17Z</time>
   </trkpt>
   <trkpt lat="43.3570830" lon="3.6026260">
    <ele>2.0</ele>
    <time>2025-05-13T07:41:18Z</time>
   </trkpt>
   <trkpt lat="43.3571270" lon="3.6027010">
    <ele>2.0</ele>
    <time>2025-05-13T07:41:19Z</time>
   </trkpt>
   <trkpt lat="43.3571740" lon="3.6027760">
    <ele>2.0</ele>
    <time>2025-05-13T07:41:20Z</time>
   </trkpt>
   <trkpt lat="43.3572200" lon="3.6028420">
    <ele>2.0</ele>
    <time>2025-05-13T07:41:21Z</time>
   </trkpt>
   <trkpt lat="43.3572650" lon="3.6029110">
    <ele>2.0</ele>
    <time>2025-05-13T07:41:22Z</time>
   </trkpt>
   <trkpt lat="43.3573070" lon="3.6029820">
    <ele>2.0</ele>
    <time>2025-05-13T07:41:23Z</time>
   </trkpt>
   <trkpt lat="43.3573500" lon="3.6030550">
    <ele>2.0</ele>
    <time>2025-05-13T07:41:24Z</time>
   </trkpt>
   <trkpt lat="43.3573920" lon="3.6031300">
    <ele>2.1</ele>
    <time>2025-05-13T07:41:25Z</time>
   </trkpt>
   <trkpt lat="43.3574320" lon="3.6032030">
    <ele>2.1</ele>
    <time>2025-05-13T07:41:26Z</time>
   </trkpt>
   <trkpt lat="43.3574770" lon="3.6032720">
    <ele>2.1</ele>
    <time>2025-05-13T07:41:27Z</time>
   </trkpt>
   <trkpt lat="43.3575180" lon="3.6033410">
    <ele>2.1</ele>
    <time>2025-05-13T07:41:28Z</time>
   </trkpt>
   <trkpt lat="43.3575640" lon="3.6034130">
    <ele>2.1</ele>
    <time>2025-05-13T07:41:29Z</time>
   </trkpt>
   <trkpt lat="43.3576110" lon="3.6034890">
    <ele>2.1</ele>
    <time>2025-05-13T07:41:30Z</time>
   </trkpt>
   <trkpt lat="43.3576560" lon="3.6035610">
    <ele>2.1</ele>
    <time>2025-05-13T07:41:31Z</time>
   </trkpt>
   <trkpt lat="43.3577020" lon="3.6036290">
    <ele>2.0</ele>
    <time>2025-05-13T07:41:32Z</time>
   </trkpt>
   <trkpt lat="43.3577540" lon="3.6036870">
    <ele>2.0</ele>
    <time>2025-05-13T07:41:33Z</time>
   </trkpt>
   <trkpt lat="43.3578040" lon="3.6037310">
    <ele>2.0</ele>
    <time>2025-05-13T07:41:34Z</time>
   </trkpt>
   <trkpt lat="43.3578590" lon="3.6037540">
    <ele>2.0</ele>
    <time>2025-05-13T07:41:35Z</time>
   </trkpt>
   <trkpt lat="43.3579240" lon="3.6037570">
    <ele>2.0</ele>
    <time>2025-05-13T07:41:36Z</time>
   </trkpt>
   <trkpt lat="43.3579900" lon="3.6037480">
    <ele>2.0</ele>
    <time>2025-05-13T07:41:37Z</time>
   </trkpt>
   <trkpt lat="43.3580530" lon="3.6037450">
    <ele>2.0</ele>
    <time>2025-05-13T07:41:38Z</time>
   </trkpt>
   <trkpt lat="43.3581100" lon="3.6037630">
    <ele>2.0</ele>
    <time>2025-05-13T07:41:39Z</time>
   </trkpt>
   <trkpt lat="43.3581590" lon="3.6037980">
    <ele>2.0</ele>
    <time>2025-05-13T07:41:40Z</time>
   </trkpt>
   <trkpt lat="43.3581970" lon="3.6038490">
    <ele>2.0</ele>
    <time>2025-05-13T07:41:41Z</time>
   </trkpt>
   <trkpt lat="43.3582310" lon="3.6039110">
    <ele>2.1</ele>
    <time>2025-05-13T07:41:42Z</time>
   </trkpt>
   <trkpt lat="43.3582690" lon="3.6039720">
    <ele>2.1</ele>
    <time>2025-05-13T07:41:43Z</time>
   </trkpt>
   <trkpt lat="43.3583080" lon="3.6040330">
    <ele>2.1</ele>
    <time>2025-05-13T07:41:44Z</time>
   </trkpt>
   <trkpt lat="43.3583480" lon="3.6040970">
    <ele>2.1</ele>
    <time>2025-05-13T07:41:45Z</time>
   </trkpt>
   <trkpt lat="43.3583900" lon="3.6041620">
    <ele>2.1</ele>
    <time>2025-05-13T07:41:46Z</time>
   </trkpt>
   <trkpt lat="43.3584310" lon="3.6042290">
    <ele>2.1</ele>
    <time>2025-05-13T07:41:47Z</time>
   </trkpt>
   <trkpt lat="43.3584730" lon="3.6042970">
    <ele>2.1</ele>
    <time>2025-05-13T07:41:48Z</time>
   </trkpt>
   <trkpt lat="43.3585140" lon="3.6043720">
    <ele>2.1</ele>
    <time>2025-05-13T07:41:49Z</time>
   </trkpt>
   <trkpt lat="43.3585570" lon="3.6044450">
    <ele>2.1</ele>
    <time>2025-05-13T07:41:50Z</time>
   </trkpt>
   <trkpt lat="43.3586000" lon="3.6045110">
    <ele>2.0</ele>
    <time>2025-05-13T07:41:51Z</time>
   </trkpt>
   <trkpt lat="43.3586410" lon="3.6045770">
    <ele>2.0</ele>
    <time>2025-05-13T07:41:52Z</time>
   </trkpt>
   <trkpt lat="43.3586830" lon="3.6046450">
    <ele>2.0</ele>
    <time>2025-05-13T07:41:53Z</time>
   </trkpt>
   <trkpt lat="43.3587230" lon="3.6047100">
    <ele>2.0</ele>
    <time>2025-05-13T07:41:54Z</time>
   </trkpt>
   <trkpt lat="43.3587640" lon="3.6047770">
    <ele>2.0</ele>
    <time>2025-05-13T07:41:55Z</time>
   </trkpt>
   <trkpt lat="43.3588070" lon="3.6048380">
    <ele>2.0</ele>
    <time>2025-05-13T07:41:56Z</time>
   </trkpt>
   <trkpt lat="43.3588440" lon="3.6048940">
    <ele>2.0</ele>
    <time>2025-05-13T07:41:57Z</time>
   </trkpt>
   <trkpt lat="43.3588780" lon="3.6049560">
    <ele>2.0</ele>
    <time>2025-05-13T07:41:58Z</time>
   </trkpt>
   <trkpt lat="43.3589070" lon="3.6050210">
    <ele>2.1</ele>
    <time>2025-05-13T07:41:59Z</time>
   </trkpt>
   <trkpt lat="43.3589470" lon="3.6050900">
    <ele>2.1</ele>
    <time>2025-05-13T07:42:00Z</time>
   </trkpt>
   <trkpt lat="43.3589870" lon="3.6051540">
    <ele>2.2</ele>
    <time>2025-05-13T07:42:01Z</time>
   </trkpt>
   <trkpt lat="43.3590310" lon="3.6052190">
    <ele>2.3</ele>
    <time>2025-05-13T07:42:02Z</time>
   </trkpt>
   <trkpt lat="43.3590790" lon="3.6052850">
    <ele>2.3</ele>
    <time>2025-05-13T07:42:03Z</time>
   </trkpt>
   <trkpt lat="43.3591270" lon="3.6053520">
    <ele>2.4</ele>
    <time>2025-05-13T07:42:04Z</time>
   </trkpt>
   <trkpt lat="43.3591690" lon="3.6054180">
    <ele>2.5</ele>
    <time>2025-05-13T07:42:05Z</time>
   </trkpt>
   <trkpt lat="43.3592090" lon="3.6054870">
    <ele>2.6</ele>
    <time>2025-05-13T07:42:06Z</time>
   </trkpt>
   <trkpt lat="43.3592530" lon="3.6055580">
    <ele>2.7</ele>
    <time>2025-05-13T07:42:07Z</time>
   </trkpt>
   <trkpt lat="43.3592980" lon="3.6056310">
    <ele>2.7</ele>
    <time>2025-05-13T07:42:08Z</time>
   </trkpt>
   <trkpt lat="43.3593420" lon="3.6057080">
    <ele>2.6</ele>
    <time>2025-05-13T07:42:09Z</time>
   </trkpt>
   <trkpt lat="43.3593880" lon="3.6057790">
    <ele>2.5</ele>
    <time>2025-05-13T07:42:10Z</time>
   </trkpt>
   <trkpt lat="43.3594380" lon="3.6058500">
    <ele>2.5</ele>
    <time>2025-05-13T07:42:11Z</time>
   </trkpt>
   <trkpt lat="43.3594820" lon="3.6059250">
    <ele>2.4</ele>
    <time>2025-05-13T07:42:12Z</time>
   </trkpt>
   <trkpt lat="43.3595220" lon="3.6060000">
    <ele>2.4</ele>
    <time>2025-05-13T07:42:13Z</time>
   </trkpt>
   <trkpt lat="43.3595630" lon="3.6060660">
    <ele>2.4</ele>
    <time>2025-05-13T07:42:14Z</time>
   </trkpt>
   <trkpt lat="43.3596060" lon="3.6061360">
    <ele>2.3</ele>
    <time>2025-05-13T07:42:15Z</time>
   </trkpt>
   <trkpt lat="43.3596500" lon="3.6062080">
    <ele>2.3</ele>
    <time>2025-05-13T07:42:16Z</time>
   </trkpt>
   <trkpt lat="43.3596970" lon="3.6062800">
    <ele>2.3</ele>
    <time>2025-05-13T07:42:17Z</time>
   </trkpt>
   <trkpt lat="43.3597400" lon="3.6063530">
    <ele>2.3</ele>
    <time>2025-05-13T07:42:18Z</time>
   </trkpt>
   <trkpt lat="43.3597840" lon="3.6064260">
    <ele>2.3</ele>
    <time>2025-05-13T07:42:19Z</time>
   </trkpt>
   <trkpt lat="43.3598280" lon="3.6065030">
    <ele>2.3</ele>
    <time>2025-05-13T07:42:20Z</time>
   </trkpt>
   <trkpt lat="43.3598740" lon="3.6065750">
    <ele>2.2</ele>
    <time>2025-05-13T07:42:21Z</time>
   </trkpt>
   <trkpt lat="43.3599180" lon="3.6066480">
    <ele>2.2</ele>
    <time>2025-05-13T07:42:22Z</time>
   </trkpt>
   <trkpt lat="43.3599600" lon="3.6067190">
    <ele>2.2</ele>
    <time>2025-05-13T07:42:23Z</time>
   </trkpt>
   <trkpt lat="43.3600060" lon="3.6067930">
    <ele>2.2</ele>
    <time>2025-05-13T07:42:24Z</time>
   </trkpt>
   <trkpt lat="43.3600500" lon="3.6068680">
    <ele>2.3</ele>
    <time>2025-05-13T07:42:25Z</time>
   </trkpt>
   <trkpt lat="43.3600890" lon="3.6069400">
    <ele>2.3</ele>
    <time>2025-05-13T07:42:26Z</time>
   </trkpt>
   <trkpt lat="43.3601290" lon="3.6070060">
    <ele>2.4</ele>
    <time>2025-05-13T07:42:27Z</time>
   </trkpt>
   <trkpt lat="43.3601690" lon="3.6070680">
    <ele>2.5</ele>
    <time>2025-05-13T07:42:28Z</time>
   </trkpt>
   <trkpt lat="43.3602110" lon="3.6071230">
    <ele>2.5</ele>
    <time>2025-05-13T07:42:29Z</time>
   </trkpt>
   <trkpt lat="43.3602610" lon="3.6071740">
    <ele>2.5</ele>
    <time>2025-05-13T07:42:30Z</time>
   </trkpt>
   <trkpt lat="43.3603130" lon="3.6072080">
    <ele>2.4</ele>
    <time>2025-05-13T07:42:31Z</time>
   </trkpt>
   <trkpt lat="43.3603710" lon="3.6072200">
    <ele>2.3</ele>
    <time>2025-05-13T07:42:32Z</time>
   </trkpt>
   <trkpt lat="43.3604230" lon="3.6072060">
    <ele>2.2</ele>
    <time>2025-05-13T07:42:33Z</time>
   </trkpt>
   <trkpt lat="43.3604730" lon="3.6071690">
    <ele>2.1</ele>
    <time>2025-05-13T07:42:34Z</time>
   </trkpt>
   <trkpt lat="43.3605200" lon="3.6071230">
    <ele>2.1</ele>
    <time>2025-05-13T07:42:35Z</time>
   </trkpt>
   <trkpt lat="43.3605650" lon="3.6070800">
    <ele>2.0</ele>
    <time>2025-05-13T07:42:36Z</time>
   </trkpt>
   <trkpt lat="43.3606140" lon="3.6070440">
    <ele>1.9</ele>
    <time>2025-05-13T07:42:37Z</time>
   </trkpt>
   <trkpt lat="43.3606680" lon="3.6070240">
    <ele>1.9</ele>
    <time>2025-05-13T07:42:38Z</time>
   </trkpt>
   <trkpt lat="43.3607200" lon="3.6070200">
    <ele>1.8</ele>
    <time>2025-05-13T07:42:39Z</time>
   </trkpt>
   <trkpt lat="43.3607700" lon="3.6070290">
    <ele>1.8</ele>
    <time>2025-05-13T07:42:40Z</time>
   </trkpt>
   <trkpt lat="43.3608170" lon="3.6070530">
    <ele>1.7</ele>
    <time>2025-05-13T07:42:41Z</time>
   </trkpt>
   <trkpt lat="43.3608560" lon="3.6070910">
    <ele>1.7</ele>
    <time>2025-05-13T07:42:42Z</time>
   </trkpt>
   <trkpt lat="43.3608890" lon="3.6071400">
    <ele>1.7</ele>
    <time>2025-05-13T07:42:43Z</time>
   </trkpt>
   <trkpt lat="43.3609180" lon="3.6071900">
    <ele>1.7</ele>
    <time>2025-05-13T07:42:44Z</time>
   </trkpt>
   <trkpt lat="43.3609440" lon="3.6072420">
    <ele>1.7</ele>
    <time>2025-05-13T07:42:45Z</time>
   </trkpt>
   <trkpt lat="43.3609740" lon="3.6072980">
    <ele>1.7</ele>
    <time>2025-05-13T07:42:46Z</time>
   </trkpt>
   <trkpt lat="43.3610110" lon="3.6073510">
    <ele>1.7</ele>
    <time>2025-05-13T07:42:47Z</time>
   </trkpt>
   <trkpt lat="43.3610480" lon="3.6074070">
    <ele>1.7</ele>
    <time>2025-05-13T07:42:48Z</time>
   </trkpt>
   <trkpt lat="43.3610880" lon="3.6074680">
    <ele>1.7</ele>
    <time>2025-05-13T07:42:49Z</time>
   </trkpt>
   <trkpt lat="43.3611260" lon="3.6075340">
    <ele>1.7</ele>
    <time>2025-05-13T07:42:50Z</time>
   </trkpt>
   <trkpt lat="43.3611670" lon="3.6076010">
    <ele>1.6</ele>
    <time>2025-05-13T07:42:51Z</time>
   </trkpt>
   <trkpt lat="43.3612100" lon="3.6076670">
    <ele>1.6</ele>
    <time>2025-05-13T07:42:52Z</time>
   </trkpt>
   <trkpt lat="43.3612550" lon="3.6077320">
    <ele>1.6</ele>
    <time>2025-05-13T07:42:53Z</time>
   </trkpt>
   <trkpt lat="43.3612990" lon="3.6078050">
    <ele>1.6</ele>
    <time>2025-05-13T07:42:54Z</time>
   </trkpt>
   <trkpt lat="43.3613440" lon="3.6078810">
    <ele>1.6</ele>
    <time>2025-05-13T07:42:55Z</time>
   </trkpt>
   <trkpt lat="43.3613870" lon="3.6079480">
    <ele>1.7</ele>
    <time>2025-05-13T07:42:56Z</time>
   </trkpt>
   <trkpt lat="43.3614320" lon="3.6080180">
    <ele>1.7</ele>
    <time>2025-05-13T07:42:57Z</time>
   </trkpt>
   <trkpt lat="43.3614770" lon="3.6080930">
    <ele>1.7</ele>
    <time>2025-05-13T07:42:58Z</time>
   </trkpt>
   <trkpt lat="43.3615210" lon="3.6081660">
    <ele>1.7</ele>
    <time>2025-05-13T07:42:59Z</time>
   </trkpt>
   <trkpt lat="43.3615680" lon="3.6082370">
    <ele>1.7</ele>
    <time>2025-05-13T07:43:00Z</time>
   </trkpt>
   <trkpt lat="43.3616110" lon="3.6083070">
    <ele>1.7</ele>
    <time>2025-05-13T07:43:01Z</time>
   </trkpt>
   <trkpt lat="43.3616530" lon="3.6083800">
    <ele>1.7</ele>
    <time>2025-05-13T07:43:02Z</time>
   </trkpt>
   <trkpt lat="43.3616960" lon="3.6084500">
    <ele>1.7</ele>
    <time>2025-05-13T07:43:03Z</time>
   </trkpt>
   <trkpt lat="43.3617370" lon="3.6085230">
    <ele>1.7</ele>
    <time>2025-05-13T07:43:04Z</time>
   </trkpt>
   <trkpt lat="43.3617780" lon="3.6085970">
    <ele>1.7</ele>
    <time>2025-05-13T07:43:05Z</time>
   </trkpt>
   <trkpt lat="43.3618210" lon="3.6086720">
    <ele>1.7</ele>
    <time>2025-05-13T07:43:06Z</time>
   </trkpt>
   <trkpt lat="43.3618650" lon="3.6087450">
    <ele>1.8</ele>
    <time>2025-05-13T07:43:07Z</time>
   </trkpt>
   <trkpt lat="43.3619100" lon="3.6088170">
    <ele>1.8</ele>
    <time>2025-05-13T07:43:08Z</time>
   </trkpt>
   <trkpt lat="43.3619570" lon="3.6088890">
    <ele>1.8</ele>
    <time>2025-05-13T07:43:09Z</time>
   </trkpt>
   <trkpt lat="43.3620050" lon="3.6089600">
    <ele>1.8</ele>
    <time>2025-05-13T07:43:10Z</time>
   </trkpt>
   <trkpt lat="43.3620540" lon="3.6090320">
    <ele>1.8</ele>
    <time>2025-05-13T07:43:11Z</time>
   </trkpt>
   <trkpt lat="43.3620980" lon="3.6091060">
    <ele>1.8</ele>
    <time>2025-05-13T07:43:12Z</time>
   </trkpt>
   <trkpt lat="43.3621420" lon="3.6091750">
    <ele>1.8</ele>
    <time>2025-05-13T07:43:13Z</time>
   </trkpt>
   <trkpt lat="43.3621850" lon="3.6092480">
    <ele>1.9</ele>
    <time>2025-05-13T07:43:14Z</time>
   </trkpt>
   <trkpt lat="43.3622300" lon="3.6093210">
    <ele>1.9</ele>
    <time>2025-05-13T07:43:15Z</time>
   </trkpt>
   <trkpt lat="43.3622730" lon="3.6093920">
    <ele>1.9</ele>
    <time>2025-05-13T07:43:16Z</time>
   </trkpt>
   <trkpt lat="43.3623180" lon="3.6094620">
    <ele>1.9</ele>
    <time>2025-05-13T07:43:17Z</time>
   </trkpt>
   <trkpt lat="43.3623660" lon="3.6095330">
    <ele>1.9</ele>
    <time>2025-05-13T07:43:18Z</time>
   </trkpt>
   <trkpt lat="43.3624110" lon="3.6096070">
    <ele>1.9</ele>
    <time>2025-05-13T07:43:19Z</time>
   </trkpt>
   <trkpt lat="43.3624550" lon="3.6096800">
    <ele>1.9</ele>
    <time>2025-05-13T07:43:20Z</time>
   </trkpt>
   <trkpt lat="43.3625010" lon="3.6097480">
    <ele>1.9</ele>
    <time>2025-05-13T07:43:21Z</time>
   </trkpt>
   <trkpt lat="43.3625470" lon="3.6098200">
    <ele>1.9</ele>
    <time>2025-05-13T07:43:22Z</time>
   </trkpt>
   <trkpt lat="43.3625920" lon="3.6098930">
    <ele>1.9</ele>
    <time>2025-05-13T07:43:23Z</time>
   </trkpt>
   <trkpt lat="43.3626380" lon="3.6099620">
    <ele>1.9</ele>
    <time>2025-05-13T07:43:24Z</time>
   </trkpt>
   <trkpt lat="43.3626830" lon="3.6100340">
    <ele>1.9</ele>
    <time>2025-05-13T07:43:25Z</time>
   </trkpt>
   <trkpt lat="43.3627270" lon="3.6101050">
    <ele>1.9</ele>
    <time>2025-05-13T07:43:26Z</time>
   </trkpt>
   <trkpt lat="43.3627710" lon="3.6101780">
    <ele>1.9</ele>
    <time>2025-05-13T07:43:27Z</time>
   </trkpt>
   <trkpt lat="43.3628150" lon="3.6102500">
    <ele>1.9</ele>
    <time>2025-05-13T07:43:28Z</time>
   </trkpt>
   <trkpt lat="43.3628600" lon="3.6103210">
    <ele>2.0</ele>
    <time>2025-05-13T07:43:29Z</time>
   </trkpt>
   <trkpt lat="43.3629030" lon="3.6103980">
    <ele>2.0</ele>
    <time>2025-05-13T07:43:30Z</time>
   </trkpt>
   <trkpt lat="43.3629480" lon="3.6104720">
    <ele>2.0</ele>
    <time>2025-05-13T07:43:31Z</time>
   </trkpt>
   <trkpt lat="43.3629920" lon="3.6105460">
    <ele>2.0</ele>
    <time>2025-05-13T07:43:32Z</time>
   </trkpt>
   <trkpt lat="43.3630360" lon="3.6106170">
    <ele>2.0</ele>
    <time>2025-05-13T07:43:33Z</time>
   </trkpt>
   <trkpt lat="43.3630780" lon="3.6106870">
    <ele>2.0</ele>
    <time>2025-05-13T07:43:34Z</time>
   </trkpt>
   <trkpt lat="43.3631230" lon="3.6107550">
    <ele>2.0</ele>
    <time>2025-05-13T07:43:35Z</time>
   </trkpt>
   <trkpt lat="43.3631630" lon="3.6108280">
    <ele>2.1</ele>
    <time>2025-05-13T07:43:36Z</time>
   </trkpt>
   <trkpt lat="43.3632080" lon="3.6108970">
    <ele>2.1</ele>
    <time>2025-05-13T07:43:37Z</time>
   </trkpt>
   <trkpt lat="43.3632510" lon="3.6109700">
    <ele>2.1</ele>
    <time>2025-05-13T07:43:38Z</time>
   </trkpt>
   <trkpt lat="43.3632980" lon="3.6110410">
    <ele>2.1</ele>
    <time>2025-05-13T07:43:39Z</time>
   </trkpt>
   <trkpt lat="43.3633430" lon="3.6111160">
    <ele>2.1</ele>
    <time>2025-05-13T07:43:40Z</time>
   </trkpt>
   <trkpt lat="43.3633900" lon="3.6111840">
    <ele>2.1</ele>
    <time>2025-05-13T07:43:41Z</time>
   </trkpt>
   <trkpt lat="43.3634370" lon="3.6112510">
    <ele>2.1</ele>
    <time>2025-05-13T07:43:42Z</time>
   </trkpt>
   <trkpt lat="43.3634830" lon="3.6113170">
    <ele>2.1</ele>
    <time>2025-05-13T07:43:43Z</time>
   </trkpt>
   <trkpt lat="43.3635250" lon="3.6113780">
    <ele>2.1</ele>
    <time>2025-05-13T07:43:44Z</time>
   </trkpt>
   <trkpt lat="43.3635650" lon="3.6114380">
    <ele>2.1</ele>
    <time>2025-05-13T07:43:45Z</time>
   </trkpt>
   <trkpt lat="43.3636040" lon="3.6114990">
    <ele>2.1</ele>
    <time>2025-05-13T07:43:46Z</time>
   </trkpt>
   <trkpt lat="43.3636410" lon="3.6115520">
    <ele>2.1</ele>
    <time>2025-05-13T07:43:47Z</time>
   </trkpt>
   <trkpt lat="43.3636750" lon="3.6116050">
    <ele>2.1</ele>
    <time>2025-05-13T07:43:48Z</time>
   </trkpt>
   <trkpt lat="43.3637090" lon="3.6116580">
    <ele>2.1</ele>
    <time>2025-05-13T07:43:49Z</time>
   </trkpt>
   <trkpt lat="43.3637430" lon="3.6117100">
    <ele>2.1</ele>
    <time>2025-05-13T07:43:50Z</time>
   </trkpt>
   <trkpt lat="43.3637730" lon="3.6117530">
    <ele>2.1</ele>
    <time>2025-05-13T07:43:51Z</time>
   </trkpt>
   <trkpt lat="43.3638010" lon="3.6117930">
    <ele>2.1</ele>
    <time>2025-05-13T07:43:52Z</time>
   </trkpt>
   <trkpt lat="43.3638240" lon="3.6118360">
    <ele>2.1</ele>
    <time>2025-05-13T07:43:53Z</time>
   </trkpt>
   <trkpt lat="43.3638470" lon="3.6118850">
    <ele>2.1</ele>
    <time>2025-05-13T07:43:54Z</time>
   </trkpt>
   <trkpt lat="43.3638700" lon="3.6119320">
    <ele>2.1</ele>
    <time>2025-05-13T07:43:55Z</time>
   </trkpt>
   <trkpt lat="43.3638940" lon="3.6119720">
    <ele>2.1</ele>
    <time>2025-05-13T07:43:56Z</time>
   </trkpt>
   <trkpt lat="43.3639180" lon="3.6120100">
    <ele>2.1</ele>
    <time>2025-05-13T07:43:57Z</time>
   </trkpt>
   <trkpt lat="43.3639400" lon="3.6120480">
    <ele>2.1</ele>
    <time>2025-05-13T07:43:58Z</time>
   </trkpt>
   <trkpt lat="43.3639600" lon="3.6120820">
    <ele>2.1</ele>
    <time>2025-05-13T07:43:59Z</time>
   </trkpt>
   <trkpt lat="43.3639800" lon="3.6121200">
    <ele>2.1</ele>
    <time>2025-05-13T07:44:00Z</time>
   </trkpt>
   <trkpt lat="43.3640010" lon="3.6121590">
    <ele>2.1</ele>
    <time>2025-05-13T07:44:01Z</time>
   </trkpt>
   <trkpt lat="43.3640220" lon="3.6121980">
    <ele>2.1</ele>
    <time>2025-05-13T07:44:02Z</time>
   </trkpt>
   <trkpt lat="43.3640470" lon="3.6122360">
    <ele>2.1</ele>
    <time>2025-05-13T07:44:03Z</time>
   </trkpt>
   <trkpt lat="43.3640750" lon="3.6122820">
    <ele>2.1</ele>
    <time>2025-05-13T07:44:04Z</time>
   </trkpt>
   <trkpt lat="43.3641000" lon="3.6123230">
    <ele>2.1</ele>
    <time>2025-05-13T07:44:05Z</time>
   </trkpt>
   <trkpt lat="43.3641280" lon="3.6123650">
    <ele>2.1</ele>
    <time>2025-05-13T07:44:06Z</time>
   </trkpt>
   <trkpt lat="43.3641570" lon="3.6124080">
    <ele>2.1</ele>
    <time>2025-05-13T07:44:07Z</time>
   </trkpt>
   <trkpt lat="43.3641840" lon="3.6124520">
    <ele>2.1</ele>
    <time>2025-05-13T07:44:08Z</time>
   </trkpt>
   <trkpt lat="43.3642100" lon="3.6124940">
    <ele>2.1</ele>
    <time>2025-05-13T07:44:09Z</time>
   </trkpt>
   <trkpt lat="43.3642340" lon="3.6125290">
    <ele>2.1</ele>
    <time>2025-05-13T07:44:10Z</time>
   </trkpt>
   <trkpt lat="43.3642550" lon="3.6125640">
    <ele>2.1</ele>
    <time>2025-05-13T07:44:11Z</time>
   </trkpt>
   <trkpt lat="43.3642770" lon="3.6126000">
    <ele>2.1</ele>
    <time>2025-05-13T07:44:12Z</time>
   </trkpt>
   <trkpt lat="43.3643020" lon="3.6126290">
    <ele>2.1</ele>
    <time>2025-05-13T07:44:13Z</time>
   </trkpt>
   <trkpt lat="43.3643250" lon="3.6126570">
    <ele>2.1</ele>
    <time>2025-05-13T07:44:14Z</time>
   </trkpt>
   <trkpt lat="43.3643440" lon="3.6126870">
    <ele>2.1</ele>
    <time>2025-05-13T07:44:15Z</time>
   </trkpt>
   <trkpt lat="43.3643610" lon="3.6127210">
    <ele>2.2</ele>
    <time>2025-05-13T07:44:16Z</time>
   </trkpt>
   <trkpt lat="43.3643810" lon="3.6127560">
    <ele>2.2</ele>
    <time>2025-05-13T07:44:17Z</time>
   </trkpt>
   <trkpt lat="43.3644030" lon="3.6127940">
    <ele>2.2</ele>
    <time>2025-05-13T07:44:18Z</time>
   </trkpt>
   <trkpt lat="43.3644310" lon="3.6128330">
    <ele>2.2</ele>
    <time>2025-05-13T07:44:19Z</time>
   </trkpt>
   <trkpt lat="43.3644580" lon="3.6128750">
    <ele>2.2</ele>
    <time>2025-05-13T07:44:20Z</time>
   </trkpt>
   <trkpt lat="43.3644860" lon="3.6129160">
    <ele>2.2</ele>
    <time>2025-05-13T07:44:21Z</time>
   </trkpt>
   <trkpt lat="43.3645130" lon="3.6129600">
    <ele>2.2</ele>
    <time>2025-05-13T07:44:22Z</time>
   </trkpt>
   <trkpt lat="43.3645430" lon="3.6130070">
    <ele>2.2</ele>
    <time>2025-05-13T07:44:23Z</time>
   </trkpt>
   <trkpt lat="43.3645750" lon="3.6130580">
    <ele>2.2</ele>
    <time>2025-05-13T07:44:24Z</time>
   </trkpt>
   <trkpt lat="43.3646060" lon="3.6131130">
    <ele>2.2</ele>
    <time>2025-05-13T07:44:25Z</time>
   </trkpt>
   <trkpt lat="43.3646430" lon="3.6131700">
    <ele>2.2</ele>
    <time>2025-05-13T07:44:26Z</time>
   </trkpt>
   <trkpt lat="43.3646820" lon="3.6132320">
    <ele>2.2</ele>
    <time>2025-05-13T07:44:27Z</time>
   </trkpt>
   <trkpt lat="43.3647190" lon="3.6132990">
    <ele>2.2</ele>
    <time>2025-05-13T07:44:28Z</time>
   </trkpt>
   <trkpt lat="43.3647600" lon="3.6133670">
    <ele>2.2</ele>
    <time>2025-05-13T07:44:29Z</time>
   </trkpt>
   <trkpt lat="43.3647990" lon="3.6134410">
    <ele>2.2</ele>
    <time>2025-05-13T07:44:30Z</time>
   </trkpt>
   <trkpt lat="43.3648390" lon="3.6135200">
    <ele>2.2</ele>
    <time>2025-05-13T07:44:31Z</time>
   </trkpt>
   <trkpt lat="43.3648790" lon="3.6135980">
    <ele>2.1</ele>
    <time>2025-05-13T07:44:32Z</time>
   </trkpt>
   <trkpt lat="43.3649170" lon="3.6136790">
    <ele>2.1</ele>
    <time>2025-05-13T07:44:33Z</time>
   </trkpt>
   <trkpt lat="43.3649570" lon="3.6137590">
    <ele>2.1</ele>
    <time>2025-05-13T07:44:34Z</time>
   </trkpt>
   <trkpt lat="43.3649960" lon="3.6138390">
    <ele>2.1</ele>
    <time>2025-05-13T07:44:35Z</time>
   </trkpt>
   <trkpt lat="43.3650390" lon="3.6139170">
    <ele>2.1</ele>
    <time>2025-05-13T07:44:36Z</time>
   </trkpt>
   <trkpt lat="43.3650800" lon="3.6139900">
    <ele>2.1</ele>
    <time>2025-05-13T07:44:37Z</time>
   </trkpt>
   <trkpt lat="43.3651220" lon="3.6140640">
    <ele>2.1</ele>
    <time>2025-05-13T07:44:38Z</time>
   </trkpt>
   <trkpt lat="43.3651610" lon="3.6141390">
    <ele>2.1</ele>
    <time>2025-05-13T07:44:39Z</time>
   </trkpt>
   <trkpt lat="43.3652020" lon="3.6142120">
    <ele>2.1</ele>
    <time>2025-05-13T07:44:40Z</time>
   </trkpt>
   <trkpt lat="43.3652450" lon="3.6142820">
    <ele>2.2</ele>
    <time>2025-05-13T07:44:41Z</time>
   </trkpt>
   <trkpt lat="43.3652880" lon="3.6143450">
    <ele>2.2</ele>
    <time>2025-05-13T07:44:42Z</time>
   </trkpt>
   <trkpt lat="43.3653300" lon="3.6144080">
    <ele>2.2</ele>
    <time>2025-05-13T07:44:43Z</time>
   </trkpt>
   <trkpt lat="43.3653690" lon="3.6144690">
    <ele>2.2</ele>
    <time>2025-05-13T07:44:44Z</time>
   </trkpt>
   <trkpt lat="43.3654110" lon="3.6145280">
    <ele>2.2</ele>
    <time>2025-05-13T07:44:45Z</time>
   </trkpt>
   <trkpt lat="43.3654530" lon="3.6145830">
    <ele>2.2</ele>
    <time>2025-05-13T07:44:46Z</time>
   </trkpt>
   <trkpt lat="43.3654960" lon="3.6146390">
    <ele>2.2</ele>
    <time>2025-05-13T07:44:47Z</time>
   </trkpt>
   <trkpt lat="43.3655350" lon="3.6146990">
    <ele>2.2</ele>
    <time>2025-05-13T07:44:48Z</time>
   </trkpt>
   <trkpt lat="43.3655720" lon="3.6147610">
    <ele>2.2</ele>
    <time>2025-05-13T07:44:49Z</time>
   </trkpt>
   <trkpt lat="43.3656100" lon="3.6148200">
    <ele>2.2</ele>
    <time>2025-05-13T07:44:50Z</time>
   </trkpt>
   <trkpt lat="43.3656480" lon="3.6148790">
    <ele>2.3</ele>
    <time>2025-05-13T07:44:51Z</time>
   </trkpt>
   <trkpt lat="43.3656860" lon="3.6149330">
    <ele>2.3</ele>
    <time>2025-05-13T07:44:52Z</time>
   </trkpt>
   <trkpt lat="43.3657230" lon="3.6149870">
    <ele>2.3</ele>
    <time>2025-05-13T07:44:53Z</time>
   </trkpt>
   <trkpt lat="43.3657570" lon="3.6150390">
    <ele>2.3</ele>
    <time>2025-05-13T07:44:54Z</time>
   </trkpt>
   <trkpt lat="43.3657950" lon="3.6150920">
    <ele>2.3</ele>
    <time>2025-05-13T07:44:55Z</time>
   </trkpt>
   <trkpt lat="43.3658340" lon="3.6151450">
    <ele>2.3</ele>
    <time>2025-05-13T07:44:56Z</time>
   </trkpt>
   <trkpt lat="43.3658740" lon="3.6152010">
    <ele>2.3</ele>
    <time>2025-05-13T07:44:57Z</time>
   </trkpt>
   <trkpt lat="43.3659090" lon="3.6152600">
    <ele>2.3</ele>
    <time>2025-05-13T07:44:58Z</time>
   </trkpt>
   <trkpt lat="43.3659420" lon="3.6153150">
    <ele>2.3</ele>
    <time>2025-05-13T07:44:59Z</time>
   </trkpt>
   <trkpt lat="43.3659720" lon="3.6153700">
    <ele>2.3</ele>
    <time>2025-05-13T07:45:00Z</time>
   </trkpt>
   <trkpt lat="43.3660000" lon="3.6154280">
    <ele>2.3</ele>
    <time>2025-05-13T07:45:01Z</time>
   </trkpt>
   <trkpt lat="43.3660270" lon="3.6154760">
    <ele>2.3</ele>
    <time>2025-05-13T07:45:02Z</time>
   </trkpt>
   <trkpt lat="43.3660550" lon="3.6155220">
    <ele>2.3</ele>
    <time>2025-05-13T07:45:03Z</time>
   </trkpt>
   <trkpt lat="43.3660850" lon="3.6155660">
    <ele>2.2</ele>
    <time>2025-05-13T07:45:04Z</time>
   </trkpt>
   <trkpt lat="43.3661150" lon="3.6156070">
    <ele>2.2</ele>
    <time>2025-05-13T07:45:05Z</time>
   </trkpt>
   <trkpt lat="43.3661400" lon="3.6156520">
    <ele>2.2</ele>
    <time>2025-05-13T07:45:06Z</time>
   </trkpt>
   <trkpt lat="43.3661610" lon="3.6156980">
    <ele>2.2</ele>
    <time>2025-05-13T07:45:07Z</time>
   </trkpt>
   <trkpt lat="43.3661820" lon="3.6157380">
    <ele>2.2</ele>
    <time>2025-05-13T07:45:08Z</time>
   </trkpt>
   <trkpt lat="43.3662060" lon="3.6157760">
    <ele>2.2</ele>
    <time>2025-05-13T07:45:09Z</time>
   </trkpt>
   <trkpt lat="43.3662300" lon="3.6158130">
    <ele>2.2</ele>
    <time>2025-05-13T07:45:10Z</time>
   </trkpt>
   <trkpt lat="43.3662550" lon="3.6158490">
    <ele>2.2</ele>
    <time>2025-05-13T07:45:11Z</time>
   </trkpt>
   <trkpt lat="43.3662820" lon="3.6158820">
    <ele>2.2</ele>
    <time>2025-05-13T07:45:12Z</time>
   </trkpt>
   <trkpt lat="43.3663140" lon="3.6159180">
    <ele>2.2</ele>
    <time>2025-05-13T07:45:13Z</time>
   </trkpt>
   <trkpt lat="43.3663440" lon="3.6159480">
    <ele>2.2</ele>
    <time>2025-05-13T07:45:14Z</time>
   </trkpt>
   <trkpt lat="43.3663750" lon="3.6159720">
    <ele>2.2</ele>
    <time>2025-05-13T07:45:15Z</time>
   </trkpt>
   <trkpt lat="43.3664090" lon="3.6159800">
    <ele>2.2</ele>
    <time>2025-05-13T07:45:16Z</time>
   </trkpt>
   <trkpt lat="43.3664420" lon="3.6159920">
    <ele>2.2</ele>
    <time>2025-05-13T07:45:17Z</time>
   </trkpt>
   <trkpt lat="43.3664720" lon="3.6160180">
    <ele>2.2</ele>
    <time>2025-05-13T07:45:18Z</time>
   </trkpt>
   <trkpt lat="43.3664960" lon="3.6160570">
    <ele>2.2</ele>
    <time>2025-05-13T07:45:19Z</time>
   </trkpt>
   <trkpt lat="43.3665170" lon="3.6161050">
    <ele>2.2</ele>
    <time>2025-05-13T07:45:20Z</time>
   </trkpt>
   <trkpt lat="43.3665380" lon="3.6161530">
    <ele>2.2</ele>
    <time>2025-05-13T07:45:21Z</time>
   </trkpt>
   <trkpt lat="43.3665690" lon="3.6162000">
    <ele>2.2</ele>
    <time>2025-05-13T07:45:22Z</time>
   </trkpt>
   <trkpt lat="43.3665980" lon="3.6162420">
    <ele>2.2</ele>
    <time>2025-05-13T07:45:23Z</time>
   </trkpt>
   <trkpt lat="43.3666270" lon="3.6162860">
    <ele>2.2</ele>
    <time>2025-05-13T07:45:24Z</time>
   </trkpt>
   <trkpt lat="43.3666540" lon="3.6163360">
    <ele>2.2</ele>
    <time>2025-05-13T07:45:25Z</time>
   </trkpt>
   <trkpt lat="43.3666850" lon="3.6163820">
    <ele>2.2</ele>
    <time>2025-05-13T07:45:26Z</time>
   </trkpt>
   <trkpt lat="43.3667180" lon="3.6164300">
    <ele>2.2</ele>
    <time>2025-05-13T07:45:27Z</time>
   </trkpt>
   <trkpt lat="43.3667530" lon="3.6164810">
    <ele>2.2</ele>
    <time>2025-05-13T07:45:28Z</time>
   </trkpt>
   <trkpt lat="43.3667860" lon="3.6165320">
    <ele>2.2</ele>
    <time>2025-05-13T07:45:29Z</time>
   </trkpt>
   <trkpt lat="43.3668160" lon="3.6165860">
    <ele>2.2</ele>
    <time>2025-05-13T07:45:30Z</time>
   </trkpt>
   <trkpt lat="43.3668440" lon="3.6166390">
    <ele>2.2</ele>
    <time>2025-05-13T07:45:31Z</time>
   </trkpt>
   <trkpt lat="43.3668750" lon="3.6166930">
    <ele>2.2</ele>
    <time>2025-05-13T07:45:32Z</time>
   </trkpt>
   <trkpt lat="43.3669100" lon="3.6167490">
    <ele>2.2</ele>
    <time>2025-05-13T07:45:33Z</time>
   </trkpt>
   <trkpt lat="43.3669470" lon="3.6168050">
    <ele>2.2</ele>
    <time>2025-05-13T07:45:34Z</time>
   </trkpt>
   <trkpt lat="43.3669880" lon="3.6168640">
    <ele>2.2</ele>
    <time>2025-05-13T07:45:35Z</time>
   </trkpt>
   <trkpt lat="43.3670310" lon="3.6169250">
    <ele>2.2</ele>
    <time>2025-05-13T07:45:36Z</time>
   </trkpt>
   <trkpt lat="43.3670770" lon="3.6169830">
    <ele>2.2</ele>
    <time>2025-05-13T07:45:37Z</time>
   </trkpt>
   <trkpt lat="43.3671260" lon="3.6170460">
    <ele>2.1</ele>
    <time>2025-05-13T07:45:38Z</time>
   </trkpt>
   <trkpt lat="43.3671720" lon="3.6171080">
    <ele>2.1</ele>
    <time>2025-05-13T07:45:39Z</time>
   </trkpt>
   <trkpt lat="43.3672190" lon="3.6171610">
    <ele>2.1</ele>
    <time>2025-05-13T07:45:40Z</time>
   </trkpt>
   <trkpt lat="43.3672670" lon="3.6172110">
    <ele>2.1</ele>
    <time>2025-05-13T07:45:41Z</time>
   </trkpt>
   <trkpt lat="43.3673110" lon="3.6172590">
    <ele>2.0</ele>
    <time>2025-05-13T07:45:42Z</time>
   </trkpt>
   <trkpt lat="43.3673520" lon="3.6173100">
    <ele>2.0</ele>
    <time>2025-05-13T07:45:43Z</time>
   </trkpt>
   <trkpt lat="43.3673930" lon="3.6173630">
    <ele>2.0</ele>
    <time>2025-05-13T07:45:44Z</time>
   </trkpt>
   <trkpt lat="43.3674280" lon="3.6174220">
    <ele>2.0</ele>
    <time>2025-05-13T07:45:45Z</time>
   </trkpt>
   <trkpt lat="43.3674660" lon="3.6174750">
    <ele>2.0</ele>
    <time>2025-05-13T07:45:46Z</time>
   </trkpt>
   <trkpt lat="43.3675050" lon="3.6175270">
    <ele>1.9</ele>
    <time>2025-05-13T07:45:47Z</time>
   </trkpt>
   <trkpt lat="43.3675460" lon="3.6175800">
    <ele>1.9</ele>
    <time>2025-05-13T07:45:48Z</time>
   </trkpt>
   <trkpt lat="43.3675890" lon="3.6176340">
    <ele>1.9</ele>
    <time>2025-05-13T07:45:49Z</time>
   </trkpt>
   <trkpt lat="43.3676350" lon="3.6176870">
    <ele>1.9</ele>
    <time>2025-05-13T07:45:50Z</time>
   </trkpt>
   <trkpt lat="43.3676790" lon="3.6177460">
    <ele>1.9</ele>
    <time>2025-05-13T07:45:51Z</time>
   </trkpt>
   <trkpt lat="43.3677200" lon="3.6178060">
    <ele>1.9</ele>
    <time>2025-05-13T07:45:52Z</time>
   </trkpt>
   <trkpt lat="43.3677570" lon="3.6178710">
    <ele>1.9</ele>
    <time>2025-05-13T07:45:53Z</time>
   </trkpt>
   <trkpt lat="43.3677940" lon="3.6179360">
    <ele>1.9</ele>
    <time>2025-05-13T07:45:54Z</time>
   </trkpt>
   <trkpt lat="43.3678310" lon="3.6179980">
    <ele>1.9</ele>
    <time>2025-05-13T07:45:55Z</time>
   </trkpt>
   <trkpt lat="43.3678700" lon="3.6180640">
    <ele>1.9</ele>
    <time>2025-05-13T07:45:56Z</time>
   </trkpt>
   <trkpt lat="43.3679100" lon="3.6181310">
    <ele>1.9</ele>
    <time>2025-05-13T07:45:57Z</time>
   </trkpt>
   <trkpt lat="43.3679460" lon="3.6181940">
    <ele>1.9</ele>
    <time>2025-05-13T07:45:58Z</time>
   </trkpt>
   <trkpt lat="43.3679850" lon="3.6182540">
    <ele>1.9</ele>
    <time>2025-05-13T07:45:59Z</time>
   </trkpt>
   <trkpt lat="43.3680280" lon="3.6183100">
    <ele>1.9</ele>
    <time>2025-05-13T07:46:00Z</time>
   </trkpt>
   <trkpt lat="43.3680700" lon="3.6183640">
    <ele>1.8</ele>
    <time>2025-05-13T07:46:01Z</time>
   </trkpt>
   <trkpt lat="43.3681130" lon="3.6184200">
    <ele>1.8</ele>
    <time>2025-05-13T07:46:02Z</time>
   </trkpt>
   <trkpt lat="43.3681580" lon="3.6184730">
    <ele>1.8</ele>
    <time>2025-05-13T07:46:03Z</time>
   </trkpt>
   <trkpt lat="43.3682030" lon="3.6185240">
    <ele>1.8</ele>
    <time>2025-05-13T07:46:04Z</time>
   </trkpt>
   <trkpt lat="43.3682500" lon="3.6185710">
    <ele>1.8</ele>
    <time>2025-05-13T07:46:05Z</time>
   </trkpt>
   <trkpt lat="43.3682980" lon="3.6186190">
    <ele>1.8</ele>
    <time>2025-05-13T07:46:06Z</time>
   </trkpt>
   <trkpt lat="43.3683450" lon="3.6186730">
    <ele>1.8</ele>
    <time>2025-05-13T07:46:07Z</time>
   </trkpt>
   <trkpt lat="43.3683990" lon="3.6187320">
    <ele>1.8</ele>
    <time>2025-05-13T07:46:08Z</time>
   </trkpt>
   <trkpt lat="43.3684510" lon="3.6187940">
    <ele>1.9</ele>
    <time>2025-05-13T07:46:09Z</time>
   </trkpt>
   <trkpt lat="43.3685020" lon="3.6188560">
    <ele>1.9</ele>
    <time>2025-05-13T07:46:10Z</time>
   </trkpt>
   <trkpt lat="43.3685560" lon="3.6189170">
    <ele>1.9</ele>
    <time>2025-05-13T07:46:11Z</time>
   </trkpt>
   <trkpt lat="43.3686080" lon="3.6189770">
    <ele>1.9</ele>
    <time>2025-05-13T07:46:12Z</time>
   </trkpt>
   <trkpt lat="43.3686580" lon="3.6190440">
    <ele>1.9</ele>
    <time>2025-05-13T07:46:13Z</time>
   </trkpt>
   <trkpt lat="43.3687020" lon="3.6191130">
    <ele>1.9</ele>
    <time>2025-05-13T07:46:14Z</time>
   </trkpt>
   <trkpt lat="43.3687490" lon="3.6191760">
    <ele>1.9</ele>
    <time>2025-05-13T07:46:15Z</time>
   </trkpt>
   <trkpt lat="43.3687980" lon="3.6192400">
    <ele>1.9</ele>
    <time>2025-05-13T07:46:16Z</time>
   </trkpt>
   <trkpt lat="43.3688480" lon="3.6193060">
    <ele>2.0</ele>
    <time>2025-05-13T07:46:17Z</time>
   </trkpt>
   <trkpt lat="43.3688990" lon="3.6193700">
    <ele>2.0</ele>
    <time>2025-05-13T07:46:18Z</time>
   </trkpt>
   <trkpt lat="43.3689470" lon="3.6194370">
    <ele>2.0</ele>
    <time>2025-05-13T07:46:19Z</time>
   </trkpt>
   <trkpt lat="43.3689870" lon="3.6195040">
    <ele>2.0</ele>
    <time>2025-05-13T07:46:20Z</time>
   </trkpt>
   <trkpt lat="43.3690350" lon="3.6195730">
    <ele>2.1</ele>
    <time>2025-05-13T07:46:21Z</time>
   </trkpt>
   <trkpt lat="43.3690800" lon="3.6196450">
    <ele>2.1</ele>
    <time>2025-05-13T07:46:22Z</time>
   </trkpt>
   <trkpt lat="43.3691240" lon="3.6197120">
    <ele>2.1</ele>
    <time>2025-05-13T07:46:23Z</time>
   </trkpt>
   <trkpt lat="43.3691690" lon="3.6197760">
    <ele>2.2</ele>
    <time>2025-05-13T07:46:24Z</time>
   </trkpt>
   <trkpt lat="43.3692130" lon="3.6198420">
    <ele>2.2</ele>
    <time>2025-05-13T07:46:25Z</time>
   </trkpt>
   <trkpt lat="43.3692580" lon="3.6199080">
    <ele>2.2</ele>
    <time>2025-05-13T07:46:26Z</time>
   </trkpt>
   <trkpt lat="43.3693040" lon="3.6199810">
    <ele>2.2</ele>
    <time>2025-05-13T07:46:27Z</time>
   </trkpt>
   <trkpt lat="43.3693510" lon="3.6200520">
    <ele>2.3</ele>
    <time>2025-05-13T07:46:28Z</time>
   </trkpt>
   <trkpt lat="43.3693980" lon="3.6201200">
    <ele>2.3</ele>
    <time>2025-05-13T07:46:29Z</time>
   </trkpt>
   <trkpt lat="43.3694430" lon="3.6201850">
    <ele>2.3</ele>
    <time>2025-05-13T07:46:30Z</time>
   </trkpt>
   <trkpt lat="43.3694920" lon="3.6202530">
    <ele>2.3</ele>
    <time>2025-05-13T07:46:31Z</time>
   </trkpt>
   <trkpt lat="43.3695390" lon="3.6203230">
    <ele>2.2</ele>
    <time>2025-05-13T07:46:32Z</time>
   </trkpt>
   <trkpt lat="43.3695850" lon="3.6203960">
    <ele>2.2</ele>
    <time>2025-05-13T07:46:33Z</time>
   </trkpt>
   <trkpt lat="43.3696330" lon="3.6204660">
    <ele>2.2</ele>
    <time>2025-05-13T07:46:34Z</time>
   </trkpt>
   <trkpt lat="43.3696830" lon="3.6205320">
    <ele>2.2</ele>
    <time>2025-05-13T07:46:35Z</time>
   </trkpt>
   <trkpt lat="43.3697360" lon="3.6205950">
    <ele>2.2</ele>
    <time>2025-05-13T07:46:36Z</time>
   </trkpt>
   <trkpt lat="43.3697910" lon="3.6206510">
    <ele>2.2</ele>
    <time>2025-05-13T07:46:37Z</time>
   </trkpt>
   <trkpt lat="43.3698460" lon="3.6207170">
    <ele>2.2</ele>
    <time>2025-05-13T07:46:38Z</time>
   </trkpt>
   <trkpt lat="43.3698890" lon="3.6207860">
    <ele>2.2</ele>
    <time>2025-05-13T07:46:39Z</time>
   </trkpt>
   <trkpt lat="43.3699370" lon="3.6208580">
    <ele>2.1</ele>
    <time>2025-05-13T07:46:40Z</time>
   </trkpt>
   <trkpt lat="43.3699850" lon="3.6209250">
    <ele>2.1</ele>
    <time>2025-05-13T07:46:41Z</time>
   </trkpt>
   <trkpt lat="43.3700350" lon="3.6209860">
    <ele>2.1</ele>
    <time>2025-05-13T07:46:42Z</time>
   </trkpt>
   <trkpt lat="43.3700820" lon="3.6210500">
    <ele>2.1</ele>
    <time>2025-05-13T07:46:43Z</time>
   </trkpt>
   <trkpt lat="43.3701310" lon="3.6211200">
    <ele>2.1</ele>
    <time>2025-05-13T07:46:44Z</time>
   </trkpt>
   <trkpt lat="43.3701770" lon="3.6211940">
    <ele>2.1</ele>
    <time>2025-05-13T07:46:45Z</time>
   </trkpt>
   <trkpt lat="43.3702220" lon="3.6212670">
    <ele>2.1</ele>
    <time>2025-05-13T07:46:46Z</time>
   </trkpt>
   <trkpt lat="43.3702710" lon="3.6213350">
    <ele>2.1</ele>
    <time>2025-05-13T07:46:47Z</time>
   </trkpt>
   <trkpt lat="43.3703170" lon="3.6214060">
    <ele>2.1</ele>
    <time>2025-05-13T07:46:48Z</time>
   </trkpt>
   <trkpt lat="43.3703650" lon="3.6214760">
    <ele>2.1</ele>
    <time>2025-05-13T07:46:49Z</time>
   </trkpt>
   <trkpt lat="43.3704090" lon="3.6215420">
    <ele>2.1</ele>
    <time>2025-05-13T07:46:50Z</time>
   </trkpt>
   <trkpt lat="43.3704550" lon="3.6216110">
    <ele>2.1</ele>
    <time>2025-05-13T07:46:51Z</time>
   </trkpt>
   <trkpt lat="43.3705030" lon="3.6216780">
    <ele>2.1</ele>
    <time>2025-05-13T07:46:52Z</time>
   </trkpt>
   <trkpt lat="43.3705490" lon="3.6217420">
    <ele>2.1</ele>
    <time>2025-05-13T07:46:53Z</time>
   </trkpt>
   <trkpt lat="43.3705980" lon="3.6218100">
    <ele>2.1</ele>
    <time>2025-05-13T07:46:54Z</time>
   </trkpt>
   <trkpt lat="43.3706470" lon="3.6218720">
    <ele>2.1</ele>
    <time>2025-05-13T07:46:55Z</time>
   </trkpt>
   <trkpt lat="43.3706950" lon="3.6219370">
    <ele>2.1</ele>
    <time>2025-05-13T07:46:56Z</time>
   </trkpt>
   <trkpt lat="43.3707430" lon="3.6220020">
    <ele>2.1</ele>
    <time>2025-05-13T07:46:57Z</time>
   </trkpt>
   <trkpt lat="43.3707850" lon="3.6220700">
    <ele>2.1</ele>
    <time>2025-05-13T07:46:58Z</time>
   </trkpt>
   <trkpt lat="43.3708290" lon="3.6221420">
    <ele>2.1</ele>
    <time>2025-05-13T07:46:59Z</time>
   </trkpt>
   <trkpt lat="43.3708780" lon="3.6222030">
    <ele>2.1</ele>
    <time>2025-05-13T07:47:00Z</time>
   </trkpt>
   <trkpt lat="43.3709230" lon="3.6222600">
    <ele>2.1</ele>
    <time>2025-05-13T07:47:01Z</time>
   </trkpt>
   <trkpt lat="43.3709620" lon="3.6223250">
    <ele>2.1</ele>
    <time>2025-05-13T07:47:02Z</time>
   </trkpt>
   <trkpt lat="43.3709990" lon="3.6223850">
    <ele>2.1</ele>
    <time>2025-05-13T07:47:03Z</time>
   </trkpt>
   <trkpt lat="43.3710370" lon="3.6224500">
    <ele>2.1</ele>
    <time>2025-05-13T07:47:04Z</time>
   </trkpt>
   <trkpt lat="43.3710780" lon="3.6225160">
    <ele>2.1</ele>
    <time>2025-05-13T07:47:05Z</time>
   </trkpt>
   <trkpt lat="43.3711280" lon="3.6225830">
    <ele>2.1</ele>
    <time>2025-05-13T07:47:06Z</time>
   </trkpt>
   <trkpt lat="43.3711790" lon="3.6226480">
    <ele>2.1</ele>
    <time>2025-05-13T07:47:07Z</time>
   </trkpt>
   <trkpt lat="43.3712310" lon="3.6227190">
    <ele>2.1</ele>
    <time>2025-05-13T07:47:08Z</time>
   </trkpt>
   <trkpt lat="43.3712840" lon="3.6227850">
    <ele>2.1</ele>
    <time>2025-05-13T07:47:09Z</time>
   </trkpt>
   <trkpt lat="43.3713360" lon="3.6228520">
    <ele>2.1</ele>
    <time>2025-05-13T07:47:10Z</time>
   </trkpt>
   <trkpt lat="43.3713830" lon="3.6229200">
    <ele>2.1</ele>
    <time>2025-05-13T07:47:11Z</time>
   </trkpt>
   <trkpt lat="43.3714260" lon="3.6229900">
    <ele>2.1</ele>
    <time>2025-05-13T07:47:12Z</time>
   </trkpt>
   <trkpt lat="43.3714680" lon="3.6230580">
    <ele>2.1</ele>
    <time>2025-05-13T07:47:13Z</time>
   </trkpt>
   <trkpt lat="43.3715140" lon="3.6231260">
    <ele>2.1</ele>
    <time>2025-05-13T07:47:14Z</time>
   </trkpt>
   <trkpt lat="43.3715590" lon="3.6231930">
    <ele>2.1</ele>
    <time>2025-05-13T07:47:15Z</time>
   </trkpt>
   <trkpt lat="43.3716070" lon="3.6232620">
    <ele>2.1</ele>
    <time>2025-05-13T07:47:16Z</time>
   </trkpt>
   <trkpt lat="43.3716550" lon="3.6233330">
    <ele>2.1</ele>
    <time>2025-05-13T07:47:17Z</time>
   </trkpt>
   <trkpt lat="43.3717030" lon="3.6233970">
    <ele>2.0</ele>
    <time>2025-05-13T07:47:18Z</time>
   </trkpt>
   <trkpt lat="43.3717520" lon="3.6234650">
    <ele>2.0</ele>
    <time>2025-05-13T07:47:19Z</time>
   </trkpt>
   <trkpt lat="43.3718010" lon="3.6235330">
    <ele>2.0</ele>
    <time>2025-05-13T07:47:20Z</time>
   </trkpt>
   <trkpt lat="43.3718510" lon="3.6236010">
    <ele>2.0</ele>
    <time>2025-05-13T07:47:21Z</time>
   </trkpt>
   <trkpt lat="43.3718990" lon="3.6236650">
    <ele>2.0</ele>
    <time>2025-05-13T07:47:22Z</time>
   </trkpt>
   <trkpt lat="43.3719460" lon="3.6237320">
    <ele>2.0</ele>
    <time>2025-05-13T07:47:23Z</time>
   </trkpt>
   <trkpt lat="43.3719920" lon="3.6237950">
    <ele>2.0</ele>
    <time>2025-05-13T07:47:24Z</time>
   </trkpt>
   <trkpt lat="43.3720400" lon="3.6238660">
    <ele>2.1</ele>
    <time>2025-05-13T07:47:25Z</time>
   </trkpt>
   <trkpt lat="43.3720830" lon="3.6239370">
    <ele>2.1</ele>
    <time>2025-05-13T07:47:26Z</time>
   </trkpt>
   <trkpt lat="43.3721300" lon="3.6240110">
    <ele>2.1</ele>
    <time>2025-05-13T07:47:27Z</time>
   </trkpt>
   <trkpt lat="43.3721770" lon="3.6240810">
    <ele>2.1</ele>
    <time>2025-05-13T07:47:28Z</time>
   </trkpt>
   <trkpt lat="43.3722220" lon="3.6241460">
    <ele>2.2</ele>
    <time>2025-05-13T07:47:29Z</time>
   </trkpt>
   <trkpt lat="43.3722730" lon="3.6242120">
    <ele>2.2</ele>
    <time>2025-05-13T07:47:30Z</time>
   </trkpt>
   <trkpt lat="43.3723170" lon="3.6242780">
    <ele>2.2</ele>
    <time>2025-05-13T07:47:31Z</time>
   </trkpt>
   <trkpt lat="43.3723620" lon="3.6243480">
    <ele>2.2</ele>
    <time>2025-05-13T07:47:32Z</time>
   </trkpt>
   <trkpt lat="43.3724090" lon="3.6244160">
    <ele>2.2</ele>
    <time>2025-05-13T07:47:33Z</time>
   </trkpt>
   <trkpt lat="43.3724560" lon="3.6244820">
    <ele>2.2</ele>
    <time>2025-05-13T07:47:34Z</time>
   </trkpt>
   <trkpt lat="43.3725030" lon="3.6245450">
    <ele>2.2</ele>
    <time>2025-05-13T07:47:35Z</time>
   </trkpt>
   <trkpt lat="43.3725500" lon="3.6246120">
    <ele>2.2</ele>
    <time>2025-05-13T07:47:36Z</time>
   </trkpt>
   <trkpt lat="43.3725970" lon="3.6246770">
    <ele>2.2</ele>
    <time>2025-05-13T07:47:37Z</time>
   </trkpt>
   <trkpt lat="43.3726460" lon="3.6247430">
    <ele>2.2</ele>
    <time>2025-05-13T07:47:38Z</time>
   </trkpt>
   <trkpt lat="43.3726890" lon="3.6248120">
    <ele>2.1</ele>
    <time>2025-05-13T07:47:39Z</time>
   </trkpt>
   <trkpt lat="43.3727340" lon="3.6248810">
    <ele>2.1</ele>
    <time>2025-05-13T07:47:40Z</time>
   </trkpt>
   <trkpt lat="43.3727770" lon="3.6249530">
    <ele>2.1</ele>
    <time>2025-05-13T07:47:41Z</time>
   </trkpt>
   <trkpt lat="43.3728230" lon="3.6250220">
    <ele>2.1</ele>
    <time>2025-05-13T07:47:42Z</time>
   </trkpt>
   <trkpt lat="43.3728700" lon="3.6250920">
    <ele>2.1</ele>
    <time>2025-05-13T07:47:43Z</time>
   </trkpt>
   <trkpt lat="43.3729190" lon="3.6251590">
    <ele>2.1</ele>
    <time>2025-05-13T07:47:44Z</time>
   </trkpt>
   <trkpt lat="43.3729680" lon="3.6252260">
    <ele>2.1</ele>
    <time>2025-05-13T07:47:45Z</time>
   </trkpt>
   <trkpt lat="43.3730180" lon="3.6252920">
    <ele>2.1</ele>
    <time>2025-05-13T07:47:46Z</time>
   </trkpt>
   <trkpt lat="43.3730690" lon="3.6253600">
    <ele>2.1</ele>
    <time>2025-05-13T07:47:47Z</time>
   </trkpt>
   <trkpt lat="43.3731190" lon="3.6254250">
    <ele>2.1</ele>
    <time>2025-05-13T07:47:48Z</time>
   </trkpt>
   <trkpt lat="43.3731660" lon="3.6254930">
    <ele>2.1</ele>
    <time>2025-05-13T07:47:49Z</time>
   </trkpt>
   <trkpt lat="43.3732130" lon="3.6255600">
    <ele>2.1</ele>
    <time>2025-05-13T07:47:50Z</time>
   </trkpt>
   <trkpt lat="43.3732580" lon="3.6256280">
    <ele>2.1</ele>
    <time>2025-05-13T07:47:51Z</time>
   </trkpt>
   <trkpt lat="43.3733030" lon="3.6256930">
    <ele>2.1</ele>
    <time>2025-05-13T07:47:52Z</time>
   </trkpt>
   <trkpt lat="43.3733520" lon="3.6257530">
    <ele>2.1</ele>
    <time>2025-05-13T07:47:53Z</time>
   </trkpt>
   <trkpt lat="43.3734010" lon="3.6258170">
    <ele>2.1</ele>
    <time>2025-05-13T07:47:54Z</time>
   </trkpt>
   <trkpt lat="43.3734500" lon="3.6258830">
    <ele>2.1</ele>
    <time>2025-05-13T07:47:55Z</time>
   </trkpt>
   <trkpt lat="43.3734980" lon="3.6259540">
    <ele>2.1</ele>
    <time>2025-05-13T07:47:56Z</time>
   </trkpt>
   <trkpt lat="43.3735440" lon="3.6260310">
    <ele>2.1</ele>
    <time>2025-05-13T07:47:57Z</time>
   </trkpt>
   <trkpt lat="43.3735870" lon="3.6261090">
    <ele>2.1</ele>
    <time>2025-05-13T07:47:58Z</time>
   </trkpt>
   <trkpt lat="43.3736290" lon="3.6261810">
    <ele>2.1</ele>
    <time>2025-05-13T07:47:59Z</time>
   </trkpt>
   <trkpt lat="43.3736720" lon="3.6262530">
    <ele>2.1</ele>
    <time>2025-05-13T07:48:00Z</time>
   </trkpt>
   <trkpt lat="43.3737180" lon="3.6263200">
    <ele>2.1</ele>
    <time>2025-05-13T07:48:01Z</time>
   </trkpt>
   <trkpt lat="43.3737630" lon="3.6263900">
    <ele>2.1</ele>
    <time>2025-05-13T07:48:02Z</time>
   </trkpt>
   <trkpt lat="43.3738080" lon="3.6264520">
    <ele>2.1</ele>
    <time>2025-05-13T07:48:03Z</time>
   </trkpt>
   <trkpt lat="43.3738560" lon="3.6265150">
    <ele>2.1</ele>
    <time>2025-05-13T07:48:04Z</time>
   </trkpt>
   <trkpt lat="43.3739060" lon="3.6265810">
    <ele>2.1</ele>
    <time>2025-05-13T07:48:05Z</time>
   </trkpt>
   <trkpt lat="43.3739540" lon="3.6266510">
    <ele>2.1</ele>
    <time>2025-05-13T07:48:06Z</time>
   </trkpt>
   <trkpt lat="43.3739990" lon="3.6267210">
    <ele>2.1</ele>
    <time>2025-05-13T07:48:07Z</time>
   </trkpt>
   <trkpt lat="43.3740420" lon="3.6267920">
    <ele>2.1</ele>
    <time>2025-05-13T07:48:08Z</time>
   </trkpt>
   <trkpt lat="43.3740890" lon="3.6268650">
    <ele>2.1</ele>
    <time>2025-05-13T07:48:09Z</time>
   </trkpt>
   <trkpt lat="43.3741360" lon="3.6269340">
    <ele>2.1</ele>
    <time>2025-05-13T07:48:10Z</time>
   </trkpt>
   <trkpt lat="43.3741830" lon="3.6270050">
    <ele>2.1</ele>
    <time>2025-05-13T07:48:11Z</time>
   </trkpt>
   <trkpt lat="43.3742280" lon="3.6270740">
    <ele>2.1</ele>
    <time>2025-05-13T07:48:12Z</time>
   </trkpt>
   <trkpt lat="43.3742730" lon="3.6271430">
    <ele>2.1</ele>
    <time>2025-05-13T07:48:13Z</time>
   </trkpt>
   <trkpt lat="43.3743170" lon="3.6272090">
    <ele>2.1</ele>
    <time>2025-05-13T07:48:14Z</time>
   </trkpt>
   <trkpt lat="43.3743640" lon="3.6272760">
    <ele>2.1</ele>
    <time>2025-05-13T07:48:15Z</time>
   </trkpt>
   <trkpt lat="43.3744120" lon="3.6273400">
    <ele>2.1</ele>
    <time>2025-05-13T07:48:16Z</time>
   </trkpt>
   <trkpt lat="43.3744620" lon="3.6274040">
    <ele>2.2</ele>
    <time>2025-05-13T07:48:17Z</time>
   </trkpt>
   <trkpt lat="43.3745100" lon="3.6274720">
    <ele>2.2</ele>
    <time>2025-05-13T07:48:18Z</time>
   </trkpt>
   <trkpt lat="43.3745600" lon="3.6275410">
    <ele>2.1</ele>
    <time>2025-05-13T07:48:19Z</time>
   </trkpt>
   <trkpt lat="43.3746050" lon="3.6276050">
    <ele>2.1</ele>
    <time>2025-05-13T07:48:20Z</time>
   </trkpt>
   <trkpt lat="43.3746500" lon="3.6276760">
    <ele>2.1</ele>
    <time>2025-05-13T07:48:21Z</time>
   </trkpt>
   <trkpt lat="43.3746970" lon="3.6277430">
    <ele>2.1</ele>
    <time>2025-05-13T07:48:22Z</time>
   </trkpt>
   <trkpt lat="43.3747490" lon="3.6278040">
    <ele>2.1</ele>
    <time>2025-05-13T07:48:23Z</time>
   </trkpt>
   <trkpt lat="43.3748000" lon="3.6278690">
    <ele>2.1</ele>
    <time>2025-05-13T07:48:24Z</time>
   </trkpt>
   <trkpt lat="43.3748500" lon="3.6279390">
    <ele>2.1</ele>
    <time>2025-05-13T07:48:25Z</time>
   </trkpt>
   <trkpt lat="43.3749000" lon="3.6280030">
    <ele>2.1</ele>
    <time>2025-05-13T07:48:26Z</time>
   </trkpt>
   <trkpt lat="43.3749500" lon="3.6280670">
    <ele>2.1</ele>
    <time>2025-05-13T07:48:27Z</time>
   </trkpt>
   <trkpt lat="43.3750020" lon="3.6281330">
    <ele>2.1</ele>
    <time>2025-05-13T07:48:28Z</time>
   </trkpt>
   <trkpt lat="43.3750500" lon="3.6281950">
    <ele>2.1</ele>
    <time>2025-05-13T07:48:29Z</time>
   </trkpt>
   <trkpt lat="43.3751000" lon="3.6282630">
    <ele>2.1</ele>
    <time>2025-05-13T07:48:30Z</time>
   </trkpt>
   <trkpt lat="43.3751450" lon="3.6283360">
    <ele>2.1</ele>
    <time>2025-05-13T07:48:31Z</time>
   </trkpt>
   <trkpt lat="43.3751890" lon="3.6284050">
    <ele>2.1</ele>
    <time>2025-05-13T07:48:32Z</time>
   </trkpt>
   <trkpt lat="43.3752400" lon="3.6284730">
    <ele>2.1</ele>
    <time>2025-05-13T07:48:33Z</time>
   </trkpt>
   <trkpt lat="43.3752870" lon="3.6285350">
    <ele>2.1</ele>
    <time>2025-05-13T07:48:34Z</time>
   </trkpt>
   <trkpt lat="43.3753320" lon="3.6286030">
    <ele>2.1</ele>
    <time>2025-05-13T07:48:35Z</time>
   </trkpt>
   <trkpt lat="43.3753780" lon="3.6286700">
    <ele>2.1</ele>
    <time>2025-05-13T07:48:36Z</time>
   </trkpt>
   <trkpt lat="43.3754220" lon="3.6287400">
    <ele>2.1</ele>
    <time>2025-05-13T07:48:37Z</time>
   </trkpt>
   <trkpt lat="43.3754680" lon="3.6288050">
    <ele>2.1</ele>
    <time>2025-05-13T07:48:38Z</time>
   </trkpt>
   <trkpt lat="43.3755180" lon="3.6288720">
    <ele>2.2</ele>
    <time>2025-05-13T07:48:39Z</time>
   </trkpt>
   <trkpt lat="43.3755660" lon="3.6289400">
    <ele>2.2</ele>
    <time>2025-05-13T07:48:40Z</time>
   </trkpt>
   <trkpt lat="43.3756120" lon="3.6290100">
    <ele>2.2</ele>
    <time>2025-05-13T07:48:41Z</time>
   </trkpt>
   <trkpt lat="43.3756600" lon="3.6290760">
    <ele>2.2</ele>
    <time>2025-05-13T07:48:42Z</time>
   </trkpt>
   <trkpt lat="43.3757060" lon="3.6291440">
    <ele>2.2</ele>
    <time>2025-05-13T07:48:43Z</time>
   </trkpt>
   <trkpt lat="43.3757490" lon="3.6292130">
    <ele>2.2</ele>
    <time>2025-05-13T07:48:44Z</time>
   </trkpt>
   <trkpt lat="43.3757930" lon="3.6292880">
    <ele>2.2</ele>
    <time>2025-05-13T07:48:45Z</time>
   </trkpt>
   <trkpt lat="43.3758350" lon="3.6293670">
    <ele>2.2</ele>
    <time>2025-05-13T07:48:46Z</time>
   </trkpt>
   <trkpt lat="43.3758760" lon="3.6294410">
    <ele>2.2</ele>
    <time>2025-05-13T07:48:47Z</time>
   </trkpt>
   <trkpt lat="43.3759210" lon="3.6295100">
    <ele>2.2</ele>
    <time>2025-05-13T07:48:48Z</time>
   </trkpt>
   <trkpt lat="43.3759690" lon="3.6295740">
    <ele>2.2</ele>
    <time>2025-05-13T07:48:49Z</time>
   </trkpt>
   <trkpt lat="43.3760150" lon="3.6296450">
    <ele>2.2</ele>
    <time>2025-05-13T07:48:50Z</time>
   </trkpt>
   <trkpt lat="43.3760600" lon="3.6297180">
    <ele>2.2</ele>
    <time>2025-05-13T07:48:51Z</time>
   </trkpt>
   <trkpt lat="43.3761050" lon="3.6297900">
    <ele>2.2</ele>
    <time>2025-05-13T07:48:52Z</time>
   </trkpt>
   <trkpt lat="43.3761500" lon="3.6298630">
    <ele>2.2</ele>
    <time>2025-05-13T07:48:53Z</time>
   </trkpt>
   <trkpt lat="43.3761940" lon="3.6299360">
    <ele>2.2</ele>
    <time>2025-05-13T07:48:54Z</time>
   </trkpt>
   <trkpt lat="43.3762370" lon="3.6300090">
    <ele>2.2</ele>
    <time>2025-05-13T07:48:55Z</time>
   </trkpt>
   <trkpt lat="43.3762790" lon="3.6300810">
    <ele>2.2</ele>
    <time>2025-05-13T07:48:56Z</time>
   </trkpt>
   <trkpt lat="43.3763220" lon="3.6301530">
    <ele>2.2</ele>
    <time>2025-05-13T07:48:57Z</time>
   </trkpt>
   <trkpt lat="43.3763590" lon="3.6302270">
    <ele>2.2</ele>
    <time>2025-05-13T07:48:58Z</time>
   </trkpt>
   <trkpt lat="43.3764020" lon="3.6302950">
    <ele>2.3</ele>
    <time>2025-05-13T07:48:59Z</time>
   </trkpt>
   <trkpt lat="43.3764470" lon="3.6303610">
    <ele>2.3</ele>
    <time>2025-05-13T07:49:00Z</time>
   </trkpt>
   <trkpt lat="43.3764920" lon="3.6304260">
    <ele>2.3</ele>
    <time>2025-05-13T07:49:01Z</time>
   </trkpt>
   <trkpt lat="43.3765370" lon="3.6304950">
    <ele>2.3</ele>
    <time>2025-05-13T07:49:02Z</time>
   </trkpt>
   <trkpt lat="43.3765770" lon="3.6305660">
    <ele>2.4</ele>
    <time>2025-05-13T07:49:03Z</time>
   </trkpt>
   <trkpt lat="43.3766200" lon="3.6306310">
    <ele>2.4</ele>
    <time>2025-05-13T07:49:04Z</time>
   </trkpt>
   <trkpt lat="43.3766630" lon="3.6306980">
    <ele>2.4</ele>
    <time>2025-05-13T07:49:05Z</time>
   </trkpt>
   <trkpt lat="43.3767090" lon="3.6307680">
    <ele>2.4</ele>
    <time>2025-05-13T07:49:06Z</time>
   </trkpt>
   <trkpt lat="43.3767560" lon="3.6308410">
    <ele>2.4</ele>
    <time>2025-05-13T07:49:07Z</time>
   </trkpt>
   <trkpt lat="43.3768030" lon="3.6309090">
    <ele>2.4</ele>
    <time>2025-05-13T07:49:08Z</time>
   </trkpt>
   <trkpt lat="43.3768540" lon="3.6309770">
    <ele>2.3</ele>
    <time>2025-05-13T07:49:09Z</time>
   </trkpt>
   <trkpt lat="43.3769040" lon="3.6310420">
    <ele>2.2</ele>
    <time>2025-05-13T07:49:10Z</time>
   </trkpt>
   <trkpt lat="43.3769550" lon="3.6311100">
    <ele>2.2</ele>
    <time>2025-05-13T07:49:11Z</time>
   </trkpt>
   <trkpt lat="43.3769990" lon="3.6311800">
    <ele>2.2</ele>
    <time>2025-05-13T07:49:12Z</time>
   </trkpt>
   <trkpt lat="43.3770450" lon="3.6312490">
    <ele>2.2</ele>
    <time>2025-05-13T07:49:13Z</time>
   </trkpt>
   <trkpt lat="43.3770880" lon="3.6313230">
    <ele>2.1</ele>
    <time>2025-05-13T07:49:14Z</time>
   </trkpt>
   <trkpt lat="43.3771320" lon="3.6313920">
    <ele>2.1</ele>
    <time>2025-05-13T07:49:15Z</time>
   </trkpt>
   <trkpt lat="43.3771750" lon="3.6314660">
    <ele>2.1</ele>
    <time>2025-05-13T07:49:16Z</time>
   </trkpt>
   <trkpt lat="43.3772200" lon="3.6315370">
    <ele>2.1</ele>
    <time>2025-05-13T07:49:17Z</time>
   </trkpt>
   <trkpt lat="43.3772670" lon="3.6316060">
    <ele>2.1</ele>
    <time>2025-05-13T07:49:18Z</time>
   </trkpt>
   <trkpt lat="43.3773150" lon="3.6316810">
    <ele>2.1</ele>
    <time>2025-05-13T07:49:19Z</time>
   </trkpt>
   <trkpt lat="43.3773590" lon="3.6317480">
    <ele>2.1</ele>
    <time>2025-05-13T07:49:20Z</time>
   </trkpt>
   <trkpt lat="43.3774030" lon="3.6318160">
    <ele>2.1</ele>
    <time>2025-05-13T07:49:21Z</time>
   </trkpt>
   <trkpt lat="43.3774450" lon="3.6318820">
    <ele>2.1</ele>
    <time>2025-05-13T07:49:22Z</time>
   </trkpt>
   <trkpt lat="43.3774900" lon="3.6319500">
    <ele>2.1</ele>
    <time>2025-05-13T07:49:23Z</time>
   </trkpt>
   <trkpt lat="43.3775360" lon="3.6320170">
    <ele>2.2</ele>
    <time>2025-05-13T07:49:24Z</time>
   </trkpt>
   <trkpt lat="43.3775820" lon="3.6320850">
    <ele>2.2</ele>
    <time>2025-05-13T07:49:25Z</time>
   </trkpt>
   <trkpt lat="43.3776230" lon="3.6321520">
    <ele>2.2</ele>
    <time>2025-05-13T07:49:26Z</time>
   </trkpt>
   <trkpt lat="43.3776650" lon="3.6322220">
    <ele>2.2</ele>
    <time>2025-05-13T07:49:27Z</time>
   </trkpt>
   <trkpt lat="43.3777070" lon="3.6322930">
    <ele>2.2</ele>
    <time>2025-05-13T07:49:28Z</time>
   </trkpt>
   <trkpt lat="43.3777490" lon="3.6323660">
    <ele>2.3</ele>
    <time>2025-05-13T07:49:29Z</time>
   </trkpt>
   <trkpt lat="43.3777940" lon="3.6324370">
    <ele>2.3</ele>
    <time>2025-05-13T07:49:30Z</time>
   </trkpt>
   <trkpt lat="43.3778390" lon="3.6325070">
    <ele>2.3</ele>
    <time>2025-05-13T07:49:31Z</time>
   </trkpt>
   <trkpt lat="43.3778840" lon="3.6325770">
    <ele>2.3</ele>
    <time>2025-05-13T07:49:32Z</time>
   </trkpt>
   <trkpt lat="43.3779300" lon="3.6326430">
    <ele>2.3</ele>
    <time>2025-05-13T07:49:33Z</time>
   </trkpt>
   <trkpt lat="43.3779760" lon="3.6327070">
    <ele>2.3</ele>
    <time>2025-05-13T07:49:34Z</time>
   </trkpt>
   <trkpt lat="43.3780240" lon="3.6327730">
    <ele>2.3</ele>
    <time>2025-05-13T07:49:35Z</time>
   </trkpt>
   <trkpt lat="43.3780750" lon="3.6328390">
    <ele>2.3</ele>
    <time>2025-05-13T07:49:36Z</time>
   </trkpt>
   <trkpt lat="43.3781260" lon="3.6329050">
    <ele>2.2</ele>
    <time>2025-05-13T07:49:37Z</time>
   </trkpt>
   <trkpt lat="43.3781750" lon="3.6329720">
    <ele>2.2</ele>
    <time>2025-05-13T07:49:38Z</time>
   </trkpt>
   <trkpt lat="43.3782200" lon="3.6330450">
    <ele>2.2</ele>
    <time>2025-05-13T07:49:39Z</time>
   </trkpt>
   <trkpt lat="43.3782620" lon="3.6331220">
    <ele>2.2</ele>
    <time>2025-05-13T07:49:40Z</time>
   </trkpt>
   <trkpt lat="43.3783030" lon="3.6331950">
    <ele>2.2</ele>
    <time>2025-05-13T07:49:41Z</time>
   </trkpt>
   <trkpt lat="43.3783450" lon="3.6332670">
    <ele>2.2</ele>
    <time>2025-05-13T07:49:42Z</time>
   </trkpt>
   <trkpt lat="43.3783910" lon="3.6333380">
    <ele>2.1</ele>
    <time>2025-05-13T07:49:43Z</time>
   </trkpt>
   <trkpt lat="43.3784360" lon="3.6334070">
    <ele>2.1</ele>
    <time>2025-05-13T07:49:44Z</time>
   </trkpt>
   <trkpt lat="43.3784810" lon="3.6334740">
    <ele>2.1</ele>
    <time>2025-05-13T07:49:45Z</time>
   </trkpt>
   <trkpt lat="43.3785240" lon="3.6335470">
    <ele>2.0</ele>
    <time>2025-05-13T07:49:46Z</time>
   </trkpt>
   <trkpt lat="43.3785690" lon="3.6336210">
    <ele>2.0</ele>
    <time>2025-05-13T07:49:47Z</time>
   </trkpt>
   <trkpt lat="43.3786120" lon="3.6336970">
    <ele>2.0</ele>
    <time>2025-05-13T07:49:48Z</time>
   </trkpt>
   <trkpt lat="43.3786540" lon="3.6337730">
    <ele>2.0</ele>
    <time>2025-05-13T07:49:49Z</time>
   </trkpt>
   <trkpt lat="43.3786970" lon="3.6338470">
    <ele>2.0</ele>
    <time>2025-05-13T07:49:50Z</time>
   </trkpt>
   <trkpt lat="43.3787420" lon="3.6339150">
    <ele>2.0</ele>
    <time>2025-05-13T07:49:51Z</time>
   </trkpt>
   <trkpt lat="43.3787890" lon="3.6339830">
    <ele>2.0</ele>
    <time>2025-05-13T07:49:52Z</time>
   </trkpt>
   <trkpt lat="43.3788340" lon="3.6340490">
    <ele>2.0</ele>
    <time>2025-05-13T07:49:53Z</time>
   </trkpt>
   <trkpt lat="43.3788820" lon="3.6341170">
    <ele>2.0</ele>
    <time>2025-05-13T07:49:54Z</time>
   </trkpt>
   <trkpt lat="43.3789220" lon="3.6341960">
    <ele>2.0</ele>
    <time>2025-05-13T07:49:55Z</time>
   </trkpt>
   <trkpt lat="43.3789600" lon="3.6342730">
    <ele>2.0</ele>
    <time>2025-05-13T07:49:56Z</time>
   </trkpt>
   <trkpt lat="43.3790030" lon="3.6343450">
    <ele>2.0</ele>
    <time>2025-05-13T07:49:57Z</time>
   </trkpt>
   <trkpt lat="43.3790450" lon="3.6344150">
    <ele>2.0</ele>
    <time>2025-05-13T07:49:58Z</time>
   </trkpt>
   <trkpt lat="43.3790930" lon="3.6344870">
    <ele>2.0</ele>
    <time>2025-05-13T07:49:59Z</time>
   </trkpt>
   <trkpt lat="43.3791370" lon="3.6345570">
    <ele>2.0</ele>
    <time>2025-05-13T07:50:00Z</time>
   </trkpt>
   <trkpt lat="43.3791810" lon="3.6346270">
    <ele>2.1</ele>
    <time>2025-05-13T07:50:01Z</time>
   </trkpt>
   <trkpt lat="43.3792270" lon="3.6346980">
    <ele>2.1</ele>
    <time>2025-05-13T07:50:02Z</time>
   </trkpt>
   <trkpt lat="43.3792700" lon="3.6347700">
    <ele>2.0</ele>
    <time>2025-05-13T07:50:03Z</time>
   </trkpt>
   <trkpt lat="43.3793180" lon="3.6348370">
    <ele>2.0</ele>
    <time>2025-05-13T07:50:04Z</time>
   </trkpt>
   <trkpt lat="43.3793620" lon="3.6349050">
    <ele>2.0</ele>
    <time>2025-05-13T07:50:05Z</time>
   </trkpt>
   <trkpt lat="43.3794050" lon="3.6349790">
    <ele>2.0</ele>
    <time>2025-05-13T07:50:06Z</time>
   </trkpt>
   <trkpt lat="43.3794500" lon="3.6350540">
    <ele>2.0</ele>
    <time>2025-05-13T07:50:07Z</time>
   </trkpt>
   <trkpt lat="43.3794930" lon="3.6351270">
    <ele>2.0</ele>
    <time>2025-05-13T07:50:08Z</time>
   </trkpt>
   <trkpt lat="43.3795400" lon="3.6351950">
    <ele>2.1</ele>
    <time>2025-05-13T07:50:09Z</time>
   </trkpt>
   <trkpt lat="43.3795840" lon="3.6352660">
    <ele>2.1</ele>
    <time>2025-05-13T07:50:10Z</time>
   </trkpt>
   <trkpt lat="43.3796260" lon="3.6353390">
    <ele>2.1</ele>
    <time>2025-05-13T07:50:11Z</time>
   </trkpt>
   <trkpt lat="43.3796690" lon="3.6354110">
    <ele>2.1</ele>
    <time>2025-05-13T07:50:12Z</time>
   </trkpt>
   <trkpt lat="43.3797080" lon="3.6354740">
    <ele>2.1</ele>
    <time>2025-05-13T07:50:13Z</time>
   </trkpt>
   <trkpt lat="43.3797390" lon="3.6355190">
    <ele>2.1</ele>
    <time>2025-05-13T07:50:14Z</time>
   </trkpt>
   <trkpt lat="43.3797730" lon="3.6355630">
    <ele>2.1</ele>
    <time>2025-05-13T07:50:15Z</time>
   </trkpt>
   <trkpt lat="43.3798060" lon="3.6356020">
    <ele>2.1</ele>
    <time>2025-05-13T07:50:16Z</time>
   </trkpt>
   <trkpt lat="43.3798340" lon="3.6356440">
    <ele>2.1</ele>
    <time>2025-05-13T07:50:17Z</time>
   </trkpt>
   <trkpt lat="43.3798600" lon="3.6356870">
    <ele>2.1</ele>
    <time>2025-05-13T07:50:18Z</time>
   </trkpt>
   <trkpt lat="43.3798820" lon="3.6357300">
    <ele>2.1</ele>
    <time>2025-05-13T07:50:19Z</time>
   </trkpt>
   <trkpt lat="43.3799060" lon="3.6357750">
    <ele>2.1</ele>
    <time>2025-05-13T07:50:20Z</time>
   </trkpt>
   <trkpt lat="43.3799360" lon="3.6358210">
    <ele>2.1</ele>
    <time>2025-05-13T07:50:21Z</time>
   </trkpt>
   <trkpt lat="43.3799660" lon="3.6358720">
    <ele>2.1</ele>
    <time>2025-05-13T07:50:22Z</time>
   </trkpt>
   <trkpt lat="43.3799980" lon="3.6359240">
    <ele>2.1</ele>
    <time>2025-05-13T07:50:23Z</time>
   </trkpt>
   <trkpt lat="43.3800300" lon="3.6359820">
    <ele>2.1</ele>
    <time>2025-05-13T07:50:24Z</time>
   </trkpt>
   <trkpt lat="43.3800640" lon="3.6360390">
    <ele>2.1</ele>
    <time>2025-05-13T07:50:25Z</time>
   </trkpt>
   <trkpt lat="43.3801000" lon="3.6361010">
    <ele>2.1</ele>
    <time>2025-05-13T07:50:26Z</time>
   </trkpt>
   <trkpt lat="43.3801380" lon="3.6361630">
    <ele>2.1</ele>
    <time>2025-05-13T07:50:27Z</time>
   </trkpt>
   <trkpt lat="43.3801840" lon="3.6362300">
    <ele>2.1</ele>
    <time>2025-05-13T07:50:28Z</time>
   </trkpt>
   <trkpt lat="43.3802310" lon="3.6362950">
    <ele>2.1</ele>
    <time>2025-05-13T07:50:29Z</time>
   </trkpt>
   <trkpt lat="43.3802750" lon="3.6363610">
    <ele>2.1</ele>
    <time>2025-05-13T07:50:30Z</time>
   </trkpt>
   <trkpt lat="43.3803180" lon="3.6364290">
    <ele>2.1</ele>
    <time>2025-05-13T07:50:31Z</time>
   </trkpt>
   <trkpt lat="43.3803620" lon="3.6364970">
    <ele>2.1</ele>
    <time>2025-05-13T07:50:32Z</time>
   </trkpt>
   <trkpt lat="43.3804020" lon="3.6365620">
    <ele>2.1</ele>
    <time>2025-05-13T07:50:33Z</time>
   </trkpt>
   <trkpt lat="43.3804420" lon="3.6366270">
    <ele>2.1</ele>
    <time>2025-05-13T07:50:34Z</time>
   </trkpt>
   <trkpt lat="43.3804780" lon="3.6366870">
    <ele>2.1</ele>
    <time>2025-05-13T07:50:35Z</time>
   </trkpt>
   <trkpt lat="43.3805150" lon="3.6367510">
    <ele>2.1</ele>
    <time>2025-05-13T07:50:36Z</time>
   </trkpt>
   <trkpt lat="43.3805570" lon="3.6368190">
    <ele>2.1</ele>
    <time>2025-05-13T07:50:37Z</time>
   </trkpt>
   <trkpt lat="43.3806000" lon="3.6368900">
    <ele>2.1</ele>
    <time>2025-05-13T07:50:38Z</time>
   </trkpt>
   <trkpt lat="43.3806420" lon="3.6369610">
    <ele>2.1</ele>
    <time>2025-05-13T07:50:39Z</time>
   </trkpt>
   <trkpt lat="43.3806860" lon="3.6370290">
    <ele>2.1</ele>
    <time>2025-05-13T07:50:40Z</time>
   </trkpt>
   <trkpt lat="43.3807330" lon="3.6370940">
    <ele>2.1</ele>
    <time>2025-05-13T07:50:41Z</time>
   </trkpt>
   <trkpt lat="43.3807800" lon="3.6371620">
    <ele>2.1</ele>
    <time>2025-05-13T07:50:42Z</time>
   </trkpt>
   <trkpt lat="43.3808230" lon="3.6372330">
    <ele>2.2</ele>
    <time>2025-05-13T07:50:43Z</time>
   </trkpt>
   <trkpt lat="43.3808640" lon="3.6373050">
    <ele>2.2</ele>
    <time>2025-05-13T07:50:44Z</time>
   </trkpt>
   <trkpt lat="43.3809030" lon="3.6373800">
    <ele>2.2</ele>
    <time>2025-05-13T07:50:45Z</time>
   </trkpt>
   <trkpt lat="43.3809470" lon="3.6374530">
    <ele>2.2</ele>
    <time>2025-05-13T07:50:46Z</time>
   </trkpt>
   <trkpt lat="43.3809950" lon="3.6375220">
    <ele>2.2</ele>
    <time>2025-05-13T07:50:47Z</time>
   </trkpt>
   <trkpt lat="43.3810430" lon="3.6375890">
    <ele>2.2</ele>
    <time>2025-05-13T07:50:48Z</time>
   </trkpt>
   <trkpt lat="43.3810910" lon="3.6376570">
    <ele>2.2</ele>
    <time>2025-05-13T07:50:49Z</time>
   </trkpt>
   <trkpt lat="43.3811400" lon="3.6377310">
    <ele>2.2</ele>
    <time>2025-05-13T07:50:50Z</time>
   </trkpt>
   <trkpt lat="43.3811820" lon="3.6378040">
    <ele>2.2</ele>
    <time>2025-05-13T07:50:51Z</time>
   </trkpt>
   <trkpt lat="43.3812230" lon="3.6378780">
    <ele>2.2</ele>
    <time>2025-05-13T07:50:52Z</time>
   </trkpt>
   <trkpt lat="43.3812660" lon="3.6379470">
    <ele>2.2</ele>
    <time>2025-05-13T07:50:53Z</time>
   </trkpt>
   <trkpt lat="43.3813110" lon="3.6380180">
    <ele>2.2</ele>
    <time>2025-05-13T07:50:54Z</time>
   </trkpt>
   <trkpt lat="43.3813510" lon="3.6380870">
    <ele>2.2</ele>
    <time>2025-05-13T07:50:55Z</time>
   </trkpt>
   <trkpt lat="43.3813950" lon="3.6381580">
    <ele>2.2</ele>
    <time>2025-05-13T07:50:56Z</time>
   </trkpt>
   <trkpt lat="43.3814370" lon="3.6382310">
    <ele>2.2</ele>
    <time>2025-05-13T07:50:57Z</time>
   </trkpt>
   <trkpt lat="43.3814800" lon="3.6383040">
    <ele>2.2</ele>
    <time>2025-05-13T07:50:58Z</time>
   </trkpt>
   <trkpt lat="43.3815240" lon="3.6383760">
    <ele>2.2</ele>
    <time>2025-05-13T07:50:59Z</time>
   </trkpt>
   <trkpt lat="43.3815680" lon="3.6384440">
    <ele>2.2</ele>
    <time>2025-05-13T07:51:00Z</time>
   </trkpt>
   <trkpt lat="43.3816110" lon="3.6385050">
    <ele>2.2</ele>
    <time>2025-05-13T07:51:01Z</time>
   </trkpt>
   <trkpt lat="43.3816540" lon="3.6385710">
    <ele>2.2</ele>
    <time>2025-05-13T07:51:02Z</time>
   </trkpt>
   <trkpt lat="43.3816940" lon="3.6386360">
    <ele>2.2</ele>
    <time>2025-05-13T07:51:03Z</time>
   </trkpt>
   <trkpt lat="43.3817350" lon="3.6387010">
    <ele>2.2</ele>
    <time>2025-05-13T07:51:04Z</time>
   </trkpt>
   <trkpt lat="43.3817750" lon="3.6387710">
    <ele>2.2</ele>
    <time>2025-05-13T07:51:05Z</time>
   </trkpt>
   <trkpt lat="43.3818180" lon="3.6388430">
    <ele>2.2</ele>
    <time>2025-05-13T07:51:06Z</time>
   </trkpt>
   <trkpt lat="43.3818600" lon="3.6389160">
    <ele>2.2</ele>
    <time>2025-05-13T07:51:07Z</time>
   </trkpt>
   <trkpt lat="43.3819010" lon="3.6389840">
    <ele>2.2</ele>
    <time>2025-05-13T07:51:08Z</time>
   </trkpt>
   <trkpt lat="43.3819450" lon="3.6390540">
    <ele>2.2</ele>
    <time>2025-05-13T07:51:09Z</time>
   </trkpt>
   <trkpt lat="43.3819920" lon="3.6391220">
    <ele>2.2</ele>
    <time>2025-05-13T07:51:10Z</time>
   </trkpt>
   <trkpt lat="43.3820390" lon="3.6391880">
    <ele>2.2</ele>
    <time>2025-05-13T07:51:11Z</time>
   </trkpt>
   <trkpt lat="43.3820890" lon="3.6392590">
    <ele>2.2</ele>
    <time>2025-05-13T07:51:12Z</time>
   </trkpt>
   <trkpt lat="43.3821360" lon="3.6393320">
    <ele>2.2</ele>
    <time>2025-05-13T07:51:13Z</time>
   </trkpt>
   <trkpt lat="43.3821800" lon="3.6394020">
    <ele>2.2</ele>
    <time>2025-05-13T07:51:14Z</time>
   </trkpt>
   <trkpt lat="43.3822210" lon="3.6394740">
    <ele>2.2</ele>
    <time>2025-05-13T07:51:15Z</time>
   </trkpt>
   <trkpt lat="43.3822620" lon="3.6395450">
    <ele>2.2</ele>
    <time>2025-05-13T07:51:16Z</time>
   </trkpt>
   <trkpt lat="43.3823040" lon="3.6396170">
    <ele>2.2</ele>
    <time>2025-05-13T07:51:17Z</time>
   </trkpt>
   <trkpt lat="43.3823470" lon="3.6396840">
    <ele>2.2</ele>
    <time>2025-05-13T07:51:18Z</time>
   </trkpt>
   <trkpt lat="43.3823890" lon="3.6397520">
    <ele>2.2</ele>
    <time>2025-05-13T07:51:19Z</time>
   </trkpt>
   <trkpt lat="43.3824320" lon="3.6398230">
    <ele>2.2</ele>
    <time>2025-05-13T07:51:20Z</time>
   </trkpt>
   <trkpt lat="43.3824790" lon="3.6398940">
    <ele>2.1</ele>
    <time>2025-05-13T07:51:21Z</time>
   </trkpt>
   <trkpt lat="43.3825240" lon="3.6399650">
    <ele>2.1</ele>
    <time>2025-05-13T07:51:22Z</time>
   </trkpt>
   <trkpt lat="43.3825700" lon="3.6400350">
    <ele>2.1</ele>
    <time>2025-05-13T07:51:23Z</time>
   </trkpt>
   <trkpt lat="43.3826200" lon="3.6401050">
    <ele>2.1</ele>
    <time>2025-05-13T07:51:24Z</time>
   </trkpt>
   <trkpt lat="43.3826700" lon="3.6401740">
    <ele>2.1</ele>
    <time>2025-05-13T07:51:25Z</time>
   </trkpt>
   <trkpt lat="43.3827130" lon="3.6402440">
    <ele>2.1</ele>
    <time>2025-05-13T07:51:26Z</time>
   </trkpt>
   <trkpt lat="43.3827550" lon="3.6403150">
    <ele>2.1</ele>
    <time>2025-05-13T07:51:27Z</time>
   </trkpt>
   <trkpt lat="43.3827970" lon="3.6403850">
    <ele>2.1</ele>
    <time>2025-05-13T07:51:28Z</time>
   </trkpt>
   <trkpt lat="43.3828400" lon="3.6404530">
    <ele>2.1</ele>
    <time>2025-05-13T07:51:29Z</time>
   </trkpt>
   <trkpt lat="43.3828870" lon="3.6405250">
    <ele>2.1</ele>
    <time>2025-05-13T07:51:30Z</time>
   </trkpt>
   <trkpt lat="43.3829300" lon="3.6405970">
    <ele>2.1</ele>
    <time>2025-05-13T07:51:31Z</time>
   </trkpt>
   <trkpt lat="43.3829740" lon="3.6406680">
    <ele>2.1</ele>
    <time>2025-05-13T07:51:32Z</time>
   </trkpt>
   <trkpt lat="43.3830140" lon="3.6407440">
    <ele>2.1</ele>
    <time>2025-05-13T07:51:33Z</time>
   </trkpt>
   <trkpt lat="43.3830560" lon="3.6408130">
    <ele>2.1</ele>
    <time>2025-05-13T07:51:34Z</time>
   </trkpt>
   <trkpt lat="43.3831000" lon="3.6408830">
    <ele>2.0</ele>
    <time>2025-05-13T07:51:35Z</time>
   </trkpt>
   <trkpt lat="43.3831390" lon="3.6409540">
    <ele>2.0</ele>
    <time>2025-05-13T07:51:36Z</time>
   </trkpt>
   <trkpt lat="43.3831830" lon="3.6410260">
    <ele>2.0</ele>
    <time>2025-05-13T07:51:37Z</time>
   </trkpt>
   <trkpt lat="43.3832270" lon="3.6410950">
    <ele>2.0</ele>
    <time>2025-05-13T07:51:38Z</time>
   </trkpt>
   <trkpt lat="43.3832720" lon="3.6411640">
    <ele>2.0</ele>
    <time>2025-05-13T07:51:39Z</time>
   </trkpt>
   <trkpt lat="43.3833160" lon="3.6412360">
    <ele>2.0</ele>
    <time>2025-05-13T07:51:40Z</time>
   </trkpt>
   <trkpt lat="43.3833590" lon="3.6413090">
    <ele>2.0</ele>
    <time>2025-05-13T07:51:41Z</time>
   </trkpt>
   <trkpt lat="43.3834030" lon="3.6413820">
    <ele>2.0</ele>
    <time>2025-05-13T07:51:42Z</time>
   </trkpt>
   <trkpt lat="43.3834450" lon="3.6414530">
    <ele>2.0</ele>
    <time>2025-05-13T07:51:43Z</time>
   </trkpt>
   <trkpt lat="43.3834860" lon="3.6415250">
    <ele>2.0</ele>
    <time>2025-05-13T07:51:44Z</time>
   </trkpt>
   <trkpt lat="43.3835280" lon="3.6415950">
    <ele>2.0</ele>
    <time>2025-05-13T07:51:45Z</time>
   </trkpt>
   <trkpt lat="43.3835760" lon="3.6416650">
    <ele>2.0</ele>
    <time>2025-05-13T07:51:46Z</time>
   </trkpt>
   <trkpt lat="43.3836220" lon="3.6417320">
    <ele>2.0</ele>
    <time>2025-05-13T07:51:47Z</time>
   </trkpt>
   <trkpt lat="43.3836670" lon="3.6418020">
    <ele>2.0</ele>
    <time>2025-05-13T07:51:48Z</time>
   </trkpt>
   <trkpt lat="43.3837090" lon="3.6418740">
    <ele>2.0</ele>
    <time>2025-05-13T07:51:49Z</time>
   </trkpt>
   <trkpt lat="43.3837520" lon="3.6419480">
    <ele>2.0</ele>
    <time>2025-05-13T07:51:50Z</time>
   </trkpt>
   <trkpt lat="43.3837940" lon="3.6420240">
    <ele>2.0</ele>
    <time>2025-05-13T07:51:51Z</time>
   </trkpt>
   <trkpt lat="43.3838350" lon="3.6420950">
    <ele>2.0</ele>
    <time>2025-05-13T07:51:52Z</time>
   </trkpt>
   <trkpt lat="43.3838780" lon="3.6421650">
    <ele>1.9</ele>
    <time>2025-05-13T07:51:53Z</time>
   </trkpt>
   <trkpt lat="43.3839220" lon="3.6422330">
    <ele>1.9</ele>
    <time>2025-05-13T07:51:54Z</time>
   </trkpt>
   <trkpt lat="43.3839670" lon="3.6423020">
    <ele>1.9</ele>
    <time>2025-05-13T07:51:55Z</time>
   </trkpt>
   <trkpt lat="43.3840150" lon="3.6423740">
    <ele>1.9</ele>
    <time>2025-05-13T07:51:56Z</time>
   </trkpt>
   <trkpt lat="43.3840570" lon="3.6424490">
    <ele>1.9</ele>
    <time>2025-05-13T07:51:57Z</time>
   </trkpt>
   <trkpt lat="43.3841010" lon="3.6425160">
    <ele>1.9</ele>
    <time>2025-05-13T07:51:58Z</time>
   </trkpt>
   <trkpt lat="43.3841440" lon="3.6425830">
    <ele>1.9</ele>
    <time>2025-05-13T07:51:59Z</time>
   </trkpt>
   <trkpt lat="43.3841900" lon="3.6426530">
    <ele>1.9</ele>
    <time>2025-05-13T07:52:00Z</time>
   </trkpt>
   <trkpt lat="43.3842350" lon="3.6427210">
    <ele>1.9</ele>
    <time>2025-05-13T07:52:01Z</time>
   </trkpt>
   <trkpt lat="43.3842800" lon="3.6427950">
    <ele>1.9</ele>
    <time>2025-05-13T07:52:02Z</time>
   </trkpt>
   <trkpt lat="43.3843240" lon="3.6428650">
    <ele>1.9</ele>
    <time>2025-05-13T07:52:03Z</time>
   </trkpt>
   <trkpt lat="43.3843700" lon="3.6429380">
    <ele>1.9</ele>
    <time>2025-05-13T07:52:04Z</time>
   </trkpt>
   <trkpt lat="43.3844150" lon="3.6430100">
    <ele>1.9</ele>
    <time>2025-05-13T07:52:05Z</time>
   </trkpt>
   <trkpt lat="43.3844590" lon="3.6430810">
    <ele>1.8</ele>
    <time>2025-05-13T07:52:06Z</time>
   </trkpt>
   <trkpt lat="43.3845030" lon="3.6431520">
    <ele>1.8</ele>
    <time>2025-05-13T07:52:07Z</time>
   </trkpt>
   <trkpt lat="43.3845510" lon="3.6432200">
    <ele>1.8</ele>
    <time>2025-05-13T07:52:08Z</time>
   </trkpt>
   <trkpt lat="43.3845990" lon="3.6432900">
    <ele>1.8</ele>
    <time>2025-05-13T07:52:09Z</time>
   </trkpt>
   <trkpt lat="43.3846430" lon="3.6433620">
    <ele>1.8</ele>
    <time>2025-05-13T07:52:10Z</time>
   </trkpt>
   <trkpt lat="43.3846850" lon="3.6434290">
    <ele>1.8</ele>
    <time>2025-05-13T07:52:11Z</time>
   </trkpt>
   <trkpt lat="43.3847270" lon="3.6434950">
    <ele>1.8</ele>
    <time>2025-05-13T07:52:12Z</time>
   </trkpt>
   <trkpt lat="43.3847730" lon="3.6435630">
    <ele>1.8</ele>
    <time>2025-05-13T07:52:13Z</time>
   </trkpt>
   <trkpt lat="43.3848160" lon="3.6436360">
    <ele>1.8</ele>
    <time>2025-05-13T07:52:14Z</time>
   </trkpt>
   <trkpt lat="43.3848600" lon="3.6437080">
    <ele>1.8</ele>
    <time>2025-05-13T07:52:15Z</time>
   </trkpt>
   <trkpt lat="43.3849060" lon="3.6437800">
    <ele>1.8</ele>
    <time>2025-05-13T07:52:16Z</time>
   </trkpt>
   <trkpt lat="43.3849510" lon="3.6438560">
    <ele>1.8</ele>
    <time>2025-05-13T07:52:17Z</time>
   </trkpt>
   <trkpt lat="43.3849970" lon="3.6439260">
    <ele>1.8</ele>
    <time>2025-05-13T07:52:18Z</time>
   </trkpt>
   <trkpt lat="43.3850420" lon="3.6440030">
    <ele>1.8</ele>
    <time>2025-05-13T07:52:19Z</time>
   </trkpt>
   <trkpt lat="43.3850850" lon="3.6440750">
    <ele>1.8</ele>
    <time>2025-05-13T07:52:20Z</time>
   </trkpt>
   <trkpt lat="43.3851330" lon="3.6441420">
    <ele>1.8</ele>
    <time>2025-05-13T07:52:21Z</time>
   </trkpt>
   <trkpt lat="43.3851780" lon="3.6442070">
    <ele>1.8</ele>
    <time>2025-05-13T07:52:22Z</time>
   </trkpt>
   <trkpt lat="43.3852230" lon="3.6442800">
    <ele>1.8</ele>
    <time>2025-05-13T07:52:23Z</time>
   </trkpt>
   <trkpt lat="43.3852670" lon="3.6443530">
    <ele>1.7</ele>
    <time>2025-05-13T07:52:24Z</time>
   </trkpt>
   <trkpt lat="43.3853120" lon="3.6444250">
    <ele>1.7</ele>
    <time>2025-05-13T07:52:25Z</time>
   </trkpt>
   <trkpt lat="43.3853580" lon="3.6444920">
    <ele>1.7</ele>
    <time>2025-05-13T07:52:26Z</time>
   </trkpt>
   <trkpt lat="43.3854050" lon="3.6445600">
    <ele>1.7</ele>
    <time>2025-05-13T07:52:27Z</time>
   </trkpt>
   <trkpt lat="43.3854510" lon="3.6446320">
    <ele>1.7</ele>
    <time>2025-05-13T07:52:28Z</time>
   </trkpt>
   <trkpt lat="43.3854970" lon="3.6447020">
    <ele>1.7</ele>
    <time>2025-05-13T07:52:29Z</time>
   </trkpt>
   <trkpt lat="43.3855400" lon="3.6447700">
    <ele>1.6</ele>
    <time>2025-05-13T07:52:30Z</time>
   </trkpt>
   <trkpt lat="43.3855810" lon="3.6448430">
    <ele>1.6</ele>
    <time>2025-05-13T07:52:31Z</time>
   </trkpt>
   <trkpt lat="43.3856180" lon="3.6449210">
    <ele>1.6</ele>
    <time>2025-05-13T07:52:32Z</time>
   </trkpt>
   <trkpt lat="43.3856580" lon="3.6449960">
    <ele>1.6</ele>
    <time>2025-05-13T07:52:33Z</time>
   </trkpt>
   <trkpt lat="43.3857000" lon="3.6450670">
    <ele>1.6</ele>
    <time>2025-05-13T07:52:34Z</time>
   </trkpt>
   <trkpt lat="43.3857490" lon="3.6451370">
    <ele>1.6</ele>
    <time>2025-05-13T07:52:35Z</time>
   </trkpt>
   <trkpt lat="43.3857960" lon="3.6452070">
    <ele>1.6</ele>
    <time>2025-05-13T07:52:36Z</time>
   </trkpt>
   <trkpt lat="43.3858390" lon="3.6452780">
    <ele>1.6</ele>
    <time>2025-05-13T07:52:37Z</time>
   </trkpt>
   <trkpt lat="43.3858850" lon="3.6453460">
    <ele>1.6</ele>
    <time>2025-05-13T07:52:38Z</time>
   </trkpt>
   <trkpt lat="43.3859310" lon="3.6454140">
    <ele>1.6</ele>
    <time>2025-05-13T07:52:39Z</time>
   </trkpt>
   <trkpt lat="43.3859770" lon="3.6454830">
    <ele>1.6</ele>
    <time>2025-05-13T07:52:40Z</time>
   </trkpt>
   <trkpt lat="43.3860240" lon="3.6455500">
    <ele>1.6</ele>
    <time>2025-05-13T07:52:41Z</time>
   </trkpt>
   <trkpt lat="43.3860660" lon="3.6456240">
    <ele>1.6</ele>
    <time>2025-05-13T07:52:42Z</time>
   </trkpt>
   <trkpt lat="43.3861090" lon="3.6456950">
    <ele>1.6</ele>
    <time>2025-05-13T07:52:43Z</time>
   </trkpt>
   <trkpt lat="43.3861520" lon="3.6457670">
    <ele>1.6</ele>
    <time>2025-05-13T07:52:44Z</time>
   </trkpt>
   <trkpt lat="43.3861940" lon="3.6458380">
    <ele>1.6</ele>
    <time>2025-05-13T07:52:45Z</time>
   </trkpt>
   <trkpt lat="43.3862380" lon="3.6459080">
    <ele>1.6</ele>
    <time>2025-05-13T07:52:46Z</time>
   </trkpt>
   <trkpt lat="43.3862830" lon="3.6459810">
    <ele>1.6</ele>
    <time>2025-05-13T07:52:47Z</time>
   </trkpt>
   <trkpt lat="43.3863300" lon="3.6460450">
    <ele>1.6</ele>
    <time>2025-05-13T07:52:48Z</time>
   </trkpt>
   <trkpt lat="43.3863750" lon="3.6461110">
    <ele>1.6</ele>
    <time>2025-05-13T07:52:49Z</time>
   </trkpt>
   <trkpt lat="43.3864160" lon="3.6461780">
    <ele>1.6</ele>
    <time>2025-05-13T07:52:50Z</time>
   </trkpt>
   <trkpt lat="43.3864580" lon="3.6462440">
    <ele>1.6</ele>
    <time>2025-05-13T07:52:51Z</time>
   </trkpt>
   <trkpt lat="43.3865020" lon="3.6463180">
    <ele>1.6</ele>
    <time>2025-05-13T07:52:52Z</time>
   </trkpt>
   <trkpt lat="43.3865440" lon="3.6463930">
    <ele>1.6</ele>
    <time>2025-05-13T07:52:53Z</time>
   </trkpt>
   <trkpt lat="43.3865870" lon="3.6464650">
    <ele>1.6</ele>
    <time>2025-05-13T07:52:54Z</time>
   </trkpt>
   <trkpt lat="43.3866300" lon="3.6465360">
    <ele>1.6</ele>
    <time>2025-05-13T07:52:55Z</time>
   </trkpt>
   <trkpt lat="43.3866750" lon="3.6466080">
    <ele>1.5</ele>
    <time>2025-05-13T07:52:56Z</time>
   </trkpt>
   <trkpt lat="43.3867190" lon="3.6466810">
    <ele>1.5</ele>
    <time>2025-05-13T07:52:57Z</time>
   </trkpt>
   <trkpt lat="43.3867630" lon="3.6467530">
    <ele>1.5</ele>
    <time>2025-05-13T07:52:58Z</time>
   </trkpt>
   <trkpt lat="43.3868070" lon="3.6468220">
    <ele>1.5</ele>
    <time>2025-05-13T07:52:59Z</time>
   </trkpt>
   <trkpt lat="43.3868520" lon="3.6468910">
    <ele>1.5</ele>
    <time>2025-05-13T07:53:00Z</time>
   </trkpt>
   <trkpt lat="43.3869000" lon="3.6469610">
    <ele>1.5</ele>
    <time>2025-05-13T07:53:01Z</time>
   </trkpt>
   <trkpt lat="43.3869460" lon="3.6470270">
    <ele>1.5</ele>
    <time>2025-05-13T07:53:02Z</time>
   </trkpt>
   <trkpt lat="43.3869900" lon="3.6470960">
    <ele>1.5</ele>
    <time>2025-05-13T07:53:03Z</time>
   </trkpt>
   <trkpt lat="43.3870360" lon="3.6471640">
    <ele>1.5</ele>
    <time>2025-05-13T07:53:04Z</time>
   </trkpt>
   <trkpt lat="43.3870820" lon="3.6472290">
    <ele>1.5</ele>
    <time>2025-05-13T07:53:05Z</time>
   </trkpt>
   <trkpt lat="43.3871300" lon="3.6472990">
    <ele>1.5</ele>
    <time>2025-05-13T07:53:06Z</time>
   </trkpt>
   <trkpt lat="43.3871790" lon="3.6473690">
    <ele>1.5</ele>
    <time>2025-05-13T07:53:07Z</time>
   </trkpt>
   <trkpt lat="43.3872250" lon="3.6474350">
    <ele>1.5</ele>
    <time>2025-05-13T07:53:08Z</time>
   </trkpt>
   <trkpt lat="43.3872700" lon="3.6474950">
    <ele>1.5</ele>
    <time>2025-05-13T07:53:09Z</time>
   </trkpt>
   <trkpt lat="43.3873130" lon="3.6475500">
    <ele>1.5</ele>
    <time>2025-05-13T07:53:10Z</time>
   </trkpt>
   <trkpt lat="43.3873550" lon="3.6476040">
    <ele>1.5</ele>
    <time>2025-05-13T07:53:11Z</time>
   </trkpt>
   <trkpt lat="43.3873960" lon="3.6476570">
    <ele>1.5</ele>
    <time>2025-05-13T07:53:12Z</time>
   </trkpt>
   <trkpt lat="43.3874360" lon="3.6477070">
    <ele>1.5</ele>
    <time>2025-05-13T07:53:13Z</time>
   </trkpt>
   <trkpt lat="43.3874750" lon="3.6477510">
    <ele>1.4</ele>
    <time>2025-05-13T07:53:14Z</time>
   </trkpt>
   <trkpt lat="43.3875100" lon="3.6477970">
    <ele>1.4</ele>
    <time>2025-05-13T07:53:15Z</time>
   </trkpt>
   <trkpt lat="43.3875440" lon="3.6478440">
    <ele>1.4</ele>
    <time>2025-05-13T07:53:16Z</time>
   </trkpt>
   <trkpt lat="43.3875750" lon="3.6478880">
    <ele>1.4</ele>
    <time>2025-05-13T07:53:17Z</time>
   </trkpt>
   <trkpt lat="43.3876030" lon="3.6479330">
    <ele>1.4</ele>
    <time>2025-05-13T07:53:18Z</time>
   </trkpt>
   <trkpt lat="43.3876270" lon="3.6479740">
    <ele>1.4</ele>
    <time>2025-05-13T07:53:19Z</time>
   </trkpt>
   <trkpt lat="43.3876550" lon="3.6480120">
    <ele>1.4</ele>
    <time>2025-05-13T07:53:20Z</time>
   </trkpt>
   <trkpt lat="43.3876820" lon="3.6480420">
    <ele>1.4</ele>
    <time>2025-05-13T07:53:21Z</time>
   </trkpt>
   <trkpt lat="43.3877070" lon="3.6480660">
    <ele>1.4</ele>
    <time>2025-05-13T07:53:22Z</time>
   </trkpt>
   <trkpt lat="43.3877290" lon="3.6480930">
    <ele>1.4</ele>
    <time>2025-05-13T07:53:23Z</time>
   </trkpt>
   <trkpt lat="43.3877500" lon="3.6481240">
    <ele>1.4</ele>
    <time>2025-05-13T07:53:24Z</time>
   </trkpt>
   <trkpt lat="43.3877710" lon="3.6481560">
    <ele>1.4</ele>
    <time>2025-05-13T07:53:25Z</time>
   </trkpt>
   <trkpt lat="43.3877940" lon="3.6481870">
    <ele>1.4</ele>
    <time>2025-05-13T07:53:26Z</time>
   </trkpt>
   <trkpt lat="43.3878150" lon="3.6482120">
    <ele>1.4</ele>
    <time>2025-05-13T07:53:27Z</time>
   </trkpt>
   <trkpt lat="43.3878380" lon="3.6482380">
    <ele>1.4</ele>
    <time>2025-05-13T07:53:28Z</time>
   </trkpt>
   <trkpt lat="43.3878580" lon="3.6482670">
    <ele>1.4</ele>
    <time>2025-05-13T07:53:29Z</time>
   </trkpt>
   <trkpt lat="43.3878810" lon="3.6482910">
    <ele>1.4</ele>
    <time>2025-05-13T07:53:30Z</time>
   </trkpt>
   <trkpt lat="43.3879060" lon="3.6483060">
    <ele>1.4</ele>
    <time>2025-05-13T07:53:31Z</time>
   </trkpt>
   <trkpt lat="43.3879320" lon="3.6483140">
    <ele>1.4</ele>
    <time>2025-05-13T07:53:32Z</time>
   </trkpt>
   <trkpt lat="43.3879690" lon="3.6483220">
    <ele>1.4</ele>
    <time>2025-05-13T07:53:33Z</time>
   </trkpt>
   <trkpt lat="43.3879810" lon="3.6483310">
    <ele>1.4</ele>
    <time>2025-05-13T07:53:34Z</time>
   </trkpt>
   <trkpt lat="43.3880040" lon="3.6483590">
    <ele>1.4</ele>
    <time>2025-05-13T07:53:35Z</time>
   </trkpt>
   <trkpt lat="43.3880250" lon="3.6483860">
    <ele>1.4</ele>
    <time>2025-05-13T07:53:36Z</time>
   </trkpt>
   <trkpt lat="43.3880460" lon="3.6484130">
    <ele>1.4</ele>
    <time>2025-05-13T07:53:37Z</time>
   </trkpt>
   <trkpt lat="43.3880770" lon="3.6484430">
    <ele>1.4</ele>
    <time>2025-05-13T07:53:38Z</time>
   </trkpt>
   <trkpt lat="43.3880870" lon="3.6484540">
    <ele>1.4</ele>
    <time>2025-05-13T07:53:39Z</time>
   </trkpt>
   <trkpt lat="43.3881080" lon="3.6484810">
    <ele>1.4</ele>
    <time>2025-05-13T07:53:40Z</time>
   </trkpt>
   <trkpt lat="43.3881360" lon="3.6485130">
    <ele>1.4</ele>
    <time>2025-05-13T07:53:41Z</time>
   </trkpt>
   <trkpt lat="43.3881650" lon="3.6485460">
    <ele>1.5</ele>
    <time>2025-05-13T07:53:42Z</time>
   </trkpt>
   <trkpt lat="43.3881950" lon="3.6485840">
    <ele>1.5</ele>
    <time>2025-05-13T07:53:43Z</time>
   </trkpt>
   <trkpt lat="43.3882300" lon="3.6486220">
    <ele>1.5</ele>
    <time>2025-05-13T07:53:44Z</time>
   </trkpt>
   <trkpt lat="43.3882670" lon="3.6486640">
    <ele>1.5</ele>
    <time>2025-05-13T07:53:45Z</time>
   </trkpt>
   <trkpt lat="43.3883020" lon="3.6487070">
    <ele>1.5</ele>
    <time>2025-05-13T07:53:46Z</time>
   </trkpt>
   <trkpt lat="43.3883360" lon="3.6487480">
    <ele>1.5</ele>
    <time>2025-05-13T07:53:47Z</time>
   </trkpt>
   <trkpt lat="43.3883710" lon="3.6487870">
    <ele>1.5</ele>
    <time>2025-05-13T07:53:48Z</time>
   </trkpt>
   <trkpt lat="43.3884050" lon="3.6488310">
    <ele>1.5</ele>
    <time>2025-05-13T07:53:49Z</time>
   </trkpt>
   <trkpt lat="43.3884440" lon="3.6488750">
    <ele>1.5</ele>
    <time>2025-05-13T07:53:50Z</time>
   </trkpt>
   <trkpt lat="43.3884840" lon="3.6489220">
    <ele>1.5</ele>
    <time>2025-05-13T07:53:51Z</time>
   </trkpt>
   <trkpt lat="43.3885240" lon="3.6489690">
    <ele>1.5</ele>
    <time>2025-05-13T07:53:52Z</time>
   </trkpt>
   <trkpt lat="43.3885710" lon="3.6490160">
    <ele>1.6</ele>
    <time>2025-05-13T07:53:53Z</time>
   </trkpt>
   <trkpt lat="43.3886130" lon="3.6490650">
    <ele>1.6</ele>
    <time>2025-05-13T07:53:54Z</time>
   </trkpt>
   <trkpt lat="43.3886600" lon="3.6491160">
    <ele>1.6</ele>
    <time>2025-05-13T07:53:55Z</time>
   </trkpt>
   <trkpt lat="43.3887050" lon="3.6491670">
    <ele>1.6</ele>
    <time>2025-05-13T07:53:56Z</time>
   </trkpt>
   <trkpt lat="43.3887550" lon="3.6492170">
    <ele>1.7</ele>
    <time>2025-05-13T07:53:57Z</time>
   </trkpt>
   <trkpt lat="43.3888010" lon="3.6492710">
    <ele>1.7</ele>
    <time>2025-05-13T07:53:58Z</time>
   </trkpt>
   <trkpt lat="43.3888400" lon="3.6493220">
    <ele>1.7</ele>
    <time>2025-05-13T07:53:59Z</time>
   </trkpt>
   <trkpt lat="43.3888820" lon="3.6493750">
    <ele>1.7</ele>
    <time>2025-05-13T07:54:00Z</time>
   </trkpt>
   <trkpt lat="43.3889270" lon="3.6494280">
    <ele>1.8</ele>
    <time>2025-05-13T07:54:01Z</time>
   </trkpt>
   <trkpt lat="43.3889750" lon="3.6494780">
    <ele>1.8</ele>
    <time>2025-05-13T07:54:02Z</time>
   </trkpt>
   <trkpt lat="43.3890250" lon="3.6495300">
    <ele>1.8</ele>
    <time>2025-05-13T07:54:03Z</time>
   </trkpt>
   <trkpt lat="43.3890720" lon="3.6495850">
    <ele>1.8</ele>
    <time>2025-05-13T07:54:04Z</time>
   </trkpt>
   <trkpt lat="43.3891150" lon="3.6496410">
    <ele>1.8</ele>
    <time>2025-05-13T07:54:05Z</time>
   </trkpt>
   <trkpt lat="43.3891560" lon="3.6496920">
    <ele>1.8</ele>
    <time>2025-05-13T07:54:06Z</time>
   </trkpt>
   <trkpt lat="43.3891950" lon="3.6497420">
    <ele>1.9</ele>
    <time>2025-05-13T07:54:07Z</time>
   </trkpt>
   <trkpt lat="43.3892290" lon="3.6497970">
    <ele>1.9</ele>
    <time>2025-05-13T07:54:08Z</time>
   </trkpt>
   <trkpt lat="43.3892640" lon="3.6498470">
    <ele>1.9</ele>
    <time>2025-05-13T07:54:09Z</time>
   </trkpt>
   <trkpt lat="43.3892940" lon="3.6498930">
    <ele>1.9</ele>
    <time>2025-05-13T07:54:10Z</time>
   </trkpt>
   <trkpt lat="43.3893250" lon="3.6499440">
    <ele>2.0</ele>
    <time>2025-05-13T07:54:11Z</time>
   </trkpt>
   <trkpt lat="43.3893550" lon="3.6499970">
    <ele>2.0</ele>
    <time>2025-05-13T07:54:12Z</time>
   </trkpt>
   <trkpt lat="43.3893840" lon="3.6500420">
    <ele>2.0</ele>
    <time>2025-05-13T07:54:13Z</time>
   </trkpt>
   <trkpt lat="43.3894120" lon="3.6500870">
    <ele>2.0</ele>
    <time>2025-05-13T07:54:14Z</time>
   </trkpt>
   <trkpt lat="43.3894370" lon="3.6501300">
    <ele>2.1</ele>
    <time>2025-05-13T07:54:15Z</time>
   </trkpt>
   <trkpt lat="43.3894570" lon="3.6501670">
    <ele>2.1</ele>
    <time>2025-05-13T07:54:16Z</time>
   </trkpt>
   <trkpt lat="43.3894760" lon="3.6502010">
    <ele>2.1</ele>
    <time>2025-05-13T07:54:17Z</time>
   </trkpt>
   <trkpt lat="43.3894830" lon="3.6502090">
    <ele>2.1</ele>
    <time>2025-05-13T07:54:18Z</time>
   </trkpt>
   <trkpt lat="43.3895150" lon="3.6502350">
    <ele>2.1</ele>
    <time>2025-05-13T07:54:19Z</time>
   </trkpt>
   <trkpt lat="43.3895280" lon="3.6502430">
    <ele>2.1</ele>
    <time>2025-05-13T07:54:20Z</time>
   </trkpt>
   <trkpt lat="43.3895630" lon="3.6502530">
    <ele>2.1</ele>
    <time>2025-05-13T07:54:21Z</time>
   </trkpt>
   <trkpt lat="43.3896030" lon="3.6502580">
    <ele>2.1</ele>
    <time>2025-05-13T07:54:22Z</time>
   </trkpt>
   <trkpt lat="43.3896420" lon="3.6502560">
    <ele>2.0</ele>
    <time>2025-05-13T07:54:23Z</time>
   </trkpt>
   <trkpt lat="43.3896850" lon="3.6502490">
    <ele>2.0</ele>
    <time>2025-05-13T07:54:24Z</time>
   </trkpt>
   <trkpt lat="43.3897290" lon="3.6502400">
    <ele>2.0</ele>
    <time>2025-05-13T07:54:25Z</time>
   </trkpt>
   <trkpt lat="43.3897800" lon="3.6502290">
    <ele>1.9</ele>
    <time>2025-05-13T07:54:26Z</time>
   </trkpt>
   <trkpt lat="43.3898330" lon="3.6502290">
    <ele>1.9</ele>
    <time>2025-05-13T07:54:27Z</time>
   </trkpt>
   <trkpt lat="43.3898890" lon="3.6502480">
    <ele>1.8</ele>
    <time>2025-05-13T07:54:28Z</time>
   </trkpt>
   <trkpt lat="43.3899400" lon="3.6502840">
    <ele>1.8</ele>
    <time>2025-05-13T07:54:29Z</time>
   </trkpt>
   <trkpt lat="43.3899920" lon="3.6503240">
    <ele>1.8</ele>
    <time>2025-05-13T07:54:30Z</time>
   </trkpt>
   <trkpt lat="43.3900400" lon="3.6503660">
    <ele>1.8</ele>
    <time>2025-05-13T07:54:31Z</time>
   </trkpt>
   <trkpt lat="43.3900900" lon="3.6504130">
    <ele>1.8</ele>
    <time>2025-05-13T07:54:32Z</time>
   </trkpt>
   <trkpt lat="43.3901420" lon="3.6504610">
    <ele>1.8</ele>
    <time>2025-05-13T07:54:33Z</time>
   </trkpt>
   <trkpt lat="43.3901950" lon="3.6505110">
    <ele>1.8</ele>
    <time>2025-05-13T07:54:34Z</time>
   </trkpt>
   <trkpt lat="43.3902490" lon="3.6505580">
    <ele>1.8</ele>
    <time>2025-05-13T07:54:35Z</time>
   </trkpt>
   <trkpt lat="43.3903030" lon="3.6506070">
    <ele>1.8</ele>
    <time>2025-05-13T07:54:36Z</time>
   </trkpt>
   <trkpt lat="43.3903560" lon="3.6506570">
    <ele>1.8</ele>
    <time>2025-05-13T07:54:37Z</time>
   </trkpt>
   <trkpt lat="43.3904100" lon="3.6507090">
    <ele>1.8</ele>
    <time>2025-05-13T07:54:38Z</time>
   </trkpt>
   <trkpt lat="43.3904620" lon="3.6507580">
    <ele>1.8</ele>
    <time>2025-05-13T07:54:39Z</time>
   </trkpt>
   <trkpt lat="43.3905120" lon="3.6508090">
    <ele>1.8</ele>
    <time>2025-05-13T07:54:40Z</time>
   </trkpt>
   <trkpt lat="43.3905650" lon="3.6508610">
    <ele>1.8</ele>
    <time>2025-05-13T07:54:41Z</time>
   </trkpt>
   <trkpt lat="43.3906150" lon="3.6509110">
    <ele>1.9</ele>
    <time>2025-05-13T07:54:42Z</time>
   </trkpt>
   <trkpt lat="43.3906640" lon="3.6509550">
    <ele>1.9</ele>
    <time>2025-05-13T07:54:43Z</time>
   </trkpt>
   <trkpt lat="43.3907150" lon="3.6509910">
    <ele>1.9</ele>
    <time>2025-05-13T07:54:44Z</time>
   </trkpt>
   <trkpt lat="43.3907680" lon="3.6510290">
    <ele>1.9</ele>
    <time>2025-05-13T07:54:45Z</time>
   </trkpt>
   <trkpt lat="43.3908240" lon="3.6510670">
    <ele>2.0</ele>
    <time>2025-05-13T07:54:46Z</time>
   </trkpt>
   <trkpt lat="43.3908770" lon="3.6511080">
    <ele>2.0</ele>
    <time>2025-05-13T07:54:47Z</time>
   </trkpt>
   <trkpt lat="43.3909280" lon="3.6511570">
    <ele>2.1</ele>
    <time>2025-05-13T07:54:48Z</time>
   </trkpt>
   <trkpt lat="43.3909820" lon="3.6512020">
    <ele>2.1</ele>
    <time>2025-05-13T07:54:49Z</time>
   </trkpt>
   <trkpt lat="43.3910430" lon="3.6512390">
    <ele>2.2</ele>
    <time>2025-05-13T07:54:50Z</time>
   </trkpt>
   <trkpt lat="43.3911040" lon="3.6512760">
    <ele>2.3</ele>
    <time>2025-05-13T07:54:51Z</time>
   </trkpt>
   <trkpt lat="43.3911610" lon="3.6513170">
    <ele>2.4</ele>
    <time>2025-05-13T07:54:52Z</time>
   </trkpt>
   <trkpt lat="43.3912190" lon="3.6513620">
    <ele>2.5</ele>
    <time>2025-05-13T07:54:53Z</time>
   </trkpt>
   <trkpt lat="43.3912770" lon="3.6514070">
    <ele>2.6</ele>
    <time>2025-05-13T07:54:54Z</time>
   </trkpt>
   <trkpt lat="43.3913330" lon="3.6514510">
    <ele>2.6</ele>
    <time>2025-05-13T07:54:55Z</time>
   </trkpt>
   <trkpt lat="43.3913920" lon="3.6514990">
    <ele>2.6</ele>
    <time>2025-05-13T07:54:56Z</time>
   </trkpt>
   <trkpt lat="43.3914540" lon="3.6515490">
    <ele>2.6</ele>
    <time>2025-05-13T07:54:57Z</time>
   </trkpt>
   <trkpt lat="43.3915160" lon="3.6515980">
    <ele>2.6</ele>
    <time>2025-05-13T07:54:58Z</time>
   </trkpt>
   <trkpt lat="43.3915770" lon="3.6516420">
    <ele>2.6</ele>
    <time>2025-05-13T07:54:59Z</time>
   </trkpt>
   <trkpt lat="43.3916390" lon="3.6516870">
    <ele>2.6</ele>
    <time>2025-05-13T07:55:00Z</time>
   </trkpt>
   <trkpt lat="43.3917010" lon="3.6517290">
    <ele>2.7</ele>
    <time>2025-05-13T07:55:01Z</time>
   </trkpt>
   <trkpt lat="43.3917620" lon="3.6517690">
    <ele>2.7</ele>
    <time>2025-05-13T07:55:02Z</time>
   </trkpt>
   <trkpt lat="43.3918220" lon="3.6518120">
    <ele>2.7</ele>
    <time>2025-05-13T07:55:03Z</time>
   </trkpt>
   <trkpt lat="43.3918790" lon="3.6518580">
    <ele>2.8</ele>
    <time>2025-05-13T07:55:04Z</time>
   </trkpt>
   <trkpt lat="43.3919370" lon="3.6518990">
    <ele>2.8</ele>
    <time>2025-05-13T07:55:05Z</time>
   </trkpt>
   <trkpt lat="43.3919970" lon="3.6519380">
    <ele>2.8</ele>
    <time>2025-05-13T07:55:06Z</time>
   </trkpt>
   <trkpt lat="43.3920600" lon="3.6519840">
    <ele>2.8</ele>
    <time>2025-05-13T07:55:07Z</time>
   </trkpt>
   <trkpt lat="43.3921220" lon="3.6520310">
    <ele>2.9</ele>
    <time>2025-05-13T07:55:08Z</time>
   </trkpt>
   <trkpt lat="43.3921840" lon="3.6520770">
    <ele>2.9</ele>
    <time>2025-05-13T07:55:09Z</time>
   </trkpt>
   <trkpt lat="43.3922480" lon="3.6521230">
    <ele>2.9</ele>
    <time>2025-05-13T07:55:10Z</time>
   </trkpt>
   <trkpt lat="43.3923100" lon="3.6521680">
    <ele>2.9</ele>
    <time>2025-05-13T07:55:11Z</time>
   </trkpt>
   <trkpt lat="43.3923770" lon="3.6522190">
    <ele>2.9</ele>
    <time>2025-05-13T07:55:12Z</time>
   </trkpt>
   <trkpt lat="43.3924370" lon="3.6522630">
    <ele>2.9</ele>
    <time>2025-05-13T07:55:13Z</time>
   </trkpt>
   <trkpt lat="43.3924970" lon="3.6523050">
    <ele>2.8</ele>
    <time>2025-05-13T07:55:14Z</time>
   </trkpt>
   <trkpt lat="43.3925580" lon="3.6523450">
    <ele>2.8</ele>
    <time>2025-05-13T07:55:15Z</time>
   </trkpt>
   <trkpt lat="43.3926160" lon="3.6523910">
    <ele>2.8</ele>
    <time>2025-05-13T07:55:16Z</time>
   </trkpt>
   <trkpt lat="43.3926740" lon="3.6524350">
    <ele>2.8</ele>
    <time>2025-05-13T07:55:17Z</time>
   </trkpt>
   <trkpt lat="43.3927370" lon="3.6524740">
    <ele>2.7</ele>
    <time>2025-05-13T07:55:18Z</time>
   </trkpt>
   <trkpt lat="43.3927980" lon="3.6525090">
    <ele>2.7</ele>
    <time>2025-05-13T07:55:19Z</time>
   </trkpt>
   <trkpt lat="43.3928600" lon="3.6525520">
    <ele>2.7</ele>
    <time>2025-05-13T07:55:20Z</time>
   </trkpt>
   <trkpt lat="43.3929220" lon="3.6525910">
    <ele>2.7</ele>
    <time>2025-05-13T07:55:21Z</time>
   </trkpt>
   <trkpt lat="43.3929800" lon="3.6526280">
    <ele>2.6</ele>
    <time>2025-05-13T07:55:22Z</time>
   </trkpt>
   <trkpt lat="43.3930430" lon="3.6526710">
    <ele>2.6</ele>
    <time>2025-05-13T07:55:23Z</time>
   </trkpt>
   <trkpt lat="43.3931050" lon="3.6527170">
    <ele>2.5</ele>
    <time>2025-05-13T07:55:24Z</time>
   </trkpt>
   <trkpt lat="43.3931650" lon="3.6527660">
    <ele>2.5</ele>
    <time>2025-05-13T07:55:25Z</time>
   </trkpt>
   <trkpt lat="43.3932280" lon="3.6528070">
    <ele>2.5</ele>
    <time>2025-05-13T07:55:26Z</time>
   </trkpt>
   <trkpt lat="43.3932900" lon="3.6528510">
    <ele>2.4</ele>
    <time>2025-05-13T07:55:27Z</time>
   </trkpt>
   <trkpt lat="43.3933530" lon="3.6528960">
    <ele>2.4</ele>
    <time>2025-05-13T07:55:28Z</time>
   </trkpt>
   <trkpt lat="43.3934150" lon="3.6529410">
    <ele>2.3</ele>
    <time>2025-05-13T07:55:29Z</time>
   </trkpt>
   <trkpt lat="43.3934770" lon="3.6529860">
    <ele>2.3</ele>
    <time>2025-05-13T07:55:30Z</time>
   </trkpt>
   <trkpt lat="43.3935380" lon="3.6530310">
    <ele>2.2</ele>
    <time>2025-05-13T07:55:31Z</time>
   </trkpt>
   <trkpt lat="43.3935990" lon="3.6530750">
    <ele>2.2</ele>
    <time>2025-05-13T07:55:32Z</time>
   </trkpt>
   <trkpt lat="43.3936560" lon="3.6531180">
    <ele>2.2</ele>
    <time>2025-05-13T07:55:33Z</time>
   </trkpt>
   <trkpt lat="43.3937170" lon="3.6531600">
    <ele>2.2</ele>
    <time>2025-05-13T07:55:34Z</time>
   </trkpt>
   <trkpt lat="43.3937790" lon="3.6532040">
    <ele>2.2</ele>
    <time>2025-05-13T07:55:35Z</time>
   </trkpt>
   <trkpt lat="43.3938390" lon="3.6532490">
    <ele>2.2</ele>
    <time>2025-05-13T07:55:36Z</time>
   </trkpt>
   <trkpt lat="43.3938970" lon="3.6532920">
    <ele>2.2</ele>
    <time>2025-05-13T07:55:37Z</time>
   </trkpt>
   <trkpt lat="43.3939550" lon="3.6533330">
    <ele>2.2</ele>
    <time>2025-05-13T07:55:38Z</time>
   </trkpt>
   <trkpt lat="43.3940150" lon="3.6533730">
    <ele>2.2</ele>
    <time>2025-05-13T07:55:39Z</time>
   </trkpt>
   <trkpt lat="43.3940740" lon="3.6534120">
    <ele>2.2</ele>
    <time>2025-05-13T07:55:40Z</time>
   </trkpt>
   <trkpt lat="43.3941350" lon="3.6534520">
    <ele>2.2</ele>
    <time>2025-05-13T07:55:41Z</time>
   </trkpt>
   <trkpt lat="43.3941970" lon="3.6534920">
    <ele>2.2</ele>
    <time>2025-05-13T07:55:42Z</time>
   </trkpt>
   <trkpt lat="43.3942580" lon="3.6535370">
    <ele>2.1</ele>
    <time>2025-05-13T07:55:43Z</time>
   </trkpt>
   <trkpt lat="43.3943180" lon="3.6535790">
    <ele>2.2</ele>
    <time>2025-05-13T07:55:44Z</time>
   </trkpt>
   <trkpt lat="43.3943800" lon="3.6536230">
    <ele>2.2</ele>
    <time>2025-05-13T07:55:45Z</time>
   </trkpt>
   <trkpt lat="43.3944420" lon="3.6536670">
    <ele>2.2</ele>
    <time>2025-05-13T07:55:46Z</time>
   </trkpt>
   <trkpt lat="43.3945040" lon="3.6537120">
    <ele>2.2</ele>
    <time>2025-05-13T07:55:47Z</time>
   </trkpt>
   <trkpt lat="43.3945650" lon="3.6537540">
    <ele>2.3</ele>
    <time>2025-05-13T07:55:48Z</time>
   </trkpt>
   <trkpt lat="43.3946220" lon="3.6537960">
    <ele>2.3</ele>
    <time>2025-05-13T07:55:49Z</time>
   </trkpt>
   <trkpt lat="43.3946780" lon="3.6538360">
    <ele>2.4</ele>
    <time>2025-05-13T07:55:50Z</time>
   </trkpt>
   <trkpt lat="43.3947340" lon="3.6538790">
    <ele>2.4</ele>
    <time>2025-05-13T07:55:51Z</time>
   </trkpt>
   <trkpt lat="43.3947890" lon="3.6539200">
    <ele>2.5</ele>
    <time>2025-05-13T07:55:52Z</time>
   </trkpt>
   <trkpt lat="43.3948420" lon="3.6539610">
    <ele>2.5</ele>
    <time>2025-05-13T07:55:53Z</time>
   </trkpt>
   <trkpt lat="43.3949000" lon="3.6540000">
    <ele>2.6</ele>
    <time>2025-05-13T07:55:54Z</time>
   </trkpt>
   <trkpt lat="43.3949560" lon="3.6540400">
    <ele>2.6</ele>
    <time>2025-05-13T07:55:55Z</time>
   </trkpt>
   <trkpt lat="43.3950160" lon="3.6540780">
    <ele>2.7</ele>
    <time>2025-05-13T07:55:56Z</time>
   </trkpt>
   <trkpt lat="43.3950760" lon="3.6541150">
    <ele>2.7</ele>
    <time>2025-05-13T07:55:57Z</time>
   </trkpt>
   <trkpt lat="43.3951350" lon="3.6541520">
    <ele>2.8</ele>
    <time>2025-05-13T07:55:58Z</time>
   </trkpt>
   <trkpt lat="43.3951940" lon="3.6541920">
    <ele>2.8</ele>
    <time>2025-05-13T07:55:59Z</time>
   </trkpt>
   <trkpt lat="43.3952560" lon="3.6542340">
    <ele>2.8</ele>
    <time>2025-05-13T07:56:00Z</time>
   </trkpt>
   <trkpt lat="43.3953180" lon="3.6542750">
    <ele>2.9</ele>
    <time>2025-05-13T07:56:01Z</time>
   </trkpt>
   <trkpt lat="43.3953820" lon="3.6543130">
    <ele>2.9</ele>
    <time>2025-05-13T07:56:02Z</time>
   </trkpt>
   <trkpt lat="43.3954470" lon="3.6543530">
    <ele>2.9</ele>
    <time>2025-05-13T07:56:03Z</time>
   </trkpt>
   <trkpt lat="43.3955100" lon="3.6543960">
    <ele>3.0</ele>
    <time>2025-05-13T07:56:04Z</time>
   </trkpt>
   <trkpt lat="43.3955690" lon="3.6544360">
    <ele>3.0</ele>
    <time>2025-05-13T07:56:05Z</time>
   </trkpt>
   <trkpt lat="43.3956300" lon="3.6544740">
    <ele>3.0</ele>
    <time>2025-05-13T07:56:06Z</time>
   </trkpt>
   <trkpt lat="43.3956890" lon="3.6545140">
    <ele>3.0</ele>
    <time>2025-05-13T07:56:07Z</time>
   </trkpt>
   <trkpt lat="43.3957520" lon="3.6545560">
    <ele>3.1</ele>
    <time>2025-05-13T07:56:08Z</time>
   </trkpt>
   <trkpt lat="43.3958130" lon="3.6546050">
    <ele>3.1</ele>
    <time>2025-05-13T07:56:09Z</time>
   </trkpt>
   <trkpt lat="43.3958760" lon="3.6546500">
    <ele>3.1</ele>
    <time>2025-05-13T07:56:10Z</time>
   </trkpt>
   <trkpt lat="43.3959350" lon="3.6546990">
    <ele>3.1</ele>
    <time>2025-05-13T07:56:11Z</time>
   </trkpt>
   <trkpt lat="43.3959950" lon="3.6547400">
    <ele>3.1</ele>
    <time>2025-05-13T07:56:12Z</time>
   </trkpt>
   <trkpt lat="43.3960560" lon="3.6547800">
    <ele>3.1</ele>
    <time>2025-05-13T07:56:13Z</time>
   </trkpt>
   <trkpt lat="43.3961160" lon="3.6548240">
    <ele>3.0</ele>
    <time>2025-05-13T07:56:14Z</time>
   </trkpt>
   <trkpt lat="43.3961760" lon="3.6548770">
    <ele>3.0</ele>
    <time>2025-05-13T07:56:15Z</time>
   </trkpt>
   <trkpt lat="43.3962320" lon="3.6549360">
    <ele>3.0</ele>
    <time>2025-05-13T07:56:16Z</time>
   </trkpt>
   <trkpt lat="43.3962870" lon="3.6549950">
    <ele>3.0</ele>
    <time>2025-05-13T07:56:17Z</time>
   </trkpt>
   <trkpt lat="43.3963380" lon="3.6550560">
    <ele>3.0</ele>
    <time>2025-05-13T07:56:18Z</time>
   </trkpt>
   <trkpt lat="43.3963870" lon="3.6551170">
    <ele>3.0</ele>
    <time>2025-05-13T07:56:19Z</time>
   </trkpt>
   <trkpt lat="43.3964370" lon="3.6551770">
    <ele>2.9</ele>
    <time>2025-05-13T07:56:20Z</time>
   </trkpt>
   <trkpt lat="43.3964890" lon="3.6552370">
    <ele>2.9</ele>
    <time>2025-05-13T07:56:21Z</time>
   </trkpt>
   <trkpt lat="43.3965420" lon="3.6552920">
    <ele>2.9</ele>
    <time>2025-05-13T07:56:22Z</time>
   </trkpt>
   <trkpt lat="43.3965990" lon="3.6553460">
    <ele>2.9</ele>
    <time>2025-05-13T07:56:23Z</time>
   </trkpt>
   <trkpt lat="43.3966590" lon="3.6553950">
    <ele>2.9</ele>
    <time>2025-05-13T07:56:24Z</time>
   </trkpt>
   <trkpt lat="43.3967210" lon="3.6554430">
    <ele>2.8</ele>
    <time>2025-05-13T07:56:25Z</time>
   </trkpt>
   <trkpt lat="43.3967840" lon="3.6554870">
    <ele>2.8</ele>
    <time>2025-05-13T07:56:26Z</time>
   </trkpt>
   <trkpt lat="43.3968460" lon="3.6555260">
    <ele>2.8</ele>
    <time>2025-05-13T07:56:27Z</time>
   </trkpt>
   <trkpt lat="43.3969100" lon="3.6555610">
    <ele>2.8</ele>
    <time>2025-05-13T07:56:28Z</time>
   </trkpt>
   <trkpt lat="43.3969780" lon="3.6555850">
    <ele>2.8</ele>
    <time>2025-05-13T07:56:29Z</time>
   </trkpt>
   <trkpt lat="43.3970500" lon="3.6556080">
    <ele>2.8</ele>
    <time>2025-05-13T07:56:30Z</time>
   </trkpt>
   <trkpt lat="43.3971200" lon="3.6556260">
    <ele>2.7</ele>
    <time>2025-05-13T07:56:31Z</time>
   </trkpt>
   <trkpt lat="43.3971900" lon="3.6556430">
    <ele>2.7</ele>
    <time>2025-05-13T07:56:32Z</time>
   </trkpt>
   <trkpt lat="43.3972580" lon="3.6556590">
    <ele>2.8</ele>
    <time>2025-05-13T07:56:33Z</time>
   </trkpt>
   <trkpt lat="43.3973260" lon="3.6556740">
    <ele>2.8</ele>
    <time>2025-05-13T07:56:34Z</time>
   </trkpt>
   <trkpt lat="43.3973920" lon="3.6556880">
    <ele>2.9</ele>
    <time>2025-05-13T07:56:35Z</time>
   </trkpt>
   <trkpt lat="43.3974560" lon="3.6557030">
    <ele>2.9</ele>
    <time>2025-05-13T07:56:36Z</time>
   </trkpt>
   <trkpt lat="43.3975170" lon="3.6557220">
    <ele>3.0</ele>
    <time>2025-05-13T07:56:37Z</time>
   </trkpt>
   <trkpt lat="43.3975790" lon="3.6557480">
    <ele>3.0</ele>
    <time>2025-05-13T07:56:38Z</time>
   </trkpt>
   <trkpt lat="43.3976420" lon="3.6557800">
    <ele>3.1</ele>
    <time>2025-05-13T07:56:39Z</time>
   </trkpt>
   <trkpt lat="43.3977030" lon="3.6558160">
    <ele>3.1</ele>
    <time>2025-05-13T07:56:40Z</time>
   </trkpt>
   <trkpt lat="43.3977650" lon="3.6558550">
    <ele>3.2</ele>
    <time>2025-05-13T07:56:41Z</time>
   </trkpt>
   <trkpt lat="43.3978250" lon="3.6559020">
    <ele>3.2</ele>
    <time>2025-05-13T07:56:42Z</time>
   </trkpt>
   <trkpt lat="43.3978790" lon="3.6559540">
    <ele>3.2</ele>
    <time>2025-05-13T07:56:43Z</time>
   </trkpt>
   <trkpt lat="43.3979320" lon="3.6560100">
    <ele>3.1</ele>
    <time>2025-05-13T07:56:44Z</time>
   </trkpt>
   <trkpt lat="43.3979830" lon="3.6560640">
    <ele>3.1</ele>
    <time>2025-05-13T07:56:45Z</time>
   </trkpt>
   <trkpt lat="43.3980340" lon="3.6561120">
    <ele>3.1</ele>
    <time>2025-05-13T07:56:46Z</time>
   </trkpt>
   <trkpt lat="43.3980830" lon="3.6561600">
    <ele>3.2</ele>
    <time>2025-05-13T07:56:47Z</time>
   </trkpt>
   <trkpt lat="43.3981290" lon="3.6562100">
    <ele>3.2</ele>
    <time>2025-05-13T07:56:48Z</time>
   </trkpt>
   <trkpt lat="43.3981750" lon="3.6562610">
    <ele>3.3</ele>
    <time>2025-05-13T07:56:49Z</time>
   </trkpt>
   <trkpt lat="43.3982170" lon="3.6563120">
    <ele>3.4</ele>
    <time>2025-05-13T07:56:50Z</time>
   </trkpt>
   <trkpt lat="43.3982550" lon="3.6563680">
    <ele>3.5</ele>
    <time>2025-05-13T07:56:51Z</time>
   </trkpt>
   <trkpt lat="43.3982860" lon="3.6564250">
    <ele>3.7</ele>
    <time>2025-05-13T07:56:52Z</time>
   </trkpt>
   <trkpt lat="43.3983070" lon="3.6564790">
    <ele>3.9</ele>
    <time>2025-05-13T07:56:53Z</time>
   </trkpt>
   <trkpt lat="43.3983160" lon="3.6565340">
    <ele>4.1</ele>
    <time>2025-05-13T07:56:54Z</time>
   </trkpt>
   <trkpt lat="43.3983160" lon="3.6565890">
    <ele>4.2</ele>
    <time>2025-05-13T07:56:55Z</time>
   </trkpt>
   <trkpt lat="43.3983060" lon="3.6566360">
    <ele>4.2</ele>
    <time>2025-05-13T07:56:56Z</time>
   </trkpt>
   <trkpt lat="43.3982890" lon="3.6566730">
    <ele>4.3</ele>
    <time>2025-05-13T07:56:57Z</time>
   </trkpt>
   <trkpt lat="43.3982630" lon="3.6567040">
    <ele>4.3</ele>
    <time>2025-05-13T07:56:58Z</time>
   </trkpt>
   <trkpt lat="43.3982290" lon="3.6567360">
    <ele>4.3</ele>
    <time>2025-05-13T07:56:59Z</time>
   </trkpt>
   <trkpt lat="43.3981990" lon="3.6567720">
    <ele>4.3</ele>
    <time>2025-05-13T07:57:00Z</time>
   </trkpt>
   <trkpt lat="43.3981730" lon="3.6568120">
    <ele>4.2</ele>
    <time>2025-05-13T07:57:01Z</time>
   </trkpt>
   <trkpt lat="43.3981450" lon="3.6568470">
    <ele>4.2</ele>
    <time>2025-05-13T07:57:02Z</time>
   </trkpt>
   <trkpt lat="43.3981190" lon="3.6568750">
    <ele>4.1</ele>
    <time>2025-05-13T07:57:03Z</time>
   </trkpt>
   <trkpt lat="43.3980960" lon="3.6569070">
    <ele>4.1</ele>
    <time>2025-05-13T07:57:04Z</time>
   </trkpt>
   <trkpt lat="43.3980680" lon="3.6569390">
    <ele>4.1</ele>
    <time>2025-05-13T07:57:05Z</time>
   </trkpt>
   <trkpt lat="43.3980370" lon="3.6569720">
    <ele>4.0</ele>
    <time>2025-05-13T07:57:06Z</time>
   </trkpt>
   <trkpt lat="43.3980020" lon="3.6570080">
    <ele>3.9</ele>
    <time>2025-05-13T07:57:07Z</time>
   </trkpt>
   <trkpt lat="43.3979670" lon="3.6570460">
    <ele>3.9</ele>
    <time>2025-05-13T07:57:08Z</time>
   </trkpt>
   <trkpt lat="43.3979290" lon="3.6570830">
    <ele>3.8</ele>
    <time>2025-05-13T07:57:09Z</time>
   </trkpt>
   <trkpt lat="43.3978900" lon="3.6571240">
    <ele>3.7</ele>
    <time>2025-05-13T07:57:10Z</time>
   </trkpt>
   <trkpt lat="43.3978520" lon="3.6571650">
    <ele>3.6</ele>
    <time>2025-05-13T07:57:11Z</time>
   </trkpt>
   <trkpt lat="43.3978120" lon="3.6572150">
    <ele>3.5</ele>
    <time>2025-05-13T07:57:12Z</time>
   </trkpt>
   <trkpt lat="43.3977740" lon="3.6572650">
    <ele>3.4</ele>
    <time>2025-05-13T07:57:13Z</time>
   </trkpt>
   <trkpt lat="43.3977330" lon="3.6573090">
    <ele>3.3</ele>
    <time>2025-05-13T07:57:14Z</time>
   </trkpt>
   <trkpt lat="43.3976930" lon="3.6573480">
    <ele>3.2</ele>
    <time>2025-05-13T07:57:15Z</time>
   </trkpt>
   <trkpt lat="43.3976530" lon="3.6573840">
    <ele>3.2</ele>
    <time>2025-05-13T07:57:16Z</time>
   </trkpt>
   <trkpt lat="43.3976130" lon="3.6574180">
    <ele>3.1</ele>
    <time>2025-05-13T07:57:17Z</time>
   </trkpt>
   <trkpt lat="43.3975730" lon="3.6574560">
    <ele>3.1</ele>
    <time>2025-05-13T07:57:18Z</time>
   </trkpt>
   <trkpt lat="43.3975320" lon="3.6574940">
    <ele>3.1</ele>
    <time>2025-05-13T07:57:19Z</time>
   </trkpt>
   <trkpt lat="43.3974910" lon="3.6575320">
    <ele>3.0</ele>
    <time>2025-05-13T07:57:20Z</time>
   </trkpt>
   <trkpt lat="43.3974460" lon="3.6575700">
    <ele>3.0</ele>
    <time>2025-05-13T07:57:21Z</time>
   </trkpt>
   <trkpt lat="43.3974020" lon="3.6576100">
    <ele>3.0</ele>
    <time>2025-05-13T07:57:22Z</time>
   </trkpt>
   <trkpt lat="43.3973590" lon="3.6576520">
    <ele>3.0</ele>
    <time>2025-05-13T07:57:23Z</time>
   </trkpt>
   <trkpt lat="43.3973150" lon="3.6576990">
    <ele>3.0</ele>
    <time>2025-05-13T07:57:24Z</time>
   </trkpt>
   <trkpt lat="43.3972710" lon="3.6577450">
    <ele>2.9</ele>
    <time>2025-05-13T07:57:25Z</time>
   </trkpt>
   <trkpt lat="43.3972210" lon="3.6577860">
    <ele>2.9</ele>
    <time>2025-05-13T07:57:26Z</time>
   </trkpt>
   <trkpt lat="43.3971710" lon="3.6578300">
    <ele>2.9</ele>
    <time>2025-05-13T07:57:27Z</time>
   </trkpt>
   <trkpt lat="43.3971220" lon="3.6578790">
    <ele>2.8</ele>
    <time>2025-05-13T07:57:28Z</time>
   </trkpt>
   <trkpt lat="43.3970740" lon="3.6579300">
    <ele>2.8</ele>
    <time>2025-05-13T07:57:29Z</time>
   </trkpt>
   <trkpt lat="43.3970240" lon="3.6579830">
    <ele>2.7</ele>
    <time>2025-05-13T07:57:30Z</time>
   </trkpt>
   <trkpt lat="43.3969740" lon="3.6580290">
    <ele>2.7</ele>
    <time>2025-05-13T07:57:31Z</time>
   </trkpt>
   <trkpt lat="43.3969250" lon="3.6580690">
    <ele>2.7</ele>
    <time>2025-05-13T07:57:32Z</time>
   </trkpt>
   <trkpt lat="43.3968720" lon="3.6581090">
    <ele>2.6</ele>
    <time>2025-05-13T07:57:33Z</time>
   </trkpt>
   <trkpt lat="43.3968180" lon="3.6581540">
    <ele>2.6</ele>
    <time>2025-05-13T07:57:34Z</time>
   </trkpt>
   <trkpt lat="43.3967620" lon="3.6582100">
    <ele>2.6</ele>
    <time>2025-05-13T07:57:35Z</time>
   </trkpt>
   <trkpt lat="43.3967080" lon="3.6582680">
    <ele>2.6</ele>
    <time>2025-05-13T07:57:36Z</time>
   </trkpt>
   <trkpt lat="43.3966510" lon="3.6583260">
    <ele>2.5</ele>
    <time>2025-05-13T07:57:37Z</time>
   </trkpt>
   <trkpt lat="43.3965950" lon="3.6583880">
    <ele>2.5</ele>
    <time>2025-05-13T07:57:38Z</time>
   </trkpt>
   <trkpt lat="43.3965390" lon="3.6584480">
    <ele>2.5</ele>
    <time>2025-05-13T07:57:39Z</time>
   </trkpt>
   <trkpt lat="43.3964840" lon="3.6585070">
    <ele>2.5</ele>
    <time>2025-05-13T07:57:40Z</time>
   </trkpt>
   <trkpt lat="43.3964310" lon="3.6585600">
    <ele>2.4</ele>
    <time>2025-05-13T07:57:41Z</time>
   </trkpt>
   <trkpt lat="43.3963770" lon="3.6586130">
    <ele>2.4</ele>
    <time>2025-05-13T07:57:42Z</time>
   </trkpt>
   <trkpt lat="43.3963230" lon="3.6586650">
    <ele>2.4</ele>
    <time>2025-05-13T07:57:43Z</time>
   </trkpt>
   <trkpt lat="43.3962720" lon="3.6587200">
    <ele>2.4</ele>
    <time>2025-05-13T07:57:44Z</time>
   </trkpt>
   <trkpt lat="43.3962200" lon="3.6587730">
    <ele>2.4</ele>
    <time>2025-05-13T07:57:45Z</time>
   </trkpt>
   <trkpt lat="43.3961700" lon="3.6588220">
    <ele>2.4</ele>
    <time>2025-05-13T07:57:46Z</time>
   </trkpt>
   <trkpt lat="43.3961180" lon="3.6588720">
    <ele>2.5</ele>
    <time>2025-05-13T07:57:47Z</time>
   </trkpt>
   <trkpt lat="43.3960710" lon="3.6589200">
    <ele>2.5</ele>
    <time>2025-05-13T07:57:48Z</time>
   </trkpt>
   <trkpt lat="43.3960250" lon="3.6589640">
    <ele>2.5</ele>
    <time>2025-05-13T07:57:49Z</time>
   </trkpt>
   <trkpt lat="43.3959850" lon="3.6589990">
    <ele>2.6</ele>
    <time>2025-05-13T07:57:50Z</time>
   </trkpt>
   <trkpt lat="43.3959420" lon="3.6590300">
    <ele>2.6</ele>
    <time>2025-05-13T07:57:51Z</time>
   </trkpt>
   <trkpt lat="43.3959010" lon="3.6590640">
    <ele>2.6</ele>
    <time>2025-05-13T07:57:52Z</time>
   </trkpt>
   <trkpt lat="43.3958610" lon="3.6590920">
    <ele>2.7</ele>
    <time>2025-05-13T07:57:53Z</time>
   </trkpt>
   <trkpt lat="43.3958230" lon="3.6591220">
    <ele>2.7</ele>
    <time>2025-05-13T07:57:54Z</time>
   </trkpt>
   <trkpt lat="43.3957850" lon="3.6591550">
    <ele>2.7</ele>
    <time>2025-05-13T07:57:55Z</time>
   </trkpt>
   <trkpt lat="43.3957500" lon="3.6591920">
    <ele>2.7</ele>
    <time>2025-05-13T07:57:56Z</time>
   </trkpt>
   <trkpt lat="43.3957100" lon="3.6592340">
    <ele>2.7</ele>
    <time>2025-05-13T07:57:57Z</time>
   </trkpt>
   <trkpt lat="43.3956670" lon="3.6592750">
    <ele>2.7</ele>
    <time>2025-05-13T07:57:58Z</time>
   </trkpt>
   <trkpt lat="43.3956250" lon="3.6593200">
    <ele>2.7</ele>
    <time>2025-05-13T07:57:59Z</time>
   </trkpt>
   <trkpt lat="43.3955830" lon="3.6593630">
    <ele>2.7</ele>
    <time>2025-05-13T07:58:00Z</time>
   </trkpt>
   <trkpt lat="43.3955400" lon="3.6594080">
    <ele>2.7</ele>
    <time>2025-05-13T07:58:01Z</time>
   </trkpt>
   <trkpt lat="43.3954960" lon="3.6594590">
    <ele>2.7</ele>
    <time>2025-05-13T07:58:02Z</time>
   </trkpt>
   <trkpt lat="43.3954480" lon="3.6595080">
    <ele>2.7</ele>
    <time>2025-05-13T07:58:03Z</time>
   </trkpt>
   <trkpt lat="43.3954000" lon="3.6595580">
    <ele>2.7</ele>
    <time>2025-05-13T07:58:04Z</time>
   </trkpt>
   <trkpt lat="43.3953490" lon="3.6596100">
    <ele>2.7</ele>
    <time>2025-05-13T07:58:05Z</time>
   </trkpt>
   <trkpt lat="43.3953000" lon="3.6596600">
    <ele>2.7</ele>
    <time>2025-05-13T07:58:06Z</time>
   </trkpt>
   <trkpt lat="43.3952500" lon="3.6597090">
    <ele>2.7</ele>
    <time>2025-05-13T07:58:07Z</time>
   </trkpt>
   <trkpt lat="43.3951970" lon="3.6597610">
    <ele>2.7</ele>
    <time>2025-05-13T07:58:08Z</time>
   </trkpt>
   <trkpt lat="43.3951390" lon="3.6598180">
    <ele>2.8</ele>
    <time>2025-05-13T07:58:09Z</time>
   </trkpt>
   <trkpt lat="43.3950820" lon="3.6598670">
    <ele>2.8</ele>
    <time>2025-05-13T07:58:10Z</time>
   </trkpt>
   <trkpt lat="43.3950330" lon="3.6599130">
    <ele>2.8</ele>
    <time>2025-05-13T07:58:11Z</time>
   </trkpt>
   <trkpt lat="43.3949910" lon="3.6599580">
    <ele>2.8</ele>
    <time>2025-05-13T07:58:12Z</time>
   </trkpt>
   <trkpt lat="43.3949500" lon="3.6600000">
    <ele>2.8</ele>
    <time>2025-05-13T07:58:13Z</time>
   </trkpt>
   <trkpt lat="43.3949060" lon="3.6600340">
    <ele>2.8</ele>
    <time>2025-05-13T07:58:14Z</time>
   </trkpt>
   <trkpt lat="43.3948670" lon="3.6600660">
    <ele>2.9</ele>
    <time>2025-05-13T07:58:15Z</time>
   </trkpt>
   <trkpt lat="43.3948290" lon="3.6601000">
    <ele>2.9</ele>
    <time>2025-05-13T07:58:16Z</time>
   </trkpt>
   <trkpt lat="43.3947910" lon="3.6601350">
    <ele>2.9</ele>
    <time>2025-05-13T07:58:17Z</time>
   </trkpt>
   <trkpt lat="43.3947530" lon="3.6601750">
    <ele>2.9</ele>
    <time>2025-05-13T07:58:18Z</time>
   </trkpt>
   <trkpt lat="43.3947110" lon="3.6602190">
    <ele>2.9</ele>
    <time>2025-05-13T07:58:19Z</time>
   </trkpt>
   <trkpt lat="43.3946650" lon="3.6602630">
    <ele>2.9</ele>
    <time>2025-05-13T07:58:20Z</time>
   </trkpt>
   <trkpt lat="43.3946160" lon="3.6603130">
    <ele>2.9</ele>
    <time>2025-05-13T07:58:21Z</time>
   </trkpt>
   <trkpt lat="43.3945640" lon="3.6603640">
    <ele>2.9</ele>
    <time>2025-05-13T07:58:22Z</time>
   </trkpt>
   <trkpt lat="43.3945150" lon="3.6604130">
    <ele>2.9</ele>
    <time>2025-05-13T07:58:23Z</time>
   </trkpt>
   <trkpt lat="43.3944680" lon="3.6604650">
    <ele>2.9</ele>
    <time>2025-05-13T07:58:24Z</time>
   </trkpt>
   <trkpt lat="43.3944180" lon="3.6605220">
    <ele>2.9</ele>
    <time>2025-05-13T07:58:25Z</time>
   </trkpt>
   <trkpt lat="43.3943690" lon="3.6605730">
    <ele>2.9</ele>
    <time>2025-05-13T07:58:26Z</time>
   </trkpt>
   <trkpt lat="43.3943230" lon="3.6606260">
    <ele>2.9</ele>
    <time>2025-05-13T07:58:27Z</time>
   </trkpt>
   <trkpt lat="43.3942720" lon="3.6606770">
    <ele>2.9</ele>
    <time>2025-05-13T07:58:28Z</time>
   </trkpt>
   <trkpt lat="43.3942200" lon="3.6607270">
    <ele>3.0</ele>
    <time>2025-05-13T07:58:29Z</time>
   </trkpt>
   <trkpt lat="43.3941680" lon="3.6607780">
    <ele>3.0</ele>
    <time>2025-05-13T07:58:30Z</time>
   </trkpt>
   <trkpt lat="43.3941150" lon="3.6608300">
    <ele>2.9</ele>
    <time>2025-05-13T07:58:31Z</time>
   </trkpt>
   <trkpt lat="43.3940690" lon="3.6608770">
    <ele>2.9</ele>
    <time>2025-05-13T07:58:32Z</time>
   </trkpt>
   <trkpt lat="43.3940250" lon="3.6609210">
    <ele>2.9</ele>
    <time>2025-05-13T07:58:33Z</time>
   </trkpt>
   <trkpt lat="43.3939840" lon="3.6609640">
    <ele>2.9</ele>
    <time>2025-05-13T07:58:34Z</time>
   </trkpt>
   <trkpt lat="43.3939450" lon="3.6610050">
    <ele>2.9</ele>
    <time>2025-05-13T07:58:35Z</time>
   </trkpt>
   <trkpt lat="43.3939020" lon="3.6610480">
    <ele>2.9</ele>
    <time>2025-05-13T07:58:36Z</time>
   </trkpt>
   <trkpt lat="43.3938560" lon="3.6610870">
    <ele>2.9</ele>
    <time>2025-05-13T07:58:37Z</time>
   </trkpt>
   <trkpt lat="43.3938130" lon="3.6611290">
    <ele>3.0</ele>
    <time>2025-05-13T07:58:38Z</time>
   </trkpt>
   <trkpt lat="43.3937700" lon="3.6611690">
    <ele>3.0</ele>
    <time>2025-05-13T07:58:39Z</time>
   </trkpt>
   <trkpt lat="43.3937300" lon="3.6612060">
    <ele>3.0</ele>
    <time>2025-05-13T07:58:40Z</time>
   </trkpt>
   <trkpt lat="43.3936930" lon="3.6612380">
    <ele>3.1</ele>
    <time>2025-05-13T07:58:41Z</time>
   </trkpt>
   <trkpt lat="43.3936570" lon="3.6612690">
    <ele>3.1</ele>
    <time>2025-05-13T07:58:42Z</time>
   </trkpt>
   <trkpt lat="43.3936220" lon="3.6613030">
    <ele>3.2</ele>
    <time>2025-05-13T07:58:43Z</time>
   </trkpt>
   <trkpt lat="43.3935870" lon="3.6613290">
    <ele>3.2</ele>
    <time>2025-05-13T07:58:44Z</time>
   </trkpt>
   <trkpt lat="43.3935550" lon="3.6613520">
    <ele>3.3</ele>
    <time>2025-05-13T07:58:45Z</time>
   </trkpt>
   <trkpt lat="43.3935230" lon="3.6613800">
    <ele>3.3</ele>
    <time>2025-05-13T07:58:46Z</time>
   </trkpt>
   <trkpt lat="43.3934870" lon="3.6614070">
    <ele>3.4</ele>
    <time>2025-05-13T07:58:47Z</time>
   </trkpt>
   <trkpt lat="43.3934470" lon="3.6614380">
    <ele>3.5</ele>
    <time>2025-05-13T07:58:48Z</time>
   </trkpt>
   <trkpt lat="43.3934050" lon="3.6614730">
    <ele>3.5</ele>
    <time>2025-05-13T07:58:49Z</time>
   </trkpt>
   <trkpt lat="43.3933600" lon="3.6615100">
    <ele>3.6</ele>
    <time>2025-05-13T07:58:50Z</time>
   </trkpt>
   <trkpt lat="43.3933140" lon="3.6615450">
    <ele>3.7</ele>
    <time>2025-05-13T07:58:51Z</time>
   </trkpt>
   <trkpt lat="43.3932680" lon="3.6615830">
    <ele>3.8</ele>
    <time>2025-05-13T07:58:52Z</time>
   </trkpt>
   <trkpt lat="43.3932190" lon="3.6616220">
    <ele>3.9</ele>
    <time>2025-05-13T07:58:53Z</time>
   </trkpt>
   <trkpt lat="43.3931730" lon="3.6616630">
    <ele>3.9</ele>
    <time>2025-05-13T07:58:54Z</time>
   </trkpt>
   <trkpt lat="43.3931320" lon="3.6617100">
    <ele>4.0</ele>
    <time>2025-05-13T07:58:55Z</time>
   </trkpt>
   <trkpt lat="43.3931000" lon="3.6617630">
    <ele>4.0</ele>
    <time>2025-05-13T07:58:56Z</time>
   </trkpt>
   <trkpt lat="43.3930750" lon="3.6618150">
    <ele>4.1</ele>
    <time>2025-05-13T07:58:57Z</time>
   </trkpt>
   <trkpt lat="43.3930690" lon="3.6618760">
    <ele>4.1</ele>
    <time>2025-05-13T07:58:58Z</time>
   </trkpt>
   <trkpt lat="43.3930710" lon="3.6619410">
    <ele>4.2</ele>
    <time>2025-05-13T07:58:59Z</time>
   </trkpt>
   <trkpt lat="43.3930800" lon="3.6620080">
    <ele>4.2</ele>
    <time>2025-05-13T07:59:00Z</time>
   </trkpt>
   <trkpt lat="43.3930970" lon="3.6620680">
    <ele>4.3</ele>
    <time>2025-05-13T07:59:01Z</time>
   </trkpt>
   <trkpt lat="43.3931170" lon="3.6621230">
    <ele>4.3</ele>
    <time>2025-05-13T07:59:02Z</time>
   </trkpt>
   <trkpt lat="43.3931380" lon="3.6621750">
    <ele>4.4</ele>
    <time>2025-05-13T07:59:03Z</time>
   </trkpt>
   <trkpt lat="43.3931610" lon="3.6622310">
    <ele>4.4</ele>
    <time>2025-05-13T07:59:04Z</time>
   </trkpt>
   <trkpt lat="43.3931860" lon="3.6622910">
    <ele>4.4</ele>
    <time>2025-05-13T07:59:05Z</time>
   </trkpt>
   <trkpt lat="43.3932140" lon="3.6623530">
    <ele>4.5</ele>
    <time>2025-05-13T07:59:06Z</time>
   </trkpt>
   <trkpt lat="43.3932370" lon="3.6624110">
    <ele>4.5</ele>
    <time>2025-05-13T07:59:07Z</time>
   </trkpt>
   <trkpt lat="43.3932550" lon="3.6624600">
    <ele>4.5</ele>
    <time>2025-05-13T07:59:08Z</time>
   </trkpt>
   <trkpt lat="43.3932650" lon="3.6625070">
    <ele>4.5</ele>
    <time>2025-05-13T07:59:09Z</time>
   </trkpt>
   <trkpt lat="43.3932680" lon="3.6625520">
    <ele>4.6</ele>
    <time>2025-05-13T07:59:10Z</time>
   </trkpt>
   <trkpt lat="43.3932710" lon="3.6625920">
    <ele>4.6</ele>
    <time>2025-05-13T07:59:11Z</time>
   </trkpt>
   <trkpt lat="43.3932840" lon="3.6626460">
    <ele>4.5</ele>
    <time>2025-05-13T07:59:12Z</time>
   </trkpt>
   <trkpt lat="43.3932900" lon="3.6626650">
    <ele>4.5</ele>
    <time>2025-05-13T07:59:13Z</time>
   </trkpt>
   <trkpt lat="43.3933060" lon="3.6627110">
    <ele>4.6</ele>
    <time>2025-05-13T07:59:14Z</time>
   </trkpt>
   <trkpt lat="43.3933110" lon="3.6627250">
    <ele>4.6</ele>
    <time>2025-05-13T07:59:15Z</time>
   </trkpt>
   <trkpt lat="43.3933240" lon="3.6627690">
    <ele>4.6</ele>
    <time>2025-05-13T07:59:16Z</time>
   </trkpt>
   <trkpt lat="43.3933260" lon="3.6627850">
    <ele>4.6</ele>
    <time>2025-05-13T07:59:17Z</time>
   </trkpt>
   <trkpt lat="43.3933250" lon="3.6628140">
    <ele>4.6</ele>
    <time>2025-05-13T07:59:18Z</time>
   </trkpt>
   <trkpt lat="43.3933220" lon="3.6628300">
    <ele>4.6</ele>
    <time>2025-05-13T07:59:19Z</time>
   </trkpt>
   <trkpt lat="43.3933220" lon="3.6628330">
    <ele>4.6</ele>
    <time>2025-05-13T07:59:20Z</time>
   </trkpt>
   <trkpt lat="43.3933230" lon="3.6628330">
    <ele>4.6</ele>
    <time>2025-05-13T07:59:21Z</time>
   </trkpt>
   <trkpt lat="43.3933230" lon="3.6628340">
    <ele>4.6</ele>
    <time>2025-05-13T07:59:22Z</time>
   </trkpt>
   <trkpt lat="43.3933230" lon="3.6628350">
    <ele>4.6</ele>
    <time>2025-05-13T07:59:23Z</time>
   </trkpt>
   <trkpt lat="43.3933240" lon="3.6628360">
    <ele>4.6</ele>
    <time>2025-05-13T07:59:24Z</time>
   </trkpt>
   <trkpt lat="43.3933240" lon="3.6628360">
    <ele>4.6</ele>
    <time>2025-05-13T07:59:25Z</time>
   </trkpt>
   <trkpt lat="43.3933240" lon="3.6628370">
    <ele>4.6</ele>
    <time>2025-05-13T07:59:26Z</time>
   </trkpt>
   <trkpt lat="43.3933250" lon="3.6628380">
    <ele>4.6</ele>
    <time>2025-05-13T07:59:27Z</time>
   </trkpt>
   <trkpt lat="43.3933250" lon="3.6628390">
    <ele>4.6</ele>
    <time>2025-05-13T07:59:28Z</time>
   </trkpt>
   <trkpt lat="43.3933250" lon="3.6628390">
    <ele>4.6</ele>
    <time>2025-05-13T07:59:29Z</time>
   </trkpt>
   <trkpt lat="43.3933260" lon="3.6628400">
    <ele>4.6</ele>
    <time>2025-05-13T07:59:30Z</time>
   </trkpt>
   <trkpt lat="43.3933260" lon="3.6628410">
    <ele>4.6</ele>
    <time>2025-05-13T07:59:31Z</time>
   </trkpt>
   <trkpt lat="43.3933270" lon="3.6628410">
    <ele>4.6</ele>
    <time>2025-05-13T07:59:32Z</time>
   </trkpt>
   <trkpt lat="43.3933270" lon="3.6628420">
    <ele>4.6</ele>
    <time>2025-05-13T07:59:33Z</time>
   </trkpt>
   <trkpt lat="43.3933270" lon="3.6628430">
    <ele>4.6</ele>
    <time>2025-05-13T07:59:34Z</time>
   </trkpt>
   <trkpt lat="43.3933280" lon="3.6628440">
    <ele>4.6</ele>
    <time>2025-05-13T07:59:35Z</time>
   </trkpt>
   <trkpt lat="43.3933280" lon="3.6628440">
    <ele>4.6</ele>
    <time>2025-05-13T07:59:36Z</time>
   </trkpt>
   <trkpt lat="43.3933280" lon="3.6628450">
    <ele>4.6</ele>
    <time>2025-05-13T07:59:37Z</time>
   </trkpt>
   <trkpt lat="43.3933290" lon="3.6628460">
    <ele>4.6</ele>
    <time>2025-05-13T07:59:38Z</time>
   </trkpt>
   <trkpt lat="43.3933290" lon="3.6628460">
    <ele>4.6</ele>
    <time>2025-05-13T07:59:39Z</time>
   </trkpt>
   <trkpt lat="43.3933290" lon="3.6628470">
    <ele>4.6</ele>
    <time>2025-05-13T07:59:40Z</time>
   </trkpt>
   <trkpt lat="43.3933300" lon="3.6628480">
    <ele>4.6</ele>
    <time>2025-05-13T07:59:41Z</time>
   </trkpt>
   <trkpt lat="43.3933300" lon="3.6628490">
    <ele>4.6</ele>
    <time>2025-05-13T07:59:42Z</time>
   </trkpt>
   <trkpt lat="43.3933300" lon="3.6628490">
    <ele>4.6</ele>
    <time>2025-05-13T07:59:43Z</time>
   </trkpt>
   <trkpt lat="43.3933310" lon="3.6628500">
    <ele>4.6</ele>
    <time>2025-05-13T07:59:44Z</time>
   </trkpt>
   <trkpt lat="43.3933310" lon="3.6628510">
    <ele>4.6</ele>
    <time>2025-05-13T07:59:45Z</time>
   </trkpt>
   <trkpt lat="43.3933310" lon="3.6628520">
    <ele>4.6</ele>
    <time>2025-05-13T07:59:46Z</time>
   </trkpt>
   <trkpt lat="43.3933320" lon="3.6628520">
    <ele>4.6</ele>
    <time>2025-05-13T07:59:47Z</time>
   </trkpt>
   <trkpt lat="43.3933320" lon="3.6628530">
    <ele>4.6</ele>
    <time>2025-05-13T07:59:48Z</time>
   </trkpt>
   <trkpt lat="43.3933320" lon="3.6628540">
    <ele>4.6</ele>
    <time>2025-05-13T07:59:49Z</time>
   </trkpt>
   <trkpt lat="43.3933330" lon="3.6628540">
    <ele>4.6</ele>
    <time>2025-05-13T07:59:50Z</time>
   </trkpt>
   <trkpt lat="43.3933330" lon="3.6628550">
    <ele>4.6</ele>
    <time>2025-05-13T07:59:51Z</time>
   </trkpt>
   <trkpt lat="43.3933330" lon="3.6628560">
    <ele>4.6</ele>
    <time>2025-05-13T07:59:52Z</time>
   </trkpt>
   <trkpt lat="43.3933340" lon="3.6628570">
    <ele>4.6</ele>
    <time>2025-05-13T07:59:53Z</time>
   </trkpt>
   <trkpt lat="43.3933340" lon="3.6628570">
    <ele>4.6</ele>
    <time>2025-05-13T07:59:54Z</time>
   </trkpt>
   <trkpt lat="43.3933340" lon="3.6628580">
    <ele>4.6</ele>
    <time>2025-05-13T07:59:55Z</time>
   </trkpt>
   <trkpt lat="43.3933350" lon="3.6628590">
    <ele>4.6</ele>
    <time>2025-05-13T07:59:56Z</time>
   </trkpt>
   <trkpt lat="43.3933350" lon="3.6628590">
    <ele>4.6</ele>
    <time>2025-05-13T07:59:57Z</time>
   </trkpt>
   <trkpt lat="43.3933360" lon="3.6628600">
    <ele>4.6</ele>
    <time>2025-05-13T07:59:58Z</time>
   </trkpt>
   <trkpt lat="43.3933360" lon="3.6628610">
    <ele>4.6</ele>
    <time>2025-05-13T07:59:59Z</time>
   </trkpt>
   <trkpt lat="43.3933360" lon="3.6628620">
    <ele>4.6</ele>
    <time>2025-05-13T08:00:00Z</time>
   </trkpt>
   <trkpt lat="43.3933370" lon="3.6628620">
    <ele>4.6</ele>
    <time>2025-05-13T08:00:01Z</time>
   </trkpt>
   <trkpt lat="43.3933370" lon="3.6628630">
    <ele>4.6</ele>
    <time>2025-05-13T08:00:02Z</time>
   </trkpt>
   <trkpt lat="43.3933370" lon="3.6628640">
    <ele>4.6</ele>
    <time>2025-05-13T08:00:03Z</time>
   </trkpt>
   <trkpt lat="43.3933380" lon="3.6628650">
    <ele>4.6</ele>
    <time>2025-05-13T08:00:04Z</time>
   </trkpt>
   <trkpt lat="43.3933380" lon="3.6628650">
    <ele>4.6</ele>
    <time>2025-05-13T08:00:05Z</time>
   </trkpt>
   <trkpt lat="43.3933380" lon="3.6628660">
    <ele>4.6</ele>
    <time>2025-05-13T08:00:06Z</time>
   </trkpt>
   <trkpt lat="43.3933390" lon="3.6628670">
    <ele>4.6</ele>
    <time>2025-05-13T08:00:07Z</time>
   </trkpt>
   <trkpt lat="43.3933390" lon="3.6628670">
    <ele>4.6</ele>
    <time>2025-05-13T08:00:08Z</time>
   </trkpt>
   <trkpt lat="43.3933390" lon="3.6628680">
    <ele>4.6</ele>
    <time>2025-05-13T08:00:09Z</time>
   </trkpt>
   <trkpt lat="43.3933400" lon="3.6628690">
    <ele>4.6</ele>
    <time>2025-05-13T08:00:10Z</time>
   </trkpt>
   <trkpt lat="43.3933400" lon="3.6628700">
    <ele>4.6</ele>
    <time>2025-05-13T08:00:11Z</time>
   </trkpt>
   <trkpt lat="43.3933400" lon="3.6628700">
    <ele>4.6</ele>
    <time>2025-05-13T08:00:12Z</time>
   </trkpt>
   <trkpt lat="43.3933410" lon="3.6628710">
    <ele>4.6</ele>
    <time>2025-05-13T08:00:13Z</time>
   </trkpt>
   <trkpt lat="43.3933410" lon="3.6628720">
    <ele>4.6</ele>
    <time>2025-05-13T08:00:14Z</time>
   </trkpt>
   <trkpt lat="43.3933410" lon="3.6628720">
    <ele>4.6</ele>
    <time>2025-05-13T08:00:15Z</time>
   </trkpt>
   <trkpt lat="43.3933420" lon="3.6628730">
    <ele>4.6</ele>
    <time>2025-05-13T08:00:16Z</time>
   </trkpt>
   <trkpt lat="43.3933420" lon="3.6628740">
    <ele>4.6</ele>
    <time>2025-05-13T08:00:17Z</time>
   </trkpt>
   <trkpt lat="43.3933420" lon="3.6628750">
    <ele>4.6</ele>
    <time>2025-05-13T08:00:18Z</time>
   </trkpt>
   <trkpt lat="43.3933430" lon="3.6628750">
    <ele>4.6</ele>
    <time>2025-05-13T08:00:19Z</time>
   </trkpt>
   <trkpt lat="43.3933430" lon="3.6628760">
    <ele>4.6</ele>
    <time>2025-05-13T08:00:20Z</time>
   </trkpt>
   <trkpt lat="43.3933430" lon="3.6628770">
    <ele>4.6</ele>
    <time>2025-05-13T08:00:21Z</time>
   </trkpt>
   <trkpt lat="43.3933440" lon="3.6628780">
    <ele>4.6</ele>
    <time>2025-05-13T08:00:22Z</time>
   </trkpt>
   <trkpt lat="43.3933440" lon="3.6628780">
    <ele>4.6</ele>
    <time>2025-05-13T08:00:23Z</time>
   </trkpt>
   <trkpt lat="43.3933450" lon="3.6628790">
    <ele>4.6</ele>
    <time>2025-05-13T08:00:24Z</time>
   </trkpt>
   <trkpt lat="43.3933450" lon="3.6628800">
    <ele>4.6</ele>
    <time>2025-05-13T08:00:25Z</time>
   </trkpt>
   <trkpt lat="43.3933450" lon="3.6628800">
    <ele>4.6</ele>
    <time>2025-05-13T08:00:26Z</time>
   </trkpt>
   <trkpt lat="43.3933460" lon="3.6628810">
    <ele>4.6</ele>
    <time>2025-05-13T08:00:27Z</time>
   </trkpt>
   <trkpt lat="43.3933460" lon="3.6628820">
    <ele>4.6</ele>
    <time>2025-05-13T08:00:28Z</time>
   </trkpt>
   <trkpt lat="43.3933460" lon="3.6628830">
    <ele>4.6</ele>
    <time>2025-05-13T08:00:29Z</time>
   </trkpt>
   <trkpt lat="43.3933470" lon="3.6628830">
    <ele>4.6</ele>
    <time>2025-05-13T08:00:30Z</time>
   </trkpt>
   <trkpt lat="43.3933470" lon="3.6628840">
    <ele>4.6</ele>
    <time>2025-05-13T08:00:31Z</time>
   </trkpt>
   <trkpt lat="43.3933470" lon="3.6628850">
    <ele>4.6</ele>
    <time>2025-05-13T08:00:32Z</time>
   </trkpt>
   <trkpt lat="43.3933480" lon="3.6628850">
    <ele>4.6</ele>
    <time>2025-05-13T08:00:33Z</time>
   </trkpt>
   <trkpt lat="43.3933480" lon="3.6628860">
    <ele>4.6</ele>
    <time>2025-05-13T08:00:34Z</time>
   </trkpt>
   <trkpt lat="43.3933480" lon="3.6628870">
    <ele>4.6</ele>
    <time>2025-05-13T08:00:35Z</time>
   </trkpt>
   <trkpt lat="43.3933490" lon="3.6628880">
    <ele>4.6</ele>
    <time>2025-05-13T08:00:36Z</time>
   </trkpt>
   <trkpt lat="43.3933490" lon="3.6628880">
    <ele>4.6</ele>
    <time>2025-05-13T08:00:37Z</time>
   </trkpt>
   <trkpt lat="43.3933490" lon="3.6628890">
    <ele>4.6</ele>
    <time>2025-05-13T08:00:38Z</time>
   </trkpt>
   <trkpt lat="43.3933500" lon="3.6628900">
    <ele>4.6</ele>
    <time>2025-05-13T08:00:39Z</time>
   </trkpt>
   <trkpt lat="43.3933500" lon="3.6628910">
    <ele>4.6</ele>
    <time>2025-05-13T08:00:40Z</time>
   </trkpt>
   <trkpt lat="43.3933500" lon="3.6628910">
    <ele>4.6</ele>
    <time>2025-05-13T08:00:41Z</time>
   </trkpt>
   <trkpt lat="43.3933510" lon="3.6628920">
    <ele>4.6</ele>
    <time>2025-05-13T08:00:42Z</time>
   </trkpt>
   <trkpt lat="43.3933510" lon="3.6628930">
    <ele>4.6</ele>
    <time>2025-05-13T08:00:43Z</time>
   </trkpt>
   <trkpt lat="43.3933510" lon="3.6628930">
    <ele>4.6</ele>
    <time>2025-05-13T08:00:44Z</time>
   </trkpt>
   <trkpt lat="43.3933520" lon="3.6628940">
    <ele>4.6</ele>
    <time>2025-05-13T08:00:45Z</time>
   </trkpt>
   <trkpt lat="43.3933520" lon="3.6628950">
    <ele>4.6</ele>
    <time>2025-05-13T08:00:46Z</time>
   </trkpt>
   <trkpt lat="43.3933520" lon="3.6628960">
    <ele>4.6</ele>
    <time>2025-05-13T08:00:47Z</time>
   </trkpt>
   <trkpt lat="43.3933530" lon="3.6628960">
    <ele>4.6</ele>
    <time>2025-05-13T08:00:48Z</time>
   </trkpt>
   <trkpt lat="43.3933530" lon="3.6628970">
    <ele>4.6</ele>
    <time>2025-05-13T08:00:49Z</time>
   </trkpt>
   <trkpt lat="43.3933540" lon="3.6628980">
    <ele>4.6</ele>
    <time>2025-05-13T08:00:50Z</time>
   </trkpt>
   <trkpt lat="43.3933540" lon="3.6628980">
    <ele>4.6</ele>
    <time>2025-05-13T08:00:51Z</time>
   </trkpt>
   <trkpt lat="43.3933540" lon="3.6628990">
    <ele>4.6</ele>
    <time>2025-05-13T08:00:52Z</time>
   </trkpt>
   <trkpt lat="43.3933550" lon="3.6629000">
    <ele>4.6</ele>
    <time>2025-05-13T08:00:53Z</time>
   </trkpt>
   <trkpt lat="43.3933550" lon="3.6629010">
    <ele>4.6</ele>
    <time>2025-05-13T08:00:54Z</time>
   </trkpt>
   <trkpt lat="43.3933550" lon="3.6629010">
    <ele>4.6</ele>
    <time>2025-05-13T08:00:55Z</time>
   </trkpt>
   <trkpt lat="43.3933560" lon="3.6629020">
    <ele>4.6</ele>
    <time>2025-05-13T08:00:56Z</time>
   </trkpt>
   <trkpt lat="43.3933560" lon="3.6629030">
    <ele>4.6</ele>
    <time>2025-05-13T08:00:57Z</time>
   </trkpt>
   <trkpt lat="43.3933560" lon="3.6629040">
    <ele>4.6</ele>
    <time>2025-05-13T08:00:58Z</time>
   </trkpt>
   <trkpt lat="43.3933570" lon="3.6629040">
    <ele>4.6</ele>
    <time>2025-05-13T08:00:59Z</time>
   </trkpt>
   <trkpt lat="43.3933570" lon="3.6629050">
    <ele>4.6</ele>
    <time>2025-05-13T08:01:00Z</time>
   </trkpt>
   <trkpt lat="43.3933780" lon="3.6629440">
    <ele>4.7</ele>
    <time>2025-05-13T08:01:01Z</time>
   </trkpt>
   <trkpt lat="43.3933940" lon="3.6629800">
    <ele>4.7</ele>
    <time>2025-05-13T08:01:02Z</time>
   </trkpt>
   <trkpt lat="43.3934080" lon="3.6630210">
    <ele>4.7</ele>
    <time>2025-05-13T08:01:03Z</time>
   </trkpt>
   <trkpt lat="43.3934230" lon="3.6630670">
    <ele>4.7</ele>
    <time>2025-05-13T08:01:04Z</time>
   </trkpt>
   <trkpt lat="43.3934400" lon="3.6631180">
    <ele>4.7</ele>
    <time>2025-05-13T08:01:05Z</time>
   </trkpt>
   <trkpt lat="43.3934570" lon="3.6631650">
    <ele>4.7</ele>
    <time>2025-05-13T08:01:06Z</time>
   </trkpt>
   <trkpt lat="43.3934760" lon="3.6632150">
    <ele>4.7</ele>
    <time>2025-05-13T08:01:07Z</time>
   </trkpt>
   <trkpt lat="43.3934950" lon="3.6632630">
    <ele>4.7</ele>
    <time>2025-05-13T08:01:08Z</time>
   </trkpt>
   <trkpt lat="43.3935100" lon="3.6633100">
    <ele>4.7</ele>
    <time>2025-05-13T08:01:09Z</time>
   </trkpt>
   <trkpt lat="43.3935240" lon="3.6633590">
    <ele>4.7</ele>
    <time>2025-05-13T08:01:10Z</time>
   </trkpt>
   <trkpt lat="43.3935380" lon="3.6634070">
    <ele>4.7</ele>
    <time>2025-05-13T08:01:11Z</time>
   </trkpt>
   <trkpt lat="43.3935560" lon="3.6634520">
    <ele>4.6</ele>
    <time>2025-05-13T08:01:12Z</time>
   </trkpt>
   <trkpt lat="43.3935770" lon="3.6635030">
    <ele>4.6</ele>
    <time>2025-05-13T08:01:13Z</time>
   </trkpt>
   <trkpt lat="43.3935920" lon="3.6635580">
    <ele>4.5</ele>
    <time>2025-05-13T08:01:14Z</time>
   </trkpt>
   <trkpt lat="43.3936070" lon="3.6636130">
    <ele>4.5</ele>
    <time>2025-05-13T08:01:15Z</time>
   </trkpt>
   <trkpt lat="43.3936210" lon="3.6636630">
    <ele>4.4</ele>
    <time>2025-05-13T08:01:16Z</time>
   </trkpt>
   <trkpt lat="43.3936320" lon="3.6637090">
    <ele>4.4</ele>
    <time>2025-05-13T08:01:17Z</time>
   </trkpt>
   <trkpt lat="43.3936350" lon="3.6637550">
    <ele>4.3</ele>
    <time>2025-05-13T08:01:18Z</time>
   </trkpt>
   <trkpt lat="43.3936280" lon="3.6637990">
    <ele>4.3</ele>
    <time>2025-05-13T08:01:19Z</time>
   </trkpt>
   <trkpt lat="43.3936120" lon="3.6638420">
    <ele>4.2</ele>
    <time>2025-05-13T08:01:20Z</time>
   </trkpt>
   <trkpt lat="43.3935980" lon="3.6638840">
    <ele>4.2</ele>
    <time>2025-05-13T08:01:21Z</time>
   </trkpt>
   <trkpt lat="43.3935880" lon="3.6639310">
    <ele>4.2</ele>
    <time>2025-05-13T08:01:22Z</time>
   </trkpt>
   <trkpt lat="43.3935830" lon="3.6639790">
    <ele>4.1</ele>
    <time>2025-05-13T08:01:23Z</time>
   </trkpt>
   <trkpt lat="43.3935790" lon="3.6640330">
    <ele>4.1</ele>
    <time>2025-05-13T08:01:24Z</time>
   </trkpt>
   <trkpt lat="43.3935800" lon="3.6640910">
    <ele>4.1</ele>
    <time>2025-05-13T08:01:25Z</time>
   </trkpt>
   <trkpt lat="43.3935820" lon="3.6641560">
    <ele>4.1</ele>
    <time>2025-05-13T08:01:26Z</time>
   </trkpt>
   <trkpt lat="43.3935870" lon="3.6642260">
    <ele>4.0</ele>
    <time>2025-05-13T08:01:27Z</time>
   </trkpt>
   <trkpt lat="43.3935990" lon="3.6642930">
    <ele>4.0</ele>
    <time>2025-05-13T08:01:28Z</time>
   </trkpt>
   <trkpt lat="43.3936070" lon="3.6643570">
    <ele>4.0</ele>
    <time>2025-05-13T08:01:29Z</time>
   </trkpt>
   <trkpt lat="43.3936160" lon="3.6644230">
    <ele>4.0</ele>
    <time>2025-05-13T08:01:30Z</time>
   </trkpt>
   <trkpt lat="43.3936250" lon="3.6644910">
    <ele>4.0</ele>
    <time>2025-05-13T08:01:31Z</time>
   </trkpt>
   <trkpt lat="43.3936310" lon="3.6645550">
    <ele>4.0</ele>
    <time>2025-05-13T08:01:32Z</time>
   </trkpt>
   <trkpt lat="43.3936390" lon="3.6646250">
    <ele>4.0</ele>
    <time>2025-05-13T08:01:33Z</time>
   </trkpt>
   <trkpt lat="43.3936450" lon="3.6646890">
    <ele>4.0</ele>
    <time>2025-05-13T08:01:34Z</time>
   </trkpt>
   <trkpt lat="43.3936500" lon="3.6647580">
    <ele>4.0</ele>
    <time>2025-05-13T08:01:35Z</time>
   </trkpt>
   <trkpt lat="43.3936570" lon="3.6648280">
    <ele>4.0</ele>
    <time>2025-05-13T08:01:36Z</time>
   </trkpt>
   <trkpt lat="43.3936560" lon="3.6648930">
    <ele>4.0</ele>
    <time>2025-05-13T08:01:37Z</time>
   </trkpt>
   <trkpt lat="43.3936630" lon="3.6649550">
    <ele>4.0</ele>
    <time>2025-05-13T08:01:38Z</time>
   </trkpt>
   <trkpt lat="43.3936690" lon="3.6650120">
    <ele>4.0</ele>
    <time>2025-05-13T08:01:39Z</time>
   </trkpt>
   <trkpt lat="43.3936750" lon="3.6650750">
    <ele>4.0</ele>
    <time>2025-05-13T08:01:40Z</time>
   </trkpt>
   <trkpt lat="43.3936810" lon="3.6651390">
    <ele>4.0</ele>
    <time>2025-05-13T08:01:41Z</time>
   </trkpt>
   <trkpt lat="43.3936940" lon="3.6652030">
    <ele>4.0</ele>
    <time>2025-05-13T08:01:42Z</time>
   </trkpt>
   <trkpt lat="43.3937020" lon="3.6652640">
    <ele>4.0</ele>
    <time>2025-05-13T08:01:43Z</time>
   </trkpt>
   <trkpt lat="43.3937130" lon="3.6653250">
    <ele>4.0</ele>
    <time>2025-05-13T08:01:44Z</time>
   </trkpt>
   <trkpt lat="43.3937230" lon="3.6653850">
    <ele>4.1</ele>
    <time>2025-05-13T08:01:45Z</time>
   </trkpt>
   <trkpt lat="43.3937380" lon="3.6654480">
    <ele>4.1</ele>
    <time>2025-05-13T08:01:46Z</time>
   </trkpt>
   <trkpt lat="43.3937560" lon="3.6655060">
    <ele>4.1</ele>
    <time>2025-05-13T08:01:47Z</time>
   </trkpt>
   <trkpt lat="43.3937820" lon="3.6655590">
    <ele>4.1</ele>
    <time>2025-05-13T08:01:48Z</time>
   </trkpt>
   <trkpt lat="43.3938100" lon="3.6656070">
    <ele>4.1</ele>
    <time>2025-05-13T08:01:49Z</time>
   </trkpt>
   <trkpt lat="43.3938280" lon="3.6656620">
    <ele>4.1</ele>
    <time>2025-05-13T08:01:50Z</time>
   </trkpt>
   <trkpt lat="43.3938430" lon="3.6657240">
    <ele>4.1</ele>
    <time>2025-05-13T08:01:51Z</time>
   </trkpt>
   <trkpt lat="43.3938560" lon="3.6657870">
    <ele>4.1</ele>
    <time>2025-05-13T08:01:52Z</time>
   </trkpt>
   <trkpt lat="43.3938650" lon="3.6658510">
    <ele>4.1</ele>
    <time>2025-05-13T08:01:53Z</time>
   </trkpt>
   <trkpt lat="43.3938730" lon="3.6659150">
    <ele>4.1</ele>
    <time>2025-05-13T08:01:54Z</time>
   </trkpt>
   <trkpt lat="43.3938860" lon="3.6659830">
    <ele>4.1</ele>
    <time>2025-05-13T08:01:55Z</time>
   </trkpt>
   <trkpt lat="43.3939010" lon="3.6660510">
    <ele>4.1</ele>
    <time>2025-05-13T08:01:56Z</time>
   </trkpt>
   <trkpt lat="43.3939180" lon="3.6661240">
    <ele>4.2</ele>
    <time>2025-05-13T08:01:57Z</time>
   </trkpt>
   <trkpt lat="43.3939340" lon="3.6661970">
    <ele>4.2</ele>
    <time>2025-05-13T08:01:58Z</time>
   </trkpt>
   <trkpt lat="43.3939470" lon="3.6662700">
    <ele>4.2</ele>
    <time>2025-05-13T08:01:59Z</time>
   </trkpt>
   <trkpt lat="43.3939590" lon="3.6663450">
    <ele>4.2</ele>
    <time>2025-05-13T08:02:00Z</time>
   </trkpt>
   <trkpt lat="43.3939690" lon="3.6664200">
    <ele>4.2</ele>
    <time>2025-05-13T08:02:01Z</time>
   </trkpt>
   <trkpt lat="43.3939760" lon="3.6664950">
    <ele>4.2</ele>
    <time>2025-05-13T08:02:02Z</time>
   </trkpt>
   <trkpt lat="43.3939820" lon="3.6665730">
    <ele>4.3</ele>
    <time>2025-05-13T08:02:03Z</time>
   </trkpt>
   <trkpt lat="43.3939900" lon="3.6666470">
    <ele>4.3</ele>
    <time>2025-05-13T08:02:04Z</time>
   </trkpt>
   <trkpt lat="43.3939950" lon="3.6667180">
    <ele>4.4</ele>
    <time>2025-05-13T08:02:05Z</time>
   </trkpt>
   <trkpt lat="43.3940020" lon="3.6667880">
    <ele>4.4</ele>
    <time>2025-05-13T08:02:06Z</time>
   </trkpt>
   <trkpt lat="43.3940100" lon="3.6668610">
    <ele>4.5</ele>
    <time>2025-05-13T08:02:07Z</time>
   </trkpt>
   <trkpt lat="43.3940200" lon="3.6669330">
    <ele>4.5</ele>
    <time>2025-05-13T08:02:08Z</time>
   </trkpt>
   <trkpt lat="43.3940300" lon="3.6670040">
    <ele>4.6</ele>
    <time>2025-05-13T08:02:09Z</time>
   </trkpt>
   <trkpt lat="43.3940430" lon="3.6670720">
    <ele>4.6</ele>
    <time>2025-05-13T08:02:10Z</time>
   </trkpt>
   <trkpt lat="43.3940550" lon="3.6671430">
    <ele>4.6</ele>
    <time>2025-05-13T08:02:11Z</time>
   </trkpt>
   <trkpt lat="43.3940650" lon="3.6672180">
    <ele>4.6</ele>
    <time>2025-05-13T08:02:12Z</time>
   </trkpt>
   <trkpt lat="43.3940740" lon="3.6672940">
    <ele>4.6</ele>
    <time>2025-05-13T08:02:13Z</time>
   </trkpt>
   <trkpt lat="43.3940820" lon="3.6673680">
    <ele>4.6</ele>
    <time>2025-05-13T08:02:14Z</time>
   </trkpt>
   <trkpt lat="43.3940920" lon="3.6674430">
    <ele>4.7</ele>
    <time>2025-05-13T08:02:15Z</time>
   </trkpt>
   <trkpt lat="43.3941010" lon="3.6675200">
    <ele>4.7</ele>
    <time>2025-05-13T08:02:16Z</time>
   </trkpt>
   <trkpt lat="43.3941100" lon="3.6675980">
    <ele>4.7</ele>
    <time>2025-05-13T08:02:17Z</time>
   </trkpt>
   <trkpt lat="43.3941250" lon="3.6676770">
    <ele>4.8</ele>
    <time>2025-05-13T08:02:18Z</time>
   </trkpt>
   <trkpt lat="43.3941370" lon="3.6677580">
    <ele>4.8</ele>
    <time>2025-05-13T08:02:19Z</time>
   </trkpt>
   <trkpt lat="43.3941390" lon="3.6678400">
    <ele>4.9</ele>
    <time>2025-05-13T08:02:20Z</time>
   </trkpt>
   <trkpt lat="43.3941440" lon="3.6679220">
    <ele>4.9</ele>
    <time>2025-05-13T08:02:21Z</time>
   </trkpt>
   <trkpt lat="43.3941470" lon="3.6680000">
    <ele>4.9</ele>
    <time>2025-05-13T08:02:22Z</time>
   </trkpt>
   <trkpt lat="43.3941550" lon="3.6680820">
    <ele>5.0</ele>
    <time>2025-05-13T08:02:23Z</time>
   </trkpt>
   <trkpt lat="43.3941660" lon="3.6681710">
    <ele>5.0</ele>
    <time>2025-05-13T08:02:24Z</time>
   </trkpt>
   <trkpt lat="43.3941780" lon="3.6682550">
    <ele>5.1</ele>
    <time>2025-05-13T08:02:25Z</time>
   </trkpt>
   <trkpt lat="43.3941830" lon="3.6683370">
    <ele>5.1</ele>
    <time>2025-05-13T08:02:26Z</time>
   </trkpt>
   <trkpt lat="43.3941900" lon="3.6684170">
    <ele>5.1</ele>
    <time>2025-05-13T08:02:27Z</time>
   </trkpt>
   <trkpt lat="43.3941990" lon="3.6684950">
    <ele>5.2</ele>
    <time>2025-05-13T08:02:28Z</time>
   </trkpt>
   <trkpt lat="43.3942100" lon="3.6685770">
    <ele>5.2</ele>
    <time>2025-05-13T08:02:29Z</time>
   </trkpt>
   <trkpt lat="43.3942210" lon="3.6686580">
    <ele>5.3</ele>
    <time>2025-05-13T08:02:30Z</time>
   </trkpt>
   <trkpt lat="43.3942320" lon="3.6687430">
    <ele>5.3</ele>
    <time>2025-05-13T08:02:31Z</time>
   </trkpt>
   <trkpt lat="43.3942400" lon="3.6688230">
    <ele>5.4</ele>
    <time>2025-05-13T08:02:32Z</time>
   </trkpt>
   <trkpt lat="43.3942450" lon="3.6689080">
    <ele>5.4</ele>
    <time>2025-05-13T08:02:33Z</time>
   </trkpt>
   <trkpt lat="43.3942530" lon="3.6689950">
    <ele>5.5</ele>
    <time>2025-05-13T08:02:34Z</time>
   </trkpt>
   <trkpt lat="43.3942560" lon="3.6690800">
    <ele>5.5</ele>
    <time>2025-05-13T08:02:35Z</time>
   </trkpt>
   <trkpt lat="43.3942630" lon="3.6691620">
    <ele>5.6</ele>
    <time>2025-05-13T08:02:36Z</time>
   </trkpt>
   <trkpt lat="43.3942680" lon="3.6692490">
    <ele>5.6</ele>
    <time>2025-05-13T08:02:37Z</time>
   </trkpt>
   <trkpt lat="43.3942750" lon="3.6693350">
    <ele>5.7</ele>
    <time>2025-05-13T08:02:38Z</time>
   </trkpt>
   <trkpt lat="43.3942770" lon="3.6694200">
    <ele>5.8</ele>
    <time>2025-05-13T08:02:39Z</time>
   </trkpt>
   <trkpt lat="43.3942700" lon="3.6694980">
    <ele>5.8</ele>
    <time>2025-05-13T08:02:40Z</time>
   </trkpt>
   <trkpt lat="43.3942530" lon="3.6695730">
    <ele>5.9</ele>
    <time>2025-05-13T08:02:41Z</time>
   </trkpt>
   <trkpt lat="43.3942370" lon="3.6696460">
    <ele>6.0</ele>
    <time>2025-05-13T08:02:42Z</time>
   </trkpt>
   <trkpt lat="43.3942220" lon="3.6697190">
    <ele>6.1</ele>
    <time>2025-05-13T08:02:43Z</time>
   </trkpt>
   <trkpt lat="43.3942090" lon="3.6697930">
    <ele>6.1</ele>
    <time>2025-05-13T08:02:44Z</time>
   </trkpt>
   <trkpt lat="43.3941940" lon="3.6698620">
    <ele>6.2</ele>
    <time>2025-05-13T08:02:45Z</time>
   </trkpt>
   <trkpt lat="43.3941800" lon="3.6699350">
    <ele>6.3</ele>
    <time>2025-05-13T08:02:46Z</time>
   </trkpt>
   <trkpt lat="43.3941700" lon="3.6700080">
    <ele>6.4</ele>
    <time>2025-05-13T08:02:47Z</time>
   </trkpt>
   <trkpt lat="43.3941550" lon="3.6700830">
    <ele>6.4</ele>
    <time>2025-05-13T08:02:48Z</time>
   </trkpt>
   <trkpt lat="43.3941430" lon="3.6701560">
    <ele>6.5</ele>
    <time>2025-05-13T08:02:49Z</time>
   </trkpt>
   <trkpt lat="43.3941290" lon="3.6702240">
    <ele>6.6</ele>
    <time>2025-05-13T08:02:50Z</time>
   </trkpt>
   <trkpt lat="43.3941070" lon="3.6702900">
    <ele>6.7</ele>
    <time>2025-05-13T08:02:51Z</time>
   </trkpt>
   <trkpt lat="43.3940900" lon="3.6703550">
    <ele>6.8</ele>
    <time>2025-05-13T08:02:52Z</time>
   </trkpt>
   <trkpt lat="43.3940700" lon="3.6704190">
    <ele>6.9</ele>
    <time>2025-05-13T08:02:53Z</time>
   </trkpt>
   <trkpt lat="43.3940530" lon="3.6704870">
    <ele>7.0</ele>
    <time>2025-05-13T08:02:54Z</time>
   </trkpt>
   <trkpt lat="43.3940380" lon="3.6705520">
    <ele>7.1</ele>
    <time>2025-05-13T08:02:55Z</time>
   </trkpt>
   <trkpt lat="43.3940180" lon="3.6706190">
    <ele>7.2</ele>
    <time>2025-05-13T08:02:56Z</time>
   </trkpt>
   <trkpt lat="43.3939980" lon="3.6706870">
    <ele>7.2</ele>
    <time>2025-05-13T08:02:57Z</time>
   </trkpt>
   <trkpt lat="43.3939800" lon="3.6707620">
    <ele>7.3</ele>
    <time>2025-05-13T08:02:58Z</time>
   </trkpt>
   <trkpt lat="43.3939620" lon="3.6708340">
    <ele>7.4</ele>
    <time>2025-05-13T08:02:59Z</time>
   </trkpt>
   <trkpt lat="43.3939400" lon="3.6709030">
    <ele>7.5</ele>
    <time>2025-05-13T08:03:00Z</time>
   </trkpt>
   <trkpt lat="43.3939210" lon="3.6709780">
    <ele>7.6</ele>
    <time>2025-05-13T08:03:01Z</time>
   </trkpt>
   <trkpt lat="43.3939050" lon="3.6710530">
    <ele>7.7</ele>
    <time>2025-05-13T08:03:02Z</time>
   </trkpt>
   <trkpt lat="43.3938850" lon="3.6711290">
    <ele>7.8</ele>
    <time>2025-05-13T08:03:03Z</time>
   </trkpt>
   <trkpt lat="43.3938660" lon="3.6712080">
    <ele>7.9</ele>
    <time>2025-05-13T08:03:04Z</time>
   </trkpt>
   <trkpt lat="43.3938420" lon="3.6712830">
    <ele>7.9</ele>
    <time>2025-05-13T08:03:05Z</time>
   </trkpt>
   <trkpt lat="43.3938200" lon="3.6713590">
    <ele>8.0</ele>
    <time>2025-05-13T08:03:06Z</time>
   </trkpt>
   <trkpt lat="43.3937950" lon="3.6714350">
    <ele>8.0</ele>
    <time>2025-05-13T08:03:07Z</time>
   </trkpt>
   <trkpt lat="43.3937700" lon="3.6715110">
    <ele>8.0</ele>
    <time>2025-05-13T08:03:08Z</time>
   </trkpt>
   <trkpt lat="43.3937410" lon="3.6715900">
    <ele>8.1</ele>
    <time>2025-05-13T08:03:09Z</time>
   </trkpt>
   <trkpt lat="43.3937130" lon="3.6716660">
    <ele>8.1</ele>
    <time>2025-05-13T08:03:10Z</time>
   </trkpt>
   <trkpt lat="43.3936840" lon="3.6717420">
    <ele>8.2</ele>
    <time>2025-05-13T08:03:11Z</time>
   </trkpt>
   <trkpt lat="43.3936520" lon="3.6718140">
    <ele>8.2</ele>
    <time>2025-05-13T08:03:12Z</time>
   </trkpt>
   <trkpt lat="43.3936170" lon="3.6718900">
    <ele>8.3</ele>
    <time>2025-05-13T08:03:13Z</time>
   </trkpt>
   <trkpt lat="43.3935800" lon="3.6719620">
    <ele>8.3</ele>
    <time>2025-05-13T08:03:14Z</time>
   </trkpt>
   <trkpt lat="43.3935430" lon="3.6720360">
    <ele>8.4</ele>
    <time>2025-05-13T08:03:15Z</time>
   </trkpt>
   <trkpt lat="43.3935040" lon="3.6721070">
    <ele>8.4</ele>
    <time>2025-05-13T08:03:16Z</time>
   </trkpt>
   <trkpt lat="43.3934650" lon="3.6721750">
    <ele>8.4</ele>
    <time>2025-05-13T08:03:17Z</time>
   </trkpt>
   <trkpt lat="43.3934280" lon="3.6722480">
    <ele>8.5</ele>
    <time>2025-05-13T08:03:18Z</time>
   </trkpt>
   <trkpt lat="43.3933920" lon="3.6723180">
    <ele>8.5</ele>
    <time>2025-05-13T08:03:19Z</time>
   </trkpt>
   <trkpt lat="43.3933520" lon="3.6723870">
    <ele>8.5</ele>
    <time>2025-05-13T08:03:20Z</time>
   </trkpt>
   <trkpt lat="43.3933160" lon="3.6724580">
    <ele>8.5</ele>
    <time>2025-05-13T08:03:21Z</time>
   </trkpt>
   <trkpt lat="43.3932820" lon="3.6725310">
    <ele>8.6</ele>
    <time>2025-05-13T08:03:22Z</time>
   </trkpt>
   <trkpt lat="43.3932420" lon="3.6726000">
    <ele>8.6</ele>
    <time>2025-05-13T08:03:23Z</time>
   </trkpt>
   <trkpt lat="43.3932030" lon="3.6726700">
    <ele>8.7</ele>
    <time>2025-05-13T08:03:24Z</time>
   </trkpt>
   <trkpt lat="43.3931640" lon="3.6727390">
    <ele>8.7</ele>
    <time>2025-05-13T08:03:25Z</time>
   </trkpt>
   <trkpt lat="43.3931240" lon="3.6728070">
    <ele>8.8</ele>
    <time>2025-05-13T08:03:26Z</time>
   </trkpt>
   <trkpt lat="43.3930850" lon="3.6728720">
    <ele>8.8</ele>
    <time>2025-05-13T08:03:27Z</time>
   </trkpt>
   <trkpt lat="43.3930480" lon="3.6729370">
    <ele>8.9</ele>
    <time>2025-05-13T08:03:28Z</time>
   </trkpt>
   <trkpt lat="43.3930120" lon="3.6729970">
    <ele>8.9</ele>
    <time>2025-05-13T08:03:29Z</time>
   </trkpt>
   <trkpt lat="43.3929750" lon="3.6730570">
    <ele>8.9</ele>
    <time>2025-05-13T08:03:30Z</time>
   </trkpt>
   <trkpt lat="43.3929420" lon="3.6731170">
    <ele>9.0</ele>
    <time>2025-05-13T08:03:31Z</time>
   </trkpt>
   <trkpt lat="43.3929080" lon="3.6731720">
    <ele>9.0</ele>
    <time>2025-05-13T08:03:32Z</time>
   </trkpt>
   <trkpt lat="43.3928730" lon="3.6732300">
    <ele>9.1</ele>
    <time>2025-05-13T08:03:33Z</time>
   </trkpt>
   <trkpt lat="43.3928390" lon="3.6732890">
    <ele>9.1</ele>
    <time>2025-05-13T08:03:34Z</time>
   </trkpt>
   <trkpt lat="43.3928030" lon="3.6733520">
    <ele>9.2</ele>
    <time>2025-05-13T08:03:35Z</time>
   </trkpt>
   <trkpt lat="43.3927680" lon="3.6734160">
    <ele>9.2</ele>
    <time>2025-05-13T08:03:36Z</time>
   </trkpt>
   <trkpt lat="43.3927330" lon="3.6734780">
    <ele>9.3</ele>
    <time>2025-05-13T08:03:37Z</time>
   </trkpt>
   <trkpt lat="43.3927030" lon="3.6735420">
    <ele>9.4</ele>
    <time>2025-05-13T08:03:38Z</time>
   </trkpt>
   <trkpt lat="43.3926750" lon="3.6736040">
    <ele>9.4</ele>
    <time>2025-05-13T08:03:39Z</time>
   </trkpt>
   <trkpt lat="43.3926490" lon="3.6736700">
    <ele>9.5</ele>
    <time>2025-05-13T08:03:40Z</time>
   </trkpt>
   <trkpt lat="43.3926260" lon="3.6737410">
    <ele>9.5</ele>
    <time>2025-05-13T08:03:41Z</time>
   </trkpt>
   <trkpt lat="43.3926120" lon="3.6738180">
    <ele>9.5</ele>
    <time>2025-05-13T08:03:42Z</time>
   </trkpt>
   <trkpt lat="43.3926030" lon="3.6738950">
    <ele>9.6</ele>
    <time>2025-05-13T08:03:43Z</time>
   </trkpt>
   <trkpt lat="43.3925970" lon="3.6739690">
    <ele>9.6</ele>
    <time>2025-05-13T08:03:44Z</time>
   </trkpt>
   <trkpt lat="43.3925940" lon="3.6740420">
    <ele>9.7</ele>
    <time>2025-05-13T08:03:45Z</time>
   </trkpt>
   <trkpt lat="43.3925950" lon="3.6741120">
    <ele>9.7</ele>
    <time>2025-05-13T08:03:46Z</time>
   </trkpt>
   <trkpt lat="43.3925940" lon="3.6741850">
    <ele>9.8</ele>
    <time>2025-05-13T08:03:47Z</time>
   </trkpt>
   <trkpt lat="43.3925960" lon="3.6742550">
    <ele>9.9</ele>
    <time>2025-05-13T08:03:48Z</time>
   </trkpt>
   <trkpt lat="43.3925970" lon="3.6743230">
    <ele>9.9</ele>
    <time>2025-05-13T08:03:49Z</time>
   </trkpt>
   <trkpt lat="43.3925980" lon="3.6743920">
    <ele>10.0</ele>
    <time>2025-05-13T08:03:50Z</time>
   </trkpt>
   <trkpt lat="43.3926010" lon="3.6744600">
    <ele>10.2</ele>
    <time>2025-05-13T08:03:51Z</time>
   </trkpt>
   <trkpt lat="43.3926100" lon="3.6745270">
    <ele>10.3</ele>
    <time>2025-05-13T08:03:52Z</time>
   </trkpt>
   <trkpt lat="43.3926170" lon="3.6745920">
    <ele>10.4</ele>
    <time>2025-05-13T08:03:53Z</time>
   </trkpt>
   <trkpt lat="43.3926280" lon="3.6746590">
    <ele>10.5</ele>
    <time>2025-05-13T08:03:54Z</time>
   </trkpt>
   <trkpt lat="43.3926420" lon="3.6747280">
    <ele>10.7</ele>
    <time>2025-05-13T08:03:55Z</time>
   </trkpt>
   <trkpt lat="43.3926600" lon="3.6747980">
    <ele>10.8</ele>
    <time>2025-05-13T08:03:56Z</time>
   </trkpt>
   <trkpt lat="43.3926770" lon="3.6748680">
    <ele>11.0</ele>
    <time>2025-05-13T08:03:57Z</time>
   </trkpt>
   <trkpt lat="43.3926940" lon="3.6749390">
    <ele>11.2</ele>
    <time>2025-05-13T08:03:58Z</time>
   </trkpt>
   <trkpt lat="43.3927130" lon="3.6749980">
    <ele>11.5</ele>
    <time>2025-05-13T08:03:59Z</time>
   </trkpt>
   <trkpt lat="43.3927350" lon="3.6750490">
    <ele>11.7</ele>
    <time>2025-05-13T08:04:00Z</time>
   </trkpt>
   <trkpt lat="43.3927630" lon="3.6751060">
    <ele>12.0</ele>
    <time>2025-05-13T08:04:01Z</time>
   </trkpt>
   <trkpt lat="43.3927960" lon="3.6751550">
    <ele>12.2</ele>
    <time>2025-05-13T08:04:02Z</time>
   </trkpt>
   <trkpt lat="43.3928220" lon="3.6752030">
    <ele>12.4</ele>
    <time>2025-05-13T08:04:03Z</time>
   </trkpt>
   <trkpt lat="43.3928450" lon="3.6752450">
    <ele>12.6</ele>
    <time>2025-05-13T08:04:04Z</time>
   </trkpt>
   <trkpt lat="43.3928720" lon="3.6752850">
    <ele>12.8</ele>
    <time>2025-05-13T08:04:05Z</time>
   </trkpt>
   <trkpt lat="43.3929040" lon="3.6753250">
    <ele>13.1</ele>
    <time>2025-05-13T08:04:06Z</time>
   </trkpt>
   <trkpt lat="43.3929330" lon="3.6753680">
    <ele>13.3</ele>
    <time>2025-05-13T08:04:07Z</time>
   </trkpt>
   <trkpt lat="43.3929610" lon="3.6754110">
    <ele>13.6</ele>
    <time>2025-05-13T08:04:08Z</time>
   </trkpt>
   <trkpt lat="43.3929910" lon="3.6754530">
    <ele>13.8</ele>
    <time>2025-05-13T08:04:09Z</time>
   </trkpt>
   <trkpt lat="43.3930170" lon="3.6754940">
    <ele>14.1</ele>
    <time>2025-05-13T08:04:10Z</time>
   </trkpt>
   <trkpt lat="43.3930430" lon="3.6755290">
    <ele>14.3</ele>
    <time>2025-05-13T08:04:11Z</time>
   </trkpt>
   <trkpt lat="43.3930720" lon="3.6755670">
    <ele>14.6</ele>
    <time>2025-05-13T08:04:12Z</time>
   </trkpt>
   <trkpt lat="43.3930980" lon="3.6756050">
    <ele>14.8</ele>
    <time>2025-05-13T08:04:13Z</time>
   </trkpt>
   <trkpt lat="43.3931220" lon="3.6756400">
    <ele>15.0</ele>
    <time>2025-05-13T08:04:14Z</time>
   </trkpt>
   <trkpt lat="43.3931430" lon="3.6756770">
    <ele>15.2</ele>
    <time>2025-05-13T08:04:15Z</time>
   </trkpt>
   <trkpt lat="43.3931640" lon="3.6757160">
    <ele>15.4</ele>
    <time>2025-05-13T08:04:16Z</time>
   </trkpt>
   <trkpt lat="43.3931870" lon="3.6757560">
    <ele>15.6</ele>
    <time>2025-05-13T08:04:17Z</time>
   </trkpt>
   <trkpt lat="43.3932100" lon="3.6757930">
    <ele>15.8</ele>
    <time>2025-05-13T08:04:18Z</time>
   </trkpt>
   <trkpt lat="43.3932340" lon="3.6758300">
    <ele>16.1</ele>
    <time>2025-05-13T08:04:19Z</time>
   </trkpt>
   <trkpt lat="43.3932600" lon="3.6758690">
    <ele>16.3</ele>
    <time>2025-05-13T08:04:20Z</time>
   </trkpt>
   <trkpt lat="43.3932830" lon="3.6759110">
    <ele>16.5</ele>
    <time>2025-05-13T08:04:21Z</time>
   </trkpt>
   <trkpt lat="43.3933070" lon="3.6759540">
    <ele>16.7</ele>
    <time>2025-05-13T08:04:22Z</time>
   </trkpt>
   <trkpt lat="43.3933290" lon="3.6759940">
    <ele>16.9</ele>
    <time>2025-05-13T08:04:23Z</time>
   </trkpt>
   <trkpt lat="43.3933530" lon="3.6760350">
    <ele>17.1</ele>
    <time>2025-05-13T08:04:24Z</time>
   </trkpt>
   <trkpt lat="43.3933790" lon="3.6760730">
    <ele>17.4</ele>
    <time>2025-05-13T08:04:25Z</time>
   </trkpt>
   <trkpt lat="43.3934090" lon="3.6761130">
    <ele>17.6</ele>
    <time>2025-05-13T08:04:26Z</time>
   </trkpt>
   <trkpt lat="43.3934380" lon="3.6761500">
    <ele>17.9</ele>
    <time>2025-05-13T08:04:27Z</time>
   </trkpt>
   <trkpt lat="43.3934690" lon="3.6761830">
    <ele>18.1</ele>
    <time>2025-05-13T08:04:28Z</time>
   </trkpt>
   <trkpt lat="43.3934990" lon="3.6762150">
    <ele>18.4</ele>
    <time>2025-05-13T08:04:29Z</time>
   </trkpt>
   <trkpt lat="43.3935250" lon="3.6762420">
    <ele>18.6</ele>
    <time>2025-05-13T08:04:30Z</time>
   </trkpt>
   <trkpt lat="43.3935490" lon="3.6762670">
    <ele>18.8</ele>
    <time>2025-05-13T08:04:31Z</time>
   </trkpt>
   <trkpt lat="43.3935750" lon="3.6762950">
    <ele>19.0</ele>
    <time>2025-05-13T08:04:32Z</time>
   </trkpt>
   <trkpt lat="43.3936020" lon="3.6763240">
    <ele>19.1</ele>
    <time>2025-05-13T08:04:33Z</time>
   </trkpt>
   <trkpt lat="43.3936250" lon="3.6763480">
    <ele>19.3</ele>
    <time>2025-05-13T08:04:34Z</time>
   </trkpt>
   <trkpt lat="43.3936560" lon="3.6763760">
    <ele>19.4</ele>
    <time>2025-05-13T08:04:35Z</time>
   </trkpt>
   <trkpt lat="43.3936660" lon="3.6763860">
    <ele>19.5</ele>
    <time>2025-05-13T08:04:36Z</time>
   </trkpt>
   <trkpt lat="43.3936880" lon="3.6764080">
    <ele>19.6</ele>
    <time>2025-05-13T08:04:37Z</time>
   </trkpt>
   <trkpt lat="43.3937100" lon="3.6764330">
    <ele>19.8</ele>
    <time>2025-05-13T08:04:38Z</time>
   </trkpt>
   <trkpt lat="43.3937320" lon="3.6764570">
    <ele>19.9</ele>
    <time>2025-05-13T08:04:39Z</time>
   </trkpt>
   <trkpt lat="43.3937640" lon="3.6764880">
    <ele>20.0</ele>
    <time>2025-05-13T08:04:40Z</time>
   </trkpt>
   <trkpt lat="43.3937730" lon="3.6764990">
    <ele>20.1</ele>
    <time>2025-05-13T08:04:41Z</time>
   </trkpt>
   <trkpt lat="43.3938030" lon="3.6765300">
    <ele>20.2</ele>
    <time>2025-05-13T08:04:42Z</time>
   </trkpt>
   <trkpt lat="43.3938120" lon="3.6765400">
    <ele>20.3</ele>
    <time>2025-05-13T08:04:43Z</time>
   </trkpt>
   <trkpt lat="43.3938380" lon="3.6765680">
    <ele>20.4</ele>
    <time>2025-05-13T08:04:44Z</time>
   </trkpt>
   <trkpt lat="43.3938460" lon="3.6765770">
    <ele>20.4</ele>
    <time>2025-05-13T08:04:45Z</time>
   </trkpt>
   <trkpt lat="43.3938710" lon="3.6766080">
    <ele>20.6</ele>
    <time>2025-05-13T08:04:46Z</time>
   </trkpt>
   <trkpt lat="43.3938790" lon="3.6766200">
    <ele>20.6</ele>
    <time>2025-05-13T08:04:47Z</time>
   </trkpt>
   <trkpt lat="43.3939100" lon="3.6766590">
    <ele>20.7</ele>
    <time>2025-05-13T08:04:48Z</time>
   </trkpt>
   <trkpt lat="43.3939220" lon="3.6766730">
    <ele>20.8</ele>
    <time>2025-05-13T08:04:49Z</time>
   </trkpt>
   <trkpt lat="43.3939480" lon="3.6767030">
    <ele>20.8</ele>
    <time>2025-05-13T08:04:50Z</time>
   </trkpt>
   <trkpt lat="43.3939730" lon="3.6767300">
    <ele>20.9</ele>
    <time>2025-05-13T08:04:51Z</time>
   </trkpt>
   <trkpt lat="43.3939970" lon="3.6767550">
    <ele>20.9</ele>
    <time>2025-05-13T08:04:52Z</time>
   </trkpt>
   <trkpt lat="43.3940270" lon="3.6767810">
    <ele>21.0</ele>
    <time>2025-05-13T08:04:53Z</time>
   </trkpt>
   <trkpt lat="43.3940360" lon="3.6767880">
    <ele>21.0</ele>
    <time>2025-05-13T08:04:54Z</time>
   </trkpt>
   <trkpt lat="43.3940520" lon="3.6768010">
    <ele>21.0</ele>
    <time>2025-05-13T08:04:55Z</time>
   </trkpt>
   <trkpt lat="43.3940660" lon="3.6768140">
    <ele>21.1</ele>
    <time>2025-05-13T08:04:56Z</time>
   </trkpt>
   <trkpt lat="43.3941010" lon="3.6768450">
    <ele>21.1</ele>
    <time>2025-05-13T08:04:57Z</time>
   </trkpt>
   <trkpt lat="43.3941140" lon="3.6768590">
    <ele>21.1</ele>
    <time>2025-05-13T08:04:58Z</time>
   </trkpt>
   <trkpt lat="43.3941480" lon="3.6768940">
    <ele>21.2</ele>
    <time>2025-05-13T08:04:59Z</time>
   </trkpt>
   <trkpt lat="43.3941840" lon="3.6769290">
    <ele>21.2</ele>
    <time>2025-05-13T08:05:00Z</time>
   </trkpt>
   <trkpt lat="43.3942210" lon="3.6769650">
    <ele>21.3</ele>
    <time>2025-05-13T08:05:01Z</time>
   </trkpt>
   <trkpt lat="43.3942570" lon="3.6769980">
    <ele>21.3</ele>
    <time>2025-05-13T08:05:02Z</time>
   </trkpt>
   <trkpt lat="43.3942910" lon="3.6770210">
    <ele>21.3</ele>
    <time>2025-05-13T08:05:03Z</time>
   </trkpt>
   <trkpt lat="43.3943220" lon="3.6770420">
    <ele>21.3</ele>
    <time>2025-05-13T08:05:04Z</time>
   </trkpt>
   <trkpt lat="43.3943510" lon="3.6770600">
    <ele>21.4</ele>
    <time>2025-05-13T08:05:05Z</time>
   </trkpt>
   <trkpt lat="43.3943800" lon="3.6770790">
    <ele>21.4</ele>
    <time>2025-05-13T08:05:06Z</time>
   </trkpt>
   <trkpt lat="43.3944090" lon="3.6770990">
    <ele>21.4</ele>
    <time>2025-05-13T08:05:07Z</time>
   </trkpt>
   <trkpt lat="43.3944360" lon="3.6771180">
    <ele>21.4</ele>
    <time>2025-05-13T08:05:08Z</time>
   </trkpt>
   <trkpt lat="43.3944590" lon="3.6771420">
    <ele>21.4</ele>
    <time>2025-05-13T08:05:09Z</time>
   </trkpt>
   <trkpt lat="43.3944730" lon="3.6771750">
    <ele>21.5</ele>
    <time>2025-05-13T08:05:10Z</time>
   </trkpt>
   <trkpt lat="43.3944800" lon="3.6772150">
    <ele>21.4</ele>
    <time>2025-05-13T08:05:11Z</time>
   </trkpt>
   <trkpt lat="43.3944730" lon="3.6772550">
    <ele>21.3</ele>
    <time>2025-05-13T08:05:12Z</time>
   </trkpt>
   <trkpt lat="43.3944600" lon="3.6772880">
    <ele>21.3</ele>
    <time>2025-05-13T08:05:13Z</time>
   </trkpt>
   <trkpt lat="43.3944490" lon="3.6773110">
    <ele>21.3</ele>
    <time>2025-05-13T08:05:14Z</time>
   </trkpt>
   <trkpt lat="43.3944430" lon="3.6773230">
    <ele>21.3</ele>
    <time>2025-05-13T08:05:15Z</time>
   </trkpt>
   <trkpt lat="43.3944390" lon="3.6773300">
    <ele>21.3</ele>
    <time>2025-05-13T08:05:16Z</time>
   </trkpt>
   <trkpt lat="43.3944370" lon="3.6773390">
    <ele>21.2</ele>
    <time>2025-05-13T08:05:17Z</time>
   </trkpt>
   <trkpt lat="43.3944340" lon="3.6773510">
    <ele>21.2</ele>
    <time>2025-05-13T08:05:18Z</time>
   </trkpt>
   <trkpt lat="43.3944310" lon="3.6773630">
    <ele>21.2</ele>
    <time>2025-05-13T08:05:19Z</time>
   </trkpt>
   <trkpt lat="43.3944250" lon="3.6773890">
    <ele>21.2</ele>
    <time>2025-05-13T08:05:20Z</time>
   </trkpt>
   <trkpt lat="43.3944220" lon="3.6774020">
    <ele>21.2</ele>
    <time>2025-05-13T08:05:21Z</time>
   </trkpt>
   <trkpt lat="43.3944190" lon="3.6774160">
    <ele>21.2</ele>
    <time>2025-05-13T08:05:22Z</time>
   </trkpt>
   <trkpt lat="43.3944180" lon="3.6774360">
    <ele>21.1</ele>
    <time>2025-05-13T08:05:23Z</time>
   </trkpt>
   <trkpt lat="43.3944170" lon="3.6774590">
    <ele>21.1</ele>
    <time>2025-05-13T08:05:24Z</time>
   </trkpt>
   <trkpt lat="43.3944080" lon="3.6775000">
    <ele>21.0</ele>
    <time>2025-05-13T08:05:25Z</time>
   </trkpt>
   <trkpt lat="43.3944040" lon="3.6775130">
    <ele>21.0</ele>
    <time>2025-05-13T08:05:26Z</time>
   </trkpt>
   <trkpt lat="43.3943960" lon="3.6775320">
    <ele>21.0</ele>
    <time>2025-05-13T08:05:27Z</time>
   </trkpt>
   <trkpt lat="43.3943890" lon="3.6775480">
    <ele>21.0</ele>
    <time>2025-05-13T08:05:28Z</time>
   </trkpt>
   <trkpt lat="43.3943830" lon="3.6775650">
    <ele>20.9</ele>
    <time>2025-05-13T08:05:29Z</time>
   </trkpt>
   <trkpt lat="43.3943760" lon="3.6775830">
    <ele>20.9</ele>
    <time>2025-05-13T08:05:30Z</time>
   </trkpt>
   <trkpt lat="43.3943670" lon="3.6776110">
    <ele>20.9</ele>
    <time>2025-05-13T08:05:31Z</time>
   </trkpt>
   <trkpt lat="43.3943630" lon="3.6776210">
    <ele>20.9</ele>
    <time>2025-05-13T08:05:32Z</time>
   </trkpt>
   <trkpt lat="43.3943580" lon="3.6776320">
    <ele>20.9</ele>
    <time>2025-05-13T08:05:33Z</time>
   </trkpt>
   <trkpt lat="43.3943520" lon="3.6776460">
    <ele>20.9</ele>
    <time>2025-05-13T08:05:34Z</time>
   </trkpt>
   <trkpt lat="43.3943520" lon="3.6776470">
    <ele>20.9</ele>
    <time>2025-05-13T08:05:35Z</time>
   </trkpt>
   <trkpt lat="43.3943510" lon="3.6776490">
    <ele>20.9</ele>
    <time>2025-05-13T08:05:36Z</time>
   </trkpt>
   <trkpt lat="43.3943500" lon="3.6776500">
    <ele>20.9</ele>
    <time>2025-05-13T08:05:37Z</time>
   </trkpt>
   <trkpt lat="43.3943500" lon="3.6776520">
    <ele>20.8</ele>
    <time>2025-05-13T08:05:38Z</time>
   </trkpt>
   <trkpt lat="43.3943490" lon="3.6776530">
    <ele>20.8</ele>
    <time>2025-05-13T08:05:39Z</time>
   </trkpt>
   <trkpt lat="43.3943480" lon="3.6776550">
    <ele>20.8</ele>
    <time>2025-05-13T08:05:40Z</time>
   </trkpt>
   <trkpt lat="43.3943480" lon="3.6776560">
    <ele>20.8</ele>
    <time>2025-05-13T08:05:41Z</time>
   </trkpt>
   <trkpt lat="43.3943470" lon="3.6776580">
    <ele>20.8</ele>
    <time>2025-05-13T08:05:42Z</time>
   </trkpt>
   <trkpt lat="43.3943470" lon="3.6776590">
    <ele>20.8</ele>
    <time>2025-05-13T08:05:43Z</time>
   </trkpt>
   <trkpt lat="43.3943460" lon="3.6776610">
    <ele>20.8</ele>
    <time>2025-05-13T08:05:44Z</time>
   </trkpt>
   <trkpt lat="43.3943450" lon="3.6776620">
    <ele>20.8</ele>
    <time>2025-05-13T08:05:45Z</time>
   </trkpt>
   <trkpt lat="43.3943450" lon="3.6776640">
    <ele>20.8</ele>
    <time>2025-05-13T08:05:46Z</time>
   </trkpt>
   <trkpt lat="43.3943440" lon="3.6776650">
    <ele>20.8</ele>
    <time>2025-05-13T08:05:47Z</time>
   </trkpt>
   <trkpt lat="43.3943430" lon="3.6776670">
    <ele>20.8</ele>
    <time>2025-05-13T08:05:48Z</time>
   </trkpt>
   <trkpt lat="43.3943430" lon="3.6776680">
    <ele>20.8</ele>
    <time>2025-05-13T08:05:49Z</time>
   </trkpt>
   <trkpt lat="43.3943420" lon="3.6776700">
    <ele>20.8</ele>
    <time>2025-05-13T08:05:50Z</time>
   </trkpt>
   <trkpt lat="43.3943410" lon="3.6776710">
    <ele>20.8</ele>
    <time>2025-05-13T08:05:51Z</time>
   </trkpt>
   <trkpt lat="43.3943410" lon="3.6776730">
    <ele>20.8</ele>
    <time>2025-05-13T08:05:52Z</time>
   </trkpt>
   <trkpt lat="43.3943400" lon="3.6776740">
    <ele>20.8</ele>
    <time>2025-05-13T08:05:53Z</time>
   </trkpt>
   <trkpt lat="43.3943390" lon="3.6776760">
    <ele>20.8</ele>
    <time>2025-05-13T08:05:54Z</time>
   </trkpt>
   <trkpt lat="43.3943390" lon="3.6776770">
    <ele>20.8</ele>
    <time>2025-05-13T08:05:55Z</time>
   </trkpt>
   <trkpt lat="43.3943380" lon="3.6776790">
    <ele>20.8</ele>
    <time>2025-05-13T08:05:56Z</time>
   </trkpt>
   <trkpt lat="43.3943370" lon="3.6776800">
    <ele>20.8</ele>
    <time>2025-05-13T08:05:57Z</time>
   </trkpt>
   <trkpt lat="43.3943370" lon="3.6776820">
    <ele>20.8</ele>
    <time>2025-05-13T08:05:58Z</time>
   </trkpt>
   <trkpt lat="43.3943360" lon="3.6776830">
    <ele>20.8</ele>
    <time>2025-05-13T08:05:59Z</time>
   </trkpt>
   <trkpt lat="43.3943350" lon="3.6776850">
    <ele>20.8</ele>
    <time>2025-05-13T08:06:00Z</time>
   </trkpt>
   <trkpt lat="43.3943350" lon="3.6776860">
    <ele>20.8</ele>
    <time>2025-05-13T08:06:01Z</time>
   </trkpt>
   <trkpt lat="43.3943340" lon="3.6776880">
    <ele>20.8</ele>
    <time>2025-05-13T08:06:02Z</time>
   </trkpt>
   <trkpt lat="43.3943340" lon="3.6776890">
    <ele>20.8</ele>
    <time>2025-05-13T08:06:03Z</time>
   </trkpt>
   <trkpt lat="43.3943330" lon="3.6776910">
    <ele>20.8</ele>
    <time>2025-05-13T08:06:04Z</time>
   </trkpt>
   <trkpt lat="43.3943320" lon="3.6776920">
    <ele>20.8</ele>
    <time>2025-05-13T08:06:05Z</time>
   </trkpt>
   <trkpt lat="43.3943320" lon="3.6776940">
    <ele>20.8</ele>
    <time>2025-05-13T08:06:06Z</time>
   </trkpt>
   <trkpt lat="43.3943310" lon="3.6776950">
    <ele>20.8</ele>
    <time>2025-05-13T08:06:07Z</time>
   </trkpt>
   <trkpt lat="43.3943300" lon="3.6776970">
    <ele>20.8</ele>
    <time>2025-05-13T08:06:08Z</time>
   </trkpt>
   <trkpt lat="43.3943300" lon="3.6776980">
    <ele>20.8</ele>
    <time>2025-05-13T08:06:09Z</time>
   </trkpt>
   <trkpt lat="43.3943290" lon="3.6777000">
    <ele>20.8</ele>
    <time>2025-05-13T08:06:10Z</time>
   </trkpt>
   <trkpt lat="43.3943140" lon="3.6777380">
    <ele>20.7</ele>
    <time>2025-05-13T08:06:11Z</time>
   </trkpt>
   <trkpt lat="43.3942980" lon="3.6777820">
    <ele>20.7</ele>
    <time>2025-05-13T08:06:12Z</time>
   </trkpt>
   <trkpt lat="43.3942930" lon="3.6777950">
    <ele>20.7</ele>
    <time>2025-05-13T08:06:13Z</time>
   </trkpt>
   <trkpt lat="43.3942840" lon="3.6778320">
    <ele>20.6</ele>
    <time>2025-05-13T08:06:14Z</time>
   </trkpt>
   <trkpt lat="43.3942800" lon="3.6778450">
    <ele>20.6</ele>
    <time>2025-05-13T08:06:15Z</time>
   </trkpt>
   <trkpt lat="43.3942690" lon="3.6778900">
    <ele>20.5</ele>
    <time>2025-05-13T08:06:16Z</time>
   </trkpt>
   <trkpt lat="43.3942640" lon="3.6779070">
    <ele>20.5</ele>
    <time>2025-05-13T08:06:17Z</time>
   </trkpt>
   <trkpt lat="43.3942540" lon="3.6779440">
    <ele>20.5</ele>
    <time>2025-05-13T08:06:18Z</time>
   </trkpt>
   <trkpt lat="43.3942410" lon="3.6779830">
    <ele>20.4</ele>
    <time>2025-05-13T08:06:19Z</time>
   </trkpt>
   <trkpt lat="43.3942260" lon="3.6780210">
    <ele>20.4</ele>
    <time>2025-05-13T08:06:20Z</time>
   </trkpt>
   <trkpt lat="43.3942130" lon="3.6780620">
    <ele>20.3</ele>
    <time>2025-05-13T08:06:21Z</time>
   </trkpt>
   <trkpt lat="43.3942000" lon="3.6781060">
    <ele>20.2</ele>
    <time>2025-05-13T08:06:22Z</time>
   </trkpt>
   <trkpt lat="43.3941880" lon="3.6781450">
    <ele>20.1</ele>
    <time>2025-05-13T08:06:23Z</time>
   </trkpt>
   <trkpt lat="43.3941770" lon="3.6781820">
    <ele>20.1</ele>
    <time>2025-05-13T08:06:24Z</time>
   </trkpt>
   <trkpt lat="43.3941680" lon="3.6782190">
    <ele>20.0</ele>
    <time>2025-05-13T08:06:25Z</time>
   </trkpt>
   <trkpt lat="43.3941580" lon="3.6782580">
    <ele>19.9</ele>
    <time>2025-05-13T08:06:26Z</time>
   </trkpt>
   <trkpt lat="43.3941460" lon="3.6782970">
    <ele>19.9</ele>
    <time>2025-05-13T08:06:27Z</time>
   </trkpt>
   <trkpt lat="43.3941340" lon="3.6783520">
    <ele>19.8</ele>
    <time>2025-05-13T08:06:28Z</time>
   </trkpt>
   <trkpt lat="43.3941290" lon="3.6783710">
    <ele>19.8</ele>
    <time>2025-05-13T08:06:29Z</time>
   </trkpt>
   <trkpt lat="43.3941190" lon="3.6784110">
    <ele>19.7</ele>
    <time>2025-05-13T08:06:30Z</time>
   </trkpt>
   <trkpt lat="43.3941130" lon="3.6784580">
    <ele>19.7</ele>
    <time>2025-05-13T08:06:31Z</time>
   </trkpt>
   <trkpt lat="43.3941060" lon="3.6785000">
    <ele>19.6</ele>
    <time>2025-05-13T08:06:32Z</time>
   </trkpt>
   <trkpt lat="43.3940970" lon="3.6785430">
    <ele>19.6</ele>
    <time>2025-05-13T08:06:33Z</time>
   </trkpt>
   <trkpt lat="43.3940880" lon="3.6785860">
    <ele>19.5</ele>
    <time>2025-05-13T08:06:34Z</time>
   </trkpt>
   <trkpt lat="43.3940750" lon="3.6786240">
    <ele>19.5</ele>
    <time>2025-05-13T08:06:35Z</time>
   </trkpt>
   <trkpt lat="43.3940620" lon="3.6786570">
    <ele>19.5</ele>
    <time>2025-05-13T08:06:36Z</time>
   </trkpt>
   <trkpt lat="43.3940490" lon="3.6787060">
    <ele>19.4</ele>
    <time>2025-05-13T08:06:37Z</time>
   </trkpt>
   <trkpt lat="43.3940470" lon="3.6787220">
    <ele>19.4</ele>
    <time>2025-05-13T08:06:38Z</time>
   </trkpt>
   <trkpt lat="43.3940420" lon="3.6787700">
    <ele>19.4</ele>
    <time>2025-05-13T08:06:39Z</time>
   </trkpt>
   <trkpt lat="43.3940390" lon="3.6787870">
    <ele>19.4</ele>
    <time>2025-05-13T08:06:40Z</time>
   </trkpt>
   <trkpt lat="43.3940340" lon="3.6788250">
    <ele>19.4</ele>
    <time>2025-05-13T08:06:41Z</time>
   </trkpt>
   <trkpt lat="43.3940270" lon="3.6788710">
    <ele>19.3</ele>
    <time>2025-05-13T08:06:42Z</time>
   </trkpt>
   <trkpt lat="43.3940180" lon="3.6789200">
    <ele>19.3</ele>
    <time>2025-05-13T08:06:43Z</time>
   </trkpt>
   <trkpt lat="43.3940070" lon="3.6789700">
    <ele>19.3</ele>
    <time>2025-05-13T08:06:44Z</time>
   </trkpt>
   <trkpt lat="43.3939960" lon="3.6790200">
    <ele>19.2</ele>
    <time>2025-05-13T08:06:45Z</time>
   </trkpt>
   <trkpt lat="43.3939830" lon="3.6790710">
    <ele>19.2</ele>
    <time>2025-05-13T08:06:46Z</time>
   </trkpt>
   <trkpt lat="43.3939740" lon="3.6791220">
    <ele>19.1</ele>
    <time>2025-05-13T08:06:47Z</time>
   </trkpt>
   <trkpt lat="43.3939650" lon="3.6791740">
    <ele>19.1</ele>
    <time>2025-05-13T08:06:48Z</time>
   </trkpt>
   <trkpt lat="43.3939570" lon="3.6792270">
    <ele>19.1</ele>
    <time>2025-05-13T08:06:49Z</time>
   </trkpt>
   <trkpt lat="43.3939470" lon="3.6792780">
    <ele>19.0</ele>
    <time>2025-05-13T08:06:50Z</time>
   </trkpt>
   <trkpt lat="43.3939410" lon="3.6793260">
    <ele>19.0</ele>
    <time>2025-05-13T08:06:51Z</time>
   </trkpt>
   <trkpt lat="43.3939330" lon="3.6793740">
    <ele>18.9</ele>
    <time>2025-05-13T08:06:52Z</time>
   </trkpt>
   <trkpt lat="43.3939230" lon="3.6794230">
    <ele>18.9</ele>
    <time>2025-05-13T08:06:53Z</time>
   </trkpt>
   <trkpt lat="43.3939130" lon="3.6794720">
    <ele>18.9</ele>
    <time>2025-05-13T08:06:54Z</time>
   </trkpt>
   <trkpt lat="43.3939050" lon="3.6795160">
    <ele>18.8</ele>
    <time>2025-05-13T08:06:55Z</time>
   </trkpt>
   <trkpt lat="43.3938930" lon="3.6795580">
    <ele>18.8</ele>
    <time>2025-05-13T08:06:56Z</time>
   </trkpt>
   <trkpt lat="43.3938790" lon="3.6795980">
    <ele>18.8</ele>
    <time>2025-05-13T08:06:57Z</time>
   </trkpt>
   <trkpt lat="43.3938670" lon="3.6796360">
    <ele>18.8</ele>
    <time>2025-05-13T08:06:58Z</time>
   </trkpt>
   <trkpt lat="43.3938550" lon="3.6796770">
    <ele>18.7</ele>
    <time>2025-05-13T08:06:59Z</time>
   </trkpt>
   <trkpt lat="43.3938360" lon="3.6797150">
    <ele>18.7</ele>
    <time>2025-05-13T08:07:00Z</time>
   </trkpt>
   <trkpt lat="43.3938160" lon="3.6797450">
    <ele>18.7</ele>
    <time>2025-05-13T08:07:01Z</time>
   </trkpt>
   <trkpt lat="43.3937840" lon="3.6797750">
    <ele>18.6</ele>
    <time>2025-05-13T08:07:02Z</time>
   </trkpt>
   <trkpt lat="43.3937730" lon="3.6797840">
    <ele>18.6</ele>
    <time>2025-05-13T08:07:03Z</time>
   </trkpt>
   <trkpt lat="43.3937490" lon="3.6798030">
    <ele>18.5</ele>
    <time>2025-05-13T08:07:04Z</time>
   </trkpt>
   <trkpt lat="43.3937240" lon="3.6798350">
    <ele>18.5</ele>
    <time>2025-05-13T08:07:05Z</time>
   </trkpt>
   <trkpt lat="43.3937180" lon="3.6798470">
    <ele>18.5</ele>
    <time>2025-05-13T08:07:06Z</time>
   </trkpt>
   <trkpt lat="43.3937140" lon="3.6798910">
    <ele>18.4</ele>
    <time>2025-05-13T08:07:07Z</time>
   </trkpt>
   <trkpt lat="43.3937150" lon="3.6799080">
    <ele>18.4</ele>
    <time>2025-05-13T08:07:08Z</time>
   </trkpt>
   <trkpt lat="43.3937260" lon="3.6799530">
    <ele>18.4</ele>
    <time>2025-05-13T08:07:09Z</time>
   </trkpt>
   <trkpt lat="43.3937310" lon="3.6799670">
    <ele>18.4</ele>
    <time>2025-05-13T08:07:10Z</time>
   </trkpt>
   <trkpt lat="43.3937370" lon="3.6800040">
    <ele>18.4</ele>
    <time>2025-05-13T08:07:11Z</time>
   </trkpt>
   <trkpt lat="43.3937390" lon="3.6800480">
    <ele>18.3</ele>
    <time>2025-05-13T08:07:12Z</time>
   </trkpt>
   <trkpt lat="43.3937370" lon="3.6800910">
    <ele>18.3</ele>
    <time>2025-05-13T08:07:13Z</time>
   </trkpt>
   <trkpt lat="43.3937320" lon="3.6801420">
    <ele>18.3</ele>
    <time>2025-05-13T08:07:14Z</time>
   </trkpt>
   <trkpt lat="43.3937290" lon="3.6801890">
    <ele>18.2</ele>
    <time>2025-05-13T08:07:15Z</time>
   </trkpt>
   <trkpt lat="43.3937280" lon="3.6802400">
    <ele>18.2</ele>
    <time>2025-05-13T08:07:16Z</time>
   </trkpt>
   <trkpt lat="43.3937240" lon="3.6802940">
    <ele>18.2</ele>
    <time>2025-05-13T08:07:17Z</time>
   </trkpt>
   <trkpt lat="43.3937210" lon="3.6803520">
    <ele>18.2</ele>
    <time>2025-05-13T08:07:18Z</time>
   </trkpt>
   <trkpt lat="43.3937220" lon="3.6804140">
    <ele>18.1</ele>
    <time>2025-05-13T08:07:19Z</time>
   </trkpt>
   <trkpt lat="43.3937230" lon="3.6804760">
    <ele>18.1</ele>
    <time>2025-05-13T08:07:20Z</time>
   </trkpt>
   <trkpt lat="43.3937260" lon="3.6805430">
    <ele>18.0</ele>
    <time>2025-05-13T08:07:21Z</time>
   </trkpt>
   <trkpt lat="43.3937300" lon="3.6806110">
    <ele>18.0</ele>
    <time>2025-05-13T08:07:22Z</time>
   </trkpt>
   <trkpt lat="43.3937330" lon="3.6806790">
    <ele>17.9</ele>
    <time>2025-05-13T08:07:23Z</time>
   </trkpt>
   <trkpt lat="43.3937360" lon="3.6807500">
    <ele>17.9</ele>
    <time>2025-05-13T08:07:24Z</time>
   </trkpt>
   <trkpt lat="43.3937370" lon="3.6808210">
    <ele>17.8</ele>
    <time>2025-05-13T08:07:25Z</time>
   </trkpt>
   <trkpt lat="43.3937410" lon="3.6808930">
    <ele>17.8</ele>
    <time>2025-05-13T08:07:26Z</time>
   </trkpt>
   <trkpt lat="43.3937440" lon="3.6809640">
    <ele>17.7</ele>
    <time>2025-05-13T08:07:27Z</time>
   </trkpt>
   <trkpt lat="43.3937460" lon="3.6810330">
    <ele>17.7</ele>
    <time>2025-05-13T08:07:28Z</time>
   </trkpt>
   <trkpt lat="43.3937490" lon="3.6810980">
    <ele>17.6</ele>
    <time>2025-05-13T08:07:29Z</time>
   </trkpt>
   <trkpt lat="43.3937540" lon="3.6811580">
    <ele>17.6</ele>
    <time>2025-05-13T08:07:30Z</time>
   </trkpt>
   <trkpt lat="43.3937550" lon="3.6812180">
    <ele>17.6</ele>
    <time>2025-05-13T08:07:31Z</time>
   </trkpt>
   <trkpt lat="43.3937570" lon="3.6812790">
    <ele>17.5</ele>
    <time>2025-05-13T08:07:32Z</time>
   </trkpt>
   <trkpt lat="43.3937580" lon="3.6813380">
    <ele>17.5</ele>
    <time>2025-05-13T08:07:33Z</time>
   </trkpt>
   <trkpt lat="43.3937610" lon="3.6813960">
    <ele>17.5</ele>
    <time>2025-05-13T08:07:34Z</time>
   </trkpt>
   <trkpt lat="43.3937660" lon="3.6814450">
    <ele>17.5</ele>
    <time>2025-05-13T08:07:35Z</time>
   </trkpt>
   <trkpt lat="43.3937700" lon="3.6814990">
    <ele>17.5</ele>
    <time>2025-05-13T08:07:36Z</time>
   </trkpt>
   <trkpt lat="43.3937730" lon="3.6815560">
    <ele>17.5</ele>
    <time>2025-05-13T08:07:37Z</time>
   </trkpt>
   <trkpt lat="43.3937750" lon="3.6816110">
    <ele>17.5</ele>
    <time>2025-05-13T08:07:38Z</time>
   </trkpt>
   <trkpt lat="43.3937780" lon="3.6816570">
    <ele>17.4</ele>
    <time>2025-05-13T08:07:39Z</time>
   </trkpt>
   <trkpt lat="43.3937860" lon="3.6816980">
    <ele>17.4</ele>
    <time>2025-05-13T08:07:40Z</time>
   </trkpt>
   <trkpt lat="43.3937870" lon="3.6817100">
    <ele>17.4</ele>
    <time>2025-05-13T08:07:41Z</time>
   </trkpt>
   <trkpt lat="43.3937870" lon="3.6817580">
    <ele>17.4</ele>
    <time>2025-05-13T08:07:42Z</time>
   </trkpt>
   <trkpt lat="43.3937880" lon="3.6817760">
    <ele>17.4</ele>
    <time>2025-05-13T08:07:43Z</time>
   </trkpt>
   <trkpt lat="43.3937910" lon="3.6818280">
    <ele>17.4</ele>
    <time>2025-05-13T08:07:44Z</time>
   </trkpt>
   <trkpt lat="43.3937930" lon="3.6818460">
    <ele>17.3</ele>
    <time>2025-05-13T08:07:45Z</time>
   </trkpt>
   <trkpt lat="43.3937980" lon="3.6818890">
    <ele>17.3</ele>
    <time>2025-05-13T08:07:46Z</time>
   </trkpt>
   <trkpt lat="43.3938000" lon="3.6819380">
    <ele>17.2</ele>
    <time>2025-05-13T08:07:47Z</time>
   </trkpt>
   <trkpt lat="43.3938020" lon="3.6819930">
    <ele>17.2</ele>
    <time>2025-05-13T08:07:48Z</time>
   </trkpt>
   <trkpt lat="43.3938060" lon="3.6820510">
    <ele>17.1</ele>
    <time>2025-05-13T08:07:49Z</time>
   </trkpt>
   <trkpt lat="43.3938090" lon="3.6821100">
    <ele>17.1</ele>
    <time>2025-05-13T08:07:50Z</time>
   </trkpt>
   <trkpt lat="43.3938120" lon="3.6821680">
    <ele>17.1</ele>
    <time>2025-05-13T08:07:51Z</time>
   </trkpt>
   <trkpt lat="43.3938130" lon="3.6822270">
    <ele>17.0</ele>
    <time>2025-05-13T08:07:52Z</time>
   </trkpt>
   <trkpt lat="43.3938150" lon="3.6822870">
    <ele>17.0</ele>
    <time>2025-05-13T08:07:53Z</time>
   </trkpt>
   <trkpt lat="43.3938160" lon="3.6823480">
    <ele>16.9</ele>
    <time>2025-05-13T08:07:54Z</time>
   </trkpt>
   <trkpt lat="43.3938180" lon="3.6824100">
    <ele>16.9</ele>
    <time>2025-05-13T08:07:55Z</time>
   </trkpt>
   <trkpt lat="43.3938210" lon="3.6824740">
    <ele>16.8</ele>
    <time>2025-05-13T08:07:56Z</time>
   </trkpt>
   <trkpt lat="43.3938240" lon="3.6825410">
    <ele>16.8</ele>
    <time>2025-05-13T08:07:57Z</time>
   </trkpt>
   <trkpt lat="43.3938220" lon="3.6826110">
    <ele>16.8</ele>
    <time>2025-05-13T08:07:58Z</time>
   </trkpt>
   <trkpt lat="43.3938170" lon="3.6826800">
    <ele>16.7</ele>
    <time>2025-05-13T08:07:59Z</time>
   </trkpt>
   <trkpt lat="43.3938130" lon="3.6827490">
    <ele>16.7</ele>
    <time>2025-05-13T08:08:00Z</time>
   </trkpt>
   <trkpt lat="43.3938030" lon="3.6828180">
    <ele>16.6</ele>
    <time>2025-05-13T08:08:01Z</time>
   </trkpt>
   <trkpt lat="43.3937900" lon="3.6828870">
    <ele>16.6</ele>
    <time>2025-05-13T08:08:02Z</time>
   </trkpt>
   <trkpt lat="43.3937760" lon="3.6829550">
    <ele>16.5</ele>
    <time>2025-05-13T08:08:03Z</time>
   </trkpt>
   <trkpt lat="43.3937600" lon="3.6830190">
    <ele>16.5</ele>
    <time>2025-05-13T08:08:04Z</time>
   </trkpt>
   <trkpt lat="43.3937390" lon="3.6830770">
    <ele>16.4</ele>
    <time>2025-05-13T08:08:05Z</time>
   </trkpt>
   <trkpt lat="43.3937220" lon="3.6831320">
    <ele>16.3</ele>
    <time>2025-05-13T08:08:06Z</time>
   </trkpt>
   <trkpt lat="43.3937040" lon="3.6831890">
    <ele>16.3</ele>
    <time>2025-05-13T08:08:07Z</time>
   </trkpt>
   <trkpt lat="43.3936840" lon="3.6832430">
    <ele>16.2</ele>
    <time>2025-05-13T08:08:08Z</time>
   </trkpt>
   <trkpt lat="43.3936580" lon="3.6832960">
    <ele>16.1</ele>
    <time>2025-05-13T08:08:09Z</time>
   </trkpt>
   <trkpt lat="43.3936310" lon="3.6833520">
    <ele>16.1</ele>
    <time>2025-05-13T08:08:10Z</time>
   </trkpt>
   <trkpt lat="43.3936050" lon="3.6834120">
    <ele>16.0</ele>
    <time>2025-05-13T08:08:11Z</time>
   </trkpt>
   <trkpt lat="43.3935760" lon="3.6834700">
    <ele>15.9</ele>
    <time>2025-05-13T08:08:12Z</time>
   </trkpt>
   <trkpt lat="43.3935490" lon="3.6835320">
    <ele>15.8</ele>
    <time>2025-05-13T08:08:13Z</time>
   </trkpt>
   <trkpt lat="43.3935180" lon="3.6835990">
    <ele>15.7</ele>
    <time>2025-05-13T08:08:14Z</time>
   </trkpt>
   <trkpt lat="43.3934860" lon="3.6836650">
    <ele>15.7</ele>
    <time>2025-05-13T08:08:15Z</time>
   </trkpt>
   <trkpt lat="43.3934540" lon="3.6837310">
    <ele>15.6</ele>
    <time>2025-05-13T08:08:16Z</time>
   </trkpt>
   <trkpt lat="43.3934250" lon="3.6837950">
    <ele>15.6</ele>
    <time>2025-05-13T08:08:17Z</time>
   </trkpt>
   <trkpt lat="43.3933990" lon="3.6838560">
    <ele>15.6</ele>
    <time>2025-05-13T08:08:18Z</time>
   </trkpt>
   <trkpt lat="43.3933720" lon="3.6839140">
    <ele>15.5</ele>
    <time>2025-05-13T08:08:19Z</time>
   </trkpt>
   <trkpt lat="43.3933460" lon="3.6839680">
    <ele>15.5</ele>
    <time>2025-05-13T08:08:20Z</time>
   </trkpt>
   <trkpt lat="43.3933200" lon="3.6840190">
    <ele>15.5</ele>
    <time>2025-05-13T08:08:21Z</time>
   </trkpt>
   <trkpt lat="43.3932960" lon="3.6840680">
    <ele>15.5</ele>
    <time>2025-05-13T08:08:22Z</time>
   </trkpt>
   <trkpt lat="43.3932710" lon="3.6841180">
    <ele>15.4</ele>
    <time>2025-05-13T08:08:23Z</time>
   </trkpt>
   <trkpt lat="43.3932450" lon="3.6841710">
    <ele>15.4</ele>
    <time>2025-05-13T08:08:24Z</time>
   </trkpt>
   <trkpt lat="43.3932170" lon="3.6842290">
    <ele>15.3</ele>
    <time>2025-05-13T08:08:25Z</time>
   </trkpt>
   <trkpt lat="43.3931880" lon="3.6842890">
    <ele>15.3</ele>
    <time>2025-05-13T08:08:26Z</time>
   </trkpt>
   <trkpt lat="43.3931620" lon="3.6843510">
    <ele>15.3</ele>
    <time>2025-05-13T08:08:27Z</time>
   </trkpt>
   <trkpt lat="43.3931350" lon="3.6844150">
    <ele>15.2</ele>
    <time>2025-05-13T08:08:28Z</time>
   </trkpt>
   <trkpt lat="43.3931090" lon="3.6844780">
    <ele>15.2</ele>
    <time>2025-05-13T08:08:29Z</time>
   </trkpt>
   <trkpt lat="43.3930820" lon="3.6845400">
    <ele>15.1</ele>
    <time>2025-05-13T08:08:30Z</time>
   </trkpt>
   <trkpt lat="43.3930590" lon="3.6846000">
    <ele>15.1</ele>
    <time>2025-05-13T08:08:31Z</time>
   </trkpt>
   <trkpt lat="43.3930370" lon="3.6846630">
    <ele>15.1</ele>
    <time>2025-05-13T08:08:32Z</time>
   </trkpt>
   <trkpt lat="43.3930150" lon="3.6847280">
    <ele>15.0</ele>
    <time>2025-05-13T08:08:33Z</time>
   </trkpt>
   <trkpt lat="43.3929910" lon="3.6847970">
    <ele>15.0</ele>
    <time>2025-05-13T08:08:34Z</time>
   </trkpt>
   <trkpt lat="43.3929690" lon="3.6848670">
    <ele>15.0</ele>
    <time>2025-05-13T08:08:35Z</time>
   </trkpt>
   <trkpt lat="43.3929490" lon="3.6849340">
    <ele>14.9</ele>
    <time>2025-05-13T08:08:36Z</time>
   </trkpt>
   <trkpt lat="43.3929260" lon="3.6850060">
    <ele>14.9</ele>
    <time>2025-05-13T08:08:37Z</time>
   </trkpt>
   <trkpt lat="43.3929060" lon="3.6850810">
    <ele>14.8</ele>
    <time>2025-05-13T08:08:38Z</time>
   </trkpt>
   <trkpt lat="43.3928850" lon="3.6851610">
    <ele>14.7</ele>
    <time>2025-05-13T08:08:39Z</time>
   </trkpt>
   <trkpt lat="43.3928630" lon="3.6852340">
    <ele>14.7</ele>
    <time>2025-05-13T08:08:40Z</time>
   </trkpt>
   <trkpt lat="43.3928430" lon="3.6853060">
    <ele>14.6</ele>
    <time>2025-05-13T08:08:41Z</time>
   </trkpt>
   <trkpt lat="43.3928230" lon="3.6853770">
    <ele>14.5</ele>
    <time>2025-05-13T08:08:42Z</time>
   </trkpt>
   <trkpt lat="43.3927980" lon="3.6854520">
    <ele>14.5</ele>
    <time>2025-05-13T08:08:43Z</time>
   </trkpt>
   <trkpt lat="43.3927750" lon="3.6855280">
    <ele>14.4</ele>
    <time>2025-05-13T08:08:44Z</time>
   </trkpt>
   <trkpt lat="43.3927470" lon="3.6856030">
    <ele>14.3</ele>
    <time>2025-05-13T08:08:45Z</time>
   </trkpt>
   <trkpt lat="43.3927210" lon="3.6856770">
    <ele>14.3</ele>
    <time>2025-05-13T08:08:46Z</time>
   </trkpt>
   <trkpt lat="43.3926920" lon="3.6857460">
    <ele>14.2</ele>
    <time>2025-05-13T08:08:47Z</time>
   </trkpt>
   <trkpt lat="43.3926630" lon="3.6858110">
    <ele>14.2</ele>
    <time>2025-05-13T08:08:48Z</time>
   </trkpt>
   <trkpt lat="43.3926400" lon="3.6858770">
    <ele>14.1</ele>
    <time>2025-05-13T08:08:49Z</time>
   </trkpt>
   <trkpt lat="43.3926220" lon="3.6859410">
    <ele>14.1</ele>
    <time>2025-05-13T08:08:50Z</time>
   </trkpt>
   <trkpt lat="43.3926070" lon="3.6860010">
    <ele>14.0</ele>
    <time>2025-05-13T08:08:51Z</time>
   </trkpt>
   <trkpt lat="43.3925960" lon="3.6860630">
    <ele>14.0</ele>
    <time>2025-05-13T08:08:52Z</time>
   </trkpt>
   <trkpt lat="43.3925880" lon="3.6861250">
    <ele>14.0</ele>
    <time>2025-05-13T08:08:53Z</time>
   </trkpt>
   <trkpt lat="43.3925810" lon="3.6861860">
    <ele>13.9</ele>
    <time>2025-05-13T08:08:54Z</time>
   </trkpt>
   <trkpt lat="43.3925760" lon="3.6862480">
    <ele>13.9</ele>
    <time>2025-05-13T08:08:55Z</time>
   </trkpt>
   <trkpt lat="43.3925730" lon="3.6863130">
    <ele>13.8</ele>
    <time>2025-05-13T08:08:56Z</time>
   </trkpt>
   <trkpt lat="43.3925740" lon="3.6863780">
    <ele>13.8</ele>
    <time>2025-05-13T08:08:57Z</time>
   </trkpt>
   <trkpt lat="43.3925780" lon="3.6864430">
    <ele>13.8</ele>
    <time>2025-05-13T08:08:58Z</time>
   </trkpt>
   <trkpt lat="43.3925820" lon="3.6865030">
    <ele>13.7</ele>
    <time>2025-05-13T08:08:59Z</time>
   </trkpt>
   <trkpt lat="43.3925840" lon="3.6865650">
    <ele>13.7</ele>
    <time>2025-05-13T08:09:00Z</time>
   </trkpt>
   <trkpt lat="43.3925890" lon="3.6866330">
    <ele>13.6</ele>
    <time>2025-05-13T08:09:01Z</time>
   </trkpt>
   <trkpt lat="43.3925900" lon="3.6867020">
    <ele>13.6</ele>
    <time>2025-05-13T08:09:02Z</time>
   </trkpt>
   <trkpt lat="43.3925860" lon="3.6867710">
    <ele>13.5</ele>
    <time>2025-05-13T08:09:03Z</time>
   </trkpt>
   <trkpt lat="43.3925830" lon="3.6868380">
    <ele>13.4</ele>
    <time>2025-05-13T08:09:04Z</time>
   </trkpt>
   <trkpt lat="43.3925830" lon="3.6869040">
    <ele>13.4</ele>
    <time>2025-05-13T08:09:05Z</time>
   </trkpt>
   <trkpt lat="43.3925850" lon="3.6869690">
    <ele>13.3</ele>
    <time>2025-05-13T08:09:06Z</time>
   </trkpt>
   <trkpt lat="43.3925800" lon="3.6870380">
    <ele>13.3</ele>
    <time>2025-05-13T08:09:07Z</time>
   </trkpt>
   <trkpt lat="43.3925740" lon="3.6871060">
    <ele>13.2</ele>
    <time>2025-05-13T08:09:08Z</time>
   </trkpt>
   <trkpt lat="43.3925710" lon="3.6871740">
    <ele>13.2</ele>
    <time>2025-05-13T08:09:09Z</time>
   </trkpt>
   <trkpt lat="43.3925650" lon="3.6872430">
    <ele>13.1</ele>
    <time>2025-05-13T08:09:10Z</time>
   </trkpt>
   <trkpt lat="43.3925620" lon="3.6873120">
    <ele>13.1</ele>
    <time>2025-05-13T08:09:11Z</time>
   </trkpt>
   <trkpt lat="43.3925560" lon="3.6873800">
    <ele>13.0</ele>
    <time>2025-05-13T08:09:12Z</time>
   </trkpt>
   <trkpt lat="43.3925500" lon="3.6874450">
    <ele>13.0</ele>
    <time>2025-05-13T08:09:13Z</time>
   </trkpt>
   <trkpt lat="43.3925480" lon="3.6875170">
    <ele>12.9</ele>
    <time>2025-05-13T08:09:14Z</time>
   </trkpt>
   <trkpt lat="43.3925410" lon="3.6875900">
    <ele>12.9</ele>
    <time>2025-05-13T08:09:15Z</time>
   </trkpt>
   <trkpt lat="43.3925330" lon="3.6876620">
    <ele>12.8</ele>
    <time>2025-05-13T08:09:16Z</time>
   </trkpt>
   <trkpt lat="43.3925270" lon="3.6877310">
    <ele>12.8</ele>
    <time>2025-05-13T08:09:17Z</time>
   </trkpt>
   <trkpt lat="43.3925230" lon="3.6877980">
    <ele>12.7</ele>
    <time>2025-05-13T08:09:18Z</time>
   </trkpt>
   <trkpt lat="43.3925170" lon="3.6878620">
    <ele>12.7</ele>
    <time>2025-05-13T08:09:19Z</time>
   </trkpt>
   <trkpt lat="43.3925130" lon="3.6879270">
    <ele>12.6</ele>
    <time>2025-05-13T08:09:20Z</time>
   </trkpt>
   <trkpt lat="43.3925100" lon="3.6879910">
    <ele>12.5</ele>
    <time>2025-05-13T08:09:21Z</time>
   </trkpt>
   <trkpt lat="43.3925050" lon="3.6880520">
    <ele>12.5</ele>
    <time>2025-05-13T08:09:22Z</time>
   </trkpt>
   <trkpt lat="43.3925000" lon="3.6881060">
    <ele>12.4</ele>
    <time>2025-05-13T08:09:23Z</time>
   </trkpt>
   <trkpt lat="43.3924880" lon="3.6881490">
    <ele>12.4</ele>
    <time>2025-05-13T08:09:24Z</time>
   </trkpt>
   <trkpt lat="43.3924730" lon="3.6881880">
    <ele>12.4</ele>
    <time>2025-05-13T08:09:25Z</time>
   </trkpt>
   <trkpt lat="43.3924680" lon="3.6882170">
    <ele>12.3</ele>
    <time>2025-05-13T08:09:26Z</time>
   </trkpt>
   <trkpt lat="43.3924660" lon="3.6882350">
    <ele>12.3</ele>
    <time>2025-05-13T08:09:27Z</time>
   </trkpt>
   <trkpt lat="43.3924690" lon="3.6882400">
    <ele>12.3</ele>
    <time>2025-05-13T08:09:28Z</time>
   </trkpt>
   <trkpt lat="43.3924690" lon="3.6882410">
    <ele>12.3</ele>
    <time>2025-05-13T08:09:29Z</time>
   </trkpt>
   <trkpt lat="43.3924690" lon="3.6882410">
    <ele>12.3</ele>
    <time>2025-05-13T08:09:30Z</time>
   </trkpt>
   <trkpt lat="43.3924690" lon="3.6882420">
    <ele>12.3</ele>
    <time>2025-05-13T08:09:31Z</time>
   </trkpt>
   <trkpt lat="43.3924690" lon="3.6882420">
    <ele>12.3</ele>
    <time>2025-05-13T08:09:32Z</time>
   </trkpt>
   <trkpt lat="43.3924690" lon="3.6882420">
    <ele>12.3</ele>
    <time>2025-05-13T08:09:33Z</time>
   </trkpt>
   <trkpt lat="43.3924690" lon="3.6882430">
    <ele>12.3</ele>
    <time>2025-05-13T08:09:34Z</time>
   </trkpt>
   <trkpt lat="43.3924690" lon="3.6882430">
    <ele>12.3</ele>
    <time>2025-05-13T08:09:35Z</time>
   </trkpt>
   <trkpt lat="43.3924690" lon="3.6882440">
    <ele>12.3</ele>
    <time>2025-05-13T08:09:36Z</time>
   </trkpt>
   <trkpt lat="43.3924690" lon="3.6882440">
    <ele>12.3</ele>
    <time>2025-05-13T08:09:37Z</time>
   </trkpt>
   <trkpt lat="43.3924690" lon="3.6882440">
    <ele>12.3</ele>
    <time>2025-05-13T08:09:38Z</time>
   </trkpt>
   <trkpt lat="43.3924690" lon="3.6882450">
    <ele>12.3</ele>
    <time>2025-05-13T08:09:39Z</time>
   </trkpt>
   <trkpt lat="43.3924690" lon="3.6882450">
    <ele>12.3</ele>
    <time>2025-05-13T08:09:40Z</time>
   </trkpt>
   <trkpt lat="43.3924690" lon="3.6882460">
    <ele>12.3</ele>
    <time>2025-05-13T08:09:41Z</time>
   </trkpt>
   <trkpt lat="43.3924690" lon="3.6882460">
    <ele>12.3</ele>
    <time>2025-05-13T08:09:42Z</time>
   </trkpt>
   <trkpt lat="43.3924690" lon="3.6882460">
    <ele>12.3</ele>
    <time>2025-05-13T08:09:43Z</time>
   </trkpt>
   <trkpt lat="43.3924690" lon="3.6882470">
    <ele>12.3</ele>
    <time>2025-05-13T08:09:44Z</time>
   </trkpt>
   <trkpt lat="43.3924690" lon="3.6882470">
    <ele>12.3</ele>
    <time>2025-05-13T08:09:45Z</time>
   </trkpt>
   <trkpt lat="43.3924690" lon="3.6882480">
    <ele>12.3</ele>
    <time>2025-05-13T08:09:46Z</time>
   </trkpt>
   <trkpt lat="43.3924690" lon="3.6882480">
    <ele>12.3</ele>
    <time>2025-05-13T08:09:47Z</time>
   </trkpt>
   <trkpt lat="43.3924690" lon="3.6882480">
    <ele>12.3</ele>
    <time>2025-05-13T08:09:48Z</time>
   </trkpt>
   <trkpt lat="43.3924690" lon="3.6882490">
    <ele>12.3</ele>
    <time>2025-05-13T08:09:49Z</time>
   </trkpt>
   <trkpt lat="43.3924690" lon="3.6882490">
    <ele>12.3</ele>
    <time>2025-05-13T08:09:50Z</time>
   </trkpt>
   <trkpt lat="43.3924690" lon="3.6882500">
    <ele>12.3</ele>
    <time>2025-05-13T08:09:51Z</time>
   </trkpt>
   <trkpt lat="43.3924690" lon="3.6882500">
    <ele>12.3</ele>
    <time>2025-05-13T08:09:52Z</time>
   </trkpt>
   <trkpt lat="43.3924690" lon="3.6882500">
    <ele>12.3</ele>
    <time>2025-05-13T08:09:53Z</time>
   </trkpt>
   <trkpt lat="43.3924690" lon="3.6882510">
    <ele>12.3</ele>
    <time>2025-05-13T08:09:54Z</time>
   </trkpt>
   <trkpt lat="43.3924690" lon="3.6882510">
    <ele>12.3</ele>
    <time>2025-05-13T08:09:55Z</time>
   </trkpt>
   <trkpt lat="43.3924690" lon="3.6882510">
    <ele>12.3</ele>
    <time>2025-05-13T08:09:56Z</time>
   </trkpt>
   <trkpt lat="43.3924690" lon="3.6882520">
    <ele>12.3</ele>
    <time>2025-05-13T08:09:57Z</time>
   </trkpt>
   <trkpt lat="43.3924690" lon="3.6882520">
    <ele>12.3</ele>
    <time>2025-05-13T08:09:58Z</time>
   </trkpt>
   <trkpt lat="43.3924690" lon="3.6882530">
    <ele>12.3</ele>
    <time>2025-05-13T08:09:59Z</time>
   </trkpt>
   <trkpt lat="43.3924690" lon="3.6882530">
    <ele>12.3</ele>
    <time>2025-05-13T08:10:00Z</time>
   </trkpt>
   <trkpt lat="43.3924690" lon="3.6882530">
    <ele>12.3</ele>
    <time>2025-05-13T08:10:01Z</time>
   </trkpt>
   <trkpt lat="43.3924690" lon="3.6882540">
    <ele>12.3</ele>
    <time>2025-05-13T08:10:02Z</time>
   </trkpt>
   <trkpt lat="43.3924690" lon="3.6882540">
    <ele>12.3</ele>
    <time>2025-05-13T08:10:03Z</time>
   </trkpt>
   <trkpt lat="43.3924690" lon="3.6882550">
    <ele>12.3</ele>
    <time>2025-05-13T08:10:04Z</time>
   </trkpt>
   <trkpt lat="43.3924690" lon="3.6882550">
    <ele>12.3</ele>
    <time>2025-05-13T08:10:05Z</time>
   </trkpt>
   <trkpt lat="43.3924690" lon="3.6882550">
    <ele>12.3</ele>
    <time>2025-05-13T08:10:06Z</time>
   </trkpt>
   <trkpt lat="43.3924690" lon="3.6882560">
    <ele>12.3</ele>
    <time>2025-05-13T08:10:07Z</time>
   </trkpt>
   <trkpt lat="43.3924690" lon="3.6882560">
    <ele>12.3</ele>
    <time>2025-05-13T08:10:08Z</time>
   </trkpt>
   <trkpt lat="43.3924690" lon="3.6882570">
    <ele>12.3</ele>
    <time>2025-05-13T08:10:09Z</time>
   </trkpt>
   <trkpt lat="43.3924690" lon="3.6882570">
    <ele>12.3</ele>
    <time>2025-05-13T08:10:10Z</time>
   </trkpt>
   <trkpt lat="43.3924690" lon="3.6882570">
    <ele>12.3</ele>
    <time>2025-05-13T08:10:11Z</time>
   </trkpt>
   <trkpt lat="43.3924690" lon="3.6882580">
    <ele>12.3</ele>
    <time>2025-05-13T08:10:12Z</time>
   </trkpt>
   <trkpt lat="43.3924690" lon="3.6882580">
    <ele>12.3</ele>
    <time>2025-05-13T08:10:13Z</time>
   </trkpt>
   <trkpt lat="43.3924690" lon="3.6882590">
    <ele>12.3</ele>
    <time>2025-05-13T08:10:14Z</time>
   </trkpt>
   <trkpt lat="43.3924690" lon="3.6882590">
    <ele>12.3</ele>
    <time>2025-05-13T08:10:15Z</time>
   </trkpt>
   <trkpt lat="43.3924690" lon="3.6882590">
    <ele>12.3</ele>
    <time>2025-05-13T08:10:16Z</time>
   </trkpt>
   <trkpt lat="43.3924690" lon="3.6882600">
    <ele>12.3</ele>
    <time>2025-05-13T08:10:17Z</time>
   </trkpt>
   <trkpt lat="43.3924690" lon="3.6882600">
    <ele>12.3</ele>
    <time>2025-05-13T08:10:18Z</time>
   </trkpt>
   <trkpt lat="43.3924690" lon="3.6882610">
    <ele>12.3</ele>
    <time>2025-05-13T08:10:19Z</time>
   </trkpt>
   <trkpt lat="43.3924690" lon="3.6882610">
    <ele>12.3</ele>
    <time>2025-05-13T08:10:20Z</time>
   </trkpt>
   <trkpt lat="43.3924690" lon="3.6882610">
    <ele>12.3</ele>
    <time>2025-05-13T08:10:21Z</time>
   </trkpt>
   <trkpt lat="43.3924690" lon="3.6882620">
    <ele>12.3</ele>
    <time>2025-05-13T08:10:22Z</time>
   </trkpt>
   <trkpt lat="43.3924690" lon="3.6882620">
    <ele>12.3</ele>
    <time>2025-05-13T08:10:23Z</time>
   </trkpt>
   <trkpt lat="43.3924690" lon="3.6882630">
    <ele>12.3</ele>
    <time>2025-05-13T08:10:24Z</time>
   </trkpt>
   <trkpt lat="43.3924690" lon="3.6882630">
    <ele>12.3</ele>
    <time>2025-05-13T08:10:25Z</time>
   </trkpt>
   <trkpt lat="43.3924690" lon="3.6882630">
    <ele>12.3</ele>
    <time>2025-05-13T08:10:26Z</time>
   </trkpt>
   <trkpt lat="43.3924690" lon="3.6882640">
    <ele>12.3</ele>
    <time>2025-05-13T08:10:27Z</time>
   </trkpt>
   <trkpt lat="43.3924690" lon="3.6882640">
    <ele>12.3</ele>
    <time>2025-05-13T08:10:28Z</time>
   </trkpt>
   <trkpt lat="43.3924690" lon="3.6882650">
    <ele>12.3</ele>
    <time>2025-05-13T08:10:29Z</time>
   </trkpt>
   <trkpt lat="43.3924690" lon="3.6882650">
    <ele>12.3</ele>
    <time>2025-05-13T08:10:30Z</time>
   </trkpt>
   <trkpt lat="43.3924690" lon="3.6882650">
    <ele>12.3</ele>
    <time>2025-05-13T08:10:31Z</time>
   </trkpt>
   <trkpt lat="43.3924690" lon="3.6882660">
    <ele>12.3</ele>
    <time>2025-05-13T08:10:32Z</time>
   </trkpt>
   <trkpt lat="43.3924690" lon="3.6882660">
    <ele>12.3</ele>
    <time>2025-05-13T08:10:33Z</time>
   </trkpt>
   <trkpt lat="43.3924690" lon="3.6882670">
    <ele>12.3</ele>
    <time>2025-05-13T08:10:34Z</time>
   </trkpt>
   <trkpt lat="43.3924690" lon="3.6882670">
    <ele>12.3</ele>
    <time>2025-05-13T08:10:35Z</time>
   </trkpt>
   <trkpt lat="43.3924690" lon="3.6882670">
    <ele>12.3</ele>
    <time>2025-05-13T08:10:36Z</time>
   </trkpt>
   <trkpt lat="43.3924690" lon="3.6882680">
    <ele>12.3</ele>
    <time>2025-05-13T08:10:37Z</time>
   </trkpt>
   <trkpt lat="43.3924690" lon="3.6882680">
    <ele>12.3</ele>
    <time>2025-05-13T08:10:38Z</time>
   </trkpt>
   <trkpt lat="43.3924690" lon="3.6882690">
    <ele>12.3</ele>
    <time>2025-05-13T08:10:39Z</time>
   </trkpt>
   <trkpt lat="43.3924690" lon="3.6882690">
    <ele>12.3</ele>
    <time>2025-05-13T08:10:40Z</time>
   </trkpt>
   <trkpt lat="43.3924690" lon="3.6882690">
    <ele>12.3</ele>
    <time>2025-05-13T08:10:41Z</time>
   </trkpt>
   <trkpt lat="43.3924690" lon="3.6882700">
    <ele>12.3</ele>
    <time>2025-05-13T08:10:42Z</time>
   </trkpt>
   <trkpt lat="43.3924690" lon="3.6882700">
    <ele>12.3</ele>
    <time>2025-05-13T08:10:43Z</time>
   </trkpt>
   <trkpt lat="43.3924690" lon="3.6882710">
    <ele>12.3</ele>
    <time>2025-05-13T08:10:44Z</time>
   </trkpt>
   <trkpt lat="43.3924690" lon="3.6882710">
    <ele>12.3</ele>
    <time>2025-05-13T08:10:45Z</time>
   </trkpt>
   <trkpt lat="43.3924690" lon="3.6882710">
    <ele>12.3</ele>
    <time>2025-05-13T08:10:46Z</time>
   </trkpt>
   <trkpt lat="43.3924690" lon="3.6882720">
    <ele>12.3</ele>
    <time>2025-05-13T08:10:47Z</time>
   </trkpt>
   <trkpt lat="43.3924690" lon="3.6882720">
    <ele>12.3</ele>
    <time>2025-05-13T08:10:48Z</time>
   </trkpt>
   <trkpt lat="43.3924690" lon="3.6882720">
    <ele>12.3</ele>
    <time>2025-05-13T08:10:49Z</time>
   </trkpt>
   <trkpt lat="43.3924690" lon="3.6882730">
    <ele>12.3</ele>
    <time>2025-05-13T08:10:50Z</time>
   </trkpt>
   <trkpt lat="43.3924690" lon="3.6882730">
    <ele>12.3</ele>
    <time>2025-05-13T08:10:51Z</time>
   </trkpt>
   <trkpt lat="43.3924690" lon="3.6882740">
    <ele>12.3</ele>
    <time>2025-05-13T08:10:52Z</time>
   </trkpt>
   <trkpt lat="43.3924690" lon="3.6882740">
    <ele>12.3</ele>
    <time>2025-05-13T08:10:53Z</time>
   </trkpt>
   <trkpt lat="43.3924690" lon="3.6882740">
    <ele>12.3</ele>
    <time>2025-05-13T08:10:54Z</time>
   </trkpt>
   <trkpt lat="43.3924690" lon="3.6882750">
    <ele>12.3</ele>
    <time>2025-05-13T08:10:55Z</time>
   </trkpt>
   <trkpt lat="43.3924690" lon="3.6882750">
    <ele>12.3</ele>
    <time>2025-05-13T08:10:56Z</time>
   </trkpt>
   <trkpt lat="43.3924690" lon="3.6882760">
    <ele>12.3</ele>
    <time>2025-05-13T08:10:57Z</time>
   </trkpt>
   <trkpt lat="43.3924690" lon="3.6882760">
    <ele>12.3</ele>
    <time>2025-05-13T08:10:58Z</time>
   </trkpt>
   <trkpt lat="43.3924690" lon="3.6882760">
    <ele>12.3</ele>
    <time>2025-05-13T08:10:59Z</time>
   </trkpt>
   <trkpt lat="43.3924690" lon="3.6882770">
    <ele>12.3</ele>
    <time>2025-05-13T08:11:00Z</time>
   </trkpt>
   <trkpt lat="43.3924690" lon="3.6882770">
    <ele>12.3</ele>
    <time>2025-05-13T08:11:01Z</time>
   </trkpt>
   <trkpt lat="43.3924690" lon="3.6882780">
    <ele>12.3</ele>
    <time>2025-05-13T08:11:02Z</time>
   </trkpt>
   <trkpt lat="43.3924690" lon="3.6882780">
    <ele>12.3</ele>
    <time>2025-05-13T08:11:03Z</time>
   </trkpt>
   <trkpt lat="43.3924690" lon="3.6882780">
    <ele>12.3</ele>
    <time>2025-05-13T08:11:04Z</time>
   </trkpt>
   <trkpt lat="43.3924690" lon="3.6882790">
    <ele>12.3</ele>
    <time>2025-05-13T08:11:05Z</time>
   </trkpt>
   <trkpt lat="43.3924690" lon="3.6882790">
    <ele>12.3</ele>
    <time>2025-05-13T08:11:06Z</time>
   </trkpt>
   <trkpt lat="43.3924690" lon="3.6882800">
    <ele>12.3</ele>
    <time>2025-05-13T08:11:07Z</time>
   </trkpt>
   <trkpt lat="43.3924690" lon="3.6882800">
    <ele>12.3</ele>
    <time>2025-05-13T08:11:08Z</time>
   </trkpt>
   <trkpt lat="43.3924690" lon="3.6882800">
    <ele>12.3</ele>
    <time>2025-05-13T08:11:09Z</time>
   </trkpt>
   <trkpt lat="43.3924690" lon="3.6882810">
    <ele>12.3</ele>
    <time>2025-05-13T08:11:10Z</time>
   </trkpt>
   <trkpt lat="43.3924690" lon="3.6882810">
    <ele>12.3</ele>
    <time>2025-05-13T08:11:11Z</time>
   </trkpt>
   <trkpt lat="43.3924690" lon="3.6882820">
    <ele>12.3</ele>
    <time>2025-05-13T08:11:12Z</time>
   </trkpt>
   <trkpt lat="43.3924690" lon="3.6882820">
    <ele>12.3</ele>
    <time>2025-05-13T08:11:13Z</time>
   </trkpt>
   <trkpt lat="43.3924690" lon="3.6882820">
    <ele>12.3</ele>
    <time>2025-05-13T08:11:14Z</time>
   </trkpt>
   <trkpt lat="43.3924690" lon="3.6882830">
    <ele>12.3</ele>
    <time>2025-05-13T08:11:15Z</time>
   </trkpt>
   <trkpt lat="43.3924690" lon="3.6882830">
    <ele>12.3</ele>
    <time>2025-05-13T08:11:16Z</time>
   </trkpt>
   <trkpt lat="43.3924690" lon="3.6882840">
    <ele>12.3</ele>
    <time>2025-05-13T08:11:17Z</time>
   </trkpt>
   <trkpt lat="43.3924690" lon="3.6882840">
    <ele>12.3</ele>
    <time>2025-05-13T08:11:18Z</time>
   </trkpt>
   <trkpt lat="43.3924690" lon="3.6882840">
    <ele>12.3</ele>
    <time>2025-05-13T08:11:19Z</time>
   </trkpt>
   <trkpt lat="43.3924690" lon="3.6882850">
    <ele>12.3</ele>
    <time>2025-05-13T08:11:20Z</time>
   </trkpt>
   <trkpt lat="43.3924690" lon="3.6882850">
    <ele>12.3</ele>
    <time>2025-05-13T08:11:21Z</time>
   </trkpt>
   <trkpt lat="43.3924690" lon="3.6882860">
    <ele>12.3</ele>
    <time>2025-05-13T08:11:22Z</time>
   </trkpt>
   <trkpt lat="43.3924690" lon="3.6882860">
    <ele>12.3</ele>
    <time>2025-05-13T08:11:23Z</time>
   </trkpt>
   <trkpt lat="43.3924690" lon="3.6882860">
    <ele>12.3</ele>
    <time>2025-05-13T08:11:24Z</time>
   </trkpt>
   <trkpt lat="43.3924690" lon="3.6882870">
    <ele>12.3</ele>
    <time>2025-05-13T08:11:25Z</time>
   </trkpt>
   <trkpt lat="43.3924690" lon="3.6882870">
    <ele>12.3</ele>
    <time>2025-05-13T08:11:26Z</time>
   </trkpt>
   <trkpt lat="43.3924690" lon="3.6882880">
    <ele>12.3</ele>
    <time>2025-05-13T08:11:27Z</time>
   </trkpt>
   <trkpt lat="43.3924690" lon="3.6882880">
    <ele>12.3</ele>
    <time>2025-05-13T08:11:28Z</time>
   </trkpt>
   <trkpt lat="43.3924690" lon="3.6882880">
    <ele>12.3</ele>
    <time>2025-05-13T08:11:29Z</time>
   </trkpt>
   <trkpt lat="43.3924690" lon="3.6882890">
    <ele>12.3</ele>
    <time>2025-05-13T08:11:30Z</time>
   </trkpt>
   <trkpt lat="43.3924690" lon="3.6882890">
    <ele>12.3</ele>
    <time>2025-05-13T08:11:31Z</time>
   </trkpt>
   <trkpt lat="43.3924690" lon="3.6882900">
    <ele>12.3</ele>
    <time>2025-05-13T08:11:32Z</time>
   </trkpt>
   <trkpt lat="43.3924690" lon="3.6882900">
    <ele>12.3</ele>
    <time>2025-05-13T08:11:33Z</time>
   </trkpt>
   <trkpt lat="43.3924690" lon="3.6882900">
    <ele>12.3</ele>
    <time>2025-05-13T08:11:34Z</time>
   </trkpt>
   <trkpt lat="43.3924690" lon="3.6882910">
    <ele>12.3</ele>
    <time>2025-05-13T08:11:35Z</time>
   </trkpt>
   <trkpt lat="43.3924690" lon="3.6882910">
    <ele>12.3</ele>
    <time>2025-05-13T08:11:36Z</time>
   </trkpt>
   <trkpt lat="43.3924690" lon="3.6882920">
    <ele>12.3</ele>
    <time>2025-05-13T08:11:37Z</time>
   </trkpt>
   <trkpt lat="43.3924690" lon="3.6882920">
    <ele>12.3</ele>
    <time>2025-05-13T08:11:38Z</time>
   </trkpt>
   <trkpt lat="43.3924690" lon="3.6882920">
    <ele>12.3</ele>
    <time>2025-05-13T08:11:39Z</time>
   </trkpt>
   <trkpt lat="43.3924700" lon="3.6882930">
    <ele>12.3</ele>
    <time>2025-05-13T08:11:40Z</time>
   </trkpt>
   <trkpt lat="43.3924700" lon="3.6882930">
    <ele>12.3</ele>
    <time>2025-05-13T08:11:41Z</time>
   </trkpt>
   <trkpt lat="43.3924700" lon="3.6882930">
    <ele>12.3</ele>
    <time>2025-05-13T08:11:42Z</time>
   </trkpt>
   <trkpt lat="43.3924700" lon="3.6882940">
    <ele>12.3</ele>
    <time>2025-05-13T08:11:43Z</time>
   </trkpt>
   <trkpt lat="43.3924700" lon="3.6882940">
    <ele>12.3</ele>
    <time>2025-05-13T08:11:44Z</time>
   </trkpt>
   <trkpt lat="43.3924700" lon="3.6882950">
    <ele>12.3</ele>
    <time>2025-05-13T08:11:45Z</time>
   </trkpt>
   <trkpt lat="43.3924700" lon="3.6882950">
    <ele>12.3</ele>
    <time>2025-05-13T08:11:46Z</time>
   </trkpt>
   <trkpt lat="43.3924700" lon="3.6882950">
    <ele>12.3</ele>
    <time>2025-05-13T08:11:47Z</time>
   </trkpt>
   <trkpt lat="43.3924700" lon="3.6882960">
    <ele>12.3</ele>
    <time>2025-05-13T08:11:48Z</time>
   </trkpt>
   <trkpt lat="43.3924700" lon="3.6882960">
    <ele>12.3</ele>
    <time>2025-05-13T08:11:49Z</time>
   </trkpt>
   <trkpt lat="43.3924700" lon="3.6882970">
    <ele>12.3</ele>
    <time>2025-05-13T08:11:50Z</time>
   </trkpt>
   <trkpt lat="43.3924700" lon="3.6882970">
    <ele>12.3</ele>
    <time>2025-05-13T08:11:51Z</time>
   </trkpt>
   <trkpt lat="43.3924700" lon="3.6882970">
    <ele>12.3</ele>
    <time>2025-05-13T08:11:52Z</time>
   </trkpt>
   <trkpt lat="43.3924700" lon="3.6882980">
    <ele>12.3</ele>
    <time>2025-05-13T08:11:53Z</time>
   </trkpt>
   <trkpt lat="43.3924700" lon="3.6882980">
    <ele>12.3</ele>
    <time>2025-05-13T08:11:54Z</time>
   </trkpt>
   <trkpt lat="43.3924700" lon="3.6882990">
    <ele>12.3</ele>
    <time>2025-05-13T08:11:55Z</time>
   </trkpt>
   <trkpt lat="43.3924700" lon="3.6882990">
    <ele>12.3</ele>
    <time>2025-05-13T08:11:56Z</time>
   </trkpt>
   <trkpt lat="43.3924700" lon="3.6882990">
    <ele>12.3</ele>
    <time>2025-05-13T08:11:57Z</time>
   </trkpt>
   <trkpt lat="43.3924700" lon="3.6883000">
    <ele>12.3</ele>
    <time>2025-05-13T08:11:58Z</time>
   </trkpt>
   <trkpt lat="43.3924700" lon="3.6883000">
    <ele>12.3</ele>
    <time>2025-05-13T08:11:59Z</time>
   </trkpt>
   <trkpt lat="43.3924700" lon="3.6883010">
    <ele>12.3</ele>
    <time>2025-05-13T08:12:00Z</time>
   </trkpt>
   <trkpt lat="43.3924700" lon="3.6883010">
    <ele>12.3</ele>
    <time>2025-05-13T08:12:01Z</time>
   </trkpt>
   <trkpt lat="43.3924700" lon="3.6883010">
    <ele>12.3</ele>
    <time>2025-05-13T08:12:02Z</time>
   </trkpt>
   <trkpt lat="43.3924700" lon="3.6883020">
    <ele>12.3</ele>
    <time>2025-05-13T08:12:03Z</time>
   </trkpt>
   <trkpt lat="43.3924700" lon="3.6883020">
    <ele>12.3</ele>
    <time>2025-05-13T08:12:04Z</time>
   </trkpt>
   <trkpt lat="43.3924700" lon="3.6883030">
    <ele>12.3</ele>
    <time>2025-05-13T08:12:05Z</time>
   </trkpt>
   <trkpt lat="43.3924700" lon="3.6883030">
    <ele>12.3</ele>
    <time>2025-05-13T08:12:06Z</time>
   </trkpt>
   <trkpt lat="43.3924700" lon="3.6883030">
    <ele>12.3</ele>
    <time>2025-05-13T08:12:07Z</time>
   </trkpt>
   <trkpt lat="43.3924700" lon="3.6883040">
    <ele>12.3</ele>
    <time>2025-05-13T08:12:08Z</time>
   </trkpt>
   <trkpt lat="43.3924700" lon="3.6883040">
    <ele>12.3</ele>
    <time>2025-05-13T08:12:09Z</time>
   </trkpt>
   <trkpt lat="43.3924700" lon="3.6883050">
    <ele>12.3</ele>
    <time>2025-05-13T08:12:10Z</time>
   </trkpt>
   <trkpt lat="43.3924700" lon="3.6883050">
    <ele>12.3</ele>
    <time>2025-05-13T08:12:11Z</time>
   </trkpt>
   <trkpt lat="43.3924700" lon="3.6883050">
    <ele>12.3</ele>
    <time>2025-05-13T08:12:12Z</time>
   </trkpt>
   <trkpt lat="43.3924700" lon="3.6883060">
    <ele>12.3</ele>
    <time>2025-05-13T08:12:13Z</time>
   </trkpt>
   <trkpt lat="43.3924700" lon="3.6883060">
    <ele>12.3</ele>
    <time>2025-05-13T08:12:14Z</time>
   </trkpt>
   <trkpt lat="43.3924700" lon="3.6883070">
    <ele>12.3</ele>
    <time>2025-05-13T08:12:15Z</time>
   </trkpt>
   <trkpt lat="43.3924700" lon="3.6883070">
    <ele>12.3</ele>
    <time>2025-05-13T08:12:16Z</time>
   </trkpt>
   <trkpt lat="43.3924700" lon="3.6883070">
    <ele>12.3</ele>
    <time>2025-05-13T08:12:17Z</time>
   </trkpt>
   <trkpt lat="43.3924700" lon="3.6883080">
    <ele>12.3</ele>
    <time>2025-05-13T08:12:18Z</time>
   </trkpt>
   <trkpt lat="43.3924700" lon="3.6883080">
    <ele>12.3</ele>
    <time>2025-05-13T08:12:19Z</time>
   </trkpt>
   <trkpt lat="43.3924700" lon="3.6883090">
    <ele>12.3</ele>
    <time>2025-05-13T08:12:20Z</time>
   </trkpt>
   <trkpt lat="43.3924700" lon="3.6883090">
    <ele>12.3</ele>
    <time>2025-05-13T08:12:21Z</time>
   </trkpt>
   <trkpt lat="43.3924700" lon="3.6883090">
    <ele>12.3</ele>
    <time>2025-05-13T08:12:22Z</time>
   </trkpt>
   <trkpt lat="43.3924700" lon="3.6883100">
    <ele>12.3</ele>
    <time>2025-05-13T08:12:23Z</time>
   </trkpt>
   <trkpt lat="43.3924700" lon="3.6883100">
    <ele>12.3</ele>
    <time>2025-05-13T08:12:24Z</time>
   </trkpt>
   <trkpt lat="43.3924700" lon="3.6883110">
    <ele>12.3</ele>
    <time>2025-05-13T08:12:25Z</time>
   </trkpt>
   <trkpt lat="43.3924700" lon="3.6883110">
    <ele>12.3</ele>
    <time>2025-05-13T08:12:26Z</time>
   </trkpt>
   <trkpt lat="43.3924700" lon="3.6883110">
    <ele>12.3</ele>
    <time>2025-05-13T08:12:27Z</time>
   </trkpt>
   <trkpt lat="43.3924700" lon="3.6883120">
    <ele>12.3</ele>
    <time>2025-05-13T08:12:28Z</time>
   </trkpt>
   <trkpt lat="43.3924700" lon="3.6883120">
    <ele>12.3</ele>
    <time>2025-05-13T08:12:29Z</time>
   </trkpt>
   <trkpt lat="43.3924700" lon="3.6883130">
    <ele>12.3</ele>
    <time>2025-05-13T08:12:30Z</time>
   </trkpt>
   <trkpt lat="43.3924700" lon="3.6883130">
    <ele>12.3</ele>
    <time>2025-05-13T08:12:31Z</time>
   </trkpt>
   <trkpt lat="43.3924700" lon="3.6883130">
    <ele>12.3</ele>
    <time>2025-05-13T08:12:32Z</time>
   </trkpt>
   <trkpt lat="43.3924700" lon="3.6883140">
    <ele>12.3</ele>
    <time>2025-05-13T08:12:33Z</time>
   </trkpt>
   <trkpt lat="43.3924700" lon="3.6883140">
    <ele>12.3</ele>
    <time>2025-05-13T08:12:34Z</time>
   </trkpt>
   <trkpt lat="43.3924700" lon="3.6883140">
    <ele>12.3</ele>
    <time>2025-05-13T08:12:35Z</time>
   </trkpt>
   <trkpt lat="43.3924700" lon="3.6883150">
    <ele>12.3</ele>
    <time>2025-05-13T08:12:36Z</time>
   </trkpt>
   <trkpt lat="43.3924700" lon="3.6883150">
    <ele>12.3</ele>
    <time>2025-05-13T08:12:37Z</time>
   </trkpt>
   <trkpt lat="43.3924700" lon="3.6883160">
    <ele>12.3</ele>
    <time>2025-05-13T08:12:38Z</time>
   </trkpt>
   <trkpt lat="43.3924700" lon="3.6883160">
    <ele>12.3</ele>
    <time>2025-05-13T08:12:39Z</time>
   </trkpt>
   <trkpt lat="43.3924700" lon="3.6883160">
    <ele>12.3</ele>
    <time>2025-05-13T08:12:40Z</time>
   </trkpt>
   <trkpt lat="43.3924700" lon="3.6883170">
    <ele>12.3</ele>
    <time>2025-05-13T08:12:41Z</time>
   </trkpt>
   <trkpt lat="43.3924700" lon="3.6883170">
    <ele>12.3</ele>
    <time>2025-05-13T08:12:42Z</time>
   </trkpt>
   <trkpt lat="43.3924700" lon="3.6883180">
    <ele>12.3</ele>
    <time>2025-05-13T08:12:43Z</time>
   </trkpt>
   <trkpt lat="43.3924700" lon="3.6883180">
    <ele>12.3</ele>
    <time>2025-05-13T08:12:44Z</time>
   </trkpt>
   <trkpt lat="43.3924700" lon="3.6883180">
    <ele>12.3</ele>
    <time>2025-05-13T08:12:45Z</time>
   </trkpt>
   <trkpt lat="43.3924700" lon="3.6883190">
    <ele>12.3</ele>
    <time>2025-05-13T08:12:46Z</time>
   </trkpt>
   <trkpt lat="43.3924700" lon="3.6883190">
    <ele>12.3</ele>
    <time>2025-05-13T08:12:47Z</time>
   </trkpt>
   <trkpt lat="43.3924700" lon="3.6883200">
    <ele>12.2</ele>
    <time>2025-05-13T08:12:48Z</time>
   </trkpt>
   <trkpt lat="43.3924700" lon="3.6883200">
    <ele>12.2</ele>
    <time>2025-05-13T08:12:49Z</time>
   </trkpt>
   <trkpt lat="43.3924700" lon="3.6883200">
    <ele>12.2</ele>
    <time>2025-05-13T08:12:50Z</time>
   </trkpt>
   <trkpt lat="43.3924700" lon="3.6883210">
    <ele>12.2</ele>
    <time>2025-05-13T08:12:51Z</time>
   </trkpt>
   <trkpt lat="43.3924700" lon="3.6883210">
    <ele>12.2</ele>
    <time>2025-05-13T08:12:52Z</time>
   </trkpt>
   <trkpt lat="43.3924700" lon="3.6883220">
    <ele>12.2</ele>
    <time>2025-05-13T08:12:53Z</time>
   </trkpt>
   <trkpt lat="43.3924700" lon="3.6883220">
    <ele>12.2</ele>
    <time>2025-05-13T08:12:54Z</time>
   </trkpt>
   <trkpt lat="43.3924700" lon="3.6883220">
    <ele>12.2</ele>
    <time>2025-05-13T08:12:55Z</time>
   </trkpt>
   <trkpt lat="43.3924700" lon="3.6883230">
    <ele>12.2</ele>
    <time>2025-05-13T08:12:56Z</time>
   </trkpt>
   <trkpt lat="43.3924700" lon="3.6883230">
    <ele>12.2</ele>
    <time>2025-05-13T08:12:57Z</time>
   </trkpt>
   <trkpt lat="43.3924700" lon="3.6883240">
    <ele>12.2</ele>
    <time>2025-05-13T08:12:58Z</time>
   </trkpt>
   <trkpt lat="43.3924700" lon="3.6883240">
    <ele>12.2</ele>
    <time>2025-05-13T08:12:59Z</time>
   </trkpt>
   <trkpt lat="43.3924700" lon="3.6883240">
    <ele>12.2</ele>
    <time>2025-05-13T08:13:00Z</time>
   </trkpt>
   <trkpt lat="43.3924700" lon="3.6883250">
    <ele>12.2</ele>
    <time>2025-05-13T08:13:01Z</time>
   </trkpt>
   <trkpt lat="43.3924700" lon="3.6883250">
    <ele>12.2</ele>
    <time>2025-05-13T08:13:02Z</time>
   </trkpt>
   <trkpt lat="43.3924700" lon="3.6883260">
    <ele>12.2</ele>
    <time>2025-05-13T08:13:03Z</time>
   </trkpt>
   <trkpt lat="43.3924700" lon="3.6883260">
    <ele>12.2</ele>
    <time>2025-05-13T08:13:04Z</time>
   </trkpt>
   <trkpt lat="43.3924700" lon="3.6883260">
    <ele>12.2</ele>
    <time>2025-05-13T08:13:05Z</time>
   </trkpt>
   <trkpt lat="43.3924700" lon="3.6883270">
    <ele>12.2</ele>
    <time>2025-05-13T08:13:06Z</time>
   </trkpt>
   <trkpt lat="43.3924700" lon="3.6883270">
    <ele>12.2</ele>
    <time>2025-05-13T08:13:07Z</time>
   </trkpt>
   <trkpt lat="43.3924700" lon="3.6883280">
    <ele>12.2</ele>
    <time>2025-05-13T08:13:08Z</time>
   </trkpt>
   <trkpt lat="43.3924700" lon="3.6883280">
    <ele>12.2</ele>
    <time>2025-05-13T08:13:09Z</time>
   </trkpt>
   <trkpt lat="43.3924700" lon="3.6883280">
    <ele>12.2</ele>
    <time>2025-05-13T08:13:10Z</time>
   </trkpt>
   <trkpt lat="43.3924700" lon="3.6883290">
    <ele>12.2</ele>
    <time>2025-05-13T08:13:11Z</time>
   </trkpt>
   <trkpt lat="43.3924700" lon="3.6883290">
    <ele>12.2</ele>
    <time>2025-05-13T08:13:12Z</time>
   </trkpt>
   <trkpt lat="43.3924700" lon="3.6883300">
    <ele>12.2</ele>
    <time>2025-05-13T08:13:13Z</time>
   </trkpt>
   <trkpt lat="43.3924700" lon="3.6883300">
    <ele>12.2</ele>
    <time>2025-05-13T08:13:14Z</time>
   </trkpt>
   <trkpt lat="43.3924700" lon="3.6883300">
    <ele>12.2</ele>
    <time>2025-05-13T08:13:15Z</time>
   </trkpt>
   <trkpt lat="43.3924700" lon="3.6883310">
    <ele>12.2</ele>
    <time>2025-05-13T08:13:16Z</time>
   </trkpt>
   <trkpt lat="43.3924700" lon="3.6883310">
    <ele>12.2</ele>
    <time>2025-05-13T08:13:17Z</time>
   </trkpt>
   <trkpt lat="43.3924700" lon="3.6883320">
    <ele>12.2</ele>
    <time>2025-05-13T08:13:18Z</time>
   </trkpt>
   <trkpt lat="43.3924700" lon="3.6883320">
    <ele>12.2</ele>
    <time>2025-05-13T08:13:19Z</time>
   </trkpt>
   <trkpt lat="43.3924700" lon="3.6883320">
    <ele>12.2</ele>
    <time>2025-05-13T08:13:20Z</time>
   </trkpt>
   <trkpt lat="43.3924700" lon="3.6883330">
    <ele>12.2</ele>
    <time>2025-05-13T08:13:21Z</time>
   </trkpt>
   <trkpt lat="43.3924700" lon="3.6883330">
    <ele>12.2</ele>
    <time>2025-05-13T08:13:22Z</time>
   </trkpt>
   <trkpt lat="43.3924700" lon="3.6883340">
    <ele>12.2</ele>
    <time>2025-05-13T08:13:23Z</time>
   </trkpt>
   <trkpt lat="43.3924700" lon="3.6883340">
    <ele>12.2</ele>
    <time>2025-05-13T08:13:24Z</time>
   </trkpt>
   <trkpt lat="43.3924700" lon="3.6883340">
    <ele>12.2</ele>
    <time>2025-05-13T08:13:25Z</time>
   </trkpt>
   <trkpt lat="43.3924700" lon="3.6883350">
    <ele>12.2</ele>
    <time>2025-05-13T08:13:26Z</time>
   </trkpt>
   <trkpt lat="43.3924700" lon="3.6883350">
    <ele>12.2</ele>
    <time>2025-05-13T08:13:27Z</time>
   </trkpt>
   <trkpt lat="43.3924700" lon="3.6883350">
    <ele>12.2</ele>
    <time>2025-05-13T08:13:28Z</time>
   </trkpt>
   <trkpt lat="43.3924700" lon="3.6883360">
    <ele>12.2</ele>
    <time>2025-05-13T08:13:29Z</time>
   </trkpt>
   <trkpt lat="43.3924700" lon="3.6883360">
    <ele>12.2</ele>
    <time>2025-05-13T08:13:30Z</time>
   </trkpt>
   <trkpt lat="43.3924700" lon="3.6883370">
    <ele>12.2</ele>
    <time>2025-05-13T08:13:31Z</time>
   </trkpt>
   <trkpt lat="43.3924700" lon="3.6883370">
    <ele>12.2</ele>
    <time>2025-05-13T08:13:32Z</time>
   </trkpt>
   <trkpt lat="43.3924700" lon="3.6883370">
    <ele>12.2</ele>
    <time>2025-05-13T08:13:33Z</time>
   </trkpt>
   <trkpt lat="43.3924700" lon="3.6883380">
    <ele>12.2</ele>
    <time>2025-05-13T08:13:34Z</time>
   </trkpt>
   <trkpt lat="43.3924700" lon="3.6883380">
    <ele>12.2</ele>
    <time>2025-05-13T08:13:35Z</time>
   </trkpt>
   <trkpt lat="43.3924700" lon="3.6883390">
    <ele>12.2</ele>
    <time>2025-05-13T08:13:36Z</time>
   </trkpt>
   <trkpt lat="43.3924700" lon="3.6883390">
    <ele>12.2</ele>
    <time>2025-05-13T08:13:37Z</time>
   </trkpt>
   <trkpt lat="43.3924700" lon="3.6883390">
    <ele>12.2</ele>
    <time>2025-05-13T08:13:38Z</time>
   </trkpt>
   <trkpt lat="43.3924700" lon="3.6883400">
    <ele>12.2</ele>
    <time>2025-05-13T08:13:39Z</time>
   </trkpt>
   <trkpt lat="43.3924700" lon="3.6883400">
    <ele>12.2</ele>
    <time>2025-05-13T08:13:40Z</time>
   </trkpt>
   <trkpt lat="43.3924700" lon="3.6883410">
    <ele>12.2</ele>
    <time>2025-05-13T08:13:41Z</time>
   </trkpt>
   <trkpt lat="43.3924700" lon="3.6883410">
    <ele>12.2</ele>
    <time>2025-05-13T08:13:42Z</time>
   </trkpt>
   <trkpt lat="43.3924700" lon="3.6883410">
    <ele>12.2</ele>
    <time>2025-05-13T08:13:43Z</time>
   </trkpt>
   <trkpt lat="43.3924700" lon="3.6883420">
    <ele>12.2</ele>
    <time>2025-05-13T08:13:44Z</time>
   </trkpt>
   <trkpt lat="43.3924700" lon="3.6883420">
    <ele>12.2</ele>
    <time>2025-05-13T08:13:45Z</time>
   </trkpt>
   <trkpt lat="43.3924700" lon="3.6883430">
    <ele>12.2</ele>
    <time>2025-05-13T08:13:46Z</time>
   </trkpt>
   <trkpt lat="43.3924700" lon="3.6883430">
    <ele>12.2</ele>
    <time>2025-05-13T08:13:47Z</time>
   </trkpt>
   <trkpt lat="43.3924700" lon="3.6883430">
    <ele>12.2</ele>
    <time>2025-05-13T08:13:48Z</time>
   </trkpt>
   <trkpt lat="43.3924700" lon="3.6883440">
    <ele>12.2</ele>
    <time>2025-05-13T08:13:49Z</time>
   </trkpt>
   <trkpt lat="43.3924700" lon="3.6883440">
    <ele>12.2</ele>
    <time>2025-05-13T08:13:50Z</time>
   </trkpt>
   <trkpt lat="43.3924700" lon="3.6883450">
    <ele>12.2</ele>
    <time>2025-05-13T08:13:51Z</time>
   </trkpt>
   <trkpt lat="43.3924700" lon="3.6883450">
    <ele>12.2</ele>
    <time>2025-05-13T08:13:52Z</time>
   </trkpt>
   <trkpt lat="43.3924730" lon="3.6883740">
    <ele>12.2</ele>
    <time>2025-05-13T08:13:53Z</time>
   </trkpt>
   <trkpt lat="43.3924750" lon="3.6883830">
    <ele>12.2</ele>
    <time>2025-05-13T08:13:54Z</time>
   </trkpt>
   <trkpt lat="43.3924760" lon="3.6883920">
    <ele>12.2</ele>
    <time>2025-05-13T08:13:55Z</time>
   </trkpt>
   <trkpt lat="43.3924770" lon="3.6884010">
    <ele>12.2</ele>
    <time>2025-05-13T08:13:56Z</time>
   </trkpt>
   <trkpt lat="43.3924790" lon="3.6884100">
    <ele>12.2</ele>
    <time>2025-05-13T08:13:57Z</time>
   </trkpt>
   <trkpt lat="43.3924800" lon="3.6884190">
    <ele>12.2</ele>
    <time>2025-05-13T08:13:58Z</time>
   </trkpt>
   <trkpt lat="43.3924780" lon="3.6884700">
    <ele>12.1</ele>
    <time>2025-05-13T08:13:59Z</time>
   </trkpt>
   <trkpt lat="43.3924770" lon="3.6884840">
    <ele>12.1</ele>
    <time>2025-05-13T08:14:00Z</time>
   </trkpt>
   <trkpt lat="43.3924750" lon="3.6885350">
    <ele>12.1</ele>
    <time>2025-05-13T08:14:01Z</time>
   </trkpt>
   <trkpt lat="43.3924730" lon="3.6885810">
    <ele>12.1</ele>
    <time>2025-05-13T08:14:02Z</time>
   </trkpt>
   <trkpt lat="43.3924700" lon="3.6886310">
    <ele>12.0</ele>
    <time>2025-05-13T08:14:03Z</time>
   </trkpt>
   <trkpt lat="43.3924660" lon="3.6886800">
    <ele>12.0</ele>
    <time>2025-05-13T08:14:04Z</time>
   </trkpt>
   <trkpt lat="43.3924620" lon="3.6887320">
    <ele>12.0</ele>
    <time>2025-05-13T08:14:05Z</time>
   </trkpt>
   <trkpt lat="43.3924600" lon="3.6887830">
    <ele>12.0</ele>
    <time>2025-05-13T08:14:06Z</time>
   </trkpt>
   <trkpt lat="43.3924560" lon="3.6888410">
    <ele>11.9</ele>
    <time>2025-05-13T08:14:07Z</time>
   </trkpt>
   <trkpt lat="43.3924510" lon="3.6888980">
    <ele>11.9</ele>
    <time>2025-05-13T08:14:08Z</time>
   </trkpt>
   <trkpt lat="43.3924480" lon="3.6889580">
    <ele>11.8</ele>
    <time>2025-05-13T08:14:09Z</time>
   </trkpt>
   <trkpt lat="43.3924460" lon="3.6890210">
    <ele>11.8</ele>
    <time>2025-05-13T08:14:10Z</time>
   </trkpt>
   <trkpt lat="43.3924420" lon="3.6890820">
    <ele>11.8</ele>
    <time>2025-05-13T08:14:11Z</time>
   </trkpt>
   <trkpt lat="43.3924400" lon="3.6891450">
    <ele>11.7</ele>
    <time>2025-05-13T08:14:12Z</time>
   </trkpt>
   <trkpt lat="43.3924370" lon="3.6892070">
    <ele>11.7</ele>
    <time>2025-05-13T08:14:13Z</time>
   </trkpt>
   <trkpt lat="43.3924350" lon="3.6892670">
    <ele>11.7</ele>
    <time>2025-05-13T08:14:14Z</time>
   </trkpt>
   <trkpt lat="43.3924320" lon="3.6893300">
    <ele>11.7</ele>
    <time>2025-05-13T08:14:15Z</time>
   </trkpt>
   <trkpt lat="43.3924300" lon="3.6893920">
    <ele>11.6</ele>
    <time>2025-05-13T08:14:16Z</time>
   </trkpt>
   <trkpt lat="43.3924280" lon="3.6894530">
    <ele>11.6</ele>
    <time>2025-05-13T08:14:17Z</time>
   </trkpt>
   <trkpt lat="43.3924270" lon="3.6895180">
    <ele>11.6</ele>
    <time>2025-05-13T08:14:18Z</time>
   </trkpt>
   <trkpt lat="43.3924240" lon="3.6895790">
    <ele>11.5</ele>
    <time>2025-05-13T08:14:19Z</time>
   </trkpt>
   <trkpt lat="43.3924200" lon="3.6896330">
    <ele>11.5</ele>
    <time>2025-05-13T08:14:20Z</time>
   </trkpt>
   <trkpt lat="43.3924170" lon="3.6896870">
    <ele>11.5</ele>
    <time>2025-05-13T08:14:21Z</time>
   </trkpt>
   <trkpt lat="43.3924140" lon="3.6897350">
    <ele>11.5</ele>
    <time>2025-05-13T08:14:22Z</time>
   </trkpt>
   <trkpt lat="43.3924110" lon="3.6897980">
    <ele>11.4</ele>
    <time>2025-05-13T08:14:23Z</time>
   </trkpt>
   <trkpt lat="43.3924050" lon="3.6898600">
    <ele>11.4</ele>
    <time>2025-05-13T08:14:24Z</time>
   </trkpt>
   <trkpt lat="43.3923970" lon="3.6899160">
    <ele>11.4</ele>
    <time>2025-05-13T08:14:25Z</time>
   </trkpt>
   <trkpt lat="43.3923830" lon="3.6899640">
    <ele>11.4</ele>
    <time>2025-05-13T08:14:26Z</time>
   </trkpt>
   <trkpt lat="43.3923720" lon="3.6900010">
    <ele>11.4</ele>
    <time>2025-05-13T08:14:27Z</time>
   </trkpt>
   <trkpt lat="43.3923660" lon="3.6900220">
    <ele>11.4</ele>
    <time>2025-05-13T08:14:28Z</time>
   </trkpt>
   <trkpt lat="43.3923660" lon="3.6900350">
    <ele>11.4</ele>
    <time>2025-05-13T08:14:29Z</time>
   </trkpt>
   <trkpt lat="43.3923670" lon="3.6900390">
    <ele>11.4</ele>
    <time>2025-05-13T08:14:30Z</time>
   </trkpt>
   <trkpt lat="43.3923680" lon="3.6900400">
    <ele>11.4</ele>
    <time>2025-05-13T08:14:31Z</time>
   </trkpt>
   <trkpt lat="43.3923680" lon="3.6900400">
    <ele>11.4</ele>
    <time>2025-05-13T08:14:32Z</time>
   </trkpt>
   <trkpt lat="43.3923680" lon="3.6900400">
    <ele>11.4</ele>
    <time>2025-05-13T08:14:33Z</time>
   </trkpt>
   <trkpt lat="43.3923680" lon="3.6900400">
    <ele>11.4</ele>
    <time>2025-05-13T08:14:34Z</time>
   </trkpt>
   <trkpt lat="43.3923680" lon="3.6900400">
    <ele>11.4</ele>
    <time>2025-05-13T08:14:35Z</time>
   </trkpt>
   <trkpt lat="43.3923680" lon="3.6900400">
    <ele>11.4</ele>
    <time>2025-05-13T08:14:36Z</time>
   </trkpt>
   <trkpt lat="43.3923680" lon="3.6900400">
    <ele>11.4</ele>
    <time>2025-05-13T08:14:37Z</time>
   </trkpt>
   <trkpt lat="43.3923680" lon="3.6900400">
    <ele>11.4</ele>
    <time>2025-05-13T08:14:38Z</time>
   </trkpt>
   <trkpt lat="43.3923680" lon="3.6900400">
    <ele>11.4</ele>
    <time>2025-05-13T08:14:39Z</time>
   </trkpt>
   <trkpt lat="43.3923680" lon="3.6900400">
    <ele>11.4</ele>
    <time>2025-05-13T08:14:40Z</time>
   </trkpt>
   <trkpt lat="43.3923680" lon="3.6900400">
    <ele>11.4</ele>
    <time>2025-05-13T08:14:41Z</time>
   </trkpt>
   <trkpt lat="43.3923680" lon="3.6900400">
    <ele>11.4</ele>
    <time>2025-05-13T08:14:42Z</time>
   </trkpt>
   <trkpt lat="43.3923680" lon="3.6900400">
    <ele>11.4</ele>
    <time>2025-05-13T08:14:43Z</time>
   </trkpt>
   <trkpt lat="43.3923680" lon="3.6900400">
    <ele>11.4</ele>
    <time>2025-05-13T08:14:44Z</time>
   </trkpt>
   <trkpt lat="43.3923680" lon="3.6900400">
    <ele>11.4</ele>
    <time>2025-05-13T08:14:45Z</time>
   </trkpt>
   <trkpt lat="43.3923680" lon="3.6900400">
    <ele>11.4</ele>
    <time>2025-05-13T08:14:46Z</time>
   </trkpt>
   <trkpt lat="43.3923680" lon="3.6900400">
    <ele>11.4</ele>
    <time>2025-05-13T08:14:47Z</time>
   </trkpt>
   <trkpt lat="43.3923680" lon="3.6900400">
    <ele>11.4</ele>
    <time>2025-05-13T08:14:48Z</time>
   </trkpt>
   <trkpt lat="43.3923680" lon="3.6900400">
    <ele>11.4</ele>
    <time>2025-05-13T08:14:49Z</time>
   </trkpt>
   <trkpt lat="43.3923680" lon="3.6900400">
    <ele>11.4</ele>
    <time>2025-05-13T08:14:50Z</time>
   </trkpt>
   <trkpt lat="43.3923680" lon="3.6900400">
    <ele>11.4</ele>
    <time>2025-05-13T08:14:51Z</time>
   </trkpt>
   <trkpt lat="43.3923680" lon="3.6900400">
    <ele>11.4</ele>
    <time>2025-05-13T08:14:52Z</time>
   </trkpt>
   <trkpt lat="43.3923680" lon="3.6900400">
    <ele>11.4</ele>
    <time>2025-05-13T08:14:53Z</time>
   </trkpt>
   <trkpt lat="43.3923680" lon="3.6900400">
    <ele>11.4</ele>
    <time>2025-05-13T08:14:54Z</time>
   </trkpt>
   <trkpt lat="43.3923680" lon="3.6900400">
    <ele>11.4</ele>
    <time>2025-05-13T08:14:55Z</time>
   </trkpt>
   <trkpt lat="43.3923680" lon="3.6900400">
    <ele>11.4</ele>
    <time>2025-05-13T08:14:56Z</time>
   </trkpt>
   <trkpt lat="43.3923680" lon="3.6900400">
    <ele>11.4</ele>
    <time>2025-05-13T08:14:57Z</time>
   </trkpt>
   <trkpt lat="43.3923680" lon="3.6900400">
    <ele>11.4</ele>
    <time>2025-05-13T08:14:58Z</time>
   </trkpt>
   <trkpt lat="43.3923680" lon="3.6900400">
    <ele>11.4</ele>
    <time>2025-05-13T08:14:59Z</time>
   </trkpt>
   <trkpt lat="43.3923680" lon="3.6900400">
    <ele>11.4</ele>
    <time>2025-05-13T08:15:00Z</time>
   </trkpt>
   <trkpt lat="43.3923680" lon="3.6900400">
    <ele>11.4</ele>
    <time>2025-05-13T08:15:01Z</time>
   </trkpt>
   <trkpt lat="43.3923680" lon="3.6900400">
    <ele>11.4</ele>
    <time>2025-05-13T08:15:02Z</time>
   </trkpt>
   <trkpt lat="43.3923680" lon="3.6900400">
    <ele>11.4</ele>
    <time>2025-05-13T08:15:03Z</time>
   </trkpt>
   <trkpt lat="43.3923680" lon="3.6900400">
    <ele>11.4</ele>
    <time>2025-05-13T08:15:04Z</time>
   </trkpt>
   <trkpt lat="43.3923680" lon="3.6900400">
    <ele>11.4</ele>
    <time>2025-05-13T08:15:05Z</time>
   </trkpt>
   <trkpt lat="43.3923680" lon="3.6900400">
    <ele>11.4</ele>
    <time>2025-05-13T08:15:06Z</time>
   </trkpt>
   <trkpt lat="43.3923680" lon="3.6900400">
    <ele>11.4</ele>
    <time>2025-05-13T08:15:07Z</time>
   </trkpt>
   <trkpt lat="43.3923680" lon="3.6900400">
    <ele>11.4</ele>
    <time>2025-05-13T08:15:08Z</time>
   </trkpt>
   <trkpt lat="43.3923680" lon="3.6900400">
    <ele>11.4</ele>
    <time>2025-05-13T08:15:09Z</time>
   </trkpt>
   <trkpt lat="43.3923680" lon="3.6900400">
    <ele>11.4</ele>
    <time>2025-05-13T08:15:10Z</time>
   </trkpt>
   <trkpt lat="43.3923680" lon="3.6900400">
    <ele>11.4</ele>
    <time>2025-05-13T08:15:11Z</time>
   </trkpt>
   <trkpt lat="43.3923680" lon="3.6900400">
    <ele>11.4</ele>
    <time>2025-05-13T08:15:12Z</time>
   </trkpt>
   <trkpt lat="43.3923680" lon="3.6900400">
    <ele>11.4</ele>
    <time>2025-05-13T08:15:13Z</time>
   </trkpt>
   <trkpt lat="43.3923680" lon="3.6900400">
    <ele>11.4</ele>
    <time>2025-05-13T08:15:14Z</time>
   </trkpt>
   <trkpt lat="43.3923680" lon="3.6900400">
    <ele>11.4</ele>
    <time>2025-05-13T08:15:15Z</time>
   </trkpt>
   <trkpt lat="43.3923680" lon="3.6900400">
    <ele>11.4</ele>
    <time>2025-05-13T08:15:16Z</time>
   </trkpt>
   <trkpt lat="43.3923680" lon="3.6900400">
    <ele>11.4</ele>
    <time>2025-05-13T08:15:17Z</time>
   </trkpt>
   <trkpt lat="43.3923680" lon="3.6900400">
    <ele>11.4</ele>
    <time>2025-05-13T08:15:18Z</time>
   </trkpt>
   <trkpt lat="43.3923680" lon="3.6900400">
    <ele>11.4</ele>
    <time>2025-05-13T08:15:19Z</time>
   </trkpt>
   <trkpt lat="43.3923680" lon="3.6900400">
    <ele>11.4</ele>
    <time>2025-05-13T08:15:20Z</time>
   </trkpt>
   <trkpt lat="43.3923680" lon="3.6900400">
    <ele>11.4</ele>
    <time>2025-05-13T08:15:21Z</time>
   </trkpt>
   <trkpt lat="43.3923680" lon="3.6900400">
    <ele>11.4</ele>
    <time>2025-05-13T08:15:22Z</time>
   </trkpt>
   <trkpt lat="43.3923680" lon="3.6900400">
    <ele>11.4</ele>
    <time>2025-05-13T08:15:23Z</time>
   </trkpt>
   <trkpt lat="43.3923680" lon="3.6900400">
    <ele>11.4</ele>
    <time>2025-05-13T08:15:24Z</time>
   </trkpt>
   <trkpt lat="43.3923680" lon="3.6900400">
    <ele>11.4</ele>
    <time>2025-05-13T08:15:25Z</time>
   </trkpt>
   <trkpt lat="43.3923680" lon="3.6900400">
    <ele>11.4</ele>
    <time>2025-05-13T08:15:26Z</time>
   </trkpt>
   <trkpt lat="43.3923680" lon="3.6900400">
    <ele>11.4</ele>
    <time>2025-05-13T08:15:27Z</time>
   </trkpt>
   <trkpt lat="43.3923680" lon="3.6900400">
    <ele>11.4</ele>
    <time>2025-05-13T08:15:28Z</time>
   </trkpt>
   <trkpt lat="43.3923680" lon="3.6900400">
    <ele>11.4</ele>
    <time>2025-05-13T08:15:29Z</time>
   </trkpt>
   <trkpt lat="43.3923680" lon="3.6900400">
    <ele>11.4</ele>
    <time>2025-05-13T08:15:30Z</time>
   </trkpt>
   <trkpt lat="43.3923680" lon="3.6900400">
    <ele>11.4</ele>
    <time>2025-05-13T08:15:31Z</time>
   </trkpt>
   <trkpt lat="43.3923680" lon="3.6900400">
    <ele>11.4</ele>
    <time>2025-05-13T08:15:32Z</time>
   </trkpt>
   <trkpt lat="43.3923680" lon="3.6900400">
    <ele>11.4</ele>
    <time>2025-05-13T08:15:33Z</time>
   </trkpt>
   <trkpt lat="43.3923680" lon="3.6900400">
    <ele>11.4</ele>
    <time>2025-05-13T08:15:34Z</time>
   </trkpt>
   <trkpt lat="43.3923680" lon="3.6900400">
    <ele>11.4</ele>
    <time>2025-05-13T08:15:35Z</time>
   </trkpt>
   <trkpt lat="43.3923680" lon="3.6900400">
    <ele>11.4</ele>
    <time>2025-05-13T08:15:36Z</time>
   </trkpt>
   <trkpt lat="43.3923680" lon="3.6900400">
    <ele>11.4</ele>
    <time>2025-05-13T08:15:37Z</time>
   </trkpt>
   <trkpt lat="43.3923770" lon="3.6900880">
    <ele>11.4</ele>
    <time>2025-05-13T08:15:38Z</time>
   </trkpt>
   <trkpt lat="43.3923830" lon="3.6901260">
    <ele>11.4</ele>
    <time>2025-05-13T08:15:39Z</time>
   </trkpt>
   <trkpt lat="43.3923920" lon="3.6901830">
    <ele>11.4</ele>
    <time>2025-05-13T08:15:40Z</time>
   </trkpt>
   <trkpt lat="43.3923960" lon="3.6902050">
    <ele>11.4</ele>
    <time>2025-05-13T08:15:41Z</time>
   </trkpt>
   <trkpt lat="43.3924050" lon="3.6902530">
    <ele>11.3</ele>
    <time>2025-05-13T08:15:42Z</time>
   </trkpt>
   <trkpt lat="43.3924150" lon="3.6903060">
    <ele>11.3</ele>
    <time>2025-05-13T08:15:43Z</time>
   </trkpt>
   <trkpt lat="43.3924260" lon="3.6903630">
    <ele>11.3</ele>
    <time>2025-05-13T08:15:44Z</time>
   </trkpt>
   <trkpt lat="43.3924400" lon="3.6904210">
    <ele>11.3</ele>
    <time>2025-05-13T08:15:45Z</time>
   </trkpt>
   <trkpt lat="43.3924530" lon="3.6904840">
    <ele>11.2</ele>
    <time>2025-05-13T08:15:46Z</time>
   </trkpt>
   <trkpt lat="43.3924700" lon="3.6905510">
    <ele>11.2</ele>
    <time>2025-05-13T08:15:47Z</time>
   </trkpt>
   <trkpt lat="43.3924830" lon="3.6906200">
    <ele>11.2</ele>
    <time>2025-05-13T08:15:48Z</time>
   </trkpt>
   <trkpt lat="43.3925010" lon="3.6906870">
    <ele>11.1</ele>
    <time>2025-05-13T08:15:49Z</time>
   </trkpt>
   <trkpt lat="43.3925200" lon="3.6907580">
    <ele>11.1</ele>
    <time>2025-05-13T08:15:50Z</time>
   </trkpt>
   <trkpt lat="43.3925400" lon="3.6908310">
    <ele>11.0</ele>
    <time>2025-05-13T08:15:51Z</time>
   </trkpt>
   <trkpt lat="43.3925600" lon="3.6909030">
    <ele>11.0</ele>
    <time>2025-05-13T08:15:52Z</time>
   </trkpt>
   <trkpt lat="43.3925810" lon="3.6909730">
    <ele>11.0</ele>
    <time>2025-05-13T08:15:53Z</time>
   </trkpt>
   <trkpt lat="43.3926040" lon="3.6910370">
    <ele>11.0</ele>
    <time>2025-05-13T08:15:54Z</time>
   </trkpt>
   <trkpt lat="43.3926270" lon="3.6911020">
    <ele>10.9</ele>
    <time>2025-05-13T08:15:55Z</time>
   </trkpt>
   <trkpt lat="43.3926500" lon="3.6911620">
    <ele>10.9</ele>
    <time>2025-05-13T08:15:56Z</time>
   </trkpt>
   <trkpt lat="43.3926760" lon="3.6912140">
    <ele>10.9</ele>
    <time>2025-05-13T08:15:57Z</time>
   </trkpt>
   <trkpt lat="43.3927060" lon="3.6912660">
    <ele>10.9</ele>
    <time>2025-05-13T08:15:58Z</time>
   </trkpt>
   <trkpt lat="43.3927380" lon="3.6913110">
    <ele>10.9</ele>
    <time>2025-05-13T08:15:59Z</time>
   </trkpt>
   <trkpt lat="43.3927670" lon="3.6913550">
    <ele>10.9</ele>
    <time>2025-05-13T08:16:00Z</time>
   </trkpt>
   <trkpt lat="43.3927950" lon="3.6913980">
    <ele>10.9</ele>
    <time>2025-05-13T08:16:01Z</time>
   </trkpt>
   <trkpt lat="43.3928240" lon="3.6914390">
    <ele>10.9</ele>
    <time>2025-05-13T08:16:02Z</time>
   </trkpt>
   <trkpt lat="43.3928530" lon="3.6914830">
    <ele>10.9</ele>
    <time>2025-05-13T08:16:03Z</time>
   </trkpt>
   <trkpt lat="43.3928780" lon="3.6915280">
    <ele>10.9</ele>
    <time>2025-05-13T08:16:04Z</time>
   </trkpt>
   <trkpt lat="43.3929040" lon="3.6915740">
    <ele>10.9</ele>
    <time>2025-05-13T08:16:05Z</time>
   </trkpt>
   <trkpt lat="43.3929300" lon="3.6916220">
    <ele>10.9</ele>
    <time>2025-05-13T08:16:06Z</time>
   </trkpt>
   <trkpt lat="43.3929570" lon="3.6916620">
    <ele>10.9</ele>
    <time>2025-05-13T08:16:07Z</time>
   </trkpt>
   <trkpt lat="43.3929820" lon="3.6917020">
    <ele>10.8</ele>
    <time>2025-05-13T08:16:08Z</time>
   </trkpt>
   <trkpt lat="43.3930110" lon="3.6917290">
    <ele>10.8</ele>
    <time>2025-05-13T08:16:09Z</time>
   </trkpt>
   <trkpt lat="43.3930430" lon="3.6917580">
    <ele>10.8</ele>
    <time>2025-05-13T08:16:10Z</time>
   </trkpt>
   <trkpt lat="43.3930780" lon="3.6917870">
    <ele>10.8</ele>
    <time>2025-05-13T08:16:11Z</time>
   </trkpt>
   <trkpt lat="43.3931150" lon="3.6918200">
    <ele>10.7</ele>
    <time>2025-05-13T08:16:12Z</time>
   </trkpt>
   <trkpt lat="43.3931550" lon="3.6918520">
    <ele>10.7</ele>
    <time>2025-05-13T08:16:13Z</time>
   </trkpt>
   <trkpt lat="43.3931930" lon="3.6918810">
    <ele>10.6</ele>
    <time>2025-05-13T08:16:14Z</time>
   </trkpt>
   <trkpt lat="43.3932300" lon="3.6919080">
    <ele>10.6</ele>
    <time>2025-05-13T08:16:15Z</time>
   </trkpt>
   <trkpt lat="43.3932650" lon="3.6919340">
    <ele>10.5</ele>
    <time>2025-05-13T08:16:16Z</time>
   </trkpt>
   <trkpt lat="43.3933020" lon="3.6919620">
    <ele>10.5</ele>
    <time>2025-05-13T08:16:17Z</time>
   </trkpt>
   <trkpt lat="43.3933380" lon="3.6919950">
    <ele>10.5</ele>
    <time>2025-05-13T08:16:18Z</time>
   </trkpt>
   <trkpt lat="43.3933790" lon="3.6920260">
    <ele>10.4</ele>
    <time>2025-05-13T08:16:19Z</time>
   </trkpt>
   <trkpt lat="43.3934220" lon="3.6920530">
    <ele>10.4</ele>
    <time>2025-05-13T08:16:20Z</time>
   </trkpt>
   <trkpt lat="43.3934630" lon="3.6920820">
    <ele>10.3</ele>
    <time>2025-05-13T08:16:21Z</time>
   </trkpt>
   <trkpt lat="43.3935070" lon="3.6921080">
    <ele>10.3</ele>
    <time>2025-05-13T08:16:22Z</time>
   </trkpt>
   <trkpt lat="43.3935530" lon="3.6921380">
    <ele>10.3</ele>
    <time>2025-05-13T08:16:23Z</time>
   </trkpt>
   <trkpt lat="43.3935980" lon="3.6921710">
    <ele>10.2</ele>
    <time>2025-05-13T08:16:24Z</time>
   </trkpt>
   <trkpt lat="43.3936470" lon="3.6922050">
    <ele>10.2</ele>
    <time>2025-05-13T08:16:25Z</time>
   </trkpt>
   <trkpt lat="43.3936980" lon="3.6922370">
    <ele>10.1</ele>
    <time>2025-05-13T08:16:26Z</time>
   </trkpt>
   <trkpt lat="43.3937480" lon="3.6922710">
    <ele>10.1</ele>
    <time>2025-05-13T08:16:27Z</time>
   </trkpt>
   <trkpt lat="43.3938010" lon="3.6922990">
    <ele>10.1</ele>
    <time>2025-05-13T08:16:28Z</time>
   </trkpt>
   <trkpt lat="43.3938530" lon="3.6923300">
    <ele>10.0</ele>
    <time>2025-05-13T08:16:29Z</time>
   </trkpt>
   <trkpt lat="43.3939060" lon="3.6923610">
    <ele>10.0</ele>
    <time>2025-05-13T08:16:30Z</time>
   </trkpt>
   <trkpt lat="43.3939600" lon="3.6923920">
    <ele>9.9</ele>
    <time>2025-05-13T08:16:31Z</time>
   </trkpt>
   <trkpt lat="43.3940070" lon="3.6924250">
    <ele>9.9</ele>
    <time>2025-05-13T08:16:32Z</time>
   </trkpt>
   <trkpt lat="43.3940530" lon="3.6924560">
    <ele>9.8</ele>
    <time>2025-05-13T08:16:33Z</time>
   </trkpt>
   <trkpt lat="43.3941000" lon="3.6924890">
    <ele>9.8</ele>
    <time>2025-05-13T08:16:34Z</time>
   </trkpt>
   <trkpt lat="43.3941450" lon="3.6925250">
    <ele>9.7</ele>
    <time>2025-05-13T08:16:35Z</time>
   </trkpt>
   <trkpt lat="43.3941860" lon="3.6925560">
    <ele>9.7</ele>
    <time>2025-05-13T08:16:36Z</time>
   </trkpt>
   <trkpt lat="43.3942150" lon="3.6925870">
    <ele>9.6</ele>
    <time>2025-05-13T08:16:37Z</time>
   </trkpt>
   <trkpt lat="43.3942390" lon="3.6926170">
    <ele>9.6</ele>
    <time>2025-05-13T08:16:38Z</time>
   </trkpt>
   <trkpt lat="43.3942640" lon="3.6926500">
    <ele>9.5</ele>
    <time>2025-05-13T08:16:39Z</time>
   </trkpt>
   <trkpt lat="43.3942870" lon="3.6926860">
    <ele>9.5</ele>
    <time>2025-05-13T08:16:40Z</time>
   </trkpt>
   <trkpt lat="43.3943120" lon="3.6927290">
    <ele>9.4</ele>
    <time>2025-05-13T08:16:41Z</time>
   </trkpt>
   <trkpt lat="43.3943350" lon="3.6927750">
    <ele>9.4</ele>
    <time>2025-05-13T08:16:42Z</time>
   </trkpt>
   <trkpt lat="43.3943560" lon="3.6928280">
    <ele>9.3</ele>
    <time>2025-05-13T08:16:43Z</time>
   </trkpt>
   <trkpt lat="43.3943810" lon="3.6928820">
    <ele>9.2</ele>
    <time>2025-05-13T08:16:44Z</time>
   </trkpt>
   <trkpt lat="43.3944000" lon="3.6929510">
    <ele>9.2</ele>
    <time>2025-05-13T08:16:45Z</time>
   </trkpt>
   <trkpt lat="43.3944150" lon="3.6930240">
    <ele>9.1</ele>
    <time>2025-05-13T08:16:46Z</time>
   </trkpt>
   <trkpt lat="43.3944310" lon="3.6930980">
    <ele>9.0</ele>
    <time>2025-05-13T08:16:47Z</time>
   </trkpt>
   <trkpt lat="43.3944470" lon="3.6931700">
    <ele>8.9</ele>
    <time>2025-05-13T08:16:48Z</time>
   </trkpt>
   <trkpt lat="43.3944650" lon="3.6932370">
    <ele>8.9</ele>
    <time>2025-05-13T08:16:49Z</time>
   </trkpt>
   <trkpt lat="43.3944850" lon="3.6933040">
    <ele>8.8</ele>
    <time>2025-05-13T08:16:50Z</time>
   </trkpt>
   <trkpt lat="43.3945030" lon="3.6933690">
    <ele>8.8</ele>
    <time>2025-05-13T08:16:51Z</time>
   </trkpt>
   <trkpt lat="43.3945210" lon="3.6934340">
    <ele>8.7</ele>
    <time>2025-05-13T08:16:52Z</time>
   </trkpt>
   <trkpt lat="43.3945390" lon="3.6935010">
    <ele>8.6</ele>
    <time>2025-05-13T08:16:53Z</time>
   </trkpt>
   <trkpt lat="43.3945570" lon="3.6935630">
    <ele>8.6</ele>
    <time>2025-05-13T08:16:54Z</time>
   </trkpt>
   <trkpt lat="43.3945740" lon="3.6936210">
    <ele>8.5</ele>
    <time>2025-05-13T08:16:55Z</time>
   </trkpt>
   <trkpt lat="43.3945960" lon="3.6936680">
    <ele>8.4</ele>
    <time>2025-05-13T08:16:56Z</time>
   </trkpt>
   <trkpt lat="43.3946130" lon="3.6937070">
    <ele>8.4</ele>
    <time>2025-05-13T08:16:57Z</time>
   </trkpt>
   <trkpt lat="43.3946280" lon="3.6937440">
    <ele>8.4</ele>
    <time>2025-05-13T08:16:58Z</time>
   </trkpt>
   <trkpt lat="43.3946460" lon="3.6937810">
    <ele>8.3</ele>
    <time>2025-05-13T08:16:59Z</time>
   </trkpt>
   <trkpt lat="43.3946610" lon="3.6938190">
    <ele>8.3</ele>
    <time>2025-05-13T08:17:00Z</time>
   </trkpt>
   <trkpt lat="43.3946720" lon="3.6938560">
    <ele>8.2</ele>
    <time>2025-05-13T08:17:01Z</time>
   </trkpt>
   <trkpt lat="43.3946890" lon="3.6939020">
    <ele>8.2</ele>
    <time>2025-05-13T08:17:02Z</time>
   </trkpt>
   <trkpt lat="43.3946940" lon="3.6939180">
    <ele>8.1</ele>
    <time>2025-05-13T08:17:03Z</time>
   </trkpt>
   <trkpt lat="43.3947020" lon="3.6939610">
    <ele>8.1</ele>
    <time>2025-05-13T08:17:04Z</time>
   </trkpt>
   <trkpt lat="43.3947050" lon="3.6939760">
    <ele>8.1</ele>
    <time>2025-05-13T08:17:05Z</time>
   </trkpt>
   <trkpt lat="43.3947130" lon="3.6940280">
    <ele>8.0</ele>
    <time>2025-05-13T08:17:06Z</time>
   </trkpt>
   <trkpt lat="43.3947160" lon="3.6940470">
    <ele>8.0</ele>
    <time>2025-05-13T08:17:07Z</time>
   </trkpt>
   <trkpt lat="43.3947200" lon="3.6940850">
    <ele>8.0</ele>
    <time>2025-05-13T08:17:08Z</time>
   </trkpt>
   <trkpt lat="43.3947250" lon="3.6941430">
    <ele>7.9</ele>
    <time>2025-05-13T08:17:09Z</time>
   </trkpt>
   <trkpt lat="43.3947270" lon="3.6941650">
    <ele>7.9</ele>
    <time>2025-05-13T08:17:10Z</time>
   </trkpt>
   <trkpt lat="43.3947370" lon="3.6942070">
    <ele>7.9</ele>
    <time>2025-05-13T08:17:11Z</time>
   </trkpt>
   <trkpt lat="43.3947470" lon="3.6942520">
    <ele>7.9</ele>
    <time>2025-05-13T08:17:12Z</time>
   </trkpt>
   <trkpt lat="43.3947640" lon="3.6942940">
    <ele>7.8</ele>
    <time>2025-05-13T08:17:13Z</time>
   </trkpt>
   <trkpt lat="43.3947810" lon="3.6943460">
    <ele>7.8</ele>
    <time>2025-05-13T08:17:14Z</time>
   </trkpt>
   <trkpt lat="43.3948040" lon="3.6943950">
    <ele>7.7</ele>
    <time>2025-05-13T08:17:15Z</time>
   </trkpt>
   <trkpt lat="43.3948230" lon="3.6944450">
    <ele>7.7</ele>
    <time>2025-05-13T08:17:16Z</time>
   </trkpt>
   <trkpt lat="43.3948400" lon="3.6944920">
    <ele>7.7</ele>
    <time>2025-05-13T08:17:17Z</time>
   </trkpt>
   <trkpt lat="43.3948580" lon="3.6945470">
    <ele>7.6</ele>
    <time>2025-05-13T08:17:18Z</time>
   </trkpt>
   <trkpt lat="43.3948700" lon="3.6945910">
    <ele>7.6</ele>
    <time>2025-05-13T08:17:19Z</time>
   </trkpt>
   <trkpt lat="43.3948780" lon="3.6946300">
    <ele>7.6</ele>
    <time>2025-05-13T08:17:20Z</time>
   </trkpt>
   <trkpt lat="43.3948910" lon="3.6946780">
    <ele>7.5</ele>
    <time>2025-05-13T08:17:21Z</time>
   </trkpt>
   <trkpt lat="43.3948960" lon="3.6946940">
    <ele>7.5</ele>
    <time>2025-05-13T08:17:22Z</time>
   </trkpt>
   <trkpt lat="43.3949140" lon="3.6947230">
    <ele>7.5</ele>
    <time>2025-05-13T08:17:23Z</time>
   </trkpt>
   <trkpt lat="43.3949310" lon="3.6947530">
    <ele>7.5</ele>
    <time>2025-05-13T08:17:24Z</time>
   </trkpt>
   <trkpt lat="43.3949450" lon="3.6947870">
    <ele>7.5</ele>
    <time>2025-05-13T08:17:25Z</time>
   </trkpt>
   <trkpt lat="43.3949600" lon="3.6948310">
    <ele>7.4</ele>
    <time>2025-05-13T08:17:26Z</time>
   </trkpt>
   <trkpt lat="43.3949640" lon="3.6948450">
    <ele>7.4</ele>
    <time>2025-05-13T08:17:27Z</time>
   </trkpt>
   <trkpt lat="43.3949720" lon="3.6948920">
    <ele>7.3</ele>
    <time>2025-05-13T08:17:28Z</time>
   </trkpt>
   <trkpt lat="43.3949740" lon="3.6949090">
    <ele>7.3</ele>
    <time>2025-05-13T08:17:29Z</time>
   </trkpt>
   <trkpt lat="43.3949820" lon="3.6949620">
    <ele>7.3</ele>
    <time>2025-05-13T08:17:30Z</time>
   </trkpt>
   <trkpt lat="43.3949850" lon="3.6949800">
    <ele>7.2</ele>
    <time>2025-05-13T08:17:31Z</time>
   </trkpt>
   <trkpt lat="43.3949890" lon="3.6950290">
    <ele>7.2</ele>
    <time>2025-05-13T08:17:32Z</time>
   </trkpt>
   <trkpt lat="43.3949880" lon="3.6950450">
    <ele>7.2</ele>
    <time>2025-05-13T08:17:33Z</time>
   </trkpt>
   <trkpt lat="43.3949850" lon="3.6950910">
    <ele>7.1</ele>
    <time>2025-05-13T08:17:34Z</time>
   </trkpt>
   <trkpt lat="43.3949850" lon="3.6951050">
    <ele>7.1</ele>
    <time>2025-05-13T08:17:35Z</time>
   </trkpt>
   <trkpt lat="43.3950070" lon="3.6951430">
    <ele>7.0</ele>
    <time>2025-05-13T08:17:36Z</time>
   </trkpt>
   <trkpt lat="43.3950180" lon="3.6951530">
    <ele>7.0</ele>
    <time>2025-05-13T08:17:37Z</time>
   </trkpt>
   <trkpt lat="43.3950560" lon="3.6951520">
    <ele>6.9</ele>
    <time>2025-05-13T08:17:38Z</time>
   </trkpt>
   <trkpt lat="43.3950680" lon="3.6951490">
    <ele>6.9</ele>
    <time>2025-05-13T08:17:39Z</time>
   </trkpt>
   <trkpt lat="43.3950960" lon="3.6951390">
    <ele>6.9</ele>
    <time>2025-05-13T08:17:40Z</time>
   </trkpt>
   <trkpt lat="43.3951290" lon="3.6951210">
    <ele>6.8</ele>
    <time>2025-05-13T08:17:41Z</time>
   </trkpt>
   <trkpt lat="43.3951620" lon="3.6951080">
    <ele>6.8</ele>
    <time>2025-05-13T08:17:42Z</time>
   </trkpt>
   <trkpt lat="43.3952010" lon="3.6951050">
    <ele>6.7</ele>
    <time>2025-05-13T08:17:43Z</time>
   </trkpt>
   <trkpt lat="43.3952420" lon="3.6951120">
    <ele>6.5</ele>
    <time>2025-05-13T08:17:44Z</time>
   </trkpt>
   <trkpt lat="43.3952890" lon="3.6951200">
    <ele>6.2</ele>
    <time>2025-05-13T08:17:45Z</time>
   </trkpt>
   <trkpt lat="43.3953370" lon="3.6951290">
    <ele>5.9</ele>
    <time>2025-05-13T08:17:46Z</time>
   </trkpt>
   <trkpt lat="43.3953910" lon="3.6951370">
    <ele>5.6</ele>
    <time>2025-05-13T08:17:47Z</time>
   </trkpt>
   <trkpt lat="43.3954490" lon="3.6951470">
    <ele>5.2</ele>
    <time>2025-05-13T08:17:48Z</time>
   </trkpt>
   <trkpt lat="43.3955120" lon="3.6951670">
    <ele>4.8</ele>
    <time>2025-05-13T08:17:49Z</time>
   </trkpt>
   <trkpt lat="43.3955790" lon="3.6951950">
    <ele>4.3</ele>
    <time>2025-05-13T08:17:50Z</time>
   </trkpt>
   <trkpt lat="43.3956470" lon="3.6952290">
    <ele>4.0</ele>
    <time>2025-05-13T08:17:51Z</time>
   </trkpt>
   <trkpt lat="43.3957120" lon="3.6952650">
    <ele>3.7</ele>
    <time>2025-05-13T08:17:52Z</time>
   </trkpt>
   <trkpt lat="43.3957750" lon="3.6953060">
    <ele>3.5</ele>
    <time>2025-05-13T08:17:53Z</time>
   </trkpt>
   <trkpt lat="43.3958350" lon="3.6953490">
    <ele>3.3</ele>
    <time>2025-05-13T08:17:54Z</time>
   </trkpt>
   <trkpt lat="43.3958890" lon="3.6953960">
    <ele>3.3</ele>
    <time>2025-05-13T08:17:55Z</time>
   </trkpt>
   <trkpt lat="43.3959430" lon="3.6954390">
    <ele>3.3</ele>
    <time>2025-05-13T08:17:56Z</time>
   </trkpt>
   <trkpt lat="43.3960000" lon="3.6954820">
    <ele>3.2</ele>
    <time>2025-05-13T08:17:57Z</time>
   </trkpt>
   <trkpt lat="43.3960600" lon="3.6955220">
    <ele>3.2</ele>
    <time>2025-05-13T08:17:58Z</time>
   </trkpt>
   <trkpt lat="43.3961180" lon="3.6955650">
    <ele>3.2</ele>
    <time>2025-05-13T08:17:59Z</time>
   </trkpt>
   <trkpt lat="43.3961810" lon="3.6956100">
    <ele>3.2</ele>
    <time>2025-05-13T08:18:00Z</time>
   </trkpt>
   <trkpt lat="43.3962440" lon="3.6956510">
    <ele>3.2</ele>
    <time>2025-05-13T08:18:01Z</time>
   </trkpt>
   <trkpt lat="43.3963100" lon="3.6956850">
    <ele>3.2</ele>
    <time>2025-05-13T08:18:02Z</time>
   </trkpt>
   <trkpt lat="43.3963730" lon="3.6957140">
    <ele>3.2</ele>
    <time>2025-05-13T08:18:03Z</time>
   </trkpt>
   <trkpt lat="43.3964310" lon="3.6957380">
    <ele>3.2</ele>
    <time>2025-05-13T08:18:04Z</time>
   </trkpt>
   <trkpt lat="43.3964880" lon="3.6957590">
    <ele>3.2</ele>
    <time>2025-05-13T08:18:05Z</time>
   </trkpt>
   <trkpt lat="43.3965450" lon="3.6957760">
    <ele>3.2</ele>
    <time>2025-05-13T08:18:06Z</time>
   </trkpt>
   <trkpt lat="43.3966000" lon="3.6957960">
    <ele>3.2</ele>
    <time>2025-05-13T08:18:07Z</time>
   </trkpt>
   <trkpt lat="43.3966580" lon="3.6958120">
    <ele>3.2</ele>
    <time>2025-05-13T08:18:08Z</time>
   </trkpt>
   <trkpt lat="43.3967180" lon="3.6958320">
    <ele>3.2</ele>
    <time>2025-05-13T08:18:09Z</time>
   </trkpt>
   <trkpt lat="43.3967770" lon="3.6958530">
    <ele>3.3</ele>
    <time>2025-05-13T08:18:10Z</time>
   </trkpt>
   <trkpt lat="43.3968340" lon="3.6958780">
    <ele>3.3</ele>
    <time>2025-05-13T08:18:11Z</time>
   </trkpt>
   <trkpt lat="43.3968900" lon="3.6959030">
    <ele>3.3</ele>
    <time>2025-05-13T08:18:12Z</time>
   </trkpt>
   <trkpt lat="43.3969470" lon="3.6959290">
    <ele>3.3</ele>
    <time>2025-05-13T08:18:13Z</time>
   </trkpt>
   <trkpt lat="43.3970020" lon="3.6959580">
    <ele>3.3</ele>
    <time>2025-05-13T08:18:14Z</time>
   </trkpt>
   <trkpt lat="43.3970570" lon="3.6959870">
    <ele>3.3</ele>
    <time>2025-05-13T08:18:15Z</time>
   </trkpt>
   <trkpt lat="43.3971120" lon="3.6960150">
    <ele>3.3</ele>
    <time>2025-05-13T08:18:16Z</time>
   </trkpt>
   <trkpt lat="43.3971670" lon="3.6960440">
    <ele>3.3</ele>
    <time>2025-05-13T08:18:17Z</time>
   </trkpt>
   <trkpt lat="43.3972230" lon="3.6960720">
    <ele>3.3</ele>
    <time>2025-05-13T08:18:18Z</time>
   </trkpt>
   <trkpt lat="43.3972800" lon="3.6960970">
    <ele>3.3</ele>
    <time>2025-05-13T08:18:19Z</time>
   </trkpt>
   <trkpt lat="43.3973310" lon="3.6961220">
    <ele>3.3</ele>
    <time>2025-05-13T08:18:20Z</time>
   </trkpt>
   <trkpt lat="43.3973830" lon="3.6961500">
    <ele>3.3</ele>
    <time>2025-05-13T08:18:21Z</time>
   </trkpt>
   <trkpt lat="43.3974380" lon="3.6961770">
    <ele>3.3</ele>
    <time>2025-05-13T08:18:22Z</time>
   </trkpt>
   <trkpt lat="43.3974900" lon="3.6962030">
    <ele>3.3</ele>
    <time>2025-05-13T08:18:23Z</time>
   </trkpt>
   <trkpt lat="43.3975420" lon="3.6962320">
    <ele>3.3</ele>
    <time>2025-05-13T08:18:24Z</time>
   </trkpt>
   <trkpt lat="43.3975930" lon="3.6962610">
    <ele>3.3</ele>
    <time>2025-05-13T08:18:25Z</time>
   </trkpt>
   <trkpt lat="43.3976390" lon="3.6962930">
    <ele>3.3</ele>
    <time>2025-05-13T08:18:26Z</time>
   </trkpt>
   <trkpt lat="43.3976820" lon="3.6963300">
    <ele>3.3</ele>
    <time>2025-05-13T08:18:27Z</time>
   </trkpt>
   <trkpt lat="43.3977180" lon="3.6963730">
    <ele>3.3</ele>
    <time>2025-05-13T08:18:28Z</time>
   </trkpt>
   <trkpt lat="43.3977380" lon="3.6964360">
    <ele>3.3</ele>
    <time>2025-05-13T08:18:29Z</time>
   </trkpt>
   <trkpt lat="43.3977580" lon="3.6964970">
    <ele>3.2</ele>
    <time>2025-05-13T08:18:30Z</time>
   </trkpt>
   <trkpt lat="43.3977800" lon="3.6965510">
    <ele>3.2</ele>
    <time>2025-05-13T08:18:31Z</time>
   </trkpt>
   <trkpt lat="43.3978060" lon="3.6965960">
    <ele>3.2</ele>
    <time>2025-05-13T08:18:32Z</time>
   </trkpt>
   <trkpt lat="43.3978320" lon="3.6966360">
    <ele>3.2</ele>
    <time>2025-05-13T08:18:33Z</time>
   </trkpt>
   <trkpt lat="43.3978590" lon="3.6966620">
    <ele>3.2</ele>
    <time>2025-05-13T08:18:34Z</time>
   </trkpt>
   <trkpt lat="43.3978900" lon="3.6966810">
    <ele>3.2</ele>
    <time>2025-05-13T08:18:35Z</time>
   </trkpt>
   <trkpt lat="43.3979240" lon="3.6966990">
    <ele>3.2</ele>
    <time>2025-05-13T08:18:36Z</time>
   </trkpt>
   <trkpt lat="43.3979560" lon="3.6967160">
    <ele>3.2</ele>
    <time>2025-05-13T08:18:37Z</time>
   </trkpt>
   <trkpt lat="43.3979890" lon="3.6967340">
    <ele>3.2</ele>
    <time>2025-05-13T08:18:38Z</time>
   </trkpt>
   <trkpt lat="43.3980180" lon="3.6967510">
    <ele>3.2</ele>
    <time>2025-05-13T08:18:39Z</time>
   </trkpt>
   <trkpt lat="43.3980490" lon="3.6967680">
    <ele>3.2</ele>
    <time>2025-05-13T08:18:40Z</time>
   </trkpt>
   <trkpt lat="43.3980780" lon="3.6967840">
    <ele>3.2</ele>
    <time>2025-05-13T08:18:41Z</time>
   </trkpt>
   <trkpt lat="43.3981100" lon="3.6967980">
    <ele>3.2</ele>
    <time>2025-05-13T08:18:42Z</time>
   </trkpt>
   <trkpt lat="43.3981430" lon="3.6968070">
    <ele>3.2</ele>
    <time>2025-05-13T08:18:43Z</time>
   </trkpt>
   <trkpt lat="43.3981770" lon="3.6968170">
    <ele>3.2</ele>
    <time>2025-05-13T08:18:44Z</time>
   </trkpt>
   <trkpt lat="43.3982100" lon="3.6968280">
    <ele>3.2</ele>
    <time>2025-05-13T08:18:45Z</time>
   </trkpt>
   <trkpt lat="43.3982450" lon="3.6968430">
    <ele>3.2</ele>
    <time>2025-05-13T08:18:46Z</time>
   </trkpt>
   <trkpt lat="43.3982820" lon="3.6968560">
    <ele>3.2</ele>
    <time>2025-05-13T08:18:47Z</time>
   </trkpt>
   <trkpt lat="43.3983170" lon="3.6968680">
    <ele>3.2</ele>
    <time>2025-05-13T08:18:48Z</time>
   </trkpt>
   <trkpt lat="43.3983540" lon="3.6968750">
    <ele>3.3</ele>
    <time>2025-05-13T08:18:49Z</time>
   </trkpt>
   <trkpt lat="43.3983910" lon="3.6968770">
    <ele>3.3</ele>
    <time>2025-05-13T08:18:50Z</time>
   </trkpt>
   <trkpt lat="43.3984290" lon="3.6968770">
    <ele>3.3</ele>
    <time>2025-05-13T08:18:51Z</time>
   </trkpt>
   <trkpt lat="43.3984680" lon="3.6968740">
    <ele>3.3</ele>
    <time>2025-05-13T08:18:52Z</time>
   </trkpt>
   <trkpt lat="43.3985070" lon="3.6968640">
    <ele>3.3</ele>
    <time>2025-05-13T08:18:53Z</time>
   </trkpt>
   <trkpt lat="43.3985460" lon="3.6968550">
    <ele>3.3</ele>
    <time>2025-05-13T08:18:54Z</time>
   </trkpt>
   <trkpt lat="43.3985830" lon="3.6968430">
    <ele>3.3</ele>
    <time>2025-05-13T08:18:55Z</time>
   </trkpt>
   <trkpt lat="43.3986210" lon="3.6968320">
    <ele>3.3</ele>
    <time>2025-05-13T08:18:56Z</time>
   </trkpt>
   <trkpt lat="43.3986580" lon="3.6968180">
    <ele>3.3</ele>
    <time>2025-05-13T08:18:57Z</time>
   </trkpt>
   <trkpt lat="43.3986970" lon="3.6968050">
    <ele>3.3</ele>
    <time>2025-05-13T08:18:58Z</time>
   </trkpt>
   <trkpt lat="43.3987340" lon="3.6967930">
    <ele>3.3</ele>
    <time>2025-05-13T08:18:59Z</time>
   </trkpt>
   <trkpt lat="43.3987720" lon="3.6967790">
    <ele>3.3</ele>
    <time>2025-05-13T08:19:00Z</time>
   </trkpt>
   <trkpt lat="43.3988090" lon="3.6967670">
    <ele>3.3</ele>
    <time>2025-05-13T08:19:01Z</time>
   </trkpt>
   <trkpt lat="43.3988420" lon="3.6967570">
    <ele>3.3</ele>
    <time>2025-05-13T08:19:02Z</time>
   </trkpt>
   <trkpt lat="43.3988760" lon="3.6967460">
    <ele>3.4</ele>
    <time>2025-05-13T08:19:03Z</time>
   </trkpt>
   <trkpt lat="43.3989130" lon="3.6967370">
    <ele>3.4</ele>
    <time>2025-05-13T08:19:04Z</time>
   </trkpt>
   <trkpt lat="43.3989530" lon="3.6967300">
    <ele>3.4</ele>
    <time>2025-05-13T08:19:05Z</time>
   </trkpt>
   <trkpt lat="43.3989920" lon="3.6967250">
    <ele>3.4</ele>
    <time>2025-05-13T08:19:06Z</time>
   </trkpt>
   <trkpt lat="43.3990330" lon="3.6967150">
    <ele>3.4</ele>
    <time>2025-05-13T08:19:07Z</time>
   </trkpt>
   <trkpt lat="43.3990740" lon="3.6967070">
    <ele>3.4</ele>
    <time>2025-05-13T08:19:08Z</time>
   </trkpt>
   <trkpt lat="43.3991180" lon="3.6966960">
    <ele>3.4</ele>
    <time>2025-05-13T08:19:09Z</time>
   </trkpt>
   <trkpt lat="43.3991630" lon="3.6966810">
    <ele>3.4</ele>
    <time>2025-05-13T08:19:10Z</time>
   </trkpt>
   <trkpt lat="43.3992070" lon="3.6966630">
    <ele>3.4</ele>
    <time>2025-05-13T08:19:11Z</time>
   </trkpt>
   <trkpt lat="43.3992520" lon="3.6966450">
    <ele>3.4</ele>
    <time>2025-05-13T08:19:12Z</time>
   </trkpt>
   <trkpt lat="43.3992940" lon="3.6966340">
    <ele>3.5</ele>
    <time>2025-05-13T08:19:13Z</time>
   </trkpt>
   <trkpt lat="43.3993370" lon="3.6966200">
    <ele>3.5</ele>
    <time>2025-05-13T08:19:14Z</time>
   </trkpt>
   <trkpt lat="43.3993790" lon="3.6966070">
    <ele>3.5</ele>
    <time>2025-05-13T08:19:15Z</time>
   </trkpt>
   <trkpt lat="43.3994180" lon="3.6965960">
    <ele>3.5</ele>
    <time>2025-05-13T08:19:16Z</time>
   </trkpt>
   <trkpt lat="43.3994570" lon="3.6965830">
    <ele>3.6</ele>
    <time>2025-05-13T08:19:17Z</time>
   </trkpt>
   <trkpt lat="43.3994960" lon="3.6965670">
    <ele>3.6</ele>
    <time>2025-05-13T08:19:18Z</time>
   </trkpt>
   <trkpt lat="43.3995300" lon="3.6965490">
    <ele>3.6</ele>
    <time>2025-05-13T08:19:19Z</time>
   </trkpt>
   <trkpt lat="43.3995600" lon="3.6965430">
    <ele>3.7</ele>
    <time>2025-05-13T08:19:20Z</time>
   </trkpt>
   <trkpt lat="43.3995940" lon="3.6965460">
    <ele>3.7</ele>
    <time>2025-05-13T08:19:21Z</time>
   </trkpt>
   <trkpt lat="43.3996050" lon="3.6965500">
    <ele>3.7</ele>
    <time>2025-05-13T08:19:22Z</time>
   </trkpt>
   <trkpt lat="43.3996440" lon="3.6965660">
    <ele>3.7</ele>
    <time>2025-05-13T08:19:23Z</time>
   </trkpt>
   <trkpt lat="43.3996590" lon="3.6965720">
    <ele>3.7</ele>
    <time>2025-05-13T08:19:24Z</time>
   </trkpt>
   <trkpt lat="43.3996980" lon="3.6965800">
    <ele>3.7</ele>
    <time>2025-05-13T08:19:25Z</time>
   </trkpt>
   <trkpt lat="43.3997410" lon="3.6965880">
    <ele>3.8</ele>
    <time>2025-05-13T08:19:26Z</time>
   </trkpt>
   <trkpt lat="43.3997850" lon="3.6965990">
    <ele>3.8</ele>
    <time>2025-05-13T08:19:27Z</time>
   </trkpt>
   <trkpt lat="43.3998300" lon="3.6966110">
    <ele>3.8</ele>
    <time>2025-05-13T08:19:28Z</time>
   </trkpt>
   <trkpt lat="43.3998750" lon="3.6966190">
    <ele>3.8</ele>
    <time>2025-05-13T08:19:29Z</time>
   </trkpt>
   <trkpt lat="43.3999180" lon="3.6966250">
    <ele>3.7</ele>
    <time>2025-05-13T08:19:30Z</time>
   </trkpt>
   <trkpt lat="43.3999650" lon="3.6966350">
    <ele>3.7</ele>
    <time>2025-05-13T08:19:31Z</time>
   </trkpt>
   <trkpt lat="43.4000100" lon="3.6966480">
    <ele>3.7</ele>
    <time>2025-05-13T08:19:32Z</time>
   </trkpt>
   <trkpt lat="43.4000580" lon="3.6966640">
    <ele>3.7</ele>
    <time>2025-05-13T08:19:33Z</time>
   </trkpt>
   <trkpt lat="43.4001070" lon="3.6966780">
    <ele>3.7</ele>
    <time>2025-05-13T08:19:34Z</time>
   </trkpt>
   <trkpt lat="43.4001580" lon="3.6966900">
    <ele>3.7</ele>
    <time>2025-05-13T08:19:35Z</time>
   </trkpt>
   <trkpt lat="43.4002100" lon="3.6966990">
    <ele>3.6</ele>
    <time>2025-05-13T08:19:36Z</time>
   </trkpt>
   <trkpt lat="43.4002660" lon="3.6967090">
    <ele>3.6</ele>
    <time>2025-05-13T08:19:37Z</time>
   </trkpt>
   <trkpt lat="43.4003230" lon="3.6967200">
    <ele>3.6</ele>
    <time>2025-05-13T08:19:38Z</time>
   </trkpt>
   <trkpt lat="43.4003830" lon="3.6967350">
    <ele>3.6</ele>
    <time>2025-05-13T08:19:39Z</time>
   </trkpt>
   <trkpt lat="43.4004430" lon="3.6967500">
    <ele>3.6</ele>
    <time>2025-05-13T08:19:40Z</time>
   </trkpt>
   <trkpt lat="43.4005020" lon="3.6967670">
    <ele>3.6</ele>
    <time>2025-05-13T08:19:41Z</time>
   </trkpt>
   <trkpt lat="43.4005580" lon="3.6967810">
    <ele>3.6</ele>
    <time>2025-05-13T08:19:42Z</time>
   </trkpt>
   <trkpt lat="43.4006190" lon="3.6968000">
    <ele>3.7</ele>
    <time>2025-05-13T08:19:43Z</time>
   </trkpt>
   <trkpt lat="43.4006770" lon="3.6968150">
    <ele>3.7</ele>
    <time>2025-05-13T08:19:44Z</time>
   </trkpt>
   <trkpt lat="43.4007360" lon="3.6968340">
    <ele>3.7</ele>
    <time>2025-05-13T08:19:45Z</time>
   </trkpt>
   <trkpt lat="43.4007950" lon="3.6968520">
    <ele>3.7</ele>
    <time>2025-05-13T08:19:46Z</time>
   </trkpt>
   <trkpt lat="43.4008510" lon="3.6968700">
    <ele>3.7</ele>
    <time>2025-05-13T08:19:47Z</time>
   </trkpt>
   <trkpt lat="43.4009070" lon="3.6968860">
    <ele>3.7</ele>
    <time>2025-05-13T08:19:48Z</time>
   </trkpt>
   <trkpt lat="43.4009610" lon="3.6969050">
    <ele>3.7</ele>
    <time>2025-05-13T08:19:49Z</time>
   </trkpt>
   <trkpt lat="43.4010150" lon="3.6969230">
    <ele>3.6</ele>
    <time>2025-05-13T08:19:50Z</time>
   </trkpt>
   <trkpt lat="43.4010700" lon="3.6969370">
    <ele>3.6</ele>
    <time>2025-05-13T08:19:51Z</time>
   </trkpt>
   <trkpt lat="43.4011240" lon="3.6969560">
    <ele>3.6</ele>
    <time>2025-05-13T08:19:52Z</time>
   </trkpt>
   <trkpt lat="43.4011780" lon="3.6969690">
    <ele>3.6</ele>
    <time>2025-05-13T08:19:53Z</time>
   </trkpt>
   <trkpt lat="43.4012320" lon="3.6969810">
    <ele>3.6</ele>
    <time>2025-05-13T08:19:54Z</time>
   </trkpt>
   <trkpt lat="43.4012830" lon="3.6969950">
    <ele>3.7</ele>
    <time>2025-05-13T08:19:55Z</time>
   </trkpt>
   <trkpt lat="43.4013330" lon="3.6970100">
    <ele>3.7</ele>
    <time>2025-05-13T08:19:56Z</time>
   </trkpt>
   <trkpt lat="43.4013800" lon="3.6970190">
    <ele>3.8</ele>
    <time>2025-05-13T08:19:57Z</time>
   </trkpt>
   <trkpt lat="43.4014240" lon="3.6970290">
    <ele>3.9</ele>
    <time>2025-05-13T08:19:58Z</time>
   </trkpt>
   <trkpt lat="43.4014640" lon="3.6970390">
    <ele>3.9</ele>
    <time>2025-05-13T08:19:59Z</time>
   </trkpt>
   <trkpt lat="43.4015060" lon="3.6970530">
    <ele>4.0</ele>
    <time>2025-05-13T08:20:00Z</time>
   </trkpt>
   <trkpt lat="43.4015450" lon="3.6970620">
    <ele>4.1</ele>
    <time>2025-05-13T08:20:01Z</time>
   </trkpt>
   <trkpt lat="43.4015840" lon="3.6970730">
    <ele>4.2</ele>
    <time>2025-05-13T08:20:02Z</time>
   </trkpt>
   <trkpt lat="43.4016180" lon="3.6970840">
    <ele>4.3</ele>
    <time>2025-05-13T08:20:03Z</time>
   </trkpt>
   <trkpt lat="43.4016490" lon="3.6971050">
    <ele>4.3</ele>
    <time>2025-05-13T08:20:04Z</time>
   </trkpt>
   <trkpt lat="43.4016770" lon="3.6971350">
    <ele>4.4</ele>
    <time>2025-05-13T08:20:05Z</time>
   </trkpt>
   <trkpt lat="43.4017000" lon="3.6971610">
    <ele>4.4</ele>
    <time>2025-05-13T08:20:06Z</time>
   </trkpt>
   <trkpt lat="43.4017190" lon="3.6971950">
    <ele>4.4</ele>
    <time>2025-05-13T08:20:07Z</time>
   </trkpt>
   <trkpt lat="43.4017490" lon="3.6972230">
    <ele>4.5</ele>
    <time>2025-05-13T08:20:08Z</time>
   </trkpt>
   <trkpt lat="43.4017530" lon="3.6972420">
    <ele>4.5</ele>
    <time>2025-05-13T08:20:09Z</time>
   </trkpt>
   <trkpt lat="43.4017550" lon="3.6972850">
    <ele>4.5</ele>
    <time>2025-05-13T08:20:10Z</time>
   </trkpt>
   <trkpt lat="43.4017540" lon="3.6973300">
    <ele>4.6</ele>
    <time>2025-05-13T08:20:11Z</time>
   </trkpt>
   <trkpt lat="43.4017530" lon="3.6973730">
    <ele>4.6</ele>
    <time>2025-05-13T08:20:12Z</time>
   </trkpt>
   <trkpt lat="43.4017530" lon="3.6974170">
    <ele>4.6</ele>
    <time>2025-05-13T08:20:13Z</time>
   </trkpt>
   <trkpt lat="43.4017560" lon="3.6974630">
    <ele>4.6</ele>
    <time>2025-05-13T08:20:14Z</time>
   </trkpt>
   <trkpt lat="43.4017580" lon="3.6975120">
    <ele>4.7</ele>
    <time>2025-05-13T08:20:15Z</time>
   </trkpt>
   <trkpt lat="43.4017600" lon="3.6975610">
    <ele>4.7</ele>
    <time>2025-05-13T08:20:16Z</time>
   </trkpt>
   <trkpt lat="43.4017620" lon="3.6976110">
    <ele>4.7</ele>
    <time>2025-05-13T08:20:17Z</time>
   </trkpt>
   <trkpt lat="43.4017650" lon="3.6976640">
    <ele>4.6</ele>
    <time>2025-05-13T08:20:18Z</time>
   </trkpt>
   <trkpt lat="43.4017670" lon="3.6977210">
    <ele>4.6</ele>
    <time>2025-05-13T08:20:19Z</time>
   </trkpt>
   <trkpt lat="43.4017720" lon="3.6977810">
    <ele>4.6</ele>
    <time>2025-05-13T08:20:20Z</time>
   </trkpt>
   <trkpt lat="43.4017740" lon="3.6978370">
    <ele>4.5</ele>
    <time>2025-05-13T08:20:21Z</time>
   </trkpt>
   <trkpt lat="43.4017720" lon="3.6978960">
    <ele>4.4</ele>
    <time>2025-05-13T08:20:22Z</time>
   </trkpt>
   <trkpt lat="43.4017700" lon="3.6979570">
    <ele>4.4</ele>
    <time>2025-05-13T08:20:23Z</time>
   </trkpt>
   <trkpt lat="43.4017730" lon="3.6980190">
    <ele>4.3</ele>
    <time>2025-05-13T08:20:24Z</time>
   </trkpt>
   <trkpt lat="43.4017790" lon="3.6980830">
    <ele>4.3</ele>
    <time>2025-05-13T08:20:25Z</time>
   </trkpt>
   <trkpt lat="43.4017790" lon="3.6981420">
    <ele>4.3</ele>
    <time>2025-05-13T08:20:26Z</time>
   </trkpt>
   <trkpt lat="43.4017790" lon="3.6982000">
    <ele>4.3</ele>
    <time>2025-05-13T08:20:27Z</time>
   </trkpt>
   <trkpt lat="43.4017780" lon="3.6982520">
    <ele>4.3</ele>
    <time>2025-05-13T08:20:28Z</time>
   </trkpt>
   <trkpt lat="43.4017780" lon="3.6983060">
    <ele>4.3</ele>
    <time>2025-05-13T08:20:29Z</time>
   </trkpt>
   <trkpt lat="43.4017810" lon="3.6983660">
    <ele>4.3</ele>
    <time>2025-05-13T08:20:30Z</time>
   </trkpt>
   <trkpt lat="43.4017850" lon="3.6984310">
    <ele>4.3</ele>
    <time>2025-05-13T08:20:31Z</time>
   </trkpt>
   <trkpt lat="43.4017920" lon="3.6985000">
    <ele>4.3</ele>
    <time>2025-05-13T08:20:32Z</time>
   </trkpt>
   <trkpt lat="43.4017960" lon="3.6985650">
    <ele>4.3</ele>
    <time>2025-05-13T08:20:33Z</time>
   </trkpt>
   <trkpt lat="43.4018010" lon="3.6986170">
    <ele>4.3</ele>
    <time>2025-05-13T08:20:34Z</time>
   </trkpt>
   <trkpt lat="43.4018140" lon="3.6986520">
    <ele>4.2</ele>
    <time>2025-05-13T08:20:35Z</time>
   </trkpt>
   <trkpt lat="43.4018240" lon="3.6986740">
    <ele>4.2</ele>
    <time>2025-05-13T08:20:36Z</time>
   </trkpt>
   <trkpt lat="43.4018380" lon="3.6986870">
    <ele>4.2</ele>
    <time>2025-05-13T08:20:37Z</time>
   </trkpt>
   <trkpt lat="43.4018530" lon="3.6986940">
    <ele>4.2</ele>
    <time>2025-05-13T08:20:38Z</time>
   </trkpt>
   <trkpt lat="43.4018730" lon="3.6986930">
    <ele>4.2</ele>
    <time>2025-05-13T08:20:39Z</time>
   </trkpt>
   <trkpt lat="43.4019010" lon="3.6986870">
    <ele>4.1</ele>
    <time>2025-05-13T08:20:40Z</time>
   </trkpt>
   <trkpt lat="43.4019280" lon="3.6986810">
    <ele>4.1</ele>
    <time>2025-05-13T08:20:41Z</time>
   </trkpt>
   <trkpt lat="43.4019670" lon="3.6986760">
    <ele>4.1</ele>
    <time>2025-05-13T08:20:42Z</time>
   </trkpt>
   <trkpt lat="43.4019800" lon="3.6986750">
    <ele>4.1</ele>
    <time>2025-05-13T08:20:43Z</time>
   </trkpt>
   <trkpt lat="43.4020090" lon="3.6986740">
    <ele>4.0</ele>
    <time>2025-05-13T08:20:44Z</time>
   </trkpt>
   <trkpt lat="43.4020420" lon="3.6986710">
    <ele>4.0</ele>
    <time>2025-05-13T08:20:45Z</time>
   </trkpt>
   <trkpt lat="43.4020770" lon="3.6986720">
    <ele>4.0</ele>
    <time>2025-05-13T08:20:46Z</time>
   </trkpt>
   <trkpt lat="43.4021140" lon="3.6986730">
    <ele>4.0</ele>
    <time>2025-05-13T08:20:47Z</time>
   </trkpt>
   <trkpt lat="43.4021520" lon="3.6986750">
    <ele>4.0</ele>
    <time>2025-05-13T08:20:48Z</time>
   </trkpt>
   <trkpt lat="43.4021890" lon="3.6986770">
    <ele>4.0</ele>
    <time>2025-05-13T08:20:49Z</time>
   </trkpt>
   <trkpt lat="43.4022300" lon="3.6986770">
    <ele>4.0</ele>
    <time>2025-05-13T08:20:50Z</time>
   </trkpt>
   <trkpt lat="43.4022730" lon="3.6986800">
    <ele>4.1</ele>
    <time>2025-05-13T08:20:51Z</time>
   </trkpt>
   <trkpt lat="43.4023190" lon="3.6986810">
    <ele>4.1</ele>
    <time>2025-05-13T08:20:52Z</time>
   </trkpt>
   <trkpt lat="43.4023650" lon="3.6986820">
    <ele>4.2</ele>
    <time>2025-05-13T08:20:53Z</time>
   </trkpt>
   <trkpt lat="43.4024100" lon="3.6986760">
    <ele>4.3</ele>
    <time>2025-05-13T08:20:54Z</time>
   </trkpt>
   <trkpt lat="43.4024550" lon="3.6986710">
    <ele>4.4</ele>
    <time>2025-05-13T08:20:55Z</time>
   </trkpt>
   <trkpt lat="43.4024960" lon="3.6986710">
    <ele>4.4</ele>
    <time>2025-05-13T08:20:56Z</time>
   </trkpt>
   <trkpt lat="43.4025330" lon="3.6986710">
    <ele>4.5</ele>
    <time>2025-05-13T08:20:57Z</time>
   </trkpt>
   <trkpt lat="43.4025660" lon="3.6986770">
    <ele>4.5</ele>
    <time>2025-05-13T08:20:58Z</time>
   </trkpt>
   <trkpt lat="43.4025970" lon="3.6986770">
    <ele>4.6</ele>
    <time>2025-05-13T08:20:59Z</time>
   </trkpt>
   <trkpt lat="43.4026280" lon="3.6986690">
    <ele>4.7</ele>
    <time>2025-05-13T08:21:00Z</time>
   </trkpt>
   <trkpt lat="43.4026620" lon="3.6986600">
    <ele>4.6</ele>
    <time>2025-05-13T08:21:01Z</time>
   </trkpt>
   <trkpt lat="43.4026990" lon="3.6986530">
    <ele>4.6</ele>
    <time>2025-05-13T08:21:02Z</time>
   </trkpt>
   <trkpt lat="43.4027410" lon="3.6986500">
    <ele>4.6</ele>
    <time>2025-05-13T08:21:03Z</time>
   </trkpt>
   <trkpt lat="43.4027840" lon="3.6986490">
    <ele>4.6</ele>
    <time>2025-05-13T08:21:04Z</time>
   </trkpt>
   <trkpt lat="43.4028250" lon="3.6986470">
    <ele>4.6</ele>
    <time>2025-05-13T08:21:05Z</time>
   </trkpt>
   <trkpt lat="43.4028630" lon="3.6986490">
    <ele>4.6</ele>
    <time>2025-05-13T08:21:06Z</time>
   </trkpt>
   <trkpt lat="43.4028990" lon="3.6986470">
    <ele>4.6</ele>
    <time>2025-05-13T08:21:07Z</time>
   </trkpt>
   <trkpt lat="43.4029340" lon="3.6986400">
    <ele>4.5</ele>
    <time>2025-05-13T08:21:08Z</time>
   </trkpt>
   <trkpt lat="43.4029720" lon="3.6986320">
    <ele>4.5</ele>
    <time>2025-05-13T08:21:09Z</time>
   </trkpt>
   <trkpt lat="43.4030090" lon="3.6986170">
    <ele>4.5</ele>
    <time>2025-05-13T08:21:10Z</time>
   </trkpt>
   <trkpt lat="43.4030490" lon="3.6986040">
    <ele>4.5</ele>
    <time>2025-05-13T08:21:11Z</time>
   </trkpt>
   <trkpt lat="43.4030960" lon="3.6985960">
    <ele>4.5</ele>
    <time>2025-05-13T08:21:12Z</time>
   </trkpt>
   <trkpt lat="43.4031440" lon="3.6985900">
    <ele>4.4</ele>
    <time>2025-05-13T08:21:13Z</time>
   </trkpt>
   <trkpt lat="43.4031950" lon="3.6985760">
    <ele>4.4</ele>
    <time>2025-05-13T08:21:14Z</time>
   </trkpt>
   <trkpt lat="43.4032480" lon="3.6985580">
    <ele>4.4</ele>
    <time>2025-05-13T08:21:15Z</time>
   </trkpt>
   <trkpt lat="43.4033050" lon="3.6985450">
    <ele>4.4</ele>
    <time>2025-05-13T08:21:16Z</time>
   </trkpt>
   <trkpt lat="43.4033640" lon="3.6985330">
    <ele>4.4</ele>
    <time>2025-05-13T08:21:17Z</time>
   </trkpt>
   <trkpt lat="43.4034220" lon="3.6985250">
    <ele>4.4</ele>
    <time>2025-05-13T08:21:18Z</time>
   </trkpt>
   <trkpt lat="43.4034770" lon="3.6985150">
    <ele>4.4</ele>
    <time>2025-05-13T08:21:19Z</time>
   </trkpt>
   <trkpt lat="43.4035280" lon="3.6984990">
    <ele>4.4</ele>
    <time>2025-05-13T08:21:20Z</time>
   </trkpt>
   <trkpt lat="43.4035800" lon="3.6984880">
    <ele>4.4</ele>
    <time>2025-05-13T08:21:21Z</time>
   </trkpt>
   <trkpt lat="43.4036260" lon="3.6984820">
    <ele>4.4</ele>
    <time>2025-05-13T08:21:22Z</time>
   </trkpt>
   <trkpt lat="43.4036730" lon="3.6984690">
    <ele>4.4</ele>
    <time>2025-05-13T08:21:23Z</time>
   </trkpt>
   <trkpt lat="43.4037180" lon="3.6984560">
    <ele>4.4</ele>
    <time>2025-05-13T08:21:24Z</time>
   </trkpt>
   <trkpt lat="43.4037660" lon="3.6984400">
    <ele>4.4</ele>
    <time>2025-05-13T08:21:25Z</time>
   </trkpt>
   <trkpt lat="43.4038130" lon="3.6984290">
    <ele>4.4</ele>
    <time>2025-05-13T08:21:26Z</time>
   </trkpt>
   <trkpt lat="43.4038610" lon="3.6984170">
    <ele>4.4</ele>
    <time>2025-05-13T08:21:27Z</time>
   </trkpt>
   <trkpt lat="43.4039140" lon="3.6984020">
    <ele>4.4</ele>
    <time>2025-05-13T08:21:28Z</time>
   </trkpt>
   <trkpt lat="43.4039670" lon="3.6983890">
    <ele>4.3</ele>
    <time>2025-05-13T08:21:29Z</time>
   </trkpt>
   <trkpt lat="43.4040170" lon="3.6983770">
    <ele>4.3</ele>
    <time>2025-05-13T08:21:30Z</time>
   </trkpt>
   <trkpt lat="43.4040690" lon="3.6983600">
    <ele>4.3</ele>
    <time>2025-05-13T08:21:31Z</time>
   </trkpt>
   <trkpt lat="43.4041180" lon="3.6983460">
    <ele>4.3</ele>
    <time>2025-05-13T08:21:32Z</time>
   </trkpt>
   <trkpt lat="43.4041590" lon="3.6983350">
    <ele>4.3</ele>
    <time>2025-05-13T08:21:33Z</time>
   </trkpt>
   <trkpt lat="43.4041990" lon="3.6983260">
    <ele>4.3</ele>
    <time>2025-05-13T08:21:34Z</time>
   </trkpt>
   <trkpt lat="43.4042300" lon="3.6983160">
    <ele>4.3</ele>
    <time>2025-05-13T08:21:35Z</time>
   </trkpt>
   <trkpt lat="43.4042650" lon="3.6983110">
    <ele>4.3</ele>
    <time>2025-05-13T08:21:36Z</time>
   </trkpt>
   <trkpt lat="43.4042740" lon="3.6983110">
    <ele>4.2</ele>
    <time>2025-05-13T08:21:37Z</time>
   </trkpt>
   <trkpt lat="43.4042900" lon="3.6983090">
    <ele>4.2</ele>
    <time>2025-05-13T08:21:38Z</time>
   </trkpt>
   <trkpt lat="43.4043040" lon="3.6983060">
    <ele>4.2</ele>
    <time>2025-05-13T08:21:39Z</time>
   </trkpt>
   <trkpt lat="43.4043120" lon="3.6983030">
    <ele>4.2</ele>
    <time>2025-05-13T08:21:40Z</time>
   </trkpt>
   <trkpt lat="43.4043160" lon="3.6983010">
    <ele>4.2</ele>
    <time>2025-05-13T08:21:41Z</time>
   </trkpt>
   <trkpt lat="43.4043200" lon="3.6983000">
    <ele>4.2</ele>
    <time>2025-05-13T08:21:42Z</time>
   </trkpt>
   <trkpt lat="43.4043250" lon="3.6982990">
    <ele>4.2</ele>
    <time>2025-05-13T08:21:43Z</time>
   </trkpt>
   <trkpt lat="43.4043290" lon="3.6982970">
    <ele>4.2</ele>
    <time>2025-05-13T08:21:44Z</time>
   </trkpt>
   <trkpt lat="43.4043330" lon="3.6982960">
    <ele>4.2</ele>
    <time>2025-05-13T08:21:45Z</time>
   </trkpt>
   <trkpt lat="43.4043370" lon="3.6982950">
    <ele>4.2</ele>
    <time>2025-05-13T08:21:46Z</time>
   </trkpt>
   <trkpt lat="43.4043410" lon="3.6982930">
    <ele>4.2</ele>
    <time>2025-05-13T08:21:47Z</time>
   </trkpt>
   <trkpt lat="43.4043450" lon="3.6982920">
    <ele>4.2</ele>
    <time>2025-05-13T08:21:48Z</time>
   </trkpt>
   <trkpt lat="43.4043500" lon="3.6982910">
    <ele>4.2</ele>
    <time>2025-05-13T08:21:49Z</time>
   </trkpt>
   <trkpt lat="43.4043540" lon="3.6982900">
    <ele>4.2</ele>
    <time>2025-05-13T08:21:50Z</time>
   </trkpt>
   <trkpt lat="43.4043580" lon="3.6982880">
    <ele>4.2</ele>
    <time>2025-05-13T08:21:51Z</time>
   </trkpt>
   <trkpt lat="43.4043620" lon="3.6982870">
    <ele>4.2</ele>
    <time>2025-05-13T08:21:52Z</time>
   </trkpt>
   <trkpt lat="43.4043660" lon="3.6982860">
    <ele>4.1</ele>
    <time>2025-05-13T08:21:53Z</time>
   </trkpt>
   <trkpt lat="43.4043700" lon="3.6982840">
    <ele>4.1</ele>
    <time>2025-05-13T08:21:54Z</time>
   </trkpt>
   <trkpt lat="43.4043750" lon="3.6982830">
    <ele>4.1</ele>
    <time>2025-05-13T08:21:55Z</time>
   </trkpt>
   <trkpt lat="43.4043790" lon="3.6982820">
    <ele>4.1</ele>
    <time>2025-05-13T08:21:56Z</time>
   </trkpt>
   <trkpt lat="43.4043830" lon="3.6982800">
    <ele>4.1</ele>
    <time>2025-05-13T08:21:57Z</time>
   </trkpt>
   <trkpt lat="43.4043870" lon="3.6982790">
    <ele>4.1</ele>
    <time>2025-05-13T08:21:58Z</time>
   </trkpt>
   <trkpt lat="43.4044020" lon="3.6982770">
    <ele>4.1</ele>
    <time>2025-05-13T08:21:59Z</time>
   </trkpt>
   <trkpt lat="43.4044090" lon="3.6982770">
    <ele>4.1</ele>
    <time>2025-05-13T08:22:00Z</time>
   </trkpt>
   <trkpt lat="43.4044170" lon="3.6982750">
    <ele>4.1</ele>
    <time>2025-05-13T08:22:01Z</time>
   </trkpt>
   <trkpt lat="43.4044350" lon="3.6982690">
    <ele>4.0</ele>
    <time>2025-05-13T08:22:02Z</time>
   </trkpt>
   <trkpt lat="43.4044520" lon="3.6982620">
    <ele>4.0</ele>
    <time>2025-05-13T08:22:03Z</time>
   </trkpt>
   <trkpt lat="43.4044790" lon="3.6982480">
    <ele>4.0</ele>
    <time>2025-05-13T08:22:04Z</time>
   </trkpt>
   <trkpt lat="43.4045200" lon="3.6982270">
    <ele>3.9</ele>
    <time>2025-05-13T08:22:05Z</time>
   </trkpt>
   <trkpt lat="43.4045360" lon="3.6982180">
    <ele>3.9</ele>
    <time>2025-05-13T08:22:06Z</time>
   </trkpt>
   <trkpt lat="43.4045800" lon="3.6981960">
    <ele>3.9</ele>
    <time>2025-05-13T08:22:07Z</time>
   </trkpt>
   <trkpt lat="43.4046150" lon="3.6981810">
    <ele>3.9</ele>
    <time>2025-05-13T08:22:08Z</time>
   </trkpt>
   <trkpt lat="43.4046520" lon="3.6981670">
    <ele>3.8</ele>
    <time>2025-05-13T08:22:09Z</time>
   </trkpt>
   <trkpt lat="43.4046910" lon="3.6981480">
    <ele>3.8</ele>
    <time>2025-05-13T08:22:10Z</time>
   </trkpt>
   <trkpt lat="43.4047320" lon="3.6981350">
    <ele>3.8</ele>
    <time>2025-05-13T08:22:11Z</time>
   </trkpt>
   <trkpt lat="43.4047730" lon="3.6981140">
    <ele>3.8</ele>
    <time>2025-05-13T08:22:12Z</time>
   </trkpt>
   <trkpt lat="43.4048120" lon="3.6980900">
    <ele>3.8</ele>
    <time>2025-05-13T08:22:13Z</time>
   </trkpt>
   <trkpt lat="43.4048610" lon="3.6980750">
    <ele>3.8</ele>
    <time>2025-05-13T08:22:14Z</time>
   </trkpt>
   <trkpt lat="43.4049100" lon="3.6980660">
    <ele>3.8</ele>
    <time>2025-05-13T08:22:15Z</time>
   </trkpt>
   <trkpt lat="43.4049570" lon="3.6980550">
    <ele>3.9</ele>
    <time>2025-05-13T08:22:16Z</time>
   </trkpt>
   <trkpt lat="43.4050040" lon="3.6980410">
    <ele>3.9</ele>
    <time>2025-05-13T08:22:17Z</time>
   </trkpt>
   <trkpt lat="43.4050490" lon="3.6980320">
    <ele>3.9</ele>
    <time>2025-05-13T08:22:18Z</time>
   </trkpt>
   <trkpt lat="43.4050910" lon="3.6980280">
    <ele>3.9</ele>
    <time>2025-05-13T08:22:19Z</time>
   </trkpt>
   <trkpt lat="43.4051310" lon="3.6980180">
    <ele>3.9</ele>
    <time>2025-05-13T08:22:20Z</time>
   </trkpt>
   <trkpt lat="43.4051690" lon="3.6980140">
    <ele>3.9</ele>
    <time>2025-05-13T08:22:21Z</time>
   </trkpt>
   <trkpt lat="43.4052150" lon="3.6980110">
    <ele>3.9</ele>
    <time>2025-05-13T08:22:22Z</time>
   </trkpt>
   <trkpt lat="43.4052600" lon="3.6980060">
    <ele>4.0</ele>
    <time>2025-05-13T08:22:23Z</time>
   </trkpt>
   <trkpt lat="43.4053030" lon="3.6979990">
    <ele>4.0</ele>
    <time>2025-05-13T08:22:24Z</time>
   </trkpt>
   <trkpt lat="43.4053480" lon="3.6979940">
    <ele>4.0</ele>
    <time>2025-05-13T08:22:25Z</time>
   </trkpt>
   <trkpt lat="43.4053870" lon="3.6979910">
    <ele>4.1</ele>
    <time>2025-05-13T08:22:26Z</time>
   </trkpt>
   <trkpt lat="43.4054250" lon="3.6979870">
    <ele>4.1</ele>
    <time>2025-05-13T08:22:27Z</time>
   </trkpt>
   <trkpt lat="43.4054630" lon="3.6979840">
    <ele>4.2</ele>
    <time>2025-05-13T08:22:28Z</time>
   </trkpt>
   <trkpt lat="43.4055000" lon="3.6979810">
    <ele>4.2</ele>
    <time>2025-05-13T08:22:29Z</time>
   </trkpt>
   <trkpt lat="43.4055430" lon="3.6979700">
    <ele>4.2</ele>
    <time>2025-05-13T08:22:30Z</time>
   </trkpt>
   <trkpt lat="43.4055930" lon="3.6979540">
    <ele>4.3</ele>
    <time>2025-05-13T08:22:31Z</time>
   </trkpt>
   <trkpt lat="43.4056520" lon="3.6979440">
    <ele>4.2</ele>
    <time>2025-05-13T08:22:32Z</time>
   </trkpt>
   <trkpt lat="43.4057160" lon="3.6979450">
    <ele>4.2</ele>
    <time>2025-05-13T08:22:33Z</time>
   </trkpt>
   <trkpt lat="43.4057790" lon="3.6979810">
    <ele>4.1</ele>
    <time>2025-05-13T08:22:34Z</time>
   </trkpt>
   <trkpt lat="43.4058270" lon="3.6980460">
    <ele>4.1</ele>
    <time>2025-05-13T08:22:35Z</time>
   </trkpt>
   <trkpt lat="43.4058560" lon="3.6981130">
    <ele>4.1</ele>
    <time>2025-05-13T08:22:36Z</time>
   </trkpt>
   <trkpt lat="43.4058840" lon="3.6981800">
    <ele>4.1</ele>
    <time>2025-05-13T08:22:37Z</time>
   </trkpt>
   <trkpt lat="43.4059090" lon="3.6982400">
    <ele>4.1</ele>
    <time>2025-05-13T08:22:38Z</time>
   </trkpt>
   <trkpt lat="43.4059390" lon="3.6982980">
    <ele>4.1</ele>
    <time>2025-05-13T08:22:39Z</time>
   </trkpt>
   <trkpt lat="43.4059660" lon="3.6983570">
    <ele>4.1</ele>
    <time>2025-05-13T08:22:40Z</time>
   </trkpt>
   <trkpt lat="43.4059940" lon="3.6984150">
    <ele>4.1</ele>
    <time>2025-05-13T08:22:41Z</time>
   </trkpt>
   <trkpt lat="43.4060190" lon="3.6984690">
    <ele>4.1</ele>
    <time>2025-05-13T08:22:42Z</time>
   </trkpt>
   <trkpt lat="43.4060450" lon="3.6985250">
    <ele>4.1</ele>
    <time>2025-05-13T08:22:43Z</time>
   </trkpt>
   <trkpt lat="43.4060700" lon="3.6985820">
    <ele>4.1</ele>
    <time>2025-05-13T08:22:44Z</time>
   </trkpt>
   <trkpt lat="43.4060920" lon="3.6986360">
    <ele>4.2</ele>
    <time>2025-05-13T08:22:45Z</time>
   </trkpt>
   <trkpt lat="43.4061160" lon="3.6986910">
    <ele>4.2</ele>
    <time>2025-05-13T08:22:46Z</time>
   </trkpt>
   <trkpt lat="43.4061410" lon="3.6987480">
    <ele>4.2</ele>
    <time>2025-05-13T08:22:47Z</time>
   </trkpt>
   <trkpt lat="43.4061690" lon="3.6988020">
    <ele>4.3</ele>
    <time>2025-05-13T08:22:48Z</time>
   </trkpt>
   <trkpt lat="43.4061980" lon="3.6988510">
    <ele>4.3</ele>
    <time>2025-05-13T08:22:49Z</time>
   </trkpt>
   <trkpt lat="43.4062310" lon="3.6989000">
    <ele>4.4</ele>
    <time>2025-05-13T08:22:50Z</time>
   </trkpt>
   <trkpt lat="43.4062670" lon="3.6989370">
    <ele>4.5</ele>
    <time>2025-05-13T08:22:51Z</time>
   </trkpt>
   <trkpt lat="43.4063020" lon="3.6989630">
    <ele>4.6</ele>
    <time>2025-05-13T08:22:52Z</time>
   </trkpt>
   <trkpt lat="43.4063420" lon="3.6989780">
    <ele>4.7</ele>
    <time>2025-05-13T08:22:53Z</time>
   </trkpt>
   <trkpt lat="43.4063820" lon="3.6989810">
    <ele>4.8</ele>
    <time>2025-05-13T08:22:54Z</time>
   </trkpt>
   <trkpt lat="43.4064160" lon="3.6989750">
    <ele>4.8</ele>
    <time>2025-05-13T08:22:55Z</time>
   </trkpt>
   <trkpt lat="43.4064480" lon="3.6989610">
    <ele>4.9</ele>
    <time>2025-05-13T08:22:56Z</time>
   </trkpt>
   <trkpt lat="43.4064810" lon="3.6989400">
    <ele>5.0</ele>
    <time>2025-05-13T08:22:57Z</time>
   </trkpt>
   <trkpt lat="43.4065160" lon="3.6989110">
    <ele>5.1</ele>
    <time>2025-05-13T08:22:58Z</time>
   </trkpt>
   <trkpt lat="43.4065510" lon="3.6988820">
    <ele>5.1</ele>
    <time>2025-05-13T08:22:59Z</time>
   </trkpt>
   <trkpt lat="43.4065850" lon="3.6988510">
    <ele>5.1</ele>
    <time>2025-05-13T08:23:00Z</time>
   </trkpt>
   <trkpt lat="43.4066220" lon="3.6988220">
    <ele>5.1</ele>
    <time>2025-05-13T08:23:01Z</time>
   </trkpt>
   <trkpt lat="43.4066520" lon="3.6987930">
    <ele>5.1</ele>
    <time>2025-05-13T08:23:02Z</time>
   </trkpt>
   <trkpt lat="43.4066810" lon="3.6987630">
    <ele>5.1</ele>
    <time>2025-05-13T08:23:03Z</time>
   </trkpt>
   <trkpt lat="43.4067070" lon="3.6987290">
    <ele>5.0</ele>
    <time>2025-05-13T08:23:04Z</time>
   </trkpt>
   <trkpt lat="43.4067240" lon="3.6986990">
    <ele>5.0</ele>
    <time>2025-05-13T08:23:05Z</time>
   </trkpt>
   <trkpt lat="43.4067340" lon="3.6986770">
    <ele>4.9</ele>
    <time>2025-05-13T08:23:06Z</time>
   </trkpt>
   <trkpt lat="43.4067360" lon="3.6986530">
    <ele>4.9</ele>
    <time>2025-05-13T08:23:07Z</time>
   </trkpt>
   <trkpt lat="43.4067360" lon="3.6986280">
    <ele>4.8</ele>
    <time>2025-05-13T08:23:08Z</time>
   </trkpt>
   <trkpt lat="43.4067370" lon="3.6986050">
    <ele>4.8</ele>
    <time>2025-05-13T08:23:09Z</time>
   </trkpt>
   <trkpt lat="43.4067390" lon="3.6985830">
    <ele>4.7</ele>
    <time>2025-05-13T08:23:10Z</time>
   </trkpt>
   <trkpt lat="43.4067390" lon="3.6985690">
    <ele>4.7</ele>
    <time>2025-05-13T08:23:11Z</time>
   </trkpt>
   <trkpt lat="43.4067400" lon="3.6985560">
    <ele>4.7</ele>
    <time>2025-05-13T08:23:12Z</time>
   </trkpt>
   <trkpt lat="43.4067460" lon="3.6985400">
    <ele>4.6</ele>
    <time>2025-05-13T08:23:13Z</time>
   </trkpt>
   <trkpt lat="43.4067470" lon="3.6985240">
    <ele>4.6</ele>
    <time>2025-05-13T08:23:14Z</time>
   </trkpt>
   <trkpt lat="43.4067480" lon="3.6985120">
    <ele>4.5</ele>
    <time>2025-05-13T08:23:15Z</time>
   </trkpt>
   <trkpt lat="43.4067500" lon="3.6985000">
    <ele>4.5</ele>
    <time>2025-05-13T08:23:16Z</time>
   </trkpt>
   <trkpt lat="43.4067500" lon="3.6984920">
    <ele>4.5</ele>
    <time>2025-05-13T08:23:17Z</time>
   </trkpt>
   <trkpt lat="43.4067450" lon="3.6984830">
    <ele>4.5</ele>
    <time>2025-05-13T08:23:18Z</time>
   </trkpt>
   <trkpt lat="43.4067420" lon="3.6984680">
    <ele>4.4</ele>
    <time>2025-05-13T08:23:19Z</time>
   </trkpt>
   <trkpt lat="43.4067380" lon="3.6984480">
    <ele>4.3</ele>
    <time>2025-05-13T08:23:20Z</time>
   </trkpt>
   <trkpt lat="43.4067290" lon="3.6984250">
    <ele>4.3</ele>
    <time>2025-05-13T08:23:21Z</time>
   </trkpt>
   <trkpt lat="43.4067150" lon="3.6983840">
    <ele>4.2</ele>
    <time>2025-05-13T08:23:22Z</time>
   </trkpt>
   <trkpt lat="43.4066960" lon="3.6983360">
    <ele>4.1</ele>
    <time>2025-05-13T08:23:23Z</time>
   </trkpt>
   <trkpt lat="43.4066700" lon="3.6982820">
    <ele>4.0</ele>
    <time>2025-05-13T08:23:24Z</time>
   </trkpt>
   <trkpt lat="43.4066450" lon="3.6982290">
    <ele>3.9</ele>
    <time>2025-05-13T08:23:25Z</time>
   </trkpt>
   <trkpt lat="43.4066190" lon="3.6981740">
    <ele>3.9</ele>
    <time>2025-05-13T08:23:26Z</time>
   </trkpt>
   <trkpt lat="43.4065920" lon="3.6981190">
    <ele>3.8</ele>
    <time>2025-05-13T08:23:27Z</time>
   </trkpt>
   <trkpt lat="43.4065670" lon="3.6980590">
    <ele>3.8</ele>
    <time>2025-05-13T08:23:28Z</time>
   </trkpt>
   <trkpt lat="43.4065420" lon="3.6979970">
    <ele>3.7</ele>
    <time>2025-05-13T08:23:29Z</time>
   </trkpt>
   <trkpt lat="43.4065140" lon="3.6979340">
    <ele>3.7</ele>
    <time>2025-05-13T08:23:30Z</time>
   </trkpt>
   <trkpt lat="43.4064860" lon="3.6978760">
    <ele>3.6</ele>
    <time>2025-05-13T08:23:31Z</time>
   </trkpt>
   <trkpt lat="43.4064650" lon="3.6978330">
    <ele>3.6</ele>
    <time>2025-05-13T08:23:32Z</time>
   </trkpt>
   <trkpt lat="43.4064440" lon="3.6977900">
    <ele>3.6</ele>
    <time>2025-05-13T08:23:33Z</time>
   </trkpt>
   <trkpt lat="43.4064380" lon="3.6977780">
    <ele>3.6</ele>
    <time>2025-05-13T08:23:34Z</time>
   </trkpt>
   <trkpt lat="43.4064150" lon="3.6977310">
    <ele>3.5</ele>
    <time>2025-05-13T08:23:35Z</time>
   </trkpt>
   <trkpt lat="43.4064050" lon="3.6977130">
    <ele>3.5</ele>
    <time>2025-05-13T08:23:36Z</time>
   </trkpt>
   <trkpt lat="43.4063830" lon="3.6976670">
    <ele>3.4</ele>
    <time>2025-05-13T08:23:37Z</time>
   </trkpt>
   <trkpt lat="43.4063620" lon="3.6976120">
    <ele>3.4</ele>
    <time>2025-05-13T08:23:38Z</time>
   </trkpt>
   <trkpt lat="43.4063420" lon="3.6975570">
    <ele>3.3</ele>
    <time>2025-05-13T08:23:39Z</time>
   </trkpt>
   <trkpt lat="43.4063220" lon="3.6975010">
    <ele>3.3</ele>
    <time>2025-05-13T08:23:40Z</time>
   </trkpt>
   <trkpt lat="43.4063030" lon="3.6974430">
    <ele>3.3</ele>
    <time>2025-05-13T08:23:41Z</time>
   </trkpt>
   <trkpt lat="43.4062860" lon="3.6973800">
    <ele>3.2</ele>
    <time>2025-05-13T08:23:42Z</time>
   </trkpt>
   <trkpt lat="43.4062730" lon="3.6973180">
    <ele>3.2</ele>
    <time>2025-05-13T08:23:43Z</time>
   </trkpt>
   <trkpt lat="43.4062720" lon="3.6972560">
    <ele>3.2</ele>
    <time>2025-05-13T08:23:44Z</time>
   </trkpt>
   <trkpt lat="43.4062760" lon="3.6971870">
    <ele>3.2</ele>
    <time>2025-05-13T08:23:45Z</time>
   </trkpt>
   <trkpt lat="43.4062870" lon="3.6971210">
    <ele>3.2</ele>
    <time>2025-05-13T08:23:46Z</time>
   </trkpt>
   <trkpt lat="43.4063040" lon="3.6970630">
    <ele>3.3</ele>
    <time>2025-05-13T08:23:47Z</time>
   </trkpt>
   <trkpt lat="43.4063390" lon="3.6970200">
    <ele>3.3</ele>
    <time>2025-05-13T08:23:48Z</time>
   </trkpt>
   <trkpt lat="43.4063820" lon="3.6969990">
    <ele>3.3</ele>
    <time>2025-05-13T08:23:49Z</time>
   </trkpt>
   <trkpt lat="43.4064260" lon="3.6969880">
    <ele>3.3</ele>
    <time>2025-05-13T08:23:50Z</time>
   </trkpt>
   <trkpt lat="43.4064700" lon="3.6969730">
    <ele>3.3</ele>
    <time>2025-05-13T08:23:51Z</time>
   </trkpt>
   <trkpt lat="43.4065140" lon="3.6969570">
    <ele>3.3</ele>
    <time>2025-05-13T08:23:52Z</time>
   </trkpt>
   <trkpt lat="43.4065550" lon="3.6969410">
    <ele>3.3</ele>
    <time>2025-05-13T08:23:53Z</time>
   </trkpt>
   <trkpt lat="43.4065940" lon="3.6969220">
    <ele>3.3</ele>
    <time>2025-05-13T08:23:54Z</time>
   </trkpt>
   <trkpt lat="43.4066330" lon="3.6969020">
    <ele>3.3</ele>
    <time>2025-05-13T08:23:55Z</time>
   </trkpt>
   <trkpt lat="43.4066730" lon="3.6968800">
    <ele>3.4</ele>
    <time>2025-05-13T08:23:56Z</time>
   </trkpt>
   <trkpt lat="43.4067110" lon="3.6968590">
    <ele>3.5</ele>
    <time>2025-05-13T08:23:57Z</time>
   </trkpt>
   <trkpt lat="43.4067450" lon="3.6968390">
    <ele>3.6</ele>
    <time>2025-05-13T08:23:58Z</time>
   </trkpt>
   <trkpt lat="43.4067770" lon="3.6968220">
    <ele>3.7</ele>
    <time>2025-05-13T08:23:59Z</time>
   </trkpt>
   <trkpt lat="43.4068100" lon="3.6968000">
    <ele>3.7</ele>
    <time>2025-05-13T08:24:00Z</time>
   </trkpt>
   <trkpt lat="43.4068210" lon="3.6967950">
    <ele>3.8</ele>
    <time>2025-05-13T08:24:01Z</time>
   </trkpt>
   <trkpt lat="43.4068400" lon="3.6967910">
    <ele>3.8</ele>
    <time>2025-05-13T08:24:02Z</time>
   </trkpt>
   <trkpt lat="43.4068540" lon="3.6967890">
    <ele>3.8</ele>
    <time>2025-05-13T08:24:03Z</time>
   </trkpt>
   <trkpt lat="43.4068610" lon="3.6967880">
    <ele>3.8</ele>
    <time>2025-05-13T08:24:04Z</time>
   </trkpt>
   <trkpt lat="43.4068610" lon="3.6967880">
    <ele>3.8</ele>
    <time>2025-05-13T08:24:05Z</time>
   </trkpt>
   <trkpt lat="43.4068620" lon="3.6967880">
    <ele>3.8</ele>
    <time>2025-05-13T08:24:06Z</time>
   </trkpt>
   <trkpt lat="43.4068630" lon="3.6967880">
    <ele>3.8</ele>
    <time>2025-05-13T08:24:07Z</time>
   </trkpt>
   <trkpt lat="43.4068640" lon="3.6967880">
    <ele>3.9</ele>
    <time>2025-05-13T08:24:08Z</time>
   </trkpt>
   <trkpt lat="43.4068640" lon="3.6967880">
    <ele>3.9</ele>
    <time>2025-05-13T08:24:09Z</time>
   </trkpt>
   <trkpt lat="43.4068650" lon="3.6967880">
    <ele>3.9</ele>
    <time>2025-05-13T08:24:10Z</time>
   </trkpt>
   <trkpt lat="43.4068660" lon="3.6967870">
    <ele>3.9</ele>
    <time>2025-05-13T08:24:11Z</time>
   </trkpt>
   <trkpt lat="43.4068670" lon="3.6967870">
    <ele>3.9</ele>
    <time>2025-05-13T08:24:12Z</time>
   </trkpt>
   <trkpt lat="43.4068670" lon="3.6967870">
    <ele>3.9</ele>
    <time>2025-05-13T08:24:13Z</time>
   </trkpt>
   <trkpt lat="43.4068680" lon="3.6967870">
    <ele>3.9</ele>
    <time>2025-05-13T08:24:14Z</time>
   </trkpt>
   <trkpt lat="43.4068690" lon="3.6967870">
    <ele>3.9</ele>
    <time>2025-05-13T08:24:15Z</time>
   </trkpt>
   <trkpt lat="43.4068700" lon="3.6967870">
    <ele>3.9</ele>
    <time>2025-05-13T08:24:16Z</time>
   </trkpt>
   <trkpt lat="43.4068700" lon="3.6967870">
    <ele>3.9</ele>
    <time>2025-05-13T08:24:17Z</time>
   </trkpt>
   <trkpt lat="43.4068710" lon="3.6967870">
    <ele>3.9</ele>
    <time>2025-05-13T08:24:18Z</time>
   </trkpt>
   <trkpt lat="43.4068720" lon="3.6967870">
    <ele>3.9</ele>
    <time>2025-05-13T08:24:19Z</time>
   </trkpt>
   <trkpt lat="43.4068730" lon="3.6967870">
    <ele>3.9</ele>
    <time>2025-05-13T08:24:20Z</time>
   </trkpt>
   <trkpt lat="43.4068730" lon="3.6967870">
    <ele>3.9</ele>
    <time>2025-05-13T08:24:21Z</time>
   </trkpt>
   <trkpt lat="43.4068740" lon="3.6967870">
    <ele>3.9</ele>
    <time>2025-05-13T08:24:22Z</time>
   </trkpt>
   <trkpt lat="43.4068750" lon="3.6967870">
    <ele>3.9</ele>
    <time>2025-05-13T08:24:23Z</time>
   </trkpt>
   <trkpt lat="43.4068760" lon="3.6967870">
    <ele>3.9</ele>
    <time>2025-05-13T08:24:24Z</time>
   </trkpt>
   <trkpt lat="43.4068760" lon="3.6967870">
    <ele>3.9</ele>
    <time>2025-05-13T08:24:25Z</time>
   </trkpt>
   <trkpt lat="43.4068770" lon="3.6967870">
    <ele>3.9</ele>
    <time>2025-05-13T08:24:26Z</time>
   </trkpt>
   <trkpt lat="43.4068780" lon="3.6967860">
    <ele>3.9</ele>
    <time>2025-05-13T08:24:27Z</time>
   </trkpt>
   <trkpt lat="43.4068790" lon="3.6967860">
    <ele>3.9</ele>
    <time>2025-05-13T08:24:28Z</time>
   </trkpt>
   <trkpt lat="43.4068790" lon="3.6967860">
    <ele>3.9</ele>
    <time>2025-05-13T08:24:29Z</time>
   </trkpt>
   <trkpt lat="43.4068800" lon="3.6967860">
    <ele>3.9</ele>
    <time>2025-05-13T08:24:30Z</time>
   </trkpt>
   <trkpt lat="43.4068810" lon="3.6967860">
    <ele>3.9</ele>
    <time>2025-05-13T08:24:31Z</time>
   </trkpt>
   <trkpt lat="43.4068820" lon="3.6967860">
    <ele>3.9</ele>
    <time>2025-05-13T08:24:32Z</time>
   </trkpt>
   <trkpt lat="43.4068820" lon="3.6967860">
    <ele>3.9</ele>
    <time>2025-05-13T08:24:33Z</time>
   </trkpt>
   <trkpt lat="43.4068830" lon="3.6967860">
    <ele>3.9</ele>
    <time>2025-05-13T08:24:34Z</time>
   </trkpt>
   <trkpt lat="43.4068840" lon="3.6967860">
    <ele>3.9</ele>
    <time>2025-05-13T08:24:35Z</time>
   </trkpt>
   <trkpt lat="43.4068850" lon="3.6967860">
    <ele>3.9</ele>
    <time>2025-05-13T08:24:36Z</time>
   </trkpt>
   <trkpt lat="43.4068850" lon="3.6967860">
    <ele>3.9</ele>
    <time>2025-05-13T08:24:37Z</time>
   </trkpt>
   <trkpt lat="43.4068860" lon="3.6967860">
    <ele>3.9</ele>
    <time>2025-05-13T08:24:38Z</time>
   </trkpt>
   <trkpt lat="43.4068870" lon="3.6967860">
    <ele>3.9</ele>
    <time>2025-05-13T08:24:39Z</time>
   </trkpt>
   <trkpt lat="43.4068880" lon="3.6967860">
    <ele>3.9</ele>
    <time>2025-05-13T08:24:40Z</time>
   </trkpt>
   <trkpt lat="43.4068880" lon="3.6967860">
    <ele>3.9</ele>
    <time>2025-05-13T08:24:41Z</time>
   </trkpt>
   <trkpt lat="43.4068890" lon="3.6967860">
    <ele>3.9</ele>
    <time>2025-05-13T08:24:42Z</time>
   </trkpt>
   <trkpt lat="43.4068900" lon="3.6967850">
    <ele>3.9</ele>
    <time>2025-05-13T08:24:43Z</time>
   </trkpt>
   <trkpt lat="43.4068910" lon="3.6967850">
    <ele>3.9</ele>
    <time>2025-05-13T08:24:44Z</time>
   </trkpt>
   <trkpt lat="43.4068910" lon="3.6967850">
    <ele>3.9</ele>
    <time>2025-05-13T08:24:45Z</time>
   </trkpt>
   <trkpt lat="43.4068920" lon="3.6967850">
    <ele>3.9</ele>
    <time>2025-05-13T08:24:46Z</time>
   </trkpt>
   <trkpt lat="43.4068930" lon="3.6967850">
    <ele>3.9</ele>
    <time>2025-05-13T08:24:47Z</time>
   </trkpt>
   <trkpt lat="43.4068940" lon="3.6967850">
    <ele>3.9</ele>
    <time>2025-05-13T08:24:48Z</time>
   </trkpt>
   <trkpt lat="43.4068940" lon="3.6967850">
    <ele>3.9</ele>
    <time>2025-05-13T08:24:49Z</time>
   </trkpt>
   <trkpt lat="43.4068950" lon="3.6967850">
    <ele>3.9</ele>
    <time>2025-05-13T08:24:50Z</time>
   </trkpt>
   <trkpt lat="43.4069280" lon="3.6967710">
    <ele>3.9</ele>
    <time>2025-05-13T08:24:51Z</time>
   </trkpt>
   <trkpt lat="43.4069640" lon="3.6967540">
    <ele>3.9</ele>
    <time>2025-05-13T08:24:52Z</time>
   </trkpt>
   <trkpt lat="43.4069950" lon="3.6967320">
    <ele>3.9</ele>
    <time>2025-05-13T08:24:53Z</time>
   </trkpt>
   <trkpt lat="43.4070410" lon="3.6966990">
    <ele>3.9</ele>
    <time>2025-05-13T08:24:54Z</time>
   </trkpt>
   <trkpt lat="43.4070840" lon="3.6966810">
    <ele>3.9</ele>
    <time>2025-05-13T08:24:55Z</time>
   </trkpt>
   <trkpt lat="43.4071290" lon="3.6966620">
    <ele>3.8</ele>
    <time>2025-05-13T08:24:56Z</time>
   </trkpt>
   <trkpt lat="43.4071710" lon="3.6966400">
    <ele>3.8</ele>
    <time>2025-05-13T08:24:57Z</time>
   </trkpt>
   <trkpt lat="43.4072100" lon="3.6966170">
    <ele>3.7</ele>
    <time>2025-05-13T08:24:58Z</time>
   </trkpt>
   <trkpt lat="43.4072480" lon="3.6965880">
    <ele>3.6</ele>
    <time>2025-05-13T08:24:59Z</time>
   </trkpt>
   <trkpt lat="43.4072900" lon="3.6965600">
    <ele>3.6</ele>
    <time>2025-05-13T08:25:00Z</time>
   </trkpt>
   <trkpt lat="43.4073380" lon="3.6965360">
    <ele>3.5</ele>
    <time>2025-05-13T08:25:01Z</time>
   </trkpt>
   <trkpt lat="43.4073880" lon="3.6965130">
    <ele>3.5</ele>
    <time>2025-05-13T08:25:02Z</time>
   </trkpt>
   <trkpt lat="43.4074410" lon="3.6964920">
    <ele>3.5</ele>
    <time>2025-05-13T08:25:03Z</time>
   </trkpt>
   <trkpt lat="43.4074960" lon="3.6964650">
    <ele>3.5</ele>
    <time>2025-05-13T08:25:04Z</time>
   </trkpt>
   <trkpt lat="43.4075530" lon="3.6964410">
    <ele>3.5</ele>
    <time>2025-05-13T08:25:05Z</time>
   </trkpt>
   <trkpt lat="43.4076110" lon="3.6964170">
    <ele>3.5</ele>
    <time>2025-05-13T08:25:06Z</time>
   </trkpt>
   <trkpt lat="43.4076710" lon="3.6963960">
    <ele>3.5</ele>
    <time>2025-05-13T08:25:07Z</time>
   </trkpt>
   <trkpt lat="43.4077300" lon="3.6963710">
    <ele>3.5</ele>
    <time>2025-05-13T08:25:08Z</time>
   </trkpt>
   <trkpt lat="43.4077880" lon="3.6963460">
    <ele>3.5</ele>
    <time>2025-05-13T08:25:09Z</time>
   </trkpt>
   <trkpt lat="43.4078450" lon="3.6963200">
    <ele>3.4</ele>
    <time>2025-05-13T08:25:10Z</time>
   </trkpt>
   <trkpt lat="43.4079000" lon="3.6962900">
    <ele>3.4</ele>
    <time>2025-05-13T08:25:11Z</time>
   </trkpt>
   <trkpt lat="43.4079600" lon="3.6962610">
    <ele>3.4</ele>
    <time>2025-05-13T08:25:12Z</time>
   </trkpt>
   <trkpt lat="43.4080200" lon="3.6962330">
    <ele>3.4</ele>
    <time>2025-05-13T08:25:13Z</time>
   </trkpt>
   <trkpt lat="43.4080780" lon="3.6962030">
    <ele>3.4</ele>
    <time>2025-05-13T08:25:14Z</time>
   </trkpt>
   <trkpt lat="43.4081380" lon="3.6961730">
    <ele>3.4</ele>
    <time>2025-05-13T08:25:15Z</time>
   </trkpt>
   <trkpt lat="43.4082000" lon="3.6961420">
    <ele>3.4</ele>
    <time>2025-05-13T08:25:16Z</time>
   </trkpt>
   <trkpt lat="43.4082580" lon="3.6961040">
    <ele>3.4</ele>
    <time>2025-05-13T08:25:17Z</time>
   </trkpt>
   <trkpt lat="43.4083170" lon="3.6960640">
    <ele>3.4</ele>
    <time>2025-05-13T08:25:18Z</time>
   </trkpt>
   <trkpt lat="43.4083730" lon="3.6960200">
    <ele>3.5</ele>
    <time>2025-05-13T08:25:19Z</time>
   </trkpt>
   <trkpt lat="43.4084280" lon="3.6959760">
    <ele>3.5</ele>
    <time>2025-05-13T08:25:20Z</time>
   </trkpt>
   <trkpt lat="43.4084830" lon="3.6959330">
    <ele>3.5</ele>
    <time>2025-05-13T08:25:21Z</time>
   </trkpt>
   <trkpt lat="43.4085400" lon="3.6958910">
    <ele>3.6</ele>
    <time>2025-05-13T08:25:22Z</time>
   </trkpt>
   <trkpt lat="43.4085920" lon="3.6958450">
    <ele>3.6</ele>
    <time>2025-05-13T08:25:23Z</time>
   </trkpt>
   <trkpt lat="43.4086420" lon="3.6958060">
    <ele>3.6</ele>
    <time>2025-05-13T08:25:24Z</time>
   </trkpt>
   <trkpt lat="43.4086960" lon="3.6957700">
    <ele>3.6</ele>
    <time>2025-05-13T08:25:25Z</time>
   </trkpt>
   <trkpt lat="43.4087470" lon="3.6957340">
    <ele>3.5</ele>
    <time>2025-05-13T08:25:26Z</time>
   </trkpt>
   <trkpt lat="43.4087970" lon="3.6957040">
    <ele>3.5</ele>
    <time>2025-05-13T08:25:27Z</time>
   </trkpt>
   <trkpt lat="43.4088460" lon="3.6956680">
    <ele>3.5</ele>
    <time>2025-05-13T08:25:28Z</time>
   </trkpt>
   <trkpt lat="43.4088970" lon="3.6956350">
    <ele>3.5</ele>
    <time>2025-05-13T08:25:29Z</time>
   </trkpt>
   <trkpt lat="43.4089470" lon="3.6955980">
    <ele>3.5</ele>
    <time>2025-05-13T08:25:30Z</time>
   </trkpt>
   <trkpt lat="43.4089980" lon="3.6955550">
    <ele>3.5</ele>
    <time>2025-05-13T08:25:31Z</time>
   </trkpt>
   <trkpt lat="43.4090510" lon="3.6955150">
    <ele>3.5</ele>
    <time>2025-05-13T08:25:32Z</time>
   </trkpt>
   <trkpt lat="43.4091050" lon="3.6954780">
    <ele>3.5</ele>
    <time>2025-05-13T08:25:33Z</time>
   </trkpt>
   <trkpt lat="43.4091600" lon="3.6954410">
    <ele>3.6</ele>
    <time>2025-05-13T08:25:34Z</time>
   </trkpt>
   <trkpt lat="43.4092110" lon="3.6954020">
    <ele>3.6</ele>
    <time>2025-05-13T08:25:35Z</time>
   </trkpt>
   <trkpt lat="43.4092630" lon="3.6953610">
    <ele>3.6</ele>
    <time>2025-05-13T08:25:36Z</time>
   </trkpt>
   <trkpt lat="43.4093200" lon="3.6953180">
    <ele>3.6</ele>
    <time>2025-05-13T08:25:37Z</time>
   </trkpt>
   <trkpt lat="43.4093750" lon="3.6952730">
    <ele>3.6</ele>
    <time>2025-05-13T08:25:38Z</time>
   </trkpt>
   <trkpt lat="43.4094310" lon="3.6952320">
    <ele>3.6</ele>
    <time>2025-05-13T08:25:39Z</time>
   </trkpt>
   <trkpt lat="43.4094850" lon="3.6951900">
    <ele>3.6</ele>
    <time>2025-05-13T08:25:40Z</time>
   </trkpt>
   <trkpt lat="43.4095390" lon="3.6951480">
    <ele>3.6</ele>
    <time>2025-05-13T08:25:41Z</time>
   </trkpt>
   <trkpt lat="43.4095950" lon="3.6951060">
    <ele>3.7</ele>
    <time>2025-05-13T08:25:42Z</time>
   </trkpt>
   <trkpt lat="43.4096480" lon="3.6950580">
    <ele>3.7</ele>
    <time>2025-05-13T08:25:43Z</time>
   </trkpt>
   <trkpt lat="43.4097020" lon="3.6950100">
    <ele>3.7</ele>
    <time>2025-05-13T08:25:44Z</time>
   </trkpt>
   <trkpt lat="43.4097570" lon="3.6949690">
    <ele>3.6</ele>
    <time>2025-05-13T08:25:45Z</time>
   </trkpt>
   <trkpt lat="43.4098110" lon="3.6949280">
    <ele>3.5</ele>
    <time>2025-05-13T08:25:46Z</time>
   </trkpt>
   <trkpt lat="43.4098680" lon="3.6948880">
    <ele>3.3</ele>
    <time>2025-05-13T08:25:47Z</time>
   </trkpt>
   <trkpt lat="43.4099250" lon="3.6948470">
    <ele>3.2</ele>
    <time>2025-05-13T08:25:48Z</time>
   </trkpt>
   <trkpt lat="43.4099830" lon="3.6948050">
    <ele>3.2</ele>
    <time>2025-05-13T08:25:49Z</time>
   </trkpt>
   <trkpt lat="43.4100400" lon="3.6947590">
    <ele>3.2</ele>
    <time>2025-05-13T08:25:50Z</time>
   </trkpt>
   <trkpt lat="43.4100940" lon="3.6947110">
    <ele>3.2</ele>
    <time>2025-05-13T08:25:51Z</time>
   </trkpt>
   <trkpt lat="43.4101490" lon="3.6946690">
    <ele>3.2</ele>
    <time>2025-05-13T08:25:52Z</time>
   </trkpt>
   <trkpt lat="43.4102060" lon="3.6946400">
    <ele>3.2</ele>
    <time>2025-05-13T08:25:53Z</time>
   </trkpt>
   <trkpt lat="43.4102610" lon="3.6946190">
    <ele>3.1</ele>
    <time>2025-05-13T08:25:54Z</time>
   </trkpt>
   <trkpt lat="43.4103100" lon="3.6946110">
    <ele>3.1</ele>
    <time>2025-05-13T08:25:55Z</time>
   </trkpt>
   <trkpt lat="43.4103610" lon="3.6946360">
    <ele>3.1</ele>
    <time>2025-05-13T08:25:56Z</time>
   </trkpt>
   <trkpt lat="43.4104070" lon="3.6946780">
    <ele>3.1</ele>
    <time>2025-05-13T08:25:57Z</time>
   </trkpt>
   <trkpt lat="43.4104500" lon="3.6947310">
    <ele>3.1</ele>
    <time>2025-05-13T08:25:58Z</time>
   </trkpt>
   <trkpt lat="43.4104770" lon="3.6947920">
    <ele>3.1</ele>
    <time>2025-05-13T08:25:59Z</time>
   </trkpt>
   <trkpt lat="43.4104910" lon="3.6948560">
    <ele>3.1</ele>
    <time>2025-05-13T08:26:00Z</time>
   </trkpt>
   <trkpt lat="43.4104990" lon="3.6949210">
    <ele>3.1</ele>
    <time>2025-05-13T08:26:01Z</time>
   </trkpt>
   <trkpt lat="43.4105060" lon="3.6949870">
    <ele>3.0</ele>
    <time>2025-05-13T08:26:02Z</time>
   </trkpt>
   <trkpt lat="43.4105140" lon="3.6950550">
    <ele>3.0</ele>
    <time>2025-05-13T08:26:03Z</time>
   </trkpt>
   <trkpt lat="43.4105230" lon="3.6951230">
    <ele>3.0</ele>
    <time>2025-05-13T08:26:04Z</time>
   </trkpt>
   <trkpt lat="43.4105340" lon="3.6951920">
    <ele>3.0</ele>
    <time>2025-05-13T08:26:05Z</time>
   </trkpt>
   <trkpt lat="43.4105470" lon="3.6952600">
    <ele>3.0</ele>
    <time>2025-05-13T08:26:06Z</time>
   </trkpt>
   <trkpt lat="43.4105570" lon="3.6953310">
    <ele>2.9</ele>
    <time>2025-05-13T08:26:07Z</time>
   </trkpt>
   <trkpt lat="43.4105680" lon="3.6954030">
    <ele>2.9</ele>
    <time>2025-05-13T08:26:08Z</time>
   </trkpt>
   <trkpt lat="43.4105770" lon="3.6954770">
    <ele>2.9</ele>
    <time>2025-05-13T08:26:09Z</time>
   </trkpt>
   <trkpt lat="43.4105880" lon="3.6955490">
    <ele>2.9</ele>
    <time>2025-05-13T08:26:10Z</time>
   </trkpt>
   <trkpt lat="43.4106010" lon="3.6956230">
    <ele>2.9</ele>
    <time>2025-05-13T08:26:11Z</time>
   </trkpt>
   <trkpt lat="43.4106150" lon="3.6956970">
    <ele>2.9</ele>
    <time>2025-05-13T08:26:12Z</time>
   </trkpt>
   <trkpt lat="43.4106270" lon="3.6957710">
    <ele>3.0</ele>
    <time>2025-05-13T08:26:13Z</time>
   </trkpt>
   <trkpt lat="43.4106400" lon="3.6958470">
    <ele>3.0</ele>
    <time>2025-05-13T08:26:14Z</time>
   </trkpt>
   <trkpt lat="43.4106520" lon="3.6959170">
    <ele>3.0</ele>
    <time>2025-05-13T08:26:15Z</time>
   </trkpt>
   <trkpt lat="43.4106610" lon="3.6959800">
    <ele>3.1</ele>
    <time>2025-05-13T08:26:16Z</time>
   </trkpt>
   <trkpt lat="43.4106670" lon="3.6960340">
    <ele>3.1</ele>
    <time>2025-05-13T08:26:17Z</time>
   </trkpt>
   <trkpt lat="43.4106730" lon="3.6960800">
    <ele>3.1</ele>
    <time>2025-05-13T08:26:18Z</time>
   </trkpt>
   <trkpt lat="43.4106780" lon="3.6961220">
    <ele>3.1</ele>
    <time>2025-05-13T08:26:19Z</time>
   </trkpt>
   <trkpt lat="43.4106850" lon="3.6961710">
    <ele>3.1</ele>
    <time>2025-05-13T08:26:20Z</time>
   </trkpt>
   <trkpt lat="43.4106870" lon="3.6961870">
    <ele>3.1</ele>
    <time>2025-05-13T08:26:21Z</time>
   </trkpt>
   <trkpt lat="43.4106900" lon="3.6962140">
    <ele>3.1</ele>
    <time>2025-05-13T08:26:22Z</time>
   </trkpt>
   <trkpt lat="43.4106920" lon="3.6962350">
    <ele>3.1</ele>
    <time>2025-05-13T08:26:23Z</time>
   </trkpt>
   <trkpt lat="43.4106950" lon="3.6962510">
    <ele>3.1</ele>
    <time>2025-05-13T08:26:24Z</time>
   </trkpt>
   <trkpt lat="43.4106960" lon="3.6962520">
    <ele>3.1</ele>
    <time>2025-05-13T08:26:25Z</time>
   </trkpt>
   <trkpt lat="43.4106980" lon="3.6962540">
    <ele>3.1</ele>
    <time>2025-05-13T08:26:26Z</time>
   </trkpt>
   <trkpt lat="43.4107000" lon="3.6962550">
    <ele>3.1</ele>
    <time>2025-05-13T08:26:27Z</time>
   </trkpt>
   <trkpt lat="43.4107010" lon="3.6962560">
    <ele>3.1</ele>
    <time>2025-05-13T08:26:28Z</time>
   </trkpt>
   <trkpt lat="43.4107030" lon="3.6962570">
    <ele>3.1</ele>
    <time>2025-05-13T08:26:29Z</time>
   </trkpt>
   <trkpt lat="43.4107040" lon="3.6962590">
    <ele>3.1</ele>
    <time>2025-05-13T08:26:30Z</time>
   </trkpt>
   <trkpt lat="43.4107060" lon="3.6962600">
    <ele>3.1</ele>
    <time>2025-05-13T08:26:31Z</time>
   </trkpt>
   <trkpt lat="43.4107080" lon="3.6962610">
    <ele>3.1</ele>
    <time>2025-05-13T08:26:32Z</time>
   </trkpt>
   <trkpt lat="43.4107090" lon="3.6962620">
    <ele>3.1</ele>
    <time>2025-05-13T08:26:33Z</time>
   </trkpt>
   <trkpt lat="43.4107110" lon="3.6962640">
    <ele>3.1</ele>
    <time>2025-05-13T08:26:34Z</time>
   </trkpt>
   <trkpt lat="43.4107130" lon="3.6962650">
    <ele>3.1</ele>
    <time>2025-05-13T08:26:35Z</time>
   </trkpt>
   <trkpt lat="43.4107140" lon="3.6962660">
    <ele>3.1</ele>
    <time>2025-05-13T08:26:36Z</time>
   </trkpt>
   <trkpt lat="43.4107160" lon="3.6962670">
    <ele>3.1</ele>
    <time>2025-05-13T08:26:37Z</time>
   </trkpt>
   <trkpt lat="43.4107180" lon="3.6962690">
    <ele>3.2</ele>
    <time>2025-05-13T08:26:38Z</time>
   </trkpt>
   <trkpt lat="43.4107190" lon="3.6962700">
    <ele>3.2</ele>
    <time>2025-05-13T08:26:39Z</time>
   </trkpt>
   <trkpt lat="43.4107210" lon="3.6962710">
    <ele>3.2</ele>
    <time>2025-05-13T08:26:40Z</time>
   </trkpt>
   <trkpt lat="43.4107230" lon="3.6962720">
    <ele>3.2</ele>
    <time>2025-05-13T08:26:41Z</time>
   </trkpt>
   <trkpt lat="43.4107240" lon="3.6962740">
    <ele>3.2</ele>
    <time>2025-05-13T08:26:42Z</time>
   </trkpt>
   <trkpt lat="43.4107260" lon="3.6962750">
    <ele>3.2</ele>
    <time>2025-05-13T08:26:43Z</time>
   </trkpt>
   <trkpt lat="43.4107270" lon="3.6962760">
    <ele>3.2</ele>
    <time>2025-05-13T08:26:44Z</time>
   </trkpt>
   <trkpt lat="43.4107290" lon="3.6962770">
    <ele>3.2</ele>
    <time>2025-05-13T08:26:45Z</time>
   </trkpt>
   <trkpt lat="43.4107310" lon="3.6962790">
    <ele>3.2</ele>
    <time>2025-05-13T08:26:46Z</time>
   </trkpt>
   <trkpt lat="43.4107320" lon="3.6962800">
    <ele>3.2</ele>
    <time>2025-05-13T08:26:47Z</time>
   </trkpt>
   <trkpt lat="43.4107340" lon="3.6962810">
    <ele>3.2</ele>
    <time>2025-05-13T08:26:48Z</time>
   </trkpt>
   <trkpt lat="43.4107450" lon="3.6962960">
    <ele>3.2</ele>
    <time>2025-05-13T08:26:49Z</time>
   </trkpt>
   <trkpt lat="43.4107480" lon="3.6963060">
    <ele>3.2</ele>
    <time>2025-05-13T08:26:50Z</time>
   </trkpt>
   <trkpt lat="43.4107510" lon="3.6963190">
    <ele>3.2</ele>
    <time>2025-05-13T08:26:51Z</time>
   </trkpt>
   <trkpt lat="43.4107530" lon="3.6963220">
    <ele>3.2</ele>
    <time>2025-05-13T08:26:52Z</time>
   </trkpt>
   <trkpt lat="43.4107550" lon="3.6963230">
    <ele>3.2</ele>
    <time>2025-05-13T08:26:53Z</time>
   </trkpt>
   <trkpt lat="43.4107560" lon="3.6963240">
    <ele>3.2</ele>
    <time>2025-05-13T08:26:54Z</time>
   </trkpt>
   <trkpt lat="43.4107570" lon="3.6963250">
    <ele>3.2</ele>
    <time>2025-05-13T08:26:55Z</time>
   </trkpt>
   <trkpt lat="43.4107590" lon="3.6963260">
    <ele>3.2</ele>
    <time>2025-05-13T08:26:56Z</time>
   </trkpt>
   <trkpt lat="43.4107600" lon="3.6963270">
    <ele>3.2</ele>
    <time>2025-05-13T08:26:57Z</time>
   </trkpt>
   <trkpt lat="43.4107610" lon="3.6963280">
    <ele>3.2</ele>
    <time>2025-05-13T08:26:58Z</time>
   </trkpt>
   <trkpt lat="43.4107630" lon="3.6963290">
    <ele>3.2</ele>
    <time>2025-05-13T08:26:59Z</time>
   </trkpt>
   <trkpt lat="43.4107640" lon="3.6963300">
    <ele>3.2</ele>
    <time>2025-05-13T08:27:00Z</time>
   </trkpt>
   <trkpt lat="43.4107650" lon="3.6963320">
    <ele>3.2</ele>
    <time>2025-05-13T08:27:01Z</time>
   </trkpt>
   <trkpt lat="43.4107670" lon="3.6963330">
    <ele>3.2</ele>
    <time>2025-05-13T08:27:02Z</time>
   </trkpt>
   <trkpt lat="43.4107680" lon="3.6963340">
    <ele>3.2</ele>
    <time>2025-05-13T08:27:03Z</time>
   </trkpt>
   <trkpt lat="43.4107690" lon="3.6963350">
    <ele>3.2</ele>
    <time>2025-05-13T08:27:04Z</time>
   </trkpt>
   <trkpt lat="43.4107710" lon="3.6963360">
    <ele>3.2</ele>
    <time>2025-05-13T08:27:05Z</time>
   </trkpt>
   <trkpt lat="43.4107720" lon="3.6963370">
    <ele>3.2</ele>
    <time>2025-05-13T08:27:06Z</time>
   </trkpt>
   <trkpt lat="43.4107730" lon="3.6963380">
    <ele>3.2</ele>
    <time>2025-05-13T08:27:07Z</time>
   </trkpt>
   <trkpt lat="43.4107750" lon="3.6963390">
    <ele>3.2</ele>
    <time>2025-05-13T08:27:08Z</time>
   </trkpt>
   <trkpt lat="43.4107760" lon="3.6963400">
    <ele>3.2</ele>
    <time>2025-05-13T08:27:09Z</time>
   </trkpt>
   <trkpt lat="43.4107770" lon="3.6963410">
    <ele>3.2</ele>
    <time>2025-05-13T08:27:10Z</time>
   </trkpt>
   <trkpt lat="43.4107780" lon="3.6963420">
    <ele>3.2</ele>
    <time>2025-05-13T08:27:11Z</time>
   </trkpt>
   <trkpt lat="43.4107800" lon="3.6963430">
    <ele>3.2</ele>
    <time>2025-05-13T08:27:12Z</time>
   </trkpt>
   <trkpt lat="43.4107810" lon="3.6963440">
    <ele>3.2</ele>
    <time>2025-05-13T08:27:13Z</time>
   </trkpt>
   <trkpt lat="43.4107820" lon="3.6963450">
    <ele>3.2</ele>
    <time>2025-05-13T08:27:14Z</time>
   </trkpt>
   <trkpt lat="43.4107840" lon="3.6963460">
    <ele>3.2</ele>
    <time>2025-05-13T08:27:15Z</time>
   </trkpt>
   <trkpt lat="43.4107850" lon="3.6963470">
    <ele>3.2</ele>
    <time>2025-05-13T08:27:16Z</time>
   </trkpt>
   <trkpt lat="43.4107860" lon="3.6963480">
    <ele>3.2</ele>
    <time>2025-05-13T08:27:17Z</time>
   </trkpt>
   <trkpt lat="43.4107880" lon="3.6963490">
    <ele>3.2</ele>
    <time>2025-05-13T08:27:18Z</time>
   </trkpt>
   <trkpt lat="43.4107890" lon="3.6963510">
    <ele>3.2</ele>
    <time>2025-05-13T08:27:19Z</time>
   </trkpt>
   <trkpt lat="43.4107900" lon="3.6963520">
    <ele>3.2</ele>
    <time>2025-05-13T08:27:20Z</time>
   </trkpt>
   <trkpt lat="43.4107920" lon="3.6963530">
    <ele>3.3</ele>
    <time>2025-05-13T08:27:21Z</time>
   </trkpt>
   <trkpt lat="43.4107930" lon="3.6963540">
    <ele>3.3</ele>
    <time>2025-05-13T08:27:22Z</time>
   </trkpt>
   <trkpt lat="43.4107940" lon="3.6963550">
    <ele>3.3</ele>
    <time>2025-05-13T08:27:23Z</time>
   </trkpt>
   <trkpt lat="43.4107960" lon="3.6963560">
    <ele>3.3</ele>
    <time>2025-05-13T08:27:24Z</time>
   </trkpt>
   <trkpt lat="43.4107970" lon="3.6963570">
    <ele>3.3</ele>
    <time>2025-05-13T08:27:25Z</time>
   </trkpt>
   <trkpt lat="43.4107980" lon="3.6963580">
    <ele>3.3</ele>
    <time>2025-05-13T08:27:26Z</time>
   </trkpt>
   <trkpt lat="43.4108000" lon="3.6963590">
    <ele>3.3</ele>
    <time>2025-05-13T08:27:27Z</time>
   </trkpt>
   <trkpt lat="43.4108010" lon="3.6963600">
    <ele>3.3</ele>
    <time>2025-05-13T08:27:28Z</time>
   </trkpt>
   <trkpt lat="43.4108130" lon="3.6963950">
    <ele>3.3</ele>
    <time>2025-05-13T08:27:29Z</time>
   </trkpt>
   <trkpt lat="43.4108230" lon="3.6964430">
    <ele>3.4</ele>
    <time>2025-05-13T08:27:30Z</time>
   </trkpt>
   <trkpt lat="43.4108270" lon="3.6964600">
    <ele>3.4</ele>
    <time>2025-05-13T08:27:31Z</time>
   </trkpt>
   <trkpt lat="43.4108350" lon="3.6964960">
    <ele>3.4</ele>
    <time>2025-05-13T08:27:32Z</time>
   </trkpt>
   <trkpt lat="43.4108420" lon="3.6965360">
    <ele>3.5</ele>
    <time>2025-05-13T08:27:33Z</time>
   </trkpt>
   <trkpt lat="43.4108490" lon="3.6965820">
    <ele>3.6</ele>
    <time>2025-05-13T08:27:34Z</time>
   </trkpt>
   <trkpt lat="43.4108570" lon="3.6966250">
    <ele>3.7</ele>
    <time>2025-05-13T08:27:35Z</time>
   </trkpt>
   <trkpt lat="43.4108650" lon="3.6966710">
    <ele>3.8</ele>
    <time>2025-05-13T08:27:36Z</time>
   </trkpt>
   <trkpt lat="43.4108730" lon="3.6967170">
    <ele>3.9</ele>
    <time>2025-05-13T08:27:37Z</time>
   </trkpt>
   <trkpt lat="43.4108820" lon="3.6967650">
    <ele>4.0</ele>
    <time>2025-05-13T08:27:38Z</time>
   </trkpt>
   <trkpt lat="43.4108910" lon="3.6968100">
    <ele>4.1</ele>
    <time>2025-05-13T08:27:39Z</time>
   </trkpt>
   <trkpt lat="43.4108970" lon="3.6968540">
    <ele>4.2</ele>
    <time>2025-05-13T08:27:40Z</time>
   </trkpt>
   <trkpt lat="43.4109040" lon="3.6968970">
    <ele>4.3</ele>
    <time>2025-05-13T08:27:41Z</time>
   </trkpt>
   <trkpt lat="43.4109110" lon="3.6969340">
    <ele>4.4</ele>
    <time>2025-05-13T08:27:42Z</time>
   </trkpt>
   <trkpt lat="43.4109220" lon="3.6969690">
    <ele>4.4</ele>
    <time>2025-05-13T08:27:43Z</time>
   </trkpt>
   <trkpt lat="43.4109450" lon="3.6970090">
    <ele>4.5</ele>
    <time>2025-05-13T08:27:44Z</time>
   </trkpt>
   <trkpt lat="43.4109520" lon="3.6970220">
    <ele>4.6</ele>
    <time>2025-05-13T08:27:45Z</time>
   </trkpt>
   <trkpt lat="43.4109580" lon="3.6970450">
    <ele>4.6</ele>
    <time>2025-05-13T08:27:46Z</time>
   </trkpt>
   <trkpt lat="43.4109600" lon="3.6970610">
    <ele>4.6</ele>
    <time>2025-05-13T08:27:47Z</time>
   </trkpt>
   <trkpt lat="43.4109660" lon="3.6970740">
    <ele>4.6</ele>
    <time>2025-05-13T08:27:48Z</time>
   </trkpt>
   <trkpt lat="43.4109680" lon="3.6970770">
    <ele>4.6</ele>
    <time>2025-05-13T08:27:49Z</time>
   </trkpt>
   <trkpt lat="43.4109710" lon="3.6970790">
    <ele>4.6</ele>
    <time>2025-05-13T08:27:50Z</time>
   </trkpt>
   <trkpt lat="43.4109740" lon="3.6970820">
    <ele>4.6</ele>
    <time>2025-05-13T08:27:51Z</time>
   </trkpt>
   <trkpt lat="43.4109770" lon="3.6970840">
    <ele>4.7</ele>
    <time>2025-05-13T08:27:52Z</time>
   </trkpt>
   <trkpt lat="43.4109790" lon="3.6970860">
    <ele>4.7</ele>
    <time>2025-05-13T08:27:53Z</time>
   </trkpt>
   <trkpt lat="43.4109820" lon="3.6970890">
    <ele>4.7</ele>
    <time>2025-05-13T08:27:54Z</time>
   </trkpt>
   <trkpt lat="43.4109850" lon="3.6970910">
    <ele>4.7</ele>
    <time>2025-05-13T08:27:55Z</time>
   </trkpt>
   <trkpt lat="43.4109880" lon="3.6970940">
    <ele>4.7</ele>
    <time>2025-05-13T08:27:56Z</time>
   </trkpt>
   <trkpt lat="43.4109900" lon="3.6970960">
    <ele>4.7</ele>
    <time>2025-05-13T08:27:57Z</time>
   </trkpt>
   <trkpt lat="43.4109930" lon="3.6970980">
    <ele>4.7</ele>
    <time>2025-05-13T08:27:58Z</time>
   </trkpt>
   <trkpt lat="43.4109960" lon="3.6971010">
    <ele>4.7</ele>
    <time>2025-05-13T08:27:59Z</time>
   </trkpt>
   <trkpt lat="43.4109980" lon="3.6971030">
    <ele>4.7</ele>
    <time>2025-05-13T08:28:00Z</time>
   </trkpt>
   <trkpt lat="43.4110010" lon="3.6971060">
    <ele>4.7</ele>
    <time>2025-05-13T08:28:01Z</time>
   </trkpt>
   <trkpt lat="43.4110040" lon="3.6971080">
    <ele>4.7</ele>
    <time>2025-05-13T08:28:02Z</time>
   </trkpt>
   <trkpt lat="43.4110070" lon="3.6971110">
    <ele>4.7</ele>
    <time>2025-05-13T08:28:03Z</time>
   </trkpt>
   <trkpt lat="43.4110090" lon="3.6971130">
    <ele>4.7</ele>
    <time>2025-05-13T08:28:04Z</time>
   </trkpt>
   <trkpt lat="43.4110120" lon="3.6971150">
    <ele>4.7</ele>
    <time>2025-05-13T08:28:05Z</time>
   </trkpt>
   <trkpt lat="43.4110150" lon="3.6971180">
    <ele>4.7</ele>
    <time>2025-05-13T08:28:06Z</time>
   </trkpt>
   <trkpt lat="43.4110180" lon="3.6971200">
    <ele>4.7</ele>
    <time>2025-05-13T08:28:07Z</time>
   </trkpt>
   <trkpt lat="43.4110200" lon="3.6971230">
    <ele>4.7</ele>
    <time>2025-05-13T08:28:08Z</time>
   </trkpt>
   <trkpt lat="43.4110230" lon="3.6971250">
    <ele>4.7</ele>
    <time>2025-05-13T08:28:09Z</time>
   </trkpt>
   <trkpt lat="43.4110440" lon="3.6971460">
    <ele>4.8</ele>
    <time>2025-05-13T08:28:10Z</time>
   </trkpt>
   <trkpt lat="43.4110520" lon="3.6971550">
    <ele>4.8</ele>
    <time>2025-05-13T08:28:11Z</time>
   </trkpt>
   <trkpt lat="43.4110590" lon="3.6971600">
    <ele>4.8</ele>
    <time>2025-05-13T08:28:12Z</time>
   </trkpt>
   <trkpt lat="43.4110610" lon="3.6971590">
    <ele>4.8</ele>
    <time>2025-05-13T08:28:13Z</time>
   </trkpt>
   <trkpt lat="43.4110620" lon="3.6971590">
    <ele>4.8</ele>
    <time>2025-05-13T08:28:14Z</time>
   </trkpt>
   <trkpt lat="43.4110640" lon="3.6971590">
    <ele>4.8</ele>
    <time>2025-05-13T08:28:15Z</time>
   </trkpt>
   <trkpt lat="43.4110650" lon="3.6971580">
    <ele>4.8</ele>
    <time>2025-05-13T08:28:16Z</time>
   </trkpt>
   <trkpt lat="43.4110660" lon="3.6971580">
    <ele>4.8</ele>
    <time>2025-05-13T08:28:17Z</time>
   </trkpt>
   <trkpt lat="43.4110680" lon="3.6971580">
    <ele>4.8</ele>
    <time>2025-05-13T08:28:18Z</time>
   </trkpt>
   <trkpt lat="43.4110690" lon="3.6971570">
    <ele>4.8</ele>
    <time>2025-05-13T08:28:19Z</time>
   </trkpt>
   <trkpt lat="43.4110700" lon="3.6971570">
    <ele>4.8</ele>
    <time>2025-05-13T08:28:20Z</time>
   </trkpt>
   <trkpt lat="43.4110720" lon="3.6971570">
    <ele>4.8</ele>
    <time>2025-05-13T08:28:21Z</time>
   </trkpt>
   <trkpt lat="43.4110730" lon="3.6971560">
    <ele>4.8</ele>
    <time>2025-05-13T08:28:22Z</time>
   </trkpt>
   <trkpt lat="43.4110750" lon="3.6971560">
    <ele>4.8</ele>
    <time>2025-05-13T08:28:23Z</time>
   </trkpt>
   <trkpt lat="43.4110760" lon="3.6971560">
    <ele>4.8</ele>
    <time>2025-05-13T08:28:24Z</time>
   </trkpt>
   <trkpt lat="43.4110770" lon="3.6971550">
    <ele>4.8</ele>
    <time>2025-05-13T08:28:25Z</time>
   </trkpt>
   <trkpt lat="43.4110790" lon="3.6971550">
    <ele>4.8</ele>
    <time>2025-05-13T08:28:26Z</time>
   </trkpt>
   <trkpt lat="43.4110800" lon="3.6971540">
    <ele>4.8</ele>
    <time>2025-05-13T08:28:27Z</time>
   </trkpt>
   <trkpt lat="43.4110810" lon="3.6971540">
    <ele>4.8</ele>
    <time>2025-05-13T08:28:28Z</time>
   </trkpt>
   <trkpt lat="43.4110830" lon="3.6971540">
    <ele>4.8</ele>
    <time>2025-05-13T08:28:29Z</time>
   </trkpt>
   <trkpt lat="43.4110840" lon="3.6971530">
    <ele>4.8</ele>
    <time>2025-05-13T08:28:30Z</time>
   </trkpt>
   <trkpt lat="43.4110860" lon="3.6971530">
    <ele>4.9</ele>
    <time>2025-05-13T08:28:31Z</time>
   </trkpt>
   <trkpt lat="43.4110870" lon="3.6971530">
    <ele>4.9</ele>
    <time>2025-05-13T08:28:32Z</time>
   </trkpt>
   <trkpt lat="43.4110880" lon="3.6971520">
    <ele>4.9</ele>
    <time>2025-05-13T08:28:33Z</time>
   </trkpt>
   <trkpt lat="43.4110900" lon="3.6971520">
    <ele>4.9</ele>
    <time>2025-05-13T08:28:34Z</time>
   </trkpt>
   <trkpt lat="43.4110910" lon="3.6971520">
    <ele>4.9</ele>
    <time>2025-05-13T08:28:35Z</time>
   </trkpt>
   <trkpt lat="43.4110920" lon="3.6971510">
    <ele>4.9</ele>
    <time>2025-05-13T08:28:36Z</time>
   </trkpt>
   <trkpt lat="43.4110940" lon="3.6971510">
    <ele>4.9</ele>
    <time>2025-05-13T08:28:37Z</time>
   </trkpt>
   <trkpt lat="43.4110950" lon="3.6971510">
    <ele>4.9</ele>
    <time>2025-05-13T08:28:38Z</time>
   </trkpt>
   <trkpt lat="43.4110970" lon="3.6971500">
    <ele>4.9</ele>
    <time>2025-05-13T08:28:39Z</time>
   </trkpt>
   <trkpt lat="43.4110980" lon="3.6971500">
    <ele>4.9</ele>
    <time>2025-05-13T08:28:40Z</time>
   </trkpt>
   <trkpt lat="43.4111330" lon="3.6971400">
    <ele>4.9</ele>
    <time>2025-05-13T08:28:41Z</time>
   </trkpt>
   <trkpt lat="43.4111640" lon="3.6971320">
    <ele>5.0</ele>
    <time>2025-05-13T08:28:42Z</time>
   </trkpt>
   <trkpt lat="43.4111970" lon="3.6971240">
    <ele>5.0</ele>
    <time>2025-05-13T08:28:43Z</time>
   </trkpt>
   <trkpt lat="43.4112330" lon="3.6971140">
    <ele>5.0</ele>
    <time>2025-05-13T08:28:44Z</time>
   </trkpt>
   <trkpt lat="43.4112710" lon="3.6971000">
    <ele>5.1</ele>
    <time>2025-05-13T08:28:45Z</time>
   </trkpt>
   <trkpt lat="43.4113110" lon="3.6970850">
    <ele>5.1</ele>
    <time>2025-05-13T08:28:46Z</time>
   </trkpt>
   <trkpt lat="43.4113540" lon="3.6970730">
    <ele>5.2</ele>
    <time>2025-05-13T08:28:47Z</time>
   </trkpt>
   <trkpt lat="43.4113990" lon="3.6970610">
    <ele>5.2</ele>
    <time>2025-05-13T08:28:48Z</time>
   </trkpt>
   <trkpt lat="43.4114420" lon="3.6970490">
    <ele>5.3</ele>
    <time>2025-05-13T08:28:49Z</time>
   </trkpt>
   <trkpt lat="43.4114860" lon="3.6970390">
    <ele>5.3</ele>
    <time>2025-05-13T08:28:50Z</time>
   </trkpt>
   <trkpt lat="43.4115350" lon="3.6970250">
    <ele>5.4</ele>
    <time>2025-05-13T08:28:51Z</time>
   </trkpt>
   <trkpt lat="43.4115810" lon="3.6970130">
    <ele>5.4</ele>
    <time>2025-05-13T08:28:52Z</time>
   </trkpt>
   <trkpt lat="43.4116230" lon="3.6969970">
    <ele>5.4</ele>
    <time>2025-05-13T08:28:53Z</time>
   </trkpt>
   <trkpt lat="43.4116670" lon="3.6969800">
    <ele>5.4</ele>
    <time>2025-05-13T08:28:54Z</time>
   </trkpt>
   <trkpt lat="43.4117130" lon="3.6969620">
    <ele>5.4</ele>
    <time>2025-05-13T08:28:55Z</time>
   </trkpt>
   <trkpt lat="43.4117560" lon="3.6969450">
    <ele>5.4</ele>
    <time>2025-05-13T08:28:56Z</time>
   </trkpt>
   <trkpt lat="43.4117970" lon="3.6969300">
    <ele>5.4</ele>
    <time>2025-05-13T08:28:57Z</time>
   </trkpt>
   <trkpt lat="43.4118370" lon="3.6969170">
    <ele>5.4</ele>
    <time>2025-05-13T08:28:58Z</time>
   </trkpt>
   <trkpt lat="43.4118660" lon="3.6969080">
    <ele>5.4</ele>
    <time>2025-05-13T08:28:59Z</time>
   </trkpt>
   <trkpt lat="43.4118950" lon="3.6968990">
    <ele>5.4</ele>
    <time>2025-05-13T08:29:00Z</time>
   </trkpt>
   <trkpt lat="43.4119130" lon="3.6968940">
    <ele>5.3</ele>
    <time>2025-05-13T08:29:01Z</time>
   </trkpt>
   <trkpt lat="43.4119250" lon="3.6968900">
    <ele>5.3</ele>
    <time>2025-05-13T08:29:02Z</time>
   </trkpt>
   <trkpt lat="43.4119310" lon="3.6968870">
    <ele>5.3</ele>
    <time>2025-05-13T08:29:03Z</time>
   </trkpt>
   <trkpt lat="43.4119320" lon="3.6968870">
    <ele>5.3</ele>
    <time>2025-05-13T08:29:04Z</time>
   </trkpt>
   <trkpt lat="43.4119320" lon="3.6968860">
    <ele>5.3</ele>
    <time>2025-05-13T08:29:05Z</time>
   </trkpt>
   <trkpt lat="43.4119330" lon="3.6968860">
    <ele>5.3</ele>
    <time>2025-05-13T08:29:06Z</time>
   </trkpt>
   <trkpt lat="43.4119330" lon="3.6968860">
    <ele>5.3</ele>
    <time>2025-05-13T08:29:07Z</time>
   </trkpt>
   <trkpt lat="43.4119340" lon="3.6968860">
    <ele>5.3</ele>
    <time>2025-05-13T08:29:08Z</time>
   </trkpt>
   <trkpt lat="43.4119340" lon="3.6968850">
    <ele>5.3</ele>
    <time>2025-05-13T08:29:09Z</time>
   </trkpt>
   <trkpt lat="43.4119340" lon="3.6968850">
    <ele>5.3</ele>
    <time>2025-05-13T08:29:10Z</time>
   </trkpt>
   <trkpt lat="43.4119350" lon="3.6968850">
    <ele>5.3</ele>
    <time>2025-05-13T08:29:11Z</time>
   </trkpt>
   <trkpt lat="43.4119350" lon="3.6968850">
    <ele>5.3</ele>
    <time>2025-05-13T08:29:12Z</time>
   </trkpt>
   <trkpt lat="43.4119360" lon="3.6968840">
    <ele>5.3</ele>
    <time>2025-05-13T08:29:13Z</time>
   </trkpt>
   <trkpt lat="43.4119360" lon="3.6968840">
    <ele>5.3</ele>
    <time>2025-05-13T08:29:14Z</time>
   </trkpt>
   <trkpt lat="43.4119370" lon="3.6968840">
    <ele>5.3</ele>
    <time>2025-05-13T08:29:15Z</time>
   </trkpt>
   <trkpt lat="43.4119370" lon="3.6968840">
    <ele>5.3</ele>
    <time>2025-05-13T08:29:16Z</time>
   </trkpt>
   <trkpt lat="43.4119370" lon="3.6968830">
    <ele>5.3</ele>
    <time>2025-05-13T08:29:17Z</time>
   </trkpt>
   <trkpt lat="43.4119380" lon="3.6968830">
    <ele>5.3</ele>
    <time>2025-05-13T08:29:18Z</time>
   </trkpt>
   <trkpt lat="43.4119380" lon="3.6968830">
    <ele>5.3</ele>
    <time>2025-05-13T08:29:19Z</time>
   </trkpt>
   <trkpt lat="43.4119390" lon="3.6968830">
    <ele>5.3</ele>
    <time>2025-05-13T08:29:20Z</time>
   </trkpt>
   <trkpt lat="43.4119390" lon="3.6968820">
    <ele>5.3</ele>
    <time>2025-05-13T08:29:21Z</time>
   </trkpt>
   <trkpt lat="43.4119400" lon="3.6968820">
    <ele>5.3</ele>
    <time>2025-05-13T08:29:22Z</time>
   </trkpt>
   <trkpt lat="43.4119400" lon="3.6968820">
    <ele>5.3</ele>
    <time>2025-05-13T08:29:23Z</time>
   </trkpt>
   <trkpt lat="43.4119400" lon="3.6968820">
    <ele>5.3</ele>
    <time>2025-05-13T08:29:24Z</time>
   </trkpt>
   <trkpt lat="43.4119410" lon="3.6968820">
    <ele>5.3</ele>
    <time>2025-05-13T08:29:25Z</time>
   </trkpt>
   <trkpt lat="43.4119410" lon="3.6968810">
    <ele>5.3</ele>
    <time>2025-05-13T08:29:26Z</time>
   </trkpt>
   <trkpt lat="43.4119420" lon="3.6968810">
    <ele>5.3</ele>
    <time>2025-05-13T08:29:27Z</time>
   </trkpt>
   <trkpt lat="43.4119420" lon="3.6968810">
    <ele>5.3</ele>
    <time>2025-05-13T08:29:28Z</time>
   </trkpt>
   <trkpt lat="43.4119420" lon="3.6968810">
    <ele>5.3</ele>
    <time>2025-05-13T08:29:29Z</time>
   </trkpt>
   <trkpt lat="43.4119430" lon="3.6968800">
    <ele>5.3</ele>
    <time>2025-05-13T08:29:30Z</time>
   </trkpt>
   <trkpt lat="43.4119430" lon="3.6968800">
    <ele>5.3</ele>
    <time>2025-05-13T08:29:31Z</time>
   </trkpt>
   <trkpt lat="43.4119440" lon="3.6968800">
    <ele>5.3</ele>
    <time>2025-05-13T08:29:32Z</time>
   </trkpt>
   <trkpt lat="43.4119440" lon="3.6968800">
    <ele>5.3</ele>
    <time>2025-05-13T08:29:33Z</time>
   </trkpt>
   <trkpt lat="43.4119450" lon="3.6968790">
    <ele>5.3</ele>
    <time>2025-05-13T08:29:34Z</time>
   </trkpt>
   <trkpt lat="43.4119450" lon="3.6968790">
    <ele>5.3</ele>
    <time>2025-05-13T08:29:35Z</time>
   </trkpt>
   <trkpt lat="43.4119450" lon="3.6968790">
    <ele>5.3</ele>
    <time>2025-05-13T08:29:36Z</time>
   </trkpt>
   <trkpt lat="43.4119460" lon="3.6968790">
    <ele>5.3</ele>
    <time>2025-05-13T08:29:37Z</time>
   </trkpt>
   <trkpt lat="43.4119460" lon="3.6968780">
    <ele>5.3</ele>
    <time>2025-05-13T08:29:38Z</time>
   </trkpt>
   <trkpt lat="43.4119470" lon="3.6968780">
    <ele>5.3</ele>
    <time>2025-05-13T08:29:39Z</time>
   </trkpt>
   <trkpt lat="43.4119470" lon="3.6968780">
    <ele>5.3</ele>
    <time>2025-05-13T08:29:40Z</time>
   </trkpt>
   <trkpt lat="43.4119480" lon="3.6968780">
    <ele>5.3</ele>
    <time>2025-05-13T08:29:41Z</time>
   </trkpt>
   <trkpt lat="43.4119480" lon="3.6968780">
    <ele>5.3</ele>
    <time>2025-05-13T08:29:42Z</time>
   </trkpt>
   <trkpt lat="43.4119480" lon="3.6968770">
    <ele>5.3</ele>
    <time>2025-05-13T08:29:43Z</time>
   </trkpt>
   <trkpt lat="43.4119490" lon="3.6968770">
    <ele>5.3</ele>
    <time>2025-05-13T08:29:44Z</time>
   </trkpt>
   <trkpt lat="43.4119490" lon="3.6968770">
    <ele>5.3</ele>
    <time>2025-05-13T08:29:45Z</time>
   </trkpt>
   <trkpt lat="43.4119500" lon="3.6968770">
    <ele>5.3</ele>
    <time>2025-05-13T08:29:46Z</time>
   </trkpt>
   <trkpt lat="43.4119500" lon="3.6968760">
    <ele>5.3</ele>
    <time>2025-05-13T08:29:47Z</time>
   </trkpt>
   <trkpt lat="43.4119510" lon="3.6968760">
    <ele>5.3</ele>
    <time>2025-05-13T08:29:48Z</time>
   </trkpt>
   <trkpt lat="43.4119510" lon="3.6968760">
    <ele>5.3</ele>
    <time>2025-05-13T08:29:49Z</time>
   </trkpt>
   <trkpt lat="43.4119510" lon="3.6968760">
    <ele>5.3</ele>
    <time>2025-05-13T08:29:50Z</time>
   </trkpt>
   <trkpt lat="43.4119520" lon="3.6968750">
    <ele>5.3</ele>
    <time>2025-05-13T08:29:51Z</time>
   </trkpt>
   <trkpt lat="43.4119520" lon="3.6968750">
    <ele>5.3</ele>
    <time>2025-05-13T08:29:52Z</time>
   </trkpt>
   <trkpt lat="43.4119530" lon="3.6968750">
    <ele>5.3</ele>
    <time>2025-05-13T08:29:53Z</time>
   </trkpt>
   <trkpt lat="43.4119530" lon="3.6968750">
    <ele>5.3</ele>
    <time>2025-05-13T08:29:54Z</time>
   </trkpt>
   <trkpt lat="43.4119540" lon="3.6968740">
    <ele>5.3</ele>
    <time>2025-05-13T08:29:55Z</time>
   </trkpt>
   <trkpt lat="43.4119540" lon="3.6968740">
    <ele>5.3</ele>
    <time>2025-05-13T08:29:56Z</time>
   </trkpt>
   <trkpt lat="43.4119540" lon="3.6968740">
    <ele>5.3</ele>
    <time>2025-05-13T08:29:57Z</time>
   </trkpt>
   <trkpt lat="43.4119550" lon="3.6968740">
    <ele>5.3</ele>
    <time>2025-05-13T08:29:58Z</time>
   </trkpt>
   <trkpt lat="43.4119550" lon="3.6968730">
    <ele>5.3</ele>
    <time>2025-05-13T08:29:59Z</time>
   </trkpt>
   <trkpt lat="43.4119560" lon="3.6968730">
    <ele>5.3</ele>
    <time>2025-05-13T08:30:00Z</time>
   </trkpt>
   <trkpt lat="43.4119560" lon="3.6968730">
    <ele>5.3</ele>
    <time>2025-05-13T08:30:01Z</time>
   </trkpt>
   <trkpt lat="43.4119570" lon="3.6968730">
    <ele>5.3</ele>
    <time>2025-05-13T08:30:02Z</time>
   </trkpt>
   <trkpt lat="43.4119570" lon="3.6968730">
    <ele>5.3</ele>
    <time>2025-05-13T08:30:03Z</time>
   </trkpt>
   <trkpt lat="43.4119570" lon="3.6968720">
    <ele>5.3</ele>
    <time>2025-05-13T08:30:04Z</time>
   </trkpt>
   <trkpt lat="43.4119580" lon="3.6968720">
    <ele>5.3</ele>
    <time>2025-05-13T08:30:05Z</time>
   </trkpt>
   <trkpt lat="43.4119580" lon="3.6968720">
    <ele>5.3</ele>
    <time>2025-05-13T08:30:06Z</time>
   </trkpt>
   <trkpt lat="43.4119590" lon="3.6968720">
    <ele>5.3</ele>
    <time>2025-05-13T08:30:07Z</time>
   </trkpt>
   <trkpt lat="43.4119590" lon="3.6968710">
    <ele>5.3</ele>
    <time>2025-05-13T08:30:08Z</time>
   </trkpt>
   <trkpt lat="43.4119590" lon="3.6968710">
    <ele>5.3</ele>
    <time>2025-05-13T08:30:09Z</time>
   </trkpt>
   <trkpt lat="43.4119600" lon="3.6968710">
    <ele>5.3</ele>
    <time>2025-05-13T08:30:10Z</time>
   </trkpt>
   <trkpt lat="43.4119600" lon="3.6968710">
    <ele>5.3</ele>
    <time>2025-05-13T08:30:11Z</time>
   </trkpt>
   <trkpt lat="43.4119610" lon="3.6968700">
    <ele>5.3</ele>
    <time>2025-05-13T08:30:12Z</time>
   </trkpt>
   <trkpt lat="43.4119610" lon="3.6968700">
    <ele>5.3</ele>
    <time>2025-05-13T08:30:13Z</time>
   </trkpt>
   <trkpt lat="43.4119620" lon="3.6968700">
    <ele>5.3</ele>
    <time>2025-05-13T08:30:14Z</time>
   </trkpt>
   <trkpt lat="43.4119620" lon="3.6968700">
    <ele>5.3</ele>
    <time>2025-05-13T08:30:15Z</time>
   </trkpt>
   <trkpt lat="43.4119620" lon="3.6968690">
    <ele>5.3</ele>
    <time>2025-05-13T08:30:16Z</time>
   </trkpt>
   <trkpt lat="43.4119630" lon="3.6968690">
    <ele>5.3</ele>
    <time>2025-05-13T08:30:17Z</time>
   </trkpt>
   <trkpt lat="43.4119630" lon="3.6968690">
    <ele>5.3</ele>
    <time>2025-05-13T08:30:18Z</time>
   </trkpt>
   <trkpt lat="43.4119640" lon="3.6968690">
    <ele>5.3</ele>
    <time>2025-05-13T08:30:19Z</time>
   </trkpt>
   <trkpt lat="43.4119640" lon="3.6968680">
    <ele>5.3</ele>
    <time>2025-05-13T08:30:20Z</time>
   </trkpt>
   <trkpt lat="43.4119650" lon="3.6968680">
    <ele>5.3</ele>
    <time>2025-05-13T08:30:21Z</time>
   </trkpt>
   <trkpt lat="43.4119650" lon="3.6968680">
    <ele>5.3</ele>
    <time>2025-05-13T08:30:22Z</time>
   </trkpt>
   <trkpt lat="43.4119940" lon="3.6968500">
    <ele>5.2</ele>
    <time>2025-05-13T08:30:23Z</time>
   </trkpt>
   <trkpt lat="43.4120200" lon="3.6968340">
    <ele>5.2</ele>
    <time>2025-05-13T08:30:24Z</time>
   </trkpt>
   <trkpt lat="43.4120480" lon="3.6968210">
    <ele>5.1</ele>
    <time>2025-05-13T08:30:25Z</time>
   </trkpt>
   <trkpt lat="43.4120790" lon="3.6968080">
    <ele>5.1</ele>
    <time>2025-05-13T08:30:26Z</time>
   </trkpt>
   <trkpt lat="43.4121090" lon="3.6967940">
    <ele>5.1</ele>
    <time>2025-05-13T08:30:27Z</time>
   </trkpt>
   <trkpt lat="43.4121380" lon="3.6967740">
    <ele>5.0</ele>
    <time>2025-05-13T08:30:28Z</time>
   </trkpt>
   <trkpt lat="43.4121680" lon="3.6967540">
    <ele>5.0</ele>
    <time>2025-05-13T08:30:29Z</time>
   </trkpt>
   <trkpt lat="43.4122030" lon="3.6967380">
    <ele>5.0</ele>
    <time>2025-05-13T08:30:30Z</time>
   </trkpt>
   <trkpt lat="43.4122360" lon="3.6967260">
    <ele>4.9</ele>
    <time>2025-05-13T08:30:31Z</time>
   </trkpt>
   <trkpt lat="43.4122690" lon="3.6967150">
    <ele>4.9</ele>
    <time>2025-05-13T08:30:32Z</time>
   </trkpt>
   <trkpt lat="43.4122990" lon="3.6967080">
    <ele>4.8</ele>
    <time>2025-05-13T08:30:33Z</time>
   </trkpt>
   <trkpt lat="43.4123380" lon="3.6966930">
    <ele>4.7</ele>
    <time>2025-05-13T08:30:34Z</time>
   </trkpt>
   <trkpt lat="43.4123500" lon="3.6966860">
    <ele>4.7</ele>
    <time>2025-05-13T08:30:35Z</time>
   </trkpt>
   <trkpt lat="43.4123860" lon="3.6966600">
    <ele>4.7</ele>
    <time>2025-05-13T08:30:36Z</time>
   </trkpt>
   <trkpt lat="43.4123980" lon="3.6966490">
    <ele>4.7</ele>
    <time>2025-05-13T08:30:37Z</time>
   </trkpt>
   <trkpt lat="43.4124250" lon="3.6966270">
    <ele>4.7</ele>
    <time>2025-05-13T08:30:38Z</time>
   </trkpt>
   <trkpt lat="43.4124500" lon="3.6966130">
    <ele>4.7</ele>
    <time>2025-05-13T08:30:39Z</time>
   </trkpt>
   <trkpt lat="43.4124780" lon="3.6966010">
    <ele>4.8</ele>
    <time>2025-05-13T08:30:40Z</time>
   </trkpt>
   <trkpt lat="43.4125110" lon="3.6965960">
    <ele>4.8</ele>
    <time>2025-05-13T08:30:41Z</time>
   </trkpt>
   <trkpt lat="43.4125210" lon="3.6965970">
    <ele>4.8</ele>
    <time>2025-05-13T08:30:42Z</time>
   </trkpt>
   <trkpt lat="43.4125370" lon="3.6965980">
    <ele>4.8</ele>
    <time>2025-05-13T08:30:43Z</time>
   </trkpt>
   <trkpt lat="43.4125490" lon="3.6965990">
    <ele>4.8</ele>
    <time>2025-05-13T08:30:44Z</time>
   </trkpt>
   <trkpt lat="43.4125490" lon="3.6966030">
    <ele>4.8</ele>
    <time>2025-05-13T08:30:45Z</time>
   </trkpt>
   <trkpt lat="43.4125480" lon="3.6966050">
    <ele>4.8</ele>
    <time>2025-05-13T08:30:46Z</time>
   </trkpt>
   <trkpt lat="43.4125480" lon="3.6966050">
    <ele>4.8</ele>
    <time>2025-05-13T08:30:47Z</time>
   </trkpt>
   <trkpt lat="43.4125480" lon="3.6966050">
    <ele>4.8</ele>
    <time>2025-05-13T08:30:48Z</time>
   </trkpt>
   <trkpt lat="43.4125480" lon="3.6966050">
    <ele>4.8</ele>
    <time>2025-05-13T08:30:49Z</time>
   </trkpt>
   <trkpt lat="43.4125480" lon="3.6966050">
    <ele>4.8</ele>
    <time>2025-05-13T08:30:50Z</time>
   </trkpt>
  </trkseg>
 </trk>
</gpx>
